[2026-06-15 09:25:41] [axHelper] IN: register failed → OUT: 未能完成该操作。Codesigning failure loading plist: com.motioncontrol.axhelper code: -67028 (0ms)
[2026-06-15 09:25:43] [hand_detect] IN: hand_detect 1920x1080 → OUT: detected=false landmarks=nil confidence=0
[2026-06-15 09:25:43] [face_detect] IN: face_detect → OUT: detected=false landmarks=nil roll=nil pitch=nil yaw=nil (40233ms)
[2026-06-15 09:25:43] [hand_detect] IN: hand_detect 1920x1080 → OUT: detected=false landmarks=nil confidence=0
[2026-06-15 09:25:43] [face_detect] IN: face_detect → OUT: detected=false landmarks=nil roll=nil pitch=nil yaw=nil (2737ms)
[2026-06-15 09:25:43] [hand_detect] IN: hand_detect 1920x1080 → OUT: detected=false landmarks=nil confidence=0
[2026-06-15 09:25:43] [face_detect] IN: face_detect → OUT: detected=false landmarks=nil roll=nil pitch=nil yaw=nil (2592ms)
[2026-06-15 09:25:43] [hand_detect] IN: hand_detect 1920x1080 → OUT: detected=false landmarks=nil confidence=0
[2026-06-15 09:25:43] [face_detect] IN: face_detect → OUT: detected=false landmarks=nil roll=nil pitch=nil yaw=nil (2556ms)
[2026-06-15 09:25:43] [hand_detect] IN: hand_detect 1920x1080 → OUT: detected=false landmarks=nil confidence=0
[2026-06-15 09:25:43] [face_detect] IN: face_detect → OUT: detected=false landmarks=nil roll=nil pitch=nil yaw=nil (2539ms)
[2026-06-15 09:25:43] [hand_detect] IN: hand_detect 1920x1080 → OUT: detected=false landmarks=nil confidence=0
[2026-06-15 09:25:43] [face_detect] IN: face_detect → OUT: detected=false landmarks=nil roll=nil pitch=nil yaw=nil (2516ms)
[2026-06-15 09:25:43] [hand_detect] IN: hand_detect 1920x1080 → OUT: detected=false landmarks=nil confidence=0
[2026-06-15 09:25:43] [face_detect] IN: face_detect → OUT: detected=false landmarks=nil roll=nil pitch=nil yaw=nil (2544ms)
[2026-06-15 09:25:43] [hand_detect] IN: hand_detect 1920x1080 → OUT: detected=false landmarks=nil confidence=0
[2026-06-15 09:25:43] [face_detect] IN: face_detect → OUT: detected=false landmarks=nil roll=nil pitch=nil yaw=nil (2424ms)
[2026-06-15 09:25:43] [hand_detect] IN: hand_detect 1920x1080 → OUT: detected=false landmarks=nil confidence=0
[2026-06-15 09:25:43] [face_detect] IN: face_detect → OUT: detected=false landmarks=nil roll=nil pitch=nil yaw=nil (2351ms)
[2026-06-15 09:25:43] [hand_detect] IN: hand_detect 1920x1080 → OUT: detected=false landmarks=nil confidence=0
[2026-06-15 09:25:43] [face_detect] IN: face_detect → OUT: detected=false landmarks=nil roll=nil pitch=nil yaw=nil (2442ms)
[2026-06-15 09:25:43] [hand_detect] IN: hand_detect 1920x1080 → OUT: detected=false landmarks=nil confidence=0
[2026-06-15 09:25:43] [face_detect] IN: face_detect → OUT: detected=false landmarks=nil roll=nil pitch=nil yaw=nil (2554ms)
[2026-06-15 09:25:43] [hand_detect] IN: hand_detect 1920x1080 → OUT: detected=false landmarks=nil confidence=0
[2026-06-15 09:25:43] [face_detect] IN: face_detect → OUT: detected=false landmarks=nil roll=nil pitch=nil yaw=nil (2565ms)
[2026-06-15 09:25:43] [hand_detect] IN: hand_detect 1920x1080 → OUT: detected=false landmarks=nil confidence=0
[2026-06-15 09:25:43] [face_detect] IN: face_detect → OUT: detected=false landmarks=nil roll=nil pitch=nil yaw=nil (2532ms)
[2026-06-15 09:25:43] [hand_detect] IN: hand_detect 1920x1080 → OUT: detected=false landmarks=nil confidence=0
[2026-06-15 09:25:43] [face_detect] IN: face_detect → OUT: detected=false landmarks=nil roll=nil pitch=nil yaw=nil (3130ms)
[2026-06-15 09:25:43] [hand_detect] IN: hand_detect 1920x1080 → OUT: detected=false landmarks=nil confidence=0
[2026-06-15 09:25:43] [face_detect] IN: face_detect → OUT: detected=false landmarks=nil roll=nil pitch=nil yaw=nil (2656ms)
[2026-06-15 09:25:44] [axScan] IN: windows=24 → OUT: raw=2926 visible=2445 (1780ms)
[2026-06-15 09:25:44] [hand_detect] IN: hand_detect 1920x1080 → OUT: detected=false landmarks=nil confidence=0
[2026-06-15 09:25:44] [face_detect] IN: face_detect → OUT: detected=false landmarks=nil roll=nil pitch=nil yaw=nil (3419ms)
[2026-06-15 09:25:44] [hand_detect] IN: hand_detect 1920x1080 → OUT: detected=false landmarks=nil confidence=0
[2026-06-15 09:25:44] [face_detect] IN: face_detect → OUT: detected=false landmarks=nil roll=nil pitch=nil yaw=nil (3233ms)
[2026-06-15 09:25:44] [hand_detect] IN: hand_detect 1920x1080 → OUT: detected=false landmarks=nil confidence=0
[2026-06-15 09:25:44] [face_detect] IN: face_detect → OUT: detected=false landmarks=nil roll=nil pitch=nil yaw=nil (2930ms)
[2026-06-15 09:25:44] [hand_detect] IN: hand_detect 1920x1080 → OUT: detected=false landmarks=nil confidence=0
[2026-06-15 09:25:44] [face_detect] IN: face_detect → OUT: detected=false landmarks=nil roll=nil pitch=nil yaw=nil (2932ms)
[2026-06-15 09:25:44] [hand_detect] IN: hand_detect 1920x1080 → OUT: detected=false landmarks=nil confidence=0
[2026-06-15 09:25:44] [face_detect] IN: face_detect → OUT: detected=false landmarks=nil roll=nil pitch=nil yaw=nil (2886ms)
[2026-06-15 09:25:44] [hand_detect] IN: hand_detect 1920x1080 → OUT: detected=false landmarks=nil confidence=0
[2026-06-15 09:25:44] [face_detect] IN: face_detect → OUT: detected=false landmarks=nil roll=nil pitch=nil yaw=nil (2765ms)
[2026-06-15 09:25:44] [hand_detect] IN: hand_detect 1920x1080 → OUT: detected=false landmarks=nil confidence=0
[2026-06-15 09:25:44] [face_detect] IN: face_detect → OUT: detected=false landmarks=nil roll=nil pitch=nil yaw=nil (2923ms)
[2026-06-15 09:25:44] [hand_detect] IN: hand_detect 1920x1080 → OUT: detected=false landmarks=nil confidence=0
[2026-06-15 09:25:44] [face_detect] IN: face_detect → OUT: detected=false landmarks=nil roll=nil pitch=nil yaw=nil (4062ms)
[2026-06-15 09:25:44] [hand_detect] IN: hand_detect 1920x1080 → OUT: detected=false landmarks=nil confidence=0
[2026-06-15 09:25:44] [face_detect] IN: face_detect → OUT: detected=false landmarks=nil roll=nil pitch=nil yaw=nil (2740ms)
[2026-06-15 09:25:44] [axMatch] IN: cursor=(1002,293) → OUT: role=AXStaticText title= (0ms)
[2026-06-15 09:25:44] [hand_detect] IN: hand_detect 1920x1080 → OUT: detected=false landmarks=nil confidence=0
[2026-06-15 09:25:44] [face_detect] IN: face_detect → OUT: detected=false landmarks=nil roll=nil pitch=nil yaw=nil (3319ms)
[2026-06-15 09:25:44] [hand_detect] IN: hand_detect 1920x1080 → OUT: detected=false landmarks=nil confidence=0
[2026-06-15 09:25:44] [face_detect] IN: face_detect → OUT: detected=false landmarks=nil roll=nil pitch=nil yaw=nil (3148ms)
[2026-06-15 09:25:44] [hand_detect] IN: hand_detect 1920x1080 → OUT: detected=false landmarks=nil confidence=0
[2026-06-15 09:25:44] [face_detect] IN: face_detect → OUT: detected=false landmarks=nil roll=nil pitch=nil yaw=nil (2907ms)
[2026-06-15 09:25:44] [hand_detect] IN: hand_detect 1920x1080 → OUT: detected=false landmarks=nil confidence=0
[2026-06-15 09:25:44] [face_detect] IN: face_detect → OUT: detected=false landmarks=nil roll=nil pitch=nil yaw=nil (2743ms)
[2026-06-15 09:25:44] [hand_detect] IN: hand_detect 1920x1080 → OUT: detected=false landmarks=nil confidence=0
[2026-06-15 09:25:44] [face_detect] IN: face_detect → OUT: detected=false landmarks=nil roll=nil pitch=nil yaw=nil (2553ms)
[2026-06-15 09:25:44] [hand_detect] IN: hand_detect 1920x1080 → OUT: detected=false landmarks=nil confidence=0
[2026-06-15 09:25:44] [face_detect] IN: face_detect → OUT: detected=false landmarks=nil roll=nil pitch=nil yaw=nil (2611ms)
[2026-06-15 09:25:44] [hand_detect] IN: hand_detect 1920x1080 → OUT: detected=false landmarks=nil confidence=0
[2026-06-15 09:25:44] [face_detect] IN: face_detect → OUT: detected=false landmarks=nil roll=nil pitch=nil yaw=nil (2979ms)
[2026-06-15 09:25:44] [hand_detect] IN: hand_detect 1920x1080 → OUT: detected=false landmarks=nil confidence=0
[2026-06-15 09:25:44] [face_detect] IN: face_detect → OUT: detected=false landmarks=nil roll=nil pitch=nil yaw=nil (2838ms)
[2026-06-15 09:25:44] [hand_detect] IN: hand_detect 1920x1080 → OUT: detected=false landmarks=nil confidence=0
[2026-06-15 09:25:44] [face_detect] IN: face_detect → OUT: detected=false landmarks=nil roll=nil pitch=nil yaw=nil (2745ms)
[2026-06-15 09:25:44] [hand_detect] IN: hand_detect 1920x1080 → OUT: detected=false landmarks=nil confidence=0
[2026-06-15 09:25:44] [face_detect] IN: face_detect → OUT: detected=false landmarks=nil roll=nil pitch=nil yaw=nil (2601ms)
[2026-06-15 09:25:44] [hand_detect] IN: hand_detect 1920x1080 → OUT: detected=false landmarks=nil confidence=0
[2026-06-15 09:25:44] [face_detect] IN: face_detect → OUT: detected=false landmarks=nil roll=nil pitch=nil yaw=nil (2628ms)
[2026-06-15 09:25:44] [hand_detect] IN: hand_detect 1920x1080 → OUT: detected=false landmarks=nil confidence=0
[2026-06-15 09:25:44] [face_detect] IN: face_detect → OUT: detected=false landmarks=nil roll=nil pitch=nil yaw=nil (2685ms)
[2026-06-15 09:25:44] [hand_detect] IN: hand_detect 1920x1080 → OUT: detected=false landmarks=nil confidence=0
[2026-06-15 09:25:44] [face_detect] IN: face_detect → OUT: detected=false landmarks=nil roll=nil pitch=nil yaw=nil (2595ms)
[2026-06-15 09:25:44] [hand_detect] IN: hand_detect 1920x1080 → OUT: detected=false landmarks=nil confidence=0
[2026-06-15 09:25:44] [face_detect] IN: face_detect → OUT: detected=false landmarks=nil roll=nil pitch=nil yaw=nil (2699ms)
[2026-06-15 09:25:44] [hand_detect] IN: hand_detect 1920x1080 → OUT: detected=false landmarks=nil confidence=0
[2026-06-15 09:25:44] [face_detect] IN: face_detect → OUT: detected=false landmarks=nil roll=nil pitch=nil yaw=nil (2594ms)
[2026-06-15 09:25:44] [axMatch] IN: cursor=(607,289) → OUT: lost (0ms)
[2026-06-15 09:25:44] [hand_detect] IN: hand_detect 1920x1080 → OUT: detected=false landmarks=nil confidence=0
[2026-06-15 09:25:44] [face_detect] IN: face_detect → OUT: detected=false landmarks=nil roll=nil pitch=nil yaw=nil (2678ms)
[2026-06-15 09:25:44] [hand_detect] IN: hand_detect 1920x1080 → OUT: detected=false landmarks=nil confidence=0
[2026-06-15 09:25:44] [face_detect] IN: face_detect → OUT: detected=false landmarks=nil roll=nil pitch=nil yaw=nil (2465ms)
[2026-06-15 09:25:44] [hand_detect] IN: hand_detect 1920x1080 → OUT: detected=false landmarks=nil confidence=0
[2026-06-15 09:25:44] [face_detect] IN: face_detect → OUT: detected=false landmarks=nil roll=nil pitch=nil yaw=nil (2617ms)
[2026-06-15 09:25:44] [hand_detect] IN: hand_detect 1920x1080 → OUT: detected=false landmarks=nil confidence=0
[2026-06-15 09:25:44] [face_detect] IN: face_detect → OUT: detected=false landmarks=nil roll=nil pitch=nil yaw=nil (2616ms)
[2026-06-15 09:25:44] [hand_detect] IN: hand_detect 1920x1080 → OUT: detected=false landmarks=nil confidence=0
[2026-06-15 09:25:44] [face_detect] IN: face_detect → OUT: detected=false landmarks=nil roll=nil pitch=nil yaw=nil (2689ms)
[2026-06-15 09:25:44] [hand_detect] IN: hand_detect 1920x1080 → OUT: detected=false landmarks=nil confidence=0
[2026-06-15 09:25:44] [face_detect] IN: face_detect → OUT: detected=false landmarks=nil roll=nil pitch=nil yaw=nil (2524ms)
[2026-06-15 09:25:44] [hand_detect] IN: hand_detect 1920x1080 → OUT: detected=false landmarks=nil confidence=0
[2026-06-15 09:25:44] [face_detect] IN: face_detect → OUT: detected=false landmarks=nil roll=nil pitch=nil yaw=nil (2554ms)
[2026-06-15 09:25:45] [hand_detect] IN: hand_detect 1920x1080 → OUT: detected=false landmarks=nil confidence=0
[2026-06-15 09:25:45] [face_detect] IN: face_detect → OUT: detected=false landmarks=nil roll=nil pitch=nil yaw=nil (2581ms)
[2026-06-15 09:25:45] [hand_detect] IN: hand_detect 1920x1080 → OUT: detected=false landmarks=nil confidence=0
[2026-06-15 09:25:45] [face_detect] IN: face_detect → OUT: detected=false landmarks=nil roll=nil pitch=nil yaw=nil (2678ms)
[2026-06-15 09:25:45] [hand_detect] IN: hand_detect 1920x1080 → OUT: detected=false landmarks=nil confidence=0
[2026-06-15 09:25:45] [face_detect] IN: face_detect → OUT: detected=false landmarks=nil roll=nil pitch=nil yaw=nil (2570ms)
[2026-06-15 09:25:45] [hand_detect] IN: hand_detect 1920x1080 → OUT: detected=false landmarks=nil confidence=0
[2026-06-15 09:25:45] [face_detect] IN: face_detect → OUT: detected=false landmarks=nil roll=nil pitch=nil yaw=nil (2654ms)
[2026-06-15 09:25:45] [hand_detect] IN: hand_detect 1920x1080 → OUT: detected=false landmarks=nil confidence=0
[2026-06-15 09:25:45] [face_detect] IN: face_detect → OUT: detected=false landmarks=nil roll=nil pitch=nil yaw=nil (18242ms)
[2026-06-15 09:25:45] [hand_detect] IN: hand_detect 1920x1080 → OUT: detected=false landmarks=nil confidence=0
[2026-06-15 09:25:45] [face_detect] IN: face_detect → OUT: detected=false landmarks=nil roll=nil pitch=nil yaw=nil (3126ms)
[2026-06-15 09:25:45] [hand_detect] IN: hand_detect 1920x1080 → OUT: detected=false landmarks=nil confidence=0
[2026-06-15 09:25:45] [face_detect] IN: face_detect → OUT: detected=false landmarks=nil roll=nil pitch=nil yaw=nil (2853ms)
[2026-06-15 09:25:45] [hand_detect] IN: hand_detect 1920x1080 → OUT: detected=false landmarks=nil confidence=0
[2026-06-15 09:25:45] [face_detect] IN: face_detect → OUT: detected=false landmarks=nil roll=nil pitch=nil yaw=nil (2827ms)
[2026-06-15 09:25:45] [hand_detect] IN: hand_detect 1920x1080 → OUT: detected=false landmarks=nil confidence=0
[2026-06-15 09:25:45] [face_detect] IN: face_detect → OUT: detected=false landmarks=nil roll=nil pitch=nil yaw=nil (2933ms)
[2026-06-15 09:25:45] [hand_detect] IN: hand_detect 1920x1080 → OUT: detected=false landmarks=nil confidence=0
[2026-06-15 09:25:45] [face_detect] IN: face_detect → OUT: detected=false landmarks=nil roll=nil pitch=nil yaw=nil (3278ms)
[2026-06-15 09:25:45] [axScan] IN: windows=24 → OUT: raw=2926 visible=2445 (1048ms)
[2026-06-15 09:25:45] [hand_detect] IN: hand_detect 1920x1080 → OUT: detected=false landmarks=nil confidence=0
[2026-06-15 09:25:45] [face_detect] IN: face_detect → OUT: detected=false landmarks=nil roll=nil pitch=nil yaw=nil (2699ms)
[2026-06-15 09:25:45] [hand_detect] IN: hand_detect 1920x1080 → OUT: detected=false landmarks=nil confidence=0
[2026-06-15 09:25:45] [face_detect] IN: face_detect → OUT: detected=false landmarks=nil roll=nil pitch=nil yaw=nil (2745ms)
[2026-06-15 09:25:45] [hand_detect] IN: hand_detect 1920x1080 → OUT: detected=false landmarks=nil confidence=0
[2026-06-15 09:25:45] [face_detect] IN: face_detect → OUT: detected=false landmarks=nil roll=nil pitch=nil yaw=nil (3237ms)
[2026-06-15 09:25:45] [hand_detect] IN: hand_detect 1920x1080 → OUT: detected=false landmarks=nil confidence=0
[2026-06-15 09:25:45] [face_detect] IN: face_detect → OUT: detected=false landmarks=nil roll=nil pitch=nil yaw=nil (3137ms)
[2026-06-15 09:25:45] [hand_detect] IN: hand_detect 1920x1080 → OUT: detected=false landmarks=nil confidence=0
[2026-06-15 09:25:45] [face_detect] IN: face_detect → OUT: detected=false landmarks=nil roll=nil pitch=nil yaw=nil (3224ms)
[2026-06-15 09:25:45] [hand_detect] IN: hand_detect 1920x1080 → OUT: detected=false landmarks=nil confidence=0
[2026-06-15 09:25:45] [face_detect] IN: face_detect → OUT: detected=false landmarks=nil roll=nil pitch=nil yaw=nil (3715ms)
[2026-06-15 09:25:45] [hand_detect] IN: hand_detect 1920x1080 → OUT: detected=false landmarks=nil confidence=0
[2026-06-15 09:25:45] [face_detect] IN: face_detect → OUT: detected=false landmarks=nil roll=nil pitch=nil yaw=nil (3983ms)
[2026-06-15 09:25:45] [hand_detect] IN: hand_detect 1920x1080 → OUT: detected=false landmarks=nil confidence=0
[2026-06-15 09:25:45] [face_detect] IN: face_detect → OUT: detected=false landmarks=nil roll=nil pitch=nil yaw=nil (3786ms)
[2026-06-15 09:25:45] [hand_detect] IN: hand_detect 1920x1080 → OUT: detected=false landmarks=nil confidence=0
[2026-06-15 09:25:45] [face_detect] IN: face_detect → OUT: detected=false landmarks=nil roll=nil pitch=nil yaw=nil (3980ms)
[2026-06-15 09:25:45] [hand_detect] IN: hand_detect 1920x1080 → OUT: detected=false landmarks=nil confidence=0
[2026-06-15 09:25:45] [face_detect] IN: face_detect → OUT: detected=false landmarks=nil roll=nil pitch=nil yaw=nil (4312ms)
[2026-06-15 09:25:45] [hand_detect] IN: hand_detect 1920x1080 → OUT: detected=false landmarks=nil confidence=0
[2026-06-15 09:25:45] [face_detect] IN: face_detect → OUT: detected=false landmarks=nil roll=nil pitch=nil yaw=nil (4292ms)
[2026-06-15 09:25:45] [hand_detect] IN: hand_detect 1920x1080 → OUT: detected=false landmarks=nil confidence=0
[2026-06-15 09:25:45] [face_detect] IN: face_detect → OUT: detected=false landmarks=nil roll=nil pitch=nil yaw=nil (4674ms)
[2026-06-15 09:25:45] [hand_detect] IN: hand_detect 1920x1080 → OUT: detected=false landmarks=nil confidence=0
[2026-06-15 09:25:45] [face_detect] IN: face_detect → OUT: detected=false landmarks=nil roll=nil pitch=nil yaw=nil (5063ms)
[2026-06-15 09:25:45] [hand_detect] IN: hand_detect 1920x1080 → OUT: detected=false landmarks=nil confidence=0
[2026-06-15 09:25:45] [face_detect] IN: face_detect → OUT: detected=false landmarks=nil roll=nil pitch=nil yaw=nil (4475ms)
[2026-06-15 09:25:45] [hand_detect] IN: hand_detect 1920x1080 → OUT: detected=false landmarks=nil confidence=0
[2026-06-15 09:25:45] [face_detect] IN: face_detect → OUT: detected=false landmarks=nil roll=nil pitch=nil yaw=nil (4501ms)
[2026-06-15 09:25:45] [hand_detect] IN: hand_detect 1920x1080 → OUT: detected=false landmarks=nil confidence=0
[2026-06-15 09:25:45] [face_detect] IN: face_detect → OUT: detected=false landmarks=nil roll=nil pitch=nil yaw=nil (3607ms)
[2026-06-15 09:25:45] [hand_detect] IN: hand_detect 1920x1080 → OUT: detected=false landmarks=nil confidence=0
[2026-06-15 09:25:45] [face_detect] IN: face_detect → OUT: detected=false landmarks=nil roll=nil pitch=nil yaw=nil (2805ms)
[2026-06-15 09:25:45] [hand_detect] IN: hand_detect 1920x1080 → OUT: detected=false landmarks=nil confidence=0
[2026-06-15 09:25:45] [face_detect] IN: face_detect → OUT: detected=false landmarks=nil roll=nil pitch=nil yaw=nil (2570ms)
[2026-06-15 09:25:45] [hand_detect] IN: hand_detect 1920x1080 → OUT: detected=false landmarks=nil confidence=0
[2026-06-15 09:25:45] [face_detect] IN: face_detect → OUT: detected=false landmarks=nil roll=nil pitch=nil yaw=nil (2833ms)
[2026-06-15 09:25:45] [hand_detect] IN: hand_detect 1920x1080 → OUT: detected=false landmarks=nil confidence=0
[2026-06-15 09:25:45] [face_detect] IN: face_detect → OUT: detected=false landmarks=nil roll=nil pitch=nil yaw=nil (2727ms)
[2026-06-15 09:25:46] [hand_detect] IN: hand_detect 1920x1080 → OUT: detected=false landmarks=nil confidence=0
[2026-06-15 09:25:46] [face_detect] IN: face_detect → OUT: detected=false landmarks=nil roll=nil pitch=nil yaw=nil (2708ms)
[2026-06-15 09:25:46] [hand_detect] IN: hand_detect 1920x1080 → OUT: detected=false landmarks=nil confidence=0
[2026-06-15 09:25:46] [face_detect] IN: face_detect → OUT: detected=false landmarks=nil roll=nil pitch=nil yaw=nil (2911ms)
[2026-06-15 09:25:46] [hand_detect] IN: hand_detect 1920x1080 → OUT: detected=false landmarks=nil confidence=0
[2026-06-15 09:25:46] [face_detect] IN: face_detect → OUT: detected=false landmarks=nil roll=nil pitch=nil yaw=nil (2668ms)
[2026-06-15 09:25:46] [hand_detect] IN: hand_detect 1920x1080 → OUT: detected=false landmarks=nil confidence=0
[2026-06-15 09:25:46] [face_detect] IN: face_detect → OUT: detected=false landmarks=nil roll=nil pitch=nil yaw=nil (2659ms)
[2026-06-15 09:25:46] [hand_detect] IN: hand_detect 1920x1080 → OUT: detected=false landmarks=nil confidence=0
[2026-06-15 09:25:46] [face_detect] IN: face_detect → OUT: detected=false landmarks=nil roll=nil pitch=nil yaw=nil (2725ms)
[2026-06-15 09:25:46] [hand_detect] IN: hand_detect 1920x1080 → OUT: detected=false landmarks=nil confidence=0
[2026-06-15 09:25:46] [face_detect] IN: face_detect → OUT: detected=false landmarks=nil roll=nil pitch=nil yaw=nil (3369ms)
[2026-06-15 09:25:46] [hand_detect] IN: hand_detect 1920x1080 → OUT: detected=false landmarks=nil confidence=0
[2026-06-15 09:25:46] [face_detect] IN: face_detect → OUT: detected=false landmarks=nil roll=nil pitch=nil yaw=nil (3458ms)
[2026-06-15 09:25:46] [axMatch] IN: cursor=(261,101) → OUT: role=AXButton title= (0ms)
[2026-06-15 09:25:46] [hand_detect] IN: hand_detect 1920x1080 → OUT: detected=false landmarks=nil confidence=0
[2026-06-15 09:25:46] [face_detect] IN: face_detect → OUT: detected=false landmarks=nil roll=nil pitch=nil yaw=nil (37449ms)
[2026-06-15 09:25:46] [hand_detect] IN: hand_detect 1920x1080 → OUT: detected=false landmarks=nil confidence=0
[2026-06-15 09:25:46] [face_detect] IN: face_detect → OUT: detected=false landmarks=nil roll=nil pitch=nil yaw=nil (6670ms)
[2026-06-15 09:25:46] [hand_detect] IN: hand_detect 1920x1080 → OUT: detected=false landmarks=nil confidence=0
[2026-06-15 09:25:46] [face_detect] IN: face_detect → OUT: detected=false landmarks=nil roll=nil pitch=nil yaw=nil (8334ms)
[2026-06-15 09:25:46] [hand_detect] IN: hand_detect 1920x1080 → OUT: detected=false landmarks=nil confidence=0
[2026-06-15 09:25:46] [face_detect] IN: face_detect → OUT: detected=false landmarks=nil roll=nil pitch=nil yaw=nil (4109ms)
[2026-06-15 09:25:46] [hand_detect] IN: hand_detect 1920x1080 → OUT: detected=false landmarks=nil confidence=0
[2026-06-15 09:25:46] [face_detect] IN: face_detect → OUT: detected=false landmarks=nil roll=nil pitch=nil yaw=nil (4876ms)
[2026-06-15 09:25:46] [hand_detect] IN: hand_detect 1920x1080 → OUT: detected=false landmarks=nil confidence=0
[2026-06-15 09:25:46] [face_detect] IN: face_detect → OUT: detected=false landmarks=nil roll=nil pitch=nil yaw=nil (3464ms)
[2026-06-15 09:25:46] [hand_detect] IN: hand_detect 1920x1080 → OUT: detected=false landmarks=nil confidence=0
[2026-06-15 09:25:46] [face_detect] IN: face_detect → OUT: detected=false landmarks=nil roll=nil pitch=nil yaw=nil (2995ms)
[2026-06-15 09:25:46] [hand_detect] IN: hand_detect 1920x1080 → OUT: detected=false landmarks=nil confidence=0
[2026-06-15 09:25:46] [face_detect] IN: face_detect → OUT: detected=false landmarks=nil roll=nil pitch=nil yaw=nil (3213ms)
[2026-06-15 09:25:46] [hand_detect] IN: hand_detect 1920x1080 → OUT: detected=false landmarks=nil confidence=0
[2026-06-15 09:25:46] [face_detect] IN: face_detect → OUT: detected=false landmarks=nil roll=nil pitch=nil yaw=nil (2884ms)
[2026-06-15 09:25:46] [hand_detect] IN: hand_detect 1920x1080 → OUT: detected=false landmarks=nil confidence=0
[2026-06-15 09:25:46] [face_detect] IN: face_detect → OUT: detected=false landmarks=nil roll=nil pitch=nil yaw=nil (2640ms)
[2026-06-15 09:25:46] [hand_detect] IN: hand_detect 1920x1080 → OUT: detected=false landmarks=nil confidence=0
[2026-06-15 09:25:46] [face_detect] IN: face_detect → OUT: detected=false landmarks=nil roll=nil pitch=nil yaw=nil (2647ms)
[2026-06-15 09:25:46] [hand_detect] IN: hand_detect 1920x1080 → OUT: detected=false landmarks=nil confidence=0
[2026-06-15 09:25:46] [face_detect] IN: face_detect → OUT: detected=false landmarks=nil roll=nil pitch=nil yaw=nil (2987ms)
[2026-06-15 09:25:46] [hand_detect] IN: hand_detect 1920x1080 → OUT: detected=false landmarks=nil confidence=0
[2026-06-15 09:25:46] [face_detect] IN: face_detect → OUT: detected=false landmarks=nil roll=nil pitch=nil yaw=nil (2967ms)
[2026-06-15 09:25:46] [hand_detect] IN: hand_detect 1920x1080 → OUT: detected=false landmarks=nil confidence=0
[2026-06-15 09:25:46] [face_detect] IN: face_detect → OUT: detected=false landmarks=nil roll=nil pitch=nil yaw=nil (2781ms)
[2026-06-15 09:25:46] [hand_detect] IN: hand_detect 1920x1080 → OUT: detected=false landmarks=nil confidence=0
[2026-06-15 09:25:46] [face_detect] IN: face_detect → OUT: detected=false landmarks=nil roll=nil pitch=nil yaw=nil (2672ms)
[2026-06-15 09:25:46] [hand_detect] IN: hand_detect 1920x1080 → OUT: detected=false landmarks=nil confidence=0
[2026-06-15 09:25:46] [face_detect] IN: face_detect → OUT: detected=false landmarks=nil roll=nil pitch=nil yaw=nil (2927ms)
[2026-06-15 09:25:46] [axMatch] IN: cursor=(150,63) → OUT: lost (0ms)
[2026-06-15 09:25:46] [hand_detect] IN: hand_detect 1920x1080 → OUT: detected=false landmarks=nil confidence=0
[2026-06-15 09:25:46] [face_detect] IN: face_detect → OUT: detected=false landmarks=nil roll=nil pitch=nil yaw=nil (2761ms)
[2026-06-15 09:25:46] [hand_detect] IN: hand_detect 1920x1080 → OUT: detected=false landmarks=nil confidence=0
[2026-06-15 09:25:46] [face_detect] IN: face_detect → OUT: detected=false landmarks=nil roll=nil pitch=nil yaw=nil (3024ms)
[2026-06-15 09:25:46] [hand_detect] IN: hand_detect 1920x1080 → OUT: detected=false landmarks=nil confidence=0
[2026-06-15 09:25:46] [face_detect] IN: face_detect → OUT: detected=false landmarks=nil roll=nil pitch=nil yaw=nil (3522ms)
[2026-06-15 09:25:46] [hand_detect] IN: hand_detect 1920x1080 → OUT: detected=false landmarks=nil confidence=0
[2026-06-15 09:25:46] [face_detect] IN: face_detect → OUT: detected=false landmarks=nil roll=nil pitch=nil yaw=nil (3172ms)
[2026-06-15 09:25:46] [hand_detect] IN: hand_detect 1920x1080 → OUT: detected=false landmarks=nil confidence=0
[2026-06-15 09:25:46] [face_detect] IN: face_detect → OUT: detected=false landmarks=nil roll=nil pitch=nil yaw=nil (2815ms)
[2026-06-15 09:25:46] [hand_detect] IN: hand_detect 1920x1080 → OUT: detected=false landmarks=nil confidence=0
[2026-06-15 09:25:46] [face_detect] IN: face_detect → OUT: detected=false landmarks=nil roll=nil pitch=nil yaw=nil (3239ms)
[2026-06-15 09:25:46] [hand_detect] IN: hand_detect 1920x1080 → OUT: detected=false landmarks=nil confidence=0
[2026-06-15 09:25:46] [face_detect] IN: face_detect → OUT: detected=false landmarks=nil roll=nil pitch=nil yaw=nil (3323ms)
[2026-06-15 09:25:47] [hand_detect] IN: hand_detect 1920x1080 → OUT: detected=false landmarks=nil confidence=0
[2026-06-15 09:25:47] [face_detect] IN: face_detect → OUT: detected=false landmarks=nil roll=nil pitch=nil yaw=nil (3425ms)
[2026-06-15 09:25:47] [hand_detect] IN: hand_detect 1920x1080 → OUT: detected=false landmarks=nil confidence=0
[2026-06-15 09:25:47] [face_detect] IN: face_detect → OUT: detected=false landmarks=nil roll=nil pitch=nil yaw=nil (3118ms)
[2026-06-15 09:25:47] [hand_detect] IN: hand_detect 1920x1080 → OUT: detected=false landmarks=nil confidence=0
[2026-06-15 09:25:47] [face_detect] IN: face_detect → OUT: detected=false landmarks=nil roll=nil pitch=nil yaw=nil (3133ms)
[2026-06-15 09:25:47] [axScan] IN: windows=24 → OUT: raw=2926 visible=2445 (1324ms)
[2026-06-15 09:25:47] [hand_detect] IN: hand_detect 1920x1080 → OUT: detected=false landmarks=nil confidence=0
[2026-06-15 09:25:47] [face_detect] IN: face_detect → OUT: detected=false landmarks=nil roll=nil pitch=nil yaw=nil (4119ms)
[2026-06-15 09:25:47] [hand_detect] IN: hand_detect 1920x1080 → OUT: detected=false landmarks=nil confidence=0
[2026-06-15 09:25:47] [face_detect] IN: face_detect → OUT: detected=false landmarks=nil roll=nil pitch=nil yaw=nil (3718ms)
[2026-06-15 09:25:47] [hand_detect] IN: hand_detect 1920x1080 → OUT: detected=false landmarks=nil confidence=0
[2026-06-15 09:25:47] [face_detect] IN: face_detect → OUT: detected=false landmarks=nil roll=nil pitch=nil yaw=nil (3064ms)
[2026-06-15 09:25:47] [hand_detect] IN: hand_detect 1920x1080 → OUT: detected=false landmarks=nil confidence=0
[2026-06-15 09:25:47] [face_detect] IN: face_detect → OUT: detected=false landmarks=nil roll=nil pitch=nil yaw=nil (3118ms)
[2026-06-15 09:25:47] [hand_detect] IN: hand_detect 1920x1080 → OUT: detected=false landmarks=nil confidence=0
[2026-06-15 09:25:47] [face_detect] IN: face_detect → OUT: detected=false landmarks=nil roll=nil pitch=nil yaw=nil (3391ms)
[2026-06-15 09:25:47] [axMatch] IN: cursor=(455,37) → OUT: role=AXButton title= (0ms)
[2026-06-15 09:25:47] [hand_detect] IN: hand_detect 1920x1080 → OUT: detected=false landmarks=nil confidence=0
[2026-06-15 09:25:47] [face_detect] IN: face_detect → OUT: detected=false landmarks=nil roll=nil pitch=nil yaw=nil (3270ms)
[2026-06-15 09:25:47] [hand_detect] IN: hand_detect 1920x1080 → OUT: detected=false landmarks=nil confidence=0
[2026-06-15 09:25:47] [face_detect] IN: face_detect → OUT: detected=false landmarks=nil roll=nil pitch=nil yaw=nil (4353ms)
[2026-06-15 09:25:47] [hand_detect] IN: hand_detect 1920x1080 → OUT: detected=false landmarks=nil confidence=0
[2026-06-15 09:25:47] [face_detect] IN: face_detect → OUT: detected=false landmarks=nil roll=nil pitch=nil yaw=nil (3919ms)
[2026-06-15 09:25:47] [hand_detect] IN: hand_detect 1920x1080 → OUT: detected=false landmarks=nil confidence=0
[2026-06-15 09:25:47] [face_detect] IN: face_detect → OUT: detected=false landmarks=nil roll=nil pitch=nil yaw=nil (4744ms)
[2026-06-15 09:25:47] [hand_detect] IN: hand_detect 1920x1080 → OUT: detected=false landmarks=nil confidence=0
[2026-06-15 09:25:47] [face_detect] IN: face_detect → OUT: detected=false landmarks=nil roll=nil pitch=nil yaw=nil (3705ms)
[2026-06-15 09:25:47] [hand_detect] IN: hand_detect 1920x1080 → OUT: detected=false landmarks=nil confidence=0
[2026-06-15 09:25:47] [face_detect] IN: face_detect → OUT: detected=false landmarks=nil roll=nil pitch=nil yaw=nil (3856ms)
[2026-06-15 09:25:47] [hand_detect] IN: hand_detect 1920x1080 → OUT: detected=false landmarks=nil confidence=0
[2026-06-15 09:25:47] [face_detect] IN: face_detect → OUT: detected=false landmarks=nil roll=nil pitch=nil yaw=nil (3008ms)
[2026-06-15 09:25:47] [hand_detect] IN: hand_detect 1920x1080 → OUT: detected=false landmarks=nil confidence=0
[2026-06-15 09:25:47] [face_detect] IN: face_detect → OUT: detected=false landmarks=nil roll=nil pitch=nil yaw=nil (2993ms)
[2026-06-15 09:25:47] [hand_detect] IN: hand_detect 1920x1080 → OUT: detected=false landmarks=nil confidence=0
[2026-06-15 09:25:47] [face_detect] IN: face_detect → OUT: detected=false landmarks=nil roll=nil pitch=nil yaw=nil (3328ms)
[2026-06-15 09:25:47] [hand_detect] IN: hand_detect 1920x1080 → OUT: detected=false landmarks=nil confidence=0
[2026-06-15 09:25:47] [face_detect] IN: face_detect → OUT: detected=false landmarks=nil roll=nil pitch=nil yaw=nil (2819ms)
[2026-06-15 09:25:47] [hand_detect] IN: hand_detect 1920x1080 → OUT: detected=false landmarks=nil confidence=0
[2026-06-15 09:25:47] [face_detect] IN: face_detect → OUT: detected=false landmarks=nil roll=nil pitch=nil yaw=nil (2933ms)
[2026-06-15 09:25:47] [hand_detect] IN: hand_detect 1920x1080 → OUT: detected=false landmarks=nil confidence=0
[2026-06-15 09:25:47] [face_detect] IN: face_detect → OUT: detected=false landmarks=nil roll=nil pitch=nil yaw=nil (3049ms)
[2026-06-15 09:25:47] [hand_detect] IN: hand_detect 1920x1080 → OUT: detected=false landmarks=nil confidence=0
[2026-06-15 09:25:47] [face_detect] IN: face_detect → OUT: detected=false landmarks=nil roll=nil pitch=nil yaw=nil (2796ms)
[2026-06-15 09:25:47] [hand_detect] IN: hand_detect 1920x1080 → OUT: detected=false landmarks=nil confidence=0
[2026-06-15 09:25:47] [face_detect] IN: face_detect → OUT: detected=false landmarks=nil roll=nil pitch=nil yaw=nil (2635ms)
[2026-06-15 09:25:47] [hand_detect] IN: hand_detect 1920x1080 → OUT: detected=false landmarks=nil confidence=0
[2026-06-15 09:25:47] [face_detect] IN: face_detect → OUT: detected=false landmarks=nil roll=nil pitch=nil yaw=nil (2815ms)
[2026-06-15 09:25:47] [axMatch] IN: cursor=(730,9) → OUT: lost (0ms)
[2026-06-15 09:25:47] [hand_detect] IN: hand_detect 1920x1080 → OUT: detected=false landmarks=nil confidence=0
[2026-06-15 09:25:47] [face_detect] IN: face_detect → OUT: detected=false landmarks=nil roll=nil pitch=nil yaw=nil (2753ms)
[2026-06-15 09:25:47] [hand_detect] IN: hand_detect 1920x1080 → OUT: detected=false landmarks=nil confidence=0
[2026-06-15 09:25:47] [face_detect] IN: face_detect → OUT: detected=false landmarks=nil roll=nil pitch=nil yaw=nil (2594ms)
[2026-06-15 09:25:47] [hand_detect] IN: hand_detect 1920x1080 → OUT: detected=false landmarks=nil confidence=0
[2026-06-15 09:25:47] [face_detect] IN: face_detect → OUT: detected=false landmarks=nil roll=nil pitch=nil yaw=nil (2640ms)
[2026-06-15 09:25:47] [hand_detect] IN: hand_detect 1920x1080 → OUT: detected=false landmarks=nil confidence=0
[2026-06-15 09:25:47] [face_detect] IN: face_detect → OUT: detected=false landmarks=nil roll=nil pitch=nil yaw=nil (2929ms)
[2026-06-15 09:25:47] [hand_detect] IN: hand_detect 1920x1080 → OUT: detected=false landmarks=nil confidence=0
[2026-06-15 09:25:47] [face_detect] IN: face_detect → OUT: detected=false landmarks=nil roll=nil pitch=nil yaw=nil (3128ms)
[2026-06-15 09:25:47] [hand_detect] IN: hand_detect 1920x1080 → OUT: detected=false landmarks=nil confidence=0
[2026-06-15 09:25:47] [face_detect] IN: face_detect → OUT: detected=false landmarks=nil roll=nil pitch=nil yaw=nil (2921ms)
[2026-06-15 09:25:47] [hand_detect] IN: hand_detect 1920x1080 → OUT: detected=false landmarks=nil confidence=0
[2026-06-15 09:25:47] [face_detect] IN: face_detect → OUT: detected=false landmarks=nil roll=nil pitch=nil yaw=nil (3306ms)
[2026-06-15 09:25:48] [hand_detect] IN: hand_detect 1920x1080 → OUT: detected=false landmarks=nil confidence=0
[2026-06-15 09:25:48] [face_detect] IN: face_detect → OUT: detected=false landmarks=nil roll=nil pitch=nil yaw=nil (3177ms)
[2026-06-15 09:25:48] [hand_detect] IN: hand_detect 1920x1080 → OUT: detected=false landmarks=nil confidence=0
[2026-06-15 09:25:48] [face_detect] IN: face_detect → OUT: detected=false landmarks=nil roll=nil pitch=nil yaw=nil (2794ms)
[2026-06-15 09:25:48] [hand_detect] IN: hand_detect 1920x1080 → OUT: detected=false landmarks=nil confidence=0
[2026-06-15 09:25:48] [face_detect] IN: face_detect → OUT: detected=false landmarks=nil roll=nil pitch=nil yaw=nil (3141ms)
[2026-06-15 09:25:48] [hand_detect] IN: hand_detect 1920x1080 → OUT: detected=false landmarks=nil confidence=0
[2026-06-15 09:25:48] [face_detect] IN: face_detect → OUT: detected=false landmarks=nil roll=nil pitch=nil yaw=nil (3217ms)
[2026-06-15 09:25:48] [hand_detect] IN: hand_detect 1920x1080 → OUT: detected=false landmarks=nil confidence=0
[2026-06-15 09:25:48] [face_detect] IN: face_detect → OUT: detected=false landmarks=nil roll=nil pitch=nil yaw=nil (3988ms)
[2026-06-15 09:25:48] [hand_detect] IN: hand_detect 1920x1080 → OUT: detected=false landmarks=nil confidence=0
[2026-06-15 09:25:48] [face_detect] IN: face_detect → OUT: detected=false landmarks=nil roll=nil pitch=nil yaw=nil (3252ms)
[2026-06-15 09:25:48] [hand_detect] IN: hand_detect 1920x1080 → OUT: detected=false landmarks=nil confidence=0
[2026-06-15 09:25:48] [face_detect] IN: face_detect → OUT: detected=false landmarks=nil roll=nil pitch=nil yaw=nil (3028ms)
[2026-06-15 09:25:48] [hand_detect] IN: hand_detect 1920x1080 → OUT: detected=false landmarks=nil confidence=0
[2026-06-15 09:25:48] [face_detect] IN: face_detect → OUT: detected=false landmarks=nil roll=nil pitch=nil yaw=nil (4680ms)
[2026-06-15 09:25:48] [hand_detect] IN: hand_detect 1920x1080 → OUT: detected=false landmarks=nil confidence=0
[2026-06-15 09:25:48] [face_detect] IN: face_detect → OUT: detected=false landmarks=nil roll=nil pitch=nil yaw=nil (2668ms)
[2026-06-15 09:25:48] [hand_detect] IN: hand_detect 1920x1080 → OUT: detected=false landmarks=nil confidence=0
[2026-06-15 09:25:48] [face_detect] IN: face_detect → OUT: detected=false landmarks=nil roll=nil pitch=nil yaw=nil (3049ms)
[2026-06-15 09:25:48] [hand_detect] IN: hand_detect 1920x1080 → OUT: detected=false landmarks=nil confidence=0
[2026-06-15 09:25:48] [face_detect] IN: face_detect → OUT: detected=false landmarks=nil roll=nil pitch=nil yaw=nil (3008ms)
[2026-06-15 09:25:48] [hand_detect] IN: hand_detect 1920x1080 → OUT: detected=false landmarks=nil confidence=0
[2026-06-15 09:25:48] [face_detect] IN: face_detect → OUT: detected=false landmarks=nil roll=nil pitch=nil yaw=nil (3455ms)
[2026-06-15 09:25:48] [axScan] IN: windows=24 → OUT: raw=2705 visible=1955 (1118ms)
[2026-06-15 09:25:48] [hand_detect] IN: hand_detect 1920x1080 → OUT: detected=false landmarks=nil confidence=0
[2026-06-15 09:25:48] [face_detect] IN: face_detect → OUT: detected=false landmarks=nil roll=nil pitch=nil yaw=nil (3086ms)
[2026-06-15 09:25:48] [hand_detect] IN: hand_detect 1920x1080 → OUT: detected=false landmarks=nil confidence=0
[2026-06-15 09:25:48] [face_detect] IN: face_detect → OUT: detected=false landmarks=nil roll=nil pitch=nil yaw=nil (2745ms)
[2026-06-15 09:25:48] [hand_detect] IN: hand_detect 1920x1080 → OUT: detected=false landmarks=nil confidence=0
[2026-06-15 09:25:48] [face_detect] IN: face_detect → OUT: detected=false landmarks=nil roll=nil pitch=nil yaw=nil (2825ms)
[2026-06-15 09:25:48] [hand_detect] IN: hand_detect 1920x1080 → OUT: detected=false landmarks=nil confidence=0
[2026-06-15 09:25:48] [face_detect] IN: face_detect → OUT: detected=false landmarks=nil roll=nil pitch=nil yaw=nil (2862ms)
[2026-06-15 09:25:48] [hand_detect] IN: hand_detect 1920x1080 → OUT: detected=false landmarks=nil confidence=0
[2026-06-15 09:25:48] [face_detect] IN: face_detect → OUT: detected=false landmarks=nil roll=nil pitch=nil yaw=nil (2784ms)
[2026-06-15 09:25:48] [hand_detect] IN: hand_detect 1920x1080 → OUT: detected=false landmarks=nil confidence=0
[2026-06-15 09:25:48] [face_detect] IN: face_detect → OUT: detected=false landmarks=nil roll=nil pitch=nil yaw=nil (2769ms)
[2026-06-15 09:25:48] [hand_detect] IN: hand_detect 1920x1080 → OUT: detected=false landmarks=nil confidence=0
[2026-06-15 09:25:48] [face_detect] IN: face_detect → OUT: detected=false landmarks=nil roll=nil pitch=nil yaw=nil (2959ms)
[2026-06-15 09:25:48] [hand_detect] IN: hand_detect 1920x1080 → OUT: detected=false landmarks=nil confidence=0
[2026-06-15 09:25:48] [face_detect] IN: face_detect → OUT: detected=false landmarks=nil roll=nil pitch=nil yaw=nil (3033ms)
[2026-06-15 09:25:48] [hand_detect] IN: hand_detect 1920x1080 → OUT: detected=false landmarks=nil confidence=0
[2026-06-15 09:25:48] [face_detect] IN: face_detect → OUT: detected=false landmarks=nil roll=nil pitch=nil yaw=nil (3358ms)
[2026-06-15 09:25:48] [hand_detect] IN: hand_detect 1920x1080 → OUT: detected=false landmarks=nil confidence=0
[2026-06-15 09:25:48] [face_detect] IN: face_detect → OUT: detected=false landmarks=nil roll=nil pitch=nil yaw=nil (2639ms)
[2026-06-15 09:25:48] [hand_detect] IN: hand_detect 1920x1080 → OUT: detected=false landmarks=nil confidence=0
[2026-06-15 09:25:48] [face_detect] IN: face_detect → OUT: detected=false landmarks=nil roll=nil pitch=nil yaw=nil (2636ms)
[2026-06-15 09:25:48] [axMatch] IN: cursor=(99,88) → OUT: role=AXButton title= (0ms)
[2026-06-15 09:25:48] [hand_detect] IN: hand_detect 1920x1080 → OUT: detected=false landmarks=nil confidence=0
[2026-06-15 09:25:48] [face_detect] IN: face_detect → OUT: detected=false landmarks=nil roll=nil pitch=nil yaw=nil (2882ms)
[2026-06-15 09:25:48] [hand_detect] IN: hand_detect 1920x1080 → OUT: detected=false landmarks=nil confidence=0
[2026-06-15 09:25:48] [face_detect] IN: face_detect → OUT: detected=false landmarks=nil roll=nil pitch=nil yaw=nil (2646ms)
[2026-06-15 09:25:48] [hand_detect] IN: hand_detect 1920x1080 → OUT: detected=false landmarks=nil confidence=0
[2026-06-15 09:25:48] [face_detect] IN: face_detect → OUT: detected=false landmarks=nil roll=nil pitch=nil yaw=nil (3466ms)
[2026-06-15 09:25:48] [hand_detect] IN: hand_detect 1920x1080 → OUT: detected=false landmarks=nil confidence=0
[2026-06-15 09:25:48] [face_detect] IN: face_detect → OUT: detected=false landmarks=nil roll=nil pitch=nil yaw=nil (3110ms)
[2026-06-15 09:25:48] [hand_detect] IN: hand_detect 1920x1080 → OUT: detected=false landmarks=nil confidence=0
[2026-06-15 09:25:48] [face_detect] IN: face_detect → OUT: detected=false landmarks=nil roll=nil pitch=nil yaw=nil (3142ms)
[2026-06-15 09:25:48] [hand_detect] IN: hand_detect 1920x1080 → OUT: detected=false landmarks=nil confidence=0
[2026-06-15 09:25:48] [face_detect] IN: face_detect → OUT: detected=false landmarks=nil roll=nil pitch=nil yaw=nil (2802ms)
[2026-06-15 09:25:48] [hand_detect] IN: hand_detect 1920x1080 → OUT: detected=false landmarks=nil confidence=0
[2026-06-15 09:25:48] [face_detect] IN: face_detect → OUT: detected=false landmarks=nil roll=nil pitch=nil yaw=nil (3378ms)
[2026-06-15 09:25:48] [hand_detect] IN: hand_detect 1920x1080 → OUT: detected=false landmarks=nil confidence=0
[2026-06-15 09:25:48] [face_detect] IN: face_detect → OUT: detected=false landmarks=nil roll=nil pitch=nil yaw=nil (3031ms)
[2026-06-15 09:25:49] [hand_detect] IN: hand_detect 1920x1080 → OUT: detected=false landmarks=nil confidence=0
[2026-06-15 09:25:49] [face_detect] IN: face_detect → OUT: detected=false landmarks=nil roll=nil pitch=nil yaw=nil (2658ms)
[2026-06-15 09:25:49] [hand_detect] IN: hand_detect 1920x1080 → OUT: detected=false landmarks=nil confidence=0
[2026-06-15 09:25:49] [face_detect] IN: face_detect → OUT: detected=false landmarks=nil roll=nil pitch=nil yaw=nil (2848ms)
[2026-06-15 09:25:49] [hand_detect] IN: hand_detect 1920x1080 → OUT: detected=false landmarks=nil confidence=0
[2026-06-15 09:25:49] [face_detect] IN: face_detect → OUT: detected=false landmarks=nil roll=nil pitch=nil yaw=nil (3185ms)
[2026-06-15 09:25:49] [hand_detect] IN: hand_detect 1920x1080 → OUT: detected=false landmarks=nil confidence=0
[2026-06-15 09:25:49] [face_detect] IN: face_detect → OUT: detected=false landmarks=nil roll=nil pitch=nil yaw=nil (3573ms)
[2026-06-15 09:25:49] [hand_detect] IN: hand_detect 1920x1080 → OUT: detected=false landmarks=nil confidence=0
[2026-06-15 09:25:49] [face_detect] IN: face_detect → OUT: detected=false landmarks=nil roll=nil pitch=nil yaw=nil (2773ms)
[2026-06-15 09:25:49] [hand_detect] IN: hand_detect 1920x1080 → OUT: detected=false landmarks=nil confidence=0
[2026-06-15 09:25:49] [face_detect] IN: face_detect → OUT: detected=false landmarks=nil roll=nil pitch=nil yaw=nil (3131ms)
[2026-06-15 09:25:49] [hand_detect] IN: hand_detect 1920x1080 → OUT: detected=false landmarks=nil confidence=0
[2026-06-15 09:25:49] [face_detect] IN: face_detect → OUT: detected=false landmarks=nil roll=nil pitch=nil yaw=nil (3484ms)
[2026-06-15 09:25:49] [hand_detect] IN: hand_detect 1920x1080 → OUT: detected=false landmarks=nil confidence=0
[2026-06-15 09:25:49] [face_detect] IN: face_detect → OUT: detected=false landmarks=nil roll=nil pitch=nil yaw=nil (3121ms)
[2026-06-15 09:25:49] [hand_detect] IN: hand_detect 1920x1080 → OUT: detected=false landmarks=nil confidence=0
[2026-06-15 09:25:49] [face_detect] IN: face_detect → OUT: detected=false landmarks=nil roll=nil pitch=nil yaw=nil (2869ms)
[2026-06-15 09:25:49] [axMatch] IN: cursor=(1919,0) → OUT: lost (0ms)
[2026-06-15 09:25:49] [hand_detect] IN: hand_detect 1920x1080 → OUT: detected=false landmarks=nil confidence=0
[2026-06-15 09:25:49] [face_detect] IN: face_detect → OUT: detected=false landmarks=nil roll=nil pitch=nil yaw=nil (2648ms)
[2026-06-15 09:25:49] [hand_detect] IN: hand_detect 1920x1080 → OUT: detected=false landmarks=nil confidence=0
[2026-06-15 09:25:49] [face_detect] IN: face_detect → OUT: detected=false landmarks=nil roll=nil pitch=nil yaw=nil (3221ms)
[2026-06-15 09:25:49] [hand_detect] IN: hand_detect 1920x1080 → OUT: detected=false landmarks=nil confidence=0
[2026-06-15 09:25:49] [face_detect] IN: face_detect → OUT: detected=false landmarks=nil roll=nil pitch=nil yaw=nil (3077ms)
[2026-06-15 09:25:49] [hand_detect] IN: hand_detect 1920x1080 → OUT: detected=false landmarks=nil confidence=0
[2026-06-15 09:25:49] [face_detect] IN: face_detect → OUT: detected=false landmarks=nil roll=nil pitch=nil yaw=nil (3027ms)
[2026-06-15 09:25:49] [hand_detect] IN: hand_detect 1920x1080 → OUT: detected=false landmarks=nil confidence=0
[2026-06-15 09:25:49] [face_detect] IN: face_detect → OUT: detected=false landmarks=nil roll=nil pitch=nil yaw=nil (2783ms)
[2026-06-15 09:25:49] [hand_detect] IN: hand_detect 1920x1080 → OUT: detected=false landmarks=nil confidence=0
[2026-06-15 09:25:49] [face_detect] IN: face_detect → OUT: detected=false landmarks=nil roll=nil pitch=nil yaw=nil (2727ms)
[2026-06-15 09:25:49] [hand_detect] IN: hand_detect 1920x1080 → OUT: detected=false landmarks=nil confidence=0
[2026-06-15 09:25:49] [face_detect] IN: face_detect → OUT: detected=false landmarks=nil roll=nil pitch=nil yaw=nil (2845ms)
[2026-06-15 09:25:49] [hand_detect] IN: hand_detect 1920x1080 → OUT: detected=false landmarks=nil confidence=0
[2026-06-15 09:25:49] [face_detect] IN: face_detect → OUT: detected=false landmarks=nil roll=nil pitch=nil yaw=nil (3265ms)
[2026-06-15 09:25:49] [hand_detect] IN: hand_detect 1920x1080 → OUT: detected=false landmarks=nil confidence=0
[2026-06-15 09:25:49] [face_detect] IN: face_detect → OUT: detected=false landmarks=nil roll=nil pitch=nil yaw=nil (2902ms)
[2026-06-15 09:25:49] [hand_detect] IN: hand_detect 1920x1080 → OUT: detected=false landmarks=nil confidence=0
[2026-06-15 09:25:49] [face_detect] IN: face_detect → OUT: detected=false landmarks=nil roll=nil pitch=nil yaw=nil (2924ms)
[2026-06-15 09:25:49] [hand_detect] IN: hand_detect 1920x1080 → OUT: detected=false landmarks=nil confidence=0
[2026-06-15 09:25:49] [face_detect] IN: face_detect → OUT: detected=false landmarks=nil roll=nil pitch=nil yaw=nil (2735ms)
[2026-06-15 09:25:49] [hand_detect] IN: hand_detect 1920x1080 → OUT: detected=false landmarks=nil confidence=0
[2026-06-15 09:25:49] [face_detect] IN: face_detect → OUT: detected=false landmarks=nil roll=nil pitch=nil yaw=nil (2958ms)
[2026-06-15 09:25:49] [hand_detect] IN: hand_detect 1920x1080 → OUT: detected=false landmarks=nil confidence=0
[2026-06-15 09:25:49] [face_detect] IN: face_detect → OUT: detected=false landmarks=nil roll=nil pitch=nil yaw=nil (2779ms)
[2026-06-15 09:25:49] [hand_detect] IN: hand_detect 1920x1080 → OUT: detected=false landmarks=nil confidence=0
[2026-06-15 09:25:49] [face_detect] IN: face_detect → OUT: detected=false landmarks=nil roll=nil pitch=nil yaw=nil (3299ms)
[2026-06-15 09:25:49] [hand_detect] IN: hand_detect 1920x1080 → OUT: detected=false landmarks=nil confidence=0
[2026-06-15 09:25:49] [face_detect] IN: face_detect → OUT: detected=false landmarks=nil roll=nil pitch=nil yaw=nil (3034ms)
[2026-06-15 09:25:49] [hand_detect] IN: hand_detect 1920x1080 → OUT: detected=false landmarks=nil confidence=0
[2026-06-15 09:25:49] [face_detect] IN: face_detect → OUT: detected=false landmarks=nil roll=nil pitch=nil yaw=nil (2999ms)
[2026-06-15 09:25:49] [axScan] IN: windows=24 → OUT: raw=2709 visible=1639 (1026ms)
[2026-06-15 09:25:49] [hand_detect] IN: hand_detect 1920x1080 → OUT: detected=false landmarks=nil confidence=0
[2026-06-15 09:25:49] [face_detect] IN: face_detect → OUT: detected=false landmarks=nil roll=nil pitch=nil yaw=nil (2735ms)
[2026-06-15 09:25:49] [hand_detect] IN: hand_detect 1920x1080 → OUT: detected=false landmarks=nil confidence=0
[2026-06-15 09:25:49] [face_detect] IN: face_detect → OUT: detected=false landmarks=nil roll=nil pitch=nil yaw=nil (2894ms)
[2026-06-15 09:25:49] [hand_detect] IN: hand_detect 1920x1080 → OUT: detected=false landmarks=nil confidence=0
[2026-06-15 09:25:49] [face_detect] IN: face_detect → OUT: detected=false landmarks=nil roll=nil pitch=nil yaw=nil (2714ms)
[2026-06-15 09:25:49] [hand_detect] IN: hand_detect 1920x1080 → OUT: detected=false landmarks=nil confidence=0
[2026-06-15 09:25:49] [face_detect] IN: face_detect → OUT: detected=false landmarks=nil roll=nil pitch=nil yaw=nil (2674ms)
[2026-06-15 09:25:49] [hand_detect] IN: hand_detect 1920x1080 → OUT: detected=false landmarks=nil confidence=0
[2026-06-15 09:25:49] [face_detect] IN: face_detect → OUT: detected=false landmarks=nil roll=nil pitch=nil yaw=nil (2800ms)
[2026-06-15 09:25:50] [hand_detect] IN: hand_detect 1920x1080 → OUT: detected=false landmarks=nil confidence=0
[2026-06-15 09:25:50] [face_detect] IN: face_detect → OUT: detected=false landmarks=nil roll=nil pitch=nil yaw=nil (2624ms)
[2026-06-15 09:25:50] [hand_detect] IN: hand_detect 1920x1080 → OUT: detected=false landmarks=nil confidence=0
[2026-06-15 09:25:50] [face_detect] IN: face_detect → OUT: detected=false landmarks=nil roll=nil pitch=nil yaw=nil (2834ms)
[2026-06-15 09:25:50] [hand_detect] IN: hand_detect 1920x1080 → OUT: detected=false landmarks=nil confidence=0
[2026-06-15 09:25:50] [face_detect] IN: face_detect → OUT: detected=false landmarks=nil roll=nil pitch=nil yaw=nil (3524ms)
[2026-06-15 09:25:50] [hand_detect] IN: hand_detect 1920x1080 → OUT: detected=false landmarks=nil confidence=0
[2026-06-15 09:25:50] [face_detect] IN: face_detect → OUT: detected=false landmarks=nil roll=nil pitch=nil yaw=nil (2627ms)
[2026-06-15 09:25:50] [hand_detect] IN: hand_detect 1920x1080 → OUT: detected=false landmarks=nil confidence=0
[2026-06-15 09:25:50] [face_detect] IN: face_detect → OUT: detected=false landmarks=nil roll=nil pitch=nil yaw=nil (2750ms)
[2026-06-15 09:25:50] [hand_detect] IN: hand_detect 1920x1080 → OUT: detected=false landmarks=nil confidence=0
[2026-06-15 09:25:50] [face_detect] IN: face_detect → OUT: detected=false landmarks=nil roll=nil pitch=nil yaw=nil (2655ms)
[2026-06-15 09:25:50] [hand_detect] IN: hand_detect 1920x1080 → OUT: detected=false landmarks=nil confidence=0
[2026-06-15 09:25:50] [face_detect] IN: face_detect → OUT: detected=false landmarks=nil roll=nil pitch=nil yaw=nil (2876ms)
[2026-06-15 09:25:50] [hand_detect] IN: hand_detect 1920x1080 → OUT: detected=false landmarks=nil confidence=0
[2026-06-15 09:25:50] [face_detect] IN: face_detect → OUT: detected=false landmarks=nil roll=nil pitch=nil yaw=nil (2786ms)
[2026-06-15 09:25:50] [hand_detect] IN: hand_detect 1920x1080 → OUT: detected=false landmarks=nil confidence=0
[2026-06-15 09:25:50] [face_detect] IN: face_detect → OUT: detected=false landmarks=nil roll=nil pitch=nil yaw=nil (2846ms)
[2026-06-15 09:25:50] [hand_detect] IN: hand_detect 1920x1080 → OUT: detected=false landmarks=nil confidence=0
[2026-06-15 09:25:50] [face_detect] IN: face_detect → OUT: detected=false landmarks=nil roll=nil pitch=nil yaw=nil (7429ms)
[2026-06-15 09:25:50] [hand_detect] IN: hand_detect 1920x1080 → OUT: detected=false landmarks=nil confidence=0
[2026-06-15 09:25:50] [face_detect] IN: face_detect → OUT: detected=false landmarks=nil roll=nil pitch=nil yaw=nil (3001ms)
[2026-06-15 09:25:50] [hand_detect] IN: hand_detect 1920x1080 → OUT: detected=false landmarks=nil confidence=0
[2026-06-15 09:25:50] [face_detect] IN: face_detect → OUT: detected=false landmarks=nil roll=nil pitch=nil yaw=nil (3126ms)
[2026-06-15 09:25:50] [hand_detect] IN: hand_detect 1920x1080 → OUT: detected=false landmarks=nil confidence=0
[2026-06-15 09:25:50] [face_detect] IN: face_detect → OUT: detected=false landmarks=nil roll=nil pitch=nil yaw=nil (3187ms)
[2026-06-15 09:25:50] [hand_detect] IN: hand_detect 1920x1080 → OUT: detected=false landmarks=nil confidence=0
[2026-06-15 09:25:50] [face_detect] IN: face_detect → OUT: detected=false landmarks=nil roll=nil pitch=nil yaw=nil (2949ms)
[2026-06-15 09:25:50] [hand_detect] IN: hand_detect 1920x1080 → OUT: detected=false landmarks=nil confidence=0
[2026-06-15 09:25:50] [face_detect] IN: face_detect → OUT: detected=false landmarks=nil roll=nil pitch=nil yaw=nil (3283ms)
[2026-06-15 09:25:50] [hand_detect] IN: hand_detect 1920x1080 → OUT: detected=false landmarks=nil confidence=0
[2026-06-15 09:25:50] [face_detect] IN: face_detect → OUT: detected=false landmarks=nil roll=nil pitch=nil yaw=nil (2825ms)
[2026-06-15 09:25:50] [hand_detect] IN: hand_detect 1920x1080 → OUT: detected=false landmarks=nil confidence=0
[2026-06-15 09:25:50] [face_detect] IN: face_detect → OUT: detected=false landmarks=nil roll=nil pitch=nil yaw=nil (2830ms)
[2026-06-15 09:25:50] [hand_detect] IN: hand_detect 1920x1080 → OUT: detected=false landmarks=nil confidence=0
[2026-06-15 09:25:50] [face_detect] IN: face_detect → OUT: detected=false landmarks=nil roll=nil pitch=nil yaw=nil (3352ms)
[2026-06-15 09:25:50] [hand_detect] IN: hand_detect 1920x1080 → OUT: detected=false landmarks=nil confidence=0
[2026-06-15 09:25:50] [face_detect] IN: face_detect → OUT: detected=false landmarks=nil roll=nil pitch=nil yaw=nil (2777ms)
[2026-06-15 09:25:50] [hand_detect] IN: hand_detect 1920x1080 → OUT: detected=false landmarks=nil confidence=0
[2026-06-15 09:25:50] [face_detect] IN: face_detect → OUT: detected=false landmarks=nil roll=nil pitch=nil yaw=nil (2969ms)
[2026-06-15 09:25:50] [hand_detect] IN: hand_detect 1920x1080 → OUT: detected=false landmarks=nil confidence=0
[2026-06-15 09:25:50] [face_detect] IN: face_detect → OUT: detected=false landmarks=nil roll=nil pitch=nil yaw=nil (2931ms)
[2026-06-15 09:25:50] [hand_detect] IN: hand_detect 1920x1080 → OUT: detected=false landmarks=nil confidence=0
[2026-06-15 09:25:50] [face_detect] IN: face_detect → OUT: detected=false landmarks=nil roll=nil pitch=nil yaw=nil (2833ms)
[2026-06-15 09:25:50] [hand_detect] IN: hand_detect 1920x1080 → OUT: detected=false landmarks=nil confidence=0
[2026-06-15 09:25:50] [face_detect] IN: face_detect → OUT: detected=false landmarks=nil roll=nil pitch=nil yaw=nil (2921ms)
[2026-06-15 09:25:50] [hand_detect] IN: hand_detect 1920x1080 → OUT: detected=false landmarks=nil confidence=0
[2026-06-15 09:25:50] [face_detect] IN: face_detect → OUT: detected=false landmarks=nil roll=nil pitch=nil yaw=nil (3190ms)
[2026-06-15 09:25:50] [hand_detect] IN: hand_detect 1920x1080 → OUT: detected=false landmarks=nil confidence=0
[2026-06-15 09:25:50] [face_detect] IN: face_detect → OUT: detected=false landmarks=nil roll=nil pitch=nil yaw=nil (2679ms)
[2026-06-15 09:25:50] [hand_detect] IN: hand_detect 1920x1080 → OUT: detected=false landmarks=nil confidence=0
[2026-06-15 09:25:50] [face_detect] IN: face_detect → OUT: detected=false landmarks=nil roll=nil pitch=nil yaw=nil (3152ms)
[2026-06-15 09:25:50] [hand_detect] IN: hand_detect 1920x1080 → OUT: detected=false landmarks=nil confidence=0
[2026-06-15 09:25:50] [face_detect] IN: face_detect → OUT: detected=false landmarks=nil roll=nil pitch=nil yaw=nil (2864ms)
[2026-06-15 09:25:50] [hand_detect] IN: hand_detect 1920x1080 → OUT: detected=false landmarks=nil confidence=0
[2026-06-15 09:25:50] [face_detect] IN: face_detect → OUT: detected=false landmarks=nil roll=nil pitch=nil yaw=nil (3021ms)
[2026-06-15 09:25:50] [hand_detect] IN: hand_detect 1920x1080 → OUT: detected=false landmarks=nil confidence=0
[2026-06-15 09:25:50] [face_detect] IN: face_detect → OUT: detected=false landmarks=nil roll=nil pitch=nil yaw=nil (3923ms)
[2026-06-15 09:25:50] [hand_detect] IN: hand_detect 1920x1080 → OUT: detected=false landmarks=nil confidence=0
[2026-06-15 09:25:50] [face_detect] IN: face_detect → OUT: detected=false landmarks=nil roll=nil pitch=nil yaw=nil (3033ms)
[2026-06-15 09:25:51] [hand_detect] IN: hand_detect 1920x1080 → OUT: detected=false landmarks=nil confidence=0
[2026-06-15 09:25:51] [face_detect] IN: face_detect → OUT: detected=false landmarks=nil roll=nil pitch=nil yaw=nil (2924ms)
[2026-06-15 09:25:51] [hand_detect] IN: hand_detect 1920x1080 → OUT: detected=false landmarks=nil confidence=0
[2026-06-15 09:25:51] [face_detect] IN: face_detect → OUT: detected=false landmarks=nil roll=nil pitch=nil yaw=nil (5486ms)
[2026-06-15 09:25:51] [hand_detect] IN: hand_detect 1920x1080 → OUT: detected=false landmarks=nil confidence=0
[2026-06-15 09:25:51] [face_detect] IN: face_detect → OUT: detected=false landmarks=nil roll=nil pitch=nil yaw=nil (3803ms)
[2026-06-15 09:25:51] [hand_detect] IN: hand_detect 1920x1080 → OUT: detected=false landmarks=nil confidence=0
[2026-06-15 09:25:51] [face_detect] IN: face_detect → OUT: detected=false landmarks=nil roll=nil pitch=nil yaw=nil (5022ms)
[2026-06-15 09:25:51] [hand_detect] IN: hand_detect 1920x1080 → OUT: detected=false landmarks=nil confidence=0
[2026-06-15 09:25:51] [face_detect] IN: face_detect → OUT: detected=false landmarks=nil roll=nil pitch=nil yaw=nil (6922ms)
[2026-06-15 09:25:51] [hand_detect] IN: hand_detect 1920x1080 → OUT: detected=false landmarks=nil confidence=0
[2026-06-15 09:25:51] [face_detect] IN: face_detect → OUT: detected=false landmarks=nil roll=nil pitch=nil yaw=nil (3877ms)
[2026-06-15 09:25:51] [hand_detect] IN: hand_detect 1920x1080 → OUT: detected=false landmarks=nil confidence=0
[2026-06-15 09:25:51] [face_detect] IN: face_detect → OUT: detected=false landmarks=nil roll=nil pitch=nil yaw=nil (4064ms)
[2026-06-15 09:25:51] [hand_detect] IN: hand_detect 1920x1080 → OUT: detected=false landmarks=nil confidence=0
[2026-06-15 09:25:51] [face_detect] IN: face_detect → OUT: detected=false landmarks=nil roll=nil pitch=nil yaw=nil (4530ms)
[2026-06-15 09:25:51] [hand_detect] IN: hand_detect 1920x1080 → OUT: detected=false landmarks=nil confidence=0
[2026-06-15 09:25:51] [face_detect] IN: face_detect → OUT: detected=false landmarks=nil roll=nil pitch=nil yaw=nil (3327ms)
[2026-06-15 09:25:51] [hand_detect] IN: hand_detect 1920x1080 → OUT: detected=false landmarks=nil confidence=0
[2026-06-15 09:25:51] [face_detect] IN: face_detect → OUT: detected=false landmarks=nil roll=nil pitch=nil yaw=nil (5259ms)
[2026-06-15 09:25:51] [hand_detect] IN: hand_detect 1920x1080 → OUT: detected=false landmarks=nil confidence=0
[2026-06-15 09:25:51] [face_detect] IN: face_detect → OUT: detected=false landmarks=nil roll=nil pitch=nil yaw=nil (3933ms)
[2026-06-15 09:25:51] [hand_detect] IN: hand_detect 1920x1080 → OUT: detected=false landmarks=nil confidence=0
[2026-06-15 09:25:51] [face_detect] IN: face_detect → OUT: detected=false landmarks=nil roll=nil pitch=nil yaw=nil (4148ms)
[2026-06-15 09:25:51] [hand_detect] IN: hand_detect 1920x1080 → OUT: detected=false landmarks=nil confidence=0
[2026-06-15 09:25:51] [face_detect] IN: face_detect → OUT: detected=false landmarks=nil roll=nil pitch=nil yaw=nil (3443ms)
[2026-06-15 09:25:51] [axScan] IN: windows=24 → OUT: raw=2709 visible=1639 (1118ms)
[2026-06-15 09:25:51] [hand_detect] IN: hand_detect 1920x1080 → OUT: detected=false landmarks=nil confidence=0
[2026-06-15 09:25:51] [face_detect] IN: face_detect → OUT: detected=false landmarks=nil roll=nil pitch=nil yaw=nil (3628ms)
[2026-06-15 09:25:51] [hand_detect] IN: hand_detect 1920x1080 → OUT: detected=false landmarks=nil confidence=0
[2026-06-15 09:25:51] [face_detect] IN: face_detect → OUT: detected=false landmarks=nil roll=nil pitch=nil yaw=nil (2752ms)
[2026-06-15 09:25:51] [hand_detect] IN: hand_detect 1920x1080 → OUT: detected=false landmarks=nil confidence=0
[2026-06-15 09:25:51] [face_detect] IN: face_detect → OUT: detected=false landmarks=nil roll=nil pitch=nil yaw=nil (3170ms)
[2026-06-15 09:25:51] [hand_detect] IN: hand_detect 1920x1080 → OUT: detected=false landmarks=nil confidence=0
[2026-06-15 09:25:51] [face_detect] IN: face_detect → OUT: detected=false landmarks=nil roll=nil pitch=nil yaw=nil (2837ms)
[2026-06-15 09:25:51] [hand_detect] IN: hand_detect 1920x1080 → OUT: detected=false landmarks=nil confidence=0
[2026-06-15 09:25:51] [face_detect] IN: face_detect → OUT: detected=false landmarks=nil roll=nil pitch=nil yaw=nil (2699ms)
[2026-06-15 09:25:51] [hand_detect] IN: hand_detect 1920x1080 → OUT: detected=false landmarks=nil confidence=0
[2026-06-15 09:25:51] [face_detect] IN: face_detect → OUT: detected=false landmarks=nil roll=nil pitch=nil yaw=nil (2730ms)
[2026-06-15 09:25:51] [hand_detect] IN: hand_detect 1920x1080 → OUT: detected=false landmarks=nil confidence=0
[2026-06-15 09:25:51] [face_detect] IN: face_detect → OUT: detected=false landmarks=nil roll=nil pitch=nil yaw=nil (2663ms)
[2026-06-15 09:25:51] [hand_detect] IN: hand_detect 1920x1080 → OUT: detected=false landmarks=nil confidence=0
[2026-06-15 09:25:51] [face_detect] IN: face_detect → OUT: detected=false landmarks=nil roll=nil pitch=nil yaw=nil (3069ms)
[2026-06-15 09:25:51] [hand_detect] IN: hand_detect 1920x1080 → OUT: detected=false landmarks=nil confidence=0
[2026-06-15 09:25:51] [face_detect] IN: face_detect → OUT: detected=false landmarks=nil roll=nil pitch=nil yaw=nil (2706ms)
[2026-06-15 09:25:51] [hand_detect] IN: hand_detect 1920x1080 → OUT: detected=false landmarks=nil confidence=0
[2026-06-15 09:25:51] [face_detect] IN: face_detect → OUT: detected=false landmarks=nil roll=nil pitch=nil yaw=nil (2935ms)
[2026-06-15 09:25:51] [hand_detect] IN: hand_detect 1920x1080 → OUT: detected=false landmarks=nil confidence=0
[2026-06-15 09:25:51] [face_detect] IN: face_detect → OUT: detected=false landmarks=nil roll=nil pitch=nil yaw=nil (3008ms)
[2026-06-15 09:25:51] [hand_detect] IN: hand_detect 1920x1080 → OUT: detected=false landmarks=nil confidence=0
[2026-06-15 09:25:51] [face_detect] IN: face_detect → OUT: detected=false landmarks=nil roll=nil pitch=nil yaw=nil (2880ms)
[2026-06-15 09:25:51] [hand_detect] IN: hand_detect 1920x1080 → OUT: detected=false landmarks=nil confidence=0
[2026-06-15 09:25:51] [face_detect] IN: face_detect → OUT: detected=false landmarks=nil roll=nil pitch=nil yaw=nil (2881ms)
[2026-06-15 09:25:51] [hand_detect] IN: hand_detect 1920x1080 → OUT: detected=false landmarks=nil confidence=0
[2026-06-15 09:25:51] [face_detect] IN: face_detect → OUT: detected=false landmarks=nil roll=nil pitch=nil yaw=nil (4381ms)
[2026-06-15 09:25:51] [hand_detect] IN: hand_detect 1920x1080 → OUT: detected=false landmarks=nil confidence=0
[2026-06-15 09:25:51] [face_detect] IN: face_detect → OUT: detected=false landmarks=nil roll=nil pitch=nil yaw=nil (3008ms)
[2026-06-15 09:25:51] [hand_detect] IN: hand_detect 1920x1080 → OUT: detected=false landmarks=nil confidence=0
[2026-06-15 09:25:51] [face_detect] IN: face_detect → OUT: detected=false landmarks=nil roll=nil pitch=nil yaw=nil (2813ms)
[2026-06-15 09:25:51] [hand_detect] IN: hand_detect 1920x1080 → OUT: detected=false landmarks=nil confidence=0
[2026-06-15 09:25:51] [face_detect] IN: face_detect → OUT: detected=false landmarks=nil roll=nil pitch=nil yaw=nil (3058ms)
[2026-06-15 09:25:52] [hand_detect] IN: hand_detect 1920x1080 → OUT: detected=false landmarks=nil confidence=0
[2026-06-15 09:25:52] [face_detect] IN: face_detect → OUT: detected=false landmarks=nil roll=nil pitch=nil yaw=nil (2928ms)
[2026-06-15 09:25:52] [hand_detect] IN: hand_detect 1920x1080 → OUT: detected=false landmarks=nil confidence=0
[2026-06-15 09:25:52] [face_detect] IN: face_detect → OUT: detected=false landmarks=nil roll=nil pitch=nil yaw=nil (2876ms)
[2026-06-15 09:25:52] [hand_detect] IN: hand_detect 1920x1080 → OUT: detected=false landmarks=nil confidence=0
[2026-06-15 09:25:52] [face_detect] IN: face_detect → OUT: detected=false landmarks=nil roll=nil pitch=nil yaw=nil (3167ms)
[2026-06-15 09:25:52] [hand_detect] IN: hand_detect 1920x1080 → OUT: detected=false landmarks=nil confidence=0
[2026-06-15 09:25:52] [face_detect] IN: face_detect → OUT: detected=false landmarks=nil roll=nil pitch=nil yaw=nil (2753ms)
[2026-06-15 09:25:52] [hand_detect] IN: hand_detect 1920x1080 → OUT: detected=false landmarks=nil confidence=0
[2026-06-15 09:25:52] [face_detect] IN: face_detect → OUT: detected=false landmarks=nil roll=nil pitch=nil yaw=nil (2918ms)
[2026-06-15 09:25:52] [hand_detect] IN: hand_detect 1920x1080 → OUT: detected=false landmarks=nil confidence=0
[2026-06-15 09:25:52] [face_detect] IN: face_detect → OUT: detected=false landmarks=nil roll=nil pitch=nil yaw=nil (3623ms)
[2026-06-15 09:25:52] [hand_detect] IN: hand_detect 1920x1080 → OUT: detected=false landmarks=nil confidence=0
[2026-06-15 09:25:52] [face_detect] IN: face_detect → OUT: detected=false landmarks=nil roll=nil pitch=nil yaw=nil (2938ms)
[2026-06-15 09:25:52] [hand_detect] IN: hand_detect 1920x1080 → OUT: detected=false landmarks=nil confidence=0
[2026-06-15 09:25:52] [face_detect] IN: face_detect → OUT: detected=false landmarks=nil roll=nil pitch=nil yaw=nil (2988ms)
[2026-06-15 09:25:52] [hand_detect] IN: hand_detect 1920x1080 → OUT: detected=false landmarks=nil confidence=0
[2026-06-15 09:25:52] [face_detect] IN: face_detect → OUT: detected=false landmarks=nil roll=nil pitch=nil yaw=nil (2882ms)
[2026-06-15 09:25:52] [hand_detect] IN: hand_detect 1920x1080 → OUT: detected=false landmarks=nil confidence=0
[2026-06-15 09:25:52] [face_detect] IN: face_detect → OUT: detected=false landmarks=nil roll=nil pitch=nil yaw=nil (3115ms)
[2026-06-15 09:25:52] [hand_detect] IN: hand_detect 1920x1080 → OUT: detected=false landmarks=nil confidence=0
[2026-06-15 09:25:52] [face_detect] IN: face_detect → OUT: detected=false landmarks=nil roll=nil pitch=nil yaw=nil (2807ms)
[2026-06-15 09:25:52] [hand_detect] IN: hand_detect 1920x1080 → OUT: detected=false landmarks=nil confidence=0
[2026-06-15 09:25:52] [face_detect] IN: face_detect → OUT: detected=false landmarks=nil roll=nil pitch=nil yaw=nil (3720ms)
[2026-06-15 09:25:52] [hand_detect] IN: hand_detect 1920x1080 → OUT: detected=false landmarks=nil confidence=0
[2026-06-15 09:25:52] [face_detect] IN: face_detect → OUT: detected=false landmarks=nil roll=nil pitch=nil yaw=nil (3305ms)
[2026-06-15 09:25:52] [hand_detect] IN: hand_detect 1920x1080 → OUT: detected=false landmarks=nil confidence=0
[2026-06-15 09:25:52] [face_detect] IN: face_detect → OUT: detected=false landmarks=nil roll=nil pitch=nil yaw=nil (2971ms)
[2026-06-15 09:25:52] [hand_detect] IN: hand_detect 1920x1080 → OUT: detected=false landmarks=nil confidence=0
[2026-06-15 09:25:52] [face_detect] IN: face_detect → OUT: detected=false landmarks=nil roll=nil pitch=nil yaw=nil (2653ms)
[2026-06-15 09:25:52] [hand_detect] IN: hand_detect 1920x1080 → OUT: detected=false landmarks=nil confidence=0
[2026-06-15 09:25:52] [face_detect] IN: face_detect → OUT: detected=false landmarks=nil roll=nil pitch=nil yaw=nil (2798ms)
[2026-06-15 09:25:52] [hand_detect] IN: hand_detect 1920x1080 → OUT: detected=false landmarks=nil confidence=0
[2026-06-15 09:25:52] [face_detect] IN: face_detect → OUT: detected=false landmarks=nil roll=nil pitch=nil yaw=nil (2990ms)
[2026-06-15 09:25:52] [hand_detect] IN: hand_detect 1920x1080 → OUT: detected=false landmarks=nil confidence=0
[2026-06-15 09:25:52] [face_detect] IN: face_detect → OUT: detected=false landmarks=nil roll=nil pitch=nil yaw=nil (3404ms)
[2026-06-15 09:25:52] [hand_detect] IN: hand_detect 1920x1080 → OUT: detected=false landmarks=nil confidence=0
[2026-06-15 09:25:52] [face_detect] IN: face_detect → OUT: detected=false landmarks=nil roll=nil pitch=nil yaw=nil (2928ms)
[2026-06-15 09:25:52] [hand_detect] IN: hand_detect 1920x1080 → OUT: detected=false landmarks=nil confidence=0
[2026-06-15 09:25:52] [face_detect] IN: face_detect → OUT: detected=false landmarks=nil roll=nil pitch=nil yaw=nil (3741ms)
[2026-06-15 09:25:52] [hand_detect] IN: hand_detect 1920x1080 → OUT: detected=false landmarks=nil confidence=0
[2026-06-15 09:25:52] [face_detect] IN: face_detect → OUT: detected=false landmarks=nil roll=nil pitch=nil yaw=nil (2834ms)
[2026-06-15 09:25:52] [hand_detect] IN: hand_detect 1920x1080 → OUT: detected=false landmarks=nil confidence=0
[2026-06-15 09:25:52] [face_detect] IN: face_detect → OUT: detected=false landmarks=nil roll=nil pitch=nil yaw=nil (3864ms)
[2026-06-15 09:25:52] [hand_detect] IN: hand_detect 1920x1080 → OUT: detected=false landmarks=nil confidence=0
[2026-06-15 09:25:52] [face_detect] IN: face_detect → OUT: detected=false landmarks=nil roll=nil pitch=nil yaw=nil (2791ms)
[2026-06-15 09:25:52] [hand_detect] IN: hand_detect 1920x1080 → OUT: detected=false landmarks=nil confidence=0
[2026-06-15 09:25:52] [face_detect] IN: face_detect → OUT: detected=false landmarks=nil roll=nil pitch=nil yaw=nil (3730ms)
[2026-06-15 09:25:52] [hand_detect] IN: hand_detect 1920x1080 → OUT: detected=false landmarks=nil confidence=0
[2026-06-15 09:25:52] [face_detect] IN: face_detect → OUT: detected=false landmarks=nil roll=nil pitch=nil yaw=nil (2978ms)
[2026-06-15 09:25:52] [hand_detect] IN: hand_detect 1920x1080 → OUT: detected=false landmarks=nil confidence=0
[2026-06-15 09:25:52] [face_detect] IN: face_detect → OUT: detected=false landmarks=nil roll=nil pitch=nil yaw=nil (3600ms)
[2026-06-15 09:25:52] [axScan] IN: windows=24 → OUT: raw=2709 visible=2244 (1072ms)
[2026-06-15 09:25:52] [hand_detect] IN: hand_detect 1920x1080 → OUT: detected=false landmarks=nil confidence=0
[2026-06-15 09:25:52] [face_detect] IN: face_detect → OUT: detected=false landmarks=nil roll=nil pitch=nil yaw=nil (2939ms)
[2026-06-15 09:25:52] [hand_detect] IN: hand_detect 1920x1080 → OUT: detected=false landmarks=nil confidence=0
[2026-06-15 09:25:52] [face_detect] IN: face_detect → OUT: detected=false landmarks=nil roll=nil pitch=nil yaw=nil (2779ms)
[2026-06-15 09:25:52] [hand_detect] IN: hand_detect 1920x1080 → OUT: detected=false landmarks=nil confidence=0
[2026-06-15 09:25:52] [face_detect] IN: face_detect → OUT: detected=false landmarks=nil roll=nil pitch=nil yaw=nil (2740ms)
[2026-06-15 09:25:52] [hand_detect] IN: hand_detect 1920x1080 → OUT: detected=false landmarks=nil confidence=0
[2026-06-15 09:25:52] [face_detect] IN: face_detect → OUT: detected=false landmarks=nil roll=nil pitch=nil yaw=nil (2691ms)
[2026-06-15 09:25:53] [hand_detect] IN: hand_detect 1920x1080 → OUT: detected=false landmarks=nil confidence=0
[2026-06-15 09:25:53] [face_detect] IN: face_detect → OUT: detected=false landmarks=nil roll=nil pitch=nil yaw=nil (2592ms)
[2026-06-15 09:25:53] [hand_detect] IN: hand_detect 1920x1080 → OUT: detected=false landmarks=nil confidence=0
[2026-06-15 09:25:53] [face_detect] IN: face_detect → OUT: detected=false landmarks=nil roll=nil pitch=nil yaw=nil (2640ms)
[2026-06-15 09:25:53] [hand_detect] IN: hand_detect 1920x1080 → OUT: detected=false landmarks=nil confidence=0
[2026-06-15 09:25:53] [face_detect] IN: face_detect → OUT: detected=false landmarks=nil roll=nil pitch=nil yaw=nil (2678ms)
[2026-06-15 09:25:53] [hand_detect] IN: hand_detect 1920x1080 → OUT: detected=false landmarks=nil confidence=0
[2026-06-15 09:25:53] [face_detect] IN: face_detect → OUT: detected=false landmarks=nil roll=nil pitch=nil yaw=nil (3487ms)
[2026-06-15 09:25:53] [hand_detect] IN: hand_detect 1920x1080 → OUT: detected=false landmarks=nil confidence=0
[2026-06-15 09:25:53] [face_detect] IN: face_detect → OUT: detected=false landmarks=nil roll=nil pitch=nil yaw=nil (2721ms)
[2026-06-15 09:25:53] [hand_detect] IN: hand_detect 1920x1080 → OUT: detected=false landmarks=nil confidence=0
[2026-06-15 09:25:53] [face_detect] IN: face_detect → OUT: detected=false landmarks=nil roll=nil pitch=nil yaw=nil (2816ms)
[2026-06-15 09:25:53] [hand_detect] IN: hand_detect 1920x1080 → OUT: detected=false landmarks=nil confidence=0
[2026-06-15 09:25:53] [face_detect] IN: face_detect → OUT: detected=false landmarks=nil roll=nil pitch=nil yaw=nil (2686ms)
[2026-06-15 09:25:53] [hand_detect] IN: hand_detect 1920x1080 → OUT: detected=false landmarks=nil confidence=0
[2026-06-15 09:25:53] [face_detect] IN: face_detect → OUT: detected=false landmarks=nil roll=nil pitch=nil yaw=nil (2869ms)
[2026-06-15 09:25:53] [axMatch] IN: cursor=(529,21) → OUT: role=AXMenuBarItem title=窗口 (0ms)
[2026-06-15 09:25:53] [hand_detect] IN: hand_detect 1920x1080 → OUT: detected=false landmarks=nil confidence=0
[2026-06-15 09:25:53] [face_detect] IN: face_detect → OUT: detected=false landmarks=nil roll=nil pitch=nil yaw=nil (2705ms)
[2026-06-15 09:25:53] [hand_detect] IN: hand_detect 1920x1080 → OUT: detected=false landmarks=nil confidence=0
[2026-06-15 09:25:53] [face_detect] IN: face_detect → OUT: detected=false landmarks=nil roll=nil pitch=nil yaw=nil (4337ms)
[2026-06-15 09:25:53] [hand_detect] IN: hand_detect 1920x1080 → OUT: detected=false landmarks=nil confidence=0
[2026-06-15 09:25:53] [face_detect] IN: face_detect → OUT: detected=false landmarks=nil roll=nil pitch=nil yaw=nil (3821ms)
[2026-06-15 09:25:53] [hand_detect] IN: hand_detect 1920x1080 → OUT: detected=false landmarks=nil confidence=0
[2026-06-15 09:25:53] [face_detect] IN: face_detect → OUT: detected=false landmarks=nil roll=nil pitch=nil yaw=nil (2843ms)
[2026-06-15 09:25:53] [hand_detect] IN: hand_detect 1920x1080 → OUT: detected=false landmarks=nil confidence=0
[2026-06-15 09:25:53] [face_detect] IN: face_detect → OUT: detected=false landmarks=nil roll=nil pitch=nil yaw=nil (3158ms)
[2026-06-15 09:25:53] [hand_detect] IN: hand_detect 1920x1080 → OUT: detected=false landmarks=nil confidence=0
[2026-06-15 09:25:53] [face_detect] IN: face_detect → OUT: detected=false landmarks=nil roll=nil pitch=nil yaw=nil (3077ms)
[2026-06-15 09:25:53] [hand_detect] IN: hand_detect 1920x1080 → OUT: detected=false landmarks=nil confidence=0
[2026-06-15 09:25:53] [face_detect] IN: face_detect → OUT: detected=false landmarks=nil roll=nil pitch=nil yaw=nil (2804ms)
[2026-06-15 09:25:53] [hand_detect] IN: hand_detect 1920x1080 → OUT: detected=false landmarks=nil confidence=0
[2026-06-15 09:25:53] [face_detect] IN: face_detect → OUT: detected=false landmarks=nil roll=nil pitch=nil yaw=nil (3075ms)
[2026-06-15 09:25:53] [hand_detect] IN: hand_detect 1920x1080 → OUT: detected=false landmarks=nil confidence=0
[2026-06-15 09:25:53] [face_detect] IN: face_detect → OUT: detected=false landmarks=nil roll=nil pitch=nil yaw=nil (2833ms)
[2026-06-15 09:25:53] [hand_detect] IN: hand_detect 1920x1080 → OUT: detected=false landmarks=nil confidence=0
[2026-06-15 09:25:53] [face_detect] IN: face_detect → OUT: detected=false landmarks=nil roll=nil pitch=nil yaw=nil (2951ms)
[2026-06-15 09:25:53] [hand_detect] IN: hand_detect 1920x1080 → OUT: detected=false landmarks=nil confidence=0
[2026-06-15 09:25:53] [face_detect] IN: face_detect → OUT: detected=false landmarks=nil roll=nil pitch=nil yaw=nil (2803ms)
[2026-06-15 09:25:53] [hand_detect] IN: hand_detect 1920x1080 → OUT: detected=false landmarks=nil confidence=0
[2026-06-15 09:25:53] [face_detect] IN: face_detect → OUT: detected=false landmarks=nil roll=nil pitch=nil yaw=nil (2884ms)
[2026-06-15 09:25:53] [hand_detect] IN: hand_detect 1920x1080 → OUT: detected=false landmarks=nil confidence=0
[2026-06-15 09:25:53] [face_detect] IN: face_detect → OUT: detected=false landmarks=nil roll=nil pitch=nil yaw=nil (2864ms)
[2026-06-15 09:25:53] [hand_detect] IN: hand_detect 1920x1080 → OUT: detected=false landmarks=nil confidence=0
[2026-06-15 09:25:53] [face_detect] IN: face_detect → OUT: detected=false landmarks=nil roll=nil pitch=nil yaw=nil (2928ms)
[2026-06-15 09:25:53] [hand_detect] IN: hand_detect 1920x1080 → OUT: detected=false landmarks=nil confidence=0
[2026-06-15 09:25:53] [face_detect] IN: face_detect → OUT: detected=false landmarks=nil roll=nil pitch=nil yaw=nil (3138ms)
[2026-06-15 09:25:53] [axMatch] IN: cursor=(751,6) → OUT: lost (0ms)
[2026-06-15 09:25:53] [hand_detect] IN: hand_detect 1920x1080 → OUT: detected=false landmarks=nil confidence=0
[2026-06-15 09:25:53] [face_detect] IN: face_detect → OUT: detected=false landmarks=nil roll=nil pitch=nil yaw=nil (2847ms)
[2026-06-15 09:25:53] [hand_detect] IN: hand_detect 1920x1080 → OUT: detected=false landmarks=nil confidence=0
[2026-06-15 09:25:53] [face_detect] IN: face_detect → OUT: detected=false landmarks=nil roll=nil pitch=nil yaw=nil (2995ms)
[2026-06-15 09:25:53] [hand_detect] IN: hand_detect 1920x1080 → OUT: detected=false landmarks=nil confidence=0
[2026-06-15 09:25:53] [face_detect] IN: face_detect → OUT: detected=false landmarks=nil roll=nil pitch=nil yaw=nil (2782ms)
[2026-06-15 09:25:53] [hand_detect] IN: hand_detect 1920x1080 → OUT: detected=false landmarks=nil confidence=0
[2026-06-15 09:25:53] [face_detect] IN: face_detect → OUT: detected=false landmarks=nil roll=nil pitch=nil yaw=nil (3327ms)
[2026-06-15 09:25:53] [hand_detect] IN: hand_detect 1920x1080 → OUT: detected=false landmarks=nil confidence=0
[2026-06-15 09:25:53] [face_detect] IN: face_detect → OUT: detected=false landmarks=nil roll=nil pitch=nil yaw=nil (3435ms)
[2026-06-15 09:25:53] [hand_detect] IN: hand_detect 1920x1080 → OUT: detected=false landmarks=nil confidence=0
[2026-06-15 09:25:53] [face_detect] IN: face_detect → OUT: detected=false landmarks=nil roll=nil pitch=nil yaw=nil (3141ms)
[2026-06-15 09:25:53] [hand_detect] IN: hand_detect 1920x1080 → OUT: detected=false landmarks=nil confidence=0
[2026-06-15 09:25:53] [face_detect] IN: face_detect → OUT: detected=false landmarks=nil roll=nil pitch=nil yaw=nil (3198ms)
[2026-06-15 09:25:54] [hand_detect] IN: hand_detect 1920x1080 → OUT: detected=false landmarks=nil confidence=0
[2026-06-15 09:25:54] [face_detect] IN: face_detect → OUT: detected=false landmarks=nil roll=nil pitch=nil yaw=nil (3641ms)
[2026-06-15 09:25:54] [hand_detect] IN: hand_detect 1920x1080 → OUT: detected=false landmarks=nil confidence=0
[2026-06-15 09:25:54] [face_detect] IN: face_detect → OUT: detected=false landmarks=nil roll=nil pitch=nil yaw=nil (3923ms)
[2026-06-15 09:25:54] [hand_detect] IN: hand_detect 1920x1080 → OUT: detected=false landmarks=nil confidence=0
[2026-06-15 09:25:54] [face_detect] IN: face_detect → OUT: detected=false landmarks=nil roll=nil pitch=nil yaw=nil (5119ms)
[2026-06-15 09:25:54] [hand_detect] IN: hand_detect 1920x1080 → OUT: detected=false landmarks=nil confidence=0
[2026-06-15 09:25:54] [face_detect] IN: face_detect → OUT: detected=false landmarks=nil roll=nil pitch=nil yaw=nil (4175ms)
[2026-06-15 09:25:54] [hand_detect] IN: hand_detect 1920x1080 → OUT: detected=false landmarks=nil confidence=0
[2026-06-15 09:25:54] [face_detect] IN: face_detect → OUT: detected=false landmarks=nil roll=nil pitch=nil yaw=nil (4567ms)
[2026-06-15 09:25:54] [hand_detect] IN: hand_detect 1920x1080 → OUT: detected=false landmarks=nil confidence=0
[2026-06-15 09:25:54] [face_detect] IN: face_detect → OUT: detected=false landmarks=nil roll=nil pitch=nil yaw=nil (4588ms)
[2026-06-15 09:25:54] [hand_detect] IN: hand_detect 1920x1080 → OUT: detected=false landmarks=nil confidence=0
[2026-06-15 09:25:54] [face_detect] IN: face_detect → OUT: detected=false landmarks=nil roll=nil pitch=nil yaw=nil (4518ms)
[2026-06-15 09:25:54] [hand_detect] IN: hand_detect 1920x1080 → OUT: detected=false landmarks=nil confidence=0
[2026-06-15 09:25:54] [face_detect] IN: face_detect → OUT: detected=false landmarks=nil roll=nil pitch=nil yaw=nil (3062ms)
[2026-06-15 09:25:54] [hand_detect] IN: hand_detect 1920x1080 → OUT: detected=false landmarks=nil confidence=0
[2026-06-15 09:25:54] [face_detect] IN: face_detect → OUT: detected=false landmarks=nil roll=nil pitch=nil yaw=nil (3239ms)
[2026-06-15 09:25:54] [hand_detect] IN: hand_detect 1920x1080 → OUT: detected=false landmarks=nil confidence=0
[2026-06-15 09:25:54] [face_detect] IN: face_detect → OUT: detected=false landmarks=nil roll=nil pitch=nil yaw=nil (2904ms)
[2026-06-15 09:25:54] [axScan] IN: windows=24 → OUT: raw=2709 visible=1955 (1053ms)
[2026-06-15 09:25:54] [hand_detect] IN: hand_detect 1920x1080 → OUT: detected=false landmarks=nil confidence=0
[2026-06-15 09:25:54] [face_detect] IN: face_detect → OUT: detected=false landmarks=nil roll=nil pitch=nil yaw=nil (2951ms)
[2026-06-15 09:25:54] [hand_detect] IN: hand_detect 1920x1080 → OUT: detected=false landmarks=nil confidence=0
[2026-06-15 09:25:54] [face_detect] IN: face_detect → OUT: detected=false landmarks=nil roll=nil pitch=nil yaw=nil (2720ms)
[2026-06-15 09:25:54] [hand_detect] IN: hand_detect 1920x1080 → OUT: detected=false landmarks=nil confidence=0
[2026-06-15 09:25:54] [face_detect] IN: face_detect → OUT: detected=false landmarks=nil roll=nil pitch=nil yaw=nil (2925ms)
[2026-06-15 09:25:54] [hand_detect] IN: hand_detect 1920x1080 → OUT: detected=false landmarks=nil confidence=0
[2026-06-15 09:25:54] [face_detect] IN: face_detect → OUT: detected=false landmarks=nil roll=nil pitch=nil yaw=nil (2908ms)
[2026-06-15 09:25:54] [hand_detect] IN: hand_detect 1920x1080 → OUT: detected=false landmarks=nil confidence=0
[2026-06-15 09:25:54] [face_detect] IN: face_detect → OUT: detected=false landmarks=nil roll=nil pitch=nil yaw=nil (2766ms)
[2026-06-15 09:25:54] [hand_detect] IN: hand_detect 1920x1080 → OUT: detected=false landmarks=nil confidence=0
[2026-06-15 09:25:54] [face_detect] IN: face_detect → OUT: detected=false landmarks=nil roll=nil pitch=nil yaw=nil (2717ms)
[2026-06-15 09:25:54] [hand_detect] IN: hand_detect 1920x1080 → OUT: detected=false landmarks=nil confidence=0
[2026-06-15 09:25:54] [face_detect] IN: face_detect → OUT: detected=false landmarks=nil roll=nil pitch=nil yaw=nil (2915ms)
[2026-06-15 09:25:54] [hand_detect] IN: hand_detect 1920x1080 → OUT: detected=false landmarks=nil confidence=0
[2026-06-15 09:25:54] [face_detect] IN: face_detect → OUT: detected=false landmarks=nil roll=nil pitch=nil yaw=nil (3811ms)
[2026-06-15 09:25:54] [hand_detect] IN: hand_detect 1920x1080 → OUT: detected=false landmarks=nil confidence=0
[2026-06-15 09:25:54] [face_detect] IN: face_detect → OUT: detected=false landmarks=nil roll=nil pitch=nil yaw=nil (2699ms)
[2026-06-15 09:25:54] [hand_detect] IN: hand_detect 1920x1080 → OUT: detected=false landmarks=nil confidence=0
[2026-06-15 09:25:54] [face_detect] IN: face_detect → OUT: detected=false landmarks=nil roll=nil pitch=nil yaw=nil (2682ms)
[2026-06-15 09:25:54] [hand_detect] IN: hand_detect 1920x1080 → OUT: detected=false landmarks=nil confidence=0
[2026-06-15 09:25:54] [face_detect] IN: face_detect → OUT: detected=false landmarks=nil roll=nil pitch=nil yaw=nil (2624ms)
[2026-06-15 09:25:54] [hand_detect] IN: hand_detect 1920x1080 → OUT: detected=false landmarks=nil confidence=0
[2026-06-15 09:25:54] [face_detect] IN: face_detect → OUT: detected=false landmarks=nil roll=nil pitch=nil yaw=nil (2665ms)
[2026-06-15 09:25:54] [hand_detect] IN: hand_detect 1920x1080 → OUT: detected=false landmarks=nil confidence=0
[2026-06-15 09:25:54] [face_detect] IN: face_detect → OUT: detected=false landmarks=nil roll=nil pitch=nil yaw=nil (2647ms)
[2026-06-15 09:25:54] [hand_detect] IN: hand_detect 1920x1080 → OUT: detected=false landmarks=nil confidence=0
[2026-06-15 09:25:54] [face_detect] IN: face_detect → OUT: detected=false landmarks=nil roll=nil pitch=nil yaw=nil (2715ms)
[2026-06-15 09:25:54] [hand_detect] IN: hand_detect 1920x1080 → OUT: detected=false landmarks=nil confidence=0
[2026-06-15 09:25:54] [face_detect] IN: face_detect → OUT: detected=false landmarks=nil roll=nil pitch=nil yaw=nil (3597ms)
[2026-06-15 09:25:54] [hand_detect] IN: hand_detect 1920x1080 → OUT: detected=false landmarks=nil confidence=0
[2026-06-15 09:25:54] [face_detect] IN: face_detect → OUT: detected=false landmarks=nil roll=nil pitch=nil yaw=nil (2982ms)
[2026-06-15 09:25:54] [hand_detect] IN: hand_detect 1920x1080 → OUT: detected=false landmarks=nil confidence=0
[2026-06-15 09:25:54] [face_detect] IN: face_detect → OUT: detected=false landmarks=nil roll=nil pitch=nil yaw=nil (3023ms)
[2026-06-15 09:25:54] [hand_detect] IN: hand_detect 1920x1080 → OUT: detected=false landmarks=nil confidence=0
[2026-06-15 09:25:54] [face_detect] IN: face_detect → OUT: detected=false landmarks=nil roll=nil pitch=nil yaw=nil (3004ms)
[2026-06-15 09:25:54] [hand_detect] IN: hand_detect 1920x1080 → OUT: detected=false landmarks=nil confidence=0
[2026-06-15 09:25:54] [face_detect] IN: face_detect → OUT: detected=false landmarks=nil roll=nil pitch=nil yaw=nil (3752ms)
[2026-06-15 09:25:54] [hand_detect] IN: hand_detect 1920x1080 → OUT: detected=false landmarks=nil confidence=0
[2026-06-15 09:25:54] [face_detect] IN: face_detect → OUT: detected=false landmarks=nil roll=nil pitch=nil yaw=nil (3260ms)
[2026-06-15 09:25:55] [hand_detect] IN: hand_detect 1920x1080 → OUT: detected=false landmarks=nil confidence=0
[2026-06-15 09:25:55] [face_detect] IN: face_detect → OUT: detected=false landmarks=nil roll=nil pitch=nil yaw=nil (2697ms)
[2026-06-15 09:25:55] [hand_detect] IN: hand_detect 1920x1080 → OUT: detected=false landmarks=nil confidence=0
[2026-06-15 09:25:55] [face_detect] IN: face_detect → OUT: detected=false landmarks=nil roll=nil pitch=nil yaw=nil (2925ms)
[2026-06-15 09:25:55] [hand_detect] IN: hand_detect 1920x1080 → OUT: detected=false landmarks=nil confidence=0
[2026-06-15 09:25:55] [face_detect] IN: face_detect → OUT: detected=false landmarks=nil roll=nil pitch=nil yaw=nil (2828ms)
[2026-06-15 09:25:55] [hand_detect] IN: hand_detect 1920x1080 → OUT: detected=false landmarks=nil confidence=0
[2026-06-15 09:25:55] [face_detect] IN: face_detect → OUT: detected=false landmarks=nil roll=nil pitch=nil yaw=nil (2897ms)
[2026-06-15 09:25:55] [hand_detect] IN: hand_detect 1920x1080 → OUT: detected=false landmarks=nil confidence=0
[2026-06-15 09:25:55] [face_detect] IN: face_detect → OUT: detected=false landmarks=nil roll=nil pitch=nil yaw=nil (2974ms)
[2026-06-15 09:25:55] [hand_detect] IN: hand_detect 1920x1080 → OUT: detected=false landmarks=nil confidence=0
[2026-06-15 09:25:55] [face_detect] IN: face_detect → OUT: detected=false landmarks=nil roll=nil pitch=nil yaw=nil (3358ms)
[2026-06-15 09:25:55] [hand_detect] IN: hand_detect 1920x1080 → OUT: detected=false landmarks=nil confidence=0
[2026-06-15 09:25:55] [face_detect] IN: face_detect → OUT: detected=false landmarks=nil roll=nil pitch=nil yaw=nil (2751ms)
[2026-06-15 09:25:55] [hand_detect] IN: hand_detect 1920x1080 → OUT: detected=false landmarks=nil confidence=0
[2026-06-15 09:25:55] [face_detect] IN: face_detect → OUT: detected=false landmarks=nil roll=nil pitch=nil yaw=nil (2895ms)
[2026-06-15 09:25:55] [hand_detect] IN: hand_detect 1920x1080 → OUT: detected=false landmarks=nil confidence=0
[2026-06-15 09:25:55] [face_detect] IN: face_detect → OUT: detected=false landmarks=nil roll=nil pitch=nil yaw=nil (2686ms)
[2026-06-15 09:25:55] [hand_detect] IN: hand_detect 1920x1080 → OUT: detected=false landmarks=nil confidence=0
[2026-06-15 09:25:55] [face_detect] IN: face_detect → OUT: detected=false landmarks=nil roll=nil pitch=nil yaw=nil (14119ms)
[2026-06-15 09:25:55] [hand_detect] IN: hand_detect 1920x1080 → OUT: detected=false landmarks=nil confidence=0
[2026-06-15 09:25:55] [face_detect] IN: face_detect → OUT: detected=false landmarks=nil roll=nil pitch=nil yaw=nil (6338ms)
[2026-06-15 09:25:55] [hand_detect] IN: hand_detect 1920x1080 → OUT: detected=false landmarks=nil confidence=0
[2026-06-15 09:25:55] [face_detect] IN: face_detect → OUT: detected=false landmarks=nil roll=nil pitch=nil yaw=nil (5505ms)
[2026-06-15 09:25:55] [hand_detect] IN: hand_detect 1920x1080 → OUT: detected=false landmarks=nil confidence=0
[2026-06-15 09:25:55] [face_detect] IN: face_detect → OUT: detected=false landmarks=nil roll=nil pitch=nil yaw=nil (3812ms)
[2026-06-15 09:25:55] [hand_detect] IN: hand_detect 1920x1080 → OUT: detected=false landmarks=nil confidence=0
[2026-06-15 09:25:55] [face_detect] IN: face_detect → OUT: detected=false landmarks=nil roll=nil pitch=nil yaw=nil (4995ms)
[2026-06-15 09:25:55] [hand_detect] IN: hand_detect 1920x1080 → OUT: detected=false landmarks=nil confidence=0
[2026-06-15 09:25:55] [face_detect] IN: face_detect → OUT: detected=false landmarks=nil roll=nil pitch=nil yaw=nil (3371ms)
[2026-06-15 09:25:55] [hand_detect] IN: hand_detect 1920x1080 → OUT: detected=false landmarks=nil confidence=0
[2026-06-15 09:25:55] [face_detect] IN: face_detect → OUT: detected=false landmarks=nil roll=nil pitch=nil yaw=nil (3693ms)
[2026-06-15 09:25:55] [hand_detect] IN: hand_detect 1920x1080 → OUT: detected=false landmarks=nil confidence=0
[2026-06-15 09:25:55] [face_detect] IN: face_detect → OUT: detected=false landmarks=nil roll=nil pitch=nil yaw=nil (4747ms)
[2026-06-15 09:25:55] [hand_detect] IN: hand_detect 1920x1080 → OUT: detected=false landmarks=nil confidence=0
[2026-06-15 09:25:55] [face_detect] IN: face_detect → OUT: detected=false landmarks=nil roll=nil pitch=nil yaw=nil (4056ms)
[2026-06-15 09:25:55] [hand_detect] IN: hand_detect 1920x1080 → OUT: detected=false landmarks=nil confidence=0
[2026-06-15 09:25:55] [face_detect] IN: face_detect → OUT: detected=false landmarks=nil roll=nil pitch=nil yaw=nil (2929ms)
[2026-06-15 09:25:55] [hand_detect] IN: hand_detect 1920x1080 → OUT: detected=false landmarks=nil confidence=0
[2026-06-15 09:25:55] [face_detect] IN: face_detect → OUT: detected=false landmarks=nil roll=nil pitch=nil yaw=nil (3010ms)
[2026-06-15 09:25:55] [hand_detect] IN: hand_detect 1920x1080 → OUT: detected=false landmarks=nil confidence=0
[2026-06-15 09:25:55] [face_detect] IN: face_detect → OUT: detected=false landmarks=nil roll=nil pitch=nil yaw=nil (2841ms)
[2026-06-15 09:25:55] [hand_detect] IN: hand_detect 1920x1080 → OUT: detected=false landmarks=nil confidence=0
[2026-06-15 09:25:55] [face_detect] IN: face_detect → OUT: detected=false landmarks=nil roll=nil pitch=nil yaw=nil (2926ms)
[2026-06-15 09:25:55] [hand_detect] IN: hand_detect 1920x1080 → OUT: detected=false landmarks=nil confidence=0
[2026-06-15 09:25:55] [face_detect] IN: face_detect → OUT: detected=false landmarks=nil roll=nil pitch=nil yaw=nil (2954ms)
[2026-06-15 09:25:55] [hand_detect] IN: hand_detect 1920x1080 → OUT: detected=false landmarks=nil confidence=0
[2026-06-15 09:25:55] [face_detect] IN: face_detect → OUT: detected=false landmarks=nil roll=nil pitch=nil yaw=nil (3009ms)
[2026-06-15 09:25:55] [hand_detect] IN: hand_detect 1920x1080 → OUT: detected=false landmarks=nil confidence=0
[2026-06-15 09:25:55] [face_detect] IN: face_detect → OUT: detected=false landmarks=nil roll=nil pitch=nil yaw=nil (2897ms)
[2026-06-15 09:25:55] [hand_detect] IN: hand_detect 1920x1080 → OUT: detected=false landmarks=nil confidence=0
[2026-06-15 09:25:55] [face_detect] IN: face_detect → OUT: detected=false landmarks=nil roll=nil pitch=nil yaw=nil (2791ms)
[2026-06-15 09:25:55] [axScan] IN: windows=24 → OUT: raw=2709 visible=1639 (1090ms)
[2026-06-15 09:25:55] [hand_detect] IN: hand_detect 1920x1080 → OUT: detected=false landmarks=nil confidence=0
[2026-06-15 09:25:55] [face_detect] IN: face_detect → OUT: detected=false landmarks=nil roll=nil pitch=nil yaw=nil (2727ms)
[2026-06-15 09:25:55] [hand_detect] IN: hand_detect 1920x1080 → OUT: detected=false landmarks=nil confidence=0
[2026-06-15 09:25:55] [face_detect] IN: face_detect → OUT: detected=false landmarks=nil roll=nil pitch=nil yaw=nil (2789ms)
[2026-06-15 09:25:55] [hand_detect] IN: hand_detect 1920x1080 → OUT: detected=false landmarks=nil confidence=0
[2026-06-15 09:25:55] [face_detect] IN: face_detect → OUT: detected=false landmarks=nil roll=nil pitch=nil yaw=nil (2858ms)
[2026-06-15 09:25:55] [hand_detect] IN: hand_detect 1920x1080 → OUT: detected=false landmarks=nil confidence=0
[2026-06-15 09:25:55] [face_detect] IN: face_detect → OUT: detected=false landmarks=nil roll=nil pitch=nil yaw=nil (3064ms)
[2026-06-15 09:25:56] [hand_detect] IN: hand_detect 1920x1080 → OUT: detected=false landmarks=nil confidence=0
[2026-06-15 09:25:56] [face_detect] IN: face_detect → OUT: detected=false landmarks=nil roll=nil pitch=nil yaw=nil (2761ms)
[2026-06-15 09:25:56] [hand_detect] IN: hand_detect 1920x1080 → OUT: detected=false landmarks=nil confidence=0
[2026-06-15 09:25:56] [face_detect] IN: face_detect → OUT: detected=false landmarks=nil roll=nil pitch=nil yaw=nil (3507ms)
[2026-06-15 09:25:56] [hand_detect] IN: hand_detect 1920x1080 → OUT: detected=false landmarks=nil confidence=0
[2026-06-15 09:25:56] [face_detect] IN: face_detect → OUT: detected=false landmarks=nil roll=nil pitch=nil yaw=nil (2633ms)
[2026-06-15 09:25:56] [hand_detect] IN: hand_detect 1920x1080 → OUT: detected=false landmarks=nil confidence=0
[2026-06-15 09:25:56] [face_detect] IN: face_detect → OUT: detected=false landmarks=nil roll=nil pitch=nil yaw=nil (2858ms)
[2026-06-15 09:25:56] [hand_detect] IN: hand_detect 1920x1080 → OUT: detected=false landmarks=nil confidence=0
[2026-06-15 09:25:56] [face_detect] IN: face_detect → OUT: detected=false landmarks=nil roll=nil pitch=nil yaw=nil (2676ms)
[2026-06-15 09:25:56] [hand_detect] IN: hand_detect 1920x1080 → OUT: detected=false landmarks=nil confidence=0
[2026-06-15 09:25:56] [face_detect] IN: face_detect → OUT: detected=false landmarks=nil roll=nil pitch=nil yaw=nil (2763ms)
[2026-06-15 09:25:56] [hand_detect] IN: hand_detect 1920x1080 → OUT: detected=false landmarks=nil confidence=0
[2026-06-15 09:25:56] [face_detect] IN: face_detect → OUT: detected=false landmarks=nil roll=nil pitch=nil yaw=nil (2753ms)
[2026-06-15 09:25:56] [hand_detect] IN: hand_detect 1920x1080 → OUT: detected=false landmarks=nil confidence=0
[2026-06-15 09:25:56] [face_detect] IN: face_detect → OUT: detected=false landmarks=nil roll=nil pitch=nil yaw=nil (2772ms)
[2026-06-15 09:25:56] [hand_detect] IN: hand_detect 1920x1080 → OUT: detected=false landmarks=nil confidence=0
[2026-06-15 09:25:56] [face_detect] IN: face_detect → OUT: detected=false landmarks=nil roll=nil pitch=nil yaw=nil (3351ms)
[2026-06-15 09:25:56] [hand_detect] IN: hand_detect 1920x1080 → OUT: detected=false landmarks=nil confidence=0
[2026-06-15 09:25:56] [face_detect] IN: face_detect → OUT: detected=false landmarks=nil roll=nil pitch=nil yaw=nil (2752ms)
[2026-06-15 09:25:56] [hand_detect] IN: hand_detect 1920x1080 → OUT: detected=false landmarks=nil confidence=0
[2026-06-15 09:25:56] [face_detect] IN: face_detect → OUT: detected=false landmarks=nil roll=nil pitch=nil yaw=nil (2516ms)
[2026-06-15 09:25:56] [hand_detect] IN: hand_detect 1920x1080 → OUT: detected=false landmarks=nil confidence=0
[2026-06-15 09:25:56] [face_detect] IN: face_detect → OUT: detected=false landmarks=nil roll=nil pitch=nil yaw=nil (3093ms)
[2026-06-15 09:25:56] [hand_detect] IN: hand_detect 1920x1080 → OUT: detected=false landmarks=nil confidence=0
[2026-06-15 09:25:56] [face_detect] IN: face_detect → OUT: detected=false landmarks=nil roll=nil pitch=nil yaw=nil (2930ms)
[2026-06-15 09:25:56] [hand_detect] IN: hand_detect 1920x1080 → OUT: detected=false landmarks=nil confidence=0
[2026-06-15 09:25:56] [face_detect] IN: face_detect → OUT: detected=false landmarks=nil roll=nil pitch=nil yaw=nil (2833ms)
[2026-06-15 09:25:56] [hand_detect] IN: hand_detect 1920x1080 → OUT: detected=false landmarks=nil confidence=0
[2026-06-15 09:25:56] [face_detect] IN: face_detect → OUT: detected=false landmarks=nil roll=nil pitch=nil yaw=nil (3533ms)
[2026-06-15 09:25:56] [hand_detect] IN: hand_detect 1920x1080 → OUT: detected=false landmarks=nil confidence=0
[2026-06-15 09:25:56] [face_detect] IN: face_detect → OUT: detected=false landmarks=nil roll=nil pitch=nil yaw=nil (2813ms)
[2026-06-15 09:25:56] [hand_detect] IN: hand_detect 1920x1080 → OUT: detected=false landmarks=nil confidence=0
[2026-06-15 09:25:56] [face_detect] IN: face_detect → OUT: detected=false landmarks=nil roll=nil pitch=nil yaw=nil (2835ms)
[2026-06-15 09:25:56] [hand_detect] IN: hand_detect 1920x1080 → OUT: detected=false landmarks=nil confidence=0
[2026-06-15 09:25:56] [face_detect] IN: face_detect → OUT: detected=false landmarks=nil roll=nil pitch=nil yaw=nil (2916ms)
[2026-06-15 09:25:56] [hand_detect] IN: hand_detect 1920x1080 → OUT: detected=false landmarks=nil confidence=0
[2026-06-15 09:25:56] [face_detect] IN: face_detect → OUT: detected=false landmarks=nil roll=nil pitch=nil yaw=nil (2982ms)
[2026-06-15 09:25:56] [hand_detect] IN: hand_detect 1920x1080 → OUT: detected=false landmarks=nil confidence=0
[2026-06-15 09:25:56] [face_detect] IN: face_detect → OUT: detected=false landmarks=nil roll=nil pitch=nil yaw=nil (3589ms)
[2026-06-15 09:25:56] [hand_detect] IN: hand_detect 1920x1080 → OUT: detected=false landmarks=nil confidence=0
[2026-06-15 09:25:56] [face_detect] IN: face_detect → OUT: detected=false landmarks=nil roll=nil pitch=nil yaw=nil (2948ms)
[2026-06-15 09:25:56] [hand_detect] IN: hand_detect 1920x1080 → OUT: detected=false landmarks=nil confidence=0
[2026-06-15 09:25:56] [face_detect] IN: face_detect → OUT: detected=false landmarks=nil roll=nil pitch=nil yaw=nil (2862ms)
[2026-06-15 09:25:56] [hand_detect] IN: hand_detect 1920x1080 → OUT: detected=false landmarks=nil confidence=0
[2026-06-15 09:25:56] [face_detect] IN: face_detect → OUT: detected=false landmarks=nil roll=nil pitch=nil yaw=nil (2766ms)
[2026-06-15 09:25:56] [hand_detect] IN: hand_detect 1920x1080 → OUT: detected=false landmarks=nil confidence=0
[2026-06-15 09:25:56] [face_detect] IN: face_detect → OUT: detected=false landmarks=nil roll=nil pitch=nil yaw=nil (3039ms)
[2026-06-15 09:25:56] [axMatch] IN: cursor=(206,0) → OUT: role=AXMenuBarItem title=选择 (0ms)
[2026-06-15 09:25:56] [hand_detect] IN: hand_detect 1920x1080 → OUT: detected=false landmarks=nil confidence=0
[2026-06-15 09:25:56] [face_detect] IN: face_detect → OUT: detected=false landmarks=nil roll=nil pitch=nil yaw=nil (2905ms)
[2026-06-15 09:25:56] [hand_detect] IN: hand_detect 1920x1080 → OUT: detected=false landmarks=nil confidence=0
[2026-06-15 09:25:56] [face_detect] IN: face_detect → OUT: detected=false landmarks=nil roll=nil pitch=nil yaw=nil (3224ms)
[2026-06-15 09:25:56] [hand_detect] IN: hand_detect 1920x1080 → OUT: detected=false landmarks=nil confidence=0
[2026-06-15 09:25:56] [face_detect] IN: face_detect → OUT: detected=false landmarks=nil roll=nil pitch=nil yaw=nil (3269ms)
[2026-06-15 09:25:56] [hand_detect] IN: hand_detect 1920x1080 → OUT: detected=false landmarks=nil confidence=0
[2026-06-15 09:25:56] [face_detect] IN: face_detect → OUT: detected=false landmarks=nil roll=nil pitch=nil yaw=nil (2857ms)
[2026-06-15 09:25:56] [hand_detect] IN: hand_detect 1920x1080 → OUT: detected=false landmarks=nil confidence=0
[2026-06-15 09:25:56] [face_detect] IN: face_detect → OUT: detected=false landmarks=nil roll=nil pitch=nil yaw=nil (2882ms)
[2026-06-15 09:25:56] [hand_detect] IN: hand_detect 1920x1080 → OUT: detected=false landmarks=nil confidence=0
[2026-06-15 09:25:56] [face_detect] IN: face_detect → OUT: detected=false landmarks=nil roll=nil pitch=nil yaw=nil (2617ms)
[2026-06-15 09:25:57] [hand_detect] IN: hand_detect 1920x1080 → OUT: detected=false landmarks=nil confidence=0
[2026-06-15 09:25:57] [face_detect] IN: face_detect → OUT: detected=false landmarks=nil roll=nil pitch=nil yaw=nil (2990ms)
[2026-06-15 09:25:57] [hand_detect] IN: hand_detect 1920x1080 → OUT: detected=false landmarks=nil confidence=0
[2026-06-15 09:25:57] [face_detect] IN: face_detect → OUT: detected=false landmarks=nil roll=nil pitch=nil yaw=nil (2654ms)
[2026-06-15 09:25:57] [hand_detect] IN: hand_detect 1920x1080 → OUT: detected=false landmarks=nil confidence=0
[2026-06-15 09:25:57] [face_detect] IN: face_detect → OUT: detected=false landmarks=nil roll=nil pitch=nil yaw=nil (2907ms)
[2026-06-15 09:25:57] [hand_detect] IN: hand_detect 1920x1080 → OUT: detected=false landmarks=nil confidence=0
[2026-06-15 09:25:57] [face_detect] IN: face_detect → OUT: detected=false landmarks=nil roll=nil pitch=nil yaw=nil (2856ms)
[2026-06-15 09:25:57] [hand_detect] IN: hand_detect 1920x1080 → OUT: detected=false landmarks=nil confidence=0
[2026-06-15 09:25:57] [face_detect] IN: face_detect → OUT: detected=false landmarks=nil roll=nil pitch=nil yaw=nil (3196ms)
[2026-06-15 09:25:57] [hand_detect] IN: hand_detect 1920x1080 → OUT: detected=false landmarks=nil confidence=0
[2026-06-15 09:25:57] [face_detect] IN: face_detect → OUT: detected=false landmarks=nil roll=nil pitch=nil yaw=nil (2974ms)
[2026-06-15 09:25:57] [hand_detect] IN: hand_detect 1920x1080 → OUT: detected=false landmarks=nil confidence=0
[2026-06-15 09:25:57] [face_detect] IN: face_detect → OUT: detected=false landmarks=nil roll=nil pitch=nil yaw=nil (2801ms)
[2026-06-15 09:25:57] [hand_detect] IN: hand_detect 1920x1080 → OUT: detected=false landmarks=nil confidence=0
[2026-06-15 09:25:57] [face_detect] IN: face_detect → OUT: detected=false landmarks=nil roll=nil pitch=nil yaw=nil (2790ms)
[2026-06-15 09:25:57] [hand_detect] IN: hand_detect 1920x1080 → OUT: detected=false landmarks=nil confidence=0
[2026-06-15 09:25:57] [face_detect] IN: face_detect → OUT: detected=false landmarks=nil roll=nil pitch=nil yaw=nil (3017ms)
[2026-06-15 09:25:57] [hand_detect] IN: hand_detect 1920x1080 → OUT: detected=false landmarks=nil confidence=0
[2026-06-15 09:25:57] [face_detect] IN: face_detect → OUT: detected=false landmarks=nil roll=nil pitch=nil yaw=nil (3334ms)
[2026-06-15 09:25:57] [axScan] IN: windows=24 → OUT: raw=2709 visible=1639 (1020ms)
[2026-06-15 09:25:57] [hand_detect] IN: hand_detect 1920x1080 → OUT: detected=false landmarks=nil confidence=0
[2026-06-15 09:25:57] [face_detect] IN: face_detect → OUT: detected=false landmarks=nil roll=nil pitch=nil yaw=nil (2810ms)
[2026-06-15 09:25:57] [hand_detect] IN: hand_detect 1920x1080 → OUT: detected=false landmarks=nil confidence=0
[2026-06-15 09:25:57] [face_detect] IN: face_detect → OUT: detected=false landmarks=nil roll=nil pitch=nil yaw=nil (2714ms)
[2026-06-15 09:25:57] [hand_detect] IN: hand_detect 1920x1080 → OUT: detected=false landmarks=nil confidence=0
[2026-06-15 09:25:57] [face_detect] IN: face_detect → OUT: detected=false landmarks=nil roll=nil pitch=nil yaw=nil (2821ms)
[2026-06-15 09:25:57] [hand_detect] IN: hand_detect 1920x1080 → OUT: detected=false landmarks=nil confidence=0
[2026-06-15 09:25:57] [face_detect] IN: face_detect → OUT: detected=false landmarks=nil roll=nil pitch=nil yaw=nil (2776ms)
[2026-06-15 09:25:57] [hand_detect] IN: hand_detect 1920x1080 → OUT: detected=false landmarks=nil confidence=0
[2026-06-15 09:25:57] [face_detect] IN: face_detect → OUT: detected=false landmarks=nil roll=nil pitch=nil yaw=nil (2736ms)
[2026-06-15 09:25:57] [hand_detect] IN: hand_detect 1920x1080 → OUT: detected=false landmarks=nil confidence=0
[2026-06-15 09:25:57] [face_detect] IN: face_detect → OUT: detected=false landmarks=nil roll=nil pitch=nil yaw=nil (2597ms)
[2026-06-15 09:25:57] [hand_detect] IN: hand_detect 1920x1080 → OUT: detected=false landmarks=nil confidence=0
[2026-06-15 09:25:57] [face_detect] IN: face_detect → OUT: detected=false landmarks=nil roll=nil pitch=nil yaw=nil (2656ms)
[2026-06-15 09:25:57] [hand_detect] IN: hand_detect 1920x1080 → OUT: detected=false landmarks=nil confidence=0
[2026-06-15 09:25:57] [face_detect] IN: face_detect → OUT: detected=false landmarks=nil roll=nil pitch=nil yaw=nil (2710ms)
[2026-06-15 09:25:57] [hand_detect] IN: hand_detect 1920x1080 → OUT: detected=false landmarks=nil confidence=0
[2026-06-15 09:25:57] [face_detect] IN: face_detect → OUT: detected=false landmarks=nil roll=nil pitch=nil yaw=nil (2732ms)
[2026-06-15 09:25:57] [hand_detect] IN: hand_detect 1920x1080 → OUT: detected=false landmarks=nil confidence=0
[2026-06-15 09:25:57] [face_detect] IN: face_detect → OUT: detected=false landmarks=nil roll=nil pitch=nil yaw=nil (2797ms)
[2026-06-15 09:25:57] [hand_detect] IN: hand_detect 1920x1080 → OUT: detected=false landmarks=nil confidence=0
[2026-06-15 09:25:57] [face_detect] IN: face_detect → OUT: detected=false landmarks=nil roll=nil pitch=nil yaw=nil (2667ms)
[2026-06-15 09:25:57] [hand_detect] IN: hand_detect 1920x1080 → OUT: detected=false landmarks=nil confidence=0
[2026-06-15 09:25:57] [face_detect] IN: face_detect → OUT: detected=false landmarks=nil roll=nil pitch=nil yaw=nil (3569ms)
[2026-06-15 09:25:57] [hand_detect] IN: hand_detect 1920x1080 → OUT: detected=false landmarks=nil confidence=0
[2026-06-15 09:25:57] [face_detect] IN: face_detect → OUT: detected=false landmarks=nil roll=nil pitch=nil yaw=nil (2725ms)
[2026-06-15 09:25:57] [hand_detect] IN: hand_detect 1920x1080 → OUT: detected=false landmarks=nil confidence=0
[2026-06-15 09:25:57] [face_detect] IN: face_detect → OUT: detected=false landmarks=nil roll=nil pitch=nil yaw=nil (2704ms)
[2026-06-15 09:25:57] [hand_detect] IN: hand_detect 1920x1080 → OUT: detected=false landmarks=nil confidence=0
[2026-06-15 09:25:57] [face_detect] IN: face_detect → OUT: detected=false landmarks=nil roll=nil pitch=nil yaw=nil (3098ms)
[2026-06-15 09:25:57] [hand_detect] IN: hand_detect 1920x1080 → OUT: detected=false landmarks=nil confidence=0
[2026-06-15 09:25:57] [face_detect] IN: face_detect → OUT: detected=false landmarks=nil roll=nil pitch=nil yaw=nil (3244ms)
[2026-06-15 09:25:57] [hand_detect] IN: hand_detect 1920x1080 → OUT: detected=false landmarks=nil confidence=0
[2026-06-15 09:25:57] [face_detect] IN: face_detect → OUT: detected=false landmarks=nil roll=nil pitch=nil yaw=nil (2979ms)
[2026-06-15 09:25:57] [hand_detect] IN: hand_detect 1920x1080 → OUT: detected=false landmarks=nil confidence=0
[2026-06-15 09:25:57] [face_detect] IN: face_detect → OUT: detected=false landmarks=nil roll=nil pitch=nil yaw=nil (2837ms)
[2026-06-15 09:25:57] [hand_detect] IN: hand_detect 1920x1080 → OUT: detected=false landmarks=nil confidence=0
[2026-06-15 09:25:57] [face_detect] IN: face_detect → OUT: detected=false landmarks=nil roll=nil pitch=nil yaw=nil (2910ms)
[2026-06-15 09:25:57] [hand_detect] IN: hand_detect 1920x1080 → OUT: detected=false landmarks=nil confidence=0
[2026-06-15 09:25:57] [face_detect] IN: face_detect → OUT: detected=false landmarks=nil roll=nil pitch=nil yaw=nil (2847ms)
[2026-06-15 09:25:58] [hand_detect] IN: hand_detect 1920x1080 → OUT: detected=false landmarks=nil confidence=0
[2026-06-15 09:25:58] [face_detect] IN: face_detect → OUT: detected=false landmarks=nil roll=nil pitch=nil yaw=nil (3021ms)
[2026-06-15 09:25:58] [hand_detect] IN: hand_detect 1920x1080 → OUT: detected=false landmarks=nil confidence=0
[2026-06-15 09:25:58] [face_detect] IN: face_detect → OUT: detected=false landmarks=nil roll=nil pitch=nil yaw=nil (3032ms)
[2026-06-15 09:25:58] [hand_detect] IN: hand_detect 1920x1080 → OUT: detected=false landmarks=nil confidence=0
[2026-06-15 09:25:58] [face_detect] IN: face_detect → OUT: detected=false landmarks=nil roll=nil pitch=nil yaw=nil (2969ms)
[2026-06-15 09:25:58] [hand_detect] IN: hand_detect 1920x1080 → OUT: detected=false landmarks=nil confidence=0
[2026-06-15 09:25:58] [face_detect] IN: face_detect → OUT: detected=false landmarks=nil roll=nil pitch=nil yaw=nil (2960ms)
[2026-06-15 09:25:58] [hand_detect] IN: hand_detect 1920x1080 → OUT: detected=false landmarks=nil confidence=0
[2026-06-15 09:25:58] [face_detect] IN: face_detect → OUT: detected=false landmarks=nil roll=nil pitch=nil yaw=nil (2785ms)
[2026-06-15 09:25:58] [hand_detect] IN: hand_detect 1920x1080 → OUT: detected=false landmarks=nil confidence=0
[2026-06-15 09:25:58] [face_detect] IN: face_detect → OUT: detected=false landmarks=nil roll=nil pitch=nil yaw=nil (2917ms)
[2026-06-15 09:25:58] [hand_detect] IN: hand_detect 1920x1080 → OUT: detected=false landmarks=nil confidence=0
[2026-06-15 09:25:58] [face_detect] IN: face_detect → OUT: detected=false landmarks=nil roll=nil pitch=nil yaw=nil (2833ms)
[2026-06-15 09:25:58] [hand_detect] IN: hand_detect 1920x1080 → OUT: detected=false landmarks=nil confidence=0
[2026-06-15 09:25:58] [face_detect] IN: face_detect → OUT: detected=false landmarks=nil roll=nil pitch=nil yaw=nil (2915ms)
[2026-06-15 09:25:58] [hand_detect] IN: hand_detect 1920x1080 → OUT: detected=false landmarks=nil confidence=0
[2026-06-15 09:25:58] [face_detect] IN: face_detect → OUT: detected=false landmarks=nil roll=nil pitch=nil yaw=nil (3076ms)
[2026-06-15 09:25:58] [hand_detect] IN: hand_detect 1920x1080 → OUT: detected=false landmarks=nil confidence=0
[2026-06-15 09:25:58] [face_detect] IN: face_detect → OUT: detected=false landmarks=nil roll=nil pitch=nil yaw=nil (3371ms)
[2026-06-15 09:25:58] [hand_detect] IN: hand_detect 1920x1080 → OUT: detected=false landmarks=nil confidence=0
[2026-06-15 09:25:58] [face_detect] IN: face_detect → OUT: detected=false landmarks=nil roll=nil pitch=nil yaw=nil (2892ms)
[2026-06-15 09:25:58] [hand_detect] IN: hand_detect 1920x1080 → OUT: detected=false landmarks=nil confidence=0
[2026-06-15 09:25:58] [face_detect] IN: face_detect → OUT: detected=false landmarks=nil roll=nil pitch=nil yaw=nil (3080ms)
[2026-06-15 09:25:58] [hand_detect] IN: hand_detect 1920x1080 → OUT: detected=false landmarks=nil confidence=0
[2026-06-15 09:25:58] [face_detect] IN: face_detect → OUT: detected=false landmarks=nil roll=nil pitch=nil yaw=nil (2776ms)
[2026-06-15 09:25:58] [hand_detect] IN: hand_detect 1920x1080 → OUT: detected=false landmarks=nil confidence=0
[2026-06-15 09:25:58] [face_detect] IN: face_detect → OUT: detected=false landmarks=nil roll=nil pitch=nil yaw=nil (2696ms)
[2026-06-15 09:25:58] [hand_detect] IN: hand_detect 1920x1080 → OUT: detected=false landmarks=nil confidence=0
[2026-06-15 09:25:58] [face_detect] IN: face_detect → OUT: detected=false landmarks=nil roll=nil pitch=nil yaw=nil (2921ms)
[2026-06-15 09:25:58] [hand_detect] IN: hand_detect 1920x1080 → OUT: detected=false landmarks=nil confidence=0
[2026-06-15 09:25:58] [face_detect] IN: face_detect → OUT: detected=false landmarks=nil roll=nil pitch=nil yaw=nil (3696ms)
[2026-06-15 09:25:58] [hand_detect] IN: hand_detect 1920x1080 → OUT: detected=false landmarks=nil confidence=0
[2026-06-15 09:25:58] [face_detect] IN: face_detect → OUT: detected=false landmarks=nil roll=nil pitch=nil yaw=nil (2879ms)
[2026-06-15 09:25:58] [hand_detect] IN: hand_detect 1920x1080 → OUT: detected=false landmarks=nil confidence=0
[2026-06-15 09:25:58] [face_detect] IN: face_detect → OUT: detected=false landmarks=nil roll=nil pitch=nil yaw=nil (2842ms)
[2026-06-15 09:25:58] [hand_detect] IN: hand_detect 1920x1080 → OUT: detected=false landmarks=nil confidence=0
[2026-06-15 09:25:58] [face_detect] IN: face_detect → OUT: detected=false landmarks=nil roll=nil pitch=nil yaw=nil (2668ms)
[2026-06-15 09:25:58] [hand_detect] IN: hand_detect 1920x1080 → OUT: detected=false landmarks=nil confidence=0
[2026-06-15 09:25:58] [face_detect] IN: face_detect → OUT: detected=false landmarks=nil roll=nil pitch=nil yaw=nil (2832ms)
[2026-06-15 09:25:58] [hand_detect] IN: hand_detect 1920x1080 → OUT: detected=false landmarks=nil confidence=0
[2026-06-15 09:25:58] [face_detect] IN: face_detect → OUT: detected=false landmarks=nil roll=nil pitch=nil yaw=nil (2698ms)
[2026-06-15 09:25:58] [hand_detect] IN: hand_detect 1920x1080 → OUT: detected=false landmarks=nil confidence=0
[2026-06-15 09:25:58] [face_detect] IN: face_detect → OUT: detected=false landmarks=nil roll=nil pitch=nil yaw=nil (2916ms)
[2026-06-15 09:25:58] [hand_detect] IN: hand_detect 1920x1080 → OUT: detected=false landmarks=nil confidence=0
[2026-06-15 09:25:58] [face_detect] IN: face_detect → OUT: detected=false landmarks=nil roll=nil pitch=nil yaw=nil (2962ms)
[2026-06-15 09:25:58] [hand_detect] IN: hand_detect 1920x1080 → OUT: detected=false landmarks=nil confidence=0
[2026-06-15 09:25:58] [face_detect] IN: face_detect → OUT: detected=false landmarks=nil roll=nil pitch=nil yaw=nil (2994ms)
[2026-06-15 09:25:58] [axScan] IN: windows=24 → OUT: raw=2709 visible=1675 (978ms)
[2026-06-15 09:25:58] [axMatch] IN: cursor=(816,10) → OUT: lost (0ms)
[2026-06-15 09:25:58] [hand_detect] IN: hand_detect 1920x1080 → OUT: detected=false landmarks=nil confidence=0
[2026-06-15 09:25:58] [face_detect] IN: face_detect → OUT: detected=false landmarks=nil roll=nil pitch=nil yaw=nil (2794ms)
[2026-06-15 09:25:58] [hand_detect] IN: hand_detect 1920x1080 → OUT: detected=false landmarks=nil confidence=0
[2026-06-15 09:25:58] [face_detect] IN: face_detect → OUT: detected=false landmarks=nil roll=nil pitch=nil yaw=nil (2905ms)
[2026-06-15 09:25:58] [hand_detect] IN: hand_detect 1920x1080 → OUT: detected=false landmarks=nil confidence=0
[2026-06-15 09:25:58] [face_detect] IN: face_detect → OUT: detected=false landmarks=nil roll=nil pitch=nil yaw=nil (2923ms)
[2026-06-15 09:25:58] [hand_detect] IN: hand_detect 1920x1080 → OUT: detected=false landmarks=nil confidence=0
[2026-06-15 09:25:58] [face_detect] IN: face_detect → OUT: detected=false landmarks=nil roll=nil pitch=nil yaw=nil (3224ms)
[2026-06-15 09:25:58] [hand_detect] IN: hand_detect 1920x1080 → OUT: detected=false landmarks=nil confidence=0
[2026-06-15 09:25:58] [face_detect] IN: face_detect → OUT: detected=false landmarks=nil roll=nil pitch=nil yaw=nil (7199ms)
[2026-06-15 09:25:58] [hand_detect] IN: hand_detect 1920x1080 → OUT: detected=false landmarks=nil confidence=0
[2026-06-15 09:25:58] [face_detect] IN: face_detect → OUT: detected=false landmarks=nil roll=nil pitch=nil yaw=nil (3902ms)
[2026-06-15 09:25:59] [hand_detect] IN: hand_detect 1920x1080 → OUT: detected=false landmarks=nil confidence=0
[2026-06-15 09:25:59] [face_detect] IN: face_detect → OUT: detected=false landmarks=nil roll=nil pitch=nil yaw=nil (3015ms)
[2026-06-15 09:25:59] [hand_detect] IN: hand_detect 1920x1080 → OUT: detected=false landmarks=nil confidence=0
[2026-06-15 09:25:59] [face_detect] IN: face_detect → OUT: detected=false landmarks=nil roll=nil pitch=nil yaw=nil (2918ms)
[2026-06-15 09:25:59] [hand_detect] IN: hand_detect 1920x1080 → OUT: detected=false landmarks=nil confidence=0
[2026-06-15 09:25:59] [face_detect] IN: face_detect → OUT: detected=false landmarks=nil roll=nil pitch=nil yaw=nil (2978ms)
[2026-06-15 09:25:59] [hand_detect] IN: hand_detect 1920x1080 → OUT: detected=false landmarks=nil confidence=0
[2026-06-15 09:25:59] [face_detect] IN: face_detect → OUT: detected=false landmarks=nil roll=nil pitch=nil yaw=nil (3023ms)
[2026-06-15 09:25:59] [hand_detect] IN: hand_detect 1920x1080 → OUT: detected=false landmarks=nil confidence=0
[2026-06-15 09:25:59] [face_detect] IN: face_detect → OUT: detected=false landmarks=nil roll=nil pitch=nil yaw=nil (2853ms)
[2026-06-15 09:25:59] [hand_detect] IN: hand_detect 1920x1080 → OUT: detected=false landmarks=nil confidence=0
[2026-06-15 09:25:59] [face_detect] IN: face_detect → OUT: detected=false landmarks=nil roll=nil pitch=nil yaw=nil (3230ms)
[2026-06-15 09:25:59] [hand_detect] IN: hand_detect 1920x1080 → OUT: detected=false landmarks=nil confidence=0
[2026-06-15 09:25:59] [face_detect] IN: face_detect → OUT: detected=false landmarks=nil roll=nil pitch=nil yaw=nil (2959ms)
[2026-06-15 09:25:59] [hand_detect] IN: hand_detect 1920x1080 → OUT: detected=false landmarks=nil confidence=0
[2026-06-15 09:25:59] [face_detect] IN: face_detect → OUT: detected=false landmarks=nil roll=nil pitch=nil yaw=nil (2875ms)
[2026-06-15 09:25:59] [hand_detect] IN: hand_detect 1920x1080 → OUT: detected=false landmarks=nil confidence=0
[2026-06-15 09:25:59] [face_detect] IN: face_detect → OUT: detected=false landmarks=nil roll=nil pitch=nil yaw=nil (2913ms)
[2026-06-15 09:25:59] [hand_detect] IN: hand_detect 1920x1080 → OUT: detected=false landmarks=nil confidence=0
[2026-06-15 09:25:59] [face_detect] IN: face_detect → OUT: detected=false landmarks=nil roll=nil pitch=nil yaw=nil (2769ms)
[2026-06-15 09:25:59] [hand_detect] IN: hand_detect 1920x1080 → OUT: detected=false landmarks=nil confidence=0
[2026-06-15 09:25:59] [face_detect] IN: face_detect → OUT: detected=false landmarks=nil roll=nil pitch=nil yaw=nil (3890ms)
[2026-06-15 09:25:59] [hand_detect] IN: hand_detect 1920x1080 → OUT: detected=false landmarks=nil confidence=0
[2026-06-15 09:25:59] [face_detect] IN: face_detect → OUT: detected=false landmarks=nil roll=nil pitch=nil yaw=nil (2701ms)
[2026-06-15 09:25:59] [hand_detect] IN: hand_detect 1920x1080 → OUT: detected=false landmarks=nil confidence=0
[2026-06-15 09:25:59] [face_detect] IN: face_detect → OUT: detected=false landmarks=nil roll=nil pitch=nil yaw=nil (3309ms)
[2026-06-15 09:25:59] [hand_detect] IN: hand_detect 1920x1080 → OUT: detected=false landmarks=nil confidence=0
[2026-06-15 09:25:59] [face_detect] IN: face_detect → OUT: detected=false landmarks=nil roll=nil pitch=nil yaw=nil (2834ms)
[2026-06-15 09:25:59] [hand_detect] IN: hand_detect 1920x1080 → OUT: detected=false landmarks=nil confidence=0
[2026-06-15 09:25:59] [face_detect] IN: face_detect → OUT: detected=false landmarks=nil roll=nil pitch=nil yaw=nil (2856ms)
[2026-06-15 09:25:59] [hand_detect] IN: hand_detect 1920x1080 → OUT: detected=false landmarks=nil confidence=0
[2026-06-15 09:25:59] [face_detect] IN: face_detect → OUT: detected=false landmarks=nil roll=nil pitch=nil yaw=nil (3260ms)
[2026-06-15 09:25:59] [hand_detect] IN: hand_detect 1920x1080 → OUT: detected=false landmarks=nil confidence=0
[2026-06-15 09:25:59] [face_detect] IN: face_detect → OUT: detected=false landmarks=nil roll=nil pitch=nil yaw=nil (2804ms)
[2026-06-15 09:25:59] [hand_detect] IN: hand_detect 1920x1080 → OUT: detected=false landmarks=nil confidence=0
[2026-06-15 09:25:59] [face_detect] IN: face_detect → OUT: detected=false landmarks=nil roll=nil pitch=nil yaw=nil (2665ms)
[2026-06-15 09:25:59] [hand_detect] IN: hand_detect 1920x1080 → OUT: detected=false landmarks=nil confidence=0
[2026-06-15 09:25:59] [face_detect] IN: face_detect → OUT: detected=false landmarks=nil roll=nil pitch=nil yaw=nil (2904ms)
[2026-06-15 09:25:59] [hand_detect] IN: hand_detect 1920x1080 → OUT: detected=false landmarks=nil confidence=0
[2026-06-15 09:25:59] [face_detect] IN: face_detect → OUT: detected=false landmarks=nil roll=nil pitch=nil yaw=nil (3087ms)
[2026-06-15 09:25:59] [hand_detect] IN: hand_detect 1920x1080 → OUT: detected=false landmarks=nil confidence=0
[2026-06-15 09:25:59] [face_detect] IN: face_detect → OUT: detected=false landmarks=nil roll=nil pitch=nil yaw=nil (3121ms)
[2026-06-15 09:25:59] [hand_detect] IN: hand_detect 1920x1080 → OUT: detected=false landmarks=nil confidence=0
[2026-06-15 09:25:59] [face_detect] IN: face_detect → OUT: detected=false landmarks=nil roll=nil pitch=nil yaw=nil (8825ms)
[2026-06-15 09:25:59] [hand_detect] IN: hand_detect 1920x1080 → OUT: detected=false landmarks=nil confidence=0
[2026-06-15 09:25:59] [face_detect] IN: face_detect → OUT: detected=false landmarks=nil roll=nil pitch=nil yaw=nil (5020ms)
[2026-06-15 09:25:59] [hand_detect] IN: hand_detect 1920x1080 → OUT: detected=false landmarks=nil confidence=0
[2026-06-15 09:25:59] [face_detect] IN: face_detect → OUT: detected=false landmarks=nil roll=nil pitch=nil yaw=nil (5336ms)
[2026-06-15 09:25:59] [hand_detect] IN: hand_detect 1920x1080 → OUT: detected=false landmarks=nil confidence=0
[2026-06-15 09:25:59] [face_detect] IN: face_detect → OUT: detected=false landmarks=nil roll=nil pitch=nil yaw=nil (3518ms)
[2026-06-15 09:25:59] [hand_detect] IN: hand_detect 1920x1080 → OUT: detected=false landmarks=nil confidence=0
[2026-06-15 09:25:59] [face_detect] IN: face_detect → OUT: detected=false landmarks=nil roll=nil pitch=nil yaw=nil (3117ms)
[2026-06-15 09:25:59] [hand_detect] IN: hand_detect 1920x1080 → OUT: detected=false landmarks=nil confidence=0
[2026-06-15 09:25:59] [face_detect] IN: face_detect → OUT: detected=false landmarks=nil roll=nil pitch=nil yaw=nil (2948ms)
[2026-06-15 09:25:59] [hand_detect] IN: hand_detect 1920x1080 → OUT: detected=false landmarks=nil confidence=0
[2026-06-15 09:25:59] [face_detect] IN: face_detect → OUT: detected=false landmarks=nil roll=nil pitch=nil yaw=nil (3054ms)
[2026-06-15 09:25:59] [axScan] IN: windows=24 → OUT: raw=2709 visible=1677 (1132ms)
[2026-06-15 09:25:59] [hand_detect] IN: hand_detect 1920x1080 → OUT: detected=false landmarks=nil confidence=0
[2026-06-15 09:25:59] [face_detect] IN: face_detect → OUT: detected=false landmarks=nil roll=nil pitch=nil yaw=nil (2993ms)
[2026-06-15 09:25:59] [hand_detect] IN: hand_detect 1920x1080 → OUT: detected=false landmarks=nil confidence=0
[2026-06-15 09:25:59] [face_detect] IN: face_detect → OUT: detected=false landmarks=nil roll=nil pitch=nil yaw=nil (2977ms)
[2026-06-15 09:26:00] [hand_detect] IN: hand_detect 1920x1080 → OUT: detected=false landmarks=nil confidence=0
[2026-06-15 09:26:00] [face_detect] IN: face_detect → OUT: detected=false landmarks=nil roll=nil pitch=nil yaw=nil (2727ms)
[2026-06-15 09:26:00] [hand_detect] IN: hand_detect 1920x1080 → OUT: detected=false landmarks=nil confidence=0
[2026-06-15 09:26:00] [face_detect] IN: face_detect → OUT: detected=false landmarks=nil roll=nil pitch=nil yaw=nil (2663ms)
[2026-06-15 09:26:00] [hand_detect] IN: hand_detect 1920x1080 → OUT: detected=false landmarks=nil confidence=0
[2026-06-15 09:26:00] [face_detect] IN: face_detect → OUT: detected=false landmarks=nil roll=nil pitch=nil yaw=nil (2602ms)
[2026-06-15 09:26:00] [hand_detect] IN: hand_detect 1920x1080 → OUT: detected=false landmarks=nil confidence=0
[2026-06-15 09:26:00] [face_detect] IN: face_detect → OUT: detected=false landmarks=nil roll=nil pitch=nil yaw=nil (2818ms)
[2026-06-15 09:26:00] [hand_detect] IN: hand_detect 1920x1080 → OUT: detected=false landmarks=nil confidence=0
[2026-06-15 09:26:00] [face_detect] IN: face_detect → OUT: detected=false landmarks=nil roll=nil pitch=nil yaw=nil (3080ms)
[2026-06-15 09:26:00] [hand_detect] IN: hand_detect 1920x1080 → OUT: detected=false landmarks=nil confidence=0
[2026-06-15 09:26:00] [face_detect] IN: face_detect → OUT: detected=false landmarks=nil roll=nil pitch=nil yaw=nil (2858ms)
[2026-06-15 09:26:00] [hand_detect] IN: hand_detect 1920x1080 → OUT: detected=false landmarks=nil confidence=0
[2026-06-15 09:26:00] [face_detect] IN: face_detect → OUT: detected=false landmarks=nil roll=nil pitch=nil yaw=nil (2671ms)
[2026-06-15 09:26:00] [hand_detect] IN: hand_detect 1920x1080 → OUT: detected=false landmarks=nil confidence=0
[2026-06-15 09:26:00] [face_detect] IN: face_detect → OUT: detected=false landmarks=nil roll=nil pitch=nil yaw=nil (2859ms)
[2026-06-15 09:26:00] [hand_detect] IN: hand_detect 1920x1080 → OUT: detected=false landmarks=nil confidence=0
[2026-06-15 09:26:00] [face_detect] IN: face_detect → OUT: detected=false landmarks=nil roll=nil pitch=nil yaw=nil (2829ms)
[2026-06-15 09:26:00] [axMatch] IN: cursor=(252,54) → OUT: role=AXRadioButton title= (0ms)
[2026-06-15 09:26:00] [hand_detect] IN: hand_detect 1920x1080 → OUT: detected=false landmarks=nil confidence=0
[2026-06-15 09:26:00] [face_detect] IN: face_detect → OUT: detected=false landmarks=nil roll=nil pitch=nil yaw=nil (2757ms)
[2026-06-15 09:26:00] [hand_detect] IN: hand_detect 1920x1080 → OUT: detected=false landmarks=nil confidence=0
[2026-06-15 09:26:00] [face_detect] IN: face_detect → OUT: detected=false landmarks=nil roll=nil pitch=nil yaw=nil (3177ms)
[2026-06-15 09:26:00] [hand_detect] IN: hand_detect 1920x1080 → OUT: detected=false landmarks=nil confidence=0
[2026-06-15 09:26:00] [face_detect] IN: face_detect → OUT: detected=false landmarks=nil roll=nil pitch=nil yaw=nil (3620ms)
[2026-06-15 09:26:00] [hand_detect] IN: hand_detect 1920x1080 → OUT: detected=false landmarks=nil confidence=0
[2026-06-15 09:26:00] [face_detect] IN: face_detect → OUT: detected=false landmarks=nil roll=nil pitch=nil yaw=nil (3076ms)
[2026-06-15 09:26:00] [hand_detect] IN: hand_detect 1920x1080 → OUT: detected=false landmarks=nil confidence=0
[2026-06-15 09:26:00] [face_detect] IN: face_detect → OUT: detected=false landmarks=nil roll=nil pitch=nil yaw=nil (2870ms)
[2026-06-15 09:26:00] [hand_detect] IN: hand_detect 1920x1080 → OUT: detected=false landmarks=nil confidence=0
[2026-06-15 09:26:00] [face_detect] IN: face_detect → OUT: detected=false landmarks=nil roll=nil pitch=nil yaw=nil (2989ms)
[2026-06-15 09:26:00] [hand_detect] IN: hand_detect 1920x1080 → OUT: detected=false landmarks=nil confidence=0
[2026-06-15 09:26:00] [face_detect] IN: face_detect → OUT: detected=false landmarks=nil roll=nil pitch=nil yaw=nil (2864ms)
[2026-06-15 09:26:00] [hand_detect] IN: hand_detect 1920x1080 → OUT: detected=false landmarks=nil confidence=0
[2026-06-15 09:26:00] [face_detect] IN: face_detect → OUT: detected=false landmarks=nil roll=nil pitch=nil yaw=nil (2920ms)
[2026-06-15 09:26:00] [hand_detect] IN: hand_detect 1920x1080 → OUT: detected=false landmarks=nil confidence=0
[2026-06-15 09:26:00] [face_detect] IN: face_detect → OUT: detected=false landmarks=nil roll=nil pitch=nil yaw=nil (3214ms)
[2026-06-15 09:26:00] [hand_detect] IN: hand_detect 1920x1080 → OUT: detected=false landmarks=nil confidence=0
[2026-06-15 09:26:00] [face_detect] IN: face_detect → OUT: detected=false landmarks=nil roll=nil pitch=nil yaw=nil (2907ms)
[2026-06-15 09:26:00] [hand_detect] IN: hand_detect 1920x1080 → OUT: detected=false landmarks=nil confidence=0
[2026-06-15 09:26:00] [face_detect] IN: face_detect → OUT: detected=false landmarks=nil roll=nil pitch=nil yaw=nil (2955ms)
[2026-06-15 09:26:00] [hand_detect] IN: hand_detect 1920x1080 → OUT: detected=false landmarks=nil confidence=0
[2026-06-15 09:26:00] [face_detect] IN: face_detect → OUT: detected=false landmarks=nil roll=nil pitch=nil yaw=nil (3674ms)
[2026-06-15 09:26:00] [hand_detect] IN: hand_detect 1920x1080 → OUT: detected=false landmarks=nil confidence=0
[2026-06-15 09:26:00] [face_detect] IN: face_detect → OUT: detected=false landmarks=nil roll=nil pitch=nil yaw=nil (3167ms)
[2026-06-15 09:26:00] [hand_detect] IN: hand_detect 1920x1080 → OUT: detected=false landmarks=nil confidence=0
[2026-06-15 09:26:00] [face_detect] IN: face_detect → OUT: detected=false landmarks=nil roll=nil pitch=nil yaw=nil (2830ms)
[2026-06-15 09:26:00] [hand_detect] IN: hand_detect 1920x1080 → OUT: detected=false landmarks=nil confidence=0
[2026-06-15 09:26:00] [face_detect] IN: face_detect → OUT: detected=false landmarks=nil roll=nil pitch=nil yaw=nil (2655ms)
[2026-06-15 09:26:00] [hand_detect] IN: hand_detect 1920x1080 → OUT: detected=false landmarks=nil confidence=0
[2026-06-15 09:26:00] [face_detect] IN: face_detect → OUT: detected=false landmarks=nil roll=nil pitch=nil yaw=nil (3218ms)
[2026-06-15 09:26:00] [hand_detect] IN: hand_detect 1920x1080 → OUT: detected=false landmarks=nil confidence=0
[2026-06-15 09:26:00] [face_detect] IN: face_detect → OUT: detected=false landmarks=nil roll=nil pitch=nil yaw=nil (3018ms)
[2026-06-15 09:26:00] [hand_detect] IN: hand_detect 1920x1080 → OUT: detected=false landmarks=nil confidence=0
[2026-06-15 09:26:00] [face_detect] IN: face_detect → OUT: detected=false landmarks=nil roll=nil pitch=nil yaw=nil (2820ms)
[2026-06-15 09:26:00] [hand_detect] IN: hand_detect 1920x1080 → OUT: detected=false landmarks=nil confidence=0
[2026-06-15 09:26:00] [face_detect] IN: face_detect → OUT: detected=false landmarks=nil roll=nil pitch=nil yaw=nil (2810ms)
[2026-06-15 09:26:00] [hand_detect] IN: hand_detect 1920x1080 → OUT: detected=false landmarks=nil confidence=0
[2026-06-15 09:26:00] [face_detect] IN: face_detect → OUT: detected=false landmarks=nil roll=nil pitch=nil yaw=nil (2779ms)
[2026-06-15 09:26:00] [hand_detect] IN: hand_detect 1920x1080 → OUT: detected=false landmarks=nil confidence=0
[2026-06-15 09:26:00] [face_detect] IN: face_detect → OUT: detected=false landmarks=nil roll=nil pitch=nil yaw=nil (3059ms)
[2026-06-15 09:26:01] [hand_detect] IN: hand_detect 1920x1080 → OUT: detected=false landmarks=nil confidence=0
[2026-06-15 09:26:01] [face_detect] IN: face_detect → OUT: detected=false landmarks=nil roll=nil pitch=nil yaw=nil (2933ms)
[2026-06-15 09:26:01] [hand_detect] IN: hand_detect 1920x1080 → OUT: detected=false landmarks=nil confidence=0
[2026-06-15 09:26:01] [face_detect] IN: face_detect → OUT: detected=false landmarks=nil roll=nil pitch=nil yaw=nil (3378ms)
[2026-06-15 09:26:01] [hand_detect] IN: hand_detect 1920x1080 → OUT: detected=false landmarks=nil confidence=0
[2026-06-15 09:26:01] [face_detect] IN: face_detect → OUT: detected=false landmarks=nil roll=nil pitch=nil yaw=nil (3072ms)
[2026-06-15 09:26:01] [hand_detect] IN: hand_detect 1920x1080 → OUT: detected=false landmarks=nil confidence=0
[2026-06-15 09:26:01] [face_detect] IN: face_detect → OUT: detected=false landmarks=nil roll=nil pitch=nil yaw=nil (2892ms)
[2026-06-15 09:26:01] [hand_detect] IN: hand_detect 1920x1080 → OUT: detected=false landmarks=nil confidence=0
[2026-06-15 09:26:01] [face_detect] IN: face_detect → OUT: detected=false landmarks=nil roll=nil pitch=nil yaw=nil (2757ms)
[2026-06-15 09:26:01] [hand_detect] IN: hand_detect 1920x1080 → OUT: detected=false landmarks=nil confidence=0
[2026-06-15 09:26:01] [face_detect] IN: face_detect → OUT: detected=false landmarks=nil roll=nil pitch=nil yaw=nil (2833ms)
[2026-06-15 09:26:01] [hand_detect] IN: hand_detect 1920x1080 → OUT: detected=false landmarks=nil confidence=0
[2026-06-15 09:26:01] [face_detect] IN: face_detect → OUT: detected=false landmarks=nil roll=nil pitch=nil yaw=nil (3057ms)
[2026-06-15 09:26:01] [hand_detect] IN: hand_detect 1920x1080 → OUT: detected=false landmarks=nil confidence=0
[2026-06-15 09:26:01] [face_detect] IN: face_detect → OUT: detected=false landmarks=nil roll=nil pitch=nil yaw=nil (2856ms)
[2026-06-15 09:26:01] [axScan] IN: windows=24 → OUT: raw=2709 visible=1677 (961ms)
[2026-06-15 09:26:01] [hand_detect] IN: hand_detect 1920x1080 → OUT: detected=false landmarks=nil confidence=0
[2026-06-15 09:26:01] [face_detect] IN: face_detect → OUT: detected=false landmarks=nil roll=nil pitch=nil yaw=nil (2779ms)
[2026-06-15 09:26:01] [hand_detect] IN: hand_detect 1920x1080 → OUT: detected=false landmarks=nil confidence=0
[2026-06-15 09:26:01] [face_detect] IN: face_detect → OUT: detected=false landmarks=nil roll=nil pitch=nil yaw=nil (2709ms)
[2026-06-15 09:26:01] [hand_detect] IN: hand_detect 1920x1080 → OUT: detected=false landmarks=nil confidence=0
[2026-06-15 09:26:01] [face_detect] IN: face_detect → OUT: detected=false landmarks=nil roll=nil pitch=nil yaw=nil (2583ms)
[2026-06-15 09:26:01] [hand_detect] IN: hand_detect 1920x1080 → OUT: detected=false landmarks=nil confidence=0
[2026-06-15 09:26:01] [face_detect] IN: face_detect → OUT: detected=false landmarks=nil roll=nil pitch=nil yaw=nil (3208ms)
[2026-06-15 09:26:01] [hand_detect] IN: hand_detect 1920x1080 → OUT: detected=false landmarks=nil confidence=0
[2026-06-15 09:26:01] [face_detect] IN: face_detect → OUT: detected=false landmarks=nil roll=nil pitch=nil yaw=nil (2874ms)
[2026-06-15 09:26:01] [hand_detect] IN: hand_detect 1920x1080 → OUT: detected=false landmarks=nil confidence=0
[2026-06-15 09:26:01] [face_detect] IN: face_detect → OUT: detected=false landmarks=nil roll=nil pitch=nil yaw=nil (2747ms)
[2026-06-15 09:26:01] [hand_detect] IN: hand_detect 1920x1080 → OUT: detected=false landmarks=nil confidence=0
[2026-06-15 09:26:01] [face_detect] IN: face_detect → OUT: detected=false landmarks=nil roll=nil pitch=nil yaw=nil (3238ms)
[2026-06-15 09:26:01] [hand_detect] IN: hand_detect 1920x1080 → OUT: detected=false landmarks=nil confidence=0
[2026-06-15 09:26:01] [face_detect] IN: face_detect → OUT: detected=false landmarks=nil roll=nil pitch=nil yaw=nil (3100ms)
[2026-06-15 09:26:01] [hand_detect] IN: hand_detect 1920x1080 → OUT: detected=false landmarks=nil confidence=0
[2026-06-15 09:26:01] [face_detect] IN: face_detect → OUT: detected=false landmarks=nil roll=nil pitch=nil yaw=nil (2889ms)
[2026-06-15 09:26:01] [hand_detect] IN: hand_detect 1920x1080 → OUT: detected=false landmarks=nil confidence=0
[2026-06-15 09:26:01] [face_detect] IN: face_detect → OUT: detected=false landmarks=nil roll=nil pitch=nil yaw=nil (2748ms)
[2026-06-15 09:26:01] [hand_detect] IN: hand_detect 1920x1080 → OUT: detected=false landmarks=nil confidence=0
[2026-06-15 09:26:01] [face_detect] IN: face_detect → OUT: detected=false landmarks=nil roll=nil pitch=nil yaw=nil (2786ms)
[2026-06-15 09:26:01] [hand_detect] IN: hand_detect 1920x1080 → OUT: detected=false landmarks=nil confidence=0
[2026-06-15 09:26:01] [face_detect] IN: face_detect → OUT: detected=false landmarks=nil roll=nil pitch=nil yaw=nil (2745ms)
[2026-06-15 09:26:01] [hand_detect] IN: hand_detect 1920x1080 → OUT: detected=false landmarks=nil confidence=0
[2026-06-15 09:26:01] [face_detect] IN: face_detect → OUT: detected=false landmarks=nil roll=nil pitch=nil yaw=nil (3029ms)
[2026-06-15 09:26:01] [hand_detect] IN: hand_detect 1920x1080 → OUT: detected=false landmarks=nil confidence=0
[2026-06-15 09:26:01] [face_detect] IN: face_detect → OUT: detected=false landmarks=nil roll=nil pitch=nil yaw=nil (2941ms)
[2026-06-15 09:26:01] [hand_detect] IN: hand_detect 1920x1080 → OUT: detected=false landmarks=nil confidence=0
[2026-06-15 09:26:01] [face_detect] IN: face_detect → OUT: detected=false landmarks=nil roll=nil pitch=nil yaw=nil (2809ms)
[2026-06-15 09:26:01] [hand_detect] IN: hand_detect 1920x1080 → OUT: detected=false landmarks=nil confidence=0
[2026-06-15 09:26:01] [face_detect] IN: face_detect → OUT: detected=false landmarks=nil roll=nil pitch=nil yaw=nil (2875ms)
[2026-06-15 09:26:01] [axMatch] IN: cursor=(237,29) → OUT: role=AXMenuBarItem title=查看 (0ms)
[2026-06-15 09:26:01] [hand_detect] IN: hand_detect 1920x1080 → OUT: detected=false landmarks=nil confidence=0
[2026-06-15 09:26:01] [face_detect] IN: face_detect → OUT: detected=false landmarks=nil roll=nil pitch=nil yaw=nil (2881ms)
[2026-06-15 09:26:01] [hand_detect] IN: hand_detect 1920x1080 → OUT: detected=false landmarks=nil confidence=0
[2026-06-15 09:26:01] [face_detect] IN: face_detect → OUT: detected=false landmarks=nil roll=nil pitch=nil yaw=nil (3030ms)
[2026-06-15 09:26:01] [hand_detect] IN: hand_detect 1920x1080 → OUT: detected=false landmarks=nil confidence=0
[2026-06-15 09:26:01] [face_detect] IN: face_detect → OUT: detected=false landmarks=nil roll=nil pitch=nil yaw=nil (4647ms)
[2026-06-15 09:26:01] [hand_detect] IN: hand_detect 1920x1080 → OUT: detected=false landmarks=nil confidence=0
[2026-06-15 09:26:01] [face_detect] IN: face_detect → OUT: detected=false landmarks=nil roll=nil pitch=nil yaw=nil (3227ms)
[2026-06-15 09:26:01] [hand_detect] IN: hand_detect 1920x1080 → OUT: detected=false landmarks=nil confidence=0
[2026-06-15 09:26:01] [face_detect] IN: face_detect → OUT: detected=false landmarks=nil roll=nil pitch=nil yaw=nil (3751ms)
[2026-06-15 09:26:01] [hand_detect] IN: hand_detect 1920x1080 → OUT: detected=false landmarks=nil confidence=0
[2026-06-15 09:26:01] [face_detect] IN: face_detect → OUT: detected=false landmarks=nil roll=nil pitch=nil yaw=nil (3047ms)
[2026-06-15 09:26:02] [hand_detect] IN: hand_detect 1920x1080 → OUT: detected=false landmarks=nil confidence=0
[2026-06-15 09:26:02] [face_detect] IN: face_detect → OUT: detected=false landmarks=nil roll=nil pitch=nil yaw=nil (3107ms)
[2026-06-15 09:26:02] [hand_detect] IN: hand_detect 1920x1080 → OUT: detected=false landmarks=nil confidence=0
[2026-06-15 09:26:02] [face_detect] IN: face_detect → OUT: detected=false landmarks=nil roll=nil pitch=nil yaw=nil (2956ms)
[2026-06-15 09:26:02] [hand_detect] IN: hand_detect 1920x1080 → OUT: detected=false landmarks=nil confidence=0
[2026-06-15 09:26:02] [face_detect] IN: face_detect → OUT: detected=false landmarks=nil roll=nil pitch=nil yaw=nil (2617ms)
[2026-06-15 09:26:02] [hand_detect] IN: hand_detect 1920x1080 → OUT: detected=false landmarks=nil confidence=0
[2026-06-15 09:26:02] [face_detect] IN: face_detect → OUT: detected=false landmarks=nil roll=nil pitch=nil yaw=nil (3024ms)
[2026-06-15 09:26:02] [hand_detect] IN: hand_detect 1920x1080 → OUT: detected=false landmarks=nil confidence=0
[2026-06-15 09:26:02] [face_detect] IN: face_detect → OUT: detected=false landmarks=nil roll=nil pitch=nil yaw=nil (3013ms)
[2026-06-15 09:26:02] [hand_detect] IN: hand_detect 1920x1080 → OUT: detected=false landmarks=nil confidence=0
[2026-06-15 09:26:02] [face_detect] IN: face_detect → OUT: detected=false landmarks=nil roll=nil pitch=nil yaw=nil (3973ms)
[2026-06-15 09:26:02] [hand_detect] IN: hand_detect 1920x1080 → OUT: detected=false landmarks=nil confidence=0
[2026-06-15 09:26:02] [face_detect] IN: face_detect → OUT: detected=false landmarks=nil roll=nil pitch=nil yaw=nil (2965ms)
[2026-06-15 09:26:02] [hand_detect] IN: hand_detect 1920x1080 → OUT: detected=false landmarks=nil confidence=0
[2026-06-15 09:26:02] [face_detect] IN: face_detect → OUT: detected=false landmarks=nil roll=nil pitch=nil yaw=nil (3005ms)
[2026-06-15 09:26:02] [hand_detect] IN: hand_detect 1920x1080 → OUT: detected=false landmarks=nil confidence=0
[2026-06-15 09:26:02] [face_detect] IN: face_detect → OUT: detected=false landmarks=nil roll=nil pitch=nil yaw=nil (3118ms)
[2026-06-15 09:26:02] [axScan] IN: windows=24 → OUT: raw=2709 visible=1677 (995ms)
[2026-06-15 09:26:02] [axMatch] IN: cursor=(600,28) → OUT: lost (0ms)
[2026-06-15 09:26:02] [hand_detect] IN: hand_detect 1920x1080 → OUT: detected=false landmarks=nil confidence=0
[2026-06-15 09:26:02] [face_detect] IN: face_detect → OUT: detected=false landmarks=nil roll=nil pitch=nil yaw=nil (2890ms)
[2026-06-15 09:26:02] [hand_detect] IN: hand_detect 1920x1080 → OUT: detected=false landmarks=nil confidence=0
[2026-06-15 09:26:02] [face_detect] IN: face_detect → OUT: detected=false landmarks=nil roll=nil pitch=nil yaw=nil (3026ms)
[2026-06-15 09:26:02] [hand_detect] IN: hand_detect 1920x1080 → OUT: detected=false landmarks=nil confidence=0
[2026-06-15 09:26:02] [face_detect] IN: face_detect → OUT: detected=false landmarks=nil roll=nil pitch=nil yaw=nil (2781ms)
[2026-06-15 09:26:02] [hand_detect] IN: hand_detect 1920x1080 → OUT: detected=false landmarks=nil confidence=0
[2026-06-15 09:26:02] [face_detect] IN: face_detect → OUT: detected=false landmarks=nil roll=nil pitch=nil yaw=nil (2809ms)
[2026-06-15 09:26:02] [hand_detect] IN: hand_detect 1920x1080 → OUT: detected=false landmarks=nil confidence=0
[2026-06-15 09:26:02] [face_detect] IN: face_detect → OUT: detected=false landmarks=nil roll=nil pitch=nil yaw=nil (2856ms)
[2026-06-15 09:26:02] [hand_detect] IN: hand_detect 1920x1080 → OUT: detected=false landmarks=nil confidence=0
[2026-06-15 09:26:02] [face_detect] IN: face_detect → OUT: detected=false landmarks=nil roll=nil pitch=nil yaw=nil (3113ms)
[2026-06-15 09:26:02] [hand_detect] IN: hand_detect 1920x1080 → OUT: detected=false landmarks=nil confidence=0
[2026-06-15 09:26:02] [face_detect] IN: face_detect → OUT: detected=false landmarks=nil roll=nil pitch=nil yaw=nil (2800ms)
[2026-06-15 09:26:02] [hand_detect] IN: hand_detect 1920x1080 → OUT: detected=false landmarks=nil confidence=0
[2026-06-15 09:26:02] [face_detect] IN: face_detect → OUT: detected=false landmarks=nil roll=nil pitch=nil yaw=nil (2894ms)
[2026-06-15 09:26:02] [hand_detect] IN: hand_detect 1920x1080 → OUT: detected=false landmarks=nil confidence=0
[2026-06-15 09:26:02] [face_detect] IN: face_detect → OUT: detected=false landmarks=nil roll=nil pitch=nil yaw=nil (3037ms)
[2026-06-15 09:26:02] [hand_detect] IN: hand_detect 1920x1080 → OUT: detected=false landmarks=nil confidence=0
[2026-06-15 09:26:02] [face_detect] IN: face_detect → OUT: detected=false landmarks=nil roll=nil pitch=nil yaw=nil (2974ms)
[2026-06-15 09:26:02] [hand_detect] IN: hand_detect 1920x1080 → OUT: detected=false landmarks=nil confidence=0
[2026-06-15 09:26:02] [face_detect] IN: face_detect → OUT: detected=false landmarks=nil roll=nil pitch=nil yaw=nil (2919ms)
[2026-06-15 09:26:02] [hand_detect] IN: hand_detect 1920x1080 → OUT: detected=false landmarks=nil confidence=0
[2026-06-15 09:26:02] [face_detect] IN: face_detect → OUT: detected=false landmarks=nil roll=nil pitch=nil yaw=nil (2876ms)
[2026-06-15 09:26:02] [hand_detect] IN: hand_detect 1920x1080 → OUT: detected=false landmarks=nil confidence=0
[2026-06-15 09:26:02] [face_detect] IN: face_detect → OUT: detected=false landmarks=nil roll=nil pitch=nil yaw=nil (2910ms)
[2026-06-15 09:26:02] [hand_detect] IN: hand_detect 1920x1080 → OUT: detected=false landmarks=nil confidence=0
[2026-06-15 09:26:02] [face_detect] IN: face_detect → OUT: detected=false landmarks=nil roll=nil pitch=nil yaw=nil (2963ms)
[2026-06-15 09:26:02] [hand_detect] IN: hand_detect 1920x1080 → OUT: detected=false landmarks=nil confidence=0
[2026-06-15 09:26:02] [face_detect] IN: face_detect → OUT: detected=false landmarks=nil roll=nil pitch=nil yaw=nil (3690ms)
[2026-06-15 09:26:02] [hand_detect] IN: hand_detect 1920x1080 → OUT: detected=false landmarks=nil confidence=0
[2026-06-15 09:26:02] [face_detect] IN: face_detect → OUT: detected=false landmarks=nil roll=nil pitch=nil yaw=nil (3074ms)
[2026-06-15 09:26:02] [hand_detect] IN: hand_detect 1920x1080 → OUT: detected=false landmarks=nil confidence=0
[2026-06-15 09:26:02] [face_detect] IN: face_detect → OUT: detected=false landmarks=nil roll=nil pitch=nil yaw=nil (2810ms)
[2026-06-15 09:26:02] [hand_detect] IN: hand_detect 1920x1080 → OUT: detected=false landmarks=nil confidence=0
[2026-06-15 09:26:02] [face_detect] IN: face_detect → OUT: detected=false landmarks=nil roll=nil pitch=nil yaw=nil (2930ms)
[2026-06-15 09:26:02] [hand_detect] IN: hand_detect 1920x1080 → OUT: detected=false landmarks=nil confidence=0
[2026-06-15 09:26:02] [face_detect] IN: face_detect → OUT: detected=false landmarks=nil roll=nil pitch=nil yaw=nil (3033ms)
[2026-06-15 09:26:02] [hand_detect] IN: hand_detect 1920x1080 → OUT: detected=false landmarks=nil confidence=0
[2026-06-15 09:26:02] [face_detect] IN: face_detect → OUT: detected=false landmarks=nil roll=nil pitch=nil yaw=nil (3009ms)
[2026-06-15 09:26:02] [hand_detect] IN: hand_detect 1920x1080 → OUT: detected=false landmarks=nil confidence=0
[2026-06-15 09:26:02] [face_detect] IN: face_detect → OUT: detected=false landmarks=nil roll=nil pitch=nil yaw=nil (2828ms)
[2026-06-15 09:26:03] [hand_detect] IN: hand_detect 1920x1080 → OUT: detected=false landmarks=nil confidence=0
[2026-06-15 09:26:03] [face_detect] IN: face_detect → OUT: detected=false landmarks=nil roll=nil pitch=nil yaw=nil (2930ms)
[2026-06-15 09:26:03] [hand_detect] IN: hand_detect 1920x1080 → OUT: detected=false landmarks=nil confidence=0
[2026-06-15 09:26:03] [face_detect] IN: face_detect → OUT: detected=false landmarks=nil roll=nil pitch=nil yaw=nil (3079ms)
[2026-06-15 09:26:03] [hand_detect] IN: hand_detect 1920x1080 → OUT: detected=false landmarks=nil confidence=0
[2026-06-15 09:26:03] [face_detect] IN: face_detect → OUT: detected=false landmarks=nil roll=nil pitch=nil yaw=nil (3471ms)
[2026-06-15 09:26:03] [hand_detect] IN: hand_detect 1920x1080 → OUT: detected=false landmarks=nil confidence=0
[2026-06-15 09:26:03] [face_detect] IN: face_detect → OUT: detected=false landmarks=nil roll=nil pitch=nil yaw=nil (3180ms)
[2026-06-15 09:26:03] [hand_detect] IN: hand_detect 1920x1080 → OUT: detected=false landmarks=nil confidence=0
[2026-06-15 09:26:03] [face_detect] IN: face_detect → OUT: detected=false landmarks=nil roll=nil pitch=nil yaw=nil (2985ms)
[2026-06-15 09:26:03] [hand_detect] IN: hand_detect 1920x1080 → OUT: detected=false landmarks=nil confidence=0
[2026-06-15 09:26:03] [face_detect] IN: face_detect → OUT: detected=false landmarks=nil roll=nil pitch=nil yaw=nil (3304ms)
[2026-06-15 09:26:03] [hand_detect] IN: hand_detect 1920x1080 → OUT: detected=false landmarks=nil confidence=0
[2026-06-15 09:26:03] [face_detect] IN: face_detect → OUT: detected=false landmarks=nil roll=nil pitch=nil yaw=nil (3520ms)
[2026-06-15 09:26:03] [hand_detect] IN: hand_detect 1920x1080 → OUT: detected=false landmarks=nil confidence=0
[2026-06-15 09:26:03] [face_detect] IN: face_detect → OUT: detected=false landmarks=nil roll=nil pitch=nil yaw=nil (3082ms)
[2026-06-15 09:26:03] [hand_detect] IN: hand_detect 1920x1080 → OUT: detected=false landmarks=nil confidence=0
[2026-06-15 09:26:03] [face_detect] IN: face_detect → OUT: detected=false landmarks=nil roll=nil pitch=nil yaw=nil (2809ms)
[2026-06-15 09:26:03] [hand_detect] IN: hand_detect 1920x1080 → OUT: detected=false landmarks=nil confidence=0
[2026-06-15 09:26:03] [face_detect] IN: face_detect → OUT: detected=false landmarks=nil roll=nil pitch=nil yaw=nil (3167ms)
[2026-06-15 09:26:03] [axScan] IN: windows=24 → OUT: raw=2661 visible=1639 (1016ms)
[2026-06-15 09:26:03] [hand_detect] IN: hand_detect 1920x1080 → OUT: detected=false landmarks=nil confidence=0
[2026-06-15 09:26:03] [face_detect] IN: face_detect → OUT: detected=false landmarks=nil roll=nil pitch=nil yaw=nil (2826ms)
[2026-06-15 09:26:03] [hand_detect] IN: hand_detect 1920x1080 → OUT: detected=false landmarks=nil confidence=0
[2026-06-15 09:26:03] [face_detect] IN: face_detect → OUT: detected=false landmarks=nil roll=nil pitch=nil yaw=nil (2894ms)
[2026-06-15 09:26:03] [hand_detect] IN: hand_detect 1920x1080 → OUT: detected=false landmarks=nil confidence=0
[2026-06-15 09:26:03] [face_detect] IN: face_detect → OUT: detected=false landmarks=nil roll=nil pitch=nil yaw=nil (2749ms)
[2026-06-15 09:26:03] [hand_detect] IN: hand_detect 1920x1080 → OUT: detected=false landmarks=nil confidence=0
[2026-06-15 09:26:03] [face_detect] IN: face_detect → OUT: detected=false landmarks=nil roll=nil pitch=nil yaw=nil (2681ms)
[2026-06-15 09:26:03] [hand_detect] IN: hand_detect 1920x1080 → OUT: detected=false landmarks=nil confidence=0
[2026-06-15 09:26:03] [face_detect] IN: face_detect → OUT: detected=false landmarks=nil roll=nil pitch=nil yaw=nil (2756ms)
[2026-06-15 09:26:03] [hand_detect] IN: hand_detect 1920x1080 → OUT: detected=false landmarks=nil confidence=0
[2026-06-15 09:26:03] [face_detect] IN: face_detect → OUT: detected=false landmarks=nil roll=nil pitch=nil yaw=nil (4558ms)
[2026-06-15 09:26:03] [hand_detect] IN: hand_detect 1920x1080 → OUT: detected=false landmarks=nil confidence=0
[2026-06-15 09:26:03] [face_detect] IN: face_detect → OUT: detected=false landmarks=nil roll=nil pitch=nil yaw=nil (2924ms)
[2026-06-15 09:26:03] [hand_detect] IN: hand_detect 1920x1080 → OUT: detected=false landmarks=nil confidence=0
[2026-06-15 09:26:03] [face_detect] IN: face_detect → OUT: detected=false landmarks=nil roll=nil pitch=nil yaw=nil (3044ms)
[2026-06-15 09:26:03] [hand_detect] IN: hand_detect 1920x1080 → OUT: detected=false landmarks=nil confidence=0
[2026-06-15 09:26:03] [face_detect] IN: face_detect → OUT: detected=false landmarks=nil roll=nil pitch=nil yaw=nil (2753ms)
[2026-06-15 09:26:03] [hand_detect] IN: hand_detect 1920x1080 → OUT: detected=false landmarks=nil confidence=0
[2026-06-15 09:26:03] [face_detect] IN: face_detect → OUT: detected=false landmarks=nil roll=nil pitch=nil yaw=nil (2830ms)
[2026-06-15 09:26:03] [hand_detect] IN: hand_detect 1920x1080 → OUT: detected=false landmarks=nil confidence=0
[2026-06-15 09:26:03] [face_detect] IN: face_detect → OUT: detected=false landmarks=nil roll=nil pitch=nil yaw=nil (2732ms)
[2026-06-15 09:26:03] [hand_detect] IN: hand_detect 1920x1080 → OUT: detected=false landmarks=nil confidence=0
[2026-06-15 09:26:03] [face_detect] IN: face_detect → OUT: detected=false landmarks=nil roll=nil pitch=nil yaw=nil (2873ms)
[2026-06-15 09:26:03] [hand_detect] IN: hand_detect 1920x1080 → OUT: detected=false landmarks=nil confidence=0
[2026-06-15 09:26:03] [face_detect] IN: face_detect → OUT: detected=false landmarks=nil roll=nil pitch=nil yaw=nil (2833ms)
[2026-06-15 09:26:03] [hand_detect] IN: hand_detect 1920x1080 → OUT: detected=false landmarks=nil confidence=0
[2026-06-15 09:26:03] [face_detect] IN: face_detect → OUT: detected=false landmarks=nil roll=nil pitch=nil yaw=nil (3153ms)
[2026-06-15 09:26:03] [hand_detect] IN: hand_detect 1920x1080 → OUT: detected=false landmarks=nil confidence=0
[2026-06-15 09:26:03] [face_detect] IN: face_detect → OUT: detected=false landmarks=nil roll=nil pitch=nil yaw=nil (3633ms)
[2026-06-15 09:26:03] [hand_detect] IN: hand_detect 1920x1080 → OUT: detected=false landmarks=nil confidence=0
[2026-06-15 09:26:03] [face_detect] IN: face_detect → OUT: detected=false landmarks=nil roll=nil pitch=nil yaw=nil (3448ms)
[2026-06-15 09:26:03] [hand_detect] IN: hand_detect 1920x1080 → OUT: detected=false landmarks=nil confidence=0
[2026-06-15 09:26:03] [face_detect] IN: face_detect → OUT: detected=false landmarks=nil roll=nil pitch=nil yaw=nil (5720ms)
[2026-06-15 09:26:03] [hand_detect] IN: hand_detect 1920x1080 → OUT: detected=false landmarks=nil confidence=0
[2026-06-15 09:26:03] [face_detect] IN: face_detect → OUT: detected=false landmarks=nil roll=nil pitch=nil yaw=nil (2992ms)
[2026-06-15 09:26:03] [hand_detect] IN: hand_detect 1920x1080 → OUT: detected=false landmarks=nil confidence=0
[2026-06-15 09:26:03] [face_detect] IN: face_detect → OUT: detected=false landmarks=nil roll=nil pitch=nil yaw=nil (2856ms)
[2026-06-15 09:26:03] [hand_detect] IN: hand_detect 1920x1080 → OUT: detected=false landmarks=nil confidence=0
[2026-06-15 09:26:03] [face_detect] IN: face_detect → OUT: detected=false landmarks=nil roll=nil pitch=nil yaw=nil (3311ms)
[2026-06-15 09:26:04] [hand_detect] IN: hand_detect 1920x1080 → OUT: detected=false landmarks=nil confidence=0
[2026-06-15 09:26:04] [face_detect] IN: face_detect → OUT: detected=false landmarks=nil roll=nil pitch=nil yaw=nil (3995ms)
[2026-06-15 09:26:04] [hand_detect] IN: hand_detect 1920x1080 → OUT: detected=false landmarks=nil confidence=0
[2026-06-15 09:26:04] [face_detect] IN: face_detect → OUT: detected=false landmarks=nil roll=nil pitch=nil yaw=nil (2852ms)
[2026-06-15 09:26:04] [hand_detect] IN: hand_detect 1920x1080 → OUT: detected=false landmarks=nil confidence=0
[2026-06-15 09:26:04] [face_detect] IN: face_detect → OUT: detected=false landmarks=nil roll=nil pitch=nil yaw=nil (2948ms)
[2026-06-15 09:26:04] [hand_detect] IN: hand_detect 1920x1080 → OUT: detected=false landmarks=nil confidence=0
[2026-06-15 09:26:04] [face_detect] IN: face_detect → OUT: detected=false landmarks=nil roll=nil pitch=nil yaw=nil (2884ms)
[2026-06-15 09:26:04] [hand_detect] IN: hand_detect 1920x1080 → OUT: detected=false landmarks=nil confidence=0
[2026-06-15 09:26:04] [face_detect] IN: face_detect → OUT: detected=false landmarks=nil roll=nil pitch=nil yaw=nil (3001ms)
[2026-06-15 09:26:04] [hand_detect] IN: hand_detect 1920x1080 → OUT: detected=false landmarks=nil confidence=0
[2026-06-15 09:26:04] [face_detect] IN: face_detect → OUT: detected=false landmarks=nil roll=nil pitch=nil yaw=nil (3330ms)
[2026-06-15 09:26:04] [hand_detect] IN: hand_detect 1920x1080 → OUT: detected=false landmarks=nil confidence=0
[2026-06-15 09:26:04] [face_detect] IN: face_detect → OUT: detected=false landmarks=nil roll=nil pitch=nil yaw=nil (2939ms)
[2026-06-15 09:26:04] [hand_detect] IN: hand_detect 1920x1080 → OUT: detected=false landmarks=nil confidence=0
[2026-06-15 09:26:04] [face_detect] IN: face_detect → OUT: detected=false landmarks=nil roll=nil pitch=nil yaw=nil (2768ms)
[2026-06-15 09:26:04] [hand_detect] IN: hand_detect 1920x1080 → OUT: detected=false landmarks=nil confidence=0
[2026-06-15 09:26:04] [face_detect] IN: face_detect → OUT: detected=false landmarks=nil roll=nil pitch=nil yaw=nil (2960ms)
[2026-06-15 09:26:04] [hand_detect] IN: hand_detect 1920x1080 → OUT: detected=false landmarks=nil confidence=0
[2026-06-15 09:26:04] [axMatch] IN: cursor=(902,364) → OUT: role=AXRow title= (0ms)
[2026-06-15 09:26:04] [face_detect] IN: face_detect → OUT: detected=false landmarks=nil roll=nil pitch=nil yaw=nil (3304ms)
[2026-06-15 09:26:04] [hand_detect] IN: hand_detect 1920x1080 → OUT: detected=false landmarks=nil confidence=0
[2026-06-15 09:26:04] [face_detect] IN: face_detect → OUT: detected=false landmarks=nil roll=nil pitch=nil yaw=nil (2947ms)
[2026-06-15 09:26:04] [hand_detect] IN: hand_detect 1920x1080 → OUT: detected=false landmarks=nil confidence=0
[2026-06-15 09:26:04] [face_detect] IN: face_detect → OUT: detected=false landmarks=nil roll=nil pitch=nil yaw=nil (2711ms)
[2026-06-15 09:26:04] [hand_detect] IN: hand_detect 1920x1080 → OUT: detected=false landmarks=nil confidence=0
[2026-06-15 09:26:04] [face_detect] IN: face_detect → OUT: detected=false landmarks=nil roll=nil pitch=nil yaw=nil (3602ms)
[2026-06-15 09:26:04] [hand_detect] IN: hand_detect 1920x1080 → OUT: detected=false landmarks=nil confidence=0
[2026-06-15 09:26:04] [face_detect] IN: face_detect → OUT: detected=false landmarks=nil roll=nil pitch=nil yaw=nil (3164ms)
[2026-06-15 09:26:04] [hand_detect] IN: hand_detect 1920x1080 → OUT: detected=false landmarks=nil confidence=0
[2026-06-15 09:26:04] [face_detect] IN: face_detect → OUT: detected=false landmarks=nil roll=nil pitch=nil yaw=nil (2760ms)
[2026-06-15 09:26:04] [hand_detect] IN: hand_detect 1920x1080 → OUT: detected=false landmarks=nil confidence=0
[2026-06-15 09:26:04] [face_detect] IN: face_detect → OUT: detected=false landmarks=nil roll=nil pitch=nil yaw=nil (2794ms)
[2026-06-15 09:26:04] [hand_detect] IN: hand_detect 1920x1080 → OUT: detected=false landmarks=nil confidence=0
[2026-06-15 09:26:04] [face_detect] IN: face_detect → OUT: detected=false landmarks=nil roll=nil pitch=nil yaw=nil (2782ms)
[2026-06-15 09:26:04] [hand_detect] IN: hand_detect 1920x1080 → OUT: detected=false landmarks=nil confidence=0
[2026-06-15 09:26:04] [face_detect] IN: face_detect → OUT: detected=false landmarks=nil roll=nil pitch=nil yaw=nil (2599ms)
[2026-06-15 09:26:04] [hand_detect] IN: hand_detect 1920x1080 → OUT: detected=false landmarks=nil confidence=0
[2026-06-15 09:26:04] [face_detect] IN: face_detect → OUT: detected=false landmarks=nil roll=nil pitch=nil yaw=nil (2983ms)
[2026-06-15 09:26:04] [hand_detect] IN: hand_detect 1920x1080 → OUT: detected=false landmarks=nil confidence=0
[2026-06-15 09:26:04] [face_detect] IN: face_detect → OUT: detected=false landmarks=nil roll=nil pitch=nil yaw=nil (3095ms)
[2026-06-15 09:26:04] [hand_detect] IN: hand_detect 1920x1080 → OUT: detected=false landmarks=nil confidence=0
[2026-06-15 09:26:04] [face_detect] IN: face_detect → OUT: detected=false landmarks=nil roll=nil pitch=nil yaw=nil (3520ms)
[2026-06-15 09:26:04] [hand_detect] IN: hand_detect 1920x1080 → OUT: detected=false landmarks=nil confidence=0
[2026-06-15 09:26:04] [face_detect] IN: face_detect → OUT: detected=false landmarks=nil roll=nil pitch=nil yaw=nil (2805ms)
[2026-06-15 09:26:04] [hand_detect] IN: hand_detect 1920x1080 → OUT: detected=false landmarks=nil confidence=0
[2026-06-15 09:26:04] [face_detect] IN: face_detect → OUT: detected=false landmarks=nil roll=nil pitch=nil yaw=nil (19757ms)
[2026-06-15 09:26:04] [hand_detect] IN: hand_detect 1920x1080 → OUT: detected=false landmarks=nil confidence=0
[2026-06-15 09:26:04] [face_detect] IN: face_detect → OUT: detected=false landmarks=nil roll=nil pitch=nil yaw=nil (6593ms)
[2026-06-15 09:26:04] [axMatch] IN: cursor=(642,15) → OUT: lost (0ms)
[2026-06-15 09:26:04] [hand_detect] IN: hand_detect 1920x1080 → OUT: detected=false landmarks=nil confidence=0
[2026-06-15 09:26:04] [face_detect] IN: face_detect → OUT: detected=false landmarks=nil roll=nil pitch=nil yaw=nil (3159ms)
[2026-06-15 09:26:04] [hand_detect] IN: hand_detect 1920x1080 → OUT: detected=false landmarks=nil confidence=0
[2026-06-15 09:26:04] [face_detect] IN: face_detect → OUT: detected=false landmarks=nil roll=nil pitch=nil yaw=nil (2933ms)
[2026-06-15 09:26:04] [hand_detect] IN: hand_detect 1920x1080 → OUT: detected=false landmarks=nil confidence=0
[2026-06-15 09:26:04] [face_detect] IN: face_detect → OUT: detected=false landmarks=nil roll=nil pitch=nil yaw=nil (2912ms)
[2026-06-15 09:26:04] [hand_detect] IN: hand_detect 1920x1080 → OUT: detected=false landmarks=nil confidence=0
[2026-06-15 09:26:04] [face_detect] IN: face_detect → OUT: detected=false landmarks=nil roll=nil pitch=nil yaw=nil (3598ms)
[2026-06-15 09:26:04] [hand_detect] IN: hand_detect 1920x1080 → OUT: detected=false landmarks=nil confidence=0
[2026-06-15 09:26:04] [face_detect] IN: face_detect → OUT: detected=false landmarks=nil roll=nil pitch=nil yaw=nil (3082ms)
[2026-06-15 09:26:04] [hand_detect] IN: hand_detect 1920x1080 → OUT: detected=false landmarks=nil confidence=0
[2026-06-15 09:26:04] [face_detect] IN: face_detect → OUT: detected=false landmarks=nil roll=nil pitch=nil yaw=nil (3116ms)
[2026-06-15 09:26:04] [axScan] IN: windows=24 → OUT: raw=2709 visible=1688 (1189ms)
[2026-06-15 09:26:05] [hand_detect] IN: hand_detect 1920x1080 → OUT: detected=false landmarks=nil confidence=0
[2026-06-15 09:26:05] [face_detect] IN: face_detect → OUT: detected=false landmarks=nil roll=nil pitch=nil yaw=nil (2840ms)
[2026-06-15 09:26:05] [hand_detect] IN: hand_detect 1920x1080 → OUT: detected=false landmarks=nil confidence=0
[2026-06-15 09:26:05] [face_detect] IN: face_detect → OUT: detected=false landmarks=nil roll=nil pitch=nil yaw=nil (3343ms)
[2026-06-15 09:26:05] [hand_detect] IN: hand_detect 1920x1080 → OUT: detected=false landmarks=nil confidence=0
[2026-06-15 09:26:05] [face_detect] IN: face_detect → OUT: detected=false landmarks=nil roll=nil pitch=nil yaw=nil (3152ms)
[2026-06-15 09:26:05] [hand_detect] IN: hand_detect 1920x1080 → OUT: detected=false landmarks=nil confidence=0
[2026-06-15 09:26:05] [face_detect] IN: face_detect → OUT: detected=false landmarks=nil roll=nil pitch=nil yaw=nil (2903ms)
[2026-06-15 09:26:05] [hand_detect] IN: hand_detect 1920x1080 → OUT: detected=false landmarks=nil confidence=0
[2026-06-15 09:26:05] [face_detect] IN: face_detect → OUT: detected=false landmarks=nil roll=nil pitch=nil yaw=nil (3072ms)
[2026-06-15 09:26:05] [hand_detect] IN: hand_detect 1920x1080 → OUT: detected=false landmarks=nil confidence=0
[2026-06-15 09:26:05] [face_detect] IN: face_detect → OUT: detected=false landmarks=nil roll=nil pitch=nil yaw=nil (2681ms)
[2026-06-15 09:26:05] [hand_detect] IN: hand_detect 1920x1080 → OUT: detected=false landmarks=nil confidence=0
[2026-06-15 09:26:05] [face_detect] IN: face_detect → OUT: detected=false landmarks=nil roll=nil pitch=nil yaw=nil (2671ms)
[2026-06-15 09:26:05] [hand_detect] IN: hand_detect 1920x1080 → OUT: detected=false landmarks=nil confidence=0
[2026-06-15 09:26:05] [face_detect] IN: face_detect → OUT: detected=false landmarks=nil roll=nil pitch=nil yaw=nil (3054ms)
[2026-06-15 09:26:05] [hand_detect] IN: hand_detect 1920x1080 → OUT: detected=false landmarks=nil confidence=0
[2026-06-15 09:26:05] [face_detect] IN: face_detect → OUT: detected=false landmarks=nil roll=nil pitch=nil yaw=nil (3054ms)
[2026-06-15 09:26:05] [axMatch] IN: cursor=(631,50) → OUT: role=AXButton title= (0ms)
[2026-06-15 09:26:05] [hand_detect] IN: hand_detect 1920x1080 → OUT: detected=false landmarks=nil confidence=0
[2026-06-15 09:26:05] [face_detect] IN: face_detect → OUT: detected=false landmarks=nil roll=nil pitch=nil yaw=nil (2724ms)
[2026-06-15 09:26:05] [hand_detect] IN: hand_detect 1920x1080 → OUT: detected=false landmarks=nil confidence=0
[2026-06-15 09:26:05] [face_detect] IN: face_detect → OUT: detected=false landmarks=nil roll=nil pitch=nil yaw=nil (2606ms)
[2026-06-15 09:26:05] [hand_detect] IN: hand_detect 1920x1080 → OUT: detected=false landmarks=nil confidence=0
[2026-06-15 09:26:05] [face_detect] IN: face_detect → OUT: detected=false landmarks=nil roll=nil pitch=nil yaw=nil (2774ms)
[2026-06-15 09:26:05] [hand_detect] IN: hand_detect 1920x1080 → OUT: detected=false landmarks=nil confidence=0
[2026-06-15 09:26:05] [face_detect] IN: face_detect → OUT: detected=false landmarks=nil roll=nil pitch=nil yaw=nil (3774ms)
[2026-06-15 09:26:05] [hand_detect] IN: hand_detect 1920x1080 → OUT: detected=false landmarks=nil confidence=0
[2026-06-15 09:26:05] [face_detect] IN: face_detect → OUT: detected=false landmarks=nil roll=nil pitch=nil yaw=nil (2919ms)
[2026-06-15 09:26:05] [hand_detect] IN: hand_detect 1920x1080 → OUT: detected=false landmarks=nil confidence=0
[2026-06-15 09:26:05] [face_detect] IN: face_detect → OUT: detected=false landmarks=nil roll=nil pitch=nil yaw=nil (2820ms)
[2026-06-15 09:26:05] [hand_detect] IN: hand_detect 1920x1080 → OUT: detected=false landmarks=nil confidence=0
[2026-06-15 09:26:05] [face_detect] IN: face_detect → OUT: detected=false landmarks=nil roll=nil pitch=nil yaw=nil (2894ms)
[2026-06-15 09:26:05] [hand_detect] IN: hand_detect 1920x1080 → OUT: detected=false landmarks=nil confidence=0
[2026-06-15 09:26:05] [face_detect] IN: face_detect → OUT: detected=false landmarks=nil roll=nil pitch=nil yaw=nil (2820ms)
[2026-06-15 09:26:05] [hand_detect] IN: hand_detect 1920x1080 → OUT: detected=false landmarks=nil confidence=0
[2026-06-15 09:26:05] [face_detect] IN: face_detect → OUT: detected=false landmarks=nil roll=nil pitch=nil yaw=nil (3085ms)
[2026-06-15 09:26:05] [hand_detect] IN: hand_detect 1920x1080 → OUT: detected=false landmarks=nil confidence=0
[2026-06-15 09:26:05] [face_detect] IN: face_detect → OUT: detected=false landmarks=nil roll=nil pitch=nil yaw=nil (2951ms)
[2026-06-15 09:26:05] [hand_detect] IN: hand_detect 1920x1080 → OUT: detected=false landmarks=nil confidence=0
[2026-06-15 09:26:05] [face_detect] IN: face_detect → OUT: detected=false landmarks=nil roll=nil pitch=nil yaw=nil (7650ms)
[2026-06-15 09:26:05] [hand_detect] IN: hand_detect 1920x1080 → OUT: detected=false landmarks=nil confidence=0
[2026-06-15 09:26:05] [face_detect] IN: face_detect → OUT: detected=false landmarks=nil roll=nil pitch=nil yaw=nil (19073ms)
[2026-06-15 09:26:05] [hand_detect] IN: hand_detect 1920x1080 → OUT: detected=false landmarks=nil confidence=0
[2026-06-15 09:26:05] [face_detect] IN: face_detect → OUT: detected=false landmarks=nil roll=nil pitch=nil yaw=nil (4311ms)
[2026-06-15 09:26:05] [hand_detect] IN: hand_detect 1920x1080 → OUT: detected=false landmarks=nil confidence=0
[2026-06-15 09:26:05] [face_detect] IN: face_detect → OUT: detected=false landmarks=nil roll=nil pitch=nil yaw=nil (3025ms)
[2026-06-15 09:26:05] [axMatch] IN: cursor=(630,109) → OUT: role=AXRadioButton title=资源管理器 (⇧⌘E) (0ms)
[2026-06-15 09:26:05] [hand_detect] IN: hand_detect 1920x1080 → OUT: detected=false landmarks=nil confidence=0
[2026-06-15 09:26:05] [face_detect] IN: face_detect → OUT: detected=false landmarks=nil roll=nil pitch=nil yaw=nil (6349ms)
[2026-06-15 09:26:05] [hand_detect] IN: hand_detect 1920x1080 → OUT: detected=false landmarks=nil confidence=0
[2026-06-15 09:26:05] [face_detect] IN: face_detect → OUT: detected=false landmarks=nil roll=nil pitch=nil yaw=nil (4531ms)
[2026-06-15 09:26:05] [hand_detect] IN: hand_detect 1920x1080 → OUT: detected=false landmarks=nil confidence=0
[2026-06-15 09:26:05] [face_detect] IN: face_detect → OUT: detected=false landmarks=nil roll=nil pitch=nil yaw=nil (3275ms)
[2026-06-15 09:26:05] [hand_detect] IN: hand_detect 1920x1080 → OUT: detected=false landmarks=nil confidence=0
[2026-06-15 09:26:05] [face_detect] IN: face_detect → OUT: detected=false landmarks=nil roll=nil pitch=nil yaw=nil (3856ms)
[2026-06-15 09:26:05] [hand_detect] IN: hand_detect 1920x1080 → OUT: detected=false landmarks=nil confidence=0
[2026-06-15 09:26:05] [face_detect] IN: face_detect → OUT: detected=false landmarks=nil roll=nil pitch=nil yaw=nil (3198ms)
[2026-06-15 09:26:05] [hand_detect] IN: hand_detect 1920x1080 → OUT: detected=false landmarks=nil confidence=0
[2026-06-15 09:26:05] [face_detect] IN: face_detect → OUT: detected=false landmarks=nil roll=nil pitch=nil yaw=nil (2962ms)
[2026-06-15 09:26:05] [hand_detect] IN: hand_detect 1920x1080 → OUT: detected=false landmarks=nil confidence=0
[2026-06-15 09:26:05] [face_detect] IN: face_detect → OUT: detected=false landmarks=nil roll=nil pitch=nil yaw=nil (2925ms)
[2026-06-15 09:26:06] [hand_detect] IN: hand_detect 1920x1080 → OUT: detected=false landmarks=nil confidence=0
[2026-06-15 09:26:06] [face_detect] IN: face_detect → OUT: detected=false landmarks=nil roll=nil pitch=nil yaw=nil (2791ms)
[2026-06-15 09:26:06] [hand_detect] IN: hand_detect 1920x1080 → OUT: detected=false landmarks=nil confidence=0
[2026-06-15 09:26:06] [face_detect] IN: face_detect → OUT: detected=false landmarks=nil roll=nil pitch=nil yaw=nil (3285ms)
[2026-06-15 09:26:06] [hand_detect] IN: hand_detect 1920x1080 → OUT: detected=false landmarks=nil confidence=0
[2026-06-15 09:26:06] [face_detect] IN: face_detect → OUT: detected=false landmarks=nil roll=nil pitch=nil yaw=nil (3250ms)
[2026-06-15 09:26:06] [hand_detect] IN: hand_detect 1920x1080 → OUT: detected=false landmarks=nil confidence=0
[2026-06-15 09:26:06] [face_detect] IN: face_detect → OUT: detected=false landmarks=nil roll=nil pitch=nil yaw=nil (3111ms)
[2026-06-15 09:26:06] [hand_detect] IN: hand_detect 1920x1080 → OUT: detected=false landmarks=nil confidence=0
[2026-06-15 09:26:06] [face_detect] IN: face_detect → OUT: detected=false landmarks=nil roll=nil pitch=nil yaw=nil (2884ms)
[2026-06-15 09:26:06] [hand_detect] IN: hand_detect 1920x1080 → OUT: detected=false landmarks=nil confidence=0
[2026-06-15 09:26:06] [face_detect] IN: face_detect → OUT: detected=false landmarks=nil roll=nil pitch=nil yaw=nil (2977ms)
[2026-06-15 09:26:06] [hand_detect] IN: hand_detect 1920x1080 → OUT: detected=false landmarks=nil confidence=0
[2026-06-15 09:26:06] [face_detect] IN: face_detect → OUT: detected=false landmarks=nil roll=nil pitch=nil yaw=nil (2790ms)
[2026-06-15 09:26:06] [hand_detect] IN: hand_detect 1920x1080 → OUT: detected=false landmarks=nil confidence=0
[2026-06-15 09:26:06] [face_detect] IN: face_detect → OUT: detected=false landmarks=nil roll=nil pitch=nil yaw=nil (3051ms)
[2026-06-15 09:26:06] [axMatch] IN: cursor=(910,517) → OUT: role=AXRow title= (0ms)
[2026-06-15 09:26:06] [hand_detect] IN: hand_detect 1920x1080 → OUT: detected=false landmarks=nil confidence=0
[2026-06-15 09:26:06] [face_detect] IN: face_detect → OUT: detected=false landmarks=nil roll=nil pitch=nil yaw=nil (2750ms)
[2026-06-15 09:26:06] [hand_detect] IN: hand_detect 1920x1080 → OUT: detected=false landmarks=nil confidence=0
[2026-06-15 09:26:06] [face_detect] IN: face_detect → OUT: detected=false landmarks=nil roll=nil pitch=nil yaw=nil (3216ms)
[2026-06-15 09:26:06] [hand_detect] IN: hand_detect 1920x1080 → OUT: detected=false landmarks=nil confidence=0
[2026-06-15 09:26:06] [face_detect] IN: face_detect → OUT: detected=false landmarks=nil roll=nil pitch=nil yaw=nil (2961ms)
[2026-06-15 09:26:06] [hand_detect] IN: hand_detect 1920x1080 → OUT: detected=false landmarks=nil confidence=0
[2026-06-15 09:26:06] [face_detect] IN: face_detect → OUT: detected=false landmarks=nil roll=nil pitch=nil yaw=nil (2755ms)
[2026-06-15 09:26:06] [hand_detect] IN: hand_detect 1920x1080 → OUT: detected=false landmarks=nil confidence=0
[2026-06-15 09:26:06] [face_detect] IN: face_detect → OUT: detected=false landmarks=nil roll=nil pitch=nil yaw=nil (3327ms)
[2026-06-15 09:26:06] [hand_detect] IN: hand_detect 1920x1080 → OUT: detected=false landmarks=nil confidence=0
[2026-06-15 09:26:06] [face_detect] IN: face_detect → OUT: detected=false landmarks=nil roll=nil pitch=nil yaw=nil (3582ms)
[2026-06-15 09:26:06] [hand_detect] IN: hand_detect 1920x1080 → OUT: detected=false landmarks=nil confidence=0
[2026-06-15 09:26:06] [face_detect] IN: face_detect → OUT: detected=false landmarks=nil roll=nil pitch=nil yaw=nil (2830ms)
[2026-06-15 09:26:06] [hand_detect] IN: hand_detect 1920x1080 → OUT: detected=false landmarks=nil confidence=0
[2026-06-15 09:26:06] [face_detect] IN: face_detect → OUT: detected=false landmarks=nil roll=nil pitch=nil yaw=nil (2961ms)
[2026-06-15 09:26:06] [hand_detect] IN: hand_detect 1920x1080 → OUT: detected=false landmarks=nil confidence=0
[2026-06-15 09:26:06] [face_detect] IN: face_detect → OUT: detected=false landmarks=nil roll=nil pitch=nil yaw=nil (2721ms)
[2026-06-15 09:26:06] [hand_detect] IN: hand_detect 1920x1080 → OUT: detected=false landmarks=nil confidence=0
[2026-06-15 09:26:06] [face_detect] IN: face_detect → OUT: detected=false landmarks=nil roll=nil pitch=nil yaw=nil (2941ms)
[2026-06-15 09:26:06] [hand_detect] IN: hand_detect 1920x1080 → OUT: detected=false landmarks=nil confidence=0
[2026-06-15 09:26:06] [face_detect] IN: face_detect → OUT: detected=false landmarks=nil roll=nil pitch=nil yaw=nil (3020ms)
[2026-06-15 09:26:06] [hand_detect] IN: hand_detect 1920x1080 → OUT: detected=false landmarks=nil confidence=0
[2026-06-15 09:26:06] [face_detect] IN: face_detect → OUT: detected=false landmarks=nil roll=nil pitch=nil yaw=nil (3230ms)
[2026-06-15 09:26:06] [hand_detect] IN: hand_detect 1920x1080 → OUT: detected=false landmarks=nil confidence=0
[2026-06-15 09:26:06] [face_detect] IN: face_detect → OUT: detected=false landmarks=nil roll=nil pitch=nil yaw=nil (2940ms)
[2026-06-15 09:26:06] [hand_detect] IN: hand_detect 1920x1080 → OUT: detected=false landmarks=nil confidence=0
[2026-06-15 09:26:06] [face_detect] IN: face_detect → OUT: detected=false landmarks=nil roll=nil pitch=nil yaw=nil (2610ms)
[2026-06-15 09:26:06] [hand_detect] IN: hand_detect 1920x1080 → OUT: detected=false landmarks=nil confidence=0
[2026-06-15 09:26:06] [face_detect] IN: face_detect → OUT: detected=false landmarks=nil roll=nil pitch=nil yaw=nil (3850ms)
[2026-06-15 09:26:06] [axMatch] IN: cursor=(639,484) → OUT: role=AXRadioButton title= (0ms)
[2026-06-15 09:26:06] [hand_detect] IN: hand_detect 1920x1080 → OUT: detected=false landmarks=nil confidence=0
[2026-06-15 09:26:06] [face_detect] IN: face_detect → OUT: detected=false landmarks=nil roll=nil pitch=nil yaw=nil (3594ms)
[2026-06-15 09:26:06] [hand_detect] IN: hand_detect 1920x1080 → OUT: detected=false landmarks=nil confidence=0
[2026-06-15 09:26:06] [face_detect] IN: face_detect → OUT: detected=false landmarks=nil roll=nil pitch=nil yaw=nil (2983ms)
[2026-06-15 09:26:06] [hand_detect] IN: hand_detect 1920x1080 → OUT: detected=false landmarks=nil confidence=0
[2026-06-15 09:26:06] [face_detect] IN: face_detect → OUT: detected=false landmarks=nil roll=nil pitch=nil yaw=nil (2831ms)
[2026-06-15 09:26:06] [hand_detect] IN: hand_detect 1920x1080 → OUT: detected=false landmarks=nil confidence=0
[2026-06-15 09:26:06] [face_detect] IN: face_detect → OUT: detected=false landmarks=nil roll=nil pitch=nil yaw=nil (2759ms)
[2026-06-15 09:26:06] [axScan] IN: windows=24 → OUT: raw=2709 visible=1689 (1597ms)
[2026-06-15 09:26:06] [hand_detect] IN: hand_detect 1920x1080 → OUT: detected=false landmarks=nil confidence=0
[2026-06-15 09:26:06] [face_detect] IN: face_detect → OUT: detected=false landmarks=nil roll=nil pitch=nil yaw=nil (2588ms)
[2026-06-15 09:26:06] [hand_detect] IN: hand_detect 1920x1080 → OUT: detected=false landmarks=nil confidence=0
[2026-06-15 09:26:06] [face_detect] IN: face_detect → OUT: detected=false landmarks=nil roll=nil pitch=nil yaw=nil (3504ms)
[2026-06-15 09:26:06] [hand_detect] IN: hand_detect 1920x1080 → OUT: detected=false landmarks=nil confidence=0
[2026-06-15 09:26:06] [face_detect] IN: face_detect → OUT: detected=false landmarks=nil roll=nil pitch=nil yaw=nil (2694ms)
[2026-06-15 09:26:07] [hand_detect] IN: hand_detect 1920x1080 → OUT: detected=false landmarks=nil confidence=0
[2026-06-15 09:26:07] [face_detect] IN: face_detect → OUT: detected=false landmarks=nil roll=nil pitch=nil yaw=nil (2795ms)
[2026-06-15 09:26:07] [hand_detect] IN: hand_detect 1920x1080 → OUT: detected=false landmarks=nil confidence=0
[2026-06-15 09:26:07] [face_detect] IN: face_detect → OUT: detected=false landmarks=nil roll=nil pitch=nil yaw=nil (2700ms)
[2026-06-15 09:26:07] [hand_detect] IN: hand_detect 1920x1080 → OUT: detected=false landmarks=nil confidence=0
[2026-06-15 09:26:07] [face_detect] IN: face_detect → OUT: detected=false landmarks=nil roll=nil pitch=nil yaw=nil (3368ms)
[2026-06-15 09:26:07] [hand_detect] IN: hand_detect 1920x1080 → OUT: detected=false landmarks=nil confidence=0
[2026-06-15 09:26:07] [face_detect] IN: face_detect → OUT: detected=false landmarks=nil roll=nil pitch=nil yaw=nil (2722ms)
[2026-06-15 09:26:07] [hand_detect] IN: hand_detect 1920x1080 → OUT: detected=false landmarks=nil confidence=0
[2026-06-15 09:26:07] [face_detect] IN: face_detect → OUT: detected=false landmarks=nil roll=nil pitch=nil yaw=nil (2792ms)
[2026-06-15 09:26:07] [hand_detect] IN: hand_detect 1920x1080 → OUT: detected=false landmarks=nil confidence=0
[2026-06-15 09:26:07] [face_detect] IN: face_detect → OUT: detected=false landmarks=nil roll=nil pitch=nil yaw=nil (2765ms)
[2026-06-15 09:26:07] [hand_detect] IN: hand_detect 1920x1080 → OUT: detected=false landmarks=nil confidence=0
[2026-06-15 09:26:07] [face_detect] IN: face_detect → OUT: detected=false landmarks=nil roll=nil pitch=nil yaw=nil (2737ms)
[2026-06-15 09:26:07] [hand_detect] IN: hand_detect 1920x1080 → OUT: detected=false landmarks=nil confidence=0
[2026-06-15 09:26:07] [face_detect] IN: face_detect → OUT: detected=false landmarks=nil roll=nil pitch=nil yaw=nil (2725ms)
[2026-06-15 09:26:07] [hand_detect] IN: hand_detect 1920x1080 → OUT: detected=false landmarks=nil confidence=0
[2026-06-15 09:26:07] [face_detect] IN: face_detect → OUT: detected=false landmarks=nil roll=nil pitch=nil yaw=nil (2659ms)
[2026-06-15 09:26:07] [hand_detect] IN: hand_detect 1920x1080 → OUT: detected=false landmarks=nil confidence=0
[2026-06-15 09:26:07] [face_detect] IN: face_detect → OUT: detected=false landmarks=nil roll=nil pitch=nil yaw=nil (2699ms)
[2026-06-15 09:26:07] [hand_detect] IN: hand_detect 1920x1080 → OUT: detected=false landmarks=nil confidence=0
[2026-06-15 09:26:07] [face_detect] IN: face_detect → OUT: detected=false landmarks=nil roll=nil pitch=nil yaw=nil (2912ms)
[2026-06-15 09:26:07] [hand_detect] IN: hand_detect 1920x1080 → OUT: detected=false landmarks=nil confidence=0
[2026-06-15 09:26:07] [face_detect] IN: face_detect → OUT: detected=false landmarks=nil roll=nil pitch=nil yaw=nil (2858ms)
[2026-06-15 09:26:07] [hand_detect] IN: hand_detect 1920x1080 → OUT: detected=false landmarks=nil confidence=0
[2026-06-15 09:26:07] [face_detect] IN: face_detect → OUT: detected=false landmarks=nil roll=nil pitch=nil yaw=nil (3242ms)
[2026-06-15 09:26:07] [hand_detect] IN: hand_detect 1920x1080 → OUT: detected=false landmarks=nil confidence=0
[2026-06-15 09:26:07] [face_detect] IN: face_detect → OUT: detected=false landmarks=nil roll=nil pitch=nil yaw=nil (3396ms)
[2026-06-15 09:26:07] [hand_detect] IN: hand_detect 1920x1080 → OUT: detected=false landmarks=nil confidence=0
[2026-06-15 09:26:07] [face_detect] IN: face_detect → OUT: detected=false landmarks=nil roll=nil pitch=nil yaw=nil (3085ms)
[2026-06-15 09:26:07] [hand_detect] IN: hand_detect 1920x1080 → OUT: detected=false landmarks=nil confidence=0
[2026-06-15 09:26:07] [face_detect] IN: face_detect → OUT: detected=false landmarks=nil roll=nil pitch=nil yaw=nil (3031ms)
[2026-06-15 09:26:07] [hand_detect] IN: hand_detect 1920x1080 → OUT: detected=false landmarks=nil confidence=0
[2026-06-15 09:26:07] [face_detect] IN: face_detect → OUT: detected=false landmarks=nil roll=nil pitch=nil yaw=nil (3008ms)
[2026-06-15 09:26:07] [hand_detect] IN: hand_detect 1920x1080 → OUT: detected=false landmarks=nil confidence=0
[2026-06-15 09:26:07] [face_detect] IN: face_detect → OUT: detected=false landmarks=nil roll=nil pitch=nil yaw=nil (3435ms)
[2026-06-15 09:26:07] [hand_detect] IN: hand_detect 1920x1080 → OUT: detected=false landmarks=nil confidence=0
[2026-06-15 09:26:07] [face_detect] IN: face_detect → OUT: detected=false landmarks=nil roll=nil pitch=nil yaw=nil (2914ms)
[2026-06-15 09:26:07] [hand_detect] IN: hand_detect 1920x1080 → OUT: detected=false landmarks=nil confidence=0
[2026-06-15 09:26:07] [face_detect] IN: face_detect → OUT: detected=false landmarks=nil roll=nil pitch=nil yaw=nil (2856ms)
[2026-06-15 09:26:07] [hand_detect] IN: hand_detect 1920x1080 → OUT: detected=false landmarks=nil confidence=0
[2026-06-15 09:26:07] [face_detect] IN: face_detect → OUT: detected=false landmarks=nil roll=nil pitch=nil yaw=nil (2871ms)
[2026-06-15 09:26:07] [hand_detect] IN: hand_detect 1920x1080 → OUT: detected=false landmarks=nil confidence=0
[2026-06-15 09:26:07] [face_detect] IN: face_detect → OUT: detected=false landmarks=nil roll=nil pitch=nil yaw=nil (3434ms)
[2026-06-15 09:26:07] [hand_detect] IN: hand_detect 1920x1080 → OUT: detected=false landmarks=nil confidence=0
[2026-06-15 09:26:07] [face_detect] IN: face_detect → OUT: detected=false landmarks=nil roll=nil pitch=nil yaw=nil (2748ms)
[2026-06-15 09:26:07] [hand_detect] IN: hand_detect 1920x1080 → OUT: detected=false landmarks=nil confidence=0
[2026-06-15 09:26:07] [face_detect] IN: face_detect → OUT: detected=false landmarks=nil roll=nil pitch=nil yaw=nil (2919ms)
[2026-06-15 09:26:07] [hand_detect] IN: hand_detect 1920x1080 → OUT: detected=false landmarks=nil confidence=0
[2026-06-15 09:26:07] [face_detect] IN: face_detect → OUT: detected=false landmarks=nil roll=nil pitch=nil yaw=nil (2660ms)
[2026-06-15 09:26:07] [hand_detect] IN: hand_detect 1920x1080 → OUT: detected=false landmarks=nil confidence=0
[2026-06-15 09:26:07] [face_detect] IN: face_detect → OUT: detected=false landmarks=nil roll=nil pitch=nil yaw=nil (3482ms)
[2026-06-15 09:26:07] [hand_detect] IN: hand_detect 1920x1080 → OUT: detected=false landmarks=nil confidence=0
[2026-06-15 09:26:07] [face_detect] IN: face_detect → OUT: detected=false landmarks=nil roll=nil pitch=nil yaw=nil (3575ms)
[2026-06-15 09:26:07] [hand_detect] IN: hand_detect 1920x1080 → OUT: detected=false landmarks=nil confidence=0
[2026-06-15 09:26:07] [face_detect] IN: face_detect → OUT: detected=false landmarks=nil roll=nil pitch=nil yaw=nil (3862ms)
[2026-06-15 09:26:07] [hand_detect] IN: hand_detect 1920x1080 → OUT: detected=false landmarks=nil confidence=0
[2026-06-15 09:26:07] [face_detect] IN: face_detect → OUT: detected=false landmarks=nil roll=nil pitch=nil yaw=nil (3010ms)
[2026-06-15 09:26:07] [hand_detect] IN: hand_detect 1920x1080 → OUT: detected=false landmarks=nil confidence=0
[2026-06-15 09:26:07] [face_detect] IN: face_detect → OUT: detected=false landmarks=nil roll=nil pitch=nil yaw=nil (3371ms)
[2026-06-15 09:26:07] [axScan] IN: windows=23 → OUT: raw=1209 visible=817 (708ms)
[2026-06-15 09:26:08] [hand_detect] IN: hand_detect 1920x1080 → OUT: detected=false landmarks=nil confidence=0
[2026-06-15 09:26:08] [face_detect] IN: face_detect → OUT: detected=false landmarks=nil roll=nil pitch=nil yaw=nil (3095ms)
[2026-06-15 09:26:08] [hand_detect] IN: hand_detect 1920x1080 → OUT: detected=false landmarks=nil confidence=0
[2026-06-15 09:26:08] [face_detect] IN: face_detect → OUT: detected=false landmarks=nil roll=nil pitch=nil yaw=nil (2875ms)
[2026-06-15 09:26:08] [hand_detect] IN: hand_detect 1920x1080 → OUT: detected=false landmarks=nil confidence=0
[2026-06-15 09:26:08] [face_detect] IN: face_detect → OUT: detected=false landmarks=nil roll=nil pitch=nil yaw=nil (2822ms)
[2026-06-15 09:26:08] [hand_detect] IN: hand_detect 1920x1080 → OUT: detected=false landmarks=nil confidence=0
[2026-06-15 09:26:08] [face_detect] IN: face_detect → OUT: detected=false landmarks=nil roll=nil pitch=nil yaw=nil (2743ms)
[2026-06-15 09:26:08] [hand_detect] IN: hand_detect 1920x1080 → OUT: detected=false landmarks=nil confidence=0
[2026-06-15 09:26:08] [face_detect] IN: face_detect → OUT: detected=false landmarks=nil roll=nil pitch=nil yaw=nil (3154ms)
[2026-06-15 09:26:08] [hand_detect] IN: hand_detect 1920x1080 → OUT: detected=false landmarks=nil confidence=0
[2026-06-15 09:26:08] [face_detect] IN: face_detect → OUT: detected=false landmarks=nil roll=nil pitch=nil yaw=nil (2733ms)
[2026-06-15 09:26:08] [hand_detect] IN: hand_detect 1920x1080 → OUT: detected=false landmarks=nil confidence=0
[2026-06-15 09:26:08] [face_detect] IN: face_detect → OUT: detected=false landmarks=nil roll=nil pitch=nil yaw=nil (2672ms)
[2026-06-15 09:26:08] [hand_detect] IN: hand_detect 1920x1080 → OUT: detected=false landmarks=nil confidence=0
[2026-06-15 09:26:08] [face_detect] IN: face_detect → OUT: detected=false landmarks=nil roll=nil pitch=nil yaw=nil (2730ms)
[2026-06-15 09:26:08] [hand_detect] IN: hand_detect 1920x1080 → OUT: detected=false landmarks=nil confidence=0
[2026-06-15 09:26:08] [face_detect] IN: face_detect → OUT: detected=false landmarks=nil roll=nil pitch=nil yaw=nil (2714ms)
[2026-06-15 09:26:08] [hand_detect] IN: hand_detect 1920x1080 → OUT: detected=false landmarks=nil confidence=0
[2026-06-15 09:26:08] [face_detect] IN: face_detect → OUT: detected=false landmarks=nil roll=nil pitch=nil yaw=nil (2828ms)
[2026-06-15 09:26:08] [hand_detect] IN: hand_detect 1920x1080 → OUT: detected=false landmarks=nil confidence=0
[2026-06-15 09:26:08] [face_detect] IN: face_detect → OUT: detected=false landmarks=nil roll=nil pitch=nil yaw=nil (2933ms)
[2026-06-15 09:26:08] [hand_detect] IN: hand_detect 1920x1080 → OUT: detected=false landmarks=nil confidence=0
[2026-06-15 09:26:08] [face_detect] IN: face_detect → OUT: detected=false landmarks=nil roll=nil pitch=nil yaw=nil (2879ms)
[2026-06-15 09:26:08] [hand_detect] IN: hand_detect 1920x1080 → OUT: detected=false landmarks=nil confidence=0
[2026-06-15 09:26:08] [face_detect] IN: face_detect → OUT: detected=false landmarks=nil roll=nil pitch=nil yaw=nil (2712ms)
[2026-06-15 09:26:08] [hand_detect] IN: hand_detect 1920x1080 → OUT: detected=false landmarks=nil confidence=0
[2026-06-15 09:26:08] [face_detect] IN: face_detect → OUT: detected=false landmarks=nil roll=nil pitch=nil yaw=nil (2591ms)
[2026-06-15 09:26:08] [hand_detect] IN: hand_detect 1920x1080 → OUT: detected=false landmarks=nil confidence=0
[2026-06-15 09:26:08] [face_detect] IN: face_detect → OUT: detected=false landmarks=nil roll=nil pitch=nil yaw=nil (3323ms)
[2026-06-15 09:26:08] [hand_detect] IN: hand_detect 1920x1080 → OUT: detected=false landmarks=nil confidence=0
[2026-06-15 09:26:08] [face_detect] IN: face_detect → OUT: detected=false landmarks=nil roll=nil pitch=nil yaw=nil (3147ms)
[2026-06-15 09:26:08] [hand_detect] IN: hand_detect 1920x1080 → OUT: detected=false landmarks=nil confidence=0
[2026-06-15 09:26:08] [face_detect] IN: face_detect → OUT: detected=false landmarks=nil roll=nil pitch=nil yaw=nil (3385ms)
[2026-06-15 09:26:08] [hand_detect] IN: hand_detect 1920x1080 → OUT: detected=false landmarks=nil confidence=0
[2026-06-15 09:26:08] [face_detect] IN: face_detect → OUT: detected=false landmarks=nil roll=nil pitch=nil yaw=nil (2910ms)
[2026-06-15 09:26:08] [hand_detect] IN: hand_detect 1920x1080 → OUT: detected=false landmarks=nil confidence=0
[2026-06-15 09:26:08] [face_detect] IN: face_detect → OUT: detected=false landmarks=nil roll=nil pitch=nil yaw=nil (3332ms)
[2026-06-15 09:26:08] [hand_detect] IN: hand_detect 1920x1080 → OUT: detected=false landmarks=nil confidence=0
[2026-06-15 09:26:08] [face_detect] IN: face_detect → OUT: detected=false landmarks=nil roll=nil pitch=nil yaw=nil (3000ms)
[2026-06-15 09:26:08] [hand_detect] IN: hand_detect 1920x1080 → OUT: detected=false landmarks=nil confidence=0
[2026-06-15 09:26:08] [face_detect] IN: face_detect → OUT: detected=false landmarks=nil roll=nil pitch=nil yaw=nil (3103ms)
[2026-06-15 09:26:08] [hand_detect] IN: hand_detect 1920x1080 → OUT: detected=false landmarks=nil confidence=0
[2026-06-15 09:26:08] [face_detect] IN: face_detect → OUT: detected=false landmarks=nil roll=nil pitch=nil yaw=nil (2872ms)
[2026-06-15 09:26:08] [hand_detect] IN: hand_detect 1920x1080 → OUT: detected=false landmarks=nil confidence=0
[2026-06-15 09:26:08] [face_detect] IN: face_detect → OUT: detected=false landmarks=nil roll=nil pitch=nil yaw=nil (3123ms)
[2026-06-15 09:26:08] [hand_detect] IN: hand_detect 1920x1080 → OUT: detected=false landmarks=nil confidence=0
[2026-06-15 09:26:08] [face_detect] IN: face_detect → OUT: detected=false landmarks=nil roll=nil pitch=nil yaw=nil (2822ms)
[2026-06-15 09:26:08] [hand_detect] IN: hand_detect 1920x1080 → OUT: detected=false landmarks=nil confidence=0
[2026-06-15 09:26:08] [face_detect] IN: face_detect → OUT: detected=false landmarks=nil roll=nil pitch=nil yaw=nil (3107ms)
[2026-06-15 09:26:08] [hand_detect] IN: hand_detect 1920x1080 → OUT: detected=false landmarks=nil confidence=0
[2026-06-15 09:26:08] [face_detect] IN: face_detect → OUT: detected=false landmarks=nil roll=nil pitch=nil yaw=nil (3119ms)
[2026-06-15 09:26:08] [hand_detect] IN: hand_detect 1920x1080 → OUT: detected=false landmarks=nil confidence=0
[2026-06-15 09:26:08] [face_detect] IN: face_detect → OUT: detected=false landmarks=nil roll=nil pitch=nil yaw=nil (3165ms)
[2026-06-15 09:26:08] [axScan] IN: windows=23 → OUT: raw=1209 visible=817 (605ms)
[2026-06-15 09:26:08] [hand_detect] IN: hand_detect 1920x1080 → OUT: detected=false landmarks=nil confidence=0
[2026-06-15 09:26:08] [face_detect] IN: face_detect → OUT: detected=false landmarks=nil roll=nil pitch=nil yaw=nil (3157ms)
[2026-06-15 09:26:08] [hand_detect] IN: hand_detect 1920x1080 → OUT: detected=false landmarks=nil confidence=0
[2026-06-15 09:26:08] [face_detect] IN: face_detect → OUT: detected=false landmarks=nil roll=nil pitch=nil yaw=nil (3241ms)
[2026-06-15 09:26:08] [hand_detect] IN: hand_detect 1920x1080 → OUT: detected=false landmarks=nil confidence=0
[2026-06-15 09:26:08] [face_detect] IN: face_detect → OUT: detected=false landmarks=nil roll=nil pitch=nil yaw=nil (3015ms)
[2026-06-15 09:26:09] [hand_detect] IN: hand_detect 1920x1080 → OUT: detected=false landmarks=nil confidence=0
[2026-06-15 09:26:09] [face_detect] IN: face_detect → OUT: detected=false landmarks=nil roll=nil pitch=nil yaw=nil (3095ms)
[2026-06-15 09:26:09] [hand_detect] IN: hand_detect 1920x1080 → OUT: detected=false landmarks=nil confidence=0
[2026-06-15 09:26:09] [face_detect] IN: face_detect → OUT: detected=false landmarks=nil roll=nil pitch=nil yaw=nil (2868ms)
[2026-06-15 09:26:09] [hand_detect] IN: hand_detect 1920x1080 → OUT: detected=false landmarks=nil confidence=0
[2026-06-15 09:26:09] [face_detect] IN: face_detect → OUT: detected=false landmarks=nil roll=nil pitch=nil yaw=nil (3073ms)
[2026-06-15 09:26:09] [hand_detect] IN: hand_detect 1920x1080 → OUT: detected=false landmarks=nil confidence=0
[2026-06-15 09:26:09] [face_detect] IN: face_detect → OUT: detected=false landmarks=nil roll=nil pitch=nil yaw=nil (2776ms)
[2026-06-15 09:26:09] [hand_detect] IN: hand_detect 1920x1080 → OUT: detected=false landmarks=nil confidence=0
[2026-06-15 09:26:09] [face_detect] IN: face_detect → OUT: detected=false landmarks=nil roll=nil pitch=nil yaw=nil (2843ms)
[2026-06-15 09:26:09] [hand_detect] IN: hand_detect 1920x1080 → OUT: detected=false landmarks=nil confidence=0
[2026-06-15 09:26:09] [face_detect] IN: face_detect → OUT: detected=false landmarks=nil roll=nil pitch=nil yaw=nil (3039ms)
[2026-06-15 09:26:09] [hand_detect] IN: hand_detect 1920x1080 → OUT: detected=false landmarks=nil confidence=0
[2026-06-15 09:26:09] [face_detect] IN: face_detect → OUT: detected=false landmarks=nil roll=nil pitch=nil yaw=nil (3145ms)
[2026-06-15 09:26:09] [hand_detect] IN: hand_detect 1920x1080 → OUT: detected=false landmarks=nil confidence=0
[2026-06-15 09:26:09] [face_detect] IN: face_detect → OUT: detected=false landmarks=nil roll=nil pitch=nil yaw=nil (2689ms)
[2026-06-15 09:26:09] [axMatch] IN: cursor=(1085,352) → OUT: lost (0ms)
[2026-06-15 09:26:09] [hand_detect] IN: hand_detect 1920x1080 → OUT: detected=false landmarks=nil confidence=0
[2026-06-15 09:26:09] [face_detect] IN: face_detect → OUT: detected=false landmarks=nil roll=nil pitch=nil yaw=nil (2631ms)
[2026-06-15 09:26:09] [hand_detect] IN: hand_detect 1920x1080 → OUT: detected=false landmarks=nil confidence=0
[2026-06-15 09:26:09] [face_detect] IN: face_detect → OUT: detected=false landmarks=nil roll=nil pitch=nil yaw=nil (2814ms)
[2026-06-15 09:26:09] [hand_detect] IN: hand_detect 1920x1080 → OUT: detected=false landmarks=nil confidence=0
[2026-06-15 09:26:09] [face_detect] IN: face_detect → OUT: detected=false landmarks=nil roll=nil pitch=nil yaw=nil (3327ms)
[2026-06-15 09:26:09] [hand_detect] IN: hand_detect 1920x1080 → OUT: detected=false landmarks=nil confidence=0
[2026-06-15 09:26:09] [face_detect] IN: face_detect → OUT: detected=false landmarks=nil roll=nil pitch=nil yaw=nil (3000ms)
[2026-06-15 09:26:09] [hand_detect] IN: hand_detect 1920x1080 → OUT: detected=false landmarks=nil confidence=0
[2026-06-15 09:26:09] [face_detect] IN: face_detect → OUT: detected=false landmarks=nil roll=nil pitch=nil yaw=nil (2755ms)
[2026-06-15 09:26:09] [hand_detect] IN: hand_detect 1920x1080 → OUT: detected=false landmarks=nil confidence=0
[2026-06-15 09:26:09] [face_detect] IN: face_detect → OUT: detected=false landmarks=nil roll=nil pitch=nil yaw=nil (2653ms)
[2026-06-15 09:26:09] [hand_detect] IN: hand_detect 1920x1080 → OUT: detected=false landmarks=nil confidence=0
[2026-06-15 09:26:09] [face_detect] IN: face_detect → OUT: detected=false landmarks=nil roll=nil pitch=nil yaw=nil (3172ms)
[2026-06-15 09:26:09] [hand_detect] IN: hand_detect 1920x1080 → OUT: detected=false landmarks=nil confidence=0
[2026-06-15 09:26:09] [face_detect] IN: face_detect → OUT: detected=false landmarks=nil roll=nil pitch=nil yaw=nil (2861ms)
[2026-06-15 09:26:09] [hand_detect] IN: hand_detect 1920x1080 → OUT: detected=false landmarks=nil confidence=0
[2026-06-15 09:26:09] [face_detect] IN: face_detect → OUT: detected=false landmarks=nil roll=nil pitch=nil yaw=nil (2721ms)
[2026-06-15 09:26:09] [hand_detect] IN: hand_detect 1920x1080 → OUT: detected=false landmarks=nil confidence=0
[2026-06-15 09:26:09] [face_detect] IN: face_detect → OUT: detected=false landmarks=nil roll=nil pitch=nil yaw=nil (2843ms)
[2026-06-15 09:26:09] [hand_detect] IN: hand_detect 1920x1080 → OUT: detected=false landmarks=nil confidence=0
[2026-06-15 09:26:09] [face_detect] IN: face_detect → OUT: detected=false landmarks=nil roll=nil pitch=nil yaw=nil (2728ms)
[2026-06-15 09:26:09] [hand_detect] IN: hand_detect 1920x1080 → OUT: detected=false landmarks=nil confidence=0
[2026-06-15 09:26:09] [face_detect] IN: face_detect → OUT: detected=false landmarks=nil roll=nil pitch=nil yaw=nil (2577ms)
[2026-06-15 09:26:09] [hand_detect] IN: hand_detect 1920x1080 → OUT: detected=false landmarks=nil confidence=0
[2026-06-15 09:26:09] [face_detect] IN: face_detect → OUT: detected=false landmarks=nil roll=nil pitch=nil yaw=nil (2940ms)
[2026-06-15 09:26:09] [hand_detect] IN: hand_detect 1920x1080 → OUT: detected=false landmarks=nil confidence=0
[2026-06-15 09:26:09] [face_detect] IN: face_detect → OUT: detected=false landmarks=nil roll=nil pitch=nil yaw=nil (3092ms)
[2026-06-15 09:26:09] [hand_detect] IN: hand_detect 1920x1080 → OUT: detected=false landmarks=nil confidence=0
[2026-06-15 09:26:09] [face_detect] IN: face_detect → OUT: detected=false landmarks=nil roll=nil pitch=nil yaw=nil (2689ms)
[2026-06-15 09:26:09] [hand_detect] IN: hand_detect 1920x1080 → OUT: detected=false landmarks=nil confidence=0
[2026-06-15 09:26:09] [face_detect] IN: face_detect → OUT: detected=false landmarks=nil roll=nil pitch=nil yaw=nil (2743ms)
[2026-06-15 09:26:09] [hand_detect] IN: hand_detect 1920x1080 → OUT: detected=false landmarks=nil confidence=0
[2026-06-15 09:26:09] [face_detect] IN: face_detect → OUT: detected=false landmarks=nil roll=nil pitch=nil yaw=nil (2892ms)
[2026-06-15 09:26:09] [hand_detect] IN: hand_detect 1920x1080 → OUT: detected=false landmarks=nil confidence=0
[2026-06-15 09:26:09] [face_detect] IN: face_detect → OUT: detected=false landmarks=nil roll=nil pitch=nil yaw=nil (2766ms)
[2026-06-15 09:26:09] [hand_detect] IN: hand_detect 1920x1080 → OUT: detected=false landmarks=nil confidence=0
[2026-06-15 09:26:09] [face_detect] IN: face_detect → OUT: detected=false landmarks=nil roll=nil pitch=nil yaw=nil (3175ms)
[2026-06-15 09:26:09] [hand_detect] IN: hand_detect 1920x1080 → OUT: detected=false landmarks=nil confidence=0
[2026-06-15 09:26:09] [face_detect] IN: face_detect → OUT: detected=false landmarks=nil roll=nil pitch=nil yaw=nil (2722ms)
[2026-06-15 09:26:09] [axScan] IN: windows=23 → OUT: raw=1209 visible=817 (669ms)
[2026-06-15 09:26:09] [hand_detect] IN: hand_detect 1920x1080 → OUT: detected=false landmarks=nil confidence=0
[2026-06-15 09:26:09] [face_detect] IN: face_detect → OUT: detected=false landmarks=nil roll=nil pitch=nil yaw=nil (2686ms)
[2026-06-15 09:26:09] [hand_detect] IN: hand_detect 1920x1080 → OUT: detected=false landmarks=nil confidence=0
[2026-06-15 09:26:09] [face_detect] IN: face_detect → OUT: detected=false landmarks=nil roll=nil pitch=nil yaw=nil (2689ms)
[2026-06-15 09:26:10] [hand_detect] IN: hand_detect 1920x1080 → OUT: detected=false landmarks=nil confidence=0
[2026-06-15 09:26:10] [face_detect] IN: face_detect → OUT: detected=false landmarks=nil roll=nil pitch=nil yaw=nil (2689ms)
[2026-06-15 09:26:10] [hand_detect] IN: hand_detect 1920x1080 → OUT: detected=false landmarks=nil confidence=0
[2026-06-15 09:26:10] [face_detect] IN: face_detect → OUT: detected=false landmarks=nil roll=nil pitch=nil yaw=nil (2534ms)
[2026-06-15 09:26:10] [hand_detect] IN: hand_detect 1920x1080 → OUT: detected=false landmarks=nil confidence=0
[2026-06-15 09:26:10] [face_detect] IN: face_detect → OUT: detected=false landmarks=nil roll=nil pitch=nil yaw=nil (2784ms)
[2026-06-15 09:26:10] [hand_detect] IN: hand_detect 1920x1080 → OUT: detected=false landmarks=nil confidence=0
[2026-06-15 09:26:10] [face_detect] IN: face_detect → OUT: detected=false landmarks=nil roll=nil pitch=nil yaw=nil (2737ms)
[2026-06-15 09:26:10] [hand_detect] IN: hand_detect 1920x1080 → OUT: detected=false landmarks=nil confidence=0
[2026-06-15 09:26:10] [face_detect] IN: face_detect → OUT: detected=false landmarks=nil roll=nil pitch=nil yaw=nil (2763ms)
[2026-06-15 09:26:10] [hand_detect] IN: hand_detect 1920x1080 → OUT: detected=false landmarks=nil confidence=0
[2026-06-15 09:26:10] [face_detect] IN: face_detect → OUT: detected=false landmarks=nil roll=nil pitch=nil yaw=nil (2788ms)
[2026-06-15 09:26:10] [hand_detect] IN: hand_detect 1920x1080 → OUT: detected=false landmarks=nil confidence=0
[2026-06-15 09:26:10] [face_detect] IN: face_detect → OUT: detected=false landmarks=nil roll=nil pitch=nil yaw=nil (2673ms)
[2026-06-15 09:26:10] [hand_detect] IN: hand_detect 1920x1080 → OUT: detected=false landmarks=nil confidence=0
[2026-06-15 09:26:10] [face_detect] IN: face_detect → OUT: detected=false landmarks=nil roll=nil pitch=nil yaw=nil (3073ms)
[2026-06-15 09:26:10] [hand_detect] IN: hand_detect 1920x1080 → OUT: detected=false landmarks=nil confidence=0
[2026-06-15 09:26:10] [face_detect] IN: face_detect → OUT: detected=false landmarks=nil roll=nil pitch=nil yaw=nil (2758ms)
[2026-06-15 09:26:10] [hand_detect] IN: hand_detect 1920x1080 → OUT: detected=false landmarks=nil confidence=0
[2026-06-15 09:26:10] [face_detect] IN: face_detect → OUT: detected=false landmarks=nil roll=nil pitch=nil yaw=nil (2646ms)
[2026-06-15 09:26:10] [hand_detect] IN: hand_detect 1920x1080 → OUT: detected=false landmarks=nil confidence=0
[2026-06-15 09:26:10] [face_detect] IN: face_detect → OUT: detected=false landmarks=nil roll=nil pitch=nil yaw=nil (2891ms)
[2026-06-15 09:26:10] [hand_detect] IN: hand_detect 1920x1080 → OUT: detected=false landmarks=nil confidence=0
[2026-06-15 09:26:10] [face_detect] IN: face_detect → OUT: detected=false landmarks=nil roll=nil pitch=nil yaw=nil (2914ms)
[2026-06-15 09:26:10] [hand_detect] IN: hand_detect 1920x1080 → OUT: detected=false landmarks=nil confidence=0
[2026-06-15 09:26:10] [face_detect] IN: face_detect → OUT: detected=false landmarks=nil roll=nil pitch=nil yaw=nil (4801ms)
[2026-06-15 09:26:10] [hand_detect] IN: hand_detect 1920x1080 → OUT: detected=false landmarks=nil confidence=0
[2026-06-15 09:26:10] [face_detect] IN: face_detect → OUT: detected=false landmarks=nil roll=nil pitch=nil yaw=nil (11443ms)
[2026-06-15 09:26:10] [hand_detect] IN: hand_detect 1920x1080 → OUT: detected=false landmarks=nil confidence=0
[2026-06-15 09:26:10] [face_detect] IN: face_detect → OUT: detected=false landmarks=nil roll=nil pitch=nil yaw=nil (3570ms)
[2026-06-15 09:26:10] [hand_detect] IN: hand_detect 1920x1080 → OUT: detected=false landmarks=nil confidence=0
[2026-06-15 09:26:10] [face_detect] IN: face_detect → OUT: detected=false landmarks=nil roll=nil pitch=nil yaw=nil (3129ms)
[2026-06-15 09:26:10] [hand_detect] IN: hand_detect 1920x1080 → OUT: detected=false landmarks=nil confidence=0
[2026-06-15 09:26:10] [face_detect] IN: face_detect → OUT: detected=false landmarks=nil roll=nil pitch=nil yaw=nil (2838ms)
[2026-06-15 09:26:10] [hand_detect] IN: hand_detect 1920x1080 → OUT: detected=false landmarks=nil confidence=0
[2026-06-15 09:26:10] [face_detect] IN: face_detect → OUT: detected=false landmarks=nil roll=nil pitch=nil yaw=nil (2822ms)
[2026-06-15 09:26:10] [hand_detect] IN: hand_detect 1920x1080 → OUT: detected=false landmarks=nil confidence=0
[2026-06-15 09:26:10] [face_detect] IN: face_detect → OUT: detected=false landmarks=nil roll=nil pitch=nil yaw=nil (2784ms)
[2026-06-15 09:26:10] [hand_detect] IN: hand_detect 1920x1080 → OUT: detected=false landmarks=nil confidence=0
[2026-06-15 09:26:10] [face_detect] IN: face_detect → OUT: detected=false landmarks=nil roll=nil pitch=nil yaw=nil (2811ms)
[2026-06-15 09:26:10] [hand_detect] IN: hand_detect 1920x1080 → OUT: detected=false landmarks=nil confidence=0
[2026-06-15 09:26:10] [face_detect] IN: face_detect → OUT: detected=false landmarks=nil roll=nil pitch=nil yaw=nil (2755ms)
[2026-06-15 09:26:10] [hand_detect] IN: hand_detect 1920x1080 → OUT: detected=false landmarks=nil confidence=0
[2026-06-15 09:26:10] [face_detect] IN: face_detect → OUT: detected=false landmarks=nil roll=nil pitch=nil yaw=nil (2767ms)
[2026-06-15 09:26:10] [hand_detect] IN: hand_detect 1920x1080 → OUT: detected=false landmarks=nil confidence=0
[2026-06-15 09:26:10] [face_detect] IN: face_detect → OUT: detected=false landmarks=nil roll=nil pitch=nil yaw=nil (2683ms)
[2026-06-15 09:26:10] [hand_detect] IN: hand_detect 1920x1080 → OUT: detected=false landmarks=nil confidence=0
[2026-06-15 09:26:10] [face_detect] IN: face_detect → OUT: detected=false landmarks=nil roll=nil pitch=nil yaw=nil (2908ms)
[2026-06-15 09:26:10] [hand_detect] IN: hand_detect 1920x1080 → OUT: detected=false landmarks=nil confidence=0
[2026-06-15 09:26:10] [face_detect] IN: face_detect → OUT: detected=false landmarks=nil roll=nil pitch=nil yaw=nil (2912ms)
[2026-06-15 09:26:10] [hand_detect] IN: hand_detect 1920x1080 → OUT: detected=false landmarks=nil confidence=0
[2026-06-15 09:26:10] [face_detect] IN: face_detect → OUT: detected=false landmarks=nil roll=nil pitch=nil yaw=nil (2725ms)
[2026-06-15 09:26:10] [hand_detect] IN: hand_detect 1920x1080 → OUT: detected=false landmarks=nil confidence=0
[2026-06-15 09:26:10] [face_detect] IN: face_detect → OUT: detected=false landmarks=nil roll=nil pitch=nil yaw=nil (2826ms)
[2026-06-15 09:26:10] [hand_detect] IN: hand_detect 1920x1080 → OUT: detected=false landmarks=nil confidence=0
[2026-06-15 09:26:10] [face_detect] IN: face_detect → OUT: detected=false landmarks=nil roll=nil pitch=nil yaw=nil (2686ms)
[2026-06-15 09:26:10] [hand_detect] IN: hand_detect 1920x1080 → OUT: detected=false landmarks=nil confidence=0
[2026-06-15 09:26:10] [face_detect] IN: face_detect → OUT: detected=false landmarks=nil roll=nil pitch=nil yaw=nil (2967ms)
[2026-06-15 09:26:10] [hand_detect] IN: hand_detect 1920x1080 → OUT: detected=false landmarks=nil confidence=0
[2026-06-15 09:26:10] [face_detect] IN: face_detect → OUT: detected=false landmarks=nil roll=nil pitch=nil yaw=nil (3043ms)
[2026-06-15 09:26:11] [hand_detect] IN: hand_detect 1920x1080 → OUT: detected=false landmarks=nil confidence=0
[2026-06-15 09:26:11] [face_detect] IN: face_detect → OUT: detected=false landmarks=nil roll=nil pitch=nil yaw=nil (2624ms)
[2026-06-15 09:26:11] [axScan] IN: windows=23 → OUT: raw=1209 visible=817 (751ms)
[2026-06-15 09:26:11] [hand_detect] IN: hand_detect 1920x1080 → OUT: detected=false landmarks=nil confidence=0
[2026-06-15 09:26:11] [face_detect] IN: face_detect → OUT: detected=false landmarks=nil roll=nil pitch=nil yaw=nil (2655ms)
[2026-06-15 09:26:11] [hand_detect] IN: hand_detect 1920x1080 → OUT: detected=false landmarks=nil confidence=0
[2026-06-15 09:26:11] [face_detect] IN: face_detect → OUT: detected=false landmarks=nil roll=nil pitch=nil yaw=nil (2835ms)
[2026-06-15 09:26:11] [hand_detect] IN: hand_detect 1920x1080 → OUT: detected=false landmarks=nil confidence=0
[2026-06-15 09:26:11] [face_detect] IN: face_detect → OUT: detected=false landmarks=nil roll=nil pitch=nil yaw=nil (2648ms)
[2026-06-15 09:26:11] [hand_detect] IN: hand_detect 1920x1080 → OUT: detected=false landmarks=nil confidence=0
[2026-06-15 09:26:11] [face_detect] IN: face_detect → OUT: detected=false landmarks=nil roll=nil pitch=nil yaw=nil (2647ms)
[2026-06-15 09:26:11] [hand_detect] IN: hand_detect 1920x1080 → OUT: detected=false landmarks=nil confidence=0
[2026-06-15 09:26:11] [face_detect] IN: face_detect → OUT: detected=false landmarks=nil roll=nil pitch=nil yaw=nil (2611ms)
[2026-06-15 09:26:11] [hand_detect] IN: hand_detect 1920x1080 → OUT: detected=false landmarks=nil confidence=0
[2026-06-15 09:26:11] [face_detect] IN: face_detect → OUT: detected=false landmarks=nil roll=nil pitch=nil yaw=nil (2648ms)
[2026-06-15 09:26:11] [hand_detect] IN: hand_detect 1920x1080 → OUT: detected=false landmarks=nil confidence=0
[2026-06-15 09:26:11] [face_detect] IN: face_detect → OUT: detected=false landmarks=nil roll=nil pitch=nil yaw=nil (2628ms)
[2026-06-15 09:26:11] [axMatch] IN: cursor=(1216,206) → OUT: role=AXHeading title=用量信息 (0ms)
[2026-06-15 09:26:11] [hand_detect] IN: hand_detect 1920x1080 → OUT: detected=false landmarks=nil confidence=0
[2026-06-15 09:26:11] [face_detect] IN: face_detect → OUT: detected=false landmarks=nil roll=nil pitch=nil yaw=nil (2586ms)
[2026-06-15 09:26:11] [hand_detect] IN: hand_detect 1920x1080 → OUT: detected=false landmarks=nil confidence=0
[2026-06-15 09:26:11] [face_detect] IN: face_detect → OUT: detected=false landmarks=nil roll=nil pitch=nil yaw=nil (2511ms)
[2026-06-15 09:26:11] [hand_detect] IN: hand_detect 1920x1080 → OUT: detected=false landmarks=nil confidence=0
[2026-06-15 09:26:11] [face_detect] IN: face_detect → OUT: detected=false landmarks=nil roll=nil pitch=nil yaw=nil (2877ms)
[2026-06-15 09:26:11] [hand_detect] IN: hand_detect 1920x1080 → OUT: detected=false landmarks=nil confidence=0
[2026-06-15 09:26:11] [face_detect] IN: face_detect → OUT: detected=false landmarks=nil roll=nil pitch=nil yaw=nil (2720ms)
[2026-06-15 09:26:11] [hand_detect] IN: hand_detect 1920x1080 → OUT: detected=false landmarks=nil confidence=0
[2026-06-15 09:26:11] [face_detect] IN: face_detect → OUT: detected=false landmarks=nil roll=nil pitch=nil yaw=nil (4246ms)
[2026-06-15 09:26:11] [hand_detect] IN: hand_detect 1920x1080 → OUT: detected=false landmarks=nil confidence=0
[2026-06-15 09:26:11] [face_detect] IN: face_detect → OUT: detected=false landmarks=nil roll=nil pitch=nil yaw=nil (6808ms)
[2026-06-15 09:26:11] [hand_detect] IN: hand_detect 1920x1080 → OUT: detected=false landmarks=nil confidence=0
[2026-06-15 09:26:11] [face_detect] IN: face_detect → OUT: detected=false landmarks=nil roll=nil pitch=nil yaw=nil (3134ms)
[2026-06-15 09:26:11] [hand_detect] IN: hand_detect 1920x1080 → OUT: detected=false landmarks=nil confidence=0
[2026-06-15 09:26:11] [face_detect] IN: face_detect → OUT: detected=false landmarks=nil roll=nil pitch=nil yaw=nil (2864ms)
[2026-06-15 09:26:11] [hand_detect] IN: hand_detect 1920x1080 → OUT: detected=false landmarks=nil confidence=0
[2026-06-15 09:26:11] [face_detect] IN: face_detect → OUT: detected=false landmarks=nil roll=nil pitch=nil yaw=nil (2923ms)
[2026-06-15 09:26:11] [hand_detect] IN: hand_detect 1920x1080 → OUT: detected=false landmarks=nil confidence=0
[2026-06-15 09:26:11] [face_detect] IN: face_detect → OUT: detected=false landmarks=nil roll=nil pitch=nil yaw=nil (2849ms)
[2026-06-15 09:26:11] [hand_detect] IN: hand_detect 1920x1080 → OUT: detected=false landmarks=nil confidence=0
[2026-06-15 09:26:11] [face_detect] IN: face_detect → OUT: detected=false landmarks=nil roll=nil pitch=nil yaw=nil (2740ms)
[2026-06-15 09:26:11] [hand_detect] IN: hand_detect 1920x1080 → OUT: detected=false landmarks=nil confidence=0
[2026-06-15 09:26:11] [face_detect] IN: face_detect → OUT: detected=false landmarks=nil roll=nil pitch=nil yaw=nil (3131ms)
[2026-06-15 09:26:11] [hand_detect] IN: hand_detect 1920x1080 → OUT: detected=false landmarks=nil confidence=0
[2026-06-15 09:26:11] [face_detect] IN: face_detect → OUT: detected=false landmarks=nil roll=nil pitch=nil yaw=nil (4061ms)
[2026-06-15 09:26:11] [hand_detect] IN: hand_detect 1920x1080 → OUT: detected=false landmarks=nil confidence=0
[2026-06-15 09:26:11] [face_detect] IN: face_detect → OUT: detected=false landmarks=nil roll=nil pitch=nil yaw=nil (4618ms)
[2026-06-15 09:26:11] [hand_detect] IN: hand_detect 1920x1080 → OUT: detected=false landmarks=nil confidence=0
[2026-06-15 09:26:11] [face_detect] IN: face_detect → OUT: detected=false landmarks=nil roll=nil pitch=nil yaw=nil (3134ms)
[2026-06-15 09:26:11] [hand_detect] IN: hand_detect 1920x1080 → OUT: detected=false landmarks=nil confidence=0
[2026-06-15 09:26:11] [face_detect] IN: face_detect → OUT: detected=false landmarks=nil roll=nil pitch=nil yaw=nil (3944ms)
[2026-06-15 09:26:11] [hand_detect] IN: hand_detect 1920x1080 → OUT: detected=false landmarks=nil confidence=0
[2026-06-15 09:26:11] [face_detect] IN: face_detect → OUT: detected=false landmarks=nil roll=nil pitch=nil yaw=nil (3767ms)
[2026-06-15 09:26:11] [hand_detect] IN: hand_detect 1920x1080 → OUT: detected=false landmarks=nil confidence=0
[2026-06-15 09:26:11] [face_detect] IN: face_detect → OUT: detected=false landmarks=nil roll=nil pitch=nil yaw=nil (5339ms)
[2026-06-15 09:26:11] [hand_detect] IN: hand_detect 1920x1080 → OUT: detected=false landmarks=nil confidence=0
[2026-06-15 09:26:11] [face_detect] IN: face_detect → OUT: detected=false landmarks=nil roll=nil pitch=nil yaw=nil (4587ms)
[2026-06-15 09:26:11] [hand_detect] IN: hand_detect 1920x1080 → OUT: detected=false landmarks=nil confidence=0
[2026-06-15 09:26:11] [face_detect] IN: face_detect → OUT: detected=false landmarks=nil roll=nil pitch=nil yaw=nil (3625ms)
[2026-06-15 09:26:11] [hand_detect] IN: hand_detect 1920x1080 → OUT: detected=false landmarks=nil confidence=0
[2026-06-15 09:26:11] [face_detect] IN: face_detect → OUT: detected=false landmarks=nil roll=nil pitch=nil yaw=nil (3106ms)
[2026-06-15 09:26:11] [hand_detect] IN: hand_detect 1920x1080 → OUT: detected=false landmarks=nil confidence=0
[2026-06-15 09:26:11] [face_detect] IN: face_detect → OUT: detected=false landmarks=nil roll=nil pitch=nil yaw=nil (2768ms)
[2026-06-15 09:26:12] [hand_detect] IN: hand_detect 1920x1080 → OUT: detected=false landmarks=nil confidence=0
[2026-06-15 09:26:12] [face_detect] IN: face_detect → OUT: detected=false landmarks=nil roll=nil pitch=nil yaw=nil (3646ms)
[2026-06-15 09:26:12] [hand_detect] IN: hand_detect 1920x1080 → OUT: detected=false landmarks=nil confidence=0
[2026-06-15 09:26:12] [face_detect] IN: face_detect → OUT: detected=false landmarks=nil roll=nil pitch=nil yaw=nil (2804ms)
[2026-06-15 09:26:12] [hand_detect] IN: hand_detect 1920x1080 → OUT: detected=false landmarks=nil confidence=0
[2026-06-15 09:26:12] [face_detect] IN: face_detect → OUT: detected=false landmarks=nil roll=nil pitch=nil yaw=nil (2870ms)
[2026-06-15 09:26:12] [hand_detect] IN: hand_detect 1920x1080 → OUT: detected=false landmarks=nil confidence=0
[2026-06-15 09:26:12] [face_detect] IN: face_detect → OUT: detected=false landmarks=nil roll=nil pitch=nil yaw=nil (2954ms)
[2026-06-15 09:26:12] [hand_detect] IN: hand_detect 1920x1080 → OUT: detected=false landmarks=nil confidence=0
[2026-06-15 09:26:12] [face_detect] IN: face_detect → OUT: detected=false landmarks=nil roll=nil pitch=nil yaw=nil (9863ms)
[2026-06-15 09:26:12] [axScan] IN: windows=23 → OUT: raw=1210 visible=817 (901ms)
[2026-06-15 09:26:12] [hand_detect] IN: hand_detect 1920x1080 → OUT: detected=false landmarks=nil confidence=0
[2026-06-15 09:26:12] [face_detect] IN: face_detect → OUT: detected=false landmarks=nil roll=nil pitch=nil yaw=nil (5432ms)
[2026-06-15 09:26:12] [hand_detect] IN: hand_detect 1920x1080 → OUT: detected=false landmarks=nil confidence=0
[2026-06-15 09:26:12] [face_detect] IN: face_detect → OUT: detected=false landmarks=nil roll=nil pitch=nil yaw=nil (2827ms)
[2026-06-15 09:26:12] [hand_detect] IN: hand_detect 1920x1080 → OUT: detected=false landmarks=nil confidence=0
[2026-06-15 09:26:12] [face_detect] IN: face_detect → OUT: detected=false landmarks=nil roll=nil pitch=nil yaw=nil (2858ms)
[2026-06-15 09:26:12] [axMatch] IN: cursor=(1210,340) → OUT: role=AXStaticText title= (0ms)
[2026-06-15 09:26:12] [hand_detect] IN: hand_detect 1920x1080 → OUT: detected=false landmarks=nil confidence=0
[2026-06-15 09:26:12] [face_detect] IN: face_detect → OUT: detected=false landmarks=nil roll=nil pitch=nil yaw=nil (2745ms)
[2026-06-15 09:26:12] [hand_detect] IN: hand_detect 1920x1080 → OUT: detected=false landmarks=nil confidence=0
[2026-06-15 09:26:12] [face_detect] IN: face_detect → OUT: detected=false landmarks=nil roll=nil pitch=nil yaw=nil (2599ms)
[2026-06-15 09:26:12] [hand_detect] IN: hand_detect 1920x1080 → OUT: detected=false landmarks=nil confidence=0
[2026-06-15 09:26:12] [face_detect] IN: face_detect → OUT: detected=false landmarks=nil roll=nil pitch=nil yaw=nil (2889ms)
[2026-06-15 09:26:12] [hand_detect] IN: hand_detect 1920x1080 → OUT: detected=false landmarks=nil confidence=0
[2026-06-15 09:26:12] [face_detect] IN: face_detect → OUT: detected=false landmarks=nil roll=nil pitch=nil yaw=nil (3373ms)
[2026-06-15 09:26:12] [hand_detect] IN: hand_detect 1920x1080 → OUT: detected=false landmarks=nil confidence=0
[2026-06-15 09:26:12] [face_detect] IN: face_detect → OUT: detected=false landmarks=nil roll=nil pitch=nil yaw=nil (15114ms)
[2026-06-15 09:26:12] [hand_detect] IN: hand_detect 1920x1080 → OUT: detected=false landmarks=nil confidence=0
[2026-06-15 09:26:12] [face_detect] IN: face_detect → OUT: detected=false landmarks=nil roll=nil pitch=nil yaw=nil (4249ms)
[2026-06-15 09:26:12] [hand_detect] IN: hand_detect 1920x1080 → OUT: detected=false landmarks=nil confidence=0
[2026-06-15 09:26:12] [face_detect] IN: face_detect → OUT: detected=false landmarks=nil roll=nil pitch=nil yaw=nil (6736ms)
[2026-06-15 09:26:12] [hand_detect] IN: hand_detect 1920x1080 → OUT: detected=false landmarks=nil confidence=0
[2026-06-15 09:26:12] [face_detect] IN: face_detect → OUT: detected=false landmarks=nil roll=nil pitch=nil yaw=nil (4554ms)
[2026-06-15 09:26:12] [hand_detect] IN: hand_detect 1920x1080 → OUT: detected=false landmarks=nil confidence=0
[2026-06-15 09:26:12] [face_detect] IN: face_detect → OUT: detected=false landmarks=nil roll=nil pitch=nil yaw=nil (3211ms)
[2026-06-15 09:26:12] [hand_detect] IN: hand_detect 1920x1080 → OUT: detected=false landmarks=nil confidence=0
[2026-06-15 09:26:12] [face_detect] IN: face_detect → OUT: detected=false landmarks=nil roll=nil pitch=nil yaw=nil (3014ms)
[2026-06-15 09:26:12] [hand_detect] IN: hand_detect 1920x1080 → OUT: detected=false landmarks=nil confidence=0
[2026-06-15 09:26:12] [face_detect] IN: face_detect → OUT: detected=false landmarks=nil roll=nil pitch=nil yaw=nil (3080ms)
[2026-06-15 09:26:12] [hand_detect] IN: hand_detect 1920x1080 → OUT: detected=false landmarks=nil confidence=0
[2026-06-15 09:26:12] [face_detect] IN: face_detect → OUT: detected=false landmarks=nil roll=nil pitch=nil yaw=nil (2847ms)
[2026-06-15 09:26:12] [hand_detect] IN: hand_detect 1920x1080 → OUT: detected=false landmarks=nil confidence=0
[2026-06-15 09:26:12] [face_detect] IN: face_detect → OUT: detected=false landmarks=nil roll=nil pitch=nil yaw=nil (3268ms)
[2026-06-15 09:26:12] [hand_detect] IN: hand_detect 1920x1080 → OUT: detected=false landmarks=nil confidence=0
[2026-06-15 09:26:12] [face_detect] IN: face_detect → OUT: detected=false landmarks=nil roll=nil pitch=nil yaw=nil (3055ms)
[2026-06-15 09:26:12] [hand_detect] IN: hand_detect 1920x1080 → OUT: detected=false landmarks=nil confidence=0
[2026-06-15 09:26:12] [face_detect] IN: face_detect → OUT: detected=false landmarks=nil roll=nil pitch=nil yaw=nil (2817ms)
[2026-06-15 09:26:12] [hand_detect] IN: hand_detect 1920x1080 → OUT: detected=false landmarks=nil confidence=0
[2026-06-15 09:26:12] [face_detect] IN: face_detect → OUT: detected=false landmarks=nil roll=nil pitch=nil yaw=nil (2658ms)
[2026-06-15 09:26:12] [axMatch] IN: cursor=(786,558) → OUT: lost (0ms)
[2026-06-15 09:26:12] [hand_detect] IN: hand_detect 1920x1080 → OUT: detected=false landmarks=nil confidence=0
[2026-06-15 09:26:12] [face_detect] IN: face_detect → OUT: detected=false landmarks=nil roll=nil pitch=nil yaw=nil (2822ms)
[2026-06-15 09:26:12] [hand_detect] IN: hand_detect 1920x1080 → OUT: detected=false landmarks=nil confidence=0
[2026-06-15 09:26:12] [face_detect] IN: face_detect → OUT: detected=false landmarks=nil roll=nil pitch=nil yaw=nil (3823ms)
[2026-06-15 09:26:12] [hand_detect] IN: hand_detect 1920x1080 → OUT: detected=false landmarks=nil confidence=0
[2026-06-15 09:26:12] [face_detect] IN: face_detect → OUT: detected=false landmarks=nil roll=nil pitch=nil yaw=nil (3251ms)
[2026-06-15 09:26:12] [hand_detect] IN: hand_detect 1920x1080 → OUT: detected=false landmarks=nil confidence=0
[2026-06-15 09:26:12] [face_detect] IN: face_detect → OUT: detected=false landmarks=nil roll=nil pitch=nil yaw=nil (2951ms)
[2026-06-15 09:26:12] [hand_detect] IN: hand_detect 1920x1080 → OUT: detected=false landmarks=nil confidence=0
[2026-06-15 09:26:12] [face_detect] IN: face_detect → OUT: detected=false landmarks=nil roll=nil pitch=nil yaw=nil (3226ms)
[2026-06-15 09:26:12] [hand_detect] IN: hand_detect 1920x1080 → OUT: detected=false landmarks=nil confidence=0
[2026-06-15 09:26:12] [face_detect] IN: face_detect → OUT: detected=false landmarks=nil roll=nil pitch=nil yaw=nil (2929ms)
[2026-06-15 09:26:12] [axScan] IN: windows=23 → OUT: raw=1210 visible=276 (722ms)
[2026-06-15 09:26:13] [hand_detect] IN: hand_detect 1920x1080 → OUT: detected=false landmarks=nil confidence=0
[2026-06-15 09:26:13] [face_detect] IN: face_detect → OUT: detected=false landmarks=nil roll=nil pitch=nil yaw=nil (2771ms)
[2026-06-15 09:26:13] [hand_detect] IN: hand_detect 1920x1080 → OUT: detected=false landmarks=nil confidence=0
[2026-06-15 09:26:13] [face_detect] IN: face_detect → OUT: detected=false landmarks=nil roll=nil pitch=nil yaw=nil (2713ms)
[2026-06-15 09:26:13] [hand_detect] IN: hand_detect 1920x1080 → OUT: detected=false landmarks=nil confidence=0
[2026-06-15 09:26:13] [face_detect] IN: face_detect → OUT: detected=false landmarks=nil roll=nil pitch=nil yaw=nil (2802ms)
[2026-06-15 09:26:13] [hand_detect] IN: hand_detect 1920x1080 → OUT: detected=false landmarks=nil confidence=0
[2026-06-15 09:26:13] [face_detect] IN: face_detect → OUT: detected=false landmarks=nil roll=nil pitch=nil yaw=nil (2653ms)
[2026-06-15 09:26:13] [hand_detect] IN: hand_detect 1920x1080 → OUT: detected=false landmarks=nil confidence=0
[2026-06-15 09:26:13] [face_detect] IN: face_detect → OUT: detected=false landmarks=nil roll=nil pitch=nil yaw=nil (3051ms)
[2026-06-15 09:26:13] [hand_detect] IN: hand_detect 1920x1080 → OUT: detected=false landmarks=nil confidence=0
[2026-06-15 09:26:13] [face_detect] IN: face_detect → OUT: detected=false landmarks=nil roll=nil pitch=nil yaw=nil (2622ms)
[2026-06-15 09:26:13] [hand_detect] IN: hand_detect 1920x1080 → OUT: detected=false landmarks=nil confidence=0
[2026-06-15 09:26:13] [face_detect] IN: face_detect → OUT: detected=false landmarks=nil roll=nil pitch=nil yaw=nil (3777ms)
[2026-06-15 09:26:13] [hand_detect] IN: hand_detect 1920x1080 → OUT: detected=false landmarks=nil confidence=0
[2026-06-15 09:26:13] [face_detect] IN: face_detect → OUT: detected=false landmarks=nil roll=nil pitch=nil yaw=nil (3177ms)
[2026-06-15 09:26:13] [hand_detect] IN: hand_detect 1920x1080 → OUT: detected=false landmarks=nil confidence=0
[2026-06-15 09:26:13] [face_detect] IN: face_detect → OUT: detected=false landmarks=nil roll=nil pitch=nil yaw=nil (2887ms)
[2026-06-15 09:26:13] [hand_detect] IN: hand_detect 1920x1080 → OUT: detected=false landmarks=nil confidence=0
[2026-06-15 09:26:13] [face_detect] IN: face_detect → OUT: detected=false landmarks=nil roll=nil pitch=nil yaw=nil (2776ms)
[2026-06-15 09:26:13] [hand_detect] IN: hand_detect 1920x1080 → OUT: detected=false landmarks=nil confidence=0
[2026-06-15 09:26:13] [face_detect] IN: face_detect → OUT: detected=false landmarks=nil roll=nil pitch=nil yaw=nil (2637ms)
[2026-06-15 09:26:13] [hand_detect] IN: hand_detect 1920x1080 → OUT: detected=false landmarks=nil confidence=0
[2026-06-15 09:26:13] [face_detect] IN: face_detect → OUT: detected=false landmarks=nil roll=nil pitch=nil yaw=nil (2725ms)
[2026-06-15 09:26:13] [hand_detect] IN: hand_detect 1920x1080 → OUT: detected=false landmarks=nil confidence=0
[2026-06-15 09:26:13] [face_detect] IN: face_detect → OUT: detected=false landmarks=nil roll=nil pitch=nil yaw=nil (2833ms)
[2026-06-15 09:26:13] [hand_detect] IN: hand_detect 1920x1080 → OUT: detected=false landmarks=nil confidence=0
[2026-06-15 09:26:13] [face_detect] IN: face_detect → OUT: detected=false landmarks=nil roll=nil pitch=nil yaw=nil (4044ms)
[2026-06-15 09:26:13] [hand_detect] IN: hand_detect 1920x1080 → OUT: detected=false landmarks=nil confidence=0
[2026-06-15 09:26:13] [face_detect] IN: face_detect → OUT: detected=false landmarks=nil roll=nil pitch=nil yaw=nil (3051ms)
[2026-06-15 09:26:13] [hand_detect] IN: hand_detect 1920x1080 → OUT: detected=false landmarks=nil confidence=0
[2026-06-15 09:26:13] [face_detect] IN: face_detect → OUT: detected=false landmarks=nil roll=nil pitch=nil yaw=nil (3792ms)
[2026-06-15 09:26:13] [hand_detect] IN: hand_detect 1920x1080 → OUT: detected=false landmarks=nil confidence=0
[2026-06-15 09:26:13] [face_detect] IN: face_detect → OUT: detected=false landmarks=nil roll=nil pitch=nil yaw=nil (2828ms)
[2026-06-15 09:26:13] [hand_detect] IN: hand_detect 1920x1080 → OUT: detected=false landmarks=nil confidence=0
[2026-06-15 09:26:13] [face_detect] IN: face_detect → OUT: detected=false landmarks=nil roll=nil pitch=nil yaw=nil (2977ms)
[2026-06-15 09:26:13] [hand_detect] IN: hand_detect 1920x1080 → OUT: detected=false landmarks=nil confidence=0
[2026-06-15 09:26:13] [face_detect] IN: face_detect → OUT: detected=false landmarks=nil roll=nil pitch=nil yaw=nil (3219ms)
[2026-06-15 09:26:13] [hand_detect] IN: hand_detect 1920x1080 → OUT: detected=false landmarks=nil confidence=0
[2026-06-15 09:26:13] [face_detect] IN: face_detect → OUT: detected=false landmarks=nil roll=nil pitch=nil yaw=nil (2758ms)
[2026-06-15 09:26:13] [hand_detect] IN: hand_detect 1920x1080 → OUT: detected=false landmarks=nil confidence=0
[2026-06-15 09:26:13] [face_detect] IN: face_detect → OUT: detected=false landmarks=nil roll=nil pitch=nil yaw=nil (2679ms)
[2026-06-15 09:26:13] [hand_detect] IN: hand_detect 1920x1080 → OUT: detected=false landmarks=nil confidence=0
[2026-06-15 09:26:13] [face_detect] IN: face_detect → OUT: detected=false landmarks=nil roll=nil pitch=nil yaw=nil (2802ms)
[2026-06-15 09:26:13] [hand_detect] IN: hand_detect 1920x1080 → OUT: detected=false landmarks=nil confidence=0
[2026-06-15 09:26:13] [face_detect] IN: face_detect → OUT: detected=false landmarks=nil roll=nil pitch=nil yaw=nil (3026ms)
[2026-06-15 09:26:13] [hand_detect] IN: hand_detect 1920x1080 → OUT: detected=false landmarks=nil confidence=0
[2026-06-15 09:26:13] [face_detect] IN: face_detect → OUT: detected=false landmarks=nil roll=nil pitch=nil yaw=nil (2797ms)
[2026-06-15 09:26:13] [hand_detect] IN: hand_detect 1920x1080 → OUT: detected=false landmarks=nil confidence=0
[2026-06-15 09:26:13] [face_detect] IN: face_detect → OUT: detected=false landmarks=nil roll=nil pitch=nil yaw=nil (3216ms)
[2026-06-15 09:26:13] [hand_detect] IN: hand_detect 1920x1080 → OUT: detected=false landmarks=nil confidence=0
[2026-06-15 09:26:13] [face_detect] IN: face_detect → OUT: detected=false landmarks=nil roll=nil pitch=nil yaw=nil (20542ms)
[2026-06-15 09:26:13] [hand_detect] IN: hand_detect 1920x1080 → OUT: detected=false landmarks=nil confidence=0
[2026-06-15 09:26:13] [face_detect] IN: face_detect → OUT: detected=false landmarks=nil roll=nil pitch=nil yaw=nil (5712ms)
[2026-06-15 09:26:13] [hand_detect] IN: hand_detect 1920x1080 → OUT: detected=false landmarks=nil confidence=0
[2026-06-15 09:26:13] [face_detect] IN: face_detect → OUT: detected=false landmarks=nil roll=nil pitch=nil yaw=nil (2882ms)
[2026-06-15 09:26:13] [hand_detect] IN: hand_detect 1920x1080 → OUT: detected=false landmarks=nil confidence=0
[2026-06-15 09:26:13] [face_detect] IN: face_detect → OUT: detected=false landmarks=nil roll=nil pitch=nil yaw=nil (2913ms)
[2026-06-15 09:26:13] [hand_detect] IN: hand_detect 1920x1080 → OUT: detected=false landmarks=nil confidence=0
[2026-06-15 09:26:13] [face_detect] IN: face_detect → OUT: detected=false landmarks=nil roll=nil pitch=nil yaw=nil (2763ms)
[2026-06-15 09:26:14] [hand_detect] IN: hand_detect 1920x1080 → OUT: detected=false landmarks=nil confidence=0
[2026-06-15 09:26:14] [face_detect] IN: face_detect → OUT: detected=false landmarks=nil roll=nil pitch=nil yaw=nil (2804ms)
[2026-06-15 09:26:14] [hand_detect] IN: hand_detect 1920x1080 → OUT: detected=false landmarks=nil confidence=0
[2026-06-15 09:26:14] [face_detect] IN: face_detect → OUT: detected=false landmarks=nil roll=nil pitch=nil yaw=nil (2716ms)
[2026-06-15 09:26:14] [axScan] IN: windows=23 → OUT: raw=1218 visible=284 (745ms)
[2026-06-15 09:26:14] [hand_detect] IN: hand_detect 1920x1080 → OUT: detected=false landmarks=nil confidence=0
[2026-06-15 09:26:14] [face_detect] IN: face_detect → OUT: detected=false landmarks=nil roll=nil pitch=nil yaw=nil (2776ms)
[2026-06-15 09:26:14] [hand_detect] IN: hand_detect 1920x1080 → OUT: detected=false landmarks=nil confidence=0
[2026-06-15 09:26:14] [face_detect] IN: face_detect → OUT: detected=false landmarks=nil roll=nil pitch=nil yaw=nil (2748ms)
[2026-06-15 09:26:14] [hand_detect] IN: hand_detect 1920x1080 → OUT: detected=false landmarks=nil confidence=0
[2026-06-15 09:26:14] [face_detect] IN: face_detect → OUT: detected=false landmarks=nil roll=nil pitch=nil yaw=nil (2814ms)
[2026-06-15 09:26:14] [hand_detect] IN: hand_detect 1920x1080 → OUT: detected=false landmarks=nil confidence=0
[2026-06-15 09:26:14] [face_detect] IN: face_detect → OUT: detected=false landmarks=nil roll=nil pitch=nil yaw=nil (2727ms)
[2026-06-15 09:26:14] [hand_detect] IN: hand_detect 1920x1080 → OUT: detected=false landmarks=nil confidence=0
[2026-06-15 09:26:14] [face_detect] IN: face_detect → OUT: detected=false landmarks=nil roll=nil pitch=nil yaw=nil (2750ms)
[2026-06-15 09:26:14] [hand_detect] IN: hand_detect 1920x1080 → OUT: detected=false landmarks=nil confidence=0
[2026-06-15 09:26:14] [face_detect] IN: face_detect → OUT: detected=false landmarks=nil roll=nil pitch=nil yaw=nil (2673ms)
[2026-06-15 09:26:14] [hand_detect] IN: hand_detect 1920x1080 → OUT: detected=false landmarks=nil confidence=0
[2026-06-15 09:26:14] [face_detect] IN: face_detect → OUT: detected=false landmarks=nil roll=nil pitch=nil yaw=nil (2600ms)
[2026-06-15 09:26:14] [axMatch] IN: cursor=(1052,1052) → OUT: role=AXDockItem title=Claude (0ms)
[2026-06-15 09:26:14] [hand_detect] IN: hand_detect 1920x1080 → OUT: detected=false landmarks=nil confidence=0
[2026-06-15 09:26:14] [face_detect] IN: face_detect → OUT: detected=false landmarks=nil roll=nil pitch=nil yaw=nil (6948ms)
[2026-06-15 09:26:14] [hand_detect] IN: hand_detect 1920x1080 → OUT: detected=false landmarks=nil confidence=0
[2026-06-15 09:26:14] [face_detect] IN: face_detect → OUT: detected=false landmarks=nil roll=nil pitch=nil yaw=nil (3845ms)
[2026-06-15 09:26:14] [hand_detect] IN: hand_detect 1920x1080 → OUT: detected=false landmarks=nil confidence=0
[2026-06-15 09:26:14] [face_detect] IN: face_detect → OUT: detected=false landmarks=nil roll=nil pitch=nil yaw=nil (3561ms)
[2026-06-15 09:26:14] [hand_detect] IN: hand_detect 1920x1080 → OUT: detected=false landmarks=nil confidence=0
[2026-06-15 09:26:14] [face_detect] IN: face_detect → OUT: detected=false landmarks=nil roll=nil pitch=nil yaw=nil (3221ms)
[2026-06-15 09:26:14] [hand_detect] IN: hand_detect 1920x1080 → OUT: detected=false landmarks=nil confidence=0
[2026-06-15 09:26:14] [face_detect] IN: face_detect → OUT: detected=false landmarks=nil roll=nil pitch=nil yaw=nil (5129ms)
[2026-06-15 09:26:14] [hand_detect] IN: hand_detect 1920x1080 → OUT: detected=false landmarks=nil confidence=0
[2026-06-15 09:26:14] [face_detect] IN: face_detect → OUT: detected=false landmarks=nil roll=nil pitch=nil yaw=nil (26458ms)
[2026-06-15 09:26:14] [hand_detect] IN: hand_detect 1920x1080 → OUT: detected=false landmarks=nil confidence=0
[2026-06-15 09:26:14] [face_detect] IN: face_detect → OUT: detected=false landmarks=nil roll=nil pitch=nil yaw=nil (6871ms)
[2026-06-15 09:26:14] [hand_detect] IN: hand_detect 1920x1080 → OUT: detected=false landmarks=nil confidence=0
[2026-06-15 09:26:14] [face_detect] IN: face_detect → OUT: detected=false landmarks=nil roll=nil pitch=nil yaw=nil (3906ms)
[2026-06-15 09:26:14] [hand_detect] IN: hand_detect 1920x1080 → OUT: detected=false landmarks=nil confidence=0
[2026-06-15 09:26:14] [face_detect] IN: face_detect → OUT: detected=false landmarks=nil roll=nil pitch=nil yaw=nil (2916ms)
[2026-06-15 09:26:14] [hand_detect] IN: hand_detect 1920x1080 → OUT: detected=false landmarks=nil confidence=0
[2026-06-15 09:26:14] [face_detect] IN: face_detect → OUT: detected=false landmarks=nil roll=nil pitch=nil yaw=nil (2791ms)
[2026-06-15 09:26:14] [hand_detect] IN: hand_detect 1920x1080 → OUT: detected=false landmarks=nil confidence=0
[2026-06-15 09:26:14] [face_detect] IN: face_detect → OUT: detected=false landmarks=nil roll=nil pitch=nil yaw=nil (2878ms)
[2026-06-15 09:26:14] [hand_detect] IN: hand_detect 1920x1080 → OUT: detected=false landmarks=nil confidence=0
[2026-06-15 09:26:14] [face_detect] IN: face_detect → OUT: detected=false landmarks=nil roll=nil pitch=nil yaw=nil (2871ms)
[2026-06-15 09:26:14] [hand_detect] IN: hand_detect 1920x1080 → OUT: detected=false landmarks=nil confidence=0
[2026-06-15 09:26:14] [face_detect] IN: face_detect → OUT: detected=false landmarks=nil roll=nil pitch=nil yaw=nil (2609ms)
[2026-06-15 09:26:14] [hand_detect] IN: hand_detect 1920x1080 → OUT: detected=false landmarks=nil confidence=0
[2026-06-15 09:26:14] [face_detect] IN: face_detect → OUT: detected=false landmarks=nil roll=nil pitch=nil yaw=nil (2743ms)
[2026-06-15 09:26:14] [hand_detect] IN: hand_detect 1920x1080 → OUT: detected=false landmarks=nil confidence=0
[2026-06-15 09:26:14] [face_detect] IN: face_detect → OUT: detected=false landmarks=nil roll=nil pitch=nil yaw=nil (2544ms)
[2026-06-15 09:26:14] [axMatch] IN: cursor=(765,690) → OUT: lost (0ms)
[2026-06-15 09:26:14] [hand_detect] IN: hand_detect 1920x1080 → OUT: detected=false landmarks=nil confidence=0
[2026-06-15 09:26:14] [face_detect] IN: face_detect → OUT: detected=false landmarks=nil roll=nil pitch=nil yaw=nil (2490ms)
[2026-06-15 09:26:14] [hand_detect] IN: hand_detect 1920x1080 → OUT: detected=false landmarks=nil confidence=0
[2026-06-15 09:26:14] [face_detect] IN: face_detect → OUT: detected=false landmarks=nil roll=nil pitch=nil yaw=nil (2617ms)
[2026-06-15 09:26:14] [hand_detect] IN: hand_detect 1920x1080 → OUT: detected=false landmarks=nil confidence=0
[2026-06-15 09:26:14] [face_detect] IN: face_detect → OUT: detected=false landmarks=nil roll=nil pitch=nil yaw=nil (2441ms)
[2026-06-15 09:26:14] [hand_detect] IN: hand_detect 1920x1080 → OUT: detected=false landmarks=nil confidence=0
[2026-06-15 09:26:14] [face_detect] IN: face_detect → OUT: detected=false landmarks=nil roll=nil pitch=nil yaw=nil (3525ms)
[2026-06-15 09:26:14] [hand_detect] IN: hand_detect 1920x1080 → OUT: detected=false landmarks=nil confidence=0
[2026-06-15 09:26:14] [face_detect] IN: face_detect → OUT: detected=false landmarks=nil roll=nil pitch=nil yaw=nil (3448ms)
[2026-06-15 09:26:14] [hand_detect] IN: hand_detect 1920x1080 → OUT: detected=false landmarks=nil confidence=0
[2026-06-15 09:26:14] [face_detect] IN: face_detect → OUT: detected=false landmarks=nil roll=nil pitch=nil yaw=nil (2722ms)
[2026-06-15 09:26:15] [hand_detect] IN: hand_detect 1920x1080 → OUT: detected=false landmarks=nil confidence=0
[2026-06-15 09:26:15] [face_detect] IN: face_detect → OUT: detected=false landmarks=nil roll=nil pitch=nil yaw=nil (3118ms)
[2026-06-15 09:26:15] [hand_detect] IN: hand_detect 1920x1080 → OUT: detected=false landmarks=nil confidence=0
[2026-06-15 09:26:15] [face_detect] IN: face_detect → OUT: detected=false landmarks=nil roll=nil pitch=nil yaw=nil (3010ms)
[2026-06-15 09:26:15] [hand_detect] IN: hand_detect 1920x1080 → OUT: detected=false landmarks=nil confidence=0
[2026-06-15 09:26:15] [face_detect] IN: face_detect → OUT: detected=false landmarks=nil roll=nil pitch=nil yaw=nil (2599ms)
[2026-06-15 09:26:15] [hand_detect] IN: hand_detect 1920x1080 → OUT: detected=false landmarks=nil confidence=0
[2026-06-15 09:26:15] [axScan] IN: windows=23 → OUT: raw=1209 visible=275 (773ms)
[2026-06-15 09:26:15] [face_detect] IN: face_detect → OUT: detected=false landmarks=nil roll=nil pitch=nil yaw=nil (4053ms)
[2026-06-15 09:26:15] [hand_detect] IN: hand_detect 1920x1080 → OUT: detected=false landmarks=nil confidence=0
[2026-06-15 09:26:15] [face_detect] IN: face_detect → OUT: detected=false landmarks=nil roll=nil pitch=nil yaw=nil (2773ms)
[2026-06-15 09:26:15] [hand_detect] IN: hand_detect 1920x1080 → OUT: detected=false landmarks=nil confidence=0
[2026-06-15 09:26:15] [face_detect] IN: face_detect → OUT: detected=false landmarks=nil roll=nil pitch=nil yaw=nil (2923ms)
[2026-06-15 09:26:15] [hand_detect] IN: hand_detect 1920x1080 → OUT: detected=false landmarks=nil confidence=0
[2026-06-15 09:26:15] [face_detect] IN: face_detect → OUT: detected=false landmarks=nil roll=nil pitch=nil yaw=nil (4630ms)
[2026-06-15 09:26:15] [hand_detect] IN: hand_detect 1920x1080 → OUT: detected=false landmarks=nil confidence=0
[2026-06-15 09:26:15] [face_detect] IN: face_detect → OUT: detected=false landmarks=nil roll=nil pitch=nil yaw=nil (2686ms)
[2026-06-15 09:26:15] [hand_detect] IN: hand_detect 1920x1080 → OUT: detected=false landmarks=nil confidence=0
[2026-06-15 09:26:15] [face_detect] IN: face_detect → OUT: detected=false landmarks=nil roll=nil pitch=nil yaw=nil (2581ms)
[2026-06-15 09:26:15] [hand_detect] IN: hand_detect 1920x1080 → OUT: detected=false landmarks=nil confidence=0
[2026-06-15 09:26:15] [face_detect] IN: face_detect → OUT: detected=false landmarks=nil roll=nil pitch=nil yaw=nil (2695ms)
[2026-06-15 09:26:15] [hand_detect] IN: hand_detect 1920x1080 → OUT: detected=false landmarks=nil confidence=0
[2026-06-15 09:26:15] [face_detect] IN: face_detect → OUT: detected=false landmarks=nil roll=nil pitch=nil yaw=nil (2778ms)
[2026-06-15 09:26:15] [hand_detect] IN: hand_detect 1920x1080 → OUT: detected=false landmarks=nil confidence=0
[2026-06-15 09:26:15] [face_detect] IN: face_detect → OUT: detected=false landmarks=nil roll=nil pitch=nil yaw=nil (2694ms)
[2026-06-15 09:26:15] [hand_detect] IN: hand_detect 1920x1080 → OUT: detected=false landmarks=nil confidence=0
[2026-06-15 09:26:15] [face_detect] IN: face_detect → OUT: detected=false landmarks=nil roll=nil pitch=nil yaw=nil (2843ms)
[2026-06-15 09:26:15] [hand_detect] IN: hand_detect 1920x1080 → OUT: detected=false landmarks=nil confidence=0
[2026-06-15 09:26:15] [face_detect] IN: face_detect → OUT: detected=false landmarks=nil roll=nil pitch=nil yaw=nil (2744ms)
[2026-06-15 09:26:15] [hand_detect] IN: hand_detect 1920x1080 → OUT: detected=false landmarks=nil confidence=0
[2026-06-15 09:26:15] [face_detect] IN: face_detect → OUT: detected=false landmarks=nil roll=nil pitch=nil yaw=nil (2850ms)
[2026-06-15 09:26:15] [hand_detect] IN: hand_detect 1920x1080 → OUT: detected=false landmarks=nil confidence=0
[2026-06-15 09:26:15] [face_detect] IN: face_detect → OUT: detected=false landmarks=nil roll=nil pitch=nil yaw=nil (2634ms)
[2026-06-15 09:26:15] [hand_detect] IN: hand_detect 1920x1080 → OUT: detected=false landmarks=nil confidence=0
[2026-06-15 09:26:15] [face_detect] IN: face_detect → OUT: detected=false landmarks=nil roll=nil pitch=nil yaw=nil (2650ms)
[2026-06-15 09:26:15] [hand_detect] IN: hand_detect 1920x1080 → OUT: detected=false landmarks=nil confidence=0
[2026-06-15 09:26:15] [face_detect] IN: face_detect → OUT: detected=false landmarks=nil roll=nil pitch=nil yaw=nil (2711ms)
[2026-06-15 09:26:15] [hand_detect] IN: hand_detect 1920x1080 → OUT: detected=false landmarks=nil confidence=0
[2026-06-15 09:26:15] [face_detect] IN: face_detect → OUT: detected=false landmarks=nil roll=nil pitch=nil yaw=nil (3468ms)
[2026-06-15 09:26:15] [hand_detect] IN: hand_detect 1920x1080 → OUT: detected=false landmarks=nil confidence=0
[2026-06-15 09:26:15] [face_detect] IN: face_detect → OUT: detected=false landmarks=nil roll=nil pitch=nil yaw=nil (3005ms)
[2026-06-15 09:26:15] [hand_detect] IN: hand_detect 1920x1080 → OUT: detected=false landmarks=nil confidence=0
[2026-06-15 09:26:15] [face_detect] IN: face_detect → OUT: detected=false landmarks=nil roll=nil pitch=nil yaw=nil (2769ms)
[2026-06-15 09:26:15] [hand_detect] IN: hand_detect 1920x1080 → OUT: detected=false landmarks=nil confidence=0
[2026-06-15 09:26:15] [face_detect] IN: face_detect → OUT: detected=false landmarks=nil roll=nil pitch=nil yaw=nil (2806ms)
[2026-06-15 09:26:15] [hand_detect] IN: hand_detect 1920x1080 → OUT: detected=false landmarks=nil confidence=0
[2026-06-15 09:26:15] [face_detect] IN: face_detect → OUT: detected=false landmarks=nil roll=nil pitch=nil yaw=nil (2781ms)
[2026-06-15 09:26:15] [hand_detect] IN: hand_detect 1920x1080 → OUT: detected=false landmarks=nil confidence=0
[2026-06-15 09:26:15] [face_detect] IN: face_detect → OUT: detected=false landmarks=nil roll=nil pitch=nil yaw=nil (2673ms)
[2026-06-15 09:26:15] [hand_detect] IN: hand_detect 1920x1080 → OUT: detected=false landmarks=nil confidence=0
[2026-06-15 09:26:15] [face_detect] IN: face_detect → OUT: detected=false landmarks=nil roll=nil pitch=nil yaw=nil (2626ms)
[2026-06-15 09:26:15] [hand_detect] IN: hand_detect 1920x1080 → OUT: detected=false landmarks=nil confidence=0
[2026-06-15 09:26:15] [face_detect] IN: face_detect → OUT: detected=false landmarks=nil roll=nil pitch=nil yaw=nil (2534ms)
[2026-06-15 09:26:15] [hand_detect] IN: hand_detect 1920x1080 → OUT: detected=false landmarks=nil confidence=0
[2026-06-15 09:26:15] [face_detect] IN: face_detect → OUT: detected=false landmarks=nil roll=nil pitch=nil yaw=nil (11127ms)
[2026-06-15 09:26:15] [hand_detect] IN: hand_detect 1920x1080 → OUT: detected=false landmarks=nil confidence=0
[2026-06-15 09:26:15] [face_detect] IN: face_detect → OUT: detected=false landmarks=nil roll=nil pitch=nil yaw=nil (3298ms)
[2026-06-15 09:26:15] [hand_detect] IN: hand_detect 1920x1080 → OUT: detected=false landmarks=nil confidence=0
[2026-06-15 09:26:15] [face_detect] IN: face_detect → OUT: detected=false landmarks=nil roll=nil pitch=nil yaw=nil (4232ms)
[2026-06-15 09:26:15] [hand_detect] IN: hand_detect 1920x1080 → OUT: detected=false landmarks=nil confidence=0
[2026-06-15 09:26:15] [face_detect] IN: face_detect → OUT: detected=false landmarks=nil roll=nil pitch=nil yaw=nil (2956ms)
[2026-06-15 09:26:16] [hand_detect] IN: hand_detect 1920x1080 → OUT: detected=false landmarks=nil confidence=0
[2026-06-15 09:26:16] [face_detect] IN: face_detect → OUT: detected=false landmarks=nil roll=nil pitch=nil yaw=nil (3183ms)
[2026-06-15 09:26:16] [hand_detect] IN: hand_detect 1920x1080 → OUT: detected=false landmarks=nil confidence=0
[2026-06-15 09:26:16] [face_detect] IN: face_detect → OUT: detected=false landmarks=nil roll=nil pitch=nil yaw=nil (3023ms)
[2026-06-15 09:26:16] [hand_detect] IN: hand_detect 1920x1080 → OUT: detected=false landmarks=nil confidence=0
[2026-06-15 09:26:16] [face_detect] IN: face_detect → OUT: detected=false landmarks=nil roll=nil pitch=nil yaw=nil (2591ms)
[2026-06-15 09:26:16] [hand_detect] IN: hand_detect 1920x1080 → OUT: detected=false landmarks=nil confidence=0
[2026-06-15 09:26:16] [face_detect] IN: face_detect → OUT: detected=false landmarks=nil roll=nil pitch=nil yaw=nil (2629ms)
[2026-06-15 09:26:16] [axScan] IN: windows=24 → OUT: raw=1296 visible=326 (816ms)
[2026-06-15 09:26:16] [hand_detect] IN: hand_detect 1920x1080 → OUT: detected=false landmarks=nil confidence=0
[2026-06-15 09:26:16] [face_detect] IN: face_detect → OUT: detected=false landmarks=nil roll=nil pitch=nil yaw=nil (2601ms)
[2026-06-15 09:26:16] [hand_detect] IN: hand_detect 1920x1080 → OUT: detected=false landmarks=nil confidence=0
[2026-06-15 09:26:16] [face_detect] IN: face_detect → OUT: detected=false landmarks=nil roll=nil pitch=nil yaw=nil (3013ms)
[2026-06-15 09:26:16] [hand_detect] IN: hand_detect 1920x1080 → OUT: detected=false landmarks=nil confidence=0
[2026-06-15 09:26:16] [face_detect] IN: face_detect → OUT: detected=false landmarks=nil roll=nil pitch=nil yaw=nil (3046ms)
[2026-06-15 09:26:16] [hand_detect] IN: hand_detect 1920x1080 → OUT: detected=false landmarks=nil confidence=0
[2026-06-15 09:26:16] [face_detect] IN: face_detect → OUT: detected=false landmarks=nil roll=nil pitch=nil yaw=nil (3545ms)
[2026-06-15 09:26:16] [hand_detect] IN: hand_detect 1920x1080 → OUT: detected=false landmarks=nil confidence=0
[2026-06-15 09:26:16] [face_detect] IN: face_detect → OUT: detected=false landmarks=nil roll=nil pitch=nil yaw=nil (3695ms)
[2026-06-15 09:26:16] [hand_detect] IN: hand_detect 1920x1080 → OUT: detected=false landmarks=nil confidence=0
[2026-06-15 09:26:16] [face_detect] IN: face_detect → OUT: detected=false landmarks=nil roll=nil pitch=nil yaw=nil (3947ms)
[2026-06-15 09:26:16] [hand_detect] IN: hand_detect 1920x1080 → OUT: detected=false landmarks=nil confidence=0
[2026-06-15 09:26:16] [face_detect] IN: face_detect → OUT: detected=false landmarks=nil roll=nil pitch=nil yaw=nil (4076ms)
[2026-06-15 09:26:16] [hand_detect] IN: hand_detect 1920x1080 → OUT: detected=false landmarks=nil confidence=0
[2026-06-15 09:26:16] [face_detect] IN: face_detect → OUT: detected=false landmarks=nil roll=nil pitch=nil yaw=nil (3898ms)
[2026-06-15 09:26:16] [hand_detect] IN: hand_detect 1920x1080 → OUT: detected=false landmarks=nil confidence=0
[2026-06-15 09:26:16] [face_detect] IN: face_detect → OUT: detected=false landmarks=nil roll=nil pitch=nil yaw=nil (2853ms)
[2026-06-15 09:26:16] [hand_detect] IN: hand_detect 1920x1080 → OUT: detected=false landmarks=nil confidence=0
[2026-06-15 09:26:16] [face_detect] IN: face_detect → OUT: detected=false landmarks=nil roll=nil pitch=nil yaw=nil (2557ms)
[2026-06-15 09:26:16] [hand_detect] IN: hand_detect 1920x1080 → OUT: detected=false landmarks=nil confidence=0
[2026-06-15 09:26:16] [face_detect] IN: face_detect → OUT: detected=false landmarks=nil roll=nil pitch=nil yaw=nil (2594ms)
[2026-06-15 09:26:16] [hand_detect] IN: hand_detect 1920x1080 → OUT: detected=false landmarks=nil confidence=0
[2026-06-15 09:26:16] [face_detect] IN: face_detect → OUT: detected=false landmarks=nil roll=nil pitch=nil yaw=nil (2887ms)
[2026-06-15 09:26:16] [hand_detect] IN: hand_detect 1920x1080 → OUT: detected=false landmarks=nil confidence=0
[2026-06-15 09:26:16] [face_detect] IN: face_detect → OUT: detected=false landmarks=nil roll=nil pitch=nil yaw=nil (2630ms)
[2026-06-15 09:26:16] [hand_detect] IN: hand_detect 1920x1080 → OUT: detected=false landmarks=nil confidence=0
[2026-06-15 09:26:16] [face_detect] IN: face_detect → OUT: detected=false landmarks=nil roll=nil pitch=nil yaw=nil (2647ms)
[2026-06-15 09:26:16] [hand_detect] IN: hand_detect 1920x1080 → OUT: detected=false landmarks=nil confidence=0
[2026-06-15 09:26:16] [face_detect] IN: face_detect → OUT: detected=false landmarks=nil roll=nil pitch=nil yaw=nil (2560ms)
[2026-06-15 09:26:16] [hand_detect] IN: hand_detect 1920x1080 → OUT: detected=false landmarks=nil confidence=0
[2026-06-15 09:26:16] [face_detect] IN: face_detect → OUT: detected=false landmarks=nil roll=nil pitch=nil yaw=nil (2658ms)
[2026-06-15 09:26:16] [hand_detect] IN: hand_detect 1920x1080 → OUT: detected=false landmarks=nil confidence=0
[2026-06-15 09:26:16] [face_detect] IN: face_detect → OUT: detected=false landmarks=nil roll=nil pitch=nil yaw=nil (2583ms)
[2026-06-15 09:26:16] [hand_detect] IN: hand_detect 1920x1080 → OUT: detected=false landmarks=nil confidence=0
[2026-06-15 09:26:16] [face_detect] IN: face_detect → OUT: detected=false landmarks=nil roll=nil pitch=nil yaw=nil (2682ms)
[2026-06-15 09:26:16] [hand_detect] IN: hand_detect 1920x1080 → OUT: detected=false landmarks=nil confidence=0
[2026-06-15 09:26:16] [face_detect] IN: face_detect → OUT: detected=false landmarks=nil roll=nil pitch=nil yaw=nil (2586ms)
[2026-06-15 09:26:16] [hand_detect] IN: hand_detect 1920x1080 → OUT: detected=false landmarks=nil confidence=0
[2026-06-15 09:26:16] [face_detect] IN: face_detect → OUT: detected=false landmarks=nil roll=nil pitch=nil yaw=nil (2548ms)
[2026-06-15 09:26:16] [hand_detect] IN: hand_detect 1920x1080 → OUT: detected=false landmarks=nil confidence=0
[2026-06-15 09:26:16] [axMatch] IN: cursor=(1826,59) → OUT: role=AXButton title=Progress (0ms)
[2026-06-15 09:26:16] [face_detect] IN: face_detect → OUT: detected=false landmarks=nil roll=nil pitch=nil yaw=nil (2546ms)
[2026-06-15 09:26:16] [hand_detect] IN: hand_detect 1920x1080 → OUT: detected=false landmarks=nil confidence=0
[2026-06-15 09:26:16] [face_detect] IN: face_detect → OUT: detected=false landmarks=nil roll=nil pitch=nil yaw=nil (2426ms)
[2026-06-15 09:26:16] [hand_detect] IN: hand_detect 1920x1080 → OUT: detected=false landmarks=nil confidence=0
[2026-06-15 09:26:16] [face_detect] IN: face_detect → OUT: detected=false landmarks=nil roll=nil pitch=nil yaw=nil (2609ms)
[2026-06-15 09:26:16] [hand_detect] IN: hand_detect 1920x1080 → OUT: detected=false landmarks=nil confidence=0
[2026-06-15 09:26:16] [face_detect] IN: face_detect → OUT: detected=false landmarks=nil roll=nil pitch=nil yaw=nil (2600ms)
[2026-06-15 09:26:16] [hand_detect] IN: hand_detect 1920x1080 → OUT: detected=false landmarks=nil confidence=0
[2026-06-15 09:26:16] [face_detect] IN: face_detect → OUT: detected=false landmarks=nil roll=nil pitch=nil yaw=nil (2544ms)
[2026-06-15 09:26:16] [hand_detect] IN: hand_detect 1920x1080 → OUT: detected=false landmarks=nil confidence=0
[2026-06-15 09:26:16] [face_detect] IN: face_detect → OUT: detected=false landmarks=nil roll=nil pitch=nil yaw=nil (2681ms)
[2026-06-15 09:26:17] [hand_detect] IN: hand_detect 1920x1080 → OUT: detected=false landmarks=nil confidence=0
[2026-06-15 09:26:17] [face_detect] IN: face_detect → OUT: detected=false landmarks=nil roll=nil pitch=nil yaw=nil (2717ms)
[2026-06-15 09:26:17] [axScan] IN: windows=24 → OUT: raw=1296 visible=326 (723ms)
[2026-06-15 09:26:17] [hand_detect] IN: hand_detect 1920x1080 → OUT: detected=false landmarks=nil confidence=0
[2026-06-15 09:26:17] [face_detect] IN: face_detect → OUT: detected=false landmarks=nil roll=nil pitch=nil yaw=nil (2617ms)
[2026-06-15 09:26:17] [hand_detect] IN: hand_detect 1920x1080 → OUT: detected=false landmarks=nil confidence=0
[2026-06-15 09:26:17] [face_detect] IN: face_detect → OUT: detected=false landmarks=nil roll=nil pitch=nil yaw=nil (2903ms)
[2026-06-15 09:26:17] [hand_detect] IN: hand_detect 1920x1080 → OUT: detected=false landmarks=nil confidence=0
[2026-06-15 09:26:17] [face_detect] IN: face_detect → OUT: detected=false landmarks=nil roll=nil pitch=nil yaw=nil (3116ms)
[2026-06-15 09:26:17] [hand_detect] IN: hand_detect 1920x1080 → OUT: detected=false landmarks=nil confidence=0
[2026-06-15 09:26:17] [face_detect] IN: face_detect → OUT: detected=false landmarks=nil roll=nil pitch=nil yaw=nil (3098ms)
[2026-06-15 09:26:17] [hand_detect] IN: hand_detect 1920x1080 → OUT: detected=false landmarks=nil confidence=0
[2026-06-15 09:26:17] [face_detect] IN: face_detect → OUT: detected=false landmarks=nil roll=nil pitch=nil yaw=nil (3152ms)
[2026-06-15 09:26:17] [hand_detect] IN: hand_detect 1920x1080 → OUT: detected=false landmarks=nil confidence=0
[2026-06-15 09:26:17] [face_detect] IN: face_detect → OUT: detected=false landmarks=nil roll=nil pitch=nil yaw=nil (2904ms)
[2026-06-15 09:26:17] [hand_detect] IN: hand_detect 1920x1080 → OUT: detected=false landmarks=nil confidence=0
[2026-06-15 09:26:17] [face_detect] IN: face_detect → OUT: detected=false landmarks=nil roll=nil pitch=nil yaw=nil (3820ms)
[2026-06-15 09:26:17] [hand_detect] IN: hand_detect 1920x1080 → OUT: detected=false landmarks=nil confidence=0
[2026-06-15 09:26:17] [face_detect] IN: face_detect → OUT: detected=false landmarks=nil roll=nil pitch=nil yaw=nil (4446ms)
[2026-06-15 09:26:17] [axMatch] IN: cursor=(1242,704) → OUT: lost (0ms)
[2026-06-15 09:26:17] [hand_detect] IN: hand_detect 1920x1080 → OUT: detected=false landmarks=nil confidence=0
[2026-06-15 09:26:17] [face_detect] IN: face_detect → OUT: detected=false landmarks=nil roll=nil pitch=nil yaw=nil (6803ms)
[2026-06-15 09:26:17] [hand_detect] IN: hand_detect 1920x1080 → OUT: detected=false landmarks=nil confidence=0
[2026-06-15 09:26:17] [face_detect] IN: face_detect → OUT: detected=false landmarks=nil roll=nil pitch=nil yaw=nil (5496ms)
[2026-06-15 09:26:17] [hand_detect] IN: hand_detect 1920x1080 → OUT: detected=false landmarks=nil confidence=0
[2026-06-15 09:26:17] [face_detect] IN: face_detect → OUT: detected=false landmarks=nil roll=nil pitch=nil yaw=nil (3677ms)
[2026-06-15 09:26:17] [hand_detect] IN: hand_detect 1920x1080 → OUT: detected=false landmarks=nil confidence=0
[2026-06-15 09:26:17] [face_detect] IN: face_detect → OUT: detected=false landmarks=nil roll=nil pitch=nil yaw=nil (2789ms)
[2026-06-15 09:26:17] [hand_detect] IN: hand_detect 1920x1080 → OUT: detected=false landmarks=nil confidence=0
[2026-06-15 09:26:17] [face_detect] IN: face_detect → OUT: detected=false landmarks=nil roll=nil pitch=nil yaw=nil (2509ms)
[2026-06-15 09:26:17] [hand_detect] IN: hand_detect 1920x1080 → OUT: detected=false landmarks=nil confidence=0
[2026-06-15 09:26:17] [face_detect] IN: face_detect → OUT: detected=false landmarks=nil roll=nil pitch=nil yaw=nil (2542ms)
[2026-06-15 09:26:17] [hand_detect] IN: hand_detect 1920x1080 → OUT: detected=false landmarks=nil confidence=0
[2026-06-15 09:26:17] [face_detect] IN: face_detect → OUT: detected=false landmarks=nil roll=nil pitch=nil yaw=nil (2756ms)
[2026-06-15 09:26:17] [hand_detect] IN: hand_detect 1920x1080 → OUT: detected=false landmarks=nil confidence=0
[2026-06-15 09:26:17] [face_detect] IN: face_detect → OUT: detected=false landmarks=nil roll=nil pitch=nil yaw=nil (2740ms)
[2026-06-15 09:26:17] [hand_detect] IN: hand_detect 1920x1080 → OUT: detected=false landmarks=nil confidence=0
[2026-06-15 09:26:17] [face_detect] IN: face_detect → OUT: detected=false landmarks=nil roll=nil pitch=nil yaw=nil (2708ms)
[2026-06-15 09:26:17] [hand_detect] IN: hand_detect 1920x1080 → OUT: detected=false landmarks=nil confidence=0
[2026-06-15 09:26:17] [face_detect] IN: face_detect → OUT: detected=false landmarks=nil roll=nil pitch=nil yaw=nil (2771ms)
[2026-06-15 09:26:17] [hand_detect] IN: hand_detect 1920x1080 → OUT: detected=false landmarks=nil confidence=0
[2026-06-15 09:26:17] [face_detect] IN: face_detect → OUT: detected=false landmarks=nil roll=nil pitch=nil yaw=nil (2653ms)
[2026-06-15 09:26:17] [hand_detect] IN: hand_detect 1920x1080 → OUT: detected=false landmarks=nil confidence=0
[2026-06-15 09:26:17] [face_detect] IN: face_detect → OUT: detected=false landmarks=nil roll=nil pitch=nil yaw=nil (2658ms)
[2026-06-15 09:26:17] [hand_detect] IN: hand_detect 1920x1080 → OUT: detected=false landmarks=nil confidence=0
[2026-06-15 09:26:17] [face_detect] IN: face_detect → OUT: detected=false landmarks=nil roll=nil pitch=nil yaw=nil (2631ms)
[2026-06-15 09:26:17] [hand_detect] IN: hand_detect 1920x1080 → OUT: detected=false landmarks=nil confidence=0
[2026-06-15 09:26:17] [face_detect] IN: face_detect → OUT: detected=false landmarks=nil roll=nil pitch=nil yaw=nil (2561ms)
[2026-06-15 09:26:17] [hand_detect] IN: hand_detect 1920x1080 → OUT: detected=false landmarks=nil confidence=0
[2026-06-15 09:26:17] [face_detect] IN: face_detect → OUT: detected=false landmarks=nil roll=nil pitch=nil yaw=nil (2596ms)
[2026-06-15 09:26:17] [hand_detect] IN: hand_detect 1920x1080 → OUT: detected=false landmarks=nil confidence=0
[2026-06-15 09:26:17] [face_detect] IN: face_detect → OUT: detected=false landmarks=nil roll=nil pitch=nil yaw=nil (2564ms)
[2026-06-15 09:26:17] [hand_detect] IN: hand_detect 1920x1080 → OUT: detected=false landmarks=nil confidence=0
[2026-06-15 09:26:17] [face_detect] IN: face_detect → OUT: detected=false landmarks=nil roll=nil pitch=nil yaw=nil (2644ms)
[2026-06-15 09:26:17] [hand_detect] IN: hand_detect 1920x1080 → OUT: detected=false landmarks=nil confidence=0
[2026-06-15 09:26:17] [face_detect] IN: face_detect → OUT: detected=false landmarks=nil roll=nil pitch=nil yaw=nil (2583ms)
[2026-06-15 09:26:17] [hand_detect] IN: hand_detect 1920x1080 → OUT: detected=false landmarks=nil confidence=0
[2026-06-15 09:26:17] [face_detect] IN: face_detect → OUT: detected=false landmarks=nil roll=nil pitch=nil yaw=nil (2564ms)
[2026-06-15 09:26:17] [hand_detect] IN: hand_detect 1920x1080 → OUT: detected=false landmarks=nil confidence=0
[2026-06-15 09:26:17] [face_detect] IN: face_detect → OUT: detected=false landmarks=nil roll=nil pitch=nil yaw=nil (2631ms)
[2026-06-15 09:26:17] [hand_detect] IN: hand_detect 1920x1080 → OUT: detected=false landmarks=nil confidence=0
[2026-06-15 09:26:17] [face_detect] IN: face_detect → OUT: detected=false landmarks=nil roll=nil pitch=nil yaw=nil (2650ms)
[2026-06-15 09:26:18] [hand_detect] IN: hand_detect 1920x1080 → OUT: detected=false landmarks=nil confidence=0
[2026-06-15 09:26:18] [face_detect] IN: face_detect → OUT: detected=false landmarks=nil roll=nil pitch=nil yaw=nil (2561ms)
[2026-06-15 09:26:18] [hand_detect] IN: hand_detect 1920x1080 → OUT: detected=false landmarks=nil confidence=0
[2026-06-15 09:26:18] [face_detect] IN: face_detect → OUT: detected=false landmarks=nil roll=nil pitch=nil yaw=nil (2666ms)
[2026-06-15 09:26:18] [hand_detect] IN: hand_detect 1920x1080 → OUT: detected=false landmarks=nil confidence=0
[2026-06-15 09:26:18] [face_detect] IN: face_detect → OUT: detected=false landmarks=nil roll=nil pitch=nil yaw=nil (2579ms)
[2026-06-15 09:26:18] [axScan] IN: windows=24 → OUT: raw=1296 visible=326 (792ms)
[2026-06-15 09:26:18] [hand_detect] IN: hand_detect 1920x1080 → OUT: detected=false landmarks=nil confidence=0
[2026-06-15 09:26:18] [face_detect] IN: face_detect → OUT: detected=false landmarks=nil roll=nil pitch=nil yaw=nil (2589ms)
[2026-06-15 09:26:18] [hand_detect] IN: hand_detect 1920x1080 → OUT: detected=false landmarks=nil confidence=0
[2026-06-15 09:26:18] [face_detect] IN: face_detect → OUT: detected=false landmarks=nil roll=nil pitch=nil yaw=nil (2740ms)
[2026-06-15 09:26:18] [hand_detect] IN: hand_detect 1920x1080 → OUT: detected=false landmarks=nil confidence=0
[2026-06-15 09:26:18] [face_detect] IN: face_detect → OUT: detected=false landmarks=nil roll=nil pitch=nil yaw=nil (3249ms)
[2026-06-15 09:26:18] [hand_detect] IN: hand_detect 1920x1080 → OUT: detected=false landmarks=nil confidence=0
[2026-06-15 09:26:18] [face_detect] IN: face_detect → OUT: detected=false landmarks=nil roll=nil pitch=nil yaw=nil (3491ms)
[2026-06-15 09:26:18] [hand_detect] IN: hand_detect 1920x1080 → OUT: detected=false landmarks=nil confidence=0
[2026-06-15 09:26:18] [face_detect] IN: face_detect → OUT: detected=false landmarks=nil roll=nil pitch=nil yaw=nil (4019ms)
[2026-06-15 09:26:18] [hand_detect] IN: hand_detect 1920x1080 → OUT: detected=false landmarks=nil confidence=0
[2026-06-15 09:26:18] [face_detect] IN: face_detect → OUT: detected=false landmarks=nil roll=nil pitch=nil yaw=nil (4489ms)
[2026-06-15 09:26:18] [axMatch] IN: cursor=(1151,1067) → OUT: role=AXDockItem title=屏幕共享 (0ms)
[2026-06-15 09:26:18] [hand_detect] IN: hand_detect 1920x1080 → OUT: detected=false landmarks=nil confidence=0
[2026-06-15 09:26:18] [face_detect] IN: face_detect → OUT: detected=false landmarks=nil roll=nil pitch=nil yaw=nil (4633ms)
[2026-06-15 09:26:18] [hand_detect] IN: hand_detect 1920x1080 → OUT: detected=false landmarks=nil confidence=0
[2026-06-15 09:26:18] [face_detect] IN: face_detect → OUT: detected=false landmarks=nil roll=nil pitch=nil yaw=nil (5619ms)
[2026-06-15 09:26:18] [hand_detect] IN: hand_detect 1920x1080 → OUT: detected=false landmarks=nil confidence=0
[2026-06-15 09:26:18] [face_detect] IN: face_detect → OUT: detected=false landmarks=nil roll=nil pitch=nil yaw=nil (3427ms)
[2026-06-15 09:26:18] [hand_detect] IN: hand_detect 1920x1080 → OUT: detected=false landmarks=nil confidence=0
[2026-06-15 09:26:18] [face_detect] IN: face_detect → OUT: detected=false landmarks=nil roll=nil pitch=nil yaw=nil (2743ms)
[2026-06-15 09:26:18] [hand_detect] IN: hand_detect 1920x1080 → OUT: detected=false landmarks=nil confidence=0
[2026-06-15 09:26:18] [face_detect] IN: face_detect → OUT: detected=false landmarks=nil roll=nil pitch=nil yaw=nil (2537ms)
[2026-06-15 09:26:18] [hand_detect] IN: hand_detect 1920x1080 → OUT: detected=false landmarks=nil confidence=0
[2026-06-15 09:26:18] [face_detect] IN: face_detect → OUT: detected=false landmarks=nil roll=nil pitch=nil yaw=nil (2524ms)
[2026-06-15 09:26:18] [hand_detect] IN: hand_detect 1920x1080 → OUT: detected=false landmarks=nil confidence=0
[2026-06-15 09:26:18] [face_detect] IN: face_detect → OUT: detected=false landmarks=nil roll=nil pitch=nil yaw=nil (2909ms)
[2026-06-15 09:26:18] [hand_detect] IN: hand_detect 1920x1080 → OUT: detected=false landmarks=nil confidence=0
[2026-06-15 09:26:18] [face_detect] IN: face_detect → OUT: detected=false landmarks=nil roll=nil pitch=nil yaw=nil (2747ms)
[2026-06-15 09:26:18] [hand_detect] IN: hand_detect 1920x1080 → OUT: detected=false landmarks=nil confidence=0
[2026-06-15 09:26:18] [face_detect] IN: face_detect → OUT: detected=false landmarks=nil roll=nil pitch=nil yaw=nil (2571ms)
[2026-06-15 09:26:18] [hand_detect] IN: hand_detect 1920x1080 → OUT: detected=false landmarks=nil confidence=0
[2026-06-15 09:26:18] [face_detect] IN: face_detect → OUT: detected=false landmarks=nil roll=nil pitch=nil yaw=nil (2741ms)
[2026-06-15 09:26:18] [hand_detect] IN: hand_detect 1920x1080 → OUT: detected=false landmarks=nil confidence=0
[2026-06-15 09:26:18] [face_detect] IN: face_detect → OUT: detected=false landmarks=nil roll=nil pitch=nil yaw=nil (2649ms)
[2026-06-15 09:26:18] [hand_detect] IN: hand_detect 1920x1080 → OUT: detected=false landmarks=nil confidence=0
[2026-06-15 09:26:18] [face_detect] IN: face_detect → OUT: detected=false landmarks=nil roll=nil pitch=nil yaw=nil (2586ms)
[2026-06-15 09:26:18] [hand_detect] IN: hand_detect 1920x1080 → OUT: detected=false landmarks=nil confidence=0
[2026-06-15 09:26:18] [face_detect] IN: face_detect → OUT: detected=false landmarks=nil roll=nil pitch=nil yaw=nil (2581ms)
[2026-06-15 09:26:18] [hand_detect] IN: hand_detect 1920x1080 → OUT: detected=false landmarks=nil confidence=0
[2026-06-15 09:26:18] [face_detect] IN: face_detect → OUT: detected=false landmarks=nil roll=nil pitch=nil yaw=nil (2506ms)
[2026-06-15 09:26:18] [hand_detect] IN: hand_detect 1920x1080 → OUT: detected=false landmarks=nil confidence=0
[2026-06-15 09:26:18] [face_detect] IN: face_detect → OUT: detected=false landmarks=nil roll=nil pitch=nil yaw=nil (2463ms)
[2026-06-15 09:26:18] [axMatch] IN: cursor=(1192,1056) → OUT: role=AXDockItem title=预览 (0ms)
[2026-06-15 09:26:18] [hand_detect] IN: hand_detect 1920x1080 → OUT: detected=false landmarks=nil confidence=0
[2026-06-15 09:26:18] [face_detect] IN: face_detect → OUT: detected=false landmarks=nil roll=nil pitch=nil yaw=nil (2501ms)
[2026-06-15 09:26:18] [hand_detect] IN: hand_detect 1920x1080 → OUT: detected=false landmarks=nil confidence=0
[2026-06-15 09:26:18] [face_detect] IN: face_detect → OUT: detected=false landmarks=nil roll=nil pitch=nil yaw=nil (2449ms)
[2026-06-15 09:26:18] [hand_detect] IN: hand_detect 1920x1080 → OUT: detected=false landmarks=nil confidence=0
[2026-06-15 09:26:18] [face_detect] IN: face_detect → OUT: detected=false landmarks=nil roll=nil pitch=nil yaw=nil (2480ms)
[2026-06-15 09:26:18] [hand_detect] IN: hand_detect 1920x1080 → OUT: detected=false landmarks=nil confidence=0
[2026-06-15 09:26:18] [face_detect] IN: face_detect → OUT: detected=false landmarks=nil roll=nil pitch=nil yaw=nil (2367ms)
[2026-06-15 09:26:18] [hand_detect] IN: hand_detect 1920x1080 → OUT: detected=false landmarks=nil confidence=0
[2026-06-15 09:26:18] [face_detect] IN: face_detect → OUT: detected=false landmarks=nil roll=nil pitch=nil yaw=nil (2647ms)
[2026-06-15 09:26:18] [hand_detect] IN: hand_detect 1920x1080 → OUT: detected=false landmarks=nil confidence=0
[2026-06-15 09:26:18] [face_detect] IN: face_detect → OUT: detected=false landmarks=nil roll=nil pitch=nil yaw=nil (2457ms)
[2026-06-15 09:26:19] [hand_detect] IN: hand_detect 1920x1080 → OUT: detected=false landmarks=nil confidence=0
[2026-06-15 09:26:19] [face_detect] IN: face_detect → OUT: detected=false landmarks=nil roll=nil pitch=nil yaw=nil (2627ms)
[2026-06-15 09:26:19] [hand_detect] IN: hand_detect 1920x1080 → OUT: detected=false landmarks=nil confidence=0
[2026-06-15 09:26:19] [face_detect] IN: face_detect → OUT: detected=false landmarks=nil roll=nil pitch=nil yaw=nil (2558ms)
[2026-06-15 09:26:19] [axScan] IN: windows=24 → OUT: raw=1296 visible=326 (757ms)
[2026-06-15 09:26:19] [hand_detect] IN: hand_detect 1920x1080 → OUT: detected=false landmarks=nil confidence=0
[2026-06-15 09:26:19] [face_detect] IN: face_detect → OUT: detected=false landmarks=nil roll=nil pitch=nil yaw=nil (2449ms)
[2026-06-15 09:26:19] [hand_detect] IN: hand_detect 1920x1080 → OUT: detected=false landmarks=nil confidence=0
[2026-06-15 09:26:19] [face_detect] IN: face_detect → OUT: detected=false landmarks=nil roll=nil pitch=nil yaw=nil (2793ms)
[2026-06-15 09:26:19] [hand_detect] IN: hand_detect 1920x1080 → OUT: detected=false landmarks=nil confidence=0
[2026-06-15 09:26:19] [face_detect] IN: face_detect → OUT: detected=false landmarks=nil roll=nil pitch=nil yaw=nil (3175ms)
[2026-06-15 09:26:19] [hand_detect] IN: hand_detect 1920x1080 → OUT: detected=false landmarks=nil confidence=0
[2026-06-15 09:26:19] [face_detect] IN: face_detect → OUT: detected=false landmarks=nil roll=nil pitch=nil yaw=nil (2887ms)
[2026-06-15 09:26:19] [hand_detect] IN: hand_detect 1920x1080 → OUT: detected=false landmarks=nil confidence=0
[2026-06-15 09:26:19] [face_detect] IN: face_detect → OUT: detected=false landmarks=nil roll=nil pitch=nil yaw=nil (3113ms)
[2026-06-15 09:26:19] [hand_detect] IN: hand_detect 1920x1080 → OUT: detected=false landmarks=nil confidence=0
[2026-06-15 09:26:19] [face_detect] IN: face_detect → OUT: detected=false landmarks=nil roll=nil pitch=nil yaw=nil (3505ms)
[2026-06-15 09:26:19] [hand_detect] IN: hand_detect 1920x1080 → OUT: detected=false landmarks=nil confidence=0
[2026-06-15 09:26:19] [face_detect] IN: face_detect → OUT: detected=false landmarks=nil roll=nil pitch=nil yaw=nil (3993ms)
[2026-06-15 09:26:19] [hand_detect] IN: hand_detect 1920x1080 → OUT: detected=false landmarks=nil confidence=0
[2026-06-15 09:26:19] [face_detect] IN: face_detect → OUT: detected=false landmarks=nil roll=nil pitch=nil yaw=nil (4680ms)
[2026-06-15 09:26:19] [hand_detect] IN: hand_detect 1920x1080 → OUT: detected=false landmarks=nil confidence=0
[2026-06-15 09:26:19] [face_detect] IN: face_detect → OUT: detected=false landmarks=nil roll=nil pitch=nil yaw=nil (4650ms)
[2026-06-15 09:26:19] [hand_detect] IN: hand_detect 1920x1080 → OUT: detected=false landmarks=nil confidence=0
[2026-06-15 09:26:19] [face_detect] IN: face_detect → OUT: detected=false landmarks=nil roll=nil pitch=nil yaw=nil (3375ms)
[2026-06-15 09:26:19] [hand_detect] IN: hand_detect 1920x1080 → OUT: detected=false landmarks=nil confidence=0
[2026-06-15 09:26:19] [face_detect] IN: face_detect → OUT: detected=false landmarks=nil roll=nil pitch=nil yaw=nil (2551ms)
[2026-06-15 09:26:19] [hand_detect] IN: hand_detect 1920x1080 → OUT: detected=false landmarks=nil confidence=0
[2026-06-15 09:26:19] [face_detect] IN: face_detect → OUT: detected=false landmarks=nil roll=nil pitch=nil yaw=nil (2498ms)
[2026-06-15 09:26:19] [hand_detect] IN: hand_detect 1920x1080 → OUT: detected=false landmarks=nil confidence=0
[2026-06-15 09:26:19] [face_detect] IN: face_detect → OUT: detected=false landmarks=nil roll=nil pitch=nil yaw=nil (2560ms)
[2026-06-15 09:26:19] [hand_detect] IN: hand_detect 1920x1080 → OUT: detected=false landmarks=nil confidence=0
[2026-06-15 09:26:19] [face_detect] IN: face_detect → OUT: detected=false landmarks=nil roll=nil pitch=nil yaw=nil (2882ms)
[2026-06-15 09:26:19] [hand_detect] IN: hand_detect 1920x1080 → OUT: detected=false landmarks=nil confidence=0
[2026-06-15 09:26:19] [face_detect] IN: face_detect → OUT: detected=false landmarks=nil roll=nil pitch=nil yaw=nil (2776ms)
[2026-06-15 09:26:19] [hand_detect] IN: hand_detect 1920x1080 → OUT: detected=false landmarks=nil confidence=0
[2026-06-15 09:26:19] [face_detect] IN: face_detect → OUT: detected=false landmarks=nil roll=nil pitch=nil yaw=nil (2623ms)
[2026-06-15 09:26:19] [hand_detect] IN: hand_detect 1920x1080 → OUT: detected=false landmarks=nil confidence=0
[2026-06-15 09:26:19] [face_detect] IN: face_detect → OUT: detected=false landmarks=nil roll=nil pitch=nil yaw=nil (2716ms)
[2026-06-15 09:26:19] [hand_detect] IN: hand_detect 1920x1080 → OUT: detected=false landmarks=nil confidence=0
[2026-06-15 09:26:19] [face_detect] IN: face_detect → OUT: detected=false landmarks=nil roll=nil pitch=nil yaw=nil (2717ms)
[2026-06-15 09:26:19] [hand_detect] IN: hand_detect 1920x1080 → OUT: detected=false landmarks=nil confidence=0
[2026-06-15 09:26:19] [face_detect] IN: face_detect → OUT: detected=false landmarks=nil roll=nil pitch=nil yaw=nil (2890ms)
[2026-06-15 09:26:19] [hand_detect] IN: hand_detect 1920x1080 → OUT: detected=false landmarks=nil confidence=0
[2026-06-15 09:26:19] [face_detect] IN: face_detect → OUT: detected=false landmarks=nil roll=nil pitch=nil yaw=nil (2658ms)
[2026-06-15 09:26:19] [hand_detect] IN: hand_detect 1920x1080 → OUT: detected=false landmarks=nil confidence=0
[2026-06-15 09:26:19] [face_detect] IN: face_detect → OUT: detected=false landmarks=nil roll=nil pitch=nil yaw=nil (2658ms)
[2026-06-15 09:26:19] [hand_detect] IN: hand_detect 1920x1080 → OUT: detected=false landmarks=nil confidence=0
[2026-06-15 09:26:19] [face_detect] IN: face_detect → OUT: detected=false landmarks=nil roll=nil pitch=nil yaw=nil (2497ms)
[2026-06-15 09:26:19] [hand_detect] IN: hand_detect 1920x1080 → OUT: detected=false landmarks=nil confidence=0
[2026-06-15 09:26:19] [axMatch] IN: cursor=(1040,1060) → OUT: role=AXDockItem title=Visual Studio Code (0ms)
[2026-06-15 09:26:19] [face_detect] IN: face_detect → OUT: detected=false landmarks=nil roll=nil pitch=nil yaw=nil (2532ms)
[2026-06-15 09:26:19] [hand_detect] IN: hand_detect 1920x1080 → OUT: detected=false landmarks=nil confidence=0
[2026-06-15 09:26:19] [face_detect] IN: face_detect → OUT: detected=false landmarks=nil roll=nil pitch=nil yaw=nil (2527ms)
[2026-06-15 09:26:19] [hand_detect] IN: hand_detect 1920x1080 → OUT: detected=false landmarks=nil confidence=0
[2026-06-15 09:26:19] [face_detect] IN: face_detect → OUT: detected=false landmarks=nil roll=nil pitch=nil yaw=nil (2484ms)
[2026-06-15 09:26:19] [hand_detect] IN: hand_detect 1920x1080 → OUT: detected=false landmarks=nil confidence=0
[2026-06-15 09:26:19] [face_detect] IN: face_detect → OUT: detected=false landmarks=nil roll=nil pitch=nil yaw=nil (2498ms)
[2026-06-15 09:26:19] [hand_detect] IN: hand_detect 1920x1080 → OUT: detected=false landmarks=nil confidence=0
[2026-06-15 09:26:19] [face_detect] IN: face_detect → OUT: detected=false landmarks=nil roll=nil pitch=nil yaw=nil (2480ms)
[2026-06-15 09:26:19] [hand_detect] IN: hand_detect 1920x1080 → OUT: detected=false landmarks=nil confidence=0
[2026-06-15 09:26:19] [face_detect] IN: face_detect → OUT: detected=false landmarks=nil roll=nil pitch=nil yaw=nil (2557ms)
[2026-06-15 09:26:20] [hand_detect] IN: hand_detect 1920x1080 → OUT: detected=false landmarks=nil confidence=0
[2026-06-15 09:26:20] [face_detect] IN: face_detect → OUT: detected=false landmarks=nil roll=nil pitch=nil yaw=nil (2485ms)
[2026-06-15 09:26:20] [hand_detect] IN: hand_detect 1920x1080 → OUT: detected=false landmarks=nil confidence=0
[2026-06-15 09:26:20] [face_detect] IN: face_detect → OUT: detected=false landmarks=nil roll=nil pitch=nil yaw=nil (2411ms)
[2026-06-15 09:26:20] [hand_detect] IN: hand_detect 1920x1080 → OUT: detected=false landmarks=nil confidence=0
[2026-06-15 09:26:20] [face_detect] IN: face_detect → OUT: detected=false landmarks=nil roll=nil pitch=nil yaw=nil (2964ms)
[2026-06-15 09:26:20] [hand_detect] IN: hand_detect 1920x1080 → OUT: detected=false landmarks=nil confidence=0
[2026-06-15 09:26:20] [face_detect] IN: face_detect → OUT: detected=false landmarks=nil roll=nil pitch=nil yaw=nil (2605ms)
[2026-06-15 09:26:20] [axScan] IN: windows=24 → OUT: raw=1296 visible=326 (831ms)
[2026-06-15 09:26:20] [hand_detect] IN: hand_detect 1920x1080 → OUT: detected=false landmarks=nil confidence=0
[2026-06-15 09:26:20] [face_detect] IN: face_detect → OUT: detected=false landmarks=nil roll=nil pitch=nil yaw=nil (2518ms)
[2026-06-15 09:26:20] [hand_detect] IN: hand_detect 1920x1080 → OUT: detected=false landmarks=nil confidence=0
[2026-06-15 09:26:20] [face_detect] IN: face_detect → OUT: detected=false landmarks=nil roll=nil pitch=nil yaw=nil (2797ms)
[2026-06-15 09:26:20] [hand_detect] IN: hand_detect 1920x1080 → OUT: detected=false landmarks=nil confidence=0
[2026-06-15 09:26:20] [face_detect] IN: face_detect → OUT: detected=false landmarks=nil roll=nil pitch=nil yaw=nil (2913ms)
[2026-06-15 09:26:20] [hand_detect] IN: hand_detect 1920x1080 → OUT: detected=false landmarks=nil confidence=0
[2026-06-15 09:26:20] [face_detect] IN: face_detect → OUT: detected=false landmarks=nil roll=nil pitch=nil yaw=nil (3406ms)
[2026-06-15 09:26:20] [hand_detect] IN: hand_detect 1920x1080 → OUT: detected=false landmarks=nil confidence=0
[2026-06-15 09:26:20] [face_detect] IN: face_detect → OUT: detected=false landmarks=nil roll=nil pitch=nil yaw=nil (4058ms)
[2026-06-15 09:26:20] [hand_detect] IN: hand_detect 1920x1080 → OUT: detected=false landmarks=nil confidence=0
[2026-06-15 09:26:20] [face_detect] IN: face_detect → OUT: detected=false landmarks=nil roll=nil pitch=nil yaw=nil (4594ms)
[2026-06-15 09:26:20] [hand_detect] IN: hand_detect 1920x1080 → OUT: detected=false landmarks=nil confidence=0
[2026-06-15 09:26:20] [face_detect] IN: face_detect → OUT: detected=false landmarks=nil roll=nil pitch=nil yaw=nil (4147ms)
[2026-06-15 09:26:20] [hand_detect] IN: hand_detect 1920x1080 → OUT: detected=false landmarks=nil confidence=0
[2026-06-15 09:26:20] [face_detect] IN: face_detect → OUT: detected=false landmarks=nil roll=nil pitch=nil yaw=nil (3486ms)
[2026-06-15 09:26:20] [hand_detect] IN: hand_detect 1920x1080 → OUT: detected=false landmarks=nil confidence=0
[2026-06-15 09:26:20] [face_detect] IN: face_detect → OUT: detected=false landmarks=nil roll=nil pitch=nil yaw=nil (2681ms)
[2026-06-15 09:26:20] [hand_detect] IN: hand_detect 1920x1080 → OUT: detected=false landmarks=nil confidence=0
[2026-06-15 09:26:20] [face_detect] IN: face_detect → OUT: detected=false landmarks=nil roll=nil pitch=nil yaw=nil (2477ms)
[2026-06-15 09:26:20] [hand_detect] IN: hand_detect 1920x1080 → OUT: detected=false landmarks=nil confidence=0
[2026-06-15 09:26:20] [face_detect] IN: face_detect → OUT: detected=false landmarks=nil roll=nil pitch=nil yaw=nil (2578ms)
[2026-06-15 09:26:20] [hand_detect] IN: hand_detect 1920x1080 → OUT: detected=false landmarks=nil confidence=0
[2026-06-15 09:26:20] [face_detect] IN: face_detect → OUT: detected=false landmarks=nil roll=nil pitch=nil yaw=nil (2650ms)
[2026-06-15 09:26:20] [hand_detect] IN: hand_detect 1920x1080 → OUT: detected=false landmarks=nil confidence=0
[2026-06-15 09:26:20] [face_detect] IN: face_detect → OUT: detected=false landmarks=nil roll=nil pitch=nil yaw=nil (2465ms)
[2026-06-15 09:26:20] [hand_detect] IN: hand_detect 1920x1080 → OUT: detected=false landmarks=nil confidence=0
[2026-06-15 09:26:20] [face_detect] IN: face_detect → OUT: detected=false landmarks=nil roll=nil pitch=nil yaw=nil (2750ms)
[2026-06-15 09:26:20] [hand_detect] IN: hand_detect 1920x1080 → OUT: detected=false landmarks=nil confidence=0
[2026-06-15 09:26:20] [face_detect] IN: face_detect → OUT: detected=false landmarks=nil roll=nil pitch=nil yaw=nil (2658ms)
[2026-06-15 09:26:20] [hand_detect] IN: hand_detect 1920x1080 → OUT: detected=false landmarks=nil confidence=0
[2026-06-15 09:26:20] [face_detect] IN: face_detect → OUT: detected=false landmarks=nil roll=nil pitch=nil yaw=nil (2804ms)
[2026-06-15 09:26:20] [hand_detect] IN: hand_detect 1920x1080 → OUT: detected=false landmarks=nil confidence=0
[2026-06-15 09:26:20] [face_detect] IN: face_detect → OUT: detected=false landmarks=nil roll=nil pitch=nil yaw=nil (2719ms)
[2026-06-15 09:26:20] [hand_detect] IN: hand_detect 1920x1080 → OUT: detected=false landmarks=nil confidence=0
[2026-06-15 09:26:20] [face_detect] IN: face_detect → OUT: detected=false landmarks=nil roll=nil pitch=nil yaw=nil (2565ms)
[2026-06-15 09:26:20] [hand_detect] IN: hand_detect 1920x1080 → OUT: detected=false landmarks=nil confidence=0
[2026-06-15 09:26:20] [face_detect] IN: face_detect → OUT: detected=false landmarks=nil roll=nil pitch=nil yaw=nil (2474ms)
[2026-06-15 09:26:20] [hand_detect] IN: hand_detect 1920x1080 → OUT: detected=false landmarks=nil confidence=0
[2026-06-15 09:26:20] [face_detect] IN: face_detect → OUT: detected=false landmarks=nil roll=nil pitch=nil yaw=nil (2426ms)
[2026-06-15 09:26:20] [hand_detect] IN: hand_detect 1920x1080 → OUT: detected=false landmarks=nil confidence=0
[2026-06-15 09:26:20] [face_detect] IN: face_detect → OUT: detected=false landmarks=nil roll=nil pitch=nil yaw=nil (2494ms)
[2026-06-15 09:26:20] [hand_detect] IN: hand_detect 1920x1080 → OUT: detected=false landmarks=nil confidence=0
[2026-06-15 09:26:20] [face_detect] IN: face_detect → OUT: detected=false landmarks=nil roll=nil pitch=nil yaw=nil (2406ms)
[2026-06-15 09:26:20] [hand_detect] IN: hand_detect 1920x1080 → OUT: detected=false landmarks=nil confidence=0
[2026-06-15 09:26:20] [face_detect] IN: face_detect → OUT: detected=false landmarks=nil roll=nil pitch=nil yaw=nil (2416ms)
[2026-06-15 09:26:20] [hand_detect] IN: hand_detect 1920x1080 → OUT: detected=false landmarks=nil confidence=0
[2026-06-15 09:26:20] [face_detect] IN: face_detect → OUT: detected=false landmarks=nil roll=nil pitch=nil yaw=nil (2508ms)
[2026-06-15 09:26:20] [hand_detect] IN: hand_detect 1920x1080 → OUT: detected=false landmarks=nil confidence=0
[2026-06-15 09:26:20] [face_detect] IN: face_detect → OUT: detected=false landmarks=nil roll=nil pitch=nil yaw=nil (2480ms)
[2026-06-15 09:26:20] [hand_detect] IN: hand_detect 1920x1080 → OUT: detected=false landmarks=nil confidence=0
[2026-06-15 09:26:20] [face_detect] IN: face_detect → OUT: detected=false landmarks=nil roll=nil pitch=nil yaw=nil (2653ms)
[2026-06-15 09:26:21] [hand_detect] IN: hand_detect 1920x1080 → OUT: detected=false landmarks=nil confidence=0
[2026-06-15 09:26:21] [face_detect] IN: face_detect → OUT: detected=false landmarks=nil roll=nil pitch=nil yaw=nil (2657ms)
[2026-06-15 09:26:21] [hand_detect] IN: hand_detect 1920x1080 → OUT: detected=false landmarks=nil confidence=0
[2026-06-15 09:26:21] [face_detect] IN: face_detect → OUT: detected=false landmarks=nil roll=nil pitch=nil yaw=nil (2701ms)
[2026-06-15 09:26:21] [axScan] IN: windows=24 → OUT: raw=1296 visible=326 (735ms)
[2026-06-15 09:26:21] [hand_detect] IN: hand_detect 1920x1080 → OUT: detected=false landmarks=nil confidence=0
[2026-06-15 09:26:21] [face_detect] IN: face_detect → OUT: detected=false landmarks=nil roll=nil pitch=nil yaw=nil (2622ms)
[2026-06-15 09:26:21] [hand_detect] IN: hand_detect 1920x1080 → OUT: detected=false landmarks=nil confidence=0
[2026-06-15 09:26:21] [face_detect] IN: face_detect → OUT: detected=false landmarks=nil roll=nil pitch=nil yaw=nil (2843ms)
[2026-06-15 09:26:21] [hand_detect] IN: hand_detect 1920x1080 → OUT: detected=false landmarks=nil confidence=0
[2026-06-15 09:26:21] [face_detect] IN: face_detect → OUT: detected=false landmarks=nil roll=nil pitch=nil yaw=nil (2958ms)
[2026-06-15 09:26:21] [hand_detect] IN: hand_detect 1920x1080 → OUT: detected=false landmarks=nil confidence=0
[2026-06-15 09:26:21] [face_detect] IN: face_detect → OUT: detected=false landmarks=nil roll=nil pitch=nil yaw=nil (3502ms)
[2026-06-15 09:26:21] [hand_detect] IN: hand_detect 1920x1080 → OUT: detected=false landmarks=nil confidence=0
[2026-06-15 09:26:21] [face_detect] IN: face_detect → OUT: detected=false landmarks=nil roll=nil pitch=nil yaw=nil (4038ms)
[2026-06-15 09:26:21] [hand_detect] IN: hand_detect 1920x1080 → OUT: detected=false landmarks=nil confidence=0
[2026-06-15 09:26:21] [face_detect] IN: face_detect → OUT: detected=false landmarks=nil roll=nil pitch=nil yaw=nil (4821ms)
[2026-06-15 09:26:21] [hand_detect] IN: hand_detect 1920x1080 → OUT: detected=false landmarks=nil confidence=0
[2026-06-15 09:26:21] [face_detect] IN: face_detect → OUT: detected=false landmarks=nil roll=nil pitch=nil yaw=nil (4855ms)
[2026-06-15 09:26:21] [axMatch] IN: cursor=(975,1054) → OUT: role=AXDockItem title=终端 (0ms)
[2026-06-15 09:26:21] [hand_detect] IN: hand_detect 1920x1080 → OUT: detected=false landmarks=nil confidence=0
[2026-06-15 09:26:21] [face_detect] IN: face_detect → OUT: detected=false landmarks=nil roll=nil pitch=nil yaw=nil (5270ms)
[2026-06-15 09:26:21] [hand_detect] IN: hand_detect 1920x1080 → OUT: detected=false landmarks=nil confidence=0
[2026-06-15 09:26:21] [face_detect] IN: face_detect → OUT: detected=false landmarks=nil roll=nil pitch=nil yaw=nil (5646ms)
[2026-06-15 09:26:21] [hand_detect] IN: hand_detect 1920x1080 → OUT: detected=false landmarks=nil confidence=0
[2026-06-15 09:26:21] [face_detect] IN: face_detect → OUT: detected=false landmarks=nil roll=nil pitch=nil yaw=nil (3898ms)
[2026-06-15 09:26:21] [hand_detect] IN: hand_detect 1920x1080 → OUT: detected=false landmarks=nil confidence=0
[2026-06-15 09:26:21] [face_detect] IN: face_detect → OUT: detected=false landmarks=nil roll=nil pitch=nil yaw=nil (3237ms)
[2026-06-15 09:26:21] [hand_detect] IN: hand_detect 1920x1080 → OUT: detected=false landmarks=nil confidence=0
[2026-06-15 09:26:21] [face_detect] IN: face_detect → OUT: detected=false landmarks=nil roll=nil pitch=nil yaw=nil (2449ms)
[2026-06-15 09:26:21] [hand_detect] IN: hand_detect 1920x1080 → OUT: detected=false landmarks=nil confidence=0
[2026-06-15 09:26:21] [face_detect] IN: face_detect → OUT: detected=false landmarks=nil roll=nil pitch=nil yaw=nil (2611ms)
[2026-06-15 09:26:21] [hand_detect] IN: hand_detect 1920x1080 → OUT: detected=false landmarks=nil confidence=0
[2026-06-15 09:26:21] [face_detect] IN: face_detect → OUT: detected=false landmarks=nil roll=nil pitch=nil yaw=nil (2847ms)
[2026-06-15 09:26:21] [hand_detect] IN: hand_detect 1920x1080 → OUT: detected=false landmarks=nil confidence=0
[2026-06-15 09:26:21] [face_detect] IN: face_detect → OUT: detected=false landmarks=nil roll=nil pitch=nil yaw=nil (2753ms)
[2026-06-15 09:26:21] [hand_detect] IN: hand_detect 1920x1080 → OUT: detected=false landmarks=nil confidence=0
[2026-06-15 09:26:21] [face_detect] IN: face_detect → OUT: detected=false landmarks=nil roll=nil pitch=nil yaw=nil (2685ms)
[2026-06-15 09:26:21] [hand_detect] IN: hand_detect 1920x1080 → OUT: detected=false landmarks=nil confidence=0
[2026-06-15 09:26:21] [face_detect] IN: face_detect → OUT: detected=false landmarks=nil roll=nil pitch=nil yaw=nil (2629ms)
[2026-06-15 09:26:21] [hand_detect] IN: hand_detect 1920x1080 → OUT: detected=false landmarks=nil confidence=0
[2026-06-15 09:26:21] [face_detect] IN: face_detect → OUT: detected=false landmarks=nil roll=nil pitch=nil yaw=nil (2717ms)
[2026-06-15 09:26:21] [hand_detect] IN: hand_detect 1920x1080 → OUT: detected=false landmarks=nil confidence=0
[2026-06-15 09:26:21] [face_detect] IN: face_detect → OUT: detected=false landmarks=nil roll=nil pitch=nil yaw=nil (2649ms)
[2026-06-15 09:26:21] [hand_detect] IN: hand_detect 1920x1080 → OUT: detected=false landmarks=nil confidence=0
[2026-06-15 09:26:21] [face_detect] IN: face_detect → OUT: detected=false landmarks=nil roll=nil pitch=nil yaw=nil (2501ms)
[2026-06-15 09:26:21] [hand_detect] IN: hand_detect 1920x1080 → OUT: detected=false landmarks=nil confidence=0
[2026-06-15 09:26:21] [face_detect] IN: face_detect → OUT: detected=false landmarks=nil roll=nil pitch=nil yaw=nil (2563ms)
[2026-06-15 09:26:21] [hand_detect] IN: hand_detect 1920x1080 → OUT: detected=false landmarks=nil confidence=0
[2026-06-15 09:26:21] [face_detect] IN: face_detect → OUT: detected=false landmarks=nil roll=nil pitch=nil yaw=nil (2570ms)
[2026-06-15 09:26:21] [axMatch] IN: cursor=(702,1049) → OUT: role=AXDockItem title=豆包 (0ms)
[2026-06-15 09:26:21] [hand_detect] IN: hand_detect 1920x1080 → OUT: detected=false landmarks=nil confidence=0
[2026-06-15 09:26:21] [face_detect] IN: face_detect → OUT: detected=false landmarks=nil roll=nil pitch=nil yaw=nil (2576ms)
[2026-06-15 09:26:21] [hand_detect] IN: hand_detect 1920x1080 → OUT: detected=false landmarks=nil confidence=0
[2026-06-15 09:26:21] [face_detect] IN: face_detect → OUT: detected=false landmarks=nil roll=nil pitch=nil yaw=nil (2547ms)
[2026-06-15 09:26:21] [hand_detect] IN: hand_detect 1920x1080 → OUT: detected=false landmarks=nil confidence=0
[2026-06-15 09:26:21] [face_detect] IN: face_detect → OUT: detected=false landmarks=nil roll=nil pitch=nil yaw=nil (2475ms)
[2026-06-15 09:26:21] [hand_detect] IN: hand_detect 1920x1080 → OUT: detected=false landmarks=nil confidence=0
[2026-06-15 09:26:21] [face_detect] IN: face_detect → OUT: detected=false landmarks=nil roll=nil pitch=nil yaw=nil (2467ms)
[2026-06-15 09:26:21] [hand_detect] IN: hand_detect 1920x1080 → OUT: detected=false landmarks=nil confidence=0
[2026-06-15 09:26:21] [face_detect] IN: face_detect → OUT: detected=false landmarks=nil roll=nil pitch=nil yaw=nil (2445ms)
[2026-06-15 09:26:21] [hand_detect] IN: hand_detect 1920x1080 → OUT: detected=false landmarks=nil confidence=0
[2026-06-15 09:26:21] [face_detect] IN: face_detect → OUT: detected=false landmarks=nil roll=nil pitch=nil yaw=nil (2461ms)
[2026-06-15 09:26:22] [hand_detect] IN: hand_detect 1920x1080 → OUT: detected=false landmarks=nil confidence=0
[2026-06-15 09:26:22] [face_detect] IN: face_detect → OUT: detected=false landmarks=nil roll=nil pitch=nil yaw=nil (2615ms)
[2026-06-15 09:26:22] [hand_detect] IN: hand_detect 1920x1080 → OUT: detected=false landmarks=nil confidence=0
[2026-06-15 09:26:22] [face_detect] IN: face_detect → OUT: detected=false landmarks=nil roll=nil pitch=nil yaw=nil (2473ms)
[2026-06-15 09:26:22] [hand_detect] IN: hand_detect 1920x1080 → OUT: detected=false landmarks=nil confidence=0
[2026-06-15 09:26:22] [face_detect] IN: face_detect → OUT: detected=false landmarks=nil roll=nil pitch=nil yaw=nil (2599ms)
[2026-06-15 09:26:22] [hand_detect] IN: hand_detect 1920x1080 → OUT: detected=false landmarks=nil confidence=0
[2026-06-15 09:26:22] [face_detect] IN: face_detect → OUT: detected=false landmarks=nil roll=nil pitch=nil yaw=nil (2647ms)
[2026-06-15 09:26:22] [hand_detect] IN: hand_detect 1920x1080 → OUT: detected=false landmarks=nil confidence=0
[2026-06-15 09:26:22] [axScan] IN: windows=24 → OUT: raw=1296 visible=326 (831ms)
[2026-06-15 09:26:22] [face_detect] IN: face_detect → OUT: detected=false landmarks=nil roll=nil pitch=nil yaw=nil (2599ms)
[2026-06-15 09:26:22] [hand_detect] IN: hand_detect 1920x1080 → OUT: detected=false landmarks=nil confidence=0
[2026-06-15 09:26:22] [face_detect] IN: face_detect → OUT: detected=false landmarks=nil roll=nil pitch=nil yaw=nil (2771ms)
[2026-06-15 09:26:22] [hand_detect] IN: hand_detect 1920x1080 → OUT: detected=false landmarks=nil confidence=0
[2026-06-15 09:26:22] [face_detect] IN: face_detect → OUT: detected=false landmarks=nil roll=nil pitch=nil yaw=nil (3184ms)
[2026-06-15 09:26:22] [hand_detect] IN: hand_detect 1920x1080 → OUT: detected=false landmarks=nil confidence=0
[2026-06-15 09:26:22] [face_detect] IN: face_detect → OUT: detected=false landmarks=nil roll=nil pitch=nil yaw=nil (3324ms)
[2026-06-15 09:26:22] [hand_detect] IN: hand_detect 1920x1080 → OUT: detected=false landmarks=nil confidence=0
[2026-06-15 09:26:22] [face_detect] IN: face_detect → OUT: detected=false landmarks=nil roll=nil pitch=nil yaw=nil (3798ms)
[2026-06-15 09:26:22] [hand_detect] IN: hand_detect 1920x1080 → OUT: detected=false landmarks=nil confidence=0
[2026-06-15 09:26:22] [face_detect] IN: face_detect → OUT: detected=false landmarks=nil roll=nil pitch=nil yaw=nil (4796ms)
[2026-06-15 09:26:22] [hand_detect] IN: hand_detect 1920x1080 → OUT: detected=false landmarks=nil confidence=0
[2026-06-15 09:26:22] [face_detect] IN: face_detect → OUT: detected=false landmarks=nil roll=nil pitch=nil yaw=nil (4392ms)
[2026-06-15 09:26:22] [hand_detect] IN: hand_detect 1920x1080 → OUT: detected=false landmarks=nil confidence=0
[2026-06-15 09:26:22] [face_detect] IN: face_detect → OUT: detected=false landmarks=nil roll=nil pitch=nil yaw=nil (5460ms)
[2026-06-15 09:26:22] [hand_detect] IN: hand_detect 1920x1080 → OUT: detected=false landmarks=nil confidence=0
[2026-06-15 09:26:22] [face_detect] IN: face_detect → OUT: detected=false landmarks=nil roll=nil pitch=nil yaw=nil (3139ms)
[2026-06-15 09:26:22] [hand_detect] IN: hand_detect 1920x1080 → OUT: detected=false landmarks=nil confidence=0
[2026-06-15 09:26:22] [face_detect] IN: face_detect → OUT: detected=false landmarks=nil roll=nil pitch=nil yaw=nil (2959ms)
[2026-06-15 09:26:22] [hand_detect] IN: hand_detect 1920x1080 → OUT: detected=false landmarks=nil confidence=0
[2026-06-15 09:26:22] [face_detect] IN: face_detect → OUT: detected=false landmarks=nil roll=nil pitch=nil yaw=nil (4061ms)
[2026-06-15 09:26:22] [hand_detect] IN: hand_detect 1920x1080 → OUT: detected=false landmarks=nil confidence=0
[2026-06-15 09:26:22] [face_detect] IN: face_detect → OUT: detected=false landmarks=nil roll=nil pitch=nil yaw=nil (7873ms)
[2026-06-15 09:26:22] [hand_detect] IN: hand_detect 1920x1080 → OUT: detected=false landmarks=nil confidence=0
[2026-06-15 09:26:22] [face_detect] IN: face_detect → OUT: detected=false landmarks=nil roll=nil pitch=nil yaw=nil (4609ms)
[2026-06-15 09:26:22] [hand_detect] IN: hand_detect 1920x1080 → OUT: detected=false landmarks=nil confidence=0
[2026-06-15 09:26:22] [face_detect] IN: face_detect → OUT: detected=false landmarks=nil roll=nil pitch=nil yaw=nil (2637ms)
[2026-06-15 09:26:22] [hand_detect] IN: hand_detect 1920x1080 → OUT: detected=false landmarks=nil confidence=0
[2026-06-15 09:26:22] [face_detect] IN: face_detect → OUT: detected=false landmarks=nil roll=nil pitch=nil yaw=nil (2621ms)
[2026-06-15 09:26:22] [hand_detect] IN: hand_detect 1920x1080 → OUT: detected=false landmarks=nil confidence=0
[2026-06-15 09:26:22] [face_detect] IN: face_detect → OUT: detected=false landmarks=nil roll=nil pitch=nil yaw=nil (3162ms)
[2026-06-15 09:26:22] [hand_detect] IN: hand_detect 1920x1080 → OUT: detected=false landmarks=nil confidence=0
[2026-06-15 09:26:22] [face_detect] IN: face_detect → OUT: detected=false landmarks=nil roll=nil pitch=nil yaw=nil (3724ms)
[2026-06-15 09:26:22] [hand_detect] IN: hand_detect 1920x1080 → OUT: detected=false landmarks=nil confidence=0
[2026-06-15 09:26:22] [face_detect] IN: face_detect → OUT: detected=false landmarks=nil roll=nil pitch=nil yaw=nil (3608ms)
[2026-06-15 09:26:22] [hand_detect] IN: hand_detect 1920x1080 → OUT: detected=false landmarks=nil confidence=0
[2026-06-15 09:26:22] [face_detect] IN: face_detect → OUT: detected=false landmarks=nil roll=nil pitch=nil yaw=nil (2801ms)
[2026-06-15 09:26:22] [hand_detect] IN: hand_detect 1920x1080 → OUT: detected=false landmarks=nil confidence=0
[2026-06-15 09:26:22] [face_detect] IN: face_detect → OUT: detected=false landmarks=nil roll=nil pitch=nil yaw=nil (2755ms)
[2026-06-15 09:26:22] [axMatch] IN: cursor=(1019,517) → OUT: lost (0ms)
[2026-06-15 09:26:22] [hand_detect] IN: hand_detect 1920x1080 → OUT: detected=false landmarks=nil confidence=0
[2026-06-15 09:26:22] [face_detect] IN: face_detect → OUT: detected=false landmarks=nil roll=nil pitch=nil yaw=nil (2874ms)
[2026-06-15 09:26:22] [hand_detect] IN: hand_detect 1920x1080 → OUT: detected=false landmarks=nil confidence=0
[2026-06-15 09:26:22] [face_detect] IN: face_detect → OUT: detected=false landmarks=nil roll=nil pitch=nil yaw=nil (2822ms)
[2026-06-15 09:26:22] [hand_detect] IN: hand_detect 1920x1080 → OUT: detected=false landmarks=nil confidence=0
[2026-06-15 09:26:22] [face_detect] IN: face_detect → OUT: detected=false landmarks=nil roll=nil pitch=nil yaw=nil (2802ms)
[2026-06-15 09:26:22] [hand_detect] IN: hand_detect 1920x1080 → OUT: detected=false landmarks=nil confidence=0
[2026-06-15 09:26:22] [face_detect] IN: face_detect → OUT: detected=false landmarks=nil roll=nil pitch=nil yaw=nil (2781ms)
[2026-06-15 09:26:22] [hand_detect] IN: hand_detect 1920x1080 → OUT: detected=false landmarks=nil confidence=0
[2026-06-15 09:26:22] [face_detect] IN: face_detect → OUT: detected=false landmarks=nil roll=nil pitch=nil yaw=nil (2807ms)
[2026-06-15 09:26:22] [hand_detect] IN: hand_detect 1920x1080 → OUT: detected=false landmarks=nil confidence=0
[2026-06-15 09:26:22] [face_detect] IN: face_detect → OUT: detected=false landmarks=nil roll=nil pitch=nil yaw=nil (2670ms)
[2026-06-15 09:26:23] [hand_detect] IN: hand_detect 1920x1080 → OUT: detected=false landmarks=nil confidence=0
[2026-06-15 09:26:23] [face_detect] IN: face_detect → OUT: detected=false landmarks=nil roll=nil pitch=nil yaw=nil (4776ms)
[2026-06-15 09:26:23] [hand_detect] IN: hand_detect 1920x1080 → OUT: detected=false landmarks=nil confidence=0
[2026-06-15 09:26:23] [face_detect] IN: face_detect → OUT: detected=false landmarks=nil roll=nil pitch=nil yaw=nil (3072ms)
[2026-06-15 09:26:23] [hand_detect] IN: hand_detect 1920x1080 → OUT: detected=false landmarks=nil confidence=0
[2026-06-15 09:26:23] [face_detect] IN: face_detect → OUT: detected=false landmarks=nil roll=nil pitch=nil yaw=nil (2714ms)
[2026-06-15 09:26:23] [hand_detect] IN: hand_detect 1920x1080 → OUT: detected=false landmarks=nil confidence=0
[2026-06-15 09:26:23] [face_detect] IN: face_detect → OUT: detected=false landmarks=nil roll=nil pitch=nil yaw=nil (2846ms)
[2026-06-15 09:26:23] [hand_detect] IN: hand_detect 1920x1080 → OUT: detected=false landmarks=nil confidence=0
[2026-06-15 09:26:23] [face_detect] IN: face_detect → OUT: detected=false landmarks=nil roll=nil pitch=nil yaw=nil (2663ms)
[2026-06-15 09:26:23] [axScan] IN: windows=24 → OUT: raw=1296 visible=326 (840ms)
[2026-06-15 09:26:23] [hand_detect] IN: hand_detect 1920x1080 → OUT: detected=false landmarks=nil confidence=0
[2026-06-15 09:26:23] [face_detect] IN: face_detect → OUT: detected=false landmarks=nil roll=nil pitch=nil yaw=nil (2784ms)
[2026-06-15 09:26:23] [hand_detect] IN: hand_detect 1920x1080 → OUT: detected=false landmarks=nil confidence=0
[2026-06-15 09:26:23] [face_detect] IN: face_detect → OUT: detected=false landmarks=nil roll=nil pitch=nil yaw=nil (3218ms)
[2026-06-15 09:26:23] [hand_detect] IN: hand_detect 1920x1080 → OUT: detected=false landmarks=nil confidence=0
[2026-06-15 09:26:23] [face_detect] IN: face_detect → OUT: detected=false landmarks=nil roll=nil pitch=nil yaw=nil (3242ms)
[2026-06-15 09:26:23] [hand_detect] IN: hand_detect 1920x1080 → OUT: detected=false landmarks=nil confidence=0
[2026-06-15 09:26:23] [face_detect] IN: face_detect → OUT: detected=false landmarks=nil roll=nil pitch=nil yaw=nil (3545ms)
[2026-06-15 09:26:23] [hand_detect] IN: hand_detect 1920x1080 → OUT: detected=false landmarks=nil confidence=0
[2026-06-15 09:26:23] [face_detect] IN: face_detect → OUT: detected=false landmarks=nil roll=nil pitch=nil yaw=nil (4115ms)
[2026-06-15 09:26:23] [hand_detect] IN: hand_detect 1920x1080 → OUT: detected=false landmarks=nil confidence=0
[2026-06-15 09:26:23] [face_detect] IN: face_detect → OUT: detected=false landmarks=nil roll=nil pitch=nil yaw=nil (4053ms)
[2026-06-15 09:26:23] [hand_detect] IN: hand_detect 1920x1080 → OUT: detected=false landmarks=nil confidence=0
[2026-06-15 09:26:23] [face_detect] IN: face_detect → OUT: detected=false landmarks=nil roll=nil pitch=nil yaw=nil (3502ms)
[2026-06-15 09:26:23] [hand_detect] IN: hand_detect 1920x1080 → OUT: detected=false landmarks=nil confidence=0
[2026-06-15 09:26:23] [face_detect] IN: face_detect → OUT: detected=false landmarks=nil roll=nil pitch=nil yaw=nil (2668ms)
[2026-06-15 09:26:23] [hand_detect] IN: hand_detect 1920x1080 → OUT: detected=false landmarks=nil confidence=0
[2026-06-15 09:26:23] [face_detect] IN: face_detect → OUT: detected=false landmarks=nil roll=nil pitch=nil yaw=nil (2436ms)
[2026-06-15 09:26:23] [hand_detect] IN: hand_detect 1920x1080 → OUT: detected=false landmarks=nil confidence=0
[2026-06-15 09:26:23] [face_detect] IN: face_detect → OUT: detected=false landmarks=nil roll=nil pitch=nil yaw=nil (2537ms)
[2026-06-15 09:26:23] [hand_detect] IN: hand_detect 1920x1080 → OUT: detected=false landmarks=nil confidence=0
[2026-06-15 09:26:23] [face_detect] IN: face_detect → OUT: detected=false landmarks=nil roll=nil pitch=nil yaw=nil (2897ms)
[2026-06-15 09:26:23] [hand_detect] IN: hand_detect 1920x1080 → OUT: detected=false landmarks=nil confidence=0
[2026-06-15 09:26:23] [face_detect] IN: face_detect → OUT: detected=false landmarks=nil roll=nil pitch=nil yaw=nil (2682ms)
[2026-06-15 09:26:23] [hand_detect] IN: hand_detect 1920x1080 → OUT: detected=false landmarks=nil confidence=0
[2026-06-15 09:26:23] [face_detect] IN: face_detect → OUT: detected=false landmarks=nil roll=nil pitch=nil yaw=nil (2635ms)
[2026-06-15 09:26:23] [hand_detect] IN: hand_detect 1920x1080 → OUT: detected=false landmarks=nil confidence=0
[2026-06-15 09:26:23] [face_detect] IN: face_detect → OUT: detected=false landmarks=nil roll=nil pitch=nil yaw=nil (2457ms)
[2026-06-15 09:26:23] [hand_detect] IN: hand_detect 1920x1080 → OUT: detected=false landmarks=nil confidence=0
[2026-06-15 09:26:23] [face_detect] IN: face_detect → OUT: detected=false landmarks=nil roll=nil pitch=nil yaw=nil (2779ms)
[2026-06-15 09:26:23] [hand_detect] IN: hand_detect 1920x1080 → OUT: detected=false landmarks=nil confidence=0
[2026-06-15 09:26:23] [face_detect] IN: face_detect → OUT: detected=false landmarks=nil roll=nil pitch=nil yaw=nil (3017ms)
[2026-06-15 09:26:23] [hand_detect] IN: hand_detect 1920x1080 → OUT: detected=false landmarks=nil confidence=0
[2026-06-15 09:26:23] [face_detect] IN: face_detect → OUT: detected=false landmarks=nil roll=nil pitch=nil yaw=nil (2665ms)
[2026-06-15 09:26:23] [hand_detect] IN: hand_detect 1920x1080 → OUT: detected=false landmarks=nil confidence=0
[2026-06-15 09:26:23] [face_detect] IN: face_detect → OUT: detected=false landmarks=nil roll=nil pitch=nil yaw=nil (2826ms)
[2026-06-15 09:26:23] [hand_detect] IN: hand_detect 1920x1080 → OUT: detected=false landmarks=nil confidence=0
[2026-06-15 09:26:23] [face_detect] IN: face_detect → OUT: detected=false landmarks=nil roll=nil pitch=nil yaw=nil (2650ms)
[2026-06-15 09:26:23] [hand_detect] IN: hand_detect 1920x1080 → OUT: detected=false landmarks=nil confidence=0
[2026-06-15 09:26:23] [face_detect] IN: face_detect → OUT: detected=false landmarks=nil roll=nil pitch=nil yaw=nil (2561ms)
[2026-06-15 09:26:23] [hand_detect] IN: hand_detect 1920x1080 → OUT: detected=false landmarks=nil confidence=0
[2026-06-15 09:26:23] [face_detect] IN: face_detect → OUT: detected=false landmarks=nil roll=nil pitch=nil yaw=nil (2484ms)
[2026-06-15 09:26:23] [hand_detect] IN: hand_detect 1920x1080 → OUT: detected=false landmarks=nil confidence=0
[2026-06-15 09:26:23] [face_detect] IN: face_detect → OUT: detected=false landmarks=nil roll=nil pitch=nil yaw=nil (2393ms)
[2026-06-15 09:26:23] [hand_detect] IN: hand_detect 1920x1080 → OUT: detected=false landmarks=nil confidence=0
[2026-06-15 09:26:23] [face_detect] IN: face_detect → OUT: detected=false landmarks=nil roll=nil pitch=nil yaw=nil (2631ms)
[2026-06-15 09:26:23] [hand_detect] IN: hand_detect 1920x1080 → OUT: detected=false landmarks=nil confidence=0
[2026-06-15 09:26:23] [face_detect] IN: face_detect → OUT: detected=false landmarks=nil roll=nil pitch=nil yaw=nil (2429ms)
[2026-06-15 09:26:23] [hand_detect] IN: hand_detect 1920x1080 → OUT: detected=false landmarks=nil confidence=0
[2026-06-15 09:26:23] [face_detect] IN: face_detect → OUT: detected=false landmarks=nil roll=nil pitch=nil yaw=nil (2588ms)
[2026-06-15 09:26:24] [hand_detect] IN: hand_detect 1920x1080 → OUT: detected=false landmarks=nil confidence=0
[2026-06-15 09:26:24] [face_detect] IN: face_detect → OUT: detected=false landmarks=nil roll=nil pitch=nil yaw=nil (2576ms)
[2026-06-15 09:26:24] [hand_detect] IN: hand_detect 1920x1080 → OUT: detected=false landmarks=nil confidence=0
[2026-06-15 09:26:24] [face_detect] IN: face_detect → OUT: detected=false landmarks=nil roll=nil pitch=nil yaw=nil (2707ms)
[2026-06-15 09:26:24] [axScan] IN: windows=24 → OUT: raw=1296 visible=858 (738ms)
[2026-06-15 09:26:24] [hand_detect] IN: hand_detect 1920x1080 → OUT: detected=false landmarks=nil confidence=0
[2026-06-15 09:26:24] [face_detect] IN: face_detect → OUT: detected=false landmarks=nil roll=nil pitch=nil yaw=nil (2770ms)
[2026-06-15 09:26:24] [hand_detect] IN: hand_detect 1920x1080 → OUT: detected=false landmarks=nil confidence=0
[2026-06-15 09:26:24] [face_detect] IN: face_detect → OUT: detected=false landmarks=nil roll=nil pitch=nil yaw=nil (2986ms)
[2026-06-15 09:26:24] [hand_detect] IN: hand_detect 1920x1080 → OUT: detected=false landmarks=nil confidence=0
[2026-06-15 09:26:24] [face_detect] IN: face_detect → OUT: detected=false landmarks=nil roll=nil pitch=nil yaw=nil (3436ms)
[2026-06-15 09:26:24] [hand_detect] IN: hand_detect 1920x1080 → OUT: detected=false landmarks=nil confidence=0
[2026-06-15 09:26:24] [face_detect] IN: face_detect → OUT: detected=false landmarks=nil roll=nil pitch=nil yaw=nil (3728ms)
[2026-06-15 09:26:24] [hand_detect] IN: hand_detect 1920x1080 → OUT: detected=false landmarks=nil confidence=0
[2026-06-15 09:26:24] [face_detect] IN: face_detect → OUT: detected=false landmarks=nil roll=nil pitch=nil yaw=nil (4045ms)
[2026-06-15 09:26:24] [hand_detect] IN: hand_detect 1920x1080 → OUT: detected=false landmarks=nil confidence=0
[2026-06-15 09:26:24] [face_detect] IN: face_detect → OUT: detected=false landmarks=nil roll=nil pitch=nil yaw=nil (4943ms)
[2026-06-15 09:26:24] [hand_detect] IN: hand_detect 1920x1080 → OUT: detected=false landmarks=nil confidence=0
[2026-06-15 09:26:24] [face_detect] IN: face_detect → OUT: detected=false landmarks=nil roll=nil pitch=nil yaw=nil (5501ms)
[2026-06-15 09:26:24] [hand_detect] IN: hand_detect 1920x1080 → OUT: detected=false landmarks=nil confidence=0
[2026-06-15 09:26:24] [face_detect] IN: face_detect → OUT: detected=false landmarks=nil roll=nil pitch=nil yaw=nil (3840ms)
[2026-06-15 09:26:24] [hand_detect] IN: hand_detect 1920x1080 → OUT: detected=false landmarks=nil confidence=0
[2026-06-15 09:26:24] [face_detect] IN: face_detect → OUT: detected=false landmarks=nil roll=nil pitch=nil yaw=nil (3427ms)
[2026-06-15 09:26:24] [hand_detect] IN: hand_detect 1920x1080 → OUT: detected=false landmarks=nil confidence=0
[2026-06-15 09:26:24] [face_detect] IN: face_detect → OUT: detected=false landmarks=nil roll=nil pitch=nil yaw=nil (3600ms)
[2026-06-15 09:26:24] [hand_detect] IN: hand_detect 1920x1080 → OUT: detected=false landmarks=nil confidence=0
[2026-06-15 09:26:24] [face_detect] IN: face_detect → OUT: detected=false landmarks=nil roll=nil pitch=nil yaw=nil (2753ms)
[2026-06-15 09:26:24] [hand_detect] IN: hand_detect 1920x1080 → OUT: detected=false landmarks=nil confidence=0
[2026-06-15 09:26:24] [face_detect] IN: face_detect → OUT: detected=false landmarks=nil roll=nil pitch=nil yaw=nil (2558ms)
[2026-06-15 09:26:24] [hand_detect] IN: hand_detect 1920x1080 → OUT: detected=false landmarks=nil confidence=0
[2026-06-15 09:26:24] [face_detect] IN: face_detect → OUT: detected=false landmarks=nil roll=nil pitch=nil yaw=nil (2614ms)
[2026-06-15 09:26:24] [hand_detect] IN: hand_detect 1920x1080 → OUT: detected=false landmarks=nil confidence=0
[2026-06-15 09:26:24] [face_detect] IN: face_detect → OUT: detected=false landmarks=nil roll=nil pitch=nil yaw=nil (3010ms)
[2026-06-15 09:26:24] [hand_detect] IN: hand_detect 1920x1080 → OUT: detected=false landmarks=nil confidence=0
[2026-06-15 09:26:24] [face_detect] IN: face_detect → OUT: detected=false landmarks=nil roll=nil pitch=nil yaw=nil (2529ms)
[2026-06-15 09:26:24] [hand_detect] IN: hand_detect 1920x1080 → OUT: detected=false landmarks=nil confidence=0
[2026-06-15 09:26:24] [face_detect] IN: face_detect → OUT: detected=false landmarks=nil roll=nil pitch=nil yaw=nil (2503ms)
[2026-06-15 09:26:24] [hand_detect] IN: hand_detect 1920x1080 → OUT: detected=false landmarks=nil confidence=0
[2026-06-15 09:26:24] [face_detect] IN: face_detect → OUT: detected=false landmarks=nil roll=nil pitch=nil yaw=nil (2537ms)
[2026-06-15 09:26:24] [hand_detect] IN: hand_detect 1920x1080 → OUT: detected=false landmarks=nil confidence=0
[2026-06-15 09:26:24] [face_detect] IN: face_detect → OUT: detected=false landmarks=nil roll=nil pitch=nil yaw=nil (2706ms)
[2026-06-15 09:26:24] [hand_detect] IN: hand_detect 1920x1080 → OUT: detected=false landmarks=nil confidence=0
[2026-06-15 09:26:24] [face_detect] IN: face_detect → OUT: detected=false landmarks=nil roll=nil pitch=nil yaw=nil (2620ms)
[2026-06-15 09:26:24] [hand_detect] IN: hand_detect 1920x1080 → OUT: detected=false landmarks=nil confidence=0
[2026-06-15 09:26:24] [face_detect] IN: face_detect → OUT: detected=false landmarks=nil roll=nil pitch=nil yaw=nil (2717ms)
[2026-06-15 09:26:24] [hand_detect] IN: hand_detect 1920x1080 → OUT: detected=false landmarks=nil confidence=0
[2026-06-15 09:26:24] [face_detect] IN: face_detect → OUT: detected=false landmarks=nil roll=nil pitch=nil yaw=nil (2542ms)
[2026-06-15 09:26:24] [hand_detect] IN: hand_detect 1920x1080 → OUT: detected=false landmarks=nil confidence=0
[2026-06-15 09:26:24] [face_detect] IN: face_detect → OUT: detected=false landmarks=nil roll=nil pitch=nil yaw=nil (2580ms)
[2026-06-15 09:26:24] [hand_detect] IN: hand_detect 1920x1080 → OUT: detected=false landmarks=nil confidence=0
[2026-06-15 09:26:24] [face_detect] IN: face_detect → OUT: detected=false landmarks=nil roll=nil pitch=nil yaw=nil (2708ms)
[2026-06-15 09:26:24] [hand_detect] IN: hand_detect 1920x1080 → OUT: detected=false landmarks=nil confidence=0
[2026-06-15 09:26:24] [face_detect] IN: face_detect → OUT: detected=false landmarks=nil roll=nil pitch=nil yaw=nil (2675ms)
[2026-06-15 09:26:24] [hand_detect] IN: hand_detect 1920x1080 → OUT: detected=false landmarks=nil confidence=0
[2026-06-15 09:26:24] [face_detect] IN: face_detect → OUT: detected=false landmarks=nil roll=nil pitch=nil yaw=nil (2691ms)
[2026-06-15 09:26:24] [hand_detect] IN: hand_detect 1920x1080 → OUT: detected=false landmarks=nil confidence=0
[2026-06-15 09:26:24] [face_detect] IN: face_detect → OUT: detected=false landmarks=nil roll=nil pitch=nil yaw=nil (2486ms)
[2026-06-15 09:26:24] [hand_detect] IN: hand_detect 1920x1080 → OUT: detected=false landmarks=nil confidence=0
[2026-06-15 09:26:24] [face_detect] IN: face_detect → OUT: detected=false landmarks=nil roll=nil pitch=nil yaw=nil (2684ms)
[2026-06-15 09:26:24] [hand_detect] IN: hand_detect 1920x1080 → OUT: detected=false landmarks=nil confidence=0
[2026-06-15 09:26:24] [face_detect] IN: face_detect → OUT: detected=false landmarks=nil roll=nil pitch=nil yaw=nil (2739ms)
[2026-06-15 09:26:24] [axScan] IN: windows=24 → OUT: raw=1296 visible=858 (690ms)
[2026-06-15 09:26:25] [hand_detect] IN: hand_detect 1920x1080 → OUT: detected=false landmarks=nil confidence=0
[2026-06-15 09:26:25] [face_detect] IN: face_detect → OUT: detected=false landmarks=nil roll=nil pitch=nil yaw=nil (2567ms)
[2026-06-15 09:26:25] [hand_detect] IN: hand_detect 1920x1080 → OUT: detected=false landmarks=nil confidence=0
[2026-06-15 09:26:25] [face_detect] IN: face_detect → OUT: detected=false landmarks=nil roll=nil pitch=nil yaw=nil (2792ms)
[2026-06-15 09:26:25] [hand_detect] IN: hand_detect 1920x1080 → OUT: detected=false landmarks=nil confidence=0
[2026-06-15 09:26:25] [face_detect] IN: face_detect → OUT: detected=false landmarks=nil roll=nil pitch=nil yaw=nil (2993ms)
[2026-06-15 09:26:25] [hand_detect] IN: hand_detect 1920x1080 → OUT: detected=false landmarks=nil confidence=0
[2026-06-15 09:26:25] [face_detect] IN: face_detect → OUT: detected=false landmarks=nil roll=nil pitch=nil yaw=nil (3293ms)
[2026-06-15 09:26:25] [hand_detect] IN: hand_detect 1920x1080 → OUT: detected=false landmarks=nil confidence=0
[2026-06-15 09:26:25] [face_detect] IN: face_detect → OUT: detected=false landmarks=nil roll=nil pitch=nil yaw=nil (3506ms)
[2026-06-15 09:26:25] [hand_detect] IN: hand_detect 1920x1080 → OUT: detected=false landmarks=nil confidence=0
[2026-06-15 09:26:25] [face_detect] IN: face_detect → OUT: detected=false landmarks=nil roll=nil pitch=nil yaw=nil (4172ms)
[2026-06-15 09:26:25] [hand_detect] IN: hand_detect 1920x1080 → OUT: detected=false landmarks=nil confidence=0
[2026-06-15 09:26:25] [face_detect] IN: face_detect → OUT: detected=false landmarks=nil roll=nil pitch=nil yaw=nil (4786ms)
[2026-06-15 09:26:25] [hand_detect] IN: hand_detect 1920x1080 → OUT: detected=false landmarks=nil confidence=0
[2026-06-15 09:26:25] [face_detect] IN: face_detect → OUT: detected=false landmarks=nil roll=nil pitch=nil yaw=nil (5272ms)
[2026-06-15 09:26:25] [hand_detect] IN: hand_detect 1920x1080 → OUT: detected=false landmarks=nil confidence=0
[2026-06-15 09:26:25] [face_detect] IN: face_detect → OUT: detected=false landmarks=nil roll=nil pitch=nil yaw=nil (5224ms)
[2026-06-15 09:26:25] [axMatch] IN: cursor=(1018,571) → OUT: role=AXButton title= (0ms)
[2026-06-15 09:26:25] [hand_detect] IN: hand_detect 1920x1080 → OUT: detected=false landmarks=nil confidence=0
[2026-06-15 09:26:25] [face_detect] IN: face_detect → OUT: detected=false landmarks=nil roll=nil pitch=nil yaw=nil (4951ms)
[2026-06-15 09:26:25] [hand_detect] IN: hand_detect 1920x1080 → OUT: detected=false landmarks=nil confidence=0
[2026-06-15 09:26:25] [face_detect] IN: face_detect → OUT: detected=false landmarks=nil roll=nil pitch=nil yaw=nil (4927ms)
[2026-06-15 09:26:25] [hand_detect] IN: hand_detect 1920x1080 → OUT: detected=false landmarks=nil confidence=0
[2026-06-15 09:26:25] [face_detect] IN: face_detect → OUT: detected=false landmarks=nil roll=nil pitch=nil yaw=nil (3905ms)
[2026-06-15 09:26:25] [hand_detect] IN: hand_detect 1920x1080 → OUT: detected=false landmarks=nil confidence=0
[2026-06-15 09:26:25] [face_detect] IN: face_detect → OUT: detected=false landmarks=nil roll=nil pitch=nil yaw=nil (2755ms)
[2026-06-15 09:26:25] [hand_detect] IN: hand_detect 1920x1080 → OUT: detected=false landmarks=nil confidence=0
[2026-06-15 09:26:25] [face_detect] IN: face_detect → OUT: detected=false landmarks=nil roll=nil pitch=nil yaw=nil (2468ms)
[2026-06-15 09:26:25] [hand_detect] IN: hand_detect 1920x1080 → OUT: detected=false landmarks=nil confidence=0
[2026-06-15 09:26:25] [face_detect] IN: face_detect → OUT: detected=false landmarks=nil roll=nil pitch=nil yaw=nil (2454ms)
[2026-06-15 09:26:25] [hand_detect] IN: hand_detect 1920x1080 → OUT: detected=false landmarks=nil confidence=0
[2026-06-15 09:26:25] [face_detect] IN: face_detect → OUT: detected=false landmarks=nil roll=nil pitch=nil yaw=nil (2892ms)
[2026-06-15 09:26:25] [hand_detect] IN: hand_detect 1920x1080 → OUT: detected=false landmarks=nil confidence=0
[2026-06-15 09:26:25] [face_detect] IN: face_detect → OUT: detected=false landmarks=nil roll=nil pitch=nil yaw=nil (2637ms)
[2026-06-15 09:26:25] [hand_detect] IN: hand_detect 1920x1080 → OUT: detected=false landmarks=nil confidence=0
[2026-06-15 09:26:25] [face_detect] IN: face_detect → OUT: detected=false landmarks=nil roll=nil pitch=nil yaw=nil (2552ms)
[2026-06-15 09:26:25] [hand_detect] IN: hand_detect 1920x1080 → OUT: detected=false landmarks=nil confidence=0
[2026-06-15 09:26:25] [face_detect] IN: face_detect → OUT: detected=false landmarks=nil roll=nil pitch=nil yaw=nil (2730ms)
[2026-06-15 09:26:25] [hand_detect] IN: hand_detect 1920x1080 → OUT: detected=false landmarks=nil confidence=0
[2026-06-15 09:26:25] [face_detect] IN: face_detect → OUT: detected=false landmarks=nil roll=nil pitch=nil yaw=nil (2576ms)
[2026-06-15 09:26:25] [hand_detect] IN: hand_detect 1920x1080 → OUT: detected=false landmarks=nil confidence=0
[2026-06-15 09:26:25] [face_detect] IN: face_detect → OUT: detected=false landmarks=nil roll=nil pitch=nil yaw=nil (3202ms)
[2026-06-15 09:26:25] [hand_detect] IN: hand_detect 1920x1080 → OUT: detected=false landmarks=nil confidence=0
[2026-06-15 09:26:25] [face_detect] IN: face_detect → OUT: detected=false landmarks=nil roll=nil pitch=nil yaw=nil (2737ms)
[2026-06-15 09:26:25] [hand_detect] IN: hand_detect 1920x1080 → OUT: detected=false landmarks=nil confidence=0
[2026-06-15 09:26:25] [face_detect] IN: face_detect → OUT: detected=false landmarks=nil roll=nil pitch=nil yaw=nil (2779ms)
[2026-06-15 09:26:25] [hand_detect] IN: hand_detect 1920x1080 → OUT: detected=false landmarks=nil confidence=0
[2026-06-15 09:26:25] [face_detect] IN: face_detect → OUT: detected=false landmarks=nil roll=nil pitch=nil yaw=nil (2784ms)
[2026-06-15 09:26:25] [hand_detect] IN: hand_detect 1920x1080 → OUT: detected=false landmarks=nil confidence=0
[2026-06-15 09:26:25] [face_detect] IN: face_detect → OUT: detected=false landmarks=nil roll=nil pitch=nil yaw=nil (2630ms)
[2026-06-15 09:26:25] [hand_detect] IN: hand_detect 1920x1080 → OUT: detected=false landmarks=nil confidence=0
[2026-06-15 09:26:25] [face_detect] IN: face_detect → OUT: detected=false landmarks=nil roll=nil pitch=nil yaw=nil (2480ms)
[2026-06-15 09:26:25] [hand_detect] IN: hand_detect 1920x1080 → OUT: detected=false landmarks=nil confidence=0
[2026-06-15 09:26:25] [face_detect] IN: face_detect → OUT: detected=false landmarks=nil roll=nil pitch=nil yaw=nil (2554ms)
[2026-06-15 09:26:25] [hand_detect] IN: hand_detect 1920x1080 → OUT: detected=false landmarks=nil confidence=0
[2026-06-15 09:26:25] [face_detect] IN: face_detect → OUT: detected=false landmarks=nil roll=nil pitch=nil yaw=nil (2650ms)
[2026-06-15 09:26:25] [hand_detect] IN: hand_detect 1920x1080 → OUT: detected=false landmarks=nil confidence=0
[2026-06-15 09:26:25] [face_detect] IN: face_detect → OUT: detected=false landmarks=nil roll=nil pitch=nil yaw=nil (2878ms)
[2026-06-15 09:26:25] [hand_detect] IN: hand_detect 1920x1080 → OUT: detected=false landmarks=nil confidence=0
[2026-06-15 09:26:25] [face_detect] IN: face_detect → OUT: detected=false landmarks=nil roll=nil pitch=nil yaw=nil (2898ms)
[2026-06-15 09:26:26] [hand_detect] IN: hand_detect 1920x1080 → OUT: detected=false landmarks=nil confidence=0
[2026-06-15 09:26:26] [face_detect] IN: face_detect → OUT: detected=false landmarks=nil roll=nil pitch=nil yaw=nil (2737ms)
[2026-06-15 09:26:26] [hand_detect] IN: hand_detect 1920x1080 → OUT: detected=false landmarks=nil confidence=0
[2026-06-15 09:26:26] [face_detect] IN: face_detect → OUT: detected=false landmarks=nil roll=nil pitch=nil yaw=nil (3471ms)
[2026-06-15 09:26:26] [axScan] IN: windows=24 → OUT: raw=1295 visible=858 (746ms)
[2026-06-15 09:26:26] [hand_detect] IN: hand_detect 1920x1080 → OUT: detected=false landmarks=nil confidence=0
[2026-06-15 09:26:26] [face_detect] IN: face_detect → OUT: detected=false landmarks=nil roll=nil pitch=nil yaw=nil (2796ms)
[2026-06-15 09:26:26] [hand_detect] IN: hand_detect 1920x1080 → OUT: detected=false landmarks=nil confidence=0
[2026-06-15 09:26:26] [face_detect] IN: face_detect → OUT: detected=false landmarks=nil roll=nil pitch=nil yaw=nil (3932ms)
[2026-06-15 09:26:26] [hand_detect] IN: hand_detect 1920x1080 → OUT: detected=false landmarks=nil confidence=0
[2026-06-15 09:26:26] [face_detect] IN: face_detect → OUT: detected=false landmarks=nil roll=nil pitch=nil yaw=nil (3288ms)
[2026-06-15 09:26:26] [hand_detect] IN: hand_detect 1920x1080 → OUT: detected=false landmarks=nil confidence=0
[2026-06-15 09:26:26] [face_detect] IN: face_detect → OUT: detected=false landmarks=nil roll=nil pitch=nil yaw=nil (3620ms)
[2026-06-15 09:26:26] [hand_detect] IN: hand_detect 1920x1080 → OUT: detected=false landmarks=nil confidence=0
[2026-06-15 09:26:26] [face_detect] IN: face_detect → OUT: detected=false landmarks=nil roll=nil pitch=nil yaw=nil (3944ms)
[2026-06-15 09:26:26] [hand_detect] IN: hand_detect 1920x1080 → OUT: detected=false landmarks=nil confidence=0
[2026-06-15 09:26:26] [face_detect] IN: face_detect → OUT: detected=false landmarks=nil roll=nil pitch=nil yaw=nil (3975ms)
[2026-06-15 09:26:26] [hand_detect] IN: hand_detect 1920x1080 → OUT: detected=false landmarks=nil confidence=0
[2026-06-15 09:26:26] [face_detect] IN: face_detect → OUT: detected=false landmarks=nil roll=nil pitch=nil yaw=nil (19636ms)
[2026-06-15 09:26:26] [axMatch] IN: cursor=(1182,92) → OUT: role=AXButton title= (0ms)
[2026-06-15 09:26:26] [hand_detect] IN: hand_detect 1920x1080 → OUT: detected=false landmarks=nil confidence=0
[2026-06-15 09:26:26] [face_detect] IN: face_detect → OUT: detected=false landmarks=nil roll=nil pitch=nil yaw=nil (3914ms)
[2026-06-15 09:26:26] [hand_detect] IN: hand_detect 1920x1080 → OUT: detected=false landmarks=nil confidence=0
[2026-06-15 09:26:26] [face_detect] IN: face_detect → OUT: detected=false landmarks=nil roll=nil pitch=nil yaw=nil (4057ms)
[2026-06-15 09:26:26] [hand_detect] IN: hand_detect 1920x1080 → OUT: detected=false landmarks=nil confidence=0
[2026-06-15 09:26:26] [face_detect] IN: face_detect → OUT: detected=false landmarks=nil roll=nil pitch=nil yaw=nil (3463ms)
[2026-06-15 09:26:26] [hand_detect] IN: hand_detect 1920x1080 → OUT: detected=false landmarks=nil confidence=0
[2026-06-15 09:26:26] [face_detect] IN: face_detect → OUT: detected=false landmarks=nil roll=nil pitch=nil yaw=nil (2930ms)
[2026-06-15 09:26:26] [hand_detect] IN: hand_detect 1920x1080 → OUT: detected=false landmarks=nil confidence=0
[2026-06-15 09:26:26] [face_detect] IN: face_detect → OUT: detected=false landmarks=nil roll=nil pitch=nil yaw=nil (2478ms)
[2026-06-15 09:26:26] [hand_detect] IN: hand_detect 1920x1080 → OUT: detected=false landmarks=nil confidence=0
[2026-06-15 09:26:26] [face_detect] IN: face_detect → OUT: detected=false landmarks=nil roll=nil pitch=nil yaw=nil (2529ms)
[2026-06-15 09:26:26] [hand_detect] IN: hand_detect 1920x1080 → OUT: detected=false landmarks=nil confidence=0
[2026-06-15 09:26:26] [face_detect] IN: face_detect → OUT: detected=false landmarks=nil roll=nil pitch=nil yaw=nil (2874ms)
[2026-06-15 09:26:26] [hand_detect] IN: hand_detect 1920x1080 → OUT: detected=false landmarks=nil confidence=0
[2026-06-15 09:26:26] [face_detect] IN: face_detect → OUT: detected=false landmarks=nil roll=nil pitch=nil yaw=nil (2634ms)
[2026-06-15 09:26:26] [hand_detect] IN: hand_detect 1920x1080 → OUT: detected=false landmarks=nil confidence=0
[2026-06-15 09:26:26] [face_detect] IN: face_detect → OUT: detected=false landmarks=nil roll=nil pitch=nil yaw=nil (2676ms)
[2026-06-15 09:26:26] [hand_detect] IN: hand_detect 1920x1080 → OUT: detected=false landmarks=nil confidence=0
[2026-06-15 09:26:26] [face_detect] IN: face_detect → OUT: detected=false landmarks=nil roll=nil pitch=nil yaw=nil (2547ms)
[2026-06-15 09:26:26] [hand_detect] IN: hand_detect 1920x1080 → OUT: detected=false landmarks=nil confidence=0
[2026-06-15 09:26:26] [face_detect] IN: face_detect → OUT: detected=false landmarks=nil roll=nil pitch=nil yaw=nil (2591ms)
[2026-06-15 09:26:26] [hand_detect] IN: hand_detect 1920x1080 → OUT: detected=false landmarks=nil confidence=0
[2026-06-15 09:26:26] [face_detect] IN: face_detect → OUT: detected=false landmarks=nil roll=nil pitch=nil yaw=nil (2489ms)
[2026-06-15 09:26:26] [hand_detect] IN: hand_detect 1920x1080 → OUT: detected=false landmarks=nil confidence=0
[2026-06-15 09:26:26] [face_detect] IN: face_detect → OUT: detected=false landmarks=nil roll=nil pitch=nil yaw=nil (2472ms)
[2026-06-15 09:26:26] [hand_detect] IN: hand_detect 1920x1080 → OUT: detected=false landmarks=nil confidence=0
[2026-06-15 09:26:26] [face_detect] IN: face_detect → OUT: detected=false landmarks=nil roll=nil pitch=nil yaw=nil (2573ms)
[2026-06-15 09:26:26] [hand_detect] IN: hand_detect 1920x1080 → OUT: detected=false landmarks=nil confidence=0
[2026-06-15 09:26:26] [face_detect] IN: face_detect → OUT: detected=false landmarks=nil roll=nil pitch=nil yaw=nil (2406ms)
[2026-06-15 09:26:26] [axMatch] IN: cursor=(1170,58) → OUT: role=AXStaticText title= (0ms)
[2026-06-15 09:26:26] [hand_detect] IN: hand_detect 1920x1080 → OUT: detected=false landmarks=nil confidence=0
[2026-06-15 09:26:26] [face_detect] IN: face_detect → OUT: detected=false landmarks=nil roll=nil pitch=nil yaw=nil (2601ms)
[2026-06-15 09:26:26] [hand_detect] IN: hand_detect 1920x1080 → OUT: detected=false landmarks=nil confidence=0
[2026-06-15 09:26:26] [face_detect] IN: face_detect → OUT: detected=false landmarks=nil roll=nil pitch=nil yaw=nil (2578ms)
[2026-06-15 09:26:26] [hand_detect] IN: hand_detect 1920x1080 → OUT: detected=false landmarks=nil confidence=0
[2026-06-15 09:26:26] [face_detect] IN: face_detect → OUT: detected=false landmarks=nil roll=nil pitch=nil yaw=nil (2568ms)
[2026-06-15 09:26:26] [axScan] IN: windows=23 → OUT: raw=748 visible=319 (569ms)
[2026-06-15 09:26:26] [hand_detect] IN: hand_detect 1920x1080 → OUT: detected=false landmarks=nil confidence=0
[2026-06-15 09:26:26] [face_detect] IN: face_detect → OUT: detected=false landmarks=nil roll=nil pitch=nil yaw=nil (2786ms)
[2026-06-15 09:26:26] [hand_detect] IN: hand_detect 1920x1080 → OUT: detected=false landmarks=nil confidence=0
[2026-06-15 09:26:26] [face_detect] IN: face_detect → OUT: detected=false landmarks=nil roll=nil pitch=nil yaw=nil (3027ms)
[2026-06-15 09:26:26] [hand_detect] IN: hand_detect 1920x1080 → OUT: detected=false landmarks=nil confidence=0
[2026-06-15 09:26:26] [face_detect] IN: face_detect → OUT: detected=false landmarks=nil roll=nil pitch=nil yaw=nil (3381ms)
[2026-06-15 09:26:27] [hand_detect] IN: hand_detect 1920x1080 → OUT: detected=false landmarks=nil confidence=0
[2026-06-15 09:26:27] [face_detect] IN: face_detect → OUT: detected=false landmarks=nil roll=nil pitch=nil yaw=nil (4125ms)
[2026-06-15 09:26:27] [hand_detect] IN: hand_detect 1920x1080 → OUT: detected=false landmarks=nil confidence=0
[2026-06-15 09:26:27] [face_detect] IN: face_detect → OUT: detected=false landmarks=nil roll=nil pitch=nil yaw=nil (4804ms)
[2026-06-15 09:26:27] [hand_detect] IN: hand_detect 1920x1080 → OUT: detected=false landmarks=nil confidence=0
[2026-06-15 09:26:27] [face_detect] IN: face_detect → OUT: detected=false landmarks=nil roll=nil pitch=nil yaw=nil (5201ms)
[2026-06-15 09:26:27] [hand_detect] IN: hand_detect 1920x1080 → OUT: detected=false landmarks=nil confidence=0
[2026-06-15 09:26:27] [face_detect] IN: face_detect → OUT: detected=false landmarks=nil roll=nil pitch=nil yaw=nil (5918ms)
[2026-06-15 09:26:27] [hand_detect] IN: hand_detect 1920x1080 → OUT: detected=false landmarks=nil confidence=0
[2026-06-15 09:26:27] [face_detect] IN: face_detect → OUT: detected=false landmarks=nil roll=nil pitch=nil yaw=nil (6665ms)
[2026-06-15 09:26:27] [hand_detect] IN: hand_detect 1920x1080 → OUT: detected=false landmarks=nil confidence=0
[2026-06-15 09:26:27] [face_detect] IN: face_detect → OUT: detected=false landmarks=nil roll=nil pitch=nil yaw=nil (5815ms)
[2026-06-15 09:26:27] [hand_detect] IN: hand_detect 1920x1080 → OUT: detected=false landmarks=nil confidence=0
[2026-06-15 09:26:27] [face_detect] IN: face_detect → OUT: detected=false landmarks=nil roll=nil pitch=nil yaw=nil (5644ms)
[2026-06-15 09:26:27] [hand_detect] IN: hand_detect 1920x1080 → OUT: detected=false landmarks=nil confidence=0
[2026-06-15 09:26:27] [face_detect] IN: face_detect → OUT: detected=false landmarks=nil roll=nil pitch=nil yaw=nil (6450ms)
[2026-06-15 09:26:27] [hand_detect] IN: hand_detect 1920x1080 → OUT: detected=false landmarks=nil confidence=0
[2026-06-15 09:26:27] [face_detect] IN: face_detect → OUT: detected=false landmarks=nil roll=nil pitch=nil yaw=nil (7486ms)
[2026-06-15 09:26:27] [axMatch] IN: cursor=(1065,550) → OUT: lost (0ms)
[2026-06-15 09:26:27] [hand_detect] IN: hand_detect 1920x1080 → OUT: detected=false landmarks=nil confidence=0
[2026-06-15 09:26:27] [face_detect] IN: face_detect → OUT: detected=false landmarks=nil roll=nil pitch=nil yaw=nil (5707ms)
[2026-06-15 09:26:27] [hand_detect] IN: hand_detect 1920x1080 → OUT: detected=false landmarks=nil confidence=0
[2026-06-15 09:26:27] [face_detect] IN: face_detect → OUT: detected=false landmarks=nil roll=nil pitch=nil yaw=nil (5721ms)
[2026-06-15 09:26:27] [hand_detect] IN: hand_detect 1920x1080 → OUT: detected=false landmarks=nil confidence=0
[2026-06-15 09:26:27] [face_detect] IN: face_detect → OUT: detected=false landmarks=nil roll=nil pitch=nil yaw=nil (6181ms)
[2026-06-15 09:26:27] [hand_detect] IN: hand_detect 1920x1080 → OUT: detected=false landmarks=nil confidence=0
[2026-06-15 09:26:27] [face_detect] IN: face_detect → OUT: detected=false landmarks=nil roll=nil pitch=nil yaw=nil (2766ms)
[2026-06-15 09:26:27] [hand_detect] IN: hand_detect 1920x1080 → OUT: detected=false landmarks=nil confidence=0
[2026-06-15 09:26:27] [face_detect] IN: face_detect → OUT: detected=false landmarks=nil roll=nil pitch=nil yaw=nil (2543ms)
[2026-06-15 09:26:27] [hand_detect] IN: hand_detect 1920x1080 → OUT: detected=false landmarks=nil confidence=0
[2026-06-15 09:26:27] [face_detect] IN: face_detect → OUT: detected=false landmarks=nil roll=nil pitch=nil yaw=nil (2635ms)
[2026-06-15 09:26:27] [hand_detect] IN: hand_detect 1920x1080 → OUT: detected=false landmarks=nil confidence=0
[2026-06-15 09:26:27] [face_detect] IN: face_detect → OUT: detected=false landmarks=nil roll=nil pitch=nil yaw=nil (3034ms)
[2026-06-15 09:26:27] [hand_detect] IN: hand_detect 1920x1080 → OUT: detected=false landmarks=nil confidence=0
[2026-06-15 09:26:27] [face_detect] IN: face_detect → OUT: detected=false landmarks=nil roll=nil pitch=nil yaw=nil (2761ms)
[2026-06-15 09:26:27] [hand_detect] IN: hand_detect 1920x1080 → OUT: detected=false landmarks=nil confidence=0
[2026-06-15 09:26:27] [face_detect] IN: face_detect → OUT: detected=false landmarks=nil roll=nil pitch=nil yaw=nil (2733ms)
[2026-06-15 09:26:27] [hand_detect] IN: hand_detect 1920x1080 → OUT: detected=false landmarks=nil confidence=0
[2026-06-15 09:26:27] [face_detect] IN: face_detect → OUT: detected=false landmarks=nil roll=nil pitch=nil yaw=nil (2678ms)
[2026-06-15 09:26:27] [hand_detect] IN: hand_detect 1920x1080 → OUT: detected=false landmarks=nil confidence=0
[2026-06-15 09:26:27] [face_detect] IN: face_detect → OUT: detected=false landmarks=nil roll=nil pitch=nil yaw=nil (2546ms)
[2026-06-15 09:26:27] [hand_detect] IN: hand_detect 1920x1080 → OUT: detected=false landmarks=nil confidence=0
[2026-06-15 09:26:27] [face_detect] IN: face_detect → OUT: detected=false landmarks=nil roll=nil pitch=nil yaw=nil (2493ms)
[2026-06-15 09:26:27] [hand_detect] IN: hand_detect 1920x1080 → OUT: detected=false landmarks=nil confidence=0
[2026-06-15 09:26:27] [face_detect] IN: face_detect → OUT: detected=false landmarks=nil roll=nil pitch=nil yaw=nil (2469ms)
[2026-06-15 09:26:27] [hand_detect] IN: hand_detect 1920x1080 → OUT: detected=false landmarks=nil confidence=0
[2026-06-15 09:26:27] [face_detect] IN: face_detect → OUT: detected=false landmarks=nil roll=nil pitch=nil yaw=nil (2562ms)
[2026-06-15 09:26:27] [hand_detect] IN: hand_detect 1920x1080 → OUT: detected=false landmarks=nil confidence=0
[2026-06-15 09:26:27] [face_detect] IN: face_detect → OUT: detected=false landmarks=nil roll=nil pitch=nil yaw=nil (2427ms)
[2026-06-15 09:26:27] [hand_detect] IN: hand_detect 1920x1080 → OUT: detected=false landmarks=nil confidence=0
[2026-06-15 09:26:27] [face_detect] IN: face_detect → OUT: detected=false landmarks=nil roll=nil pitch=nil yaw=nil (2763ms)
[2026-06-15 09:26:27] [axMatch] IN: cursor=(1015,1034) → OUT: role=AXDockItem title=Visual Studio Code (0ms)
[2026-06-15 09:26:27] [hand_detect] IN: hand_detect 1920x1080 → OUT: detected=false landmarks=nil confidence=0
[2026-06-15 09:26:27] [face_detect] IN: face_detect → OUT: detected=false landmarks=nil roll=nil pitch=nil yaw=nil (2608ms)
[2026-06-15 09:26:27] [axScan] IN: windows=22 → OUT: raw=661 visible=268 (564ms)
[2026-06-15 09:26:27] [hand_detect] IN: hand_detect 1920x1080 → OUT: detected=false landmarks=nil confidence=0
[2026-06-15 09:26:27] [face_detect] IN: face_detect → OUT: detected=false landmarks=nil roll=nil pitch=nil yaw=nil (2470ms)
[2026-06-15 09:26:27] [hand_detect] IN: hand_detect 1920x1080 → OUT: detected=false landmarks=nil confidence=0
[2026-06-15 09:26:27] [face_detect] IN: face_detect → OUT: detected=false landmarks=nil roll=nil pitch=nil yaw=nil (3214ms)
[2026-06-15 09:26:27] [hand_detect] IN: hand_detect 1920x1080 → OUT: detected=false landmarks=nil confidence=0
[2026-06-15 09:26:27] [face_detect] IN: face_detect → OUT: detected=false landmarks=nil roll=nil pitch=nil yaw=nil (3111ms)
[2026-06-15 09:26:27] [hand_detect] IN: hand_detect 1920x1080 → OUT: detected=false landmarks=nil confidence=0
[2026-06-15 09:26:27] [face_detect] IN: face_detect → OUT: detected=false landmarks=nil roll=nil pitch=nil yaw=nil (3216ms)
[2026-06-15 09:26:28] [hand_detect] IN: hand_detect 1920x1080 → OUT: detected=false landmarks=nil confidence=0
[2026-06-15 09:26:28] [face_detect] IN: face_detect → OUT: detected=false landmarks=nil roll=nil pitch=nil yaw=nil (3654ms)
[2026-06-15 09:26:28] [hand_detect] IN: hand_detect 1920x1080 → OUT: detected=false landmarks=nil confidence=0
[2026-06-15 09:26:28] [face_detect] IN: face_detect → OUT: detected=false landmarks=nil roll=nil pitch=nil yaw=nil (3937ms)
[2026-06-15 09:26:28] [hand_detect] IN: hand_detect 1920x1080 → OUT: detected=false landmarks=nil confidence=0
[2026-06-15 09:26:28] [face_detect] IN: face_detect → OUT: detected=false landmarks=nil roll=nil pitch=nil yaw=nil (4312ms)
[2026-06-15 09:26:28] [hand_detect] IN: hand_detect 1920x1080 → OUT: detected=false landmarks=nil confidence=0
[2026-06-15 09:26:28] [face_detect] IN: face_detect → OUT: detected=false landmarks=nil roll=nil pitch=nil yaw=nil (5816ms)
[2026-06-15 09:26:28] [hand_detect] IN: hand_detect 1920x1080 → OUT: detected=false landmarks=nil confidence=0
[2026-06-15 09:26:28] [face_detect] IN: face_detect → OUT: detected=false landmarks=nil roll=nil pitch=nil yaw=nil (4368ms)
[2026-06-15 09:26:28] [hand_detect] IN: hand_detect 1920x1080 → OUT: detected=false landmarks=nil confidence=0
[2026-06-15 09:26:28] [face_detect] IN: face_detect → OUT: detected=false landmarks=nil roll=nil pitch=nil yaw=nil (4119ms)
[2026-06-15 09:26:28] [hand_detect] IN: hand_detect 1920x1080 → OUT: detected=false landmarks=nil confidence=0
[2026-06-15 09:26:28] [face_detect] IN: face_detect → OUT: detected=false landmarks=nil roll=nil pitch=nil yaw=nil (4101ms)
[2026-06-15 09:26:28] [hand_detect] IN: hand_detect 1920x1080 → OUT: detected=false landmarks=nil confidence=0
[2026-06-15 09:26:28] [face_detect] IN: face_detect → OUT: detected=false landmarks=nil roll=nil pitch=nil yaw=nil (3862ms)
[2026-06-15 09:26:28] [hand_detect] IN: hand_detect 1920x1080 → OUT: detected=false landmarks=nil confidence=0
[2026-06-15 09:26:28] [face_detect] IN: face_detect → OUT: detected=false landmarks=nil roll=nil pitch=nil yaw=nil (4737ms)
[2026-06-15 09:26:28] [hand_detect] IN: hand_detect 1920x1080 → OUT: detected=false landmarks=nil confidence=0
[2026-06-15 09:26:28] [face_detect] IN: face_detect → OUT: detected=false landmarks=nil roll=nil pitch=nil yaw=nil (4776ms)
[2026-06-15 09:26:28] [hand_detect] IN: hand_detect 1920x1080 → OUT: detected=false landmarks=nil confidence=0
[2026-06-15 09:26:28] [face_detect] IN: face_detect → OUT: detected=false landmarks=nil roll=nil pitch=nil yaw=nil (4843ms)
[2026-06-15 09:26:28] [hand_detect] IN: hand_detect 1920x1080 → OUT: detected=false landmarks=nil confidence=0
[2026-06-15 09:26:28] [face_detect] IN: face_detect → OUT: detected=false landmarks=nil roll=nil pitch=nil yaw=nil (3746ms)
[2026-06-15 09:26:28] [hand_detect] IN: hand_detect 1920x1080 → OUT: detected=false landmarks=nil confidence=0
[2026-06-15 09:26:28] [face_detect] IN: face_detect → OUT: detected=false landmarks=nil roll=nil pitch=nil yaw=nil (2911ms)
[2026-06-15 09:26:28] [hand_detect] IN: hand_detect 1920x1080 → OUT: detected=false landmarks=nil confidence=0
[2026-06-15 09:26:28] [face_detect] IN: face_detect → OUT: detected=false landmarks=nil roll=nil pitch=nil yaw=nil (2498ms)
[2026-06-15 09:26:28] [hand_detect] IN: hand_detect 1920x1080 → OUT: detected=false landmarks=nil confidence=0
[2026-06-15 09:26:28] [face_detect] IN: face_detect → OUT: detected=false landmarks=nil roll=nil pitch=nil yaw=nil (2786ms)
[2026-06-15 09:26:28] [hand_detect] IN: hand_detect 1920x1080 → OUT: detected=false landmarks=nil confidence=0
[2026-06-15 09:26:28] [face_detect] IN: face_detect → OUT: detected=false landmarks=nil roll=nil pitch=nil yaw=nil (3247ms)
[2026-06-15 09:26:28] [hand_detect] IN: hand_detect 1920x1080 → OUT: detected=false landmarks=nil confidence=0
[2026-06-15 09:26:28] [face_detect] IN: face_detect → OUT: detected=false landmarks=nil roll=nil pitch=nil yaw=nil (3451ms)
[2026-06-15 09:26:28] [hand_detect] IN: hand_detect 1920x1080 → OUT: detected=false landmarks=nil confidence=0
[2026-06-15 09:26:28] [face_detect] IN: face_detect → OUT: detected=false landmarks=nil roll=nil pitch=nil yaw=nil (3637ms)
[2026-06-15 09:26:28] [hand_detect] IN: hand_detect 1920x1080 → OUT: detected=false landmarks=nil confidence=0
[2026-06-15 09:26:28] [face_detect] IN: face_detect → OUT: detected=false landmarks=nil roll=nil pitch=nil yaw=nil (3836ms)
[2026-06-15 09:26:28] [hand_detect] IN: hand_detect 1920x1080 → OUT: detected=false landmarks=nil confidence=0
[2026-06-15 09:26:28] [face_detect] IN: face_detect → OUT: detected=false landmarks=nil roll=nil pitch=nil yaw=nil (3661ms)
[2026-06-15 09:26:28] [hand_detect] IN: hand_detect 1920x1080 → OUT: detected=false landmarks=nil confidence=0
[2026-06-15 09:26:28] [face_detect] IN: face_detect → OUT: detected=false landmarks=nil roll=nil pitch=nil yaw=nil (8625ms)
[2026-06-15 09:26:28] [hand_detect] IN: hand_detect 1920x1080 → OUT: detected=false landmarks=nil confidence=0
[2026-06-15 09:26:28] [face_detect] IN: face_detect → OUT: detected=false landmarks=nil roll=nil pitch=nil yaw=nil (8332ms)
[2026-06-15 09:26:28] [hand_detect] IN: hand_detect 1920x1080 → OUT: detected=false landmarks=nil confidence=0
[2026-06-15 09:26:28] [face_detect] IN: face_detect → OUT: detected=false landmarks=nil roll=nil pitch=nil yaw=nil (3260ms)
[2026-06-15 09:26:28] [hand_detect] IN: hand_detect 1920x1080 → OUT: detected=false landmarks=nil confidence=0
[2026-06-15 09:26:28] [face_detect] IN: face_detect → OUT: detected=false landmarks=nil roll=nil pitch=nil yaw=nil (2801ms)
[2026-06-15 09:26:28] [hand_detect] IN: hand_detect 1920x1080 → OUT: detected=false landmarks=nil confidence=0
[2026-06-15 09:26:28] [axMatch] IN: cursor=(819,994) → OUT: lost (0ms)
[2026-06-15 09:26:28] [face_detect] IN: face_detect → OUT: detected=false landmarks=nil roll=nil pitch=nil yaw=nil (4667ms)
[2026-06-15 09:26:28] [hand_detect] IN: hand_detect 1920x1080 → OUT: detected=false landmarks=nil confidence=0
[2026-06-15 09:26:28] [face_detect] IN: face_detect → OUT: detected=false landmarks=nil roll=nil pitch=nil yaw=nil (2859ms)
[2026-06-15 09:26:28] [hand_detect] IN: hand_detect 1920x1080 → OUT: detected=false landmarks=nil confidence=0
[2026-06-15 09:26:28] [face_detect] IN: face_detect → OUT: detected=false landmarks=nil roll=nil pitch=nil yaw=nil (2609ms)
[2026-06-15 09:26:28] [hand_detect] IN: hand_detect 1920x1080 → OUT: detected=false landmarks=nil confidence=0
[2026-06-15 09:26:28] [face_detect] IN: face_detect → OUT: detected=false landmarks=nil roll=nil pitch=nil yaw=nil (2809ms)
[2026-06-15 09:26:28] [hand_detect] IN: hand_detect 1920x1080 → OUT: detected=false landmarks=nil confidence=0
[2026-06-15 09:26:28] [face_detect] IN: face_detect → OUT: detected=false landmarks=nil roll=nil pitch=nil yaw=nil (3010ms)
[2026-06-15 09:26:28] [hand_detect] IN: hand_detect 1920x1080 → OUT: detected=false landmarks=nil confidence=0
[2026-06-15 09:26:28] [face_detect] IN: face_detect → OUT: detected=false landmarks=nil roll=nil pitch=nil yaw=nil (2799ms)
[2026-06-15 09:26:29] [hand_detect] IN: hand_detect 1920x1080 → OUT: detected=false landmarks=nil confidence=0
[2026-06-15 09:26:29] [face_detect] IN: face_detect → OUT: detected=false landmarks=nil roll=nil pitch=nil yaw=nil (2714ms)
[2026-06-15 09:26:29] [hand_detect] IN: hand_detect 1920x1080 → OUT: detected=false landmarks=nil confidence=0
[2026-06-15 09:26:29] [face_detect] IN: face_detect → OUT: detected=false landmarks=nil roll=nil pitch=nil yaw=nil (2835ms)
[2026-06-15 09:26:29] [hand_detect] IN: hand_detect 1920x1080 → OUT: detected=false landmarks=nil confidence=0
[2026-06-15 09:26:29] [face_detect] IN: face_detect → OUT: detected=false landmarks=nil roll=nil pitch=nil yaw=nil (2655ms)
[2026-06-15 09:26:29] [hand_detect] IN: hand_detect 1920x1080 → OUT: detected=false landmarks=nil confidence=0
[2026-06-15 09:26:29] [face_detect] IN: face_detect → OUT: detected=false landmarks=nil roll=nil pitch=nil yaw=nil (2632ms)
[2026-06-15 09:26:29] [hand_detect] IN: hand_detect 1920x1080 → OUT: detected=false landmarks=nil confidence=0
[2026-06-15 09:26:29] [face_detect] IN: face_detect → OUT: detected=false landmarks=nil roll=nil pitch=nil yaw=nil (2634ms)
[2026-06-15 09:26:29] [hand_detect] IN: hand_detect 1920x1080 → OUT: detected=false landmarks=nil confidence=0
[2026-06-15 09:26:29] [face_detect] IN: face_detect → OUT: detected=false landmarks=nil roll=nil pitch=nil yaw=nil (2526ms)
[2026-06-15 09:26:29] [hand_detect] IN: hand_detect 1920x1080 → OUT: detected=false landmarks=nil confidence=0
[2026-06-15 09:26:29] [face_detect] IN: face_detect → OUT: detected=false landmarks=nil roll=nil pitch=nil yaw=nil (2820ms)
[2026-06-15 09:26:29] [hand_detect] IN: hand_detect 1920x1080 → OUT: detected=false landmarks=nil confidence=0
[2026-06-15 09:26:29] [face_detect] IN: face_detect → OUT: detected=false landmarks=nil roll=nil pitch=nil yaw=nil (2740ms)
[2026-06-15 09:26:29] [hand_detect] IN: hand_detect 1920x1080 → OUT: detected=false landmarks=nil confidence=0
[2026-06-15 09:26:29] [face_detect] IN: face_detect → OUT: detected=false landmarks=nil roll=nil pitch=nil yaw=nil (2622ms)
[2026-06-15 09:26:29] [hand_detect] IN: hand_detect 1920x1080 → OUT: detected=false landmarks=nil confidence=0
[2026-06-15 09:26:29] [face_detect] IN: face_detect → OUT: detected=false landmarks=nil roll=nil pitch=nil yaw=nil (2645ms)
[2026-06-15 09:26:29] [hand_detect] IN: hand_detect 1920x1080 → OUT: detected=false landmarks=nil confidence=0
[2026-06-15 09:26:29] [face_detect] IN: face_detect → OUT: detected=false landmarks=nil roll=nil pitch=nil yaw=nil (3320ms)
[2026-06-15 09:26:29] [hand_detect] IN: hand_detect 1920x1080 → OUT: detected=false landmarks=nil confidence=0
[2026-06-15 09:26:29] [face_detect] IN: face_detect → OUT: detected=false landmarks=nil roll=nil pitch=nil yaw=nil (2722ms)
[2026-06-15 09:26:29] [hand_detect] IN: hand_detect 1920x1080 → OUT: detected=false landmarks=nil confidence=0
[2026-06-15 09:26:29] [face_detect] IN: face_detect → OUT: detected=false landmarks=nil roll=nil pitch=nil yaw=nil (2650ms)
[2026-06-15 09:26:29] [hand_detect] IN: hand_detect 1920x1080 → OUT: detected=false landmarks=nil confidence=0
[2026-06-15 09:26:29] [face_detect] IN: face_detect → OUT: detected=false landmarks=nil roll=nil pitch=nil yaw=nil (2591ms)
[2026-06-15 09:26:29] [hand_detect] IN: hand_detect 1920x1080 → OUT: detected=false landmarks=nil confidence=0
[2026-06-15 09:26:29] [face_detect] IN: face_detect → OUT: detected=false landmarks=nil roll=nil pitch=nil yaw=nil (3111ms)
[2026-06-15 09:26:29] [hand_detect] IN: hand_detect 1920x1080 → OUT: detected=false landmarks=nil confidence=0
[2026-06-15 09:26:29] [face_detect] IN: face_detect → OUT: detected=false landmarks=nil roll=nil pitch=nil yaw=nil (2836ms)
[2026-06-15 09:26:29] [axScan] IN: windows=23 → OUT: raw=2165 visible=1739 (1229ms)
[2026-06-15 09:26:29] [hand_detect] IN: hand_detect 1920x1080 → OUT: detected=false landmarks=nil confidence=0
[2026-06-15 09:26:29] [face_detect] IN: face_detect → OUT: detected=false landmarks=nil roll=nil pitch=nil yaw=nil (2614ms)
[2026-06-15 09:26:29] [hand_detect] IN: hand_detect 1920x1080 → OUT: detected=false landmarks=nil confidence=0
[2026-06-15 09:26:29] [face_detect] IN: face_detect → OUT: detected=false landmarks=nil roll=nil pitch=nil yaw=nil (2691ms)
[2026-06-15 09:26:29] [hand_detect] IN: hand_detect 1920x1080 → OUT: detected=false landmarks=nil confidence=0
[2026-06-15 09:26:29] [face_detect] IN: face_detect → OUT: detected=false landmarks=nil roll=nil pitch=nil yaw=nil (2829ms)
[2026-06-15 09:26:29] [hand_detect] IN: hand_detect 1920x1080 → OUT: detected=false landmarks=nil confidence=0
[2026-06-15 09:26:29] [face_detect] IN: face_detect → OUT: detected=false landmarks=nil roll=nil pitch=nil yaw=nil (2655ms)
[2026-06-15 09:26:29] [hand_detect] IN: hand_detect 1920x1080 → OUT: detected=false landmarks=nil confidence=0
[2026-06-15 09:26:29] [face_detect] IN: face_detect → OUT: detected=false landmarks=nil roll=nil pitch=nil yaw=nil (2768ms)
[2026-06-15 09:26:29] [hand_detect] IN: hand_detect 1920x1080 → OUT: detected=false landmarks=nil confidence=0
[2026-06-15 09:26:29] [face_detect] IN: face_detect → OUT: detected=false landmarks=nil roll=nil pitch=nil yaw=nil (2765ms)
[2026-06-15 09:26:29] [hand_detect] IN: hand_detect 1920x1080 → OUT: detected=false landmarks=nil confidence=0
[2026-06-15 09:26:29] [face_detect] IN: face_detect → OUT: detected=false landmarks=nil roll=nil pitch=nil yaw=nil (2982ms)
[2026-06-15 09:26:29] [hand_detect] IN: hand_detect 1920x1080 → OUT: detected=false landmarks=nil confidence=0
[2026-06-15 09:26:29] [face_detect] IN: face_detect → OUT: detected=false landmarks=nil roll=nil pitch=nil yaw=nil (3129ms)
[2026-06-15 09:26:29] [axMatch] IN: cursor=(1226,894) → OUT: role=AXButton title=2 No (0ms)
[2026-06-15 09:26:29] [hand_detect] IN: hand_detect 1920x1080 → OUT: detected=false landmarks=nil confidence=0
[2026-06-15 09:26:29] [face_detect] IN: face_detect → OUT: detected=false landmarks=nil roll=nil pitch=nil yaw=nil (3310ms)
[2026-06-15 09:26:29] [hand_detect] IN: hand_detect 1920x1080 → OUT: detected=false landmarks=nil confidence=0
[2026-06-15 09:26:29] [face_detect] IN: face_detect → OUT: detected=false landmarks=nil roll=nil pitch=nil yaw=nil (3185ms)
[2026-06-15 09:26:29] [hand_detect] IN: hand_detect 1920x1080 → OUT: detected=false landmarks=nil confidence=0
[2026-06-15 09:26:29] [face_detect] IN: face_detect → OUT: detected=false landmarks=nil roll=nil pitch=nil yaw=nil (3085ms)
[2026-06-15 09:26:29] [hand_detect] IN: hand_detect 1920x1080 → OUT: detected=false landmarks=nil confidence=0
[2026-06-15 09:26:29] [face_detect] IN: face_detect → OUT: detected=false landmarks=nil roll=nil pitch=nil yaw=nil (2668ms)
[2026-06-15 09:26:29] [hand_detect] IN: hand_detect 1920x1080 → OUT: detected=false landmarks=nil confidence=0
[2026-06-15 09:26:29] [face_detect] IN: face_detect → OUT: detected=false landmarks=nil roll=nil pitch=nil yaw=nil (2544ms)
[2026-06-15 09:26:29] [hand_detect] IN: hand_detect 1920x1080 → OUT: detected=false landmarks=nil confidence=0
[2026-06-15 09:26:29] [face_detect] IN: face_detect → OUT: detected=false landmarks=nil roll=nil pitch=nil yaw=nil (2524ms)
[2026-06-15 09:26:30] [hand_detect] IN: hand_detect 1920x1080 → OUT: detected=false landmarks=nil confidence=0
[2026-06-15 09:26:30] [face_detect] IN: face_detect → OUT: detected=false landmarks=nil roll=nil pitch=nil yaw=nil (2570ms)
[2026-06-15 09:26:30] [hand_detect] IN: hand_detect 1920x1080 → OUT: detected=false landmarks=nil confidence=0
[2026-06-15 09:26:30] [face_detect] IN: face_detect → OUT: detected=false landmarks=nil roll=nil pitch=nil yaw=nil (2599ms)
[2026-06-15 09:26:30] [hand_detect] IN: hand_detect 1920x1080 → OUT: detected=false landmarks=nil confidence=0
[2026-06-15 09:26:30] [face_detect] IN: face_detect → OUT: detected=false landmarks=nil roll=nil pitch=nil yaw=nil (2657ms)
[2026-06-15 09:26:30] [hand_detect] IN: hand_detect 1920x1080 → OUT: detected=false landmarks=nil confidence=0
[2026-06-15 09:26:30] [face_detect] IN: face_detect → OUT: detected=false landmarks=nil roll=nil pitch=nil yaw=nil (2655ms)
[2026-06-15 09:26:30] [hand_detect] IN: hand_detect 1920x1080 → OUT: detected=false landmarks=nil confidence=0
[2026-06-15 09:26:30] [face_detect] IN: face_detect → OUT: detected=false landmarks=nil roll=nil pitch=nil yaw=nil (2673ms)
[2026-06-15 09:26:30] [hand_detect] IN: hand_detect 1920x1080 → OUT: detected=false landmarks=nil confidence=0
[2026-06-15 09:26:30] [face_detect] IN: face_detect → OUT: detected=false landmarks=nil roll=nil pitch=nil yaw=nil (2770ms)
[2026-06-15 09:26:30] [hand_detect] IN: hand_detect 1920x1080 → OUT: detected=false landmarks=nil confidence=0
[2026-06-15 09:26:30] [face_detect] IN: face_detect → OUT: detected=false landmarks=nil roll=nil pitch=nil yaw=nil (2647ms)
[2026-06-15 09:26:30] [hand_detect] IN: hand_detect 1920x1080 → OUT: detected=false landmarks=nil confidence=0
[2026-06-15 09:26:30] [face_detect] IN: face_detect → OUT: detected=false landmarks=nil roll=nil pitch=nil yaw=nil (2624ms)
[2026-06-15 09:26:30] [hand_detect] IN: hand_detect 1920x1080 → OUT: detected=false landmarks=nil confidence=0
[2026-06-15 09:26:30] [face_detect] IN: face_detect → OUT: detected=false landmarks=nil roll=nil pitch=nil yaw=nil (2681ms)
[2026-06-15 09:26:30] [axMatch] IN: cursor=(1203,830) → OUT: lost (0ms)
[2026-06-15 09:26:30] [hand_detect] IN: hand_detect 1920x1080 → OUT: detected=false landmarks=nil confidence=0
[2026-06-15 09:26:30] [face_detect] IN: face_detect → OUT: detected=false landmarks=nil roll=nil pitch=nil yaw=nil (2702ms)
[2026-06-15 09:26:30] [hand_detect] IN: hand_detect 1920x1080 → OUT: detected=false landmarks=nil confidence=0
[2026-06-15 09:26:30] [face_detect] IN: face_detect → OUT: detected=false landmarks=nil roll=nil pitch=nil yaw=nil (2791ms)
[2026-06-15 09:26:30] [hand_detect] IN: hand_detect 1920x1080 → OUT: detected=false landmarks=nil confidence=0
[2026-06-15 09:26:30] [face_detect] IN: face_detect → OUT: detected=false landmarks=nil roll=nil pitch=nil yaw=nil (2642ms)
[2026-06-15 09:26:30] [hand_detect] IN: hand_detect 1920x1080 → OUT: detected=false landmarks=nil confidence=0
[2026-06-15 09:26:30] [face_detect] IN: face_detect → OUT: detected=false landmarks=nil roll=nil pitch=nil yaw=nil (2789ms)
[2026-06-15 09:26:30] [hand_detect] IN: hand_detect 1920x1080 → OUT: detected=false landmarks=nil confidence=0
[2026-06-15 09:26:30] [face_detect] IN: face_detect → OUT: detected=false landmarks=nil roll=nil pitch=nil yaw=nil (2539ms)
[2026-06-15 09:26:30] [hand_detect] IN: hand_detect 1920x1080 → OUT: detected=false landmarks=nil confidence=0
[2026-06-15 09:26:30] [face_detect] IN: face_detect → OUT: detected=false landmarks=nil roll=nil pitch=nil yaw=nil (2655ms)
[2026-06-15 09:26:30] [hand_detect] IN: hand_detect 1920x1080 → OUT: detected=false landmarks=nil confidence=0
[2026-06-15 09:26:30] [face_detect] IN: face_detect → OUT: detected=false landmarks=nil roll=nil pitch=nil yaw=nil (2506ms)
[2026-06-15 09:26:30] [hand_detect] IN: hand_detect 1920x1080 → OUT: detected=false landmarks=nil confidence=0
[2026-06-15 09:26:30] [face_detect] IN: face_detect → OUT: detected=false landmarks=nil roll=nil pitch=nil yaw=nil (2630ms)
[2026-06-15 09:26:30] [hand_detect] IN: hand_detect 1920x1080 → OUT: detected=false landmarks=nil confidence=0
[2026-06-15 09:26:30] [face_detect] IN: face_detect → OUT: detected=false landmarks=nil roll=nil pitch=nil yaw=nil (2442ms)
[2026-06-15 09:26:30] [hand_detect] IN: hand_detect 1920x1080 → OUT: detected=false landmarks=nil confidence=0
[2026-06-15 09:26:30] [face_detect] IN: face_detect → OUT: detected=false landmarks=nil roll=nil pitch=nil yaw=nil (2632ms)
[2026-06-15 09:26:30] [hand_detect] IN: hand_detect 1920x1080 → OUT: detected=false landmarks=nil confidence=0
[2026-06-15 09:26:30] [face_detect] IN: face_detect → OUT: detected=false landmarks=nil roll=nil pitch=nil yaw=nil (2730ms)
[2026-06-15 09:26:30] [hand_detect] IN: hand_detect 1920x1080 → OUT: detected=false landmarks=nil confidence=0
[2026-06-15 09:26:30] [face_detect] IN: face_detect → OUT: detected=false landmarks=nil roll=nil pitch=nil yaw=nil (2570ms)
[2026-06-15 09:26:30] [axScan] IN: windows=23 → OUT: raw=2135 visible=1654 (904ms)
[2026-06-15 09:26:30] [hand_detect] IN: hand_detect 1920x1080 → OUT: detected=false landmarks=nil confidence=0
[2026-06-15 09:26:30] [face_detect] IN: face_detect → OUT: detected=false landmarks=nil roll=nil pitch=nil yaw=nil (5555ms)
[2026-06-15 09:26:30] [hand_detect] IN: hand_detect 1920x1080 → OUT: detected=false landmarks=nil confidence=0
[2026-06-15 09:26:30] [face_detect] IN: face_detect → OUT: detected=false landmarks=nil roll=nil pitch=nil yaw=nil (2938ms)
[2026-06-15 09:26:30] [hand_detect] IN: hand_detect 1920x1080 → OUT: detected=false landmarks=nil confidence=0
[2026-06-15 09:26:30] [face_detect] IN: face_detect → OUT: detected=false landmarks=nil roll=nil pitch=nil yaw=nil (2925ms)
[2026-06-15 09:26:30] [hand_detect] IN: hand_detect 1920x1080 → OUT: detected=false landmarks=nil confidence=0
[2026-06-15 09:26:30] [axMatch] IN: cursor=(1191,844) → OUT: role=AXButton title=1 Yes (0ms)
[2026-06-15 09:26:30] [face_detect] IN: face_detect → OUT: detected=false landmarks=nil roll=nil pitch=nil yaw=nil (3170ms)
[2026-06-15 09:26:30] [hand_detect] IN: hand_detect 1920x1080 → OUT: detected=false landmarks=nil confidence=0
[2026-06-15 09:26:30] [face_detect] IN: face_detect → OUT: detected=false landmarks=nil roll=nil pitch=nil yaw=nil (3087ms)
[2026-06-15 09:26:30] [hand_detect] IN: hand_detect 1920x1080 → OUT: detected=false landmarks=nil confidence=0
[2026-06-15 09:26:30] [face_detect] IN: face_detect → OUT: detected=false landmarks=nil roll=nil pitch=nil yaw=nil (3057ms)
[2026-06-15 09:26:30] [hand_detect] IN: hand_detect 1920x1080 → OUT: detected=false landmarks=nil confidence=0
[2026-06-15 09:26:30] [face_detect] IN: face_detect → OUT: detected=false landmarks=nil roll=nil pitch=nil yaw=nil (2660ms)
[2026-06-15 09:26:30] [hand_detect] IN: hand_detect 1920x1080 → OUT: detected=false landmarks=nil confidence=0
[2026-06-15 09:26:30] [face_detect] IN: face_detect → OUT: detected=false landmarks=nil roll=nil pitch=nil yaw=nil (2550ms)
[2026-06-15 09:26:30] [hand_detect] IN: hand_detect 1920x1080 → OUT: detected=false landmarks=nil confidence=0
[2026-06-15 09:26:30] [face_detect] IN: face_detect → OUT: detected=false landmarks=nil roll=nil pitch=nil yaw=nil (2554ms)
[2026-06-15 09:26:31] [hand_detect] IN: hand_detect 1920x1080 → OUT: detected=false landmarks=nil confidence=0
[2026-06-15 09:26:31] [face_detect] IN: face_detect → OUT: detected=false landmarks=nil roll=nil pitch=nil yaw=nil (3455ms)
[2026-06-15 09:26:31] [hand_detect] IN: hand_detect 1920x1080 → OUT: detected=false landmarks=nil confidence=0
[2026-06-15 09:26:31] [face_detect] IN: face_detect → OUT: detected=false landmarks=nil roll=nil pitch=nil yaw=nil (3062ms)
[2026-06-15 09:26:31] [hand_detect] IN: hand_detect 1920x1080 → OUT: detected=false landmarks=nil confidence=0
[2026-06-15 09:26:31] [face_detect] IN: face_detect → OUT: detected=false landmarks=nil roll=nil pitch=nil yaw=nil (3270ms)
[2026-06-15 09:26:31] [hand_detect] IN: hand_detect 1920x1080 → OUT: detected=false landmarks=nil confidence=0
[2026-06-15 09:26:31] [face_detect] IN: face_detect → OUT: detected=false landmarks=nil roll=nil pitch=nil yaw=nil (2876ms)
[2026-06-15 09:26:31] [hand_detect] IN: hand_detect 1920x1080 → OUT: detected=false landmarks=nil confidence=0
[2026-06-15 09:26:31] [face_detect] IN: face_detect → OUT: detected=false landmarks=nil roll=nil pitch=nil yaw=nil (2745ms)
[2026-06-15 09:26:31] [hand_detect] IN: hand_detect 1920x1080 → OUT: detected=false landmarks=nil confidence=0
[2026-06-15 09:26:31] [face_detect] IN: face_detect → OUT: detected=false landmarks=nil roll=nil pitch=nil yaw=nil (7636ms)
[2026-06-15 09:26:31] [hand_detect] IN: hand_detect 1920x1080 → OUT: detected=false landmarks=nil confidence=0
[2026-06-15 09:26:31] [face_detect] IN: face_detect → OUT: detected=false landmarks=nil roll=nil pitch=nil yaw=nil (4575ms)
[2026-06-15 09:26:31] [hand_detect] IN: hand_detect 1920x1080 → OUT: detected=false landmarks=nil confidence=0
[2026-06-15 09:26:31] [face_detect] IN: face_detect → OUT: detected=false landmarks=nil roll=nil pitch=nil yaw=nil (3103ms)
[2026-06-15 09:26:31] [hand_detect] IN: hand_detect 1920x1080 → OUT: detected=false landmarks=nil confidence=0
[2026-06-15 09:26:31] [face_detect] IN: face_detect → OUT: detected=false landmarks=nil roll=nil pitch=nil yaw=nil (2818ms)
[2026-06-15 09:26:31] [hand_detect] IN: hand_detect 1920x1080 → OUT: detected=false landmarks=nil confidence=0
[2026-06-15 09:26:31] [face_detect] IN: face_detect → OUT: detected=false landmarks=nil roll=nil pitch=nil yaw=nil (2804ms)
[2026-06-15 09:26:31] [hand_detect] IN: hand_detect 1920x1080 → OUT: detected=false landmarks=nil confidence=0
[2026-06-15 09:26:31] [face_detect] IN: face_detect → OUT: detected=false landmarks=nil roll=nil pitch=nil yaw=nil (2719ms)
[2026-06-15 09:26:31] [hand_detect] IN: hand_detect 1920x1080 → OUT: detected=false landmarks=nil confidence=0
[2026-06-15 09:26:31] [face_detect] IN: face_detect → OUT: detected=false landmarks=nil roll=nil pitch=nil yaw=nil (3677ms)
[2026-06-15 09:26:31] [hand_detect] IN: hand_detect 1920x1080 → OUT: detected=false landmarks=nil confidence=0
[2026-06-15 09:26:31] [face_detect] IN: face_detect → OUT: detected=false landmarks=nil roll=nil pitch=nil yaw=nil (2689ms)
[2026-06-15 09:26:31] [hand_detect] IN: hand_detect 1920x1080 → OUT: detected=false landmarks=nil confidence=0
[2026-06-15 09:26:31] [face_detect] IN: face_detect → OUT: detected=false landmarks=nil roll=nil pitch=nil yaw=nil (2613ms)
[2026-06-15 09:26:31] [hand_detect] IN: hand_detect 1920x1080 → OUT: detected=false landmarks=nil confidence=0
[2026-06-15 09:26:31] [face_detect] IN: face_detect → OUT: detected=false landmarks=nil roll=nil pitch=nil yaw=nil (2708ms)
[2026-06-15 09:26:31] [hand_detect] IN: hand_detect 1920x1080 → OUT: detected=false landmarks=nil confidence=0
[2026-06-15 09:26:31] [face_detect] IN: face_detect → OUT: detected=false landmarks=nil roll=nil pitch=nil yaw=nil (2637ms)
[2026-06-15 09:26:31] [hand_detect] IN: hand_detect 1920x1080 → OUT: detected=false landmarks=nil confidence=0
[2026-06-15 09:26:31] [face_detect] IN: face_detect → OUT: detected=false landmarks=nil roll=nil pitch=nil yaw=nil (2935ms)
[2026-06-15 09:26:31] [hand_detect] IN: hand_detect 1920x1080 → OUT: detected=false landmarks=nil confidence=0
[2026-06-15 09:26:31] [face_detect] IN: face_detect → OUT: detected=false landmarks=nil roll=nil pitch=nil yaw=nil (2753ms)
[2026-06-15 09:26:31] [hand_detect] IN: hand_detect 1920x1080 → OUT: detected=false landmarks=nil confidence=0
[2026-06-15 09:26:31] [face_detect] IN: face_detect → OUT: detected=false landmarks=nil roll=nil pitch=nil yaw=nil (2568ms)
[2026-06-15 09:26:31] [hand_detect] IN: hand_detect 1920x1080 → OUT: detected=false landmarks=nil confidence=0
[2026-06-15 09:26:31] [face_detect] IN: face_detect → OUT: detected=false landmarks=nil roll=nil pitch=nil yaw=nil (2742ms)
[2026-06-15 09:26:31] [hand_detect] IN: hand_detect 1920x1080 → OUT: detected=false landmarks=nil confidence=0
[2026-06-15 09:26:31] [face_detect] IN: face_detect → OUT: detected=false landmarks=nil roll=nil pitch=nil yaw=nil (2558ms)
[2026-06-15 09:26:31] [hand_detect] IN: hand_detect 1920x1080 → OUT: detected=false landmarks=nil confidence=0
[2026-06-15 09:26:31] [face_detect] IN: face_detect → OUT: detected=false landmarks=nil roll=nil pitch=nil yaw=nil (2851ms)
[2026-06-15 09:26:31] [hand_detect] IN: hand_detect 1920x1080 → OUT: detected=false landmarks=nil confidence=0
[2026-06-15 09:26:31] [face_detect] IN: face_detect → OUT: detected=false landmarks=nil roll=nil pitch=nil yaw=nil (2776ms)
[2026-06-15 09:26:31] [hand_detect] IN: hand_detect 1920x1080 → OUT: detected=false landmarks=nil confidence=0
[2026-06-15 09:26:31] [face_detect] IN: face_detect → OUT: detected=false landmarks=nil roll=nil pitch=nil yaw=nil (2682ms)
[2026-06-15 09:26:31] [hand_detect] IN: hand_detect 1920x1080 → OUT: detected=false landmarks=nil confidence=0
[2026-06-15 09:26:31] [axMatch] IN: cursor=(1169,958) → OUT: role=AXStaticText title= (0ms)
[2026-06-15 09:26:31] [face_detect] IN: face_detect → OUT: detected=false landmarks=nil roll=nil pitch=nil yaw=nil (2722ms)
[2026-06-15 09:26:31] [hand_detect] IN: hand_detect 1920x1080 → OUT: detected=false landmarks=nil confidence=0
[2026-06-15 09:26:31] [face_detect] IN: face_detect → OUT: detected=false landmarks=nil roll=nil pitch=nil yaw=nil (2782ms)
[2026-06-15 09:26:31] [axScan] IN: windows=23 → OUT: raw=2127 visible=1646 (1037ms)
[2026-06-15 09:26:31] [hand_detect] IN: hand_detect 1920x1080 → OUT: detected=false landmarks=nil confidence=0
[2026-06-15 09:26:31] [face_detect] IN: face_detect → OUT: detected=false landmarks=nil roll=nil pitch=nil yaw=nil (2608ms)
[2026-06-15 09:26:31] [hand_detect] IN: hand_detect 1920x1080 → OUT: detected=false landmarks=nil confidence=0
[2026-06-15 09:26:31] [face_detect] IN: face_detect → OUT: detected=false landmarks=nil roll=nil pitch=nil yaw=nil (2745ms)
[2026-06-15 09:26:31] [hand_detect] IN: hand_detect 1920x1080 → OUT: detected=false landmarks=nil confidence=0
[2026-06-15 09:26:31] [face_detect] IN: face_detect → OUT: detected=false landmarks=nil roll=nil pitch=nil yaw=nil (2662ms)
[2026-06-15 09:26:31] [hand_detect] IN: hand_detect 1920x1080 → OUT: detected=false landmarks=nil confidence=0
[2026-06-15 09:26:31] [face_detect] IN: face_detect → OUT: detected=false landmarks=nil roll=nil pitch=nil yaw=nil (2696ms)
[2026-06-15 09:26:32] [hand_detect] IN: hand_detect 1920x1080 → OUT: detected=false landmarks=nil confidence=0
[2026-06-15 09:26:32] [face_detect] IN: face_detect → OUT: detected=false landmarks=nil roll=nil pitch=nil yaw=nil (2740ms)
[2026-06-15 09:26:32] [hand_detect] IN: hand_detect 1920x1080 → OUT: detected=false landmarks=nil confidence=0
[2026-06-15 09:26:32] [face_detect] IN: face_detect → OUT: detected=false landmarks=nil roll=nil pitch=nil yaw=nil (3218ms)
[2026-06-15 09:26:32] [hand_detect] IN: hand_detect 1920x1080 → OUT: detected=false landmarks=nil confidence=0
[2026-06-15 09:26:32] [face_detect] IN: face_detect → OUT: detected=false landmarks=nil roll=nil pitch=nil yaw=nil (2946ms)
[2026-06-15 09:26:32] [hand_detect] IN: hand_detect 1920x1080 → OUT: detected=false landmarks=nil confidence=0
[2026-06-15 09:26:32] [face_detect] IN: face_detect → OUT: detected=false landmarks=nil roll=nil pitch=nil yaw=nil (3335ms)
[2026-06-15 09:26:32] [hand_detect] IN: hand_detect 1920x1080 → OUT: detected=false landmarks=nil confidence=0
[2026-06-15 09:26:32] [face_detect] IN: face_detect → OUT: detected=false landmarks=nil roll=nil pitch=nil yaw=nil (3304ms)
[2026-06-15 09:26:32] [hand_detect] IN: hand_detect 1920x1080 → OUT: detected=false landmarks=nil confidence=0
[2026-06-15 09:26:32] [face_detect] IN: face_detect → OUT: detected=false landmarks=nil roll=nil pitch=nil yaw=nil (3394ms)
[2026-06-15 09:26:32] [hand_detect] IN: hand_detect 1920x1080 → OUT: detected=false landmarks=nil confidence=0
[2026-06-15 09:26:32] [face_detect] IN: face_detect → OUT: detected=false landmarks=nil roll=nil pitch=nil yaw=nil (3538ms)
[2026-06-15 09:26:32] [hand_detect] IN: hand_detect 1920x1080 → OUT: detected=false landmarks=nil confidence=0
[2026-06-15 09:26:32] [face_detect] IN: face_detect → OUT: detected=false landmarks=nil roll=nil pitch=nil yaw=nil (3821ms)
[2026-06-15 09:26:32] [hand_detect] IN: hand_detect 1920x1080 → OUT: detected=false landmarks=nil confidence=0
[2026-06-15 09:26:32] [face_detect] IN: face_detect → OUT: detected=false landmarks=nil roll=nil pitch=nil yaw=nil (3670ms)
[2026-06-15 09:26:32] [axMatch] IN: cursor=(1191,1048) → OUT: role=AXDockItem title=预览 (0ms)
[2026-06-15 09:26:32] [hand_detect] IN: hand_detect 1920x1080 → OUT: detected=false landmarks=nil confidence=0
[2026-06-15 09:26:32] [face_detect] IN: face_detect → OUT: detected=false landmarks=nil roll=nil pitch=nil yaw=nil (3386ms)
[2026-06-15 09:26:32] [hand_detect] IN: hand_detect 1920x1080 → OUT: detected=false landmarks=nil confidence=0
[2026-06-15 09:26:32] [face_detect] IN: face_detect → OUT: detected=false landmarks=nil roll=nil pitch=nil yaw=nil (3132ms)
[2026-06-15 09:26:32] [hand_detect] IN: hand_detect 1920x1080 → OUT: detected=false landmarks=nil confidence=0
[2026-06-15 09:26:32] [face_detect] IN: face_detect → OUT: detected=false landmarks=nil roll=nil pitch=nil yaw=nil (2803ms)
[2026-06-15 09:26:32] [hand_detect] IN: hand_detect 1920x1080 → OUT: detected=false landmarks=nil confidence=0
[2026-06-15 09:26:32] [face_detect] IN: face_detect → OUT: detected=false landmarks=nil roll=nil pitch=nil yaw=nil (2707ms)
[2026-06-15 09:26:32] [hand_detect] IN: hand_detect 1920x1080 → OUT: detected=false landmarks=nil confidence=0
[2026-06-15 09:26:32] [face_detect] IN: face_detect → OUT: detected=false landmarks=nil roll=nil pitch=nil yaw=nil (2565ms)
[2026-06-15 09:26:32] [hand_detect] IN: hand_detect 1920x1080 → OUT: detected=false landmarks=nil confidence=0
[2026-06-15 09:26:32] [face_detect] IN: face_detect → OUT: detected=false landmarks=nil roll=nil pitch=nil yaw=nil (2588ms)
[2026-06-15 09:26:32] [hand_detect] IN: hand_detect 1920x1080 → OUT: detected=false landmarks=nil confidence=0
[2026-06-15 09:26:32] [face_detect] IN: face_detect → OUT: detected=false landmarks=nil roll=nil pitch=nil yaw=nil (2577ms)
[2026-06-15 09:26:32] [hand_detect] IN: hand_detect 1920x1080 → OUT: detected=false landmarks=nil confidence=0
[2026-06-15 09:26:32] [face_detect] IN: face_detect → OUT: detected=false landmarks=nil roll=nil pitch=nil yaw=nil (2583ms)
[2026-06-15 09:26:32] [hand_detect] IN: hand_detect 1920x1080 → OUT: detected=false landmarks=nil confidence=0
[2026-06-15 09:26:32] [face_detect] IN: face_detect → OUT: detected=false landmarks=nil roll=nil pitch=nil yaw=nil (2567ms)
[2026-06-15 09:26:32] [hand_detect] IN: hand_detect 1920x1080 → OUT: detected=false landmarks=nil confidence=0
[2026-06-15 09:26:32] [face_detect] IN: face_detect → OUT: detected=false landmarks=nil roll=nil pitch=nil yaw=nil (2660ms)
[2026-06-15 09:26:32] [hand_detect] IN: hand_detect 1920x1080 → OUT: detected=false landmarks=nil confidence=0
[2026-06-15 09:26:32] [face_detect] IN: face_detect → OUT: detected=false landmarks=nil roll=nil pitch=nil yaw=nil (2615ms)
[2026-06-15 09:26:32] [hand_detect] IN: hand_detect 1920x1080 → OUT: detected=false landmarks=nil confidence=0
[2026-06-15 09:26:32] [face_detect] IN: face_detect → OUT: detected=false landmarks=nil roll=nil pitch=nil yaw=nil (2919ms)
[2026-06-15 09:26:32] [hand_detect] IN: hand_detect 1920x1080 → OUT: detected=false landmarks=nil confidence=0
[2026-06-15 09:26:32] [face_detect] IN: face_detect → OUT: detected=false landmarks=nil roll=nil pitch=nil yaw=nil (2866ms)
[2026-06-15 09:26:32] [hand_detect] IN: hand_detect 1920x1080 → OUT: detected=false landmarks=nil confidence=0
[2026-06-15 09:26:32] [face_detect] IN: face_detect → OUT: detected=false landmarks=nil roll=nil pitch=nil yaw=nil (2760ms)
[2026-06-15 09:26:32] [hand_detect] IN: hand_detect 1920x1080 → OUT: detected=false landmarks=nil confidence=0
[2026-06-15 09:26:32] [face_detect] IN: face_detect → OUT: detected=false landmarks=nil roll=nil pitch=nil yaw=nil (2617ms)
[2026-06-15 09:26:32] [axMatch] IN: cursor=(293,1018) → OUT: role=AXDockItem title=访达 (0ms)
[2026-06-15 09:26:32] [hand_detect] IN: hand_detect 1920x1080 → OUT: detected=false landmarks=nil confidence=0
[2026-06-15 09:26:32] [face_detect] IN: face_detect → OUT: detected=false landmarks=nil roll=nil pitch=nil yaw=nil (2593ms)
[2026-06-15 09:26:32] [hand_detect] IN: hand_detect 1920x1080 → OUT: detected=false landmarks=nil confidence=0
[2026-06-15 09:26:32] [face_detect] IN: face_detect → OUT: detected=false landmarks=nil roll=nil pitch=nil yaw=nil (2609ms)
[2026-06-15 09:26:32] [hand_detect] IN: hand_detect 1920x1080 → OUT: detected=false landmarks=nil confidence=0
[2026-06-15 09:26:32] [face_detect] IN: face_detect → OUT: detected=false landmarks=nil roll=nil pitch=nil yaw=nil (2761ms)
[2026-06-15 09:26:32] [hand_detect] IN: hand_detect 1920x1080 → OUT: detected=false landmarks=nil confidence=0
[2026-06-15 09:26:32] [face_detect] IN: face_detect → OUT: detected=false landmarks=nil roll=nil pitch=nil yaw=nil (2552ms)
[2026-06-15 09:26:32] [hand_detect] IN: hand_detect 1920x1080 → OUT: detected=false landmarks=nil confidence=0
[2026-06-15 09:26:32] [face_detect] IN: face_detect → OUT: detected=false landmarks=nil roll=nil pitch=nil yaw=nil (2532ms)
[2026-06-15 09:26:32] [hand_detect] IN: hand_detect 1920x1080 → OUT: detected=false landmarks=nil confidence=0
[2026-06-15 09:26:32] [face_detect] IN: face_detect → OUT: detected=false landmarks=nil roll=nil pitch=nil yaw=nil (3288ms)
[2026-06-15 09:26:33] [hand_detect] IN: hand_detect 1920x1080 → OUT: detected=false landmarks=nil confidence=0
[2026-06-15 09:26:33] [face_detect] IN: face_detect → OUT: detected=false landmarks=nil roll=nil pitch=nil yaw=nil (2599ms)
[2026-06-15 09:26:33] [hand_detect] IN: hand_detect 1920x1080 → OUT: detected=false landmarks=nil confidence=0
[2026-06-15 09:26:33] [face_detect] IN: face_detect → OUT: detected=false landmarks=nil roll=nil pitch=nil yaw=nil (2717ms)
[2026-06-15 09:26:33] [hand_detect] IN: hand_detect 1920x1080 → OUT: detected=false landmarks=nil confidence=0
[2026-06-15 09:26:33] [face_detect] IN: face_detect → OUT: detected=false landmarks=nil roll=nil pitch=nil yaw=nil (2600ms)
[2026-06-15 09:26:33] [hand_detect] IN: hand_detect 1920x1080 → OUT: detected=false landmarks=nil confidence=0
[2026-06-15 09:26:33] [face_detect] IN: face_detect → OUT: detected=false landmarks=nil roll=nil pitch=nil yaw=nil (3206ms)
[2026-06-15 09:26:33] [hand_detect] IN: hand_detect 1920x1080 → OUT: detected=false landmarks=nil confidence=0
[2026-06-15 09:26:33] [face_detect] IN: face_detect → OUT: detected=false landmarks=nil roll=nil pitch=nil yaw=nil (2596ms)
[2026-06-15 09:26:33] [hand_detect] IN: hand_detect 1920x1080 → OUT: detected=false landmarks=nil confidence=0
[2026-06-15 09:26:33] [face_detect] IN: face_detect → OUT: detected=false landmarks=nil roll=nil pitch=nil yaw=nil (2714ms)
[2026-06-15 09:26:33] [axScan] IN: windows=23 → OUT: raw=2163 visible=1682 (874ms)
[2026-06-15 09:26:33] [hand_detect] IN: hand_detect 1920x1080 → OUT: detected=false landmarks=nil confidence=0
[2026-06-15 09:26:33] [face_detect] IN: face_detect → OUT: detected=false landmarks=nil roll=nil pitch=nil yaw=nil (2910ms)
[2026-06-15 09:26:33] [hand_detect] IN: hand_detect 1920x1080 → OUT: detected=false landmarks=nil confidence=0
[2026-06-15 09:26:33] [face_detect] IN: face_detect → OUT: detected=false landmarks=nil roll=nil pitch=nil yaw=nil (3037ms)
[2026-06-15 09:26:33] [hand_detect] IN: hand_detect 1920x1080 → OUT: detected=false landmarks=nil confidence=0
[2026-06-15 09:26:33] [face_detect] IN: face_detect → OUT: detected=false landmarks=nil roll=nil pitch=nil yaw=nil (3229ms)
[2026-06-15 09:26:33] [axMatch] IN: cursor=(0,214) → OUT: lost (0ms)
[2026-06-15 09:26:33] [hand_detect] IN: hand_detect 1920x1080 → OUT: detected=false landmarks=nil confidence=0
[2026-06-15 09:26:33] [face_detect] IN: face_detect → OUT: detected=false landmarks=nil roll=nil pitch=nil yaw=nil (3344ms)
[2026-06-15 09:26:33] [hand_detect] IN: hand_detect 1920x1080 → OUT: detected=false landmarks=nil confidence=0
[2026-06-15 09:26:33] [face_detect] IN: face_detect → OUT: detected=false landmarks=nil roll=nil pitch=nil yaw=nil (3361ms)
[2026-06-15 09:26:33] [hand_detect] IN: hand_detect 1920x1080 → OUT: detected=false landmarks=nil confidence=0
[2026-06-15 09:26:33] [face_detect] IN: face_detect → OUT: detected=false landmarks=nil roll=nil pitch=nil yaw=nil (3116ms)
[2026-06-15 09:26:33] [hand_detect] IN: hand_detect 1920x1080 → OUT: detected=false landmarks=nil confidence=0
[2026-06-15 09:26:33] [face_detect] IN: face_detect → OUT: detected=false landmarks=nil roll=nil pitch=nil yaw=nil (2740ms)
[2026-06-15 09:26:33] [hand_detect] IN: hand_detect 1920x1080 → OUT: detected=false landmarks=nil confidence=0
[2026-06-15 09:26:33] [face_detect] IN: face_detect → OUT: detected=false landmarks=nil roll=nil pitch=nil yaw=nil (2550ms)
[2026-06-15 09:26:33] [hand_detect] IN: hand_detect 1920x1080 → OUT: detected=false landmarks=nil confidence=0
[2026-06-15 09:26:33] [face_detect] IN: face_detect → OUT: detected=false landmarks=nil roll=nil pitch=nil yaw=nil (2672ms)
[2026-06-15 09:26:33] [hand_detect] IN: hand_detect 1920x1080 → OUT: detected=false landmarks=nil confidence=0
[2026-06-15 09:26:33] [face_detect] IN: face_detect → OUT: detected=false landmarks=nil roll=nil pitch=nil yaw=nil (2586ms)
[2026-06-15 09:26:33] [hand_detect] IN: hand_detect 1920x1080 → OUT: detected=false landmarks=nil confidence=0
[2026-06-15 09:26:33] [face_detect] IN: face_detect → OUT: detected=false landmarks=nil roll=nil pitch=nil yaw=nil (2729ms)
[2026-06-15 09:26:33] [hand_detect] IN: hand_detect 1920x1080 → OUT: detected=false landmarks=nil confidence=0
[2026-06-15 09:26:33] [face_detect] IN: face_detect → OUT: detected=false landmarks=nil roll=nil pitch=nil yaw=nil (2629ms)
[2026-06-15 09:26:33] [hand_detect] IN: hand_detect 1920x1080 → OUT: detected=false landmarks=nil confidence=0
[2026-06-15 09:26:33] [face_detect] IN: face_detect → OUT: detected=false landmarks=nil roll=nil pitch=nil yaw=nil (2760ms)
[2026-06-15 09:26:33] [hand_detect] IN: hand_detect 1920x1080 → OUT: detected=false landmarks=nil confidence=0
[2026-06-15 09:26:33] [face_detect] IN: face_detect → OUT: detected=false landmarks=nil roll=nil pitch=nil yaw=nil (2658ms)
[2026-06-15 09:26:33] [hand_detect] IN: hand_detect 1920x1080 → OUT: detected=false landmarks=nil confidence=0
[2026-06-15 09:26:33] [face_detect] IN: face_detect → OUT: detected=false landmarks=nil roll=nil pitch=nil yaw=nil (2659ms)
[2026-06-15 09:26:33] [hand_detect] IN: hand_detect 1920x1080 → OUT: detected=false landmarks=nil confidence=0
[2026-06-15 09:26:33] [face_detect] IN: face_detect → OUT: detected=false landmarks=nil roll=nil pitch=nil yaw=nil (2675ms)
[2026-06-15 09:26:33] [hand_detect] IN: hand_detect 1920x1080 → OUT: detected=false landmarks=nil confidence=0
[2026-06-15 09:26:33] [face_detect] IN: face_detect → OUT: detected=false landmarks=nil roll=nil pitch=nil yaw=nil (2600ms)
[2026-06-15 09:26:33] [hand_detect] IN: hand_detect 1920x1080 → OUT: detected=false landmarks=nil confidence=0
[2026-06-15 09:26:33] [face_detect] IN: face_detect → OUT: detected=false landmarks=nil roll=nil pitch=nil yaw=nil (2715ms)
[2026-06-15 09:26:33] [hand_detect] IN: hand_detect 1920x1080 → OUT: detected=false landmarks=nil confidence=0
[2026-06-15 09:26:33] [axMatch] IN: cursor=(54,0) → OUT: role=AXMenuBarItem title=Code (0ms)
[2026-06-15 09:26:33] [face_detect] IN: face_detect → OUT: detected=false landmarks=nil roll=nil pitch=nil yaw=nil (2702ms)
[2026-06-15 09:26:33] [hand_detect] IN: hand_detect 1920x1080 → OUT: detected=false landmarks=nil confidence=0
[2026-06-15 09:26:33] [face_detect] IN: face_detect → OUT: detected=false landmarks=nil roll=nil pitch=nil yaw=nil (2696ms)
[2026-06-15 09:26:33] [hand_detect] IN: hand_detect 1920x1080 → OUT: detected=false landmarks=nil confidence=0
[2026-06-15 09:26:33] [face_detect] IN: face_detect → OUT: detected=false landmarks=nil roll=nil pitch=nil yaw=nil (2526ms)
[2026-06-15 09:26:33] [hand_detect] IN: hand_detect 1920x1080 → OUT: detected=false landmarks=nil confidence=0
[2026-06-15 09:26:33] [face_detect] IN: face_detect → OUT: detected=false landmarks=nil roll=nil pitch=nil yaw=nil (2521ms)
[2026-06-15 09:26:33] [hand_detect] IN: hand_detect 1920x1080 → OUT: detected=false landmarks=nil confidence=0
[2026-06-15 09:26:33] [face_detect] IN: face_detect → OUT: detected=false landmarks=nil roll=nil pitch=nil yaw=nil (2569ms)
[2026-06-15 09:26:33] [hand_detect] IN: hand_detect 1920x1080 → OUT: detected=false landmarks=nil confidence=0
[2026-06-15 09:26:33] [face_detect] IN: face_detect → OUT: detected=false landmarks=nil roll=nil pitch=nil yaw=nil (2440ms)
[2026-06-15 09:26:34] [hand_detect] IN: hand_detect 1920x1080 → OUT: detected=false landmarks=nil confidence=0
[2026-06-15 09:26:34] [face_detect] IN: face_detect → OUT: detected=false landmarks=nil roll=nil pitch=nil yaw=nil (2543ms)
[2026-06-15 09:26:34] [hand_detect] IN: hand_detect 1920x1080 → OUT: detected=false landmarks=nil confidence=0
[2026-06-15 09:26:34] [face_detect] IN: face_detect → OUT: detected=false landmarks=nil roll=nil pitch=nil yaw=nil (2526ms)
[2026-06-15 09:26:34] [hand_detect] IN: hand_detect 1920x1080 → OUT: detected=false landmarks=nil confidence=0
[2026-06-15 09:26:34] [face_detect] IN: face_detect → OUT: detected=false landmarks=nil roll=nil pitch=nil yaw=nil (3673ms)
[2026-06-15 09:26:34] [hand_detect] IN: hand_detect 1920x1080 → OUT: detected=false landmarks=nil confidence=0
[2026-06-15 09:26:34] [face_detect] IN: face_detect → OUT: detected=false landmarks=nil roll=nil pitch=nil yaw=nil (3298ms)
[2026-06-15 09:26:34] [hand_detect] IN: hand_detect 1920x1080 → OUT: detected=false landmarks=nil confidence=0
[2026-06-15 09:26:34] [face_detect] IN: face_detect → OUT: detected=false landmarks=nil roll=nil pitch=nil yaw=nil (2876ms)
[2026-06-15 09:26:34] [axScan] IN: windows=23 → OUT: raw=2163 visible=1682 (839ms)
[2026-06-15 09:26:34] [hand_detect] IN: hand_detect 1920x1080 → OUT: detected=false landmarks=nil confidence=0
[2026-06-15 09:26:34] [face_detect] IN: face_detect → OUT: detected=false landmarks=nil roll=nil pitch=nil yaw=nil (2761ms)
[2026-06-15 09:26:34] [hand_detect] IN: hand_detect 1920x1080 → OUT: detected=false landmarks=nil confidence=0
[2026-06-15 09:26:34] [face_detect] IN: face_detect → OUT: detected=false landmarks=nil roll=nil pitch=nil yaw=nil (2978ms)
[2026-06-15 09:26:34] [hand_detect] IN: hand_detect 1920x1080 → OUT: detected=false landmarks=nil confidence=0
[2026-06-15 09:26:34] [face_detect] IN: face_detect → OUT: detected=false landmarks=nil roll=nil pitch=nil yaw=nil (2875ms)
[2026-06-15 09:26:34] [hand_detect] IN: hand_detect 1920x1080 → OUT: detected=false landmarks=nil confidence=0
[2026-06-15 09:26:34] [face_detect] IN: face_detect → OUT: detected=false landmarks=nil roll=nil pitch=nil yaw=nil (2925ms)
[2026-06-15 09:26:34] [hand_detect] IN: hand_detect 1920x1080 → OUT: detected=false landmarks=nil confidence=0
[2026-06-15 09:26:34] [axMatch] IN: cursor=(46,61) → OUT: lost (0ms)
[2026-06-15 09:26:34] [face_detect] IN: face_detect → OUT: detected=false landmarks=nil roll=nil pitch=nil yaw=nil (3118ms)
[2026-06-15 09:26:34] [hand_detect] IN: hand_detect 1920x1080 → OUT: detected=false landmarks=nil confidence=0
[2026-06-15 09:26:34] [face_detect] IN: face_detect → OUT: detected=false landmarks=nil roll=nil pitch=nil yaw=nil (3010ms)
[2026-06-15 09:26:34] [hand_detect] IN: hand_detect 1920x1080 → OUT: detected=false landmarks=nil confidence=0
[2026-06-15 09:26:34] [face_detect] IN: face_detect → OUT: detected=false landmarks=nil roll=nil pitch=nil yaw=nil (3173ms)
[2026-06-15 09:26:34] [hand_detect] IN: hand_detect 1920x1080 → OUT: detected=false landmarks=nil confidence=0
[2026-06-15 09:26:34] [face_detect] IN: face_detect → OUT: detected=false landmarks=nil roll=nil pitch=nil yaw=nil (2730ms)
[2026-06-15 09:26:34] [hand_detect] IN: hand_detect 1920x1080 → OUT: detected=false landmarks=nil confidence=0
[2026-06-15 09:26:34] [face_detect] IN: face_detect → OUT: detected=false landmarks=nil roll=nil pitch=nil yaw=nil (2627ms)
[2026-06-15 09:26:34] [hand_detect] IN: hand_detect 1920x1080 → OUT: detected=false landmarks=nil confidence=0
[2026-06-15 09:26:34] [face_detect] IN: face_detect → OUT: detected=false landmarks=nil roll=nil pitch=nil yaw=nil (2688ms)
[2026-06-15 09:26:34] [hand_detect] IN: hand_detect 1920x1080 → OUT: detected=false landmarks=nil confidence=0
[2026-06-15 09:26:34] [face_detect] IN: face_detect → OUT: detected=false landmarks=nil roll=nil pitch=nil yaw=nil (2660ms)
[2026-06-15 09:26:34] [hand_detect] IN: hand_detect 1920x1080 → OUT: detected=false landmarks=nil confidence=0
[2026-06-15 09:26:34] [face_detect] IN: face_detect → OUT: detected=false landmarks=nil roll=nil pitch=nil yaw=nil (2689ms)
[2026-06-15 09:26:34] [hand_detect] IN: hand_detect 1920x1080 → OUT: detected=false landmarks=nil confidence=0
[2026-06-15 09:26:34] [face_detect] IN: face_detect → OUT: detected=false landmarks=nil roll=nil pitch=nil yaw=nil (2679ms)
[2026-06-15 09:26:34] [hand_detect] IN: hand_detect 1920x1080 → OUT: detected=false landmarks=nil confidence=0
[2026-06-15 09:26:34] [face_detect] IN: face_detect → OUT: detected=false landmarks=nil roll=nil pitch=nil yaw=nil (2467ms)
[2026-06-15 09:26:34] [hand_detect] IN: hand_detect 1920x1080 → OUT: detected=false landmarks=nil confidence=0
[2026-06-15 09:26:34] [face_detect] IN: face_detect → OUT: detected=false landmarks=nil roll=nil pitch=nil yaw=nil (2642ms)
[2026-06-15 09:26:34] [hand_detect] IN: hand_detect 1920x1080 → OUT: detected=false landmarks=nil confidence=0
[2026-06-15 09:26:34] [face_detect] IN: face_detect → OUT: detected=false landmarks=nil roll=nil pitch=nil yaw=nil (2671ms)
[2026-06-15 09:26:34] [hand_detect] IN: hand_detect 1920x1080 → OUT: detected=false landmarks=nil confidence=0
[2026-06-15 09:26:34] [face_detect] IN: face_detect → OUT: detected=false landmarks=nil roll=nil pitch=nil yaw=nil (2719ms)
[2026-06-15 09:26:34] [hand_detect] IN: hand_detect 1920x1080 → OUT: detected=false landmarks=nil confidence=0
[2026-06-15 09:26:34] [face_detect] IN: face_detect → OUT: detected=false landmarks=nil roll=nil pitch=nil yaw=nil (2655ms)
[2026-06-15 09:26:34] [hand_detect] IN: hand_detect 1920x1080 → OUT: detected=false landmarks=nil confidence=0
[2026-06-15 09:26:34] [face_detect] IN: face_detect → OUT: detected=false landmarks=nil roll=nil pitch=nil yaw=nil (2568ms)
[2026-06-15 09:26:34] [hand_detect] IN: hand_detect 1920x1080 → OUT: detected=false landmarks=nil confidence=0
[2026-06-15 09:26:34] [axMatch] IN: cursor=(44,48) → OUT: role=AXButton title= (0ms)
[2026-06-15 09:26:34] [face_detect] IN: face_detect → OUT: detected=false landmarks=nil roll=nil pitch=nil yaw=nil (3206ms)
[2026-06-15 09:26:34] [hand_detect] IN: hand_detect 1920x1080 → OUT: detected=false landmarks=nil confidence=0
[2026-06-15 09:26:34] [face_detect] IN: face_detect → OUT: detected=false landmarks=nil roll=nil pitch=nil yaw=nil (2732ms)
[2026-06-15 09:26:34] [hand_detect] IN: hand_detect 1920x1080 → OUT: detected=false landmarks=nil confidence=0
[2026-06-15 09:26:34] [face_detect] IN: face_detect → OUT: detected=false landmarks=nil roll=nil pitch=nil yaw=nil (3033ms)
[2026-06-15 09:26:34] [hand_detect] IN: hand_detect 1920x1080 → OUT: detected=false landmarks=nil confidence=0
[2026-06-15 09:26:34] [face_detect] IN: face_detect → OUT: detected=false landmarks=nil roll=nil pitch=nil yaw=nil (2815ms)
[2026-06-15 09:26:34] [hand_detect] IN: hand_detect 1920x1080 → OUT: detected=false landmarks=nil confidence=0
[2026-06-15 09:26:34] [face_detect] IN: face_detect → OUT: detected=false landmarks=nil roll=nil pitch=nil yaw=nil (2848ms)
[2026-06-15 09:26:34] [hand_detect] IN: hand_detect 1920x1080 → OUT: detected=false landmarks=nil confidence=0
[2026-06-15 09:26:34] [face_detect] IN: face_detect → OUT: detected=false landmarks=nil roll=nil pitch=nil yaw=nil (2652ms)
[2026-06-15 09:26:35] [hand_detect] IN: hand_detect 1920x1080 → OUT: detected=false landmarks=nil confidence=0
[2026-06-15 09:26:35] [face_detect] IN: face_detect → OUT: detected=false landmarks=nil roll=nil pitch=nil yaw=nil (2771ms)
[2026-06-15 09:26:35] [hand_detect] IN: hand_detect 1920x1080 → OUT: detected=false landmarks=nil confidence=0
[2026-06-15 09:26:35] [face_detect] IN: face_detect → OUT: detected=false landmarks=nil roll=nil pitch=nil yaw=nil (2660ms)
[2026-06-15 09:26:35] [hand_detect] IN: hand_detect 1920x1080 → OUT: detected=false landmarks=nil confidence=0
[2026-06-15 09:26:35] [face_detect] IN: face_detect → OUT: detected=false landmarks=nil roll=nil pitch=nil yaw=nil (2735ms)
[2026-06-15 09:26:35] [hand_detect] IN: hand_detect 1920x1080 → OUT: detected=false landmarks=nil confidence=0
[2026-06-15 09:26:35] [face_detect] IN: face_detect → OUT: detected=false landmarks=nil roll=nil pitch=nil yaw=nil (2871ms)
[2026-06-15 09:26:35] [hand_detect] IN: hand_detect 1920x1080 → OUT: detected=false landmarks=nil confidence=0
[2026-06-15 09:26:35] [face_detect] IN: face_detect → OUT: detected=false landmarks=nil roll=nil pitch=nil yaw=nil (2776ms)
[2026-06-15 09:26:35] [hand_detect] IN: hand_detect 1920x1080 → OUT: detected=false landmarks=nil confidence=0
[2026-06-15 09:26:35] [face_detect] IN: face_detect → OUT: detected=false landmarks=nil roll=nil pitch=nil yaw=nil (2692ms)
[2026-06-15 09:26:35] [hand_detect] IN: hand_detect 1920x1080 → OUT: detected=false landmarks=nil confidence=0
[2026-06-15 09:26:35] [face_detect] IN: face_detect → OUT: detected=false landmarks=nil roll=nil pitch=nil yaw=nil (3191ms)
[2026-06-15 09:26:35] [hand_detect] IN: hand_detect 1920x1080 → OUT: detected=false landmarks=nil confidence=0
[2026-06-15 09:26:35] [face_detect] IN: face_detect → OUT: detected=false landmarks=nil roll=nil pitch=nil yaw=nil (3022ms)
[2026-06-15 09:26:35] [hand_detect] IN: hand_detect 1920x1080 → OUT: detected=false landmarks=nil confidence=0
[2026-06-15 09:26:35] [face_detect] IN: face_detect → OUT: detected=false landmarks=nil roll=nil pitch=nil yaw=nil (2900ms)
[2026-06-15 09:26:35] [hand_detect] IN: hand_detect 1920x1080 → OUT: detected=false landmarks=nil confidence=0
[2026-06-15 09:26:35] [axMatch] IN: cursor=(743,113) → OUT: role=AXButton title= (0ms)
[2026-06-15 09:26:35] [face_detect] IN: face_detect → OUT: detected=false landmarks=nil roll=nil pitch=nil yaw=nil (3098ms)
[2026-06-15 09:26:35] [hand_detect] IN: hand_detect 1920x1080 → OUT: detected=false landmarks=nil confidence=0
[2026-06-15 09:26:35] [face_detect] IN: face_detect → OUT: detected=false landmarks=nil roll=nil pitch=nil yaw=nil (3737ms)
[2026-06-15 09:26:35] [hand_detect] IN: hand_detect 1920x1080 → OUT: detected=false landmarks=nil confidence=0
[2026-06-15 09:26:35] [face_detect] IN: face_detect → OUT: detected=false landmarks=nil roll=nil pitch=nil yaw=nil (3203ms)
[2026-06-15 09:26:35] [hand_detect] IN: hand_detect 1920x1080 → OUT: detected=false landmarks=nil confidence=0
[2026-06-15 09:26:35] [face_detect] IN: face_detect → OUT: detected=false landmarks=nil roll=nil pitch=nil yaw=nil (2846ms)
[2026-06-15 09:26:35] [hand_detect] IN: hand_detect 1920x1080 → OUT: detected=false landmarks=nil confidence=0
[2026-06-15 09:26:35] [face_detect] IN: face_detect → OUT: detected=false landmarks=nil roll=nil pitch=nil yaw=nil (3216ms)
[2026-06-15 09:26:35] [hand_detect] IN: hand_detect 1920x1080 → OUT: detected=false landmarks=nil confidence=0
[2026-06-15 09:26:35] [face_detect] IN: face_detect → OUT: detected=false landmarks=nil roll=nil pitch=nil yaw=nil (2827ms)
[2026-06-15 09:26:35] [hand_detect] IN: hand_detect 1920x1080 → OUT: detected=false landmarks=nil confidence=0
[2026-06-15 09:26:35] [face_detect] IN: face_detect → OUT: detected=false landmarks=nil roll=nil pitch=nil yaw=nil (2751ms)
[2026-06-15 09:26:35] [hand_detect] IN: hand_detect 1920x1080 → OUT: detected=false landmarks=nil confidence=0
[2026-06-15 09:26:35] [face_detect] IN: face_detect → OUT: detected=false landmarks=nil roll=nil pitch=nil yaw=nil (2503ms)
[2026-06-15 09:26:35] [hand_detect] IN: hand_detect 1920x1080 → OUT: detected=false landmarks=nil confidence=0
[2026-06-15 09:26:35] [face_detect] IN: face_detect → OUT: detected=false landmarks=nil roll=nil pitch=nil yaw=nil (2637ms)
[2026-06-15 09:26:35] [hand_detect] IN: hand_detect 1920x1080 → OUT: detected=false landmarks=nil confidence=0
[2026-06-15 09:26:35] [face_detect] IN: face_detect → OUT: detected=false landmarks=nil roll=nil pitch=nil yaw=nil (2578ms)
[2026-06-15 09:26:35] [hand_detect] IN: hand_detect 1920x1080 → OUT: detected=false landmarks=nil confidence=0
[2026-06-15 09:26:35] [face_detect] IN: face_detect → OUT: detected=false landmarks=nil roll=nil pitch=nil yaw=nil (2663ms)
[2026-06-15 09:26:35] [hand_detect] IN: hand_detect 1920x1080 → OUT: detected=false landmarks=nil confidence=0
[2026-06-15 09:26:35] [face_detect] IN: face_detect → OUT: detected=false landmarks=nil roll=nil pitch=nil yaw=nil (3327ms)
[2026-06-15 09:26:35] [hand_detect] IN: hand_detect 1920x1080 → OUT: detected=false landmarks=nil confidence=0
[2026-06-15 09:26:35] [face_detect] IN: face_detect → OUT: detected=false landmarks=nil roll=nil pitch=nil yaw=nil (3089ms)
[2026-06-15 09:26:35] [axScan] IN: windows=23 → OUT: raw=2165 visible=1684 (1419ms)
[2026-06-15 09:26:35] [hand_detect] IN: hand_detect 1920x1080 → OUT: detected=false landmarks=nil confidence=0
[2026-06-15 09:26:35] [face_detect] IN: face_detect → OUT: detected=false landmarks=nil roll=nil pitch=nil yaw=nil (2728ms)
[2026-06-15 09:26:35] [hand_detect] IN: hand_detect 1920x1080 → OUT: detected=false landmarks=nil confidence=0
[2026-06-15 09:26:35] [face_detect] IN: face_detect → OUT: detected=false landmarks=nil roll=nil pitch=nil yaw=nil (2443ms)
[2026-06-15 09:26:35] [hand_detect] IN: hand_detect 1920x1080 → OUT: detected=false landmarks=nil confidence=0
[2026-06-15 09:26:35] [axMatch] IN: cursor=(1310,63) → OUT: lost (0ms)
[2026-06-15 09:26:35] [face_detect] IN: face_detect → OUT: detected=false landmarks=nil roll=nil pitch=nil yaw=nil (2614ms)
[2026-06-15 09:26:35] [hand_detect] IN: hand_detect 1920x1080 → OUT: detected=false landmarks=nil confidence=0
[2026-06-15 09:26:35] [face_detect] IN: face_detect → OUT: detected=false landmarks=nil roll=nil pitch=nil yaw=nil (2634ms)
[2026-06-15 09:26:35] [hand_detect] IN: hand_detect 1920x1080 → OUT: detected=false landmarks=nil confidence=0
[2026-06-15 09:26:35] [face_detect] IN: face_detect → OUT: detected=false landmarks=nil roll=nil pitch=nil yaw=nil (2673ms)
[2026-06-15 09:26:35] [hand_detect] IN: hand_detect 1920x1080 → OUT: detected=false landmarks=nil confidence=0
[2026-06-15 09:26:35] [face_detect] IN: face_detect → OUT: detected=false landmarks=nil roll=nil pitch=nil yaw=nil (2593ms)
[2026-06-15 09:26:35] [hand_detect] IN: hand_detect 1920x1080 → OUT: detected=false landmarks=nil confidence=0
[2026-06-15 09:26:35] [face_detect] IN: face_detect → OUT: detected=false landmarks=nil roll=nil pitch=nil yaw=nil (3208ms)
[2026-06-15 09:26:35] [hand_detect] IN: hand_detect 1920x1080 → OUT: detected=false landmarks=nil confidence=0
[2026-06-15 09:26:35] [face_detect] IN: face_detect → OUT: detected=false landmarks=nil roll=nil pitch=nil yaw=nil (2915ms)
[2026-06-15 09:26:36] [hand_detect] IN: hand_detect 1920x1080 → OUT: detected=false landmarks=nil confidence=0
[2026-06-15 09:26:36] [face_detect] IN: face_detect → OUT: detected=false landmarks=nil roll=nil pitch=nil yaw=nil (3229ms)
[2026-06-15 09:26:36] [hand_detect] IN: hand_detect 1920x1080 → OUT: detected=false landmarks=nil confidence=0
[2026-06-15 09:26:36] [face_detect] IN: face_detect → OUT: detected=false landmarks=nil roll=nil pitch=nil yaw=nil (6722ms)
[2026-06-15 09:26:36] [hand_detect] IN: hand_detect 1920x1080 → OUT: detected=false landmarks=nil confidence=0
[2026-06-15 09:26:36] [face_detect] IN: face_detect → OUT: detected=false landmarks=nil roll=nil pitch=nil yaw=nil (2890ms)
[2026-06-15 09:26:36] [hand_detect] IN: hand_detect 1920x1080 → OUT: detected=false landmarks=nil confidence=0
[2026-06-15 09:26:36] [face_detect] IN: face_detect → OUT: detected=false landmarks=nil roll=nil pitch=nil yaw=nil (3187ms)
[2026-06-15 09:26:36] [hand_detect] IN: hand_detect 1920x1080 → OUT: detected=false landmarks=nil confidence=0
[2026-06-15 09:26:36] [face_detect] IN: face_detect → OUT: detected=false landmarks=nil roll=nil pitch=nil yaw=nil (2871ms)
[2026-06-15 09:26:36] [hand_detect] IN: hand_detect 1920x1080 → OUT: detected=false landmarks=nil confidence=0
[2026-06-15 09:26:36] [face_detect] IN: face_detect → OUT: detected=false landmarks=nil roll=nil pitch=nil yaw=nil (2905ms)
[2026-06-15 09:26:36] [hand_detect] IN: hand_detect 1920x1080 → OUT: detected=false landmarks=nil confidence=0
[2026-06-15 09:26:36] [face_detect] IN: face_detect → OUT: detected=false landmarks=nil roll=nil pitch=nil yaw=nil (3183ms)
[2026-06-15 09:26:36] [hand_detect] IN: hand_detect 1920x1080 → OUT: detected=false landmarks=nil confidence=0
[2026-06-15 09:26:36] [face_detect] IN: face_detect → OUT: detected=false landmarks=nil roll=nil pitch=nil yaw=nil (3023ms)
[2026-06-15 09:26:36] [hand_detect] IN: hand_detect 1920x1080 → OUT: detected=false landmarks=nil confidence=0
[2026-06-15 09:26:36] [face_detect] IN: face_detect → OUT: detected=false landmarks=nil roll=nil pitch=nil yaw=nil (3000ms)
[2026-06-15 09:26:36] [hand_detect] IN: hand_detect 1920x1080 → OUT: detected=false landmarks=nil confidence=0
[2026-06-15 09:26:36] [face_detect] IN: face_detect → OUT: detected=false landmarks=nil roll=nil pitch=nil yaw=nil (3315ms)
[2026-06-15 09:26:36] [hand_detect] IN: hand_detect 1920x1080 → OUT: detected=false landmarks=nil confidence=0
[2026-06-15 09:26:36] [face_detect] IN: face_detect → OUT: detected=false landmarks=nil roll=nil pitch=nil yaw=nil (5347ms)
[2026-06-15 09:26:36] [hand_detect] IN: hand_detect 1920x1080 → OUT: detected=false landmarks=nil confidence=0
[2026-06-15 09:26:36] [face_detect] IN: face_detect → OUT: detected=false landmarks=nil roll=nil pitch=nil yaw=nil (3946ms)
[2026-06-15 09:26:36] [hand_detect] IN: hand_detect 1920x1080 → OUT: detected=false landmarks=nil confidence=0
[2026-06-15 09:26:36] [face_detect] IN: face_detect → OUT: detected=false landmarks=nil roll=nil pitch=nil yaw=nil (3518ms)
[2026-06-15 09:26:36] [hand_detect] IN: hand_detect 1920x1080 → OUT: detected=false landmarks=nil confidence=0
[2026-06-15 09:26:36] [face_detect] IN: face_detect → OUT: detected=false landmarks=nil roll=nil pitch=nil yaw=nil (3225ms)
[2026-06-15 09:26:36] [hand_detect] IN: hand_detect 1920x1080 → OUT: detected=false landmarks=nil confidence=0
[2026-06-15 09:26:36] [face_detect] IN: face_detect → OUT: detected=false landmarks=nil roll=nil pitch=nil yaw=nil (5727ms)
[2026-06-15 09:26:36] [hand_detect] IN: hand_detect 1920x1080 → OUT: detected=false landmarks=nil confidence=0
[2026-06-15 09:26:36] [face_detect] IN: face_detect → OUT: detected=false landmarks=nil roll=nil pitch=nil yaw=nil (4249ms)
[2026-06-15 09:26:36] [hand_detect] IN: hand_detect 1920x1080 → OUT: detected=false landmarks=nil confidence=0
[2026-06-15 09:26:36] [face_detect] IN: face_detect → OUT: detected=false landmarks=nil roll=nil pitch=nil yaw=nil (3720ms)
[2026-06-15 09:26:36] [hand_detect] IN: hand_detect 1920x1080 → OUT: detected=false landmarks=nil confidence=0
[2026-06-15 09:26:36] [face_detect] IN: face_detect → OUT: detected=false landmarks=nil roll=nil pitch=nil yaw=nil (3893ms)
[2026-06-15 09:26:36] [hand_detect] IN: hand_detect 1920x1080 → OUT: detected=false landmarks=nil confidence=0
[2026-06-15 09:26:36] [face_detect] IN: face_detect → OUT: detected=false landmarks=nil roll=nil pitch=nil yaw=nil (3018ms)
[2026-06-15 09:26:36] [hand_detect] IN: hand_detect 1920x1080 → OUT: detected=false landmarks=nil confidence=0
[2026-06-15 09:26:36] [face_detect] IN: face_detect → OUT: detected=false landmarks=nil roll=nil pitch=nil yaw=nil (3118ms)
[2026-06-15 09:26:36] [hand_detect] IN: hand_detect 1920x1080 → OUT: detected=false landmarks=nil confidence=0
[2026-06-15 09:26:36] [face_detect] IN: face_detect → OUT: detected=false landmarks=nil roll=nil pitch=nil yaw=nil (5864ms)
[2026-06-15 09:26:36] [hand_detect] IN: hand_detect 1920x1080 → OUT: detected=false landmarks=nil confidence=0
[2026-06-15 09:26:36] [face_detect] IN: face_detect → OUT: detected=false landmarks=nil roll=nil pitch=nil yaw=nil (5226ms)
[2026-06-15 09:26:36] [hand_detect] IN: hand_detect 1920x1080 → OUT: detected=false landmarks=nil confidence=0
[2026-06-15 09:26:36] [face_detect] IN: face_detect → OUT: detected=false landmarks=nil roll=nil pitch=nil yaw=nil (2841ms)
[2026-06-15 09:26:36] [axScan] IN: windows=22 → OUT: raw=2007 visible=1616 (963ms)
[2026-06-15 09:26:36] [axMatch] IN: cursor=(1209,42) → OUT: role=AXButton title= (0ms)
[2026-06-15 09:26:36] [hand_detect] IN: hand_detect 1920x1080 → OUT: detected=false landmarks=nil confidence=0
[2026-06-15 09:26:36] [face_detect] IN: face_detect → OUT: detected=false landmarks=nil roll=nil pitch=nil yaw=nil (4177ms)
[2026-06-15 09:26:36] [hand_detect] IN: hand_detect 1920x1080 → OUT: detected=false landmarks=nil confidence=0
[2026-06-15 09:26:36] [face_detect] IN: face_detect → OUT: detected=false landmarks=nil roll=nil pitch=nil yaw=nil (3207ms)
[2026-06-15 09:26:36] [hand_detect] IN: hand_detect 1920x1080 → OUT: detected=false landmarks=nil confidence=0
[2026-06-15 09:26:36] [face_detect] IN: face_detect → OUT: detected=false landmarks=nil roll=nil pitch=nil yaw=nil (4284ms)
[2026-06-15 09:26:36] [hand_detect] IN: hand_detect 1920x1080 → OUT: detected=false landmarks=nil confidence=0
[2026-06-15 09:26:36] [face_detect] IN: face_detect → OUT: detected=false landmarks=nil roll=nil pitch=nil yaw=nil (14037ms)
[2026-06-15 09:26:36] [hand_detect] IN: hand_detect 1920x1080 → OUT: detected=false landmarks=nil confidence=0
[2026-06-15 09:26:36] [face_detect] IN: face_detect → OUT: detected=false landmarks=nil roll=nil pitch=nil yaw=nil (3592ms)
[2026-06-15 09:26:36] [hand_detect] IN: hand_detect 1920x1080 → OUT: detected=false landmarks=nil confidence=0
[2026-06-15 09:26:36] [face_detect] IN: face_detect → OUT: detected=false landmarks=nil roll=nil pitch=nil yaw=nil (2840ms)
[2026-06-15 09:26:36] [hand_detect] IN: hand_detect 1920x1080 → OUT: detected=false landmarks=nil confidence=0
[2026-06-15 09:26:36] [face_detect] IN: face_detect → OUT: detected=false landmarks=nil roll=nil pitch=nil yaw=nil (2832ms)
[2026-06-15 09:26:37] [hand_detect] IN: hand_detect 1920x1080 → OUT: detected=false landmarks=nil confidence=0
[2026-06-15 09:26:37] [face_detect] IN: face_detect → OUT: detected=false landmarks=nil roll=nil pitch=nil yaw=nil (3618ms)
[2026-06-15 09:26:37] [hand_detect] IN: hand_detect 1920x1080 → OUT: detected=false landmarks=nil confidence=0
[2026-06-15 09:26:37] [face_detect] IN: face_detect → OUT: detected=false landmarks=nil roll=nil pitch=nil yaw=nil (2893ms)
[2026-06-15 09:26:37] [hand_detect] IN: hand_detect 1920x1080 → OUT: detected=false landmarks=nil confidence=0
[2026-06-15 09:26:37] [face_detect] IN: face_detect → OUT: detected=false landmarks=nil roll=nil pitch=nil yaw=nil (2787ms)
[2026-06-15 09:26:37] [hand_detect] IN: hand_detect 1920x1080 → OUT: detected=false landmarks=nil confidence=0
[2026-06-15 09:26:37] [face_detect] IN: face_detect → OUT: detected=false landmarks=nil roll=nil pitch=nil yaw=nil (3165ms)
[2026-06-15 09:26:37] [hand_detect] IN: hand_detect 1920x1080 → OUT: detected=false landmarks=nil confidence=0
[2026-06-15 09:26:37] [face_detect] IN: face_detect → OUT: detected=false landmarks=nil roll=nil pitch=nil yaw=nil (2835ms)
[2026-06-15 09:26:37] [hand_detect] IN: hand_detect 1920x1080 → OUT: detected=false landmarks=nil confidence=0
[2026-06-15 09:26:37] [face_detect] IN: face_detect → OUT: detected=false landmarks=nil roll=nil pitch=nil yaw=nil (3025ms)
[2026-06-15 09:26:37] [hand_detect] IN: hand_detect 1920x1080 → OUT: detected=false landmarks=nil confidence=0
[2026-06-15 09:26:37] [face_detect] IN: face_detect → OUT: detected=false landmarks=nil roll=nil pitch=nil yaw=nil (2858ms)
[2026-06-15 09:26:37] [hand_detect] IN: hand_detect 1920x1080 → OUT: detected=false landmarks=nil confidence=0
[2026-06-15 09:26:37] [face_detect] IN: face_detect → OUT: detected=false landmarks=nil roll=nil pitch=nil yaw=nil (3233ms)
[2026-06-15 09:26:37] [axMatch] IN: cursor=(1161,33) → OUT: lost (0ms)
[2026-06-15 09:26:37] [hand_detect] IN: hand_detect 1920x1080 → OUT: detected=false landmarks=nil confidence=0
[2026-06-15 09:26:37] [face_detect] IN: face_detect → OUT: detected=false landmarks=nil roll=nil pitch=nil yaw=nil (2891ms)
[2026-06-15 09:26:37] [hand_detect] IN: hand_detect 1920x1080 → OUT: detected=false landmarks=nil confidence=0
[2026-06-15 09:26:37] [face_detect] IN: face_detect → OUT: detected=false landmarks=nil roll=nil pitch=nil yaw=nil (2846ms)
[2026-06-15 09:26:37] [hand_detect] IN: hand_detect 1920x1080 → OUT: detected=false landmarks=nil confidence=0
[2026-06-15 09:26:37] [face_detect] IN: face_detect → OUT: detected=false landmarks=nil roll=nil pitch=nil yaw=nil (2969ms)
[2026-06-15 09:26:37] [hand_detect] IN: hand_detect 1920x1080 → OUT: detected=false landmarks=nil confidence=0
[2026-06-15 09:26:37] [face_detect] IN: face_detect → OUT: detected=false landmarks=nil roll=nil pitch=nil yaw=nil (4168ms)
[2026-06-15 09:26:37] [hand_detect] IN: hand_detect 1920x1080 → OUT: detected=false landmarks=nil confidence=0
[2026-06-15 09:26:37] [face_detect] IN: face_detect → OUT: detected=false landmarks=nil roll=nil pitch=nil yaw=nil (2876ms)
[2026-06-15 09:26:37] [hand_detect] IN: hand_detect 1920x1080 → OUT: detected=false landmarks=nil confidence=0
[2026-06-15 09:26:37] [face_detect] IN: face_detect → OUT: detected=false landmarks=nil roll=nil pitch=nil yaw=nil (2681ms)
[2026-06-15 09:26:37] [hand_detect] IN: hand_detect 1920x1080 → OUT: detected=false landmarks=nil confidence=0
[2026-06-15 09:26:37] [face_detect] IN: face_detect → OUT: detected=false landmarks=nil roll=nil pitch=nil yaw=nil (3150ms)
[2026-06-15 09:26:37] [hand_detect] IN: hand_detect 1920x1080 → OUT: detected=false landmarks=nil confidence=0
[2026-06-15 09:26:37] [face_detect] IN: face_detect → OUT: detected=false landmarks=nil roll=nil pitch=nil yaw=nil (5447ms)
[2026-06-15 09:26:37] [hand_detect] IN: hand_detect 1920x1080 → OUT: detected=false landmarks=nil confidence=0
[2026-06-15 09:26:37] [face_detect] IN: face_detect → OUT: detected=false landmarks=nil roll=nil pitch=nil yaw=nil (5211ms)
[2026-06-15 09:26:37] [hand_detect] IN: hand_detect 1920x1080 → OUT: detected=false landmarks=nil confidence=0
[2026-06-15 09:26:37] [face_detect] IN: face_detect → OUT: detected=false landmarks=nil roll=nil pitch=nil yaw=nil (4282ms)
[2026-06-15 09:26:37] [hand_detect] IN: hand_detect 1920x1080 → OUT: detected=false landmarks=nil confidence=0
[2026-06-15 09:26:37] [face_detect] IN: face_detect → OUT: detected=false landmarks=nil roll=nil pitch=nil yaw=nil (3051ms)
[2026-06-15 09:26:37] [hand_detect] IN: hand_detect 1920x1080 → OUT: detected=false landmarks=nil confidence=0
[2026-06-15 09:26:37] [face_detect] IN: face_detect → OUT: detected=false landmarks=nil roll=nil pitch=nil yaw=nil (3160ms)
[2026-06-15 09:26:37] [hand_detect] IN: hand_detect 1920x1080 → OUT: detected=false landmarks=nil confidence=0
[2026-06-15 09:26:37] [face_detect] IN: face_detect → OUT: detected=false landmarks=nil roll=nil pitch=nil yaw=nil (2897ms)
[2026-06-15 09:26:37] [axScan] IN: windows=22 → OUT: raw=2007 visible=1812 (915ms)
[2026-06-15 09:26:37] [hand_detect] IN: hand_detect 1920x1080 → OUT: detected=false landmarks=nil confidence=0
[2026-06-15 09:26:37] [face_detect] IN: face_detect → OUT: detected=false landmarks=nil roll=nil pitch=nil yaw=nil (2788ms)
[2026-06-15 09:26:37] [hand_detect] IN: hand_detect 1920x1080 → OUT: detected=false landmarks=nil confidence=0
[2026-06-15 09:26:37] [face_detect] IN: face_detect → OUT: detected=false landmarks=nil roll=nil pitch=nil yaw=nil (2923ms)
[2026-06-15 09:26:37] [axMatch] IN: cursor=(1513,349) → OUT: role=AXRow title= (0ms)
[2026-06-15 09:26:37] [hand_detect] IN: hand_detect 1920x1080 → OUT: detected=false landmarks=nil confidence=0
[2026-06-15 09:26:37] [face_detect] IN: face_detect → OUT: detected=false landmarks=nil roll=nil pitch=nil yaw=nil (3600ms)
[2026-06-15 09:26:37] [hand_detect] IN: hand_detect 1920x1080 → OUT: detected=false landmarks=nil confidence=0
[2026-06-15 09:26:37] [face_detect] IN: face_detect → OUT: detected=false landmarks=nil roll=nil pitch=nil yaw=nil (2701ms)
[2026-06-15 09:26:37] [hand_detect] IN: hand_detect 1920x1080 → OUT: detected=false landmarks=nil confidence=0
[2026-06-15 09:26:37] [face_detect] IN: face_detect → OUT: detected=false landmarks=nil roll=nil pitch=nil yaw=nil (3237ms)
[2026-06-15 09:26:37] [hand_detect] IN: hand_detect 1920x1080 → OUT: detected=false landmarks=nil confidence=0
[2026-06-15 09:26:37] [face_detect] IN: face_detect → OUT: detected=false landmarks=nil roll=nil pitch=nil yaw=nil (17220ms)
[2026-06-15 09:26:37] [hand_detect] IN: hand_detect 1920x1080 → OUT: detected=false landmarks=nil confidence=0
[2026-06-15 09:26:37] [face_detect] IN: face_detect → OUT: detected=false landmarks=nil roll=nil pitch=nil yaw=nil (2804ms)
[2026-06-15 09:26:37] [hand_detect] IN: hand_detect 1920x1080 → OUT: detected=false landmarks=nil confidence=0
[2026-06-15 09:26:37] [face_detect] IN: face_detect → OUT: detected=false landmarks=nil roll=nil pitch=nil yaw=nil (2985ms)
[2026-06-15 09:26:37] [hand_detect] IN: hand_detect 1920x1080 → OUT: detected=false landmarks=nil confidence=0
[2026-06-15 09:26:37] [face_detect] IN: face_detect → OUT: detected=false landmarks=nil roll=nil pitch=nil yaw=nil (2900ms)
[2026-06-15 09:26:38] [hand_detect] IN: hand_detect 1920x1080 → OUT: detected=false landmarks=nil confidence=0
[2026-06-15 09:26:38] [face_detect] IN: face_detect → OUT: detected=false landmarks=nil roll=nil pitch=nil yaw=nil (3337ms)
[2026-06-15 09:26:38] [hand_detect] IN: hand_detect 1920x1080 → OUT: detected=false landmarks=nil confidence=0
[2026-06-15 09:26:38] [face_detect] IN: face_detect → OUT: detected=false landmarks=nil roll=nil pitch=nil yaw=nil (2851ms)
[2026-06-15 09:26:38] [hand_detect] IN: hand_detect 1920x1080 → OUT: detected=false landmarks=nil confidence=0
[2026-06-15 09:26:38] [face_detect] IN: face_detect → OUT: detected=false landmarks=nil roll=nil pitch=nil yaw=nil (2907ms)
[2026-06-15 09:26:38] [hand_detect] IN: hand_detect 1920x1080 → OUT: detected=false landmarks=nil confidence=0
[2026-06-15 09:26:38] [face_detect] IN: face_detect → OUT: detected=false landmarks=nil roll=nil pitch=nil yaw=nil (2776ms)
[2026-06-15 09:26:38] [hand_detect] IN: hand_detect 1920x1080 → OUT: detected=false landmarks=nil confidence=0
[2026-06-15 09:26:38] [face_detect] IN: face_detect → OUT: detected=false landmarks=nil roll=nil pitch=nil yaw=nil (2929ms)
[2026-06-15 09:26:38] [hand_detect] IN: hand_detect 1920x1080 → OUT: detected=false landmarks=nil confidence=0
[2026-06-15 09:26:38] [face_detect] IN: face_detect → OUT: detected=false landmarks=nil roll=nil pitch=nil yaw=nil (3545ms)
[2026-06-15 09:26:38] [hand_detect] IN: hand_detect 1920x1080 → OUT: detected=false landmarks=nil confidence=0
[2026-06-15 09:26:38] [face_detect] IN: face_detect → OUT: detected=false landmarks=nil roll=nil pitch=nil yaw=nil (2801ms)
[2026-06-15 09:26:38] [hand_detect] IN: hand_detect 1920x1080 → OUT: detected=false landmarks=nil confidence=0
[2026-06-15 09:26:38] [face_detect] IN: face_detect → OUT: detected=false landmarks=nil roll=nil pitch=nil yaw=nil (2918ms)
[2026-06-15 09:26:38] [axMatch] IN: cursor=(1400,288) → OUT: role=AXRow title= (0ms)
[2026-06-15 09:26:38] [hand_detect] IN: hand_detect 1920x1080 → OUT: detected=false landmarks=nil confidence=0
[2026-06-15 09:26:38] [face_detect] IN: face_detect → OUT: detected=false landmarks=nil roll=nil pitch=nil yaw=nil (10499ms)
[2026-06-15 09:26:38] [hand_detect] IN: hand_detect 1920x1080 → OUT: detected=false landmarks=nil confidence=0
[2026-06-15 09:26:38] [face_detect] IN: face_detect → OUT: detected=false landmarks=nil roll=nil pitch=nil yaw=nil (10354ms)
[2026-06-15 09:26:38] [hand_detect] IN: hand_detect 1920x1080 → OUT: detected=false landmarks=nil confidence=0
[2026-06-15 09:26:38] [face_detect] IN: face_detect → OUT: detected=false landmarks=nil roll=nil pitch=nil yaw=nil (4510ms)
[2026-06-15 09:26:38] [hand_detect] IN: hand_detect 1920x1080 → OUT: detected=false landmarks=nil confidence=0
[2026-06-15 09:26:38] [face_detect] IN: face_detect → OUT: detected=false landmarks=nil roll=nil pitch=nil yaw=nil (3186ms)
[2026-06-15 09:26:38] [hand_detect] IN: hand_detect 1920x1080 → OUT: detected=false landmarks=nil confidence=0
[2026-06-15 09:26:38] [face_detect] IN: face_detect → OUT: detected=false landmarks=nil roll=nil pitch=nil yaw=nil (2900ms)
[2026-06-15 09:26:38] [hand_detect] IN: hand_detect 1920x1080 → OUT: detected=false landmarks=nil confidence=0
[2026-06-15 09:26:38] [face_detect] IN: face_detect → OUT: detected=false landmarks=nil roll=nil pitch=nil yaw=nil (2761ms)
[2026-06-15 09:26:38] [hand_detect] IN: hand_detect 1920x1080 → OUT: detected=false landmarks=nil confidence=0
[2026-06-15 09:26:38] [face_detect] IN: face_detect → OUT: detected=false landmarks=nil roll=nil pitch=nil yaw=nil (3049ms)
[2026-06-15 09:26:38] [hand_detect] IN: hand_detect 1920x1080 → OUT: detected=false landmarks=nil confidence=0
[2026-06-15 09:26:38] [face_detect] IN: face_detect → OUT: detected=false landmarks=nil roll=nil pitch=nil yaw=nil (2907ms)
[2026-06-15 09:26:38] [hand_detect] IN: hand_detect 1920x1080 → OUT: detected=false landmarks=nil confidence=0
[2026-06-15 09:26:38] [face_detect] IN: face_detect → OUT: detected=false landmarks=nil roll=nil pitch=nil yaw=nil (2845ms)
[2026-06-15 09:26:38] [hand_detect] IN: hand_detect 1920x1080 → OUT: detected=false landmarks=nil confidence=0
[2026-06-15 09:26:38] [face_detect] IN: face_detect → OUT: detected=false landmarks=nil roll=nil pitch=nil yaw=nil (3450ms)
[2026-06-15 09:26:38] [axScan] IN: windows=22 → OUT: raw=2007 visible=1821 (818ms)
[2026-06-15 09:26:38] [hand_detect] IN: hand_detect 1920x1080 → OUT: detected=false landmarks=nil confidence=0
[2026-06-15 09:26:38] [face_detect] IN: face_detect → OUT: detected=false landmarks=nil roll=nil pitch=nil yaw=nil (2810ms)
[2026-06-15 09:26:38] [hand_detect] IN: hand_detect 1920x1080 → OUT: detected=false landmarks=nil confidence=0
[2026-06-15 09:26:38] [face_detect] IN: face_detect → OUT: detected=false landmarks=nil roll=nil pitch=nil yaw=nil (2764ms)
[2026-06-15 09:26:38] [hand_detect] IN: hand_detect 1920x1080 → OUT: detected=false landmarks=nil confidence=0
[2026-06-15 09:26:38] [face_detect] IN: face_detect → OUT: detected=false landmarks=nil roll=nil pitch=nil yaw=nil (2824ms)
[2026-06-15 09:26:38] [hand_detect] IN: hand_detect 1920x1080 → OUT: detected=false landmarks=nil confidence=0
[2026-06-15 09:26:38] [face_detect] IN: face_detect → OUT: detected=false landmarks=nil roll=nil pitch=nil yaw=nil (2673ms)
[2026-06-15 09:26:38] [hand_detect] IN: hand_detect 1920x1080 → OUT: detected=false landmarks=nil confidence=0
[2026-06-15 09:26:38] [face_detect] IN: face_detect → OUT: detected=false landmarks=nil roll=nil pitch=nil yaw=nil (3015ms)
[2026-06-15 09:26:38] [axMatch] IN: cursor=(877,174) → OUT: lost (0ms)
[2026-06-15 09:26:38] [hand_detect] IN: hand_detect 1920x1080 → OUT: detected=false landmarks=nil confidence=0
[2026-06-15 09:26:38] [face_detect] IN: face_detect → OUT: detected=false landmarks=nil roll=nil pitch=nil yaw=nil (2751ms)
[2026-06-15 09:26:38] [hand_detect] IN: hand_detect 1920x1080 → OUT: detected=false landmarks=nil confidence=0
[2026-06-15 09:26:38] [face_detect] IN: face_detect → OUT: detected=false landmarks=nil roll=nil pitch=nil yaw=nil (2645ms)
[2026-06-15 09:26:38] [hand_detect] IN: hand_detect 1920x1080 → OUT: detected=false landmarks=nil confidence=0
[2026-06-15 09:26:38] [face_detect] IN: face_detect → OUT: detected=false landmarks=nil roll=nil pitch=nil yaw=nil (2939ms)
[2026-06-15 09:26:38] [hand_detect] IN: hand_detect 1920x1080 → OUT: detected=false landmarks=nil confidence=0
[2026-06-15 09:26:38] [face_detect] IN: face_detect → OUT: detected=false landmarks=nil roll=nil pitch=nil yaw=nil (3094ms)
[2026-06-15 09:26:38] [hand_detect] IN: hand_detect 1920x1080 → OUT: detected=false landmarks=nil confidence=0
[2026-06-15 09:26:38] [face_detect] IN: face_detect → OUT: detected=false landmarks=nil roll=nil pitch=nil yaw=nil (4556ms)
[2026-06-15 09:26:38] [hand_detect] IN: hand_detect 1920x1080 → OUT: detected=false landmarks=nil confidence=0
[2026-06-15 09:26:38] [face_detect] IN: face_detect → OUT: detected=false landmarks=nil roll=nil pitch=nil yaw=nil (3080ms)
[2026-06-15 09:26:38] [hand_detect] IN: hand_detect 1920x1080 → OUT: detected=false landmarks=nil confidence=0
[2026-06-15 09:26:38] [face_detect] IN: face_detect → OUT: detected=false landmarks=nil roll=nil pitch=nil yaw=nil (3087ms)
[2026-06-15 09:26:39] [hand_detect] IN: hand_detect 1920x1080 → OUT: detected=false landmarks=nil confidence=0
[2026-06-15 09:26:39] [face_detect] IN: face_detect → OUT: detected=false landmarks=nil roll=nil pitch=nil yaw=nil (3543ms)
[2026-06-15 09:26:39] [hand_detect] IN: hand_detect 1920x1080 → OUT: detected=false landmarks=nil confidence=0
[2026-06-15 09:26:39] [face_detect] IN: face_detect → OUT: detected=false landmarks=nil roll=nil pitch=nil yaw=nil (2884ms)
[2026-06-15 09:26:39] [hand_detect] IN: hand_detect 1920x1080 → OUT: detected=false landmarks=nil confidence=0
[2026-06-15 09:26:39] [face_detect] IN: face_detect → OUT: detected=false landmarks=nil roll=nil pitch=nil yaw=nil (7098ms)
[2026-06-15 09:26:39] [hand_detect] IN: hand_detect 1920x1080 → OUT: detected=false landmarks=nil confidence=0
[2026-06-15 09:26:39] [face_detect] IN: face_detect → OUT: detected=false landmarks=nil roll=nil pitch=nil yaw=nil (4197ms)
[2026-06-15 09:26:39] [hand_detect] IN: hand_detect 1920x1080 → OUT: detected=false landmarks=nil confidence=0
[2026-06-15 09:26:39] [face_detect] IN: face_detect → OUT: detected=false landmarks=nil roll=nil pitch=nil yaw=nil (2946ms)
[2026-06-15 09:26:39] [hand_detect] IN: hand_detect 1920x1080 → OUT: detected=false landmarks=nil confidence=0
[2026-06-15 09:26:39] [face_detect] IN: face_detect → OUT: detected=false landmarks=nil roll=nil pitch=nil yaw=nil (2733ms)
[2026-06-15 09:26:39] [hand_detect] IN: hand_detect 1920x1080 → OUT: detected=false landmarks=nil confidence=0
[2026-06-15 09:26:39] [face_detect] IN: face_detect → OUT: detected=false landmarks=nil roll=nil pitch=nil yaw=nil (2838ms)
[2026-06-15 09:26:39] [hand_detect] IN: hand_detect 1920x1080 → OUT: detected=false landmarks=nil confidence=0
[2026-06-15 09:26:39] [face_detect] IN: face_detect → OUT: detected=false landmarks=nil roll=nil pitch=nil yaw=nil (3951ms)
[2026-06-15 09:26:39] [axMatch] IN: cursor=(643,54) → OUT: role=AXButton title= (0ms)
[2026-06-15 09:26:39] [hand_detect] IN: hand_detect 1920x1080 → OUT: detected=false landmarks=nil confidence=0
[2026-06-15 09:26:39] [face_detect] IN: face_detect → OUT: detected=false landmarks=nil roll=nil pitch=nil yaw=nil (2974ms)
[2026-06-15 09:26:39] [hand_detect] IN: hand_detect 1920x1080 → OUT: detected=false landmarks=nil confidence=0
[2026-06-15 09:26:39] [face_detect] IN: face_detect → OUT: detected=false landmarks=nil roll=nil pitch=nil yaw=nil (2907ms)
[2026-06-15 09:26:39] [hand_detect] IN: hand_detect 1920x1080 → OUT: detected=false landmarks=nil confidence=0
[2026-06-15 09:26:39] [face_detect] IN: face_detect → OUT: detected=false landmarks=nil roll=nil pitch=nil yaw=nil (3397ms)
[2026-06-15 09:26:39] [hand_detect] IN: hand_detect 1920x1080 → OUT: detected=false landmarks=nil confidence=0
[2026-06-15 09:26:39] [face_detect] IN: face_detect → OUT: detected=false landmarks=nil roll=nil pitch=nil yaw=nil (2905ms)
[2026-06-15 09:26:39] [hand_detect] IN: hand_detect 1920x1080 → OUT: detected=false landmarks=nil confidence=0
[2026-06-15 09:26:39] [face_detect] IN: face_detect → OUT: detected=false landmarks=nil roll=nil pitch=nil yaw=nil (2910ms)
[2026-06-15 09:26:39] [hand_detect] IN: hand_detect 1920x1080 → OUT: detected=false landmarks=nil confidence=0
[2026-06-15 09:26:39] [face_detect] IN: face_detect → OUT: detected=false landmarks=nil roll=nil pitch=nil yaw=nil (2981ms)
[2026-06-15 09:26:39] [hand_detect] IN: hand_detect 1920x1080 → OUT: detected=false landmarks=nil confidence=0
[2026-06-15 09:26:39] [face_detect] IN: face_detect → OUT: detected=false landmarks=nil roll=nil pitch=nil yaw=nil (2815ms)
[2026-06-15 09:26:39] [hand_detect] IN: hand_detect 1920x1080 → OUT: detected=false landmarks=nil confidence=0
[2026-06-15 09:26:39] [face_detect] IN: face_detect → OUT: detected=false landmarks=nil roll=nil pitch=nil yaw=nil (2983ms)
[2026-06-15 09:26:39] [hand_detect] IN: hand_detect 1920x1080 → OUT: detected=false landmarks=nil confidence=0
[2026-06-15 09:26:39] [face_detect] IN: face_detect → OUT: detected=false landmarks=nil roll=nil pitch=nil yaw=nil (2997ms)
[2026-06-15 09:26:39] [hand_detect] IN: hand_detect 1920x1080 → OUT: detected=false landmarks=nil confidence=0
[2026-06-15 09:26:39] [face_detect] IN: face_detect → OUT: detected=false landmarks=nil roll=nil pitch=nil yaw=nil (2794ms)
[2026-06-15 09:26:39] [hand_detect] IN: hand_detect 1920x1080 → OUT: detected=false landmarks=nil confidence=0
[2026-06-15 09:26:39] [face_detect] IN: face_detect → OUT: detected=false landmarks=nil roll=nil pitch=nil yaw=nil (3221ms)
[2026-06-15 09:26:39] [hand_detect] IN: hand_detect 1920x1080 → OUT: detected=false landmarks=nil confidence=0
[2026-06-15 09:26:39] [face_detect] IN: face_detect → OUT: detected=false landmarks=nil roll=nil pitch=nil yaw=nil (3160ms)
[2026-06-15 09:26:39] [hand_detect] IN: hand_detect 1920x1080 → OUT: detected=false landmarks=nil confidence=0
[2026-06-15 09:26:39] [axScan] IN: windows=22 → OUT: raw=2007 visible=1821 (905ms)
[2026-06-15 09:26:39] [face_detect] IN: face_detect → OUT: detected=false landmarks=nil roll=nil pitch=nil yaw=nil (3638ms)
[2026-06-15 09:26:39] [hand_detect] IN: hand_detect 1920x1080 → OUT: detected=false landmarks=nil confidence=0
[2026-06-15 09:26:39] [face_detect] IN: face_detect → OUT: detected=false landmarks=nil roll=nil pitch=nil yaw=nil (3131ms)
[2026-06-15 09:26:39] [hand_detect] IN: hand_detect 1920x1080 → OUT: detected=false landmarks=nil confidence=0
[2026-06-15 09:26:39] [face_detect] IN: face_detect → OUT: detected=false landmarks=nil roll=nil pitch=nil yaw=nil (3666ms)
[2026-06-15 09:26:39] [axMatch] IN: cursor=(1548,194) → OUT: role=AXStaticText title= (0ms)
[2026-06-15 09:26:39] [hand_detect] IN: hand_detect 1920x1080 → OUT: detected=false landmarks=nil confidence=0
[2026-06-15 09:26:39] [face_detect] IN: face_detect → OUT: detected=false landmarks=nil roll=nil pitch=nil yaw=nil (10599ms)
[2026-06-15 09:26:39] [hand_detect] IN: hand_detect 1920x1080 → OUT: detected=false landmarks=nil confidence=0
[2026-06-15 09:26:39] [face_detect] IN: face_detect → OUT: detected=false landmarks=nil roll=nil pitch=nil yaw=nil (5559ms)
[2026-06-15 09:26:39] [hand_detect] IN: hand_detect 1920x1080 → OUT: detected=false landmarks=nil confidence=0
[2026-06-15 09:26:39] [face_detect] IN: face_detect → OUT: detected=false landmarks=nil roll=nil pitch=nil yaw=nil (3127ms)
[2026-06-15 09:26:39] [hand_detect] IN: hand_detect 1920x1080 → OUT: detected=false landmarks=nil confidence=0
[2026-06-15 09:26:39] [face_detect] IN: face_detect → OUT: detected=false landmarks=nil roll=nil pitch=nil yaw=nil (3280ms)
[2026-06-15 09:26:39] [hand_detect] IN: hand_detect 1920x1080 → OUT: detected=false landmarks=nil confidence=0
[2026-06-15 09:26:39] [face_detect] IN: face_detect → OUT: detected=false landmarks=nil roll=nil pitch=nil yaw=nil (3057ms)
[2026-06-15 09:26:39] [hand_detect] IN: hand_detect 1920x1080 → OUT: detected=false landmarks=nil confidence=0
[2026-06-15 09:26:39] [face_detect] IN: face_detect → OUT: detected=false landmarks=nil roll=nil pitch=nil yaw=nil (2814ms)
[2026-06-15 09:26:39] [hand_detect] IN: hand_detect 1920x1080 → OUT: detected=false landmarks=nil confidence=0
[2026-06-15 09:26:39] [face_detect] IN: face_detect → OUT: detected=false landmarks=nil roll=nil pitch=nil yaw=nil (3705ms)
[2026-06-15 09:26:39] [hand_detect] IN: hand_detect 1920x1080 → OUT: detected=false landmarks=nil confidence=0
[2026-06-15 09:26:40] [face_detect] IN: face_detect → OUT: detected=false landmarks=nil roll=nil pitch=nil yaw=nil (2861ms)
[2026-06-15 09:26:40] [hand_detect] IN: hand_detect 1920x1080 → OUT: detected=false landmarks=nil confidence=0
[2026-06-15 09:26:40] [face_detect] IN: face_detect → OUT: detected=false landmarks=nil roll=nil pitch=nil yaw=nil (3607ms)
[2026-06-15 09:26:40] [hand_detect] IN: hand_detect 1920x1080 → OUT: detected=false landmarks=nil confidence=0
[2026-06-15 09:26:40] [face_detect] IN: face_detect → OUT: detected=false landmarks=nil roll=nil pitch=nil yaw=nil (3152ms)
[2026-06-15 09:26:40] [hand_detect] IN: hand_detect 1920x1080 → OUT: detected=false landmarks=nil confidence=0
[2026-06-15 09:26:40] [face_detect] IN: face_detect → OUT: detected=false landmarks=nil roll=nil pitch=nil yaw=nil (3190ms)
[2026-06-15 09:26:40] [hand_detect] IN: hand_detect 1920x1080 → OUT: detected=false landmarks=nil confidence=0
[2026-06-15 09:26:40] [face_detect] IN: face_detect → OUT: detected=false landmarks=nil roll=nil pitch=nil yaw=nil (3948ms)
[2026-06-15 09:26:40] [hand_detect] IN: hand_detect 1920x1080 → OUT: detected=false landmarks=nil confidence=0
[2026-06-15 09:26:40] [face_detect] IN: face_detect → OUT: detected=false landmarks=nil roll=nil pitch=nil yaw=nil (3023ms)
[2026-06-15 09:26:40] [hand_detect] IN: hand_detect 1920x1080 → OUT: detected=false landmarks=nil confidence=0
[2026-06-15 09:26:40] [face_detect] IN: face_detect → OUT: detected=false landmarks=nil roll=nil pitch=nil yaw=nil (3535ms)
[2026-06-15 09:26:40] [hand_detect] IN: hand_detect 1920x1080 → OUT: detected=false landmarks=nil confidence=0
[2026-06-15 09:26:40] [face_detect] IN: face_detect → OUT: detected=false landmarks=nil roll=nil pitch=nil yaw=nil (3787ms)
[2026-06-15 09:26:40] [axMatch] IN: cursor=(695,111) → OUT: role=AXButton title= (0ms)
[2026-06-15 09:26:40] [hand_detect] IN: hand_detect 1920x1080 → OUT: detected=false landmarks=nil confidence=0
[2026-06-15 09:26:40] [face_detect] IN: face_detect → OUT: detected=false landmarks=nil roll=nil pitch=nil yaw=nil (3413ms)
[2026-06-15 09:26:40] [hand_detect] IN: hand_detect 1920x1080 → OUT: detected=false landmarks=nil confidence=0
[2026-06-15 09:26:40] [face_detect] IN: face_detect → OUT: detected=false landmarks=nil roll=nil pitch=nil yaw=nil (3109ms)
[2026-06-15 09:26:40] [hand_detect] IN: hand_detect 1920x1080 → OUT: detected=false landmarks=nil confidence=0
[2026-06-15 09:26:40] [face_detect] IN: face_detect → OUT: detected=false landmarks=nil roll=nil pitch=nil yaw=nil (2905ms)
[2026-06-15 09:26:40] [hand_detect] IN: hand_detect 1920x1080 → OUT: detected=false landmarks=nil confidence=0
[2026-06-15 09:26:40] [face_detect] IN: face_detect → OUT: detected=false landmarks=nil roll=nil pitch=nil yaw=nil (2967ms)
[2026-06-15 09:26:40] [hand_detect] IN: hand_detect 1920x1080 → OUT: detected=false landmarks=nil confidence=0
[2026-06-15 09:26:40] [face_detect] IN: face_detect → OUT: detected=false landmarks=nil roll=nil pitch=nil yaw=nil (2806ms)
[2026-06-15 09:26:40] [hand_detect] IN: hand_detect 1920x1080 → OUT: detected=false landmarks=nil confidence=0
[2026-06-15 09:26:40] [face_detect] IN: face_detect → OUT: detected=false landmarks=nil roll=nil pitch=nil yaw=nil (2872ms)
[2026-06-15 09:26:40] [hand_detect] IN: hand_detect 1920x1080 → OUT: detected=false landmarks=nil confidence=0
[2026-06-15 09:26:40] [face_detect] IN: face_detect → OUT: detected=false landmarks=nil roll=nil pitch=nil yaw=nil (2833ms)
[2026-06-15 09:26:40] [hand_detect] IN: hand_detect 1920x1080 → OUT: detected=false landmarks=nil confidence=0
[2026-06-15 09:26:40] [face_detect] IN: face_detect → OUT: detected=false landmarks=nil roll=nil pitch=nil yaw=nil (2808ms)
[2026-06-15 09:26:40] [hand_detect] IN: hand_detect 1920x1080 → OUT: detected=false landmarks=nil confidence=0
[2026-06-15 09:26:40] [face_detect] IN: face_detect → OUT: detected=false landmarks=nil roll=nil pitch=nil yaw=nil (3325ms)
[2026-06-15 09:26:40] [hand_detect] IN: hand_detect 1920x1080 → OUT: detected=false landmarks=nil confidence=0
[2026-06-15 09:26:40] [face_detect] IN: face_detect → OUT: detected=false landmarks=nil roll=nil pitch=nil yaw=nil (2812ms)
[2026-06-15 09:26:40] [hand_detect] IN: hand_detect 1920x1080 → OUT: detected=false landmarks=nil confidence=0
[2026-06-15 09:26:40] [face_detect] IN: face_detect → OUT: detected=false landmarks=nil roll=nil pitch=nil yaw=nil (3271ms)
[2026-06-15 09:26:40] [hand_detect] IN: hand_detect 1920x1080 → OUT: detected=false landmarks=nil confidence=0
[2026-06-15 09:26:40] [face_detect] IN: face_detect → OUT: detected=false landmarks=nil roll=nil pitch=nil yaw=nil (2750ms)
[2026-06-15 09:26:40] [axScan] IN: windows=22 → OUT: raw=2007 visible=1821 (896ms)
[2026-06-15 09:26:40] [hand_detect] IN: hand_detect 1920x1080 → OUT: detected=false landmarks=nil confidence=0
[2026-06-15 09:26:40] [face_detect] IN: face_detect → OUT: detected=false landmarks=nil roll=nil pitch=nil yaw=nil (2963ms)
[2026-06-15 09:26:40] [hand_detect] IN: hand_detect 1920x1080 → OUT: detected=false landmarks=nil confidence=0
[2026-06-15 09:26:40] [face_detect] IN: face_detect → OUT: detected=false landmarks=nil roll=nil pitch=nil yaw=nil (2829ms)
[2026-06-15 09:26:40] [hand_detect] IN: hand_detect 1920x1080 → OUT: detected=false landmarks=nil confidence=0
[2026-06-15 09:26:40] [face_detect] IN: face_detect → OUT: detected=false landmarks=nil roll=nil pitch=nil yaw=nil (2714ms)
[2026-06-15 09:26:40] [hand_detect] IN: hand_detect 1920x1080 → OUT: detected=false landmarks=nil confidence=0
[2026-06-15 09:26:40] [axMatch] IN: cursor=(585,55) → OUT: lost (0ms)
[2026-06-15 09:26:40] [face_detect] IN: face_detect → OUT: detected=false landmarks=nil roll=nil pitch=nil yaw=nil (3296ms)
[2026-06-15 09:26:40] [hand_detect] IN: hand_detect 1920x1080 → OUT: detected=false landmarks=nil confidence=0
[2026-06-15 09:26:40] [face_detect] IN: face_detect → OUT: detected=false landmarks=nil roll=nil pitch=nil yaw=nil (2844ms)
[2026-06-15 09:26:40] [hand_detect] IN: hand_detect 1920x1080 → OUT: detected=false landmarks=nil confidence=0
[2026-06-15 09:26:40] [face_detect] IN: face_detect → OUT: detected=false landmarks=nil roll=nil pitch=nil yaw=nil (2848ms)
[2026-06-15 09:26:40] [hand_detect] IN: hand_detect 1920x1080 → OUT: detected=false landmarks=nil confidence=0
[2026-06-15 09:26:40] [face_detect] IN: face_detect → OUT: detected=false landmarks=nil roll=nil pitch=nil yaw=nil (3064ms)
[2026-06-15 09:26:40] [hand_detect] IN: hand_detect 1920x1080 → OUT: detected=false landmarks=nil confidence=0
[2026-06-15 09:26:40] [face_detect] IN: face_detect → OUT: detected=false landmarks=nil roll=nil pitch=nil yaw=nil (2962ms)
[2026-06-15 09:26:40] [hand_detect] IN: hand_detect 1920x1080 → OUT: detected=false landmarks=nil confidence=0
[2026-06-15 09:26:40] [face_detect] IN: face_detect → OUT: detected=false landmarks=nil roll=nil pitch=nil yaw=nil (3436ms)
[2026-06-15 09:26:40] [hand_detect] IN: hand_detect 1920x1080 → OUT: detected=false landmarks=nil confidence=0
[2026-06-15 09:26:40] [face_detect] IN: face_detect → OUT: detected=false landmarks=nil roll=nil pitch=nil yaw=nil (2779ms)
[2026-06-15 09:26:41] [hand_detect] IN: hand_detect 1920x1080 → OUT: detected=false landmarks=nil confidence=0
[2026-06-15 09:26:41] [face_detect] IN: face_detect → OUT: detected=false landmarks=nil roll=nil pitch=nil yaw=nil (3495ms)
[2026-06-15 09:26:41] [hand_detect] IN: hand_detect 1920x1080 → OUT: detected=false landmarks=nil confidence=0
[2026-06-15 09:26:41] [face_detect] IN: face_detect → OUT: detected=false landmarks=nil roll=nil pitch=nil yaw=nil (3033ms)
[2026-06-15 09:26:41] [hand_detect] IN: hand_detect 1920x1080 → OUT: detected=false landmarks=nil confidence=0
[2026-06-15 09:26:41] [face_detect] IN: face_detect → OUT: detected=false landmarks=nil roll=nil pitch=nil yaw=nil (2932ms)
[2026-06-15 09:26:41] [hand_detect] IN: hand_detect 1920x1080 → OUT: detected=false landmarks=nil confidence=0
[2026-06-15 09:26:41] [face_detect] IN: face_detect → OUT: detected=false landmarks=nil roll=nil pitch=nil yaw=nil (2905ms)
[2026-06-15 09:26:41] [hand_detect] IN: hand_detect 1920x1080 → OUT: detected=false landmarks=nil confidence=0
[2026-06-15 09:26:41] [face_detect] IN: face_detect → OUT: detected=false landmarks=nil roll=nil pitch=nil yaw=nil (3139ms)
[2026-06-15 09:26:41] [hand_detect] IN: hand_detect 1920x1080 → OUT: detected=false landmarks=nil confidence=0
[2026-06-15 09:26:41] [face_detect] IN: face_detect → OUT: detected=false landmarks=nil roll=nil pitch=nil yaw=nil (3576ms)
[2026-06-15 09:26:41] [hand_detect] IN: hand_detect 1920x1080 → OUT: detected=false landmarks=nil confidence=0
[2026-06-15 09:26:41] [face_detect] IN: face_detect → OUT: detected=false landmarks=nil roll=nil pitch=nil yaw=nil (2762ms)
[2026-06-15 09:26:41] [hand_detect] IN: hand_detect 1920x1080 → OUT: detected=false landmarks=nil confidence=0
[2026-06-15 09:26:41] [face_detect] IN: face_detect → OUT: detected=false landmarks=nil roll=nil pitch=nil yaw=nil (3705ms)
[2026-06-15 09:26:41] [hand_detect] IN: hand_detect 1920x1080 → OUT: detected=false landmarks=nil confidence=0
[2026-06-15 09:26:41] [face_detect] IN: face_detect → OUT: detected=false landmarks=nil roll=nil pitch=nil yaw=nil (2928ms)
[2026-06-15 09:26:41] [hand_detect] IN: hand_detect 1920x1080 → OUT: detected=false landmarks=nil confidence=0
[2026-06-15 09:26:41] [face_detect] IN: face_detect → OUT: detected=false landmarks=nil roll=nil pitch=nil yaw=nil (2852ms)
[2026-06-15 09:26:41] [hand_detect] IN: hand_detect 1920x1080 → OUT: detected=false landmarks=nil confidence=0
[2026-06-15 09:26:41] [face_detect] IN: face_detect → OUT: detected=false landmarks=nil roll=nil pitch=nil yaw=nil (2833ms)
[2026-06-15 09:26:41] [hand_detect] IN: hand_detect 1920x1080 → OUT: detected=false landmarks=nil confidence=0
[2026-06-15 09:26:41] [face_detect] IN: face_detect → OUT: detected=false landmarks=nil roll=nil pitch=nil yaw=nil (2665ms)
[2026-06-15 09:26:41] [hand_detect] IN: hand_detect 1920x1080 → OUT: detected=false landmarks=nil confidence=0
[2026-06-15 09:26:41] [face_detect] IN: face_detect → OUT: detected=false landmarks=nil roll=nil pitch=nil yaw=nil (2828ms)
[2026-06-15 09:26:41] [hand_detect] IN: hand_detect 1920x1080 → OUT: detected=false landmarks=nil confidence=0
[2026-06-15 09:26:41] [face_detect] IN: face_detect → OUT: detected=false landmarks=nil roll=nil pitch=nil yaw=nil (2735ms)
[2026-06-15 09:26:41] [hand_detect] IN: hand_detect 1920x1080 → OUT: detected=false landmarks=nil confidence=0
[2026-06-15 09:26:41] [face_detect] IN: face_detect → OUT: detected=false landmarks=nil roll=nil pitch=nil yaw=nil (2877ms)
[2026-06-15 09:26:41] [hand_detect] IN: hand_detect 1920x1080 → OUT: detected=false landmarks=nil confidence=0
[2026-06-15 09:26:41] [face_detect] IN: face_detect → OUT: detected=false landmarks=nil roll=nil pitch=nil yaw=nil (3072ms)
[2026-06-15 09:26:41] [hand_detect] IN: hand_detect 1920x1080 → OUT: detected=false landmarks=nil confidence=0
[2026-06-15 09:26:41] [face_detect] IN: face_detect → OUT: detected=false landmarks=nil roll=nil pitch=nil yaw=nil (2710ms)
[2026-06-15 09:26:41] [axScan] IN: windows=22 → OUT: raw=2007 visible=1821 (786ms)
[2026-06-15 09:26:41] [hand_detect] IN: hand_detect 1920x1080 → OUT: detected=false landmarks=nil confidence=0
[2026-06-15 09:26:41] [face_detect] IN: face_detect → OUT: detected=false landmarks=nil roll=nil pitch=nil yaw=nil (2645ms)
[2026-06-15 09:26:41] [hand_detect] IN: hand_detect 1920x1080 → OUT: detected=false landmarks=nil confidence=0
[2026-06-15 09:26:41] [face_detect] IN: face_detect → OUT: detected=false landmarks=nil roll=nil pitch=nil yaw=nil (2757ms)
[2026-06-15 09:26:41] [hand_detect] IN: hand_detect 1920x1080 → OUT: detected=false landmarks=nil confidence=0
[2026-06-15 09:26:41] [face_detect] IN: face_detect → OUT: detected=false landmarks=nil roll=nil pitch=nil yaw=nil (3297ms)
[2026-06-15 09:26:41] [hand_detect] IN: hand_detect 1920x1080 → OUT: detected=false landmarks=nil confidence=0
[2026-06-15 09:26:41] [face_detect] IN: face_detect → OUT: detected=false landmarks=nil roll=nil pitch=nil yaw=nil (2761ms)
[2026-06-15 09:26:41] [hand_detect] IN: hand_detect 1920x1080 → OUT: detected=false landmarks=nil confidence=0
[2026-06-15 09:26:41] [face_detect] IN: face_detect → OUT: detected=false landmarks=nil roll=nil pitch=nil yaw=nil (2856ms)
[2026-06-15 09:26:41] [hand_detect] IN: hand_detect 1920x1080 → OUT: detected=false landmarks=nil confidence=0
[2026-06-15 09:26:41] [face_detect] IN: face_detect → OUT: detected=false landmarks=nil roll=nil pitch=nil yaw=nil (2908ms)
[2026-06-15 09:26:41] [hand_detect] IN: hand_detect 1920x1080 → OUT: detected=false landmarks=nil confidence=0
[2026-06-15 09:26:41] [face_detect] IN: face_detect → OUT: detected=false landmarks=nil roll=nil pitch=nil yaw=nil (2720ms)
[2026-06-15 09:26:41] [hand_detect] IN: hand_detect 1920x1080 → OUT: detected=false landmarks=nil confidence=0
[2026-06-15 09:26:41] [face_detect] IN: face_detect → OUT: detected=false landmarks=nil roll=nil pitch=nil yaw=nil (2741ms)
[2026-06-15 09:26:41] [hand_detect] IN: hand_detect 1920x1080 → OUT: detected=false landmarks=nil confidence=0
[2026-06-15 09:26:41] [face_detect] IN: face_detect → OUT: detected=false landmarks=nil roll=nil pitch=nil yaw=nil (3666ms)
[2026-06-15 09:26:41] [hand_detect] IN: hand_detect 1920x1080 → OUT: detected=false landmarks=nil confidence=0
[2026-06-15 09:26:41] [face_detect] IN: face_detect → OUT: detected=false landmarks=nil roll=nil pitch=nil yaw=nil (3313ms)
[2026-06-15 09:26:41] [hand_detect] IN: hand_detect 1920x1080 → OUT: detected=false landmarks=nil confidence=0
[2026-06-15 09:26:41] [face_detect] IN: face_detect → OUT: detected=false landmarks=nil roll=nil pitch=nil yaw=nil (2776ms)
[2026-06-15 09:26:41] [hand_detect] IN: hand_detect 1920x1080 → OUT: detected=false landmarks=nil confidence=0
[2026-06-15 09:26:41] [face_detect] IN: face_detect → OUT: detected=false landmarks=nil roll=nil pitch=nil yaw=nil (3111ms)
[2026-06-15 09:26:41] [hand_detect] IN: hand_detect 1920x1080 → OUT: detected=false landmarks=nil confidence=0
[2026-06-15 09:26:41] [face_detect] IN: face_detect → OUT: detected=false landmarks=nil roll=nil pitch=nil yaw=nil (2799ms)
[2026-06-15 09:26:42] [hand_detect] IN: hand_detect 1920x1080 → OUT: detected=false landmarks=nil confidence=0
[2026-06-15 09:26:42] [face_detect] IN: face_detect → OUT: detected=false landmarks=nil roll=nil pitch=nil yaw=nil (2979ms)
[2026-06-15 09:26:42] [hand_detect] IN: hand_detect 1920x1080 → OUT: detected=false landmarks=nil confidence=0
[2026-06-15 09:26:42] [face_detect] IN: face_detect → OUT: detected=false landmarks=nil roll=nil pitch=nil yaw=nil (3716ms)
[2026-06-15 09:26:42] [hand_detect] IN: hand_detect 1920x1080 → OUT: detected=false landmarks=nil confidence=0
[2026-06-15 09:26:42] [face_detect] IN: face_detect → OUT: detected=false landmarks=nil roll=nil pitch=nil yaw=nil (3187ms)
[2026-06-15 09:26:42] [hand_detect] IN: hand_detect 1920x1080 → OUT: detected=false landmarks=nil confidence=0
[2026-06-15 09:26:42] [face_detect] IN: face_detect → OUT: detected=false landmarks=nil roll=nil pitch=nil yaw=nil (2868ms)
[2026-06-15 09:26:42] [hand_detect] IN: hand_detect 1920x1080 → OUT: detected=false landmarks=nil confidence=0
[2026-06-15 09:26:42] [face_detect] IN: face_detect → OUT: detected=false landmarks=nil roll=nil pitch=nil yaw=nil (3255ms)
[2026-06-15 09:26:42] [hand_detect] IN: hand_detect 1920x1080 → OUT: detected=false landmarks=nil confidence=0
[2026-06-15 09:26:42] [face_detect] IN: face_detect → OUT: detected=false landmarks=nil roll=nil pitch=nil yaw=nil (3424ms)
[2026-06-15 09:26:42] [hand_detect] IN: hand_detect 1920x1080 → OUT: detected=false landmarks=nil confidence=0
[2026-06-15 09:26:42] [face_detect] IN: face_detect → OUT: detected=false landmarks=nil roll=nil pitch=nil yaw=nil (3021ms)
[2026-06-15 09:26:42] [hand_detect] IN: hand_detect 1920x1080 → OUT: detected=false landmarks=nil confidence=0
[2026-06-15 09:26:42] [face_detect] IN: face_detect → OUT: detected=false landmarks=nil roll=nil pitch=nil yaw=nil (2906ms)
[2026-06-15 09:26:42] [hand_detect] IN: hand_detect 1920x1080 → OUT: detected=false landmarks=nil confidence=0
[2026-06-15 09:26:42] [face_detect] IN: face_detect → OUT: detected=false landmarks=nil roll=nil pitch=nil yaw=nil (2969ms)
[2026-06-15 09:26:42] [hand_detect] IN: hand_detect 1920x1080 → OUT: detected=false landmarks=nil confidence=0
[2026-06-15 09:26:42] [face_detect] IN: face_detect → OUT: detected=false landmarks=nil roll=nil pitch=nil yaw=nil (2636ms)
[2026-06-15 09:26:42] [hand_detect] IN: hand_detect 1920x1080 → OUT: detected=false landmarks=nil confidence=0
[2026-06-15 09:26:42] [face_detect] IN: face_detect → OUT: detected=false landmarks=nil roll=nil pitch=nil yaw=nil (3250ms)
[2026-06-15 09:26:42] [hand_detect] IN: hand_detect 1920x1080 → OUT: detected=false landmarks=nil confidence=0
[2026-06-15 09:26:42] [face_detect] IN: face_detect → OUT: detected=false landmarks=nil roll=nil pitch=nil yaw=nil (2936ms)
[2026-06-15 09:26:42] [hand_detect] IN: hand_detect 1920x1080 → OUT: detected=false landmarks=nil confidence=0
[2026-06-15 09:26:42] [face_detect] IN: face_detect → OUT: detected=false landmarks=nil roll=nil pitch=nil yaw=nil (2771ms)
[2026-06-15 09:26:42] [hand_detect] IN: hand_detect 1920x1080 → OUT: detected=false landmarks=nil confidence=0
[2026-06-15 09:26:42] [face_detect] IN: face_detect → OUT: detected=false landmarks=nil roll=nil pitch=nil yaw=nil (2894ms)
[2026-06-15 09:26:42] [hand_detect] IN: hand_detect 1920x1080 → OUT: detected=false landmarks=nil confidence=0
[2026-06-15 09:26:42] [face_detect] IN: face_detect → OUT: detected=false landmarks=nil roll=nil pitch=nil yaw=nil (2828ms)
[2026-06-15 09:26:42] [hand_detect] IN: hand_detect 1920x1080 → OUT: detected=false landmarks=nil confidence=0
[2026-06-15 09:26:42] [axScan] IN: windows=22 → OUT: raw=2007 visible=1906 (734ms)
[2026-06-15 09:26:42] [face_detect] IN: face_detect → OUT: detected=false landmarks=nil roll=nil pitch=nil yaw=nil (3995ms)
[2026-06-15 09:26:42] [hand_detect] IN: hand_detect 1920x1080 → OUT: detected=false landmarks=nil confidence=0
[2026-06-15 09:26:42] [face_detect] IN: face_detect → OUT: detected=false landmarks=nil roll=nil pitch=nil yaw=nil (2879ms)
[2026-06-15 09:26:42] [hand_detect] IN: hand_detect 1920x1080 → OUT: detected=false landmarks=nil confidence=0
[2026-06-15 09:26:42] [face_detect] IN: face_detect → OUT: detected=false landmarks=nil roll=nil pitch=nil yaw=nil (2868ms)
[2026-06-15 09:26:42] [hand_detect] IN: hand_detect 1920x1080 → OUT: detected=false landmarks=nil confidence=0
[2026-06-15 09:26:42] [face_detect] IN: face_detect → OUT: detected=false landmarks=nil roll=nil pitch=nil yaw=nil (2676ms)
[2026-06-15 09:26:42] [hand_detect] IN: hand_detect 1920x1080 → OUT: detected=false landmarks=nil confidence=0
[2026-06-15 09:26:42] [face_detect] IN: face_detect → OUT: detected=false landmarks=nil roll=nil pitch=nil yaw=nil (2683ms)
[2026-06-15 09:26:42] [hand_detect] IN: hand_detect 1920x1080 → OUT: detected=false landmarks=nil confidence=0
[2026-06-15 09:26:42] [face_detect] IN: face_detect → OUT: detected=false landmarks=nil roll=nil pitch=nil yaw=nil (2855ms)
[2026-06-15 09:26:42] [hand_detect] IN: hand_detect 1920x1080 → OUT: detected=false landmarks=nil confidence=0
[2026-06-15 09:26:42] [face_detect] IN: face_detect → OUT: detected=false landmarks=nil roll=nil pitch=nil yaw=nil (3086ms)
[2026-06-15 09:26:42] [hand_detect] IN: hand_detect 1920x1080 → OUT: detected=false landmarks=nil confidence=0
[2026-06-15 09:26:42] [face_detect] IN: face_detect → OUT: detected=false landmarks=nil roll=nil pitch=nil yaw=nil (2799ms)
[2026-06-15 09:26:42] [axMatch] IN: cursor=(1168,278) → OUT: role=AXImage title= (0ms)
[2026-06-15 09:26:42] [hand_detect] IN: hand_detect 1920x1080 → OUT: detected=false landmarks=nil confidence=0
[2026-06-15 09:26:42] [face_detect] IN: face_detect → OUT: detected=false landmarks=nil roll=nil pitch=nil yaw=nil (2815ms)
[2026-06-15 09:26:42] [hand_detect] IN: hand_detect 1920x1080 → OUT: detected=false landmarks=nil confidence=0
[2026-06-15 09:26:42] [face_detect] IN: face_detect → OUT: detected=false landmarks=nil roll=nil pitch=nil yaw=nil (2537ms)
[2026-06-15 09:26:42] [hand_detect] IN: hand_detect 1920x1080 → OUT: detected=false landmarks=nil confidence=0
[2026-06-15 09:26:42] [face_detect] IN: face_detect → OUT: detected=false landmarks=nil roll=nil pitch=nil yaw=nil (3155ms)
[2026-06-15 09:26:42] [hand_detect] IN: hand_detect 1920x1080 → OUT: detected=false landmarks=nil confidence=0
[2026-06-15 09:26:42] [face_detect] IN: face_detect → OUT: detected=false landmarks=nil roll=nil pitch=nil yaw=nil (3129ms)
[2026-06-15 09:26:42] [hand_detect] IN: hand_detect 1920x1080 → OUT: detected=false landmarks=nil confidence=0
[2026-06-15 09:26:42] [face_detect] IN: face_detect → OUT: detected=false landmarks=nil roll=nil pitch=nil yaw=nil (2796ms)
[2026-06-15 09:26:42] [hand_detect] IN: hand_detect 1920x1080 → OUT: detected=false landmarks=nil confidence=0
[2026-06-15 09:26:42] [face_detect] IN: face_detect → OUT: detected=false landmarks=nil roll=nil pitch=nil yaw=nil (2733ms)
[2026-06-15 09:26:42] [hand_detect] IN: hand_detect 1920x1080 → OUT: detected=false landmarks=nil confidence=0
[2026-06-15 09:26:42] [face_detect] IN: face_detect → OUT: detected=false landmarks=nil roll=nil pitch=nil yaw=nil (2866ms)
[2026-06-15 09:26:43] [hand_detect] IN: hand_detect 1920x1080 → OUT: detected=false landmarks=nil confidence=0
[2026-06-15 09:26:43] [face_detect] IN: face_detect → OUT: detected=false landmarks=nil roll=nil pitch=nil yaw=nil (2953ms)
[2026-06-15 09:26:43] [hand_detect] IN: hand_detect 1920x1080 → OUT: detected=false landmarks=nil confidence=0
[2026-06-15 09:26:43] [face_detect] IN: face_detect → OUT: detected=false landmarks=nil roll=nil pitch=nil yaw=nil (2841ms)
[2026-06-15 09:26:43] [hand_detect] IN: hand_detect 1920x1080 → OUT: detected=false landmarks=nil confidence=0
[2026-06-15 09:26:43] [face_detect] IN: face_detect → OUT: detected=false landmarks=nil roll=nil pitch=nil yaw=nil (3530ms)
[2026-06-15 09:26:43] [hand_detect] IN: hand_detect 1920x1080 → OUT: detected=false landmarks=nil confidence=0
[2026-06-15 09:26:43] [face_detect] IN: face_detect → OUT: detected=false landmarks=nil roll=nil pitch=nil yaw=nil (4324ms)
[2026-06-15 09:26:43] [hand_detect] IN: hand_detect 1920x1080 → OUT: detected=false landmarks=nil confidence=0
[2026-06-15 09:26:43] [face_detect] IN: face_detect → OUT: detected=false landmarks=nil roll=nil pitch=nil yaw=nil (2884ms)
[2026-06-15 09:26:43] [hand_detect] IN: hand_detect 1920x1080 → OUT: detected=false landmarks=nil confidence=0
[2026-06-15 09:26:43] [face_detect] IN: face_detect → OUT: detected=false landmarks=nil roll=nil pitch=nil yaw=nil (2871ms)
[2026-06-15 09:26:43] [hand_detect] IN: hand_detect 1920x1080 → OUT: detected=false landmarks=nil confidence=0
[2026-06-15 09:26:43] [face_detect] IN: face_detect → OUT: detected=false landmarks=nil roll=nil pitch=nil yaw=nil (2963ms)
[2026-06-15 09:26:43] [hand_detect] IN: hand_detect 1920x1080 → OUT: detected=false landmarks=nil confidence=0
[2026-06-15 09:26:43] [face_detect] IN: face_detect → OUT: detected=false landmarks=nil roll=nil pitch=nil yaw=nil (2928ms)
[2026-06-15 09:26:43] [hand_detect] IN: hand_detect 1920x1080 → OUT: detected=false landmarks=nil confidence=0
[2026-06-15 09:26:43] [face_detect] IN: face_detect → OUT: detected=false landmarks=nil roll=nil pitch=nil yaw=nil (3111ms)
[2026-06-15 09:26:43] [hand_detect] IN: hand_detect 1920x1080 → OUT: detected=false landmarks=nil confidence=0
[2026-06-15 09:26:43] [face_detect] IN: face_detect → OUT: detected=false landmarks=nil roll=nil pitch=nil yaw=nil (2890ms)
[2026-06-15 09:26:43] [hand_detect] IN: hand_detect 1920x1080 → OUT: detected=false landmarks=nil confidence=0
[2026-06-15 09:26:43] [face_detect] IN: face_detect → OUT: detected=false landmarks=nil roll=nil pitch=nil yaw=nil (2806ms)
[2026-06-15 09:26:43] [hand_detect] IN: hand_detect 1920x1080 → OUT: detected=false landmarks=nil confidence=0
[2026-06-15 09:26:43] [face_detect] IN: face_detect → OUT: detected=false landmarks=nil roll=nil pitch=nil yaw=nil (2933ms)
[2026-06-15 09:26:43] [hand_detect] IN: hand_detect 1920x1080 → OUT: detected=false landmarks=nil confidence=0
[2026-06-15 09:26:43] [face_detect] IN: face_detect → OUT: detected=false landmarks=nil roll=nil pitch=nil yaw=nil (2912ms)
[2026-06-15 09:26:43] [hand_detect] IN: hand_detect 1920x1080 → OUT: detected=false landmarks=nil confidence=0
[2026-06-15 09:26:43] [face_detect] IN: face_detect → OUT: detected=false landmarks=nil roll=nil pitch=nil yaw=nil (2803ms)
[2026-06-15 09:26:43] [hand_detect] IN: hand_detect 1920x1080 → OUT: detected=false landmarks=nil confidence=0
[2026-06-15 09:26:43] [face_detect] IN: face_detect → OUT: detected=false landmarks=nil roll=nil pitch=nil yaw=nil (3068ms)
[2026-06-15 09:26:43] [hand_detect] IN: hand_detect 1920x1080 → OUT: detected=false landmarks=nil confidence=0
[2026-06-15 09:26:43] [face_detect] IN: face_detect → OUT: detected=false landmarks=nil roll=nil pitch=nil yaw=nil (3152ms)
[2026-06-15 09:26:43] [hand_detect] IN: hand_detect 1920x1080 → OUT: detected=false landmarks=nil confidence=0
[2026-06-15 09:26:43] [face_detect] IN: face_detect → OUT: detected=false landmarks=nil roll=nil pitch=nil yaw=nil (2953ms)
[2026-06-15 09:26:43] [axScan] IN: windows=22 → OUT: raw=2007 visible=1906 (784ms)
[2026-06-15 09:26:43] [hand_detect] IN: hand_detect 1920x1080 → OUT: detected=false landmarks=nil confidence=0
[2026-06-15 09:26:43] [face_detect] IN: face_detect → OUT: detected=false landmarks=nil roll=nil pitch=nil yaw=nil (2871ms)
[2026-06-15 09:26:43] [hand_detect] IN: hand_detect 1920x1080 → OUT: detected=false landmarks=nil confidence=0
[2026-06-15 09:26:43] [face_detect] IN: face_detect → OUT: detected=false landmarks=nil roll=nil pitch=nil yaw=nil (2719ms)
[2026-06-15 09:26:43] [hand_detect] IN: hand_detect 1920x1080 → OUT: detected=false landmarks=nil confidence=0
[2026-06-15 09:26:43] [face_detect] IN: face_detect → OUT: detected=false landmarks=nil roll=nil pitch=nil yaw=nil (2745ms)
[2026-06-15 09:26:43] [hand_detect] IN: hand_detect 1920x1080 → OUT: detected=false landmarks=nil confidence=0
[2026-06-15 09:26:43] [face_detect] IN: face_detect → OUT: detected=false landmarks=nil roll=nil pitch=nil yaw=nil (2670ms)
[2026-06-15 09:26:43] [hand_detect] IN: hand_detect 1920x1080 → OUT: detected=false landmarks=nil confidence=0
[2026-06-15 09:26:43] [face_detect] IN: face_detect → OUT: detected=false landmarks=nil roll=nil pitch=nil yaw=nil (2912ms)
[2026-06-15 09:26:43] [hand_detect] IN: hand_detect 1920x1080 → OUT: detected=false landmarks=nil confidence=0
[2026-06-15 09:26:43] [face_detect] IN: face_detect → OUT: detected=false landmarks=nil roll=nil pitch=nil yaw=nil (2841ms)
[2026-06-15 09:26:43] [axMatch] IN: cursor=(1129,280) → OUT: lost (0ms)
[2026-06-15 09:26:43] [hand_detect] IN: hand_detect 1920x1080 → OUT: detected=false landmarks=nil confidence=0
[2026-06-15 09:26:43] [face_detect] IN: face_detect → OUT: detected=false landmarks=nil roll=nil pitch=nil yaw=nil (3616ms)
[2026-06-15 09:26:43] [hand_detect] IN: hand_detect 1920x1080 → OUT: detected=false landmarks=nil confidence=0
[2026-06-15 09:26:43] [face_detect] IN: face_detect → OUT: detected=false landmarks=nil roll=nil pitch=nil yaw=nil (2853ms)
[2026-06-15 09:26:43] [hand_detect] IN: hand_detect 1920x1080 → OUT: detected=false landmarks=nil confidence=0
[2026-06-15 09:26:43] [face_detect] IN: face_detect → OUT: detected=false landmarks=nil roll=nil pitch=nil yaw=nil (3077ms)
[2026-06-15 09:26:43] [hand_detect] IN: hand_detect 1920x1080 → OUT: detected=false landmarks=nil confidence=0
[2026-06-15 09:26:43] [face_detect] IN: face_detect → OUT: detected=false landmarks=nil roll=nil pitch=nil yaw=nil (3179ms)
[2026-06-15 09:26:43] [hand_detect] IN: hand_detect 1920x1080 → OUT: detected=false landmarks=nil confidence=0
[2026-06-15 09:26:43] [face_detect] IN: face_detect → OUT: detected=false landmarks=nil roll=nil pitch=nil yaw=nil (3189ms)
[2026-06-15 09:26:43] [hand_detect] IN: hand_detect 1920x1080 → OUT: detected=false landmarks=nil confidence=0
[2026-06-15 09:26:43] [face_detect] IN: face_detect → OUT: detected=false landmarks=nil roll=nil pitch=nil yaw=nil (2903ms)
[2026-06-15 09:26:43] [hand_detect] IN: hand_detect 1920x1080 → OUT: detected=false landmarks=nil confidence=0
[2026-06-15 09:26:43] [face_detect] IN: face_detect → OUT: detected=false landmarks=nil roll=nil pitch=nil yaw=nil (2989ms)
[2026-06-15 09:26:44] [hand_detect] IN: hand_detect 1920x1080 → OUT: detected=false landmarks=nil confidence=0
[2026-06-15 09:26:44] [face_detect] IN: face_detect → OUT: detected=false landmarks=nil roll=nil pitch=nil yaw=nil (2843ms)
[2026-06-15 09:26:44] [hand_detect] IN: hand_detect 1920x1080 → OUT: detected=false landmarks=nil confidence=0
[2026-06-15 09:26:44] [face_detect] IN: face_detect → OUT: detected=false landmarks=nil roll=nil pitch=nil yaw=nil (2872ms)
[2026-06-15 09:26:44] [hand_detect] IN: hand_detect 1920x1080 → OUT: detected=false landmarks=nil confidence=0
[2026-06-15 09:26:44] [face_detect] IN: face_detect → OUT: detected=false landmarks=nil roll=nil pitch=nil yaw=nil (2868ms)
[2026-06-15 09:26:44] [hand_detect] IN: hand_detect 1920x1080 → OUT: detected=false landmarks=nil confidence=0
[2026-06-15 09:26:44] [face_detect] IN: face_detect → OUT: detected=false landmarks=nil roll=nil pitch=nil yaw=nil (3588ms)
[2026-06-15 09:26:44] [hand_detect] IN: hand_detect 1920x1080 → OUT: detected=false landmarks=nil confidence=0
[2026-06-15 09:26:44] [face_detect] IN: face_detect → OUT: detected=false landmarks=nil roll=nil pitch=nil yaw=nil (2894ms)
[2026-06-15 09:26:44] [hand_detect] IN: hand_detect 1920x1080 → OUT: detected=false landmarks=nil confidence=0
[2026-06-15 09:26:44] [face_detect] IN: face_detect → OUT: detected=false landmarks=nil roll=nil pitch=nil yaw=nil (2828ms)
[2026-06-15 09:26:44] [hand_detect] IN: hand_detect 1920x1080 → OUT: detected=false landmarks=nil confidence=0
[2026-06-15 09:26:44] [face_detect] IN: face_detect → OUT: detected=false landmarks=nil roll=nil pitch=nil yaw=nil (2939ms)
[2026-06-15 09:26:44] [hand_detect] IN: hand_detect 1920x1080 → OUT: detected=false landmarks=nil confidence=0
[2026-06-15 09:26:44] [face_detect] IN: face_detect → OUT: detected=false landmarks=nil roll=nil pitch=nil yaw=nil (2750ms)
[2026-06-15 09:26:44] [axMatch] IN: cursor=(1148,280) → OUT: role=AXImage title= (0ms)
[2026-06-15 09:26:44] [hand_detect] IN: hand_detect 1920x1080 → OUT: detected=false landmarks=nil confidence=0
[2026-06-15 09:26:44] [face_detect] IN: face_detect → OUT: detected=false landmarks=nil roll=nil pitch=nil yaw=nil (2707ms)
[2026-06-15 09:26:44] [hand_detect] IN: hand_detect 1920x1080 → OUT: detected=false landmarks=nil confidence=0
[2026-06-15 09:26:44] [face_detect] IN: face_detect → OUT: detected=false landmarks=nil roll=nil pitch=nil yaw=nil (2863ms)
[2026-06-15 09:26:44] [hand_detect] IN: hand_detect 1920x1080 → OUT: detected=false landmarks=nil confidence=0
[2026-06-15 09:26:44] [face_detect] IN: face_detect → OUT: detected=false landmarks=nil roll=nil pitch=nil yaw=nil (2798ms)
[2026-06-15 09:26:44] [hand_detect] IN: hand_detect 1920x1080 → OUT: detected=false landmarks=nil confidence=0
[2026-06-15 09:26:44] [face_detect] IN: face_detect → OUT: detected=false landmarks=nil roll=nil pitch=nil yaw=nil (8726ms)
[2026-06-15 09:26:44] [hand_detect] IN: hand_detect 1920x1080 → OUT: detected=false landmarks=nil confidence=0
[2026-06-15 09:26:44] [face_detect] IN: face_detect → OUT: detected=false landmarks=nil roll=nil pitch=nil yaw=nil (2894ms)
[2026-06-15 09:26:44] [hand_detect] IN: hand_detect 1920x1080 → OUT: detected=false landmarks=nil confidence=0
[2026-06-15 09:26:44] [face_detect] IN: face_detect → OUT: detected=false landmarks=nil roll=nil pitch=nil yaw=nil (7776ms)
[2026-06-15 09:26:44] [hand_detect] IN: hand_detect 1920x1080 → OUT: detected=false landmarks=nil confidence=0
[2026-06-15 09:26:44] [face_detect] IN: face_detect → OUT: detected=false landmarks=nil roll=nil pitch=nil yaw=nil (3656ms)
[2026-06-15 09:26:44] [hand_detect] IN: hand_detect 1920x1080 → OUT: detected=false landmarks=nil confidence=0
[2026-06-15 09:26:44] [face_detect] IN: face_detect → OUT: detected=false landmarks=nil roll=nil pitch=nil yaw=nil (2969ms)
[2026-06-15 09:26:44] [hand_detect] IN: hand_detect 1920x1080 → OUT: detected=false landmarks=nil confidence=0
[2026-06-15 09:26:44] [face_detect] IN: face_detect → OUT: detected=false landmarks=nil roll=nil pitch=nil yaw=nil (2792ms)
[2026-06-15 09:26:44] [hand_detect] IN: hand_detect 1920x1080 → OUT: detected=false landmarks=nil confidence=0
[2026-06-15 09:26:44] [face_detect] IN: face_detect → OUT: detected=false landmarks=nil roll=nil pitch=nil yaw=nil (3198ms)
[2026-06-15 09:26:44] [hand_detect] IN: hand_detect 1920x1080 → OUT: detected=false landmarks=nil confidence=0
[2026-06-15 09:26:44] [face_detect] IN: face_detect → OUT: detected=false landmarks=nil roll=nil pitch=nil yaw=nil (2795ms)
[2026-06-15 09:26:44] [hand_detect] IN: hand_detect 1920x1080 → OUT: detected=false landmarks=nil confidence=0
[2026-06-15 09:26:44] [face_detect] IN: face_detect → OUT: detected=false landmarks=nil roll=nil pitch=nil yaw=nil (2897ms)
[2026-06-15 09:26:44] [axScan] IN: windows=22 → OUT: raw=2007 visible=1906 (880ms)
[2026-06-15 09:26:44] [hand_detect] IN: hand_detect 1920x1080 → OUT: detected=false landmarks=nil confidence=0
[2026-06-15 09:26:44] [face_detect] IN: face_detect → OUT: detected=false landmarks=nil roll=nil pitch=nil yaw=nil (3536ms)
[2026-06-15 09:26:44] [hand_detect] IN: hand_detect 1920x1080 → OUT: detected=false landmarks=nil confidence=0
[2026-06-15 09:26:44] [face_detect] IN: face_detect → OUT: detected=false landmarks=nil roll=nil pitch=nil yaw=nil (2803ms)
[2026-06-15 09:26:44] [hand_detect] IN: hand_detect 1920x1080 → OUT: detected=false landmarks=nil confidence=0
[2026-06-15 09:26:44] [face_detect] IN: face_detect → OUT: detected=false landmarks=nil roll=nil pitch=nil yaw=nil (2652ms)
[2026-06-15 09:26:44] [axMatch] IN: cursor=(771,705) → OUT: lost (0ms)
[2026-06-15 09:26:44] [hand_detect] IN: hand_detect 1920x1080 → OUT: detected=false landmarks=nil confidence=0
[2026-06-15 09:26:44] [face_detect] IN: face_detect → OUT: detected=false landmarks=nil roll=nil pitch=nil yaw=nil (2927ms)
[2026-06-15 09:26:44] [hand_detect] IN: hand_detect 1920x1080 → OUT: detected=false landmarks=nil confidence=0
[2026-06-15 09:26:44] [face_detect] IN: face_detect → OUT: detected=false landmarks=nil roll=nil pitch=nil yaw=nil (2956ms)
[2026-06-15 09:26:44] [hand_detect] IN: hand_detect 1920x1080 → OUT: detected=false landmarks=nil confidence=0
[2026-06-15 09:26:44] [face_detect] IN: face_detect → OUT: detected=false landmarks=nil roll=nil pitch=nil yaw=nil (3005ms)
[2026-06-15 09:26:44] [hand_detect] IN: hand_detect 1920x1080 → OUT: detected=false landmarks=nil confidence=0
[2026-06-15 09:26:44] [face_detect] IN: face_detect → OUT: detected=false landmarks=nil roll=nil pitch=nil yaw=nil (2963ms)
[2026-06-15 09:26:44] [hand_detect] IN: hand_detect 1920x1080 → OUT: detected=false landmarks=nil confidence=0
[2026-06-15 09:26:44] [face_detect] IN: face_detect → OUT: detected=false landmarks=nil roll=nil pitch=nil yaw=nil (2990ms)
[2026-06-15 09:26:44] [hand_detect] IN: hand_detect 1920x1080 → OUT: detected=false landmarks=nil confidence=0
[2026-06-15 09:26:44] [face_detect] IN: face_detect → OUT: detected=false landmarks=nil roll=nil pitch=nil yaw=nil (2768ms)
[2026-06-15 09:26:44] [hand_detect] IN: hand_detect 1920x1080 → OUT: detected=false landmarks=nil confidence=0
[2026-06-15 09:26:44] [face_detect] IN: face_detect → OUT: detected=false landmarks=nil roll=nil pitch=nil yaw=nil (3072ms)
[2026-06-15 09:26:45] [hand_detect] IN: hand_detect 1920x1080 → OUT: detected=false landmarks=nil confidence=0
[2026-06-15 09:26:45] [face_detect] IN: face_detect → OUT: detected=false landmarks=nil roll=nil pitch=nil yaw=nil (2821ms)
[2026-06-15 09:26:45] [hand_detect] IN: hand_detect 1920x1080 → OUT: detected=false landmarks=nil confidence=0
[2026-06-15 09:26:45] [face_detect] IN: face_detect → OUT: detected=false landmarks=nil roll=nil pitch=nil yaw=nil (2949ms)
[2026-06-15 09:26:45] [hand_detect] IN: hand_detect 1920x1080 → OUT: detected=false landmarks=nil confidence=0
[2026-06-15 09:26:45] [face_detect] IN: face_detect → OUT: detected=false landmarks=nil roll=nil pitch=nil yaw=nil (3167ms)
[2026-06-15 09:26:45] [hand_detect] IN: hand_detect 1920x1080 → OUT: detected=false landmarks=nil confidence=0
[2026-06-15 09:26:45] [face_detect] IN: face_detect → OUT: detected=false landmarks=nil roll=nil pitch=nil yaw=nil (2784ms)
[2026-06-15 09:26:45] [hand_detect] IN: hand_detect 1920x1080 → OUT: detected=false landmarks=nil confidence=0
[2026-06-15 09:26:45] [face_detect] IN: face_detect → OUT: detected=false landmarks=nil roll=nil pitch=nil yaw=nil (2747ms)
[2026-06-15 09:26:45] [hand_detect] IN: hand_detect 1920x1080 → OUT: detected=false landmarks=nil confidence=0
[2026-06-15 09:26:45] [face_detect] IN: face_detect → OUT: detected=false landmarks=nil roll=nil pitch=nil yaw=nil (2769ms)
[2026-06-15 09:26:45] [hand_detect] IN: hand_detect 1920x1080 → OUT: detected=false landmarks=nil confidence=0
[2026-06-15 09:26:45] [face_detect] IN: face_detect → OUT: detected=false landmarks=nil roll=nil pitch=nil yaw=nil (2802ms)
[2026-06-15 09:26:45] [hand_detect] IN: hand_detect 1920x1080 → OUT: detected=false landmarks=nil confidence=0
[2026-06-15 09:26:45] [face_detect] IN: face_detect → OUT: detected=false landmarks=nil roll=nil pitch=nil yaw=nil (2720ms)
[2026-06-15 09:26:45] [axMatch] IN: cursor=(719,937) → OUT: role=AXTextArea title= (0ms)
[2026-06-15 09:26:45] [hand_detect] IN: hand_detect 1920x1080 → OUT: detected=false landmarks=nil confidence=0
[2026-06-15 09:26:45] [face_detect] IN: face_detect → OUT: detected=false landmarks=nil roll=nil pitch=nil yaw=nil (3132ms)
[2026-06-15 09:26:45] [hand_detect] IN: hand_detect 1920x1080 → OUT: detected=false landmarks=nil confidence=0
[2026-06-15 09:26:45] [face_detect] IN: face_detect → OUT: detected=false landmarks=nil roll=nil pitch=nil yaw=nil (3018ms)
[2026-06-15 09:26:45] [hand_detect] IN: hand_detect 1920x1080 → OUT: detected=false landmarks=nil confidence=0
[2026-06-15 09:26:45] [face_detect] IN: face_detect → OUT: detected=false landmarks=nil roll=nil pitch=nil yaw=nil (2912ms)
[2026-06-15 09:26:45] [hand_detect] IN: hand_detect 1920x1080 → OUT: detected=false landmarks=nil confidence=0
[2026-06-15 09:26:45] [face_detect] IN: face_detect → OUT: detected=false landmarks=nil roll=nil pitch=nil yaw=nil (3293ms)
[2026-06-15 09:26:45] [hand_detect] IN: hand_detect 1920x1080 → OUT: detected=false landmarks=nil confidence=0
[2026-06-15 09:26:45] [face_detect] IN: face_detect → OUT: detected=false landmarks=nil roll=nil pitch=nil yaw=nil (2784ms)
[2026-06-15 09:26:45] [hand_detect] IN: hand_detect 1920x1080 → OUT: detected=false landmarks=nil confidence=0
[2026-06-15 09:26:45] [face_detect] IN: face_detect → OUT: detected=false landmarks=nil roll=nil pitch=nil yaw=nil (2732ms)
[2026-06-15 09:26:45] [hand_detect] IN: hand_detect 1920x1080 → OUT: detected=false landmarks=nil confidence=0
[2026-06-15 09:26:45] [face_detect] IN: face_detect → OUT: detected=false landmarks=nil roll=nil pitch=nil yaw=nil (3558ms)
[2026-06-15 09:26:45] [hand_detect] IN: hand_detect 1920x1080 → OUT: detected=false landmarks=nil confidence=0
[2026-06-15 09:26:45] [face_detect] IN: face_detect → OUT: detected=false landmarks=nil roll=nil pitch=nil yaw=nil (2884ms)
[2026-06-15 09:26:45] [hand_detect] IN: hand_detect 1920x1080 → OUT: detected=false landmarks=nil confidence=0
[2026-06-15 09:26:45] [face_detect] IN: face_detect → OUT: detected=false landmarks=nil roll=nil pitch=nil yaw=nil (3332ms)
[2026-06-15 09:26:45] [hand_detect] IN: hand_detect 1920x1080 → OUT: detected=false landmarks=nil confidence=0
[2026-06-15 09:26:45] [face_detect] IN: face_detect → OUT: detected=false landmarks=nil roll=nil pitch=nil yaw=nil (3031ms)
[2026-06-15 09:26:45] [hand_detect] IN: hand_detect 1920x1080 → OUT: detected=false landmarks=nil confidence=0
[2026-06-15 09:26:45] [axScan] IN: windows=22 → OUT: raw=2007 visible=1906 (834ms)
[2026-06-15 09:26:45] [face_detect] IN: face_detect → OUT: detected=false landmarks=nil roll=nil pitch=nil yaw=nil (2709ms)
[2026-06-15 09:26:45] [hand_detect] IN: hand_detect 1920x1080 → OUT: detected=false landmarks=nil confidence=0
[2026-06-15 09:26:45] [face_detect] IN: face_detect → OUT: detected=false landmarks=nil roll=nil pitch=nil yaw=nil (3157ms)
[2026-06-15 09:26:45] [hand_detect] IN: hand_detect 1920x1080 → OUT: detected=false landmarks=nil confidence=0
[2026-06-15 09:26:45] [face_detect] IN: face_detect → OUT: detected=false landmarks=nil roll=nil pitch=nil yaw=nil (2817ms)
[2026-06-15 09:26:45] [hand_detect] IN: hand_detect 1920x1080 → OUT: detected=false landmarks=nil confidence=0
[2026-06-15 09:26:45] [face_detect] IN: face_detect → OUT: detected=false landmarks=nil roll=nil pitch=nil yaw=nil (2954ms)
[2026-06-15 09:26:45] [hand_detect] IN: hand_detect 1920x1080 → OUT: detected=false landmarks=nil confidence=0
[2026-06-15 09:26:45] [face_detect] IN: face_detect → OUT: detected=false landmarks=nil roll=nil pitch=nil yaw=nil (2786ms)
[2026-06-15 09:26:45] [hand_detect] IN: hand_detect 1920x1080 → OUT: detected=false landmarks=nil confidence=0
[2026-06-15 09:26:45] [face_detect] IN: face_detect → OUT: detected=false landmarks=nil roll=nil pitch=nil yaw=nil (2936ms)
[2026-06-15 09:26:45] [hand_detect] IN: hand_detect 1920x1080 → OUT: detected=false landmarks=nil confidence=0
[2026-06-15 09:26:45] [face_detect] IN: face_detect → OUT: detected=false landmarks=nil roll=nil pitch=nil yaw=nil (2929ms)
[2026-06-15 09:26:45] [hand_detect] IN: hand_detect 1920x1080 → OUT: detected=false landmarks=nil confidence=0
[2026-06-15 09:26:45] [face_detect] IN: face_detect → OUT: detected=false landmarks=nil roll=nil pitch=nil yaw=nil (3088ms)
[2026-06-15 09:26:45] [hand_detect] IN: hand_detect 1920x1080 → OUT: detected=false landmarks=nil confidence=0
[2026-06-15 09:26:45] [face_detect] IN: face_detect → OUT: detected=false landmarks=nil roll=nil pitch=nil yaw=nil (3336ms)
[2026-06-15 09:26:45] [hand_detect] IN: hand_detect 1920x1080 → OUT: detected=false landmarks=nil confidence=0
[2026-06-15 09:26:45] [face_detect] IN: face_detect → OUT: detected=false landmarks=nil roll=nil pitch=nil yaw=nil (2897ms)
[2026-06-15 09:26:45] [hand_detect] IN: hand_detect 1920x1080 → OUT: detected=false landmarks=nil confidence=0
[2026-06-15 09:26:45] [face_detect] IN: face_detect → OUT: detected=false landmarks=nil roll=nil pitch=nil yaw=nil (2875ms)
[2026-06-15 09:26:45] [hand_detect] IN: hand_detect 1920x1080 → OUT: detected=false landmarks=nil confidence=0
[2026-06-15 09:26:45] [face_detect] IN: face_detect → OUT: detected=false landmarks=nil roll=nil pitch=nil yaw=nil (2802ms)
[2026-06-15 09:26:46] [hand_detect] IN: hand_detect 1920x1080 → OUT: detected=false landmarks=nil confidence=0
[2026-06-15 09:26:46] [face_detect] IN: face_detect → OUT: detected=false landmarks=nil roll=nil pitch=nil yaw=nil (2812ms)
[2026-06-15 09:26:46] [hand_detect] IN: hand_detect 1920x1080 → OUT: detected=false landmarks=nil confidence=0
[2026-06-15 09:26:46] [face_detect] IN: face_detect → OUT: detected=false landmarks=nil roll=nil pitch=nil yaw=nil (3345ms)
[2026-06-15 09:26:46] [hand_detect] IN: hand_detect 1920x1080 → OUT: detected=false landmarks=nil confidence=0
[2026-06-15 09:26:46] [face_detect] IN: face_detect → OUT: detected=false landmarks=nil roll=nil pitch=nil yaw=nil (2883ms)
[2026-06-15 09:26:46] [hand_detect] IN: hand_detect 1920x1080 → OUT: detected=false landmarks=nil confidence=0
[2026-06-15 09:26:46] [face_detect] IN: face_detect → OUT: detected=false landmarks=nil roll=nil pitch=nil yaw=nil (3276ms)
[2026-06-15 09:26:46] [hand_detect] IN: hand_detect 1920x1080 → OUT: detected=false landmarks=nil confidence=0
[2026-06-15 09:26:46] [face_detect] IN: face_detect → OUT: detected=false landmarks=nil roll=nil pitch=nil yaw=nil (2925ms)
[2026-06-15 09:26:46] [hand_detect] IN: hand_detect 1920x1080 → OUT: detected=false landmarks=nil confidence=0
[2026-06-15 09:26:46] [face_detect] IN: face_detect → OUT: detected=false landmarks=nil roll=nil pitch=nil yaw=nil (2937ms)
[2026-06-15 09:26:46] [hand_detect] IN: hand_detect 1920x1080 → OUT: detected=false landmarks=nil confidence=0
[2026-06-15 09:26:46] [face_detect] IN: face_detect → OUT: detected=false landmarks=nil roll=nil pitch=nil yaw=nil (2807ms)
[2026-06-15 09:26:46] [hand_detect] IN: hand_detect 1920x1080 → OUT: detected=false landmarks=nil confidence=0
[2026-06-15 09:26:46] [face_detect] IN: face_detect → OUT: detected=false landmarks=nil roll=nil pitch=nil yaw=nil (3030ms)
[2026-06-15 09:26:46] [hand_detect] IN: hand_detect 1920x1080 → OUT: detected=false landmarks=nil confidence=0
[2026-06-15 09:26:46] [face_detect] IN: face_detect → OUT: detected=false landmarks=nil roll=nil pitch=nil yaw=nil (2854ms)
[2026-06-15 09:26:46] [hand_detect] IN: hand_detect 1920x1080 → OUT: detected=false landmarks=nil confidence=0
[2026-06-15 09:26:46] [face_detect] IN: face_detect → OUT: detected=false landmarks=nil roll=nil pitch=nil yaw=nil (3293ms)
[2026-06-15 09:26:46] [hand_detect] IN: hand_detect 1920x1080 → OUT: detected=false landmarks=nil confidence=0
[2026-06-15 09:26:46] [face_detect] IN: face_detect → OUT: detected=false landmarks=nil roll=nil pitch=nil yaw=nil (2740ms)
[2026-06-15 09:26:46] [hand_detect] IN: hand_detect 1920x1080 → OUT: detected=false landmarks=nil confidence=0
[2026-06-15 09:26:46] [face_detect] IN: face_detect → OUT: detected=false landmarks=nil roll=nil pitch=nil yaw=nil (3148ms)
[2026-06-15 09:26:46] [hand_detect] IN: hand_detect 1920x1080 → OUT: detected=false landmarks=nil confidence=0
[2026-06-15 09:26:46] [face_detect] IN: face_detect → OUT: detected=false landmarks=nil roll=nil pitch=nil yaw=nil (2802ms)
[2026-06-15 09:26:46] [hand_detect] IN: hand_detect 1920x1080 → OUT: detected=false landmarks=nil confidence=0
[2026-06-15 09:26:46] [face_detect] IN: face_detect → OUT: detected=false landmarks=nil roll=nil pitch=nil yaw=nil (3594ms)
[2026-06-15 09:26:46] [hand_detect] IN: hand_detect 1920x1080 → OUT: detected=false landmarks=nil confidence=0
[2026-06-15 09:26:46] [face_detect] IN: face_detect → OUT: detected=false landmarks=nil roll=nil pitch=nil yaw=nil (2878ms)
[2026-06-15 09:26:46] [hand_detect] IN: hand_detect 1920x1080 → OUT: detected=false landmarks=nil confidence=0
[2026-06-15 09:26:46] [face_detect] IN: face_detect → OUT: detected=false landmarks=nil roll=nil pitch=nil yaw=nil (2910ms)
[2026-06-15 09:26:46] [axScan] IN: windows=22 → OUT: raw=2007 visible=1906 (758ms)
[2026-06-15 09:26:46] [hand_detect] IN: hand_detect 1920x1080 → OUT: detected=false landmarks=nil confidence=0
[2026-06-15 09:26:46] [face_detect] IN: face_detect → OUT: detected=false landmarks=nil roll=nil pitch=nil yaw=nil (2774ms)
[2026-06-15 09:26:46] [hand_detect] IN: hand_detect 1920x1080 → OUT: detected=false landmarks=nil confidence=0
[2026-06-15 09:26:46] [face_detect] IN: face_detect → OUT: detected=false landmarks=nil roll=nil pitch=nil yaw=nil (3005ms)
[2026-06-15 09:26:46] [hand_detect] IN: hand_detect 1920x1080 → OUT: detected=false landmarks=nil confidence=0
[2026-06-15 09:26:46] [face_detect] IN: face_detect → OUT: detected=false landmarks=nil roll=nil pitch=nil yaw=nil (3150ms)
[2026-06-15 09:26:46] [hand_detect] IN: hand_detect 1920x1080 → OUT: detected=false landmarks=nil confidence=0
[2026-06-15 09:26:46] [face_detect] IN: face_detect → OUT: detected=false landmarks=nil roll=nil pitch=nil yaw=nil (3098ms)
[2026-06-15 09:26:46] [hand_detect] IN: hand_detect 1920x1080 → OUT: detected=false landmarks=nil confidence=0
[2026-06-15 09:26:46] [face_detect] IN: face_detect → OUT: detected=false landmarks=nil roll=nil pitch=nil yaw=nil (3509ms)
[2026-06-15 09:26:46] [hand_detect] IN: hand_detect 1920x1080 → OUT: detected=false landmarks=nil confidence=0
[2026-06-15 09:26:46] [face_detect] IN: face_detect → OUT: detected=false landmarks=nil roll=nil pitch=nil yaw=nil (2747ms)
[2026-06-15 09:26:46] [hand_detect] IN: hand_detect 1920x1080 → OUT: detected=false landmarks=nil confidence=0
[2026-06-15 09:26:46] [face_detect] IN: face_detect → OUT: detected=false landmarks=nil roll=nil pitch=nil yaw=nil (18249ms)
[2026-06-15 09:26:46] [axMatch] IN: cursor=(1426,354) → OUT: role=AXRow title= (0ms)
[2026-06-15 09:26:46] [hand_detect] IN: hand_detect 1920x1080 → OUT: detected=false landmarks=nil confidence=0
[2026-06-15 09:26:46] [face_detect] IN: face_detect → OUT: detected=false landmarks=nil roll=nil pitch=nil yaw=nil (2935ms)
[2026-06-15 09:26:46] [hand_detect] IN: hand_detect 1920x1080 → OUT: detected=false landmarks=nil confidence=0
[2026-06-15 09:26:46] [face_detect] IN: face_detect → OUT: detected=false landmarks=nil roll=nil pitch=nil yaw=nil (2714ms)
[2026-06-15 09:26:46] [hand_detect] IN: hand_detect 1920x1080 → OUT: detected=false landmarks=nil confidence=0
[2026-06-15 09:26:46] [face_detect] IN: face_detect → OUT: detected=false landmarks=nil roll=nil pitch=nil yaw=nil (3109ms)
[2026-06-15 09:26:46] [hand_detect] IN: hand_detect 1920x1080 → OUT: detected=false landmarks=nil confidence=0
[2026-06-15 09:26:46] [face_detect] IN: face_detect → OUT: detected=false landmarks=nil roll=nil pitch=nil yaw=nil (2910ms)
[2026-06-15 09:26:46] [hand_detect] IN: hand_detect 1920x1080 → OUT: detected=false landmarks=nil confidence=0
[2026-06-15 09:26:46] [face_detect] IN: face_detect → OUT: detected=false landmarks=nil roll=nil pitch=nil yaw=nil (2761ms)
[2026-06-15 09:26:46] [hand_detect] IN: hand_detect 1920x1080 → OUT: detected=false landmarks=nil confidence=0
[2026-06-15 09:26:46] [face_detect] IN: face_detect → OUT: detected=false landmarks=nil roll=nil pitch=nil yaw=nil (2874ms)
[2026-06-15 09:26:46] [hand_detect] IN: hand_detect 1920x1080 → OUT: detected=false landmarks=nil confidence=0
[2026-06-15 09:26:46] [face_detect] IN: face_detect → OUT: detected=false landmarks=nil roll=nil pitch=nil yaw=nil (3481ms)
[2026-06-15 09:26:47] [hand_detect] IN: hand_detect 1920x1080 → OUT: detected=false landmarks=nil confidence=0
[2026-06-15 09:26:47] [face_detect] IN: face_detect → OUT: detected=false landmarks=nil roll=nil pitch=nil yaw=nil (2938ms)
[2026-06-15 09:26:47] [hand_detect] IN: hand_detect 1920x1080 → OUT: detected=false landmarks=nil confidence=0
[2026-06-15 09:26:47] [face_detect] IN: face_detect → OUT: detected=false landmarks=nil roll=nil pitch=nil yaw=nil (2905ms)
[2026-06-15 09:26:47] [hand_detect] IN: hand_detect 1920x1080 → OUT: detected=false landmarks=nil confidence=0
[2026-06-15 09:26:47] [face_detect] IN: face_detect → OUT: detected=false landmarks=nil roll=nil pitch=nil yaw=nil (3360ms)
[2026-06-15 09:26:47] [hand_detect] IN: hand_detect 1920x1080 → OUT: detected=false landmarks=nil confidence=0
[2026-06-15 09:26:47] [face_detect] IN: face_detect → OUT: detected=false landmarks=nil roll=nil pitch=nil yaw=nil (3157ms)
[2026-06-15 09:26:47] [hand_detect] IN: hand_detect 1920x1080 → OUT: detected=false landmarks=nil confidence=0
[2026-06-15 09:26:47] [face_detect] IN: face_detect → OUT: detected=false landmarks=nil roll=nil pitch=nil yaw=nil (2869ms)
[2026-06-15 09:26:47] [hand_detect] IN: hand_detect 1920x1080 → OUT: detected=false landmarks=nil confidence=0
[2026-06-15 09:26:47] [face_detect] IN: face_detect → OUT: detected=false landmarks=nil roll=nil pitch=nil yaw=nil (2763ms)
[2026-06-15 09:26:47] [hand_detect] IN: hand_detect 1920x1080 → OUT: detected=false landmarks=nil confidence=0
[2026-06-15 09:26:47] [face_detect] IN: face_detect → OUT: detected=false landmarks=nil roll=nil pitch=nil yaw=nil (3327ms)
[2026-06-15 09:26:47] [hand_detect] IN: hand_detect 1920x1080 → OUT: detected=false landmarks=nil confidence=0
[2026-06-15 09:26:47] [face_detect] IN: face_detect → OUT: detected=false landmarks=nil roll=nil pitch=nil yaw=nil (3626ms)
[2026-06-15 09:26:47] [axMatch] IN: cursor=(711,871) → OUT: lost (0ms)
[2026-06-15 09:26:47] [hand_detect] IN: hand_detect 1920x1080 → OUT: detected=false landmarks=nil confidence=0
[2026-06-15 09:26:47] [face_detect] IN: face_detect → OUT: detected=false landmarks=nil roll=nil pitch=nil yaw=nil (2810ms)
[2026-06-15 09:26:47] [hand_detect] IN: hand_detect 1920x1080 → OUT: detected=false landmarks=nil confidence=0
[2026-06-15 09:26:47] [face_detect] IN: face_detect → OUT: detected=false landmarks=nil roll=nil pitch=nil yaw=nil (2982ms)
[2026-06-15 09:26:47] [hand_detect] IN: hand_detect 1920x1080 → OUT: detected=false landmarks=nil confidence=0
[2026-06-15 09:26:47] [face_detect] IN: face_detect → OUT: detected=false landmarks=nil roll=nil pitch=nil yaw=nil (2905ms)
[2026-06-15 09:26:47] [hand_detect] IN: hand_detect 1920x1080 → OUT: detected=false landmarks=nil confidence=0
[2026-06-15 09:26:47] [face_detect] IN: face_detect → OUT: detected=false landmarks=nil roll=nil pitch=nil yaw=nil (2776ms)
[2026-06-15 09:26:47] [hand_detect] IN: hand_detect 1920x1080 → OUT: detected=false landmarks=nil confidence=0
[2026-06-15 09:26:47] [face_detect] IN: face_detect → OUT: detected=false landmarks=nil roll=nil pitch=nil yaw=nil (2969ms)
[2026-06-15 09:26:47] [hand_detect] IN: hand_detect 1920x1080 → OUT: detected=false landmarks=nil confidence=0
[2026-06-15 09:26:47] [face_detect] IN: face_detect → OUT: detected=false landmarks=nil roll=nil pitch=nil yaw=nil (3144ms)
[2026-06-15 09:26:47] [hand_detect] IN: hand_detect 1920x1080 → OUT: detected=false landmarks=nil confidence=0
[2026-06-15 09:26:47] [face_detect] IN: face_detect → OUT: detected=false landmarks=nil roll=nil pitch=nil yaw=nil (2926ms)
[2026-06-15 09:26:47] [hand_detect] IN: hand_detect 1920x1080 → OUT: detected=false landmarks=nil confidence=0
[2026-06-15 09:26:47] [face_detect] IN: face_detect → OUT: detected=false landmarks=nil roll=nil pitch=nil yaw=nil (2823ms)
[2026-06-15 09:26:47] [hand_detect] IN: hand_detect 1920x1080 → OUT: detected=false landmarks=nil confidence=0
[2026-06-15 09:26:47] [face_detect] IN: face_detect → OUT: detected=false landmarks=nil roll=nil pitch=nil yaw=nil (2840ms)
[2026-06-15 09:26:47] [hand_detect] IN: hand_detect 1920x1080 → OUT: detected=false landmarks=nil confidence=0
[2026-06-15 09:26:47] [face_detect] IN: face_detect → OUT: detected=false landmarks=nil roll=nil pitch=nil yaw=nil (3363ms)
[2026-06-15 09:26:47] [hand_detect] IN: hand_detect 1920x1080 → OUT: detected=false landmarks=nil confidence=0
[2026-06-15 09:26:47] [face_detect] IN: face_detect → OUT: detected=false landmarks=nil roll=nil pitch=nil yaw=nil (2968ms)
[2026-06-15 09:26:47] [axScan] IN: windows=22 → OUT: raw=2007 visible=1906 (854ms)
[2026-06-15 09:26:47] [hand_detect] IN: hand_detect 1920x1080 → OUT: detected=false landmarks=nil confidence=0
[2026-06-15 09:26:47] [face_detect] IN: face_detect → OUT: detected=false landmarks=nil roll=nil pitch=nil yaw=nil (3097ms)
[2026-06-15 09:26:47] [hand_detect] IN: hand_detect 1920x1080 → OUT: detected=false landmarks=nil confidence=0
[2026-06-15 09:26:47] [face_detect] IN: face_detect → OUT: detected=false landmarks=nil roll=nil pitch=nil yaw=nil (2858ms)
[2026-06-15 09:26:47] [hand_detect] IN: hand_detect 1920x1080 → OUT: detected=false landmarks=nil confidence=0
[2026-06-15 09:26:47] [face_detect] IN: face_detect → OUT: detected=false landmarks=nil roll=nil pitch=nil yaw=nil (2737ms)
[2026-06-15 09:26:47] [hand_detect] IN: hand_detect 1920x1080 → OUT: detected=false landmarks=nil confidence=0
[2026-06-15 09:26:47] [face_detect] IN: face_detect → OUT: detected=false landmarks=nil roll=nil pitch=nil yaw=nil (2739ms)
[2026-06-15 09:26:47] [hand_detect] IN: hand_detect 1920x1080 → OUT: detected=false landmarks=nil confidence=0
[2026-06-15 09:26:47] [face_detect] IN: face_detect → OUT: detected=false landmarks=nil roll=nil pitch=nil yaw=nil (2603ms)
[2026-06-15 09:26:47] [hand_detect] IN: hand_detect 1920x1080 → OUT: detected=false landmarks=nil confidence=0
[2026-06-15 09:26:47] [face_detect] IN: face_detect → OUT: detected=false landmarks=nil roll=nil pitch=nil yaw=nil (3201ms)
[2026-06-15 09:26:47] [hand_detect] IN: hand_detect 1920x1080 → OUT: detected=false landmarks=nil confidence=0
[2026-06-15 09:26:47] [face_detect] IN: face_detect → OUT: detected=false landmarks=nil roll=nil pitch=nil yaw=nil (2768ms)
[2026-06-15 09:26:47] [hand_detect] IN: hand_detect 1920x1080 → OUT: detected=false landmarks=nil confidence=0
[2026-06-15 09:26:47] [face_detect] IN: face_detect → OUT: detected=false landmarks=nil roll=nil pitch=nil yaw=nil (3343ms)
[2026-06-15 09:26:47] [hand_detect] IN: hand_detect 1920x1080 → OUT: detected=false landmarks=nil confidence=0
[2026-06-15 09:26:47] [face_detect] IN: face_detect → OUT: detected=false landmarks=nil roll=nil pitch=nil yaw=nil (2845ms)
[2026-06-15 09:26:47] [hand_detect] IN: hand_detect 1920x1080 → OUT: detected=false landmarks=nil confidence=0
[2026-06-15 09:26:47] [face_detect] IN: face_detect → OUT: detected=false landmarks=nil roll=nil pitch=nil yaw=nil (2912ms)
[2026-06-15 09:26:47] [hand_detect] IN: hand_detect 1920x1080 → OUT: detected=false landmarks=nil confidence=0
[2026-06-15 09:26:47] [face_detect] IN: face_detect → OUT: detected=false landmarks=nil roll=nil pitch=nil yaw=nil (3010ms)
[2026-06-15 09:26:48] [hand_detect] IN: hand_detect 1920x1080 → OUT: detected=false landmarks=nil confidence=0
[2026-06-15 09:26:48] [face_detect] IN: face_detect → OUT: detected=false landmarks=nil roll=nil pitch=nil yaw=nil (3071ms)
[2026-06-15 09:26:48] [hand_detect] IN: hand_detect 1920x1080 → OUT: detected=false landmarks=nil confidence=0
[2026-06-15 09:26:48] [face_detect] IN: face_detect → OUT: detected=false landmarks=nil roll=nil pitch=nil yaw=nil (2928ms)
[2026-06-15 09:26:48] [hand_detect] IN: hand_detect 1920x1080 → OUT: detected=false landmarks=nil confidence=0
[2026-06-15 09:26:48] [face_detect] IN: face_detect → OUT: detected=false landmarks=nil roll=nil pitch=nil yaw=nil (2865ms)
[2026-06-15 09:26:48] [hand_detect] IN: hand_detect 1920x1080 → OUT: detected=false landmarks=nil confidence=0
[2026-06-15 09:26:48] [face_detect] IN: face_detect → OUT: detected=false landmarks=nil roll=nil pitch=nil yaw=nil (2974ms)
[2026-06-15 09:26:48] [hand_detect] IN: hand_detect 1920x1080 → OUT: detected=false landmarks=nil confidence=0
[2026-06-15 09:26:48] [face_detect] IN: face_detect → OUT: detected=false landmarks=nil roll=nil pitch=nil yaw=nil (2900ms)
[2026-06-15 09:26:48] [hand_detect] IN: hand_detect 1920x1080 → OUT: detected=false landmarks=nil confidence=0
[2026-06-15 09:26:48] [face_detect] IN: face_detect → OUT: detected=false landmarks=nil roll=nil pitch=nil yaw=nil (2900ms)
[2026-06-15 09:26:48] [hand_detect] IN: hand_detect 1920x1080 → OUT: detected=false landmarks=nil confidence=0
[2026-06-15 09:26:48] [face_detect] IN: face_detect → OUT: detected=false landmarks=nil roll=nil pitch=nil yaw=nil (2786ms)
[2026-06-15 09:26:48] [hand_detect] IN: hand_detect 1920x1080 → OUT: detected=false landmarks=nil confidence=0
[2026-06-15 09:26:48] [face_detect] IN: face_detect → OUT: detected=false landmarks=nil roll=nil pitch=nil yaw=nil (2975ms)
[2026-06-15 09:26:48] [axMatch] IN: cursor=(1163,279) → OUT: role=AXImage title= (0ms)
[2026-06-15 09:26:48] [hand_detect] IN: hand_detect 1920x1080 → OUT: detected=false landmarks=nil confidence=0
[2026-06-15 09:26:48] [face_detect] IN: face_detect → OUT: detected=false landmarks=nil roll=nil pitch=nil yaw=nil (2879ms)
[2026-06-15 09:26:48] [hand_detect] IN: hand_detect 1920x1080 → OUT: detected=false landmarks=nil confidence=0
[2026-06-15 09:26:48] [face_detect] IN: face_detect → OUT: detected=false landmarks=nil roll=nil pitch=nil yaw=nil (2907ms)
[2026-06-15 09:26:48] [hand_detect] IN: hand_detect 1920x1080 → OUT: detected=false landmarks=nil confidence=0
[2026-06-15 09:26:48] [face_detect] IN: face_detect → OUT: detected=false landmarks=nil roll=nil pitch=nil yaw=nil (2741ms)
[2026-06-15 09:26:48] [hand_detect] IN: hand_detect 1920x1080 → OUT: detected=false landmarks=nil confidence=0
[2026-06-15 09:26:48] [face_detect] IN: face_detect → OUT: detected=false landmarks=nil roll=nil pitch=nil yaw=nil (3278ms)
[2026-06-15 09:26:48] [hand_detect] IN: hand_detect 1920x1080 → OUT: detected=false landmarks=nil confidence=0
[2026-06-15 09:26:48] [face_detect] IN: face_detect → OUT: detected=false landmarks=nil roll=nil pitch=nil yaw=nil (2733ms)
[2026-06-15 09:26:48] [hand_detect] IN: hand_detect 1920x1080 → OUT: detected=false landmarks=nil confidence=0
[2026-06-15 09:26:48] [face_detect] IN: face_detect → OUT: detected=false landmarks=nil roll=nil pitch=nil yaw=nil (3302ms)
[2026-06-15 09:26:48] [hand_detect] IN: hand_detect 1920x1080 → OUT: detected=false landmarks=nil confidence=0
[2026-06-15 09:26:48] [face_detect] IN: face_detect → OUT: detected=false landmarks=nil roll=nil pitch=nil yaw=nil (2799ms)
[2026-06-15 09:26:48] [hand_detect] IN: hand_detect 1920x1080 → OUT: detected=false landmarks=nil confidence=0
[2026-06-15 09:26:48] [axScan] IN: windows=22 → OUT: raw=2007 visible=1906 (737ms)
[2026-06-15 09:26:48] [face_detect] IN: face_detect → OUT: detected=false landmarks=nil roll=nil pitch=nil yaw=nil (2861ms)
[2026-06-15 09:26:48] [hand_detect] IN: hand_detect 1920x1080 → OUT: detected=false landmarks=nil confidence=0
[2026-06-15 09:26:48] [face_detect] IN: face_detect → OUT: detected=false landmarks=nil roll=nil pitch=nil yaw=nil (2957ms)
[2026-06-15 09:26:48] [hand_detect] IN: hand_detect 1920x1080 → OUT: detected=false landmarks=nil confidence=0
[2026-06-15 09:26:48] [face_detect] IN: face_detect → OUT: detected=false landmarks=nil roll=nil pitch=nil yaw=nil (3268ms)
[2026-06-15 09:26:48] [hand_detect] IN: hand_detect 1920x1080 → OUT: detected=false landmarks=nil confidence=0
[2026-06-15 09:26:48] [face_detect] IN: face_detect → OUT: detected=false landmarks=nil roll=nil pitch=nil yaw=nil (2706ms)
[2026-06-15 09:26:48] [hand_detect] IN: hand_detect 1920x1080 → OUT: detected=false landmarks=nil confidence=0
[2026-06-15 09:26:48] [face_detect] IN: face_detect → OUT: detected=false landmarks=nil roll=nil pitch=nil yaw=nil (2596ms)
[2026-06-15 09:26:48] [hand_detect] IN: hand_detect 1920x1080 → OUT: detected=false landmarks=nil confidence=0
[2026-06-15 09:26:48] [face_detect] IN: face_detect → OUT: detected=false landmarks=nil roll=nil pitch=nil yaw=nil (2887ms)
[2026-06-15 09:26:48] [hand_detect] IN: hand_detect 1920x1080 → OUT: detected=false landmarks=nil confidence=0
[2026-06-15 09:26:48] [face_detect] IN: face_detect → OUT: detected=false landmarks=nil roll=nil pitch=nil yaw=nil (2858ms)
[2026-06-15 09:26:48] [hand_detect] IN: hand_detect 1920x1080 → OUT: detected=false landmarks=nil confidence=0
[2026-06-15 09:26:48] [face_detect] IN: face_detect → OUT: detected=false landmarks=nil roll=nil pitch=nil yaw=nil (2790ms)
[2026-06-15 09:26:48] [axMatch] IN: cursor=(773,856) → OUT: lost (0ms)
[2026-06-15 09:26:48] [hand_detect] IN: hand_detect 1920x1080 → OUT: detected=false landmarks=nil confidence=0
[2026-06-15 09:26:48] [face_detect] IN: face_detect → OUT: detected=false landmarks=nil roll=nil pitch=nil yaw=nil (3152ms)
[2026-06-15 09:26:48] [hand_detect] IN: hand_detect 1920x1080 → OUT: detected=false landmarks=nil confidence=0
[2026-06-15 09:26:48] [face_detect] IN: face_detect → OUT: detected=false landmarks=nil roll=nil pitch=nil yaw=nil (3644ms)
[2026-06-15 09:26:48] [hand_detect] IN: hand_detect 1920x1080 → OUT: detected=false landmarks=nil confidence=0
[2026-06-15 09:26:48] [face_detect] IN: face_detect → OUT: detected=false landmarks=nil roll=nil pitch=nil yaw=nil (3018ms)
[2026-06-15 09:26:48] [hand_detect] IN: hand_detect 1920x1080 → OUT: detected=false landmarks=nil confidence=0
[2026-06-15 09:26:48] [face_detect] IN: face_detect → OUT: detected=false landmarks=nil roll=nil pitch=nil yaw=nil (2853ms)
[2026-06-15 09:26:48] [hand_detect] IN: hand_detect 1920x1080 → OUT: detected=false landmarks=nil confidence=0
[2026-06-15 09:26:48] [face_detect] IN: face_detect → OUT: detected=false landmarks=nil roll=nil pitch=nil yaw=nil (3093ms)
[2026-06-15 09:26:48] [hand_detect] IN: hand_detect 1920x1080 → OUT: detected=false landmarks=nil confidence=0
[2026-06-15 09:26:48] [face_detect] IN: face_detect → OUT: detected=false landmarks=nil roll=nil pitch=nil yaw=nil (3227ms)
[2026-06-15 09:26:48] [hand_detect] IN: hand_detect 1920x1080 → OUT: detected=false landmarks=nil confidence=0
[2026-06-15 09:26:48] [face_detect] IN: face_detect → OUT: detected=false landmarks=nil roll=nil pitch=nil yaw=nil (9240ms)
[2026-06-15 09:26:49] [hand_detect] IN: hand_detect 1920x1080 → OUT: detected=false landmarks=nil confidence=0
[2026-06-15 09:26:49] [face_detect] IN: face_detect → OUT: detected=false landmarks=nil roll=nil pitch=nil yaw=nil (8993ms)
[2026-06-15 09:26:49] [hand_detect] IN: hand_detect 1920x1080 → OUT: detected=false landmarks=nil confidence=0
[2026-06-15 09:26:49] [face_detect] IN: face_detect → OUT: detected=false landmarks=nil roll=nil pitch=nil yaw=nil (3160ms)
[2026-06-15 09:26:49] [hand_detect] IN: hand_detect 1920x1080 → OUT: detected=false landmarks=nil confidence=0
[2026-06-15 09:26:49] [face_detect] IN: face_detect → OUT: detected=false landmarks=nil roll=nil pitch=nil yaw=nil (2912ms)
[2026-06-15 09:26:49] [hand_detect] IN: hand_detect 1920x1080 → OUT: detected=false landmarks=nil confidence=0
[2026-06-15 09:26:49] [face_detect] IN: face_detect → OUT: detected=false landmarks=nil roll=nil pitch=nil yaw=nil (2812ms)
[2026-06-15 09:26:49] [hand_detect] IN: hand_detect 1920x1080 → OUT: detected=false landmarks=nil confidence=0
[2026-06-15 09:26:49] [face_detect] IN: face_detect → OUT: detected=false landmarks=nil roll=nil pitch=nil yaw=nil (3025ms)
[2026-06-15 09:26:49] [hand_detect] IN: hand_detect 1920x1080 → OUT: detected=false landmarks=nil confidence=0
[2026-06-15 09:26:49] [face_detect] IN: face_detect → OUT: detected=false landmarks=nil roll=nil pitch=nil yaw=nil (3823ms)
[2026-06-15 09:26:49] [hand_detect] IN: hand_detect 1920x1080 → OUT: detected=false landmarks=nil confidence=0
[2026-06-15 09:26:49] [face_detect] IN: face_detect → OUT: detected=false landmarks=nil roll=nil pitch=nil yaw=nil (2946ms)
[2026-06-15 09:26:49] [hand_detect] IN: hand_detect 1920x1080 → OUT: detected=false landmarks=nil confidence=0
[2026-06-15 09:26:49] [face_detect] IN: face_detect → OUT: detected=false landmarks=nil roll=nil pitch=nil yaw=nil (3788ms)
[2026-06-15 09:26:49] [axMatch] IN: cursor=(705,924) → OUT: role=AXTextArea title= (0ms)
[2026-06-15 09:26:49] [hand_detect] IN: hand_detect 1920x1080 → OUT: detected=false landmarks=nil confidence=0
[2026-06-15 09:26:49] [face_detect] IN: face_detect → OUT: detected=false landmarks=nil roll=nil pitch=nil yaw=nil (2925ms)
[2026-06-15 09:26:49] [hand_detect] IN: hand_detect 1920x1080 → OUT: detected=false landmarks=nil confidence=0
[2026-06-15 09:26:49] [face_detect] IN: face_detect → OUT: detected=false landmarks=nil roll=nil pitch=nil yaw=nil (2954ms)
[2026-06-15 09:26:49] [hand_detect] IN: hand_detect 1920x1080 → OUT: detected=false landmarks=nil confidence=0
[2026-06-15 09:26:49] [face_detect] IN: face_detect → OUT: detected=false landmarks=nil roll=nil pitch=nil yaw=nil (3059ms)
[2026-06-15 09:26:49] [hand_detect] IN: hand_detect 1920x1080 → OUT: detected=false landmarks=nil confidence=0
[2026-06-15 09:26:49] [face_detect] IN: face_detect → OUT: detected=false landmarks=nil roll=nil pitch=nil yaw=nil (2737ms)
[2026-06-15 09:26:49] [hand_detect] IN: hand_detect 1920x1080 → OUT: detected=false landmarks=nil confidence=0
[2026-06-15 09:26:49] [face_detect] IN: face_detect → OUT: detected=false landmarks=nil roll=nil pitch=nil yaw=nil (2730ms)
[2026-06-15 09:26:49] [hand_detect] IN: hand_detect 1920x1080 → OUT: detected=false landmarks=nil confidence=0
[2026-06-15 09:26:49] [face_detect] IN: face_detect → OUT: detected=false landmarks=nil roll=nil pitch=nil yaw=nil (2735ms)
[2026-06-15 09:26:49] [hand_detect] IN: hand_detect 1920x1080 → OUT: detected=false landmarks=nil confidence=0
[2026-06-15 09:26:49] [face_detect] IN: face_detect → OUT: detected=false landmarks=nil roll=nil pitch=nil yaw=nil (2854ms)
[2026-06-15 09:26:49] [hand_detect] IN: hand_detect 1920x1080 → OUT: detected=false landmarks=nil confidence=0
[2026-06-15 09:26:49] [face_detect] IN: face_detect → OUT: detected=false landmarks=nil roll=nil pitch=nil yaw=nil (2866ms)
[2026-06-15 09:26:49] [hand_detect] IN: hand_detect 1920x1080 → OUT: detected=false landmarks=nil confidence=0
[2026-06-15 09:26:49] [face_detect] IN: face_detect → OUT: detected=false landmarks=nil roll=nil pitch=nil yaw=nil (2786ms)
[2026-06-15 09:26:49] [hand_detect] IN: hand_detect 1920x1080 → OUT: detected=false landmarks=nil confidence=0
[2026-06-15 09:26:49] [face_detect] IN: face_detect → OUT: detected=false landmarks=nil roll=nil pitch=nil yaw=nil (3072ms)
[2026-06-15 09:26:49] [hand_detect] IN: hand_detect 1920x1080 → OUT: detected=false landmarks=nil confidence=0
[2026-06-15 09:26:49] [face_detect] IN: face_detect → OUT: detected=false landmarks=nil roll=nil pitch=nil yaw=nil (2896ms)
[2026-06-15 09:26:49] [axScan] IN: windows=22 → OUT: raw=2005 visible=1904 (857ms)
[2026-06-15 09:26:49] [hand_detect] IN: hand_detect 1920x1080 → OUT: detected=false landmarks=nil confidence=0
[2026-06-15 09:26:49] [face_detect] IN: face_detect → OUT: detected=false landmarks=nil roll=nil pitch=nil yaw=nil (2844ms)
[2026-06-15 09:26:49] [hand_detect] IN: hand_detect 1920x1080 → OUT: detected=false landmarks=nil confidence=0
[2026-06-15 09:26:49] [face_detect] IN: face_detect → OUT: detected=false landmarks=nil roll=nil pitch=nil yaw=nil (2881ms)
[2026-06-15 09:26:49] [hand_detect] IN: hand_detect 1920x1080 → OUT: detected=false landmarks=nil confidence=0
[2026-06-15 09:26:49] [face_detect] IN: face_detect → OUT: detected=false landmarks=nil roll=nil pitch=nil yaw=nil (2686ms)
[2026-06-15 09:26:49] [hand_detect] IN: hand_detect 1920x1080 → OUT: detected=false landmarks=nil confidence=0
[2026-06-15 09:26:49] [face_detect] IN: face_detect → OUT: detected=false landmarks=nil roll=nil pitch=nil yaw=nil (3068ms)
[2026-06-15 09:26:49] [hand_detect] IN: hand_detect 1920x1080 → OUT: detected=false landmarks=nil confidence=0
[2026-06-15 09:26:49] [face_detect] IN: face_detect → OUT: detected=false landmarks=nil roll=nil pitch=nil yaw=nil (3624ms)
[2026-06-15 09:26:49] [hand_detect] IN: hand_detect 1920x1080 → OUT: detected=false landmarks=nil confidence=0
[2026-06-15 09:26:49] [face_detect] IN: face_detect → OUT: detected=false landmarks=nil roll=nil pitch=nil yaw=nil (3432ms)
[2026-06-15 09:26:49] [hand_detect] IN: hand_detect 1920x1080 → OUT: detected=false landmarks=nil confidence=0
[2026-06-15 09:26:49] [face_detect] IN: face_detect → OUT: detected=false landmarks=nil roll=nil pitch=nil yaw=nil (2781ms)
[2026-06-15 09:26:49] [hand_detect] IN: hand_detect 1920x1080 → OUT: detected=false landmarks=nil confidence=0
[2026-06-15 09:26:49] [face_detect] IN: face_detect → OUT: detected=false landmarks=nil roll=nil pitch=nil yaw=nil (2875ms)
[2026-06-15 09:26:49] [hand_detect] IN: hand_detect 1920x1080 → OUT: detected=false landmarks=nil confidence=0
[2026-06-15 09:26:49] [face_detect] IN: face_detect → OUT: detected=false landmarks=nil roll=nil pitch=nil yaw=nil (2799ms)
[2026-06-15 09:26:49] [hand_detect] IN: hand_detect 1920x1080 → OUT: detected=false landmarks=nil confidence=0
[2026-06-15 09:26:49] [face_detect] IN: face_detect → OUT: detected=false landmarks=nil roll=nil pitch=nil yaw=nil (3467ms)
[2026-06-15 09:26:49] [hand_detect] IN: hand_detect 1920x1080 → OUT: detected=false landmarks=nil confidence=0
[2026-06-15 09:26:49] [face_detect] IN: face_detect → OUT: detected=false landmarks=nil roll=nil pitch=nil yaw=nil (2825ms)
[2026-06-15 09:26:50] [hand_detect] IN: hand_detect 1920x1080 → OUT: detected=false landmarks=nil confidence=0
[2026-06-15 09:26:50] [face_detect] IN: face_detect → OUT: detected=false landmarks=nil roll=nil pitch=nil yaw=nil (2734ms)
[2026-06-15 09:26:50] [hand_detect] IN: hand_detect 1920x1080 → OUT: detected=false landmarks=nil confidence=0
[2026-06-15 09:26:50] [face_detect] IN: face_detect → OUT: detected=false landmarks=nil roll=nil pitch=nil yaw=nil (3448ms)
[2026-06-15 09:26:50] [hand_detect] IN: hand_detect 1920x1080 → OUT: detected=false landmarks=nil confidence=0
[2026-06-15 09:26:50] [face_detect] IN: face_detect → OUT: detected=false landmarks=nil roll=nil pitch=nil yaw=nil (2812ms)
[2026-06-15 09:26:50] [hand_detect] IN: hand_detect 1920x1080 → OUT: detected=false landmarks=nil confidence=0
[2026-06-15 09:26:50] [face_detect] IN: face_detect → OUT: detected=false landmarks=nil roll=nil pitch=nil yaw=nil (2889ms)
[2026-06-15 09:26:50] [hand_detect] IN: hand_detect 1920x1080 → OUT: detected=false landmarks=nil confidence=0
[2026-06-15 09:26:50] [face_detect] IN: face_detect → OUT: detected=false landmarks=nil roll=nil pitch=nil yaw=nil (2838ms)
[2026-06-15 09:26:50] [hand_detect] IN: hand_detect 1920x1080 → OUT: detected=false landmarks=nil confidence=0
[2026-06-15 09:26:50] [face_detect] IN: face_detect → OUT: detected=false landmarks=nil roll=nil pitch=nil yaw=nil (2775ms)
[2026-06-15 09:26:50] [hand_detect] IN: hand_detect 1920x1080 → OUT: detected=false landmarks=nil confidence=0
[2026-06-15 09:26:50] [face_detect] IN: face_detect → OUT: detected=false landmarks=nil roll=nil pitch=nil yaw=nil (3421ms)
[2026-06-15 09:26:50] [hand_detect] IN: hand_detect 1920x1080 → OUT: detected=false landmarks=nil confidence=0
[2026-06-15 09:26:50] [face_detect] IN: face_detect → OUT: detected=false landmarks=nil roll=nil pitch=nil yaw=nil (2912ms)
[2026-06-15 09:26:50] [hand_detect] IN: hand_detect 1920x1080 → OUT: detected=false landmarks=nil confidence=0
[2026-06-15 09:26:50] [face_detect] IN: face_detect → OUT: detected=false landmarks=nil roll=nil pitch=nil yaw=nil (2776ms)
[2026-06-15 09:26:50] [hand_detect] IN: hand_detect 1920x1080 → OUT: detected=false landmarks=nil confidence=0
[2026-06-15 09:26:50] [face_detect] IN: face_detect → OUT: detected=false landmarks=nil roll=nil pitch=nil yaw=nil (2910ms)
[2026-06-15 09:26:50] [hand_detect] IN: hand_detect 1920x1080 → OUT: detected=false landmarks=nil confidence=0
[2026-06-15 09:26:50] [face_detect] IN: face_detect → OUT: detected=false landmarks=nil roll=nil pitch=nil yaw=nil (2753ms)
[2026-06-15 09:26:50] [hand_detect] IN: hand_detect 1920x1080 → OUT: detected=false landmarks=nil confidence=0
[2026-06-15 09:26:50] [face_detect] IN: face_detect → OUT: detected=false landmarks=nil roll=nil pitch=nil yaw=nil (2779ms)
[2026-06-15 09:26:50] [hand_detect] IN: hand_detect 1920x1080 → OUT: detected=false landmarks=nil confidence=0
[2026-06-15 09:26:50] [face_detect] IN: face_detect → OUT: detected=false landmarks=nil roll=nil pitch=nil yaw=nil (6198ms)
[2026-06-15 09:26:50] [hand_detect] IN: hand_detect 1920x1080 → OUT: detected=false landmarks=nil confidence=0
[2026-06-15 09:26:50] [face_detect] IN: face_detect → OUT: detected=false landmarks=nil roll=nil pitch=nil yaw=nil (2855ms)
[2026-06-15 09:26:50] [hand_detect] IN: hand_detect 1920x1080 → OUT: detected=false landmarks=nil confidence=0
[2026-06-15 09:26:50] [face_detect] IN: face_detect → OUT: detected=false landmarks=nil roll=nil pitch=nil yaw=nil (2833ms)
[2026-06-15 09:26:50] [hand_detect] IN: hand_detect 1920x1080 → OUT: detected=false landmarks=nil confidence=0
[2026-06-15 09:26:50] [face_detect] IN: face_detect → OUT: detected=false landmarks=nil roll=nil pitch=nil yaw=nil (2791ms)
[2026-06-15 09:26:50] [axScan] IN: windows=22 → OUT: raw=2006 visible=1905 (766ms)
[2026-06-15 09:26:50] [hand_detect] IN: hand_detect 1920x1080 → OUT: detected=false landmarks=nil confidence=0
[2026-06-15 09:26:50] [face_detect] IN: face_detect → OUT: detected=false landmarks=nil roll=nil pitch=nil yaw=nil (2941ms)
[2026-06-15 09:26:50] [hand_detect] IN: hand_detect 1920x1080 → OUT: detected=false landmarks=nil confidence=0
[2026-06-15 09:26:50] [face_detect] IN: face_detect → OUT: detected=false landmarks=nil roll=nil pitch=nil yaw=nil (2712ms)
[2026-06-15 09:26:50] [hand_detect] IN: hand_detect 1920x1080 → OUT: detected=false landmarks=nil confidence=0
[2026-06-15 09:26:50] [face_detect] IN: face_detect → OUT: detected=false landmarks=nil roll=nil pitch=nil yaw=nil (2808ms)
[2026-06-15 09:26:50] [hand_detect] IN: hand_detect 1920x1080 → OUT: detected=false landmarks=nil confidence=0
[2026-06-15 09:26:50] [face_detect] IN: face_detect → OUT: detected=false landmarks=nil roll=nil pitch=nil yaw=nil (2930ms)
[2026-06-15 09:26:50] [hand_detect] IN: hand_detect 1920x1080 → OUT: detected=false landmarks=nil confidence=0
[2026-06-15 09:26:50] [face_detect] IN: face_detect → OUT: detected=false landmarks=nil roll=nil pitch=nil yaw=nil (2729ms)
[2026-06-15 09:26:50] [hand_detect] IN: hand_detect 1920x1080 → OUT: detected=false landmarks=nil confidence=0
[2026-06-15 09:26:50] [face_detect] IN: face_detect → OUT: detected=false landmarks=nil roll=nil pitch=nil yaw=nil (3427ms)
[2026-06-15 09:26:50] [hand_detect] IN: hand_detect 1920x1080 → OUT: detected=false landmarks=nil confidence=0
[2026-06-15 09:26:50] [face_detect] IN: face_detect → OUT: detected=false landmarks=nil roll=nil pitch=nil yaw=nil (2795ms)
[2026-06-15 09:26:50] [hand_detect] IN: hand_detect 1920x1080 → OUT: detected=false landmarks=nil confidence=0
[2026-06-15 09:26:50] [face_detect] IN: face_detect → OUT: detected=false landmarks=nil roll=nil pitch=nil yaw=nil (2774ms)
[2026-06-15 09:26:50] [hand_detect] IN: hand_detect 1920x1080 → OUT: detected=false landmarks=nil confidence=0
[2026-06-15 09:26:50] [face_detect] IN: face_detect → OUT: detected=false landmarks=nil roll=nil pitch=nil yaw=nil (2613ms)
[2026-06-15 09:26:50] [hand_detect] IN: hand_detect 1920x1080 → OUT: detected=false landmarks=nil confidence=0
[2026-06-15 09:26:50] [face_detect] IN: face_detect → OUT: detected=false landmarks=nil roll=nil pitch=nil yaw=nil (2876ms)
[2026-06-15 09:26:50] [hand_detect] IN: hand_detect 1920x1080 → OUT: detected=false landmarks=nil confidence=0
[2026-06-15 09:26:50] [face_detect] IN: face_detect → OUT: detected=false landmarks=nil roll=nil pitch=nil yaw=nil (2823ms)
[2026-06-15 09:26:50] [hand_detect] IN: hand_detect 1920x1080 → OUT: detected=false landmarks=nil confidence=0
[2026-06-15 09:26:50] [face_detect] IN: face_detect → OUT: detected=false landmarks=nil roll=nil pitch=nil yaw=nil (2895ms)
[2026-06-15 09:26:50] [hand_detect] IN: hand_detect 1920x1080 → OUT: detected=false landmarks=nil confidence=0
[2026-06-15 09:26:50] [face_detect] IN: face_detect → OUT: detected=false landmarks=nil roll=nil pitch=nil yaw=nil (2744ms)
[2026-06-15 09:26:50] [hand_detect] IN: hand_detect 1920x1080 → OUT: detected=false landmarks=nil confidence=0
[2026-06-15 09:26:50] [face_detect] IN: face_detect → OUT: detected=false landmarks=nil roll=nil pitch=nil yaw=nil (2992ms)
[2026-06-15 09:26:51] [hand_detect] IN: hand_detect 1920x1080 → OUT: detected=false landmarks=nil confidence=0
[2026-06-15 09:26:51] [face_detect] IN: face_detect → OUT: detected=false landmarks=nil roll=nil pitch=nil yaw=nil (2775ms)
[2026-06-15 09:26:51] [hand_detect] IN: hand_detect 1920x1080 → OUT: detected=false landmarks=nil confidence=0
[2026-06-15 09:26:51] [face_detect] IN: face_detect → OUT: detected=false landmarks=nil roll=nil pitch=nil yaw=nil (2969ms)
[2026-06-15 09:26:51] [hand_detect] IN: hand_detect 1920x1080 → OUT: detected=false landmarks=nil confidence=0
[2026-06-15 09:26:51] [face_detect] IN: face_detect → OUT: detected=false landmarks=nil roll=nil pitch=nil yaw=nil (2822ms)
[2026-06-15 09:26:51] [hand_detect] IN: hand_detect 1920x1080 → OUT: detected=false landmarks=nil confidence=0
[2026-06-15 09:26:51] [face_detect] IN: face_detect → OUT: detected=false landmarks=nil roll=nil pitch=nil yaw=nil (2835ms)
[2026-06-15 09:26:51] [hand_detect] IN: hand_detect 1920x1080 → OUT: detected=false landmarks=nil confidence=0
[2026-06-15 09:26:51] [face_detect] IN: face_detect → OUT: detected=false landmarks=nil roll=nil pitch=nil yaw=nil (2860ms)
[2026-06-15 09:26:51] [hand_detect] IN: hand_detect 1920x1080 → OUT: detected=false landmarks=nil confidence=0
[2026-06-15 09:26:51] [face_detect] IN: face_detect → OUT: detected=false landmarks=nil roll=nil pitch=nil yaw=nil (2831ms)
[2026-06-15 09:26:51] [hand_detect] IN: hand_detect 1920x1080 → OUT: detected=false landmarks=nil confidence=0
[2026-06-15 09:26:51] [face_detect] IN: face_detect → OUT: detected=false landmarks=nil roll=nil pitch=nil yaw=nil (2895ms)
[2026-06-15 09:26:51] [hand_detect] IN: hand_detect 1920x1080 → OUT: detected=false landmarks=nil confidence=0
[2026-06-15 09:26:51] [face_detect] IN: face_detect → OUT: detected=false landmarks=nil roll=nil pitch=nil yaw=nil (2791ms)
[2026-06-15 09:26:51] [hand_detect] IN: hand_detect 1920x1080 → OUT: detected=false landmarks=nil confidence=0
[2026-06-15 09:26:51] [face_detect] IN: face_detect → OUT: detected=false landmarks=nil roll=nil pitch=nil yaw=nil (2888ms)
[2026-06-15 09:26:51] [hand_detect] IN: hand_detect 1920x1080 → OUT: detected=false landmarks=nil confidence=0
[2026-06-15 09:26:51] [face_detect] IN: face_detect → OUT: detected=false landmarks=nil roll=nil pitch=nil yaw=nil (3052ms)
[2026-06-15 09:26:51] [hand_detect] IN: hand_detect 1920x1080 → OUT: detected=false landmarks=nil confidence=0
[2026-06-15 09:26:51] [face_detect] IN: face_detect → OUT: detected=false landmarks=nil roll=nil pitch=nil yaw=nil (2763ms)
[2026-06-15 09:26:51] [hand_detect] IN: hand_detect 1920x1080 → OUT: detected=false landmarks=nil confidence=0
[2026-06-15 09:26:51] [face_detect] IN: face_detect → OUT: detected=false landmarks=nil roll=nil pitch=nil yaw=nil (2905ms)
[2026-06-15 09:26:51] [hand_detect] IN: hand_detect 1920x1080 → OUT: detected=false landmarks=nil confidence=0
[2026-06-15 09:26:51] [face_detect] IN: face_detect → OUT: detected=false landmarks=nil roll=nil pitch=nil yaw=nil (2933ms)
[2026-06-15 09:26:51] [hand_detect] IN: hand_detect 1920x1080 → OUT: detected=false landmarks=nil confidence=0
[2026-06-15 09:26:51] [face_detect] IN: face_detect → OUT: detected=false landmarks=nil roll=nil pitch=nil yaw=nil (2864ms)
[2026-06-15 09:26:51] [hand_detect] IN: hand_detect 1920x1080 → OUT: detected=false landmarks=nil confidence=0
[2026-06-15 09:26:51] [face_detect] IN: face_detect → OUT: detected=false landmarks=nil roll=nil pitch=nil yaw=nil (2913ms)
[2026-06-15 09:26:51] [hand_detect] IN: hand_detect 1920x1080 → OUT: detected=false landmarks=nil confidence=0
[2026-06-15 09:26:51] [face_detect] IN: face_detect → OUT: detected=false landmarks=nil roll=nil pitch=nil yaw=nil (2790ms)
[2026-06-15 09:26:51] [hand_detect] IN: hand_detect 1920x1080 → OUT: detected=false landmarks=nil confidence=0
[2026-06-15 09:26:51] [face_detect] IN: face_detect → OUT: detected=false landmarks=nil roll=nil pitch=nil yaw=nil (3821ms)
[2026-06-15 09:26:51] [axScan] IN: windows=22 → OUT: raw=2006 visible=1905 (781ms)
[2026-06-15 09:26:51] [hand_detect] IN: hand_detect 1920x1080 → OUT: detected=false landmarks=nil confidence=0
[2026-06-15 09:26:51] [face_detect] IN: face_detect → OUT: detected=false landmarks=nil roll=nil pitch=nil yaw=nil (2750ms)
[2026-06-15 09:26:51] [hand_detect] IN: hand_detect 1920x1080 → OUT: detected=false landmarks=nil confidence=0
[2026-06-15 09:26:51] [face_detect] IN: face_detect → OUT: detected=false landmarks=nil roll=nil pitch=nil yaw=nil (2987ms)
[2026-06-15 09:26:51] [hand_detect] IN: hand_detect 1920x1080 → OUT: detected=false landmarks=nil confidence=0
[2026-06-15 09:26:51] [face_detect] IN: face_detect → OUT: detected=false landmarks=nil roll=nil pitch=nil yaw=nil (2784ms)
[2026-06-15 09:26:51] [hand_detect] IN: hand_detect 1920x1080 → OUT: detected=false landmarks=nil confidence=0
[2026-06-15 09:26:51] [face_detect] IN: face_detect → OUT: detected=false landmarks=nil roll=nil pitch=nil yaw=nil (3278ms)
[2026-06-15 09:26:51] [hand_detect] IN: hand_detect 1920x1080 → OUT: detected=false landmarks=nil confidence=0
[2026-06-15 09:26:51] [face_detect] IN: face_detect → OUT: detected=false landmarks=nil roll=nil pitch=nil yaw=nil (2787ms)
[2026-06-15 09:26:51] [hand_detect] IN: hand_detect 1920x1080 → OUT: detected=false landmarks=nil confidence=0
[2026-06-15 09:26:51] [face_detect] IN: face_detect → OUT: detected=false landmarks=nil roll=nil pitch=nil yaw=nil (2753ms)
[2026-06-15 09:26:51] [hand_detect] IN: hand_detect 1920x1080 → OUT: detected=false landmarks=nil confidence=0
[2026-06-15 09:26:51] [face_detect] IN: face_detect → OUT: detected=false landmarks=nil roll=nil pitch=nil yaw=nil (2708ms)
[2026-06-15 09:26:51] [hand_detect] IN: hand_detect 1920x1080 → OUT: detected=false landmarks=nil confidence=0
[2026-06-15 09:26:51] [face_detect] IN: face_detect → OUT: detected=false landmarks=nil roll=nil pitch=nil yaw=nil (2666ms)
[2026-06-15 09:26:51] [hand_detect] IN: hand_detect 1920x1080 → OUT: detected=false landmarks=nil confidence=0
[2026-06-15 09:26:51] [face_detect] IN: face_detect → OUT: detected=false landmarks=nil roll=nil pitch=nil yaw=nil (3593ms)
[2026-06-15 09:26:51] [hand_detect] IN: hand_detect 1920x1080 → OUT: detected=false landmarks=nil confidence=0
[2026-06-15 09:26:51] [face_detect] IN: face_detect → OUT: detected=false landmarks=nil roll=nil pitch=nil yaw=nil (2874ms)
[2026-06-15 09:26:51] [hand_detect] IN: hand_detect 1920x1080 → OUT: detected=false landmarks=nil confidence=0
[2026-06-15 09:26:51] [face_detect] IN: face_detect → OUT: detected=false landmarks=nil roll=nil pitch=nil yaw=nil (3093ms)
[2026-06-15 09:26:51] [hand_detect] IN: hand_detect 1920x1080 → OUT: detected=false landmarks=nil confidence=0
[2026-06-15 09:26:51] [face_detect] IN: face_detect → OUT: detected=false landmarks=nil roll=nil pitch=nil yaw=nil (2824ms)
[2026-06-15 09:26:51] [hand_detect] IN: hand_detect 1920x1080 → OUT: detected=false landmarks=nil confidence=0
[2026-06-15 09:26:51] [face_detect] IN: face_detect → OUT: detected=false landmarks=nil roll=nil pitch=nil yaw=nil (3007ms)
[2026-06-15 09:26:52] [hand_detect] IN: hand_detect 1920x1080 → OUT: detected=false landmarks=nil confidence=0
[2026-06-15 09:26:52] [face_detect] IN: face_detect → OUT: detected=false landmarks=nil roll=nil pitch=nil yaw=nil (3105ms)
[2026-06-15 09:26:52] [hand_detect] IN: hand_detect 1920x1080 → OUT: detected=false landmarks=nil confidence=0
[2026-06-15 09:26:52] [face_detect] IN: face_detect → OUT: detected=false landmarks=nil roll=nil pitch=nil yaw=nil (2813ms)
[2026-06-15 09:26:52] [hand_detect] IN: hand_detect 1920x1080 → OUT: detected=false landmarks=nil confidence=0
[2026-06-15 09:26:52] [face_detect] IN: face_detect → OUT: detected=false landmarks=nil roll=nil pitch=nil yaw=nil (2967ms)
[2026-06-15 09:26:52] [hand_detect] IN: hand_detect 1920x1080 → OUT: detected=false landmarks=nil confidence=0
[2026-06-15 09:26:52] [face_detect] IN: face_detect → OUT: detected=false landmarks=nil roll=nil pitch=nil yaw=nil (2928ms)
[2026-06-15 09:26:52] [hand_detect] IN: hand_detect 1920x1080 → OUT: detected=false landmarks=nil confidence=0
[2026-06-15 09:26:52] [face_detect] IN: face_detect → OUT: detected=false landmarks=nil roll=nil pitch=nil yaw=nil (3391ms)
[2026-06-15 09:26:52] [hand_detect] IN: hand_detect 1920x1080 → OUT: detected=false landmarks=nil confidence=0
[2026-06-15 09:26:52] [face_detect] IN: face_detect → OUT: detected=false landmarks=nil roll=nil pitch=nil yaw=nil (2817ms)
[2026-06-15 09:26:52] [hand_detect] IN: hand_detect 1920x1080 → OUT: detected=false landmarks=nil confidence=0
[2026-06-15 09:26:52] [face_detect] IN: face_detect → OUT: detected=false landmarks=nil roll=nil pitch=nil yaw=nil (3149ms)
[2026-06-15 09:26:52] [hand_detect] IN: hand_detect 1920x1080 → OUT: detected=false landmarks=nil confidence=0
[2026-06-15 09:26:52] [face_detect] IN: face_detect → OUT: detected=false landmarks=nil roll=nil pitch=nil yaw=nil (3284ms)
[2026-06-15 09:26:52] [hand_detect] IN: hand_detect 1920x1080 → OUT: detected=false landmarks=nil confidence=0
[2026-06-15 09:26:52] [face_detect] IN: face_detect → OUT: detected=false landmarks=nil roll=nil pitch=nil yaw=nil (2827ms)
[2026-06-15 09:26:52] [hand_detect] IN: hand_detect 1920x1080 → OUT: detected=false landmarks=nil confidence=0
[2026-06-15 09:26:52] [face_detect] IN: face_detect → OUT: detected=false landmarks=nil roll=nil pitch=nil yaw=nil (2762ms)
[2026-06-15 09:26:52] [hand_detect] IN: hand_detect 1920x1080 → OUT: detected=false landmarks=nil confidence=0
[2026-06-15 09:26:52] [face_detect] IN: face_detect → OUT: detected=false landmarks=nil roll=nil pitch=nil yaw=nil (2714ms)
[2026-06-15 09:26:52] [hand_detect] IN: hand_detect 1920x1080 → OUT: detected=false landmarks=nil confidence=0
[2026-06-15 09:26:52] [face_detect] IN: face_detect → OUT: detected=false landmarks=nil roll=nil pitch=nil yaw=nil (3465ms)
[2026-06-15 09:26:52] [hand_detect] IN: hand_detect 1920x1080 → OUT: detected=false landmarks=nil confidence=0
[2026-06-15 09:26:52] [face_detect] IN: face_detect → OUT: detected=false landmarks=nil roll=nil pitch=nil yaw=nil (2894ms)
[2026-06-15 09:26:52] [hand_detect] IN: hand_detect 1920x1080 → OUT: detected=false landmarks=nil confidence=0
[2026-06-15 09:26:52] [face_detect] IN: face_detect → OUT: detected=false landmarks=nil roll=nil pitch=nil yaw=nil (3288ms)
[2026-06-15 09:26:52] [hand_detect] IN: hand_detect 1920x1080 → OUT: detected=false landmarks=nil confidence=0
[2026-06-15 09:26:52] [face_detect] IN: face_detect → OUT: detected=false landmarks=nil roll=nil pitch=nil yaw=nil (3239ms)
[2026-06-15 09:26:52] [hand_detect] IN: hand_detect 1920x1080 → OUT: detected=false landmarks=nil confidence=0
[2026-06-15 09:26:52] [face_detect] IN: face_detect → OUT: detected=false landmarks=nil roll=nil pitch=nil yaw=nil (12210ms)
[2026-06-15 09:26:52] [hand_detect] IN: hand_detect 1920x1080 → OUT: detected=false landmarks=nil confidence=0
[2026-06-15 09:26:52] [face_detect] IN: face_detect → OUT: detected=false landmarks=nil roll=nil pitch=nil yaw=nil (3960ms)
[2026-06-15 09:26:52] [hand_detect] IN: hand_detect 1920x1080 → OUT: detected=false landmarks=nil confidence=0
[2026-06-15 09:26:52] [face_detect] IN: face_detect → OUT: detected=false landmarks=nil roll=nil pitch=nil yaw=nil (2905ms)
[2026-06-15 09:26:52] [axScan] IN: windows=22 → OUT: raw=2006 visible=1905 (828ms)
[2026-06-15 09:26:52] [hand_detect] IN: hand_detect 1920x1080 → OUT: detected=false landmarks=nil confidence=0
[2026-06-15 09:26:52] [face_detect] IN: face_detect → OUT: detected=false landmarks=nil roll=nil pitch=nil yaw=nil (3080ms)
[2026-06-15 09:26:52] [hand_detect] IN: hand_detect 1920x1080 → OUT: detected=false landmarks=nil confidence=0
[2026-06-15 09:26:52] [face_detect] IN: face_detect → OUT: detected=false landmarks=nil roll=nil pitch=nil yaw=nil (2830ms)
[2026-06-15 09:26:52] [hand_detect] IN: hand_detect 1920x1080 → OUT: detected=false landmarks=nil confidence=0
[2026-06-15 09:26:52] [face_detect] IN: face_detect → OUT: detected=false landmarks=nil roll=nil pitch=nil yaw=nil (2863ms)
[2026-06-15 09:26:52] [hand_detect] IN: hand_detect 1920x1080 → OUT: detected=false landmarks=nil confidence=0
[2026-06-15 09:26:52] [face_detect] IN: face_detect → OUT: detected=false landmarks=nil roll=nil pitch=nil yaw=nil (2680ms)
[2026-06-15 09:26:52] [hand_detect] IN: hand_detect 1920x1080 → OUT: detected=false landmarks=nil confidence=0
[2026-06-15 09:26:52] [face_detect] IN: face_detect → OUT: detected=false landmarks=nil roll=nil pitch=nil yaw=nil (2923ms)
[2026-06-15 09:26:52] [axMatch] IN: cursor=(654,176) → OUT: lost (0ms)
[2026-06-15 09:26:52] [hand_detect] IN: hand_detect 1920x1080 → OUT: detected=false landmarks=nil confidence=0
[2026-06-15 09:26:52] [face_detect] IN: face_detect → OUT: detected=false landmarks=nil roll=nil pitch=nil yaw=nil (2753ms)
[2026-06-15 09:26:52] [hand_detect] IN: hand_detect 1920x1080 → OUT: detected=false landmarks=nil confidence=0
[2026-06-15 09:26:52] [face_detect] IN: face_detect → OUT: detected=false landmarks=nil roll=nil pitch=nil yaw=nil (2811ms)
[2026-06-15 09:26:52] [hand_detect] IN: hand_detect 1920x1080 → OUT: detected=false landmarks=nil confidence=0
[2026-06-15 09:26:52] [face_detect] IN: face_detect → OUT: detected=false landmarks=nil roll=nil pitch=nil yaw=nil (2774ms)
[2026-06-15 09:26:52] [hand_detect] IN: hand_detect 1920x1080 → OUT: detected=false landmarks=nil confidence=0
[2026-06-15 09:26:52] [face_detect] IN: face_detect → OUT: detected=false landmarks=nil roll=nil pitch=nil yaw=nil (3154ms)
[2026-06-15 09:26:52] [hand_detect] IN: hand_detect 1920x1080 → OUT: detected=false landmarks=nil confidence=0
[2026-06-15 09:26:52] [face_detect] IN: face_detect → OUT: detected=false landmarks=nil roll=nil pitch=nil yaw=nil (3222ms)
[2026-06-15 09:26:52] [hand_detect] IN: hand_detect 1920x1080 → OUT: detected=false landmarks=nil confidence=0
[2026-06-15 09:26:52] [face_detect] IN: face_detect → OUT: detected=false landmarks=nil roll=nil pitch=nil yaw=nil (2682ms)
[2026-06-15 09:26:52] [hand_detect] IN: hand_detect 1920x1080 → OUT: detected=false landmarks=nil confidence=0
[2026-06-15 09:26:52] [face_detect] IN: face_detect → OUT: detected=false landmarks=nil roll=nil pitch=nil yaw=nil (2701ms)
[2026-06-15 09:26:53] [hand_detect] IN: hand_detect 1920x1080 → OUT: detected=false landmarks=nil confidence=0
[2026-06-15 09:26:53] [face_detect] IN: face_detect → OUT: detected=false landmarks=nil roll=nil pitch=nil yaw=nil (2574ms)
[2026-06-15 09:26:53] [hand_detect] IN: hand_detect 1920x1080 → OUT: detected=false landmarks=nil confidence=0
[2026-06-15 09:26:53] [face_detect] IN: face_detect → OUT: detected=false landmarks=nil roll=nil pitch=nil yaw=nil (2865ms)
[2026-06-15 09:26:53] [hand_detect] IN: hand_detect 1920x1080 → OUT: detected=false landmarks=nil confidence=0
[2026-06-15 09:26:53] [face_detect] IN: face_detect → OUT: detected=false landmarks=nil roll=nil pitch=nil yaw=nil (3445ms)
[2026-06-15 09:26:53] [hand_detect] IN: hand_detect 1920x1080 → OUT: detected=false landmarks=nil confidence=0
[2026-06-15 09:26:53] [face_detect] IN: face_detect → OUT: detected=false landmarks=nil roll=nil pitch=nil yaw=nil (3147ms)
[2026-06-15 09:26:53] [hand_detect] IN: hand_detect 1920x1080 → OUT: detected=false landmarks=nil confidence=0
[2026-06-15 09:26:53] [face_detect] IN: face_detect → OUT: detected=false landmarks=nil roll=nil pitch=nil yaw=nil (2930ms)
[2026-06-15 09:26:53] [hand_detect] IN: hand_detect 1920x1080 → OUT: detected=false landmarks=nil confidence=0
[2026-06-15 09:26:53] [face_detect] IN: face_detect → OUT: detected=false landmarks=nil roll=nil pitch=nil yaw=nil (3511ms)
[2026-06-15 09:26:53] [hand_detect] IN: hand_detect 1920x1080 → OUT: detected=false landmarks=nil confidence=0
[2026-06-15 09:26:53] [face_detect] IN: face_detect → OUT: detected=false landmarks=nil roll=nil pitch=nil yaw=nil (3208ms)
[2026-06-15 09:26:53] [hand_detect] IN: hand_detect 1920x1080 → OUT: detected=false landmarks=nil confidence=0
[2026-06-15 09:26:53] [face_detect] IN: face_detect → OUT: detected=false landmarks=nil roll=nil pitch=nil yaw=nil (3560ms)
[2026-06-15 09:26:53] [hand_detect] IN: hand_detect 1920x1080 → OUT: detected=false landmarks=nil confidence=0
[2026-06-15 09:26:53] [face_detect] IN: face_detect → OUT: detected=false landmarks=nil roll=nil pitch=nil yaw=nil (2747ms)
[2026-06-15 09:26:53] [hand_detect] IN: hand_detect 1920x1080 → OUT: detected=false landmarks=nil confidence=0
[2026-06-15 09:26:53] [face_detect] IN: face_detect → OUT: detected=false landmarks=nil roll=nil pitch=nil yaw=nil (2847ms)
[2026-06-15 09:26:53] [hand_detect] IN: hand_detect 1920x1080 → OUT: detected=false landmarks=nil confidence=0
[2026-06-15 09:26:53] [face_detect] IN: face_detect → OUT: detected=false landmarks=nil roll=nil pitch=nil yaw=nil (2796ms)
[2026-06-15 09:26:53] [hand_detect] IN: hand_detect 1920x1080 → OUT: detected=false landmarks=nil confidence=0
[2026-06-15 09:26:53] [face_detect] IN: face_detect → OUT: detected=false landmarks=nil roll=nil pitch=nil yaw=nil (2882ms)
[2026-06-15 09:26:53] [hand_detect] IN: hand_detect 1920x1080 → OUT: detected=false landmarks=nil confidence=0
[2026-06-15 09:26:53] [face_detect] IN: face_detect → OUT: detected=false landmarks=nil roll=nil pitch=nil yaw=nil (2967ms)
[2026-06-15 09:26:53] [hand_detect] IN: hand_detect 1920x1080 → OUT: detected=false landmarks=nil confidence=0
[2026-06-15 09:26:53] [face_detect] IN: face_detect → OUT: detected=false landmarks=nil roll=nil pitch=nil yaw=nil (3135ms)
[2026-06-15 09:26:53] [hand_detect] IN: hand_detect 1920x1080 → OUT: detected=false landmarks=nil confidence=0
[2026-06-15 09:26:53] [face_detect] IN: face_detect → OUT: detected=false landmarks=nil roll=nil pitch=nil yaw=nil (2662ms)
[2026-06-15 09:26:53] [hand_detect] IN: hand_detect 1920x1080 → OUT: detected=false landmarks=nil confidence=0
[2026-06-15 09:26:53] [face_detect] IN: face_detect → OUT: detected=false landmarks=nil roll=nil pitch=nil yaw=nil (2977ms)
[2026-06-15 09:26:53] [hand_detect] IN: hand_detect 1920x1080 → OUT: detected=false landmarks=nil confidence=0
[2026-06-15 09:26:53] [face_detect] IN: face_detect → OUT: detected=false landmarks=nil roll=nil pitch=nil yaw=nil (3386ms)
[2026-06-15 09:26:53] [axScan] IN: windows=22 → OUT: raw=2006 visible=1905 (801ms)
[2026-06-15 09:26:53] [hand_detect] IN: hand_detect 1920x1080 → OUT: detected=false landmarks=nil confidence=0
[2026-06-15 09:26:53] [face_detect] IN: face_detect → OUT: detected=false landmarks=nil roll=nil pitch=nil yaw=nil (2665ms)
[2026-06-15 09:26:53] [hand_detect] IN: hand_detect 1920x1080 → OUT: detected=false landmarks=nil confidence=0
[2026-06-15 09:26:53] [face_detect] IN: face_detect → OUT: detected=false landmarks=nil roll=nil pitch=nil yaw=nil (2911ms)
[2026-06-15 09:26:53] [hand_detect] IN: hand_detect 1920x1080 → OUT: detected=false landmarks=nil confidence=0
[2026-06-15 09:26:53] [face_detect] IN: face_detect → OUT: detected=false landmarks=nil roll=nil pitch=nil yaw=nil (2611ms)
[2026-06-15 09:26:53] [hand_detect] IN: hand_detect 1920x1080 → OUT: detected=false landmarks=nil confidence=0
[2026-06-15 09:26:53] [face_detect] IN: face_detect → OUT: detected=false landmarks=nil roll=nil pitch=nil yaw=nil (2828ms)
[2026-06-15 09:26:53] [hand_detect] IN: hand_detect 1920x1080 → OUT: detected=false landmarks=nil confidence=0
[2026-06-15 09:26:53] [face_detect] IN: face_detect → OUT: detected=false landmarks=nil roll=nil pitch=nil yaw=nil (2787ms)
[2026-06-15 09:26:53] [hand_detect] IN: hand_detect 1920x1080 → OUT: detected=false landmarks=nil confidence=0
[2026-06-15 09:26:53] [face_detect] IN: face_detect → OUT: detected=false landmarks=nil roll=nil pitch=nil yaw=nil (3319ms)
[2026-06-15 09:26:53] [hand_detect] IN: hand_detect 1920x1080 → OUT: detected=false landmarks=nil confidence=0
[2026-06-15 09:26:53] [face_detect] IN: face_detect → OUT: detected=false landmarks=nil roll=nil pitch=nil yaw=nil (5427ms)
[2026-06-15 09:26:53] [hand_detect] IN: hand_detect 1920x1080 → OUT: detected=false landmarks=nil confidence=0
[2026-06-15 09:26:53] [face_detect] IN: face_detect → OUT: detected=false landmarks=nil roll=nil pitch=nil yaw=nil (3015ms)
[2026-06-15 09:26:53] [hand_detect] IN: hand_detect 1920x1080 → OUT: detected=false landmarks=nil confidence=0
[2026-06-15 09:26:53] [face_detect] IN: face_detect → OUT: detected=false landmarks=nil roll=nil pitch=nil yaw=nil (4407ms)
[2026-06-15 09:26:53] [hand_detect] IN: hand_detect 1920x1080 → OUT: detected=false landmarks=nil confidence=0
[2026-06-15 09:26:53] [face_detect] IN: face_detect → OUT: detected=false landmarks=nil roll=nil pitch=nil yaw=nil (2887ms)
[2026-06-15 09:26:53] [hand_detect] IN: hand_detect 1920x1080 → OUT: detected=false landmarks=nil confidence=0
[2026-06-15 09:26:53] [face_detect] IN: face_detect → OUT: detected=false landmarks=nil roll=nil pitch=nil yaw=nil (2781ms)
[2026-06-15 09:26:53] [hand_detect] IN: hand_detect 1920x1080 → OUT: detected=false landmarks=nil confidence=0
[2026-06-15 09:26:53] [face_detect] IN: face_detect → OUT: detected=false landmarks=nil roll=nil pitch=nil yaw=nil (2660ms)
[2026-06-15 09:26:53] [hand_detect] IN: hand_detect 1920x1080 → OUT: detected=false landmarks=nil confidence=0
[2026-06-15 09:26:53] [face_detect] IN: face_detect → OUT: detected=false landmarks=nil roll=nil pitch=nil yaw=nil (2858ms)
[2026-06-15 09:26:54] [hand_detect] IN: hand_detect 1920x1080 → OUT: detected=false landmarks=nil confidence=0
[2026-06-15 09:26:54] [face_detect] IN: face_detect → OUT: detected=false landmarks=nil roll=nil pitch=nil yaw=nil (2684ms)
[2026-06-15 09:26:54] [hand_detect] IN: hand_detect 1920x1080 → OUT: detected=false landmarks=nil confidence=0
[2026-06-15 09:26:54] [face_detect] IN: face_detect → OUT: detected=false landmarks=nil roll=nil pitch=nil yaw=nil (2687ms)
[2026-06-15 09:26:54] [hand_detect] IN: hand_detect 1920x1080 → OUT: detected=false landmarks=nil confidence=0
[2026-06-15 09:26:54] [face_detect] IN: face_detect → OUT: detected=false landmarks=nil roll=nil pitch=nil yaw=nil (2734ms)
[2026-06-15 09:26:54] [hand_detect] IN: hand_detect 1920x1080 → OUT: detected=false landmarks=nil confidence=0
[2026-06-15 09:26:54] [face_detect] IN: face_detect → OUT: detected=false landmarks=nil roll=nil pitch=nil yaw=nil (2688ms)
[2026-06-15 09:26:54] [hand_detect] IN: hand_detect 1920x1080 → OUT: detected=false landmarks=nil confidence=0
[2026-06-15 09:26:54] [face_detect] IN: face_detect → OUT: detected=false landmarks=nil roll=nil pitch=nil yaw=nil (2728ms)
[2026-06-15 09:26:54] [hand_detect] IN: hand_detect 1920x1080 → OUT: detected=false landmarks=nil confidence=0
[2026-06-15 09:26:54] [face_detect] IN: face_detect → OUT: detected=false landmarks=nil roll=nil pitch=nil yaw=nil (2700ms)
[2026-06-15 09:26:54] [hand_detect] IN: hand_detect 1920x1080 → OUT: detected=false landmarks=nil confidence=0
[2026-06-15 09:26:54] [face_detect] IN: face_detect → OUT: detected=false landmarks=nil roll=nil pitch=nil yaw=nil (2825ms)
[2026-06-15 09:26:54] [hand_detect] IN: hand_detect 1920x1080 → OUT: detected=false landmarks=nil confidence=0
[2026-06-15 09:26:54] [face_detect] IN: face_detect → OUT: detected=false landmarks=nil roll=nil pitch=nil yaw=nil (2750ms)
[2026-06-15 09:26:54] [hand_detect] IN: hand_detect 1920x1080 → OUT: detected=false landmarks=nil confidence=0
[2026-06-15 09:26:54] [face_detect] IN: face_detect → OUT: detected=false landmarks=nil roll=nil pitch=nil yaw=nil (2627ms)
[2026-06-15 09:26:54] [hand_detect] IN: hand_detect 1920x1080 → OUT: detected=false landmarks=nil confidence=0
[2026-06-15 09:26:54] [face_detect] IN: face_detect → OUT: detected=false landmarks=nil roll=nil pitch=nil yaw=nil (2516ms)
[2026-06-15 09:26:54] [hand_detect] IN: hand_detect 1920x1080 → OUT: detected=false landmarks=nil confidence=0
[2026-06-15 09:26:54] [face_detect] IN: face_detect → OUT: detected=false landmarks=nil roll=nil pitch=nil yaw=nil (2544ms)
[2026-06-15 09:26:54] [hand_detect] IN: hand_detect 1920x1080 → OUT: detected=false landmarks=nil confidence=0
[2026-06-15 09:26:54] [face_detect] IN: face_detect → OUT: detected=false landmarks=nil roll=nil pitch=nil yaw=nil (2674ms)
[2026-06-15 09:26:54] [hand_detect] IN: hand_detect 1920x1080 → OUT: detected=false landmarks=nil confidence=0
[2026-06-15 09:26:54] [face_detect] IN: face_detect → OUT: detected=false landmarks=nil roll=nil pitch=nil yaw=nil (2817ms)
[2026-06-15 09:26:54] [hand_detect] IN: hand_detect 1920x1080 → OUT: detected=false landmarks=nil confidence=0
[2026-06-15 09:26:54] [face_detect] IN: face_detect → OUT: detected=false landmarks=nil roll=nil pitch=nil yaw=nil (3099ms)
[2026-06-15 09:26:54] [hand_detect] IN: hand_detect 1920x1080 → OUT: detected=false landmarks=nil confidence=0
[2026-06-15 09:26:54] [face_detect] IN: face_detect → OUT: detected=false landmarks=nil roll=nil pitch=nil yaw=nil (2903ms)
[2026-06-15 09:26:54] [axScan] IN: windows=22 → OUT: raw=2010 visible=1909 (727ms)
[2026-06-15 09:26:54] [hand_detect] IN: hand_detect 1920x1080 → OUT: detected=false landmarks=nil confidence=0
[2026-06-15 09:26:54] [face_detect] IN: face_detect → OUT: detected=false landmarks=nil roll=nil pitch=nil yaw=nil (2843ms)
[2026-06-15 09:26:54] [hand_detect] IN: hand_detect 1920x1080 → OUT: detected=false landmarks=nil confidence=0
[2026-06-15 09:26:54] [face_detect] IN: face_detect → OUT: detected=false landmarks=nil roll=nil pitch=nil yaw=nil (2808ms)
[2026-06-15 09:26:54] [hand_detect] IN: hand_detect 1920x1080 → OUT: detected=false landmarks=nil confidence=0
[2026-06-15 09:26:54] [face_detect] IN: face_detect → OUT: detected=false landmarks=nil roll=nil pitch=nil yaw=nil (3175ms)
[2026-06-15 09:26:54] [hand_detect] IN: hand_detect 1920x1080 → OUT: detected=false landmarks=nil confidence=0
[2026-06-15 09:26:54] [face_detect] IN: face_detect → OUT: detected=false landmarks=nil roll=nil pitch=nil yaw=nil (3069ms)
[2026-06-15 09:26:54] [hand_detect] IN: hand_detect 1920x1080 → OUT: detected=false landmarks=nil confidence=0
[2026-06-15 09:26:54] [face_detect] IN: face_detect → OUT: detected=false landmarks=nil roll=nil pitch=nil yaw=nil (3416ms)
[2026-06-15 09:26:54] [hand_detect] IN: hand_detect 1920x1080 → OUT: detected=false landmarks=nil confidence=0
[2026-06-15 09:26:54] [face_detect] IN: face_detect → OUT: detected=false landmarks=nil roll=nil pitch=nil yaw=nil (2830ms)
[2026-06-15 09:26:54] [hand_detect] IN: hand_detect 1920x1080 → OUT: detected=false landmarks=nil confidence=0
[2026-06-15 09:26:54] [face_detect] IN: face_detect → OUT: detected=false landmarks=nil roll=nil pitch=nil yaw=nil (2819ms)
[2026-06-15 09:26:54] [hand_detect] IN: hand_detect 1920x1080 → OUT: detected=false landmarks=nil confidence=0
[2026-06-15 09:26:54] [face_detect] IN: face_detect → OUT: detected=false landmarks=nil roll=nil pitch=nil yaw=nil (2879ms)
[2026-06-15 09:26:54] [axMatch] IN: cursor=(344,75) → OUT: role=AXButton title= (0ms)
[2026-06-15 09:26:54] [hand_detect] IN: hand_detect 1920x1080 → OUT: detected=false landmarks=nil confidence=0
[2026-06-15 09:26:54] [face_detect] IN: face_detect → OUT: detected=false landmarks=nil roll=nil pitch=nil yaw=nil (2845ms)
[2026-06-15 09:26:54] [hand_detect] IN: hand_detect 1920x1080 → OUT: detected=false landmarks=nil confidence=0
[2026-06-15 09:26:54] [face_detect] IN: face_detect → OUT: detected=false landmarks=nil roll=nil pitch=nil yaw=nil (3385ms)
[2026-06-15 09:26:54] [hand_detect] IN: hand_detect 1920x1080 → OUT: detected=false landmarks=nil confidence=0
[2026-06-15 09:26:54] [face_detect] IN: face_detect → OUT: detected=false landmarks=nil roll=nil pitch=nil yaw=nil (5348ms)
[2026-06-15 09:26:54] [hand_detect] IN: hand_detect 1920x1080 → OUT: detected=false landmarks=nil confidence=0
[2026-06-15 09:26:54] [face_detect] IN: face_detect → OUT: detected=false landmarks=nil roll=nil pitch=nil yaw=nil (4868ms)
[2026-06-15 09:26:54] [hand_detect] IN: hand_detect 1920x1080 → OUT: detected=false landmarks=nil confidence=0
[2026-06-15 09:26:54] [face_detect] IN: face_detect → OUT: detected=false landmarks=nil roll=nil pitch=nil yaw=nil (4408ms)
[2026-06-15 09:26:54] [hand_detect] IN: hand_detect 1920x1080 → OUT: detected=false landmarks=nil confidence=0
[2026-06-15 09:26:54] [face_detect] IN: face_detect → OUT: detected=false landmarks=nil roll=nil pitch=nil yaw=nil (3733ms)
[2026-06-15 09:26:54] [hand_detect] IN: hand_detect 1920x1080 → OUT: detected=false landmarks=nil confidence=0
[2026-06-15 09:26:54] [face_detect] IN: face_detect → OUT: detected=false landmarks=nil roll=nil pitch=nil yaw=nil (3515ms)
[2026-06-15 09:26:55] [hand_detect] IN: hand_detect 1920x1080 → OUT: detected=false landmarks=nil confidence=0
[2026-06-15 09:26:55] [face_detect] IN: face_detect → OUT: detected=false landmarks=nil roll=nil pitch=nil yaw=nil (3157ms)
[2026-06-15 09:26:55] [hand_detect] IN: hand_detect 1920x1080 → OUT: detected=false landmarks=nil confidence=0
[2026-06-15 09:26:55] [face_detect] IN: face_detect → OUT: detected=false landmarks=nil roll=nil pitch=nil yaw=nil (3404ms)
[2026-06-15 09:26:55] [hand_detect] IN: hand_detect 1920x1080 → OUT: detected=false landmarks=nil confidence=0
[2026-06-15 09:26:55] [face_detect] IN: face_detect → OUT: detected=false landmarks=nil roll=nil pitch=nil yaw=nil (3682ms)
[2026-06-15 09:26:55] [hand_detect] IN: hand_detect 1920x1080 → OUT: detected=false landmarks=nil confidence=0
[2026-06-15 09:26:55] [face_detect] IN: face_detect → OUT: detected=false landmarks=nil roll=nil pitch=nil yaw=nil (3538ms)
[2026-06-15 09:26:55] [hand_detect] IN: hand_detect 1920x1080 → OUT: detected=false landmarks=nil confidence=0
[2026-06-15 09:26:55] [face_detect] IN: face_detect → OUT: detected=false landmarks=nil roll=nil pitch=nil yaw=nil (3534ms)
[2026-06-15 09:26:55] [hand_detect] IN: hand_detect 1920x1080 → OUT: detected=false landmarks=nil confidence=0
[2026-06-15 09:26:55] [face_detect] IN: face_detect → OUT: detected=false landmarks=nil roll=nil pitch=nil yaw=nil (3653ms)
[2026-06-15 09:26:55] [hand_detect] IN: hand_detect 1920x1080 → OUT: detected=false landmarks=nil confidence=0
[2026-06-15 09:26:55] [face_detect] IN: face_detect → OUT: detected=false landmarks=nil roll=nil pitch=nil yaw=nil (3219ms)
[2026-06-15 09:26:55] [hand_detect] IN: hand_detect 1920x1080 → OUT: detected=false landmarks=nil confidence=0
[2026-06-15 09:26:55] [face_detect] IN: face_detect → OUT: detected=false landmarks=nil roll=nil pitch=nil yaw=nil (3260ms)
[2026-06-15 09:26:55] [axMatch] IN: cursor=(1306,293) → OUT: role=AXRow title= (0ms)
[2026-06-15 09:26:55] [hand_detect] IN: hand_detect 1920x1080 → OUT: detected=false landmarks=nil confidence=0
[2026-06-15 09:26:55] [face_detect] IN: face_detect → OUT: detected=false landmarks=nil roll=nil pitch=nil yaw=nil (2879ms)
[2026-06-15 09:26:55] [hand_detect] IN: hand_detect 1920x1080 → OUT: detected=false landmarks=nil confidence=0
[2026-06-15 09:26:55] [face_detect] IN: face_detect → OUT: detected=false landmarks=nil roll=nil pitch=nil yaw=nil (3184ms)
[2026-06-15 09:26:55] [hand_detect] IN: hand_detect 1920x1080 → OUT: detected=false landmarks=nil confidence=0
[2026-06-15 09:26:55] [face_detect] IN: face_detect → OUT: detected=false landmarks=nil roll=nil pitch=nil yaw=nil (2910ms)
[2026-06-15 09:26:55] [hand_detect] IN: hand_detect 1920x1080 → OUT: detected=false landmarks=nil confidence=0
[2026-06-15 09:26:55] [face_detect] IN: face_detect → OUT: detected=false landmarks=nil roll=nil pitch=nil yaw=nil (3453ms)
[2026-06-15 09:26:55] [hand_detect] IN: hand_detect 1920x1080 → OUT: detected=false landmarks=nil confidence=0
[2026-06-15 09:26:55] [face_detect] IN: face_detect → OUT: detected=false landmarks=nil roll=nil pitch=nil yaw=nil (3164ms)
[2026-06-15 09:26:55] [hand_detect] IN: hand_detect 1920x1080 → OUT: detected=false landmarks=nil confidence=0
[2026-06-15 09:26:55] [face_detect] IN: face_detect → OUT: detected=false landmarks=nil roll=nil pitch=nil yaw=nil (3237ms)
[2026-06-15 09:26:55] [hand_detect] IN: hand_detect 1920x1080 → OUT: detected=false landmarks=nil confidence=0
[2026-06-15 09:26:55] [face_detect] IN: face_detect → OUT: detected=false landmarks=nil roll=nil pitch=nil yaw=nil (3228ms)
[2026-06-15 09:26:55] [hand_detect] IN: hand_detect 1920x1080 → OUT: detected=false landmarks=nil confidence=0
[2026-06-15 09:26:55] [face_detect] IN: face_detect → OUT: detected=false landmarks=nil roll=nil pitch=nil yaw=nil (3786ms)
[2026-06-15 09:26:55] [hand_detect] IN: hand_detect 1920x1080 → OUT: detected=false landmarks=nil confidence=0
[2026-06-15 09:26:55] [face_detect] IN: face_detect → OUT: detected=false landmarks=nil roll=nil pitch=nil yaw=nil (4535ms)
[2026-06-15 09:26:55] [hand_detect] IN: hand_detect 1920x1080 → OUT: detected=false landmarks=nil confidence=0
[2026-06-15 09:26:55] [face_detect] IN: face_detect → OUT: detected=false landmarks=nil roll=nil pitch=nil yaw=nil (3291ms)
[2026-06-15 09:26:55] [hand_detect] IN: hand_detect 1920x1080 → OUT: detected=false landmarks=nil confidence=0
[2026-06-15 09:26:55] [face_detect] IN: face_detect → OUT: detected=false landmarks=nil roll=nil pitch=nil yaw=nil (3253ms)
[2026-06-15 09:26:55] [axScan] IN: windows=22 → OUT: raw=2010 visible=1907 (859ms)
[2026-06-15 09:26:55] [hand_detect] IN: hand_detect 1920x1080 → OUT: detected=false landmarks=nil confidence=0
[2026-06-15 09:26:55] [face_detect] IN: face_detect → OUT: detected=false landmarks=nil roll=nil pitch=nil yaw=nil (3396ms)
[2026-06-15 09:26:55] [hand_detect] IN: hand_detect 1920x1080 → OUT: detected=false landmarks=nil confidence=0
[2026-06-15 09:26:55] [face_detect] IN: face_detect → OUT: detected=false landmarks=nil roll=nil pitch=nil yaw=nil (3201ms)
[2026-06-15 09:26:55] [hand_detect] IN: hand_detect 1920x1080 → OUT: detected=false landmarks=nil confidence=0
[2026-06-15 09:26:55] [face_detect] IN: face_detect → OUT: detected=false landmarks=nil roll=nil pitch=nil yaw=nil (3432ms)
[2026-06-15 09:26:55] [hand_detect] IN: hand_detect 1920x1080 → OUT: detected=false landmarks=nil confidence=0
[2026-06-15 09:26:55] [face_detect] IN: face_detect → OUT: detected=false landmarks=nil roll=nil pitch=nil yaw=nil (2840ms)
[2026-06-15 09:26:55] [axMatch] IN: cursor=(1214,257) → OUT: lost (0ms)
[2026-06-15 09:26:55] [hand_detect] IN: hand_detect 1920x1080 → OUT: detected=false landmarks=nil confidence=0
[2026-06-15 09:26:55] [face_detect] IN: face_detect → OUT: detected=false landmarks=nil roll=nil pitch=nil yaw=nil (3645ms)
[2026-06-15 09:26:55] [hand_detect] IN: hand_detect 1920x1080 → OUT: detected=false landmarks=nil confidence=0
[2026-06-15 09:26:55] [face_detect] IN: face_detect → OUT: detected=false landmarks=nil roll=nil pitch=nil yaw=nil (3247ms)
[2026-06-15 09:26:55] [hand_detect] IN: hand_detect 1920x1080 → OUT: detected=false landmarks=nil confidence=0
[2026-06-15 09:26:55] [face_detect] IN: face_detect → OUT: detected=false landmarks=nil roll=nil pitch=nil yaw=nil (3755ms)
[2026-06-15 09:26:55] [hand_detect] IN: hand_detect 1920x1080 → OUT: detected=false landmarks=nil confidence=0
[2026-06-15 09:26:55] [face_detect] IN: face_detect → OUT: detected=false landmarks=nil roll=nil pitch=nil yaw=nil (4025ms)
[2026-06-15 09:26:55] [hand_detect] IN: hand_detect 1920x1080 → OUT: detected=false landmarks=nil confidence=0
[2026-06-15 09:26:55] [face_detect] IN: face_detect → OUT: detected=false landmarks=nil roll=nil pitch=nil yaw=nil (2972ms)
[2026-06-15 09:26:55] [hand_detect] IN: hand_detect 1920x1080 → OUT: detected=false landmarks=nil confidence=0
[2026-06-15 09:26:55] [face_detect] IN: face_detect → OUT: detected=false landmarks=nil roll=nil pitch=nil yaw=nil (3273ms)
[2026-06-15 09:26:55] [hand_detect] IN: hand_detect 1920x1080 → OUT: detected=false landmarks=nil confidence=0
[2026-06-15 09:26:55] [face_detect] IN: face_detect → OUT: detected=false landmarks=nil roll=nil pitch=nil yaw=nil (3270ms)
[2026-06-15 09:26:55] [hand_detect] IN: hand_detect 1920x1080 → OUT: detected=false landmarks=nil confidence=0
[2026-06-15 09:26:56] [face_detect] IN: face_detect → OUT: detected=false landmarks=nil roll=nil pitch=nil yaw=nil (3314ms)
[2026-06-15 09:26:56] [hand_detect] IN: hand_detect 1920x1080 → OUT: detected=false landmarks=nil confidence=0
[2026-06-15 09:26:56] [face_detect] IN: face_detect → OUT: detected=false landmarks=nil roll=nil pitch=nil yaw=nil (3188ms)
[2026-06-15 09:26:56] [hand_detect] IN: hand_detect 1920x1080 → OUT: detected=false landmarks=nil confidence=0
[2026-06-15 09:26:56] [face_detect] IN: face_detect → OUT: detected=false landmarks=nil roll=nil pitch=nil yaw=nil (3196ms)
[2026-06-15 09:26:56] [hand_detect] IN: hand_detect 1920x1080 → OUT: detected=false landmarks=nil confidence=0
[2026-06-15 09:26:56] [face_detect] IN: face_detect → OUT: detected=false landmarks=nil roll=nil pitch=nil yaw=nil (2964ms)
[2026-06-15 09:26:56] [hand_detect] IN: hand_detect 1920x1080 → OUT: detected=false landmarks=nil confidence=0
[2026-06-15 09:26:56] [face_detect] IN: face_detect → OUT: detected=false landmarks=nil roll=nil pitch=nil yaw=nil (3137ms)
[2026-06-15 09:26:56] [hand_detect] IN: hand_detect 1920x1080 → OUT: detected=false landmarks=nil confidence=0
[2026-06-15 09:26:56] [face_detect] IN: face_detect → OUT: detected=false landmarks=nil roll=nil pitch=nil yaw=nil (2837ms)
[2026-06-15 09:26:56] [hand_detect] IN: hand_detect 1920x1080 → OUT: detected=false landmarks=nil confidence=0
[2026-06-15 09:26:56] [face_detect] IN: face_detect → OUT: detected=false landmarks=nil roll=nil pitch=nil yaw=nil (4132ms)
[2026-06-15 09:26:56] [hand_detect] IN: hand_detect 1920x1080 → OUT: detected=false landmarks=nil confidence=0
[2026-06-15 09:26:56] [face_detect] IN: face_detect → OUT: detected=false landmarks=nil roll=nil pitch=nil yaw=nil (2856ms)
[2026-06-15 09:26:56] [hand_detect] IN: hand_detect 1920x1080 → OUT: detected=false landmarks=nil confidence=0
[2026-06-15 09:26:56] [face_detect] IN: face_detect → OUT: detected=false landmarks=nil roll=nil pitch=nil yaw=nil (3047ms)
[2026-06-15 09:26:56] [hand_detect] IN: hand_detect 1920x1080 → OUT: detected=false landmarks=nil confidence=0
[2026-06-15 09:26:56] [face_detect] IN: face_detect → OUT: detected=false landmarks=nil roll=nil pitch=nil yaw=nil (2740ms)
[2026-06-15 09:26:56] [hand_detect] IN: hand_detect 1920x1080 → OUT: detected=false landmarks=nil confidence=0
[2026-06-15 09:26:56] [face_detect] IN: face_detect → OUT: detected=false landmarks=nil roll=nil pitch=nil yaw=nil (2841ms)
[2026-06-15 09:26:56] [hand_detect] IN: hand_detect 1920x1080 → OUT: detected=false landmarks=nil confidence=0
[2026-06-15 09:26:56] [face_detect] IN: face_detect → OUT: detected=false landmarks=nil roll=nil pitch=nil yaw=nil (2767ms)
[2026-06-15 09:26:56] [hand_detect] IN: hand_detect 1920x1080 → OUT: detected=false landmarks=nil confidence=0
[2026-06-15 09:26:56] [face_detect] IN: face_detect → OUT: detected=false landmarks=nil roll=nil pitch=nil yaw=nil (2604ms)
[2026-06-15 09:26:56] [hand_detect] IN: hand_detect 1920x1080 → OUT: detected=false landmarks=nil confidence=0
[2026-06-15 09:26:56] [face_detect] IN: face_detect → OUT: detected=false landmarks=nil roll=nil pitch=nil yaw=nil (2736ms)
[2026-06-15 09:26:56] [hand_detect] IN: hand_detect 1920x1080 → OUT: detected=false landmarks=nil confidence=0
[2026-06-15 09:26:56] [face_detect] IN: face_detect → OUT: detected=false landmarks=nil roll=nil pitch=nil yaw=nil (2650ms)
[2026-06-15 09:26:56] [hand_detect] IN: hand_detect 1920x1080 → OUT: detected=false landmarks=nil confidence=0
[2026-06-15 09:26:56] [face_detect] IN: face_detect → OUT: detected=false landmarks=nil roll=nil pitch=nil yaw=nil (2724ms)
[2026-06-15 09:26:56] [hand_detect] IN: hand_detect 1920x1080 → OUT: detected=false landmarks=nil confidence=0
[2026-06-15 09:26:56] [face_detect] IN: face_detect → OUT: detected=false landmarks=nil roll=nil pitch=nil yaw=nil (2503ms)
[2026-06-15 09:26:56] [axScan] IN: windows=22 → OUT: raw=2016 visible=1913 (785ms)
[2026-06-15 09:26:56] [hand_detect] IN: hand_detect 1920x1080 → OUT: detected=false landmarks=nil confidence=0
[2026-06-15 09:26:56] [face_detect] IN: face_detect → OUT: detected=false landmarks=nil roll=nil pitch=nil yaw=nil (2730ms)
[2026-06-15 09:26:56] [hand_detect] IN: hand_detect 1920x1080 → OUT: detected=false landmarks=nil confidence=0
[2026-06-15 09:26:56] [face_detect] IN: face_detect → OUT: detected=false landmarks=nil roll=nil pitch=nil yaw=nil (3064ms)
[2026-06-15 09:26:56] [hand_detect] IN: hand_detect 1920x1080 → OUT: detected=false landmarks=nil confidence=0
[2026-06-15 09:26:56] [face_detect] IN: face_detect → OUT: detected=false landmarks=nil roll=nil pitch=nil yaw=nil (3493ms)
[2026-06-15 09:26:56] [hand_detect] IN: hand_detect 1920x1080 → OUT: detected=false landmarks=nil confidence=0
[2026-06-15 09:26:56] [face_detect] IN: face_detect → OUT: detected=false landmarks=nil roll=nil pitch=nil yaw=nil (2844ms)
[2026-06-15 09:26:56] [hand_detect] IN: hand_detect 1920x1080 → OUT: detected=false landmarks=nil confidence=0
[2026-06-15 09:26:56] [face_detect] IN: face_detect → OUT: detected=false landmarks=nil roll=nil pitch=nil yaw=nil (2905ms)
[2026-06-15 09:26:56] [hand_detect] IN: hand_detect 1920x1080 → OUT: detected=false landmarks=nil confidence=0
[2026-06-15 09:26:56] [face_detect] IN: face_detect → OUT: detected=false landmarks=nil roll=nil pitch=nil yaw=nil (2810ms)
[2026-06-15 09:26:56] [axMatch] IN: cursor=(1285,386) → OUT: role=AXRow title= (0ms)
[2026-06-15 09:26:56] [hand_detect] IN: hand_detect 1920x1080 → OUT: detected=false landmarks=nil confidence=0
[2026-06-15 09:26:56] [face_detect] IN: face_detect → OUT: detected=false landmarks=nil roll=nil pitch=nil yaw=nil (3443ms)
[2026-06-15 09:26:56] [hand_detect] IN: hand_detect 1920x1080 → OUT: detected=false landmarks=nil confidence=0
[2026-06-15 09:26:56] [face_detect] IN: face_detect → OUT: detected=false landmarks=nil roll=nil pitch=nil yaw=nil (4794ms)
[2026-06-15 09:26:56] [hand_detect] IN: hand_detect 1920x1080 → OUT: detected=false landmarks=nil confidence=0
[2026-06-15 09:26:56] [face_detect] IN: face_detect → OUT: detected=false landmarks=nil roll=nil pitch=nil yaw=nil (3607ms)
[2026-06-15 09:26:56] [hand_detect] IN: hand_detect 1920x1080 → OUT: detected=false landmarks=nil confidence=0
[2026-06-15 09:26:56] [face_detect] IN: face_detect → OUT: detected=false landmarks=nil roll=nil pitch=nil yaw=nil (4609ms)
[2026-06-15 09:26:56] [hand_detect] IN: hand_detect 1920x1080 → OUT: detected=false landmarks=nil confidence=0
[2026-06-15 09:26:56] [face_detect] IN: face_detect → OUT: detected=false landmarks=nil roll=nil pitch=nil yaw=nil (3250ms)
[2026-06-15 09:26:56] [hand_detect] IN: hand_detect 1920x1080 → OUT: detected=false landmarks=nil confidence=0
[2026-06-15 09:26:56] [face_detect] IN: face_detect → OUT: detected=false landmarks=nil roll=nil pitch=nil yaw=nil (3471ms)
[2026-06-15 09:26:56] [hand_detect] IN: hand_detect 1920x1080 → OUT: detected=false landmarks=nil confidence=0
[2026-06-15 09:26:56] [face_detect] IN: face_detect → OUT: detected=false landmarks=nil roll=nil pitch=nil yaw=nil (18543ms)
[2026-06-15 09:26:57] [hand_detect] IN: hand_detect 1920x1080 → OUT: detected=false landmarks=nil confidence=0
[2026-06-15 09:26:57] [face_detect] IN: face_detect → OUT: detected=false landmarks=nil roll=nil pitch=nil yaw=nil (2865ms)
[2026-06-15 09:26:57] [hand_detect] IN: hand_detect 1920x1080 → OUT: detected=false landmarks=nil confidence=0
[2026-06-15 09:26:57] [face_detect] IN: face_detect → OUT: detected=false landmarks=nil roll=nil pitch=nil yaw=nil (2777ms)
[2026-06-15 09:26:57] [hand_detect] IN: hand_detect 1920x1080 → OUT: detected=false landmarks=nil confidence=0
[2026-06-15 09:26:57] [face_detect] IN: face_detect → OUT: detected=false landmarks=nil roll=nil pitch=nil yaw=nil (3270ms)
[2026-06-15 09:26:57] [hand_detect] IN: hand_detect 1920x1080 → OUT: detected=false landmarks=nil confidence=0
[2026-06-15 09:26:57] [face_detect] IN: face_detect → OUT: detected=false landmarks=nil roll=nil pitch=nil yaw=nil (2764ms)
[2026-06-15 09:26:57] [hand_detect] IN: hand_detect 1920x1080 → OUT: detected=false landmarks=nil confidence=0
[2026-06-15 09:26:57] [face_detect] IN: face_detect → OUT: detected=false landmarks=nil roll=nil pitch=nil yaw=nil (2962ms)
[2026-06-15 09:26:57] [hand_detect] IN: hand_detect 1920x1080 → OUT: detected=false landmarks=nil confidence=0
[2026-06-15 09:26:57] [face_detect] IN: face_detect → OUT: detected=false landmarks=nil roll=nil pitch=nil yaw=nil (3040ms)
[2026-06-15 09:26:57] [hand_detect] IN: hand_detect 1920x1080 → OUT: detected=false landmarks=nil confidence=0
[2026-06-15 09:26:57] [face_detect] IN: face_detect → OUT: detected=false landmarks=nil roll=nil pitch=nil yaw=nil (3028ms)
[2026-06-15 09:26:57] [hand_detect] IN: hand_detect 1920x1080 → OUT: detected=false landmarks=nil confidence=0
[2026-06-15 09:26:57] [face_detect] IN: face_detect → OUT: detected=false landmarks=nil roll=nil pitch=nil yaw=nil (2864ms)
[2026-06-15 09:26:57] [axMatch] IN: cursor=(1253,352) → OUT: role=AXStaticText title= (0ms)
[2026-06-15 09:26:57] [hand_detect] IN: hand_detect 1920x1080 → OUT: detected=false landmarks=nil confidence=0
[2026-06-15 09:26:57] [face_detect] IN: face_detect → OUT: detected=false landmarks=nil roll=nil pitch=nil yaw=nil (3010ms)
[2026-06-15 09:26:57] [hand_detect] IN: hand_detect 1920x1080 → OUT: detected=false landmarks=nil confidence=0
[2026-06-15 09:26:57] [face_detect] IN: face_detect → OUT: detected=false landmarks=nil roll=nil pitch=nil yaw=nil (2852ms)
[2026-06-15 09:26:57] [hand_detect] IN: hand_detect 1920x1080 → OUT: detected=false landmarks=nil confidence=0
[2026-06-15 09:26:57] [face_detect] IN: face_detect → OUT: detected=false landmarks=nil roll=nil pitch=nil yaw=nil (2763ms)
[2026-06-15 09:26:57] [hand_detect] IN: hand_detect 1920x1080 → OUT: detected=false landmarks=nil confidence=0
[2026-06-15 09:26:57] [face_detect] IN: face_detect → OUT: detected=false landmarks=nil roll=nil pitch=nil yaw=nil (2696ms)
[2026-06-15 09:26:57] [hand_detect] IN: hand_detect 1920x1080 → OUT: detected=false landmarks=nil confidence=0
[2026-06-15 09:26:57] [face_detect] IN: face_detect → OUT: detected=false landmarks=nil roll=nil pitch=nil yaw=nil (2948ms)
[2026-06-15 09:26:57] [hand_detect] IN: hand_detect 1920x1080 → OUT: detected=false landmarks=nil confidence=0
[2026-06-15 09:26:57] [face_detect] IN: face_detect → OUT: detected=false landmarks=nil roll=nil pitch=nil yaw=nil (2758ms)
[2026-06-15 09:26:57] [hand_detect] IN: hand_detect 1920x1080 → OUT: detected=false landmarks=nil confidence=0
[2026-06-15 09:26:57] [face_detect] IN: face_detect → OUT: detected=false landmarks=nil roll=nil pitch=nil yaw=nil (2996ms)
[2026-06-15 09:26:57] [hand_detect] IN: hand_detect 1920x1080 → OUT: detected=false landmarks=nil confidence=0
[2026-06-15 09:26:57] [face_detect] IN: face_detect → OUT: detected=false landmarks=nil roll=nil pitch=nil yaw=nil (3242ms)
[2026-06-15 09:26:57] [hand_detect] IN: hand_detect 1920x1080 → OUT: detected=false landmarks=nil confidence=0
[2026-06-15 09:26:57] [face_detect] IN: face_detect → OUT: detected=false landmarks=nil roll=nil pitch=nil yaw=nil (3039ms)
[2026-06-15 09:26:57] [axScan] IN: windows=22 → OUT: raw=2014 visible=1911 (781ms)
[2026-06-15 09:26:57] [hand_detect] IN: hand_detect 1920x1080 → OUT: detected=false landmarks=nil confidence=0
[2026-06-15 09:26:57] [face_detect] IN: face_detect → OUT: detected=false landmarks=nil roll=nil pitch=nil yaw=nil (2964ms)
[2026-06-15 09:26:57] [hand_detect] IN: hand_detect 1920x1080 → OUT: detected=false landmarks=nil confidence=0
[2026-06-15 09:26:57] [face_detect] IN: face_detect → OUT: detected=false landmarks=nil roll=nil pitch=nil yaw=nil (3195ms)
[2026-06-15 09:26:57] [hand_detect] IN: hand_detect 1920x1080 → OUT: detected=false landmarks=nil confidence=0
[2026-06-15 09:26:57] [face_detect] IN: face_detect → OUT: detected=false landmarks=nil roll=nil pitch=nil yaw=nil (2907ms)
[2026-06-15 09:26:57] [hand_detect] IN: hand_detect 1920x1080 → OUT: detected=false landmarks=nil confidence=0
[2026-06-15 09:26:57] [face_detect] IN: face_detect → OUT: detected=false landmarks=nil roll=nil pitch=nil yaw=nil (3008ms)
[2026-06-15 09:26:57] [hand_detect] IN: hand_detect 1920x1080 → OUT: detected=false landmarks=nil confidence=0
[2026-06-15 09:26:57] [face_detect] IN: face_detect → OUT: detected=false landmarks=nil roll=nil pitch=nil yaw=nil (2744ms)
[2026-06-15 09:26:57] [hand_detect] IN: hand_detect 1920x1080 → OUT: detected=false landmarks=nil confidence=0
[2026-06-15 09:26:57] [face_detect] IN: face_detect → OUT: detected=false landmarks=nil roll=nil pitch=nil yaw=nil (2789ms)
[2026-06-15 09:26:57] [axMatch] IN: cursor=(1215,243) → OUT: lost (0ms)
[2026-06-15 09:26:57] [hand_detect] IN: hand_detect 1920x1080 → OUT: detected=false landmarks=nil confidence=0
[2026-06-15 09:26:57] [face_detect] IN: face_detect → OUT: detected=false landmarks=nil roll=nil pitch=nil yaw=nil (2706ms)
[2026-06-15 09:26:57] [hand_detect] IN: hand_detect 1920x1080 → OUT: detected=false landmarks=nil confidence=0
[2026-06-15 09:26:57] [face_detect] IN: face_detect → OUT: detected=false landmarks=nil roll=nil pitch=nil yaw=nil (2723ms)
[2026-06-15 09:26:57] [hand_detect] IN: hand_detect 1920x1080 → OUT: detected=false landmarks=nil confidence=0
[2026-06-15 09:26:57] [face_detect] IN: face_detect → OUT: detected=false landmarks=nil roll=nil pitch=nil yaw=nil (3597ms)
[2026-06-15 09:26:57] [hand_detect] IN: hand_detect 1920x1080 → OUT: detected=false landmarks=nil confidence=0
[2026-06-15 09:26:57] [face_detect] IN: face_detect → OUT: detected=false landmarks=nil roll=nil pitch=nil yaw=nil (2830ms)
[2026-06-15 09:26:57] [hand_detect] IN: hand_detect 1920x1080 → OUT: detected=false landmarks=nil confidence=0
[2026-06-15 09:26:57] [face_detect] IN: face_detect → OUT: detected=false landmarks=nil roll=nil pitch=nil yaw=nil (3185ms)
[2026-06-15 09:26:57] [hand_detect] IN: hand_detect 1920x1080 → OUT: detected=false landmarks=nil confidence=0
[2026-06-15 09:26:57] [face_detect] IN: face_detect → OUT: detected=false landmarks=nil roll=nil pitch=nil yaw=nil (2754ms)
[2026-06-15 09:26:57] [hand_detect] IN: hand_detect 1920x1080 → OUT: detected=false landmarks=nil confidence=0
[2026-06-15 09:26:57] [face_detect] IN: face_detect → OUT: detected=false landmarks=nil roll=nil pitch=nil yaw=nil (2969ms)
[2026-06-15 09:26:57] [hand_detect] IN: hand_detect 1920x1080 → OUT: detected=false landmarks=nil confidence=0
[2026-06-15 09:26:58] [face_detect] IN: face_detect → OUT: detected=false landmarks=nil roll=nil pitch=nil yaw=nil (2959ms)
[2026-06-15 09:26:58] [hand_detect] IN: hand_detect 1920x1080 → OUT: detected=false landmarks=nil confidence=0
[2026-06-15 09:26:58] [face_detect] IN: face_detect → OUT: detected=false landmarks=nil roll=nil pitch=nil yaw=nil (3848ms)
[2026-06-15 09:26:58] [hand_detect] IN: hand_detect 1920x1080 → OUT: detected=false landmarks=nil confidence=0
[2026-06-15 09:26:58] [face_detect] IN: face_detect → OUT: detected=false landmarks=nil roll=nil pitch=nil yaw=nil (3212ms)
[2026-06-15 09:26:58] [hand_detect] IN: hand_detect 1920x1080 → OUT: detected=false landmarks=nil confidence=0
[2026-06-15 09:26:58] [face_detect] IN: face_detect → OUT: detected=false landmarks=nil roll=nil pitch=nil yaw=nil (3047ms)
[2026-06-15 09:26:58] [hand_detect] IN: hand_detect 1920x1080 → OUT: detected=false landmarks=nil confidence=0
[2026-06-15 09:26:58] [face_detect] IN: face_detect → OUT: detected=false landmarks=nil roll=nil pitch=nil yaw=nil (6532ms)
[2026-06-15 09:26:58] [hand_detect] IN: hand_detect 1920x1080 → OUT: detected=false landmarks=nil confidence=0
[2026-06-15 09:26:58] [face_detect] IN: face_detect → OUT: detected=false landmarks=nil roll=nil pitch=nil yaw=nil (4135ms)
[2026-06-15 09:26:58] [hand_detect] IN: hand_detect 1920x1080 → OUT: detected=false landmarks=nil confidence=0
[2026-06-15 09:26:58] [face_detect] IN: face_detect → OUT: detected=false landmarks=nil roll=nil pitch=nil yaw=nil (2922ms)
[2026-06-15 09:26:58] [hand_detect] IN: hand_detect 1920x1080 → OUT: detected=false landmarks=nil confidence=0
[2026-06-15 09:26:58] [face_detect] IN: face_detect → OUT: detected=false landmarks=nil roll=nil pitch=nil yaw=nil (3278ms)
[2026-06-15 09:26:58] [hand_detect] IN: hand_detect 1920x1080 → OUT: detected=false landmarks=nil confidence=0
[2026-06-15 09:26:58] [face_detect] IN: face_detect → OUT: detected=false landmarks=nil roll=nil pitch=nil yaw=nil (2928ms)
[2026-06-15 09:26:58] [hand_detect] IN: hand_detect 1920x1080 → OUT: detected=false landmarks=nil confidence=0
[2026-06-15 09:26:58] [face_detect] IN: face_detect → OUT: detected=false landmarks=nil roll=nil pitch=nil yaw=nil (3542ms)
[2026-06-15 09:26:58] [hand_detect] IN: hand_detect 1920x1080 → OUT: detected=false landmarks=nil confidence=0
[2026-06-15 09:26:58] [face_detect] IN: face_detect → OUT: detected=false landmarks=nil roll=nil pitch=nil yaw=nil (2920ms)
[2026-06-15 09:26:58] [hand_detect] IN: hand_detect 1920x1080 → OUT: detected=false landmarks=nil confidence=0
[2026-06-15 09:26:58] [face_detect] IN: face_detect → OUT: detected=false landmarks=nil roll=nil pitch=nil yaw=nil (2870ms)
[2026-06-15 09:26:58] [hand_detect] IN: hand_detect 1920x1080 → OUT: detected=false landmarks=nil confidence=0
[2026-06-15 09:26:58] [face_detect] IN: face_detect → OUT: detected=false landmarks=nil roll=nil pitch=nil yaw=nil (2797ms)
[2026-06-15 09:26:58] [hand_detect] IN: hand_detect 1920x1080 → OUT: detected=false landmarks=nil confidence=0
[2026-06-15 09:26:58] [face_detect] IN: face_detect → OUT: detected=false landmarks=nil roll=nil pitch=nil yaw=nil (2851ms)
[2026-06-15 09:26:58] [hand_detect] IN: hand_detect 1920x1080 → OUT: detected=false landmarks=nil confidence=0
[2026-06-15 09:26:58] [face_detect] IN: face_detect → OUT: detected=false landmarks=nil roll=nil pitch=nil yaw=nil (3348ms)
[2026-06-15 09:26:58] [hand_detect] IN: hand_detect 1920x1080 → OUT: detected=false landmarks=nil confidence=0
[2026-06-15 09:26:58] [face_detect] IN: face_detect → OUT: detected=false landmarks=nil roll=nil pitch=nil yaw=nil (2873ms)
[2026-06-15 09:26:58] [hand_detect] IN: hand_detect 1920x1080 → OUT: detected=false landmarks=nil confidence=0
[2026-06-15 09:26:58] [face_detect] IN: face_detect → OUT: detected=false landmarks=nil roll=nil pitch=nil yaw=nil (3346ms)
[2026-06-15 09:26:58] [hand_detect] IN: hand_detect 1920x1080 → OUT: detected=false landmarks=nil confidence=0
[2026-06-15 09:26:58] [face_detect] IN: face_detect → OUT: detected=false landmarks=nil roll=nil pitch=nil yaw=nil (4005ms)
[2026-06-15 09:26:58] [hand_detect] IN: hand_detect 1920x1080 → OUT: detected=false landmarks=nil confidence=0
[2026-06-15 09:26:58] [face_detect] IN: face_detect → OUT: detected=false landmarks=nil roll=nil pitch=nil yaw=nil (3728ms)
[2026-06-15 09:26:58] [axScan] IN: windows=22 → OUT: raw=2014 visible=1911 (852ms)
[2026-06-15 09:26:58] [hand_detect] IN: hand_detect 1920x1080 → OUT: detected=false landmarks=nil confidence=0
[2026-06-15 09:26:58] [face_detect] IN: face_detect → OUT: detected=false landmarks=nil roll=nil pitch=nil yaw=nil (3019ms)
[2026-06-15 09:26:58] [hand_detect] IN: hand_detect 1920x1080 → OUT: detected=false landmarks=nil confidence=0
[2026-06-15 09:26:58] [face_detect] IN: face_detect → OUT: detected=false landmarks=nil roll=nil pitch=nil yaw=nil (3626ms)
[2026-06-15 09:26:58] [hand_detect] IN: hand_detect 1920x1080 → OUT: detected=false landmarks=nil confidence=0
[2026-06-15 09:26:58] [face_detect] IN: face_detect → OUT: detected=false landmarks=nil roll=nil pitch=nil yaw=nil (2988ms)
[2026-06-15 09:26:58] [hand_detect] IN: hand_detect 1920x1080 → OUT: detected=false landmarks=nil confidence=0
[2026-06-15 09:26:58] [face_detect] IN: face_detect → OUT: detected=false landmarks=nil roll=nil pitch=nil yaw=nil (2802ms)
[2026-06-15 09:26:58] [hand_detect] IN: hand_detect 1920x1080 → OUT: detected=false landmarks=nil confidence=0
[2026-06-15 09:26:58] [face_detect] IN: face_detect → OUT: detected=false landmarks=nil roll=nil pitch=nil yaw=nil (3046ms)
[2026-06-15 09:26:58] [hand_detect] IN: hand_detect 1920x1080 → OUT: detected=false landmarks=nil confidence=0
[2026-06-15 09:26:58] [face_detect] IN: face_detect → OUT: detected=false landmarks=nil roll=nil pitch=nil yaw=nil (2774ms)
[2026-06-15 09:26:58] [hand_detect] IN: hand_detect 1920x1080 → OUT: detected=false landmarks=nil confidence=0
[2026-06-15 09:26:58] [face_detect] IN: face_detect → OUT: detected=false landmarks=nil roll=nil pitch=nil yaw=nil (3529ms)
[2026-06-15 09:26:58] [hand_detect] IN: hand_detect 1920x1080 → OUT: detected=false landmarks=nil confidence=0
[2026-06-15 09:26:58] [face_detect] IN: face_detect → OUT: detected=false landmarks=nil roll=nil pitch=nil yaw=nil (2962ms)
[2026-06-15 09:26:58] [hand_detect] IN: hand_detect 1920x1080 → OUT: detected=false landmarks=nil confidence=0
[2026-06-15 09:26:58] [face_detect] IN: face_detect → OUT: detected=false landmarks=nil roll=nil pitch=nil yaw=nil (2889ms)
[2026-06-15 09:26:58] [hand_detect] IN: hand_detect 1920x1080 → OUT: detected=false landmarks=nil confidence=0
[2026-06-15 09:26:58] [face_detect] IN: face_detect → OUT: detected=false landmarks=nil roll=nil pitch=nil yaw=nil (3556ms)
[2026-06-15 09:26:58] [hand_detect] IN: hand_detect 1920x1080 → OUT: detected=false landmarks=nil confidence=0
[2026-06-15 09:26:58] [face_detect] IN: face_detect → OUT: detected=false landmarks=nil roll=nil pitch=nil yaw=nil (3781ms)
[2026-06-15 09:26:59] [hand_detect] IN: hand_detect 1920x1080 → OUT: detected=false landmarks=nil confidence=0
[2026-06-15 09:26:59] [face_detect] IN: face_detect → OUT: detected=false landmarks=nil roll=nil pitch=nil yaw=nil (2799ms)
[2026-06-15 09:26:59] [hand_detect] IN: hand_detect 1920x1080 → OUT: detected=false landmarks=nil confidence=0
[2026-06-15 09:26:59] [face_detect] IN: face_detect → OUT: detected=false landmarks=nil roll=nil pitch=nil yaw=nil (2880ms)
[2026-06-15 09:26:59] [hand_detect] IN: hand_detect 1920x1080 → OUT: detected=false landmarks=nil confidence=0
[2026-06-15 09:26:59] [face_detect] IN: face_detect → OUT: detected=false landmarks=nil roll=nil pitch=nil yaw=nil (3113ms)
[2026-06-15 09:26:59] [hand_detect] IN: hand_detect 1920x1080 → OUT: detected=false landmarks=nil confidence=0
[2026-06-15 09:26:59] [face_detect] IN: face_detect → OUT: detected=false landmarks=nil roll=nil pitch=nil yaw=nil (2927ms)
[2026-06-15 09:26:59] [hand_detect] IN: hand_detect 1920x1080 → OUT: detected=false landmarks=nil confidence=0
[2026-06-15 09:26:59] [face_detect] IN: face_detect → OUT: detected=false landmarks=nil roll=nil pitch=nil yaw=nil (3162ms)
[2026-06-15 09:26:59] [hand_detect] IN: hand_detect 1920x1080 → OUT: detected=false landmarks=nil confidence=0
[2026-06-15 09:26:59] [face_detect] IN: face_detect → OUT: detected=false landmarks=nil roll=nil pitch=nil yaw=nil (2871ms)
[2026-06-15 09:26:59] [hand_detect] IN: hand_detect 1920x1080 → OUT: detected=false landmarks=nil confidence=0
[2026-06-15 09:26:59] [face_detect] IN: face_detect → OUT: detected=false landmarks=nil roll=nil pitch=nil yaw=nil (2797ms)
[2026-06-15 09:26:59] [hand_detect] IN: hand_detect 1920x1080 → OUT: detected=false landmarks=nil confidence=0
[2026-06-15 09:26:59] [face_detect] IN: face_detect → OUT: detected=false landmarks=nil roll=nil pitch=nil yaw=nil (3140ms)
[2026-06-15 09:26:59] [hand_detect] IN: hand_detect 1920x1080 → OUT: detected=false landmarks=nil confidence=0
[2026-06-15 09:26:59] [face_detect] IN: face_detect → OUT: detected=false landmarks=nil roll=nil pitch=nil yaw=nil (3166ms)
[2026-06-15 09:26:59] [hand_detect] IN: hand_detect 1920x1080 → OUT: detected=false landmarks=nil confidence=0
[2026-06-15 09:26:59] [face_detect] IN: face_detect → OUT: detected=false landmarks=nil roll=nil pitch=nil yaw=nil (2957ms)
[2026-06-15 09:26:59] [hand_detect] IN: hand_detect 1920x1080 → OUT: detected=false landmarks=nil confidence=0
[2026-06-15 09:26:59] [face_detect] IN: face_detect → OUT: detected=false landmarks=nil roll=nil pitch=nil yaw=nil (3112ms)
[2026-06-15 09:26:59] [hand_detect] IN: hand_detect 1920x1080 → OUT: detected=false landmarks=nil confidence=0
[2026-06-15 09:26:59] [face_detect] IN: face_detect → OUT: detected=false landmarks=nil roll=nil pitch=nil yaw=nil (2938ms)
[2026-06-15 09:26:59] [hand_detect] IN: hand_detect 1920x1080 → OUT: detected=false landmarks=nil confidence=0
[2026-06-15 09:26:59] [face_detect] IN: face_detect → OUT: detected=false landmarks=nil roll=nil pitch=nil yaw=nil (3425ms)
[2026-06-15 09:26:59] [hand_detect] IN: hand_detect 1920x1080 → OUT: detected=false landmarks=nil confidence=0
[2026-06-15 09:26:59] [face_detect] IN: face_detect → OUT: detected=false landmarks=nil roll=nil pitch=nil yaw=nil (3174ms)
[2026-06-15 09:26:59] [hand_detect] IN: hand_detect 1920x1080 → OUT: detected=false landmarks=nil confidence=0
[2026-06-15 09:26:59] [face_detect] IN: face_detect → OUT: detected=false landmarks=nil roll=nil pitch=nil yaw=nil (4470ms)
[2026-06-15 09:26:59] [hand_detect] IN: hand_detect 1920x1080 → OUT: detected=false landmarks=nil confidence=0
[2026-06-15 09:26:59] [face_detect] IN: face_detect → OUT: detected=false landmarks=nil roll=nil pitch=nil yaw=nil (3479ms)
[2026-06-15 09:26:59] [hand_detect] IN: hand_detect 1920x1080 → OUT: detected=false landmarks=nil confidence=0
[2026-06-15 09:26:59] [face_detect] IN: face_detect → OUT: detected=false landmarks=nil roll=nil pitch=nil yaw=nil (3388ms)
[2026-06-15 09:26:59] [axScan] IN: windows=22 → OUT: raw=2014 visible=1931 (785ms)
[2026-06-15 09:26:59] [hand_detect] IN: hand_detect 1920x1080 → OUT: detected=false landmarks=nil confidence=0
[2026-06-15 09:26:59] [face_detect] IN: face_detect → OUT: detected=false landmarks=nil roll=nil pitch=nil yaw=nil (2838ms)
[2026-06-15 09:26:59] [hand_detect] IN: hand_detect 1920x1080 → OUT: detected=false landmarks=nil confidence=0
[2026-06-15 09:26:59] [face_detect] IN: face_detect → OUT: detected=false landmarks=nil roll=nil pitch=nil yaw=nil (3310ms)
[2026-06-15 09:26:59] [hand_detect] IN: hand_detect 1920x1080 → OUT: detected=false landmarks=nil confidence=0
[2026-06-15 09:26:59] [face_detect] IN: face_detect → OUT: detected=false landmarks=nil roll=nil pitch=nil yaw=nil (2964ms)
[2026-06-15 09:26:59] [hand_detect] IN: hand_detect 1920x1080 → OUT: detected=false landmarks=nil confidence=0
[2026-06-15 09:26:59] [face_detect] IN: face_detect → OUT: detected=false landmarks=nil roll=nil pitch=nil yaw=nil (2704ms)
[2026-06-15 09:26:59] [hand_detect] IN: hand_detect 1920x1080 → OUT: detected=false landmarks=nil confidence=0
[2026-06-15 09:26:59] [face_detect] IN: face_detect → OUT: detected=false landmarks=nil roll=nil pitch=nil yaw=nil (2849ms)
[2026-06-15 09:26:59] [hand_detect] IN: hand_detect 1920x1080 → OUT: detected=false landmarks=nil confidence=0
[2026-06-15 09:26:59] [face_detect] IN: face_detect → OUT: detected=false landmarks=nil roll=nil pitch=nil yaw=nil (2870ms)
[2026-06-15 09:26:59] [axMatch] IN: cursor=(1242,311) → OUT: role=AXButton title=以后 (0ms)
[2026-06-15 09:26:59] [hand_detect] IN: hand_detect 1920x1080 → OUT: detected=false landmarks=nil confidence=0
[2026-06-15 09:26:59] [face_detect] IN: face_detect → OUT: detected=false landmarks=nil roll=nil pitch=nil yaw=nil (2961ms)
[2026-06-15 09:26:59] [hand_detect] IN: hand_detect 1920x1080 → OUT: detected=false landmarks=nil confidence=0
[2026-06-15 09:26:59] [face_detect] IN: face_detect → OUT: detected=false landmarks=nil roll=nil pitch=nil yaw=nil (2839ms)
[2026-06-15 09:26:59] [hand_detect] IN: hand_detect 1920x1080 → OUT: detected=false landmarks=nil confidence=0
[2026-06-15 09:26:59] [face_detect] IN: face_detect → OUT: detected=false landmarks=nil roll=nil pitch=nil yaw=nil (2997ms)
[2026-06-15 09:26:59] [hand_detect] IN: hand_detect 1920x1080 → OUT: detected=false landmarks=nil confidence=0
[2026-06-15 09:26:59] [face_detect] IN: face_detect → OUT: detected=false landmarks=nil roll=nil pitch=nil yaw=nil (3491ms)
[2026-06-15 09:26:59] [hand_detect] IN: hand_detect 1920x1080 → OUT: detected=false landmarks=nil confidence=0
[2026-06-15 09:26:59] [face_detect] IN: face_detect → OUT: detected=false landmarks=nil roll=nil pitch=nil yaw=nil (2735ms)
[2026-06-15 09:26:59] [hand_detect] IN: hand_detect 1920x1080 → OUT: detected=false landmarks=nil confidence=0
[2026-06-15 09:26:59] [face_detect] IN: face_detect → OUT: detected=false landmarks=nil roll=nil pitch=nil yaw=nil (2805ms)
[2026-06-15 09:26:59] [hand_detect] IN: hand_detect 1920x1080 → OUT: detected=false landmarks=nil confidence=0
[2026-06-15 09:26:59] [face_detect] IN: face_detect → OUT: detected=false landmarks=nil roll=nil pitch=nil yaw=nil (2805ms)
[2026-06-15 09:27:00] [hand_detect] IN: hand_detect 1920x1080 → OUT: detected=false landmarks=nil confidence=0
[2026-06-15 09:27:00] [face_detect] IN: face_detect → OUT: detected=false landmarks=nil roll=nil pitch=nil yaw=nil (2846ms)
[2026-06-15 09:27:00] [hand_detect] IN: hand_detect 1920x1080 → OUT: detected=false landmarks=nil confidence=0
[2026-06-15 09:27:00] [face_detect] IN: face_detect → OUT: detected=false landmarks=nil roll=nil pitch=nil yaw=nil (3666ms)
[2026-06-15 09:27:00] [hand_detect] IN: hand_detect 1920x1080 → OUT: detected=false landmarks=nil confidence=0
[2026-06-15 09:27:00] [face_detect] IN: face_detect → OUT: detected=false landmarks=nil roll=nil pitch=nil yaw=nil (3087ms)
[2026-06-15 09:27:00] [hand_detect] IN: hand_detect 1920x1080 → OUT: detected=false landmarks=nil confidence=0
[2026-06-15 09:27:00] [face_detect] IN: face_detect → OUT: detected=false landmarks=nil roll=nil pitch=nil yaw=nil (2756ms)
[2026-06-15 09:27:00] [hand_detect] IN: hand_detect 1920x1080 → OUT: detected=false landmarks=nil confidence=0
[2026-06-15 09:27:00] [face_detect] IN: face_detect → OUT: detected=false landmarks=nil roll=nil pitch=nil yaw=nil (2981ms)
[2026-06-15 09:27:00] [hand_detect] IN: hand_detect 1920x1080 → OUT: detected=false landmarks=nil confidence=0
[2026-06-15 09:27:00] [face_detect] IN: face_detect → OUT: detected=false landmarks=nil roll=nil pitch=nil yaw=nil (3304ms)
[2026-06-15 09:27:00] [hand_detect] IN: hand_detect 1920x1080 → OUT: detected=false landmarks=nil confidence=0
[2026-06-15 09:27:00] [face_detect] IN: face_detect → OUT: detected=false landmarks=nil roll=nil pitch=nil yaw=nil (3049ms)
[2026-06-15 09:27:00] [hand_detect] IN: hand_detect 1920x1080 → OUT: detected=false landmarks=nil confidence=0
[2026-06-15 09:27:00] [face_detect] IN: face_detect → OUT: detected=false landmarks=nil roll=nil pitch=nil yaw=nil (3228ms)
[2026-06-15 09:27:00] [hand_detect] IN: hand_detect 1920x1080 → OUT: detected=false landmarks=nil confidence=0
[2026-06-15 09:27:00] [face_detect] IN: face_detect → OUT: detected=false landmarks=nil roll=nil pitch=nil yaw=nil (2743ms)
[2026-06-15 09:27:00] [hand_detect] IN: hand_detect 1920x1080 → OUT: detected=false landmarks=nil confidence=0
[2026-06-15 09:27:00] [face_detect] IN: face_detect → OUT: detected=false landmarks=nil roll=nil pitch=nil yaw=nil (2669ms)
[2026-06-15 09:27:00] [hand_detect] IN: hand_detect 1920x1080 → OUT: detected=false landmarks=nil confidence=0
[2026-06-15 09:27:00] [face_detect] IN: face_detect → OUT: detected=false landmarks=nil roll=nil pitch=nil yaw=nil (3325ms)
[2026-06-15 09:27:00] [hand_detect] IN: hand_detect 1920x1080 → OUT: detected=false landmarks=nil confidence=0
[2026-06-15 09:27:00] [face_detect] IN: face_detect → OUT: detected=false landmarks=nil roll=nil pitch=nil yaw=nil (2699ms)
[2026-06-15 09:27:00] [hand_detect] IN: hand_detect 1920x1080 → OUT: detected=false landmarks=nil confidence=0
[2026-06-15 09:27:00] [face_detect] IN: face_detect → OUT: detected=false landmarks=nil roll=nil pitch=nil yaw=nil (3050ms)
[2026-06-15 09:27:00] [hand_detect] IN: hand_detect 1920x1080 → OUT: detected=false landmarks=nil confidence=0
[2026-06-15 09:27:00] [face_detect] IN: face_detect → OUT: detected=false landmarks=nil roll=nil pitch=nil yaw=nil (3372ms)
[2026-06-15 09:27:00] [hand_detect] IN: hand_detect 1920x1080 → OUT: detected=false landmarks=nil confidence=0
[2026-06-15 09:27:00] [face_detect] IN: face_detect → OUT: detected=false landmarks=nil roll=nil pitch=nil yaw=nil (3214ms)
[2026-06-15 09:27:00] [hand_detect] IN: hand_detect 1920x1080 → OUT: detected=false landmarks=nil confidence=0
[2026-06-15 09:27:00] [face_detect] IN: face_detect → OUT: detected=false landmarks=nil roll=nil pitch=nil yaw=nil (2961ms)
[2026-06-15 09:27:00] [hand_detect] IN: hand_detect 1920x1080 → OUT: detected=false landmarks=nil confidence=0
[2026-06-15 09:27:00] [face_detect] IN: face_detect → OUT: detected=false landmarks=nil roll=nil pitch=nil yaw=nil (3033ms)
[2026-06-15 09:27:00] [axScan] IN: windows=22 → OUT: raw=2014 visible=1931 (777ms)
[2026-06-15 09:27:00] [hand_detect] IN: hand_detect 1920x1080 → OUT: detected=false landmarks=nil confidence=0
[2026-06-15 09:27:00] [face_detect] IN: face_detect → OUT: detected=false landmarks=nil roll=nil pitch=nil yaw=nil (2923ms)
[2026-06-15 09:27:00] [hand_detect] IN: hand_detect 1920x1080 → OUT: detected=false landmarks=nil confidence=0
[2026-06-15 09:27:00] [face_detect] IN: face_detect → OUT: detected=false landmarks=nil roll=nil pitch=nil yaw=nil (2851ms)
[2026-06-15 09:27:00] [hand_detect] IN: hand_detect 1920x1080 → OUT: detected=false landmarks=nil confidence=0
[2026-06-15 09:27:00] [face_detect] IN: face_detect → OUT: detected=false landmarks=nil roll=nil pitch=nil yaw=nil (2779ms)
[2026-06-15 09:27:00] [hand_detect] IN: hand_detect 1920x1080 → OUT: detected=false landmarks=nil confidence=0
[2026-06-15 09:27:00] [face_detect] IN: face_detect → OUT: detected=false landmarks=nil roll=nil pitch=nil yaw=nil (2894ms)
[2026-06-15 09:27:00] [hand_detect] IN: hand_detect 1920x1080 → OUT: detected=false landmarks=nil confidence=0
[2026-06-15 09:27:00] [face_detect] IN: face_detect → OUT: detected=false landmarks=nil roll=nil pitch=nil yaw=nil (7432ms)
[2026-06-15 09:27:00] [hand_detect] IN: hand_detect 1920x1080 → OUT: detected=false landmarks=nil confidence=0
[2026-06-15 09:27:00] [face_detect] IN: face_detect → OUT: detected=false landmarks=nil roll=nil pitch=nil yaw=nil (7672ms)
[2026-06-15 09:27:00] [hand_detect] IN: hand_detect 1920x1080 → OUT: detected=false landmarks=nil confidence=0
[2026-06-15 09:27:00] [face_detect] IN: face_detect → OUT: detected=false landmarks=nil roll=nil pitch=nil yaw=nil (27905ms)
[2026-06-15 09:27:00] [hand_detect] IN: hand_detect 1920x1080 → OUT: detected=false landmarks=nil confidence=0
[2026-06-15 09:27:00] [face_detect] IN: face_detect → OUT: detected=false landmarks=nil roll=nil pitch=nil yaw=nil (3904ms)
[2026-06-15 09:27:00] [hand_detect] IN: hand_detect 1920x1080 → OUT: detected=false landmarks=nil confidence=0
[2026-06-15 09:27:00] [face_detect] IN: face_detect → OUT: detected=false landmarks=nil roll=nil pitch=nil yaw=nil (3225ms)
[2026-06-15 09:27:00] [hand_detect] IN: hand_detect 1920x1080 → OUT: detected=false landmarks=nil confidence=0
[2026-06-15 09:27:00] [face_detect] IN: face_detect → OUT: detected=false landmarks=nil roll=nil pitch=nil yaw=nil (3230ms)
[2026-06-15 09:27:00] [hand_detect] IN: hand_detect 1920x1080 → OUT: detected=false landmarks=nil confidence=0
[2026-06-15 09:27:00] [face_detect] IN: face_detect → OUT: detected=false landmarks=nil roll=nil pitch=nil yaw=nil (2828ms)
[2026-06-15 09:27:00] [hand_detect] IN: hand_detect 1920x1080 → OUT: detected=false landmarks=nil confidence=0
[2026-06-15 09:27:00] [face_detect] IN: face_detect → OUT: detected=false landmarks=nil roll=nil pitch=nil yaw=nil (2851ms)
[2026-06-15 09:27:00] [hand_detect] IN: hand_detect 1920x1080 → OUT: detected=false landmarks=nil confidence=0
[2026-06-15 09:27:00] [face_detect] IN: face_detect → OUT: detected=false landmarks=nil roll=nil pitch=nil yaw=nil (3345ms)
[2026-06-15 09:27:00] [hand_detect] IN: hand_detect 1920x1080 → OUT: detected=false landmarks=nil confidence=0
[2026-06-15 09:27:01] [face_detect] IN: face_detect → OUT: detected=false landmarks=nil roll=nil pitch=nil yaw=nil (2810ms)
[2026-06-15 09:27:01] [hand_detect] IN: hand_detect 1920x1080 → OUT: detected=false landmarks=nil confidence=0
[2026-06-15 09:27:01] [face_detect] IN: face_detect → OUT: detected=false landmarks=nil roll=nil pitch=nil yaw=nil (3045ms)
[2026-06-15 09:27:01] [hand_detect] IN: hand_detect 1920x1080 → OUT: detected=false landmarks=nil confidence=0
[2026-06-15 09:27:01] [face_detect] IN: face_detect → OUT: detected=false landmarks=nil roll=nil pitch=nil yaw=nil (3166ms)
[2026-06-15 09:27:01] [hand_detect] IN: hand_detect 1920x1080 → OUT: detected=false landmarks=nil confidence=0
[2026-06-15 09:27:01] [face_detect] IN: face_detect → OUT: detected=false landmarks=nil roll=nil pitch=nil yaw=nil (4274ms)
[2026-06-15 09:27:01] [hand_detect] IN: hand_detect 1920x1080 → OUT: detected=false landmarks=nil confidence=0
[2026-06-15 09:27:01] [face_detect] IN: face_detect → OUT: detected=false landmarks=nil roll=nil pitch=nil yaw=nil (3170ms)
[2026-06-15 09:27:01] [hand_detect] IN: hand_detect 1920x1080 → OUT: detected=false landmarks=nil confidence=0
[2026-06-15 09:27:01] [face_detect] IN: face_detect → OUT: detected=false landmarks=nil roll=nil pitch=nil yaw=nil (3010ms)
[2026-06-15 09:27:01] [hand_detect] IN: hand_detect 1920x1080 → OUT: detected=false landmarks=nil confidence=0
[2026-06-15 09:27:01] [face_detect] IN: face_detect → OUT: detected=false landmarks=nil roll=nil pitch=nil yaw=nil (2902ms)
[2026-06-15 09:27:01] [hand_detect] IN: hand_detect 1920x1080 → OUT: detected=false landmarks=nil confidence=0
[2026-06-15 09:27:01] [face_detect] IN: face_detect → OUT: detected=false landmarks=nil roll=nil pitch=nil yaw=nil (2920ms)
[2026-06-15 09:27:01] [hand_detect] IN: hand_detect 1920x1080 → OUT: detected=false landmarks=nil confidence=0
[2026-06-15 09:27:01] [face_detect] IN: face_detect → OUT: detected=false landmarks=nil roll=nil pitch=nil yaw=nil (2882ms)
[2026-06-15 09:27:01] [hand_detect] IN: hand_detect 1920x1080 → OUT: detected=false landmarks=nil confidence=0
[2026-06-15 09:27:01] [face_detect] IN: face_detect → OUT: detected=false landmarks=nil roll=nil pitch=nil yaw=nil (2865ms)
[2026-06-15 09:27:01] [hand_detect] IN: hand_detect 1920x1080 → OUT: detected=false landmarks=nil confidence=0
[2026-06-15 09:27:01] [face_detect] IN: face_detect → OUT: detected=false landmarks=nil roll=nil pitch=nil yaw=nil (2963ms)
[2026-06-15 09:27:01] [hand_detect] IN: hand_detect 1920x1080 → OUT: detected=false landmarks=nil confidence=0
[2026-06-15 09:27:01] [face_detect] IN: face_detect → OUT: detected=false landmarks=nil roll=nil pitch=nil yaw=nil (2995ms)
[2026-06-15 09:27:01] [hand_detect] IN: hand_detect 1920x1080 → OUT: detected=false landmarks=nil confidence=0
[2026-06-15 09:27:01] [face_detect] IN: face_detect → OUT: detected=false landmarks=nil roll=nil pitch=nil yaw=nil (3344ms)
[2026-06-15 09:27:01] [hand_detect] IN: hand_detect 1920x1080 → OUT: detected=false landmarks=nil confidence=0
[2026-06-15 09:27:01] [face_detect] IN: face_detect → OUT: detected=false landmarks=nil roll=nil pitch=nil yaw=nil (3041ms)
[2026-06-15 09:27:01] [hand_detect] IN: hand_detect 1920x1080 → OUT: detected=false landmarks=nil confidence=0
[2026-06-15 09:27:01] [face_detect] IN: face_detect → OUT: detected=false landmarks=nil roll=nil pitch=nil yaw=nil (2934ms)
[2026-06-15 09:27:01] [hand_detect] IN: hand_detect 1920x1080 → OUT: detected=false landmarks=nil confidence=0
[2026-06-15 09:27:01] [face_detect] IN: face_detect → OUT: detected=false landmarks=nil roll=nil pitch=nil yaw=nil (2881ms)
[2026-06-15 09:27:01] [hand_detect] IN: hand_detect 1920x1080 → OUT: detected=false landmarks=nil confidence=0
[2026-06-15 09:27:01] [face_detect] IN: face_detect → OUT: detected=false landmarks=nil roll=nil pitch=nil yaw=nil (3955ms)
[2026-06-15 09:27:01] [hand_detect] IN: hand_detect 1920x1080 → OUT: detected=false landmarks=nil confidence=0
[2026-06-15 09:27:01] [face_detect] IN: face_detect → OUT: detected=false landmarks=nil roll=nil pitch=nil yaw=nil (3064ms)
[2026-06-15 09:27:01] [hand_detect] IN: hand_detect 1920x1080 → OUT: detected=false landmarks=nil confidence=0
[2026-06-15 09:27:01] [face_detect] IN: face_detect → OUT: detected=false landmarks=nil roll=nil pitch=nil yaw=nil (3000ms)
[2026-06-15 09:27:01] [hand_detect] IN: hand_detect 1920x1080 → OUT: detected=false landmarks=nil confidence=0
[2026-06-15 09:27:01] [face_detect] IN: face_detect → OUT: detected=false landmarks=nil roll=nil pitch=nil yaw=nil (2840ms)
[2026-06-15 09:27:01] [axScan] IN: windows=22 → OUT: raw=2013 visible=1931 (885ms)
[2026-06-15 09:27:01] [hand_detect] IN: hand_detect 1920x1080 → OUT: detected=false landmarks=nil confidence=0
[2026-06-15 09:27:01] [face_detect] IN: face_detect → OUT: detected=false landmarks=nil roll=nil pitch=nil yaw=nil (3018ms)
[2026-06-15 09:27:01] [hand_detect] IN: hand_detect 1920x1080 → OUT: detected=false landmarks=nil confidence=0
[2026-06-15 09:27:01] [face_detect] IN: face_detect → OUT: detected=false landmarks=nil roll=nil pitch=nil yaw=nil (2789ms)
[2026-06-15 09:27:01] [hand_detect] IN: hand_detect 1920x1080 → OUT: detected=false landmarks=nil confidence=0
[2026-06-15 09:27:01] [face_detect] IN: face_detect → OUT: detected=false landmarks=nil roll=nil pitch=nil yaw=nil (2776ms)
[2026-06-15 09:27:01] [hand_detect] IN: hand_detect 1920x1080 → OUT: detected=false landmarks=nil confidence=0
[2026-06-15 09:27:01] [face_detect] IN: face_detect → OUT: detected=false landmarks=nil roll=nil pitch=nil yaw=nil (2961ms)
[2026-06-15 09:27:01] [hand_detect] IN: hand_detect 1920x1080 → OUT: detected=false landmarks=nil confidence=0
[2026-06-15 09:27:01] [face_detect] IN: face_detect → OUT: detected=false landmarks=nil roll=nil pitch=nil yaw=nil (3031ms)
[2026-06-15 09:27:01] [hand_detect] IN: hand_detect 1920x1080 → OUT: detected=false landmarks=nil confidence=0
[2026-06-15 09:27:01] [face_detect] IN: face_detect → OUT: detected=false landmarks=nil roll=nil pitch=nil yaw=nil (2833ms)
[2026-06-15 09:27:01] [hand_detect] IN: hand_detect 1920x1080 → OUT: detected=false landmarks=nil confidence=0
[2026-06-15 09:27:01] [face_detect] IN: face_detect → OUT: detected=false landmarks=nil roll=nil pitch=nil yaw=nil (3110ms)
[2026-06-15 09:27:01] [hand_detect] IN: hand_detect 1920x1080 → OUT: detected=false landmarks=nil confidence=0
[2026-06-15 09:27:01] [face_detect] IN: face_detect → OUT: detected=false landmarks=nil roll=nil pitch=nil yaw=nil (2874ms)
[2026-06-15 09:27:01] [hand_detect] IN: hand_detect 1920x1080 → OUT: detected=false landmarks=nil confidence=0
[2026-06-15 09:27:01] [face_detect] IN: face_detect → OUT: detected=false landmarks=nil roll=nil pitch=nil yaw=nil (2902ms)
[2026-06-15 09:27:01] [hand_detect] IN: hand_detect 1920x1080 → OUT: detected=false landmarks=nil confidence=0
[2026-06-15 09:27:01] [face_detect] IN: face_detect → OUT: detected=false landmarks=nil roll=nil pitch=nil yaw=nil (3293ms)
[2026-06-15 09:27:01] [hand_detect] IN: hand_detect 1920x1080 → OUT: detected=false landmarks=nil confidence=0
[2026-06-15 09:27:02] [face_detect] IN: face_detect → OUT: detected=false landmarks=nil roll=nil pitch=nil yaw=nil (2950ms)
[2026-06-15 09:27:02] [hand_detect] IN: hand_detect 1920x1080 → OUT: detected=false landmarks=nil confidence=0
[2026-06-15 09:27:02] [face_detect] IN: face_detect → OUT: detected=false landmarks=nil roll=nil pitch=nil yaw=nil (2835ms)
[2026-06-15 09:27:02] [hand_detect] IN: hand_detect 1920x1080 → OUT: detected=false landmarks=nil confidence=0
[2026-06-15 09:27:02] [face_detect] IN: face_detect → OUT: detected=false landmarks=nil roll=nil pitch=nil yaw=nil (3335ms)
[2026-06-15 09:27:02] [hand_detect] IN: hand_detect 1920x1080 → OUT: detected=false landmarks=nil confidence=0
[2026-06-15 09:27:02] [face_detect] IN: face_detect → OUT: detected=false landmarks=nil roll=nil pitch=nil yaw=nil (2892ms)
[2026-06-15 09:27:02] [hand_detect] IN: hand_detect 1920x1080 → OUT: detected=false landmarks=nil confidence=0
[2026-06-15 09:27:02] [face_detect] IN: face_detect → OUT: detected=false landmarks=nil roll=nil pitch=nil yaw=nil (2727ms)
[2026-06-15 09:27:02] [hand_detect] IN: hand_detect 1920x1080 → OUT: detected=false landmarks=nil confidence=0
[2026-06-15 09:27:02] [face_detect] IN: face_detect → OUT: detected=false landmarks=nil roll=nil pitch=nil yaw=nil (3013ms)
[2026-06-15 09:27:02] [hand_detect] IN: hand_detect 1920x1080 → OUT: detected=false landmarks=nil confidence=0
[2026-06-15 09:27:02] [face_detect] IN: face_detect → OUT: detected=false landmarks=nil roll=nil pitch=nil yaw=nil (3009ms)
[2026-06-15 09:27:02] [hand_detect] IN: hand_detect 1920x1080 → OUT: detected=false landmarks=nil confidence=0
[2026-06-15 09:27:02] [face_detect] IN: face_detect → OUT: detected=false landmarks=nil roll=nil pitch=nil yaw=nil (2910ms)
[2026-06-15 09:27:02] [axMatch] IN: cursor=(683,860) → OUT: lost (0ms)
[2026-06-15 09:27:02] [hand_detect] IN: hand_detect 1920x1080 → OUT: detected=false landmarks=nil confidence=0
[2026-06-15 09:27:02] [face_detect] IN: face_detect → OUT: detected=false landmarks=nil roll=nil pitch=nil yaw=nil (2668ms)
[2026-06-15 09:27:02] [hand_detect] IN: hand_detect 1920x1080 → OUT: detected=false landmarks=nil confidence=0
[2026-06-15 09:27:02] [face_detect] IN: face_detect → OUT: detected=false landmarks=nil roll=nil pitch=nil yaw=nil (2748ms)
[2026-06-15 09:27:02] [hand_detect] IN: hand_detect 1920x1080 → OUT: detected=false landmarks=nil confidence=0
[2026-06-15 09:27:02] [face_detect] IN: face_detect → OUT: detected=false landmarks=nil roll=nil pitch=nil yaw=nil (2661ms)
[2026-06-15 09:27:02] [hand_detect] IN: hand_detect 1920x1080 → OUT: detected=false landmarks=nil confidence=0
[2026-06-15 09:27:02] [face_detect] IN: face_detect → OUT: detected=false landmarks=nil roll=nil pitch=nil yaw=nil (2732ms)
[2026-06-15 09:27:02] [hand_detect] IN: hand_detect 1920x1080 → OUT: detected=false landmarks=nil confidence=0
[2026-06-15 09:27:02] [face_detect] IN: face_detect → OUT: detected=false landmarks=nil roll=nil pitch=nil yaw=nil (2720ms)
[2026-06-15 09:27:02] [hand_detect] IN: hand_detect 1920x1080 → OUT: detected=false landmarks=nil confidence=0
[2026-06-15 09:27:02] [face_detect] IN: face_detect → OUT: detected=false landmarks=nil roll=nil pitch=nil yaw=nil (2889ms)
[2026-06-15 09:27:02] [hand_detect] IN: hand_detect 1920x1080 → OUT: detected=false landmarks=nil confidence=0
[2026-06-15 09:27:02] [face_detect] IN: face_detect → OUT: detected=false landmarks=nil roll=nil pitch=nil yaw=nil (3387ms)
[2026-06-15 09:27:02] [axScan] IN: windows=22 → OUT: raw=2003 visible=1923 (720ms)
[2026-06-15 09:27:02] [hand_detect] IN: hand_detect 1920x1080 → OUT: detected=false landmarks=nil confidence=0
[2026-06-15 09:27:02] [face_detect] IN: face_detect → OUT: detected=false landmarks=nil roll=nil pitch=nil yaw=nil (2946ms)
[2026-06-15 09:27:02] [hand_detect] IN: hand_detect 1920x1080 → OUT: detected=false landmarks=nil confidence=0
[2026-06-15 09:27:02] [face_detect] IN: face_detect → OUT: detected=false landmarks=nil roll=nil pitch=nil yaw=nil (2689ms)
[2026-06-15 09:27:02] [hand_detect] IN: hand_detect 1920x1080 → OUT: detected=false landmarks=nil confidence=0
[2026-06-15 09:27:02] [face_detect] IN: face_detect → OUT: detected=false landmarks=nil roll=nil pitch=nil yaw=nil (3026ms)
[2026-06-15 09:27:02] [hand_detect] IN: hand_detect 1920x1080 → OUT: detected=false landmarks=nil confidence=0
[2026-06-15 09:27:02] [face_detect] IN: face_detect → OUT: detected=false landmarks=nil roll=nil pitch=nil yaw=nil (2807ms)
[2026-06-15 09:27:02] [hand_detect] IN: hand_detect 1920x1080 → OUT: detected=false landmarks=nil confidence=0
[2026-06-15 09:27:02] [face_detect] IN: face_detect → OUT: detected=false landmarks=nil roll=nil pitch=nil yaw=nil (2798ms)
[2026-06-15 09:27:02] [hand_detect] IN: hand_detect 1920x1080 → OUT: detected=false landmarks=nil confidence=0
[2026-06-15 09:27:02] [face_detect] IN: face_detect → OUT: detected=false landmarks=nil roll=nil pitch=nil yaw=nil (3033ms)
[2026-06-15 09:27:02] [hand_detect] IN: hand_detect 1920x1080 → OUT: detected=false landmarks=nil confidence=0
[2026-06-15 09:27:02] [face_detect] IN: face_detect → OUT: detected=false landmarks=nil roll=nil pitch=nil yaw=nil (3005ms)
[2026-06-15 09:27:02] [hand_detect] IN: hand_detect 1920x1080 → OUT: detected=false landmarks=nil confidence=0
[2026-06-15 09:27:02] [face_detect] IN: face_detect → OUT: detected=false landmarks=nil roll=nil pitch=nil yaw=nil (2774ms)
[2026-06-15 09:27:02] [axMatch] IN: cursor=(623,911) → OUT: role=AXTextArea title= (0ms)
[2026-06-15 09:27:02] [hand_detect] IN: hand_detect 1920x1080 → OUT: detected=false landmarks=nil confidence=0
[2026-06-15 09:27:02] [face_detect] IN: face_detect → OUT: detected=false landmarks=nil roll=nil pitch=nil yaw=nil (3156ms)
[2026-06-15 09:27:02] [hand_detect] IN: hand_detect 1920x1080 → OUT: detected=false landmarks=nil confidence=0
[2026-06-15 09:27:02] [face_detect] IN: face_detect → OUT: detected=false landmarks=nil roll=nil pitch=nil yaw=nil (11481ms)
[2026-06-15 09:27:02] [hand_detect] IN: hand_detect 1920x1080 → OUT: detected=false landmarks=nil confidence=0
[2026-06-15 09:27:02] [face_detect] IN: face_detect → OUT: detected=false landmarks=nil roll=nil pitch=nil yaw=nil (3345ms)
[2026-06-15 09:27:02] [hand_detect] IN: hand_detect 1920x1080 → OUT: detected=false landmarks=nil confidence=0
[2026-06-15 09:27:02] [face_detect] IN: face_detect → OUT: detected=false landmarks=nil roll=nil pitch=nil yaw=nil (3413ms)
[2026-06-15 09:27:02] [hand_detect] IN: hand_detect 1920x1080 → OUT: detected=false landmarks=nil confidence=0
[2026-06-15 09:27:02] [face_detect] IN: face_detect → OUT: detected=false landmarks=nil roll=nil pitch=nil yaw=nil (2678ms)
[2026-06-15 09:27:02] [hand_detect] IN: hand_detect 1920x1080 → OUT: detected=false landmarks=nil confidence=0
[2026-06-15 09:27:02] [face_detect] IN: face_detect → OUT: detected=false landmarks=nil roll=nil pitch=nil yaw=nil (3021ms)
[2026-06-15 09:27:02] [hand_detect] IN: hand_detect 1920x1080 → OUT: detected=false landmarks=nil confidence=0
[2026-06-15 09:27:02] [face_detect] IN: face_detect → OUT: detected=false landmarks=nil roll=nil pitch=nil yaw=nil (3782ms)
[2026-06-15 09:27:02] [hand_detect] IN: hand_detect 1920x1080 → OUT: detected=false landmarks=nil confidence=0
[2026-06-15 09:27:03] [face_detect] IN: face_detect → OUT: detected=false landmarks=nil roll=nil pitch=nil yaw=nil (2974ms)
[2026-06-15 09:27:03] [hand_detect] IN: hand_detect 1920x1080 → OUT: detected=false landmarks=nil confidence=0
[2026-06-15 09:27:03] [face_detect] IN: face_detect → OUT: detected=false landmarks=nil roll=nil pitch=nil yaw=nil (2844ms)
[2026-06-15 09:27:03] [hand_detect] IN: hand_detect 1920x1080 → OUT: detected=false landmarks=nil confidence=0
[2026-06-15 09:27:03] [face_detect] IN: face_detect → OUT: detected=false landmarks=nil roll=nil pitch=nil yaw=nil (3266ms)
[2026-06-15 09:27:03] [hand_detect] IN: hand_detect 1920x1080 → OUT: detected=false landmarks=nil confidence=0
[2026-06-15 09:27:03] [face_detect] IN: face_detect → OUT: detected=false landmarks=nil roll=nil pitch=nil yaw=nil (2992ms)
[2026-06-15 09:27:03] [hand_detect] IN: hand_detect 1920x1080 → OUT: detected=false landmarks=nil confidence=0
[2026-06-15 09:27:03] [face_detect] IN: face_detect → OUT: detected=false landmarks=nil roll=nil pitch=nil yaw=nil (2997ms)
[2026-06-15 09:27:03] [hand_detect] IN: hand_detect 1920x1080 → OUT: detected=false landmarks=nil confidence=0
[2026-06-15 09:27:03] [face_detect] IN: face_detect → OUT: detected=false landmarks=nil roll=nil pitch=nil yaw=nil (2858ms)
[2026-06-15 09:27:03] [hand_detect] IN: hand_detect 1920x1080 → OUT: detected=false landmarks=nil confidence=0
[2026-06-15 09:27:03] [face_detect] IN: face_detect → OUT: detected=false landmarks=nil roll=nil pitch=nil yaw=nil (2879ms)
[2026-06-15 09:27:03] [hand_detect] IN: hand_detect 1920x1080 → OUT: detected=false landmarks=nil confidence=0
[2026-06-15 09:27:03] [face_detect] IN: face_detect → OUT: detected=false landmarks=nil roll=nil pitch=nil yaw=nil (2845ms)
[2026-06-15 09:27:03] [hand_detect] IN: hand_detect 1920x1080 → OUT: detected=false landmarks=nil confidence=0
[2026-06-15 09:27:03] [face_detect] IN: face_detect → OUT: detected=false landmarks=nil roll=nil pitch=nil yaw=nil (2871ms)
[2026-06-15 09:27:03] [hand_detect] IN: hand_detect 1920x1080 → OUT: detected=false landmarks=nil confidence=0
[2026-06-15 09:27:03] [face_detect] IN: face_detect → OUT: detected=false landmarks=nil roll=nil pitch=nil yaw=nil (3865ms)
[2026-06-15 09:27:03] [hand_detect] IN: hand_detect 1920x1080 → OUT: detected=false landmarks=nil confidence=0
[2026-06-15 09:27:03] [face_detect] IN: face_detect → OUT: detected=false landmarks=nil roll=nil pitch=nil yaw=nil (3324ms)
[2026-06-15 09:27:03] [hand_detect] IN: hand_detect 1920x1080 → OUT: detected=false landmarks=nil confidence=0
[2026-06-15 09:27:03] [face_detect] IN: face_detect → OUT: detected=false landmarks=nil roll=nil pitch=nil yaw=nil (3060ms)
[2026-06-15 09:27:03] [hand_detect] IN: hand_detect 1920x1080 → OUT: detected=false landmarks=nil confidence=0
[2026-06-15 09:27:03] [face_detect] IN: face_detect → OUT: detected=false landmarks=nil roll=nil pitch=nil yaw=nil (3105ms)
[2026-06-15 09:27:03] [hand_detect] IN: hand_detect 1920x1080 → OUT: detected=false landmarks=nil confidence=0
[2026-06-15 09:27:03] [face_detect] IN: face_detect → OUT: detected=false landmarks=nil roll=nil pitch=nil yaw=nil (3080ms)
[2026-06-15 09:27:03] [hand_detect] IN: hand_detect 1920x1080 → OUT: detected=false landmarks=nil confidence=0
[2026-06-15 09:27:03] [face_detect] IN: face_detect → OUT: detected=false landmarks=nil roll=nil pitch=nil yaw=nil (3720ms)
[2026-06-15 09:27:03] [hand_detect] IN: hand_detect 1920x1080 → OUT: detected=false landmarks=nil confidence=0
[2026-06-15 09:27:03] [face_detect] IN: face_detect → OUT: detected=false landmarks=nil roll=nil pitch=nil yaw=nil (2943ms)
[2026-06-15 09:27:03] [hand_detect] IN: hand_detect 1920x1080 → OUT: detected=false landmarks=nil confidence=0
[2026-06-15 09:27:03] [face_detect] IN: face_detect → OUT: detected=false landmarks=nil roll=nil pitch=nil yaw=nil (2954ms)
[2026-06-15 09:27:03] [hand_detect] IN: hand_detect 1920x1080 → OUT: detected=false landmarks=nil confidence=0
[2026-06-15 09:27:03] [face_detect] IN: face_detect → OUT: detected=false landmarks=nil roll=nil pitch=nil yaw=nil (2936ms)
[2026-06-15 09:27:03] [hand_detect] IN: hand_detect 1920x1080 → OUT: detected=false landmarks=nil confidence=0
[2026-06-15 09:27:03] [face_detect] IN: face_detect → OUT: detected=false landmarks=nil roll=nil pitch=nil yaw=nil (2820ms)
[2026-06-15 09:27:03] [axScan] IN: windows=21 → OUT: raw=2002 visible=1950 (854ms)
[2026-06-15 09:27:03] [hand_detect] IN: hand_detect 1920x1080 → OUT: detected=false landmarks=nil confidence=0
[2026-06-15 09:27:03] [face_detect] IN: face_detect → OUT: detected=false landmarks=nil roll=nil pitch=nil yaw=nil (2997ms)
[2026-06-15 09:27:03] [hand_detect] IN: hand_detect 1920x1080 → OUT: detected=false landmarks=nil confidence=0
[2026-06-15 09:27:03] [face_detect] IN: face_detect → OUT: detected=false landmarks=nil roll=nil pitch=nil yaw=nil (2802ms)
[2026-06-15 09:27:03] [hand_detect] IN: hand_detect 1920x1080 → OUT: detected=false landmarks=nil confidence=0
[2026-06-15 09:27:03] [face_detect] IN: face_detect → OUT: detected=false landmarks=nil roll=nil pitch=nil yaw=nil (2775ms)
[2026-06-15 09:27:03] [hand_detect] IN: hand_detect 1920x1080 → OUT: detected=false landmarks=nil confidence=0
[2026-06-15 09:27:03] [face_detect] IN: face_detect → OUT: detected=false landmarks=nil roll=nil pitch=nil yaw=nil (2836ms)
[2026-06-15 09:27:03] [hand_detect] IN: hand_detect 1920x1080 → OUT: detected=false landmarks=nil confidence=0
[2026-06-15 09:27:03] [face_detect] IN: face_detect → OUT: detected=false landmarks=nil roll=nil pitch=nil yaw=nil (2792ms)
[2026-06-15 09:27:03] [hand_detect] IN: hand_detect 1920x1080 → OUT: detected=false landmarks=nil confidence=0
[2026-06-15 09:27:03] [face_detect] IN: face_detect → OUT: detected=false landmarks=nil roll=nil pitch=nil yaw=nil (2646ms)
[2026-06-15 09:27:03] [hand_detect] IN: hand_detect 1920x1080 → OUT: detected=false landmarks=nil confidence=0
[2026-06-15 09:27:03] [face_detect] IN: face_detect → OUT: detected=false landmarks=nil roll=nil pitch=nil yaw=nil (2910ms)
[2026-06-15 09:27:03] [hand_detect] IN: hand_detect 1920x1080 → OUT: detected=false landmarks=nil confidence=0
[2026-06-15 09:27:03] [face_detect] IN: face_detect → OUT: detected=false landmarks=nil roll=nil pitch=nil yaw=nil (2712ms)
[2026-06-15 09:27:03] [hand_detect] IN: hand_detect 1920x1080 → OUT: detected=false landmarks=nil confidence=0
[2026-06-15 09:27:03] [face_detect] IN: face_detect → OUT: detected=false landmarks=nil roll=nil pitch=nil yaw=nil (2800ms)
[2026-06-15 09:27:03] [hand_detect] IN: hand_detect 1920x1080 → OUT: detected=false landmarks=nil confidence=0
[2026-06-15 09:27:03] [face_detect] IN: face_detect → OUT: detected=false landmarks=nil roll=nil pitch=nil yaw=nil (2608ms)
[2026-06-15 09:27:03] [hand_detect] IN: hand_detect 1920x1080 → OUT: detected=false landmarks=nil confidence=0
[2026-06-15 09:27:03] [face_detect] IN: face_detect → OUT: detected=false landmarks=nil roll=nil pitch=nil yaw=nil (2718ms)
[2026-06-15 09:27:04] [hand_detect] IN: hand_detect 1920x1080 → OUT: detected=false landmarks=nil confidence=0
[2026-06-15 09:27:04] [face_detect] IN: face_detect → OUT: detected=false landmarks=nil roll=nil pitch=nil yaw=nil (2833ms)
[2026-06-15 09:27:04] [hand_detect] IN: hand_detect 1920x1080 → OUT: detected=false landmarks=nil confidence=0
[2026-06-15 09:27:04] [face_detect] IN: face_detect → OUT: detected=false landmarks=nil roll=nil pitch=nil yaw=nil (2780ms)
[2026-06-15 09:27:04] [hand_detect] IN: hand_detect 1920x1080 → OUT: detected=false landmarks=nil confidence=0
[2026-06-15 09:27:04] [face_detect] IN: face_detect → OUT: detected=false landmarks=nil roll=nil pitch=nil yaw=nil (2815ms)
[2026-06-15 09:27:04] [hand_detect] IN: hand_detect 1920x1080 → OUT: detected=false landmarks=nil confidence=0
[2026-06-15 09:27:04] [face_detect] IN: face_detect → OUT: detected=false landmarks=nil roll=nil pitch=nil yaw=nil (2977ms)
[2026-06-15 09:27:04] [hand_detect] IN: hand_detect 1920x1080 → OUT: detected=false landmarks=nil confidence=0
[2026-06-15 09:27:04] [face_detect] IN: face_detect → OUT: detected=false landmarks=nil roll=nil pitch=nil yaw=nil (3020ms)
[2026-06-15 09:27:04] [hand_detect] IN: hand_detect 1920x1080 → OUT: detected=false landmarks=nil confidence=0
[2026-06-15 09:27:04] [face_detect] IN: face_detect → OUT: detected=false landmarks=nil roll=nil pitch=nil yaw=nil (2831ms)
[2026-06-15 09:27:04] [hand_detect] IN: hand_detect 1920x1080 → OUT: detected=false landmarks=nil confidence=0
[2026-06-15 09:27:04] [face_detect] IN: face_detect → OUT: detected=false landmarks=nil roll=nil pitch=nil yaw=nil (2934ms)
[2026-06-15 09:27:04] [hand_detect] IN: hand_detect 1920x1080 → OUT: detected=false landmarks=nil confidence=0
[2026-06-15 09:27:04] [face_detect] IN: face_detect → OUT: detected=false landmarks=nil roll=nil pitch=nil yaw=nil (3182ms)
[2026-06-15 09:27:04] [hand_detect] IN: hand_detect 1920x1080 → OUT: detected=false landmarks=nil confidence=0
[2026-06-15 09:27:04] [face_detect] IN: face_detect → OUT: detected=false landmarks=nil roll=nil pitch=nil yaw=nil (2719ms)
[2026-06-15 09:27:04] [hand_detect] IN: hand_detect 1920x1080 → OUT: detected=false landmarks=nil confidence=0
[2026-06-15 09:27:04] [face_detect] IN: face_detect → OUT: detected=false landmarks=nil roll=nil pitch=nil yaw=nil (2770ms)
[2026-06-15 09:27:04] [hand_detect] IN: hand_detect 1920x1080 → OUT: detected=false landmarks=nil confidence=0
[2026-06-15 09:27:04] [face_detect] IN: face_detect → OUT: detected=false landmarks=nil roll=nil pitch=nil yaw=nil (2744ms)
[2026-06-15 09:27:04] [hand_detect] IN: hand_detect 1920x1080 → OUT: detected=false landmarks=nil confidence=0
[2026-06-15 09:27:04] [face_detect] IN: face_detect → OUT: detected=false landmarks=nil roll=nil pitch=nil yaw=nil (2669ms)
[2026-06-15 09:27:04] [hand_detect] IN: hand_detect 1920x1080 → OUT: detected=false landmarks=nil confidence=0
[2026-06-15 09:27:04] [face_detect] IN: face_detect → OUT: detected=false landmarks=nil roll=nil pitch=nil yaw=nil (2809ms)
[2026-06-15 09:27:04] [hand_detect] IN: hand_detect 1920x1080 → OUT: detected=false landmarks=nil confidence=0
[2026-06-15 09:27:04] [face_detect] IN: face_detect → OUT: detected=false landmarks=nil roll=nil pitch=nil yaw=nil (2879ms)
[2026-06-15 09:27:04] [axScan] IN: windows=21 → OUT: raw=1965 visible=1913 (681ms)
[2026-06-15 09:27:04] [hand_detect] IN: hand_detect 1920x1080 → OUT: detected=false landmarks=nil confidence=0
[2026-06-15 09:27:04] [face_detect] IN: face_detect → OUT: detected=false landmarks=nil roll=nil pitch=nil yaw=nil (2735ms)
[2026-06-15 09:27:04] [hand_detect] IN: hand_detect 1920x1080 → OUT: detected=false landmarks=nil confidence=0
[2026-06-15 09:27:04] [face_detect] IN: face_detect → OUT: detected=false landmarks=nil roll=nil pitch=nil yaw=nil (2923ms)
[2026-06-15 09:27:04] [hand_detect] IN: hand_detect 1920x1080 → OUT: detected=false landmarks=nil confidence=0
[2026-06-15 09:27:04] [face_detect] IN: face_detect → OUT: detected=false landmarks=nil roll=nil pitch=nil yaw=nil (2906ms)
[2026-06-15 09:27:04] [hand_detect] IN: hand_detect 1920x1080 → OUT: detected=false landmarks=nil confidence=0
[2026-06-15 09:27:04] [face_detect] IN: face_detect → OUT: detected=false landmarks=nil roll=nil pitch=nil yaw=nil (2889ms)
[2026-06-15 09:27:04] [hand_detect] IN: hand_detect 1920x1080 → OUT: detected=false landmarks=nil confidence=0
[2026-06-15 09:27:04] [face_detect] IN: face_detect → OUT: detected=false landmarks=nil roll=nil pitch=nil yaw=nil (2716ms)
[2026-06-15 09:27:04] [hand_detect] IN: hand_detect 1920x1080 → OUT: detected=false landmarks=nil confidence=0
[2026-06-15 09:27:04] [face_detect] IN: face_detect → OUT: detected=false landmarks=nil roll=nil pitch=nil yaw=nil (2915ms)
[2026-06-15 09:27:04] [hand_detect] IN: hand_detect 1920x1080 → OUT: detected=false landmarks=nil confidence=0
[2026-06-15 09:27:04] [face_detect] IN: face_detect → OUT: detected=false landmarks=nil roll=nil pitch=nil yaw=nil (2733ms)
[2026-06-15 09:27:04] [hand_detect] IN: hand_detect 1920x1080 → OUT: detected=false landmarks=nil confidence=0
[2026-06-15 09:27:04] [face_detect] IN: face_detect → OUT: detected=false landmarks=nil roll=nil pitch=nil yaw=nil (3079ms)
[2026-06-15 09:27:04] [hand_detect] IN: hand_detect 1920x1080 → OUT: detected=false landmarks=nil confidence=0
[2026-06-15 09:27:04] [face_detect] IN: face_detect → OUT: detected=false landmarks=nil roll=nil pitch=nil yaw=nil (2732ms)
[2026-06-15 09:27:04] [axMatch] IN: cursor=(583,879) → OUT: role=AXButton title=2 No (0ms)
[2026-06-15 09:27:04] [hand_detect] IN: hand_detect 1920x1080 → OUT: detected=false landmarks=nil confidence=0
[2026-06-15 09:27:04] [face_detect] IN: face_detect → OUT: detected=false landmarks=nil roll=nil pitch=nil yaw=nil (2919ms)
[2026-06-15 09:27:04] [hand_detect] IN: hand_detect 1920x1080 → OUT: detected=false landmarks=nil confidence=0
[2026-06-15 09:27:04] [face_detect] IN: face_detect → OUT: detected=false landmarks=nil roll=nil pitch=nil yaw=nil (2687ms)
[2026-06-15 09:27:04] [hand_detect] IN: hand_detect 1920x1080 → OUT: detected=false landmarks=nil confidence=0
[2026-06-15 09:27:04] [face_detect] IN: face_detect → OUT: detected=false landmarks=nil roll=nil pitch=nil yaw=nil (2772ms)
[2026-06-15 09:27:04] [hand_detect] IN: hand_detect 1920x1080 → OUT: detected=false landmarks=nil confidence=0
[2026-06-15 09:27:04] [face_detect] IN: face_detect → OUT: detected=false landmarks=nil roll=nil pitch=nil yaw=nil (2663ms)
[2026-06-15 09:27:04] [hand_detect] IN: hand_detect 1920x1080 → OUT: detected=false landmarks=nil confidence=0
[2026-06-15 09:27:04] [face_detect] IN: face_detect → OUT: detected=false landmarks=nil roll=nil pitch=nil yaw=nil (2581ms)
[2026-06-15 09:27:04] [hand_detect] IN: hand_detect 1920x1080 → OUT: detected=false landmarks=nil confidence=0
[2026-06-15 09:27:04] [face_detect] IN: face_detect → OUT: detected=false landmarks=nil roll=nil pitch=nil yaw=nil (2567ms)
[2026-06-15 09:27:04] [hand_detect] IN: hand_detect 1920x1080 → OUT: detected=false landmarks=nil confidence=0
[2026-06-15 09:27:04] [face_detect] IN: face_detect → OUT: detected=false landmarks=nil roll=nil pitch=nil yaw=nil (2620ms)
[2026-06-15 09:27:05] [hand_detect] IN: hand_detect 1920x1080 → OUT: detected=false landmarks=nil confidence=0
[2026-06-15 09:27:05] [face_detect] IN: face_detect → OUT: detected=false landmarks=nil roll=nil pitch=nil yaw=nil (2696ms)
[2026-06-15 09:27:05] [hand_detect] IN: hand_detect 1920x1080 → OUT: detected=false landmarks=nil confidence=0
[2026-06-15 09:27:05] [face_detect] IN: face_detect → OUT: detected=false landmarks=nil roll=nil pitch=nil yaw=nil (2645ms)
[2026-06-15 09:27:05] [hand_detect] IN: hand_detect 1920x1080 → OUT: detected=false landmarks=nil confidence=0
[2026-06-15 09:27:05] [face_detect] IN: face_detect → OUT: detected=false landmarks=nil roll=nil pitch=nil yaw=nil (2756ms)
[2026-06-15 09:27:05] [hand_detect] IN: hand_detect 1920x1080 → OUT: detected=false landmarks=nil confidence=0
[2026-06-15 09:27:05] [face_detect] IN: face_detect → OUT: detected=false landmarks=nil roll=nil pitch=nil yaw=nil (2691ms)
[2026-06-15 09:27:05] [hand_detect] IN: hand_detect 1920x1080 → OUT: detected=false landmarks=nil confidence=0
[2026-06-15 09:27:05] [face_detect] IN: face_detect → OUT: detected=false landmarks=nil roll=nil pitch=nil yaw=nil (2570ms)
[2026-06-15 09:27:05] [hand_detect] IN: hand_detect 1920x1080 → OUT: detected=false landmarks=nil confidence=0
[2026-06-15 09:27:05] [face_detect] IN: face_detect → OUT: detected=false landmarks=nil roll=nil pitch=nil yaw=nil (2791ms)
[2026-06-15 09:27:05] [hand_detect] IN: hand_detect 1920x1080 → OUT: detected=false landmarks=nil confidence=0
[2026-06-15 09:27:05] [face_detect] IN: face_detect → OUT: detected=false landmarks=nil roll=nil pitch=nil yaw=nil (2602ms)
[2026-06-15 09:27:05] [hand_detect] IN: hand_detect 1920x1080 → OUT: detected=false landmarks=nil confidence=0
[2026-06-15 09:27:05] [face_detect] IN: face_detect → OUT: detected=false landmarks=nil roll=nil pitch=nil yaw=nil (2606ms)
[2026-06-15 09:27:05] [axMatch] IN: cursor=(534,837) → OUT: role=AXButton title=1 Yes (0ms)
[2026-06-15 09:27:05] [hand_detect] IN: hand_detect 1920x1080 → OUT: detected=false landmarks=nil confidence=0
[2026-06-15 09:27:05] [face_detect] IN: face_detect → OUT: detected=false landmarks=nil roll=nil pitch=nil yaw=nil (2587ms)
[2026-06-15 09:27:05] [hand_detect] IN: hand_detect 1920x1080 → OUT: detected=false landmarks=nil confidence=0
[2026-06-15 09:27:05] [face_detect] IN: face_detect → OUT: detected=false landmarks=nil roll=nil pitch=nil yaw=nil (2737ms)
[2026-06-15 09:27:05] [hand_detect] IN: hand_detect 1920x1080 → OUT: detected=false landmarks=nil confidence=0
[2026-06-15 09:27:05] [face_detect] IN: face_detect → OUT: detected=false landmarks=nil roll=nil pitch=nil yaw=nil (2534ms)
[2026-06-15 09:27:05] [hand_detect] IN: hand_detect 1920x1080 → OUT: detected=false landmarks=nil confidence=0
[2026-06-15 09:27:05] [face_detect] IN: face_detect → OUT: detected=false landmarks=nil roll=nil pitch=nil yaw=nil (2673ms)
[2026-06-15 09:27:05] [hand_detect] IN: hand_detect 1920x1080 → OUT: detected=false landmarks=nil confidence=0
[2026-06-15 09:27:05] [face_detect] IN: face_detect → OUT: detected=false landmarks=nil roll=nil pitch=nil yaw=nil (2769ms)
[2026-06-15 09:27:05] [hand_detect] IN: hand_detect 1920x1080 → OUT: detected=false landmarks=nil confidence=0
[2026-06-15 09:27:05] [face_detect] IN: face_detect → OUT: detected=false landmarks=nil roll=nil pitch=nil yaw=nil (2577ms)
[2026-06-15 09:27:05] [axScan] IN: windows=21 → OUT: raw=1965 visible=1913 (695ms)
[2026-06-15 09:27:05] [hand_detect] IN: hand_detect 1920x1080 → OUT: detected=false landmarks=nil confidence=0
[2026-06-15 09:27:05] [face_detect] IN: face_detect → OUT: detected=false landmarks=nil roll=nil pitch=nil yaw=nil (2620ms)
[2026-06-15 09:27:05] [hand_detect] IN: hand_detect 1920x1080 → OUT: detected=false landmarks=nil confidence=0
[2026-06-15 09:27:05] [face_detect] IN: face_detect → OUT: detected=false landmarks=nil roll=nil pitch=nil yaw=nil (2719ms)
[2026-06-15 09:27:05] [hand_detect] IN: hand_detect 1920x1080 → OUT: detected=false landmarks=nil confidence=0
[2026-06-15 09:27:05] [face_detect] IN: face_detect → OUT: detected=false landmarks=nil roll=nil pitch=nil yaw=nil (3032ms)
[2026-06-15 09:27:05] [hand_detect] IN: hand_detect 1920x1080 → OUT: detected=false landmarks=nil confidence=0
[2026-06-15 09:27:05] [face_detect] IN: face_detect → OUT: detected=false landmarks=nil roll=nil pitch=nil yaw=nil (3340ms)
[2026-06-15 09:27:05] [hand_detect] IN: hand_detect 1920x1080 → OUT: detected=false landmarks=nil confidence=0
[2026-06-15 09:27:05] [face_detect] IN: face_detect → OUT: detected=false landmarks=nil roll=nil pitch=nil yaw=nil (3746ms)
[2026-06-15 09:27:05] [hand_detect] IN: hand_detect 1920x1080 → OUT: detected=false landmarks=nil confidence=0
[2026-06-15 09:27:05] [face_detect] IN: face_detect → OUT: detected=false landmarks=nil roll=nil pitch=nil yaw=nil (3973ms)
[2026-06-15 09:27:05] [hand_detect] IN: hand_detect 1920x1080 → OUT: detected=false landmarks=nil confidence=0
[2026-06-15 09:27:05] [face_detect] IN: face_detect → OUT: detected=false landmarks=nil roll=nil pitch=nil yaw=nil (5007ms)
[2026-06-15 09:27:05] [hand_detect] IN: hand_detect 1920x1080 → OUT: detected=false landmarks=nil confidence=0
[2026-06-15 09:27:05] [face_detect] IN: face_detect → OUT: detected=false landmarks=nil roll=nil pitch=nil yaw=nil (5091ms)
[2026-06-15 09:27:05] [hand_detect] IN: hand_detect 1920x1080 → OUT: detected=false landmarks=nil confidence=0
[2026-06-15 09:27:05] [face_detect] IN: face_detect → OUT: detected=false landmarks=nil roll=nil pitch=nil yaw=nil (6085ms)
[2026-06-15 09:27:05] [hand_detect] IN: hand_detect 1920x1080 → OUT: detected=false landmarks=nil confidence=0
[2026-06-15 09:27:05] [face_detect] IN: face_detect → OUT: detected=false landmarks=nil roll=nil pitch=nil yaw=nil (5979ms)
[2026-06-15 09:27:05] [hand_detect] IN: hand_detect 1920x1080 → OUT: detected=false landmarks=nil confidence=0
[2026-06-15 09:27:05] [face_detect] IN: face_detect → OUT: detected=false landmarks=nil roll=nil pitch=nil yaw=nil (4952ms)
[2026-06-15 09:27:05] [hand_detect] IN: hand_detect 1920x1080 → OUT: detected=false landmarks=nil confidence=0
[2026-06-15 09:27:05] [face_detect] IN: face_detect → OUT: detected=false landmarks=nil roll=nil pitch=nil yaw=nil (3702ms)
[2026-06-15 09:27:05] [hand_detect] IN: hand_detect 1920x1080 → OUT: detected=false landmarks=nil confidence=0
[2026-06-15 09:27:05] [face_detect] IN: face_detect → OUT: detected=false landmarks=nil roll=nil pitch=nil yaw=nil (2828ms)
[2026-06-15 09:27:05] [hand_detect] IN: hand_detect 1920x1080 → OUT: detected=false landmarks=nil confidence=0
[2026-06-15 09:27:05] [face_detect] IN: face_detect → OUT: detected=false landmarks=nil roll=nil pitch=nil yaw=nil (2763ms)
[2026-06-15 09:27:05] [hand_detect] IN: hand_detect 1920x1080 → OUT: detected=false landmarks=nil confidence=0
[2026-06-15 09:27:05] [face_detect] IN: face_detect → OUT: detected=false landmarks=nil roll=nil pitch=nil yaw=nil (2538ms)
[2026-06-15 09:27:05] [hand_detect] IN: hand_detect 1920x1080 → OUT: detected=false landmarks=nil confidence=0
[2026-06-15 09:27:05] [face_detect] IN: face_detect → OUT: detected=false landmarks=nil roll=nil pitch=nil yaw=nil (2559ms)
[2026-06-15 09:27:06] [hand_detect] IN: hand_detect 1920x1080 → OUT: detected=false landmarks=nil confidence=0
[2026-06-15 09:27:06] [face_detect] IN: face_detect → OUT: detected=false landmarks=nil roll=nil pitch=nil yaw=nil (2606ms)
[2026-06-15 09:27:06] [hand_detect] IN: hand_detect 1920x1080 → OUT: detected=false landmarks=nil confidence=0
[2026-06-15 09:27:06] [face_detect] IN: face_detect → OUT: detected=false landmarks=nil roll=nil pitch=nil yaw=nil (2529ms)
[2026-06-15 09:27:06] [hand_detect] IN: hand_detect 1920x1080 → OUT: detected=false landmarks=nil confidence=0
[2026-06-15 09:27:06] [face_detect] IN: face_detect → OUT: detected=false landmarks=nil roll=nil pitch=nil yaw=nil (2583ms)
[2026-06-15 09:27:06] [hand_detect] IN: hand_detect 1920x1080 → OUT: detected=false landmarks=nil confidence=0
[2026-06-15 09:27:06] [face_detect] IN: face_detect → OUT: detected=false landmarks=nil roll=nil pitch=nil yaw=nil (2586ms)
[2026-06-15 09:27:06] [hand_detect] IN: hand_detect 1920x1080 → OUT: detected=false landmarks=nil confidence=0
[2026-06-15 09:27:06] [face_detect] IN: face_detect → OUT: detected=false landmarks=nil roll=nil pitch=nil yaw=nil (2570ms)
[2026-06-15 09:27:06] [hand_detect] IN: hand_detect 1920x1080 → OUT: detected=false landmarks=nil confidence=0
[2026-06-15 09:27:06] [face_detect] IN: face_detect → OUT: detected=false landmarks=nil roll=nil pitch=nil yaw=nil (2567ms)
[2026-06-15 09:27:06] [hand_detect] IN: hand_detect 1920x1080 → OUT: detected=false landmarks=nil confidence=0
[2026-06-15 09:27:06] [face_detect] IN: face_detect → OUT: detected=false landmarks=nil roll=nil pitch=nil yaw=nil (2548ms)
[2026-06-15 09:27:06] [hand_detect] IN: hand_detect 1920x1080 → OUT: detected=false landmarks=nil confidence=0
[2026-06-15 09:27:06] [face_detect] IN: face_detect → OUT: detected=false landmarks=nil roll=nil pitch=nil yaw=nil (2732ms)
[2026-06-15 09:27:06] [hand_detect] IN: hand_detect 1920x1080 → OUT: detected=false landmarks=nil confidence=0
[2026-06-15 09:27:06] [face_detect] IN: face_detect → OUT: detected=false landmarks=nil roll=nil pitch=nil yaw=nil (2552ms)
[2026-06-15 09:27:06] [hand_detect] IN: hand_detect 1920x1080 → OUT: detected=false landmarks=nil confidence=0
[2026-06-15 09:27:06] [face_detect] IN: face_detect → OUT: detected=false landmarks=nil roll=nil pitch=nil yaw=nil (2437ms)
[2026-06-15 09:27:06] [hand_detect] IN: hand_detect 1920x1080 → OUT: detected=false landmarks=nil confidence=0
[2026-06-15 09:27:06] [face_detect] IN: face_detect → OUT: detected=false landmarks=nil roll=nil pitch=nil yaw=nil (2596ms)
[2026-06-15 09:27:06] [hand_detect] IN: hand_detect 1920x1080 → OUT: detected=false landmarks=nil confidence=0
[2026-06-15 09:27:06] [face_detect] IN: face_detect → OUT: detected=false landmarks=nil roll=nil pitch=nil yaw=nil (2467ms)
[2026-06-15 09:27:06] [hand_detect] IN: hand_detect 1920x1080 → OUT: detected=false landmarks=nil confidence=0
[2026-06-15 09:27:06] [face_detect] IN: face_detect → OUT: detected=false landmarks=nil roll=nil pitch=nil yaw=nil (2637ms)
[2026-06-15 09:27:06] [hand_detect] IN: hand_detect 1920x1080 → OUT: detected=false landmarks=nil confidence=0
[2026-06-15 09:27:06] [face_detect] IN: face_detect → OUT: detected=false landmarks=nil roll=nil pitch=nil yaw=nil (2562ms)
[2026-06-15 09:27:06] [hand_detect] IN: hand_detect 1920x1080 → OUT: detected=false landmarks=nil confidence=0
[2026-06-15 09:27:06] [axScan] IN: windows=21 → OUT: raw=1965 visible=1913 (700ms)
[2026-06-15 09:27:06] [face_detect] IN: face_detect → OUT: detected=false landmarks=nil roll=nil pitch=nil yaw=nil (2595ms)
[2026-06-15 09:27:06] [hand_detect] IN: hand_detect 1920x1080 → OUT: detected=false landmarks=nil confidence=0
[2026-06-15 09:27:06] [face_detect] IN: face_detect → OUT: detected=false landmarks=nil roll=nil pitch=nil yaw=nil (2698ms)
[2026-06-15 09:27:06] [hand_detect] IN: hand_detect 1920x1080 → OUT: detected=false landmarks=nil confidence=0
[2026-06-15 09:27:06] [face_detect] IN: face_detect → OUT: detected=false landmarks=nil roll=nil pitch=nil yaw=nil (2984ms)
[2026-06-15 09:27:06] [hand_detect] IN: hand_detect 1920x1080 → OUT: detected=false landmarks=nil confidence=0
[2026-06-15 09:27:06] [face_detect] IN: face_detect → OUT: detected=false landmarks=nil roll=nil pitch=nil yaw=nil (3143ms)
[2026-06-15 09:27:06] [hand_detect] IN: hand_detect 1920x1080 → OUT: detected=false landmarks=nil confidence=0
[2026-06-15 09:27:06] [face_detect] IN: face_detect → OUT: detected=false landmarks=nil roll=nil pitch=nil yaw=nil (3620ms)
[2026-06-15 09:27:06] [hand_detect] IN: hand_detect 1920x1080 → OUT: detected=false landmarks=nil confidence=0
[2026-06-15 09:27:06] [face_detect] IN: face_detect → OUT: detected=false landmarks=nil roll=nil pitch=nil yaw=nil (3937ms)
[2026-06-15 09:27:06] [hand_detect] IN: hand_detect 1920x1080 → OUT: detected=false landmarks=nil confidence=0
[2026-06-15 09:27:06] [face_detect] IN: face_detect → OUT: detected=false landmarks=nil roll=nil pitch=nil yaw=nil (4513ms)
[2026-06-15 09:27:06] [hand_detect] IN: hand_detect 1920x1080 → OUT: detected=false landmarks=nil confidence=0
[2026-06-15 09:27:06] [face_detect] IN: face_detect → OUT: detected=false landmarks=nil roll=nil pitch=nil yaw=nil (5528ms)
[2026-06-15 09:27:06] [hand_detect] IN: hand_detect 1920x1080 → OUT: detected=false landmarks=nil confidence=0
[2026-06-15 09:27:06] [face_detect] IN: face_detect → OUT: detected=false landmarks=nil roll=nil pitch=nil yaw=nil (6723ms)
[2026-06-15 09:27:06] [hand_detect] IN: hand_detect 1920x1080 → OUT: detected=false landmarks=nil confidence=0
[2026-06-15 09:27:06] [face_detect] IN: face_detect → OUT: detected=false landmarks=nil roll=nil pitch=nil yaw=nil (6278ms)
[2026-06-15 09:27:06] [hand_detect] IN: hand_detect 1920x1080 → OUT: detected=false landmarks=nil confidence=0
[2026-06-15 09:27:06] [face_detect] IN: face_detect → OUT: detected=false landmarks=nil roll=nil pitch=nil yaw=nil (5562ms)
[2026-06-15 09:27:06] [hand_detect] IN: hand_detect 1920x1080 → OUT: detected=false landmarks=nil confidence=0
[2026-06-15 09:27:06] [face_detect] IN: face_detect → OUT: detected=false landmarks=nil roll=nil pitch=nil yaw=nil (3774ms)
[2026-06-15 09:27:06] [hand_detect] IN: hand_detect 1920x1080 → OUT: detected=false landmarks=nil confidence=0
[2026-06-15 09:27:06] [face_detect] IN: face_detect → OUT: detected=false landmarks=nil roll=nil pitch=nil yaw=nil (2893ms)
[2026-06-15 09:27:06] [hand_detect] IN: hand_detect 1920x1080 → OUT: detected=false landmarks=nil confidence=0
[2026-06-15 09:27:06] [face_detect] IN: face_detect → OUT: detected=false landmarks=nil roll=nil pitch=nil yaw=nil (2579ms)
[2026-06-15 09:27:06] [hand_detect] IN: hand_detect 1920x1080 → OUT: detected=false landmarks=nil confidence=0
[2026-06-15 09:27:06] [face_detect] IN: face_detect → OUT: detected=false landmarks=nil roll=nil pitch=nil yaw=nil (2498ms)
[2026-06-15 09:27:06] [hand_detect] IN: hand_detect 1920x1080 → OUT: detected=false landmarks=nil confidence=0
[2026-06-15 09:27:06] [face_detect] IN: face_detect → OUT: detected=false landmarks=nil roll=nil pitch=nil yaw=nil (2929ms)
[2026-06-15 09:27:06] [hand_detect] IN: hand_detect 1920x1080 → OUT: detected=false landmarks=nil confidence=0
[2026-06-15 09:27:07] [face_detect] IN: face_detect → OUT: detected=false landmarks=nil roll=nil pitch=nil yaw=nil (2676ms)
[2026-06-15 09:27:07] [hand_detect] IN: hand_detect 1920x1080 → OUT: detected=false landmarks=nil confidence=0
[2026-06-15 09:27:07] [face_detect] IN: face_detect → OUT: detected=false landmarks=nil roll=nil pitch=nil yaw=nil (6241ms)
[2026-06-15 09:27:07] [hand_detect] IN: hand_detect 1920x1080 → OUT: detected=false landmarks=nil confidence=0
[2026-06-15 09:27:07] [face_detect] IN: face_detect → OUT: detected=false landmarks=nil roll=nil pitch=nil yaw=nil (4190ms)
[2026-06-15 09:27:07] [hand_detect] IN: hand_detect 1920x1080 → OUT: detected=false landmarks=nil confidence=0
[2026-06-15 09:27:07] [face_detect] IN: face_detect → OUT: detected=false landmarks=nil roll=nil pitch=nil yaw=nil (3586ms)
[2026-06-15 09:27:07] [hand_detect] IN: hand_detect 1920x1080 → OUT: detected=false landmarks=nil confidence=0
[2026-06-15 09:27:07] [face_detect] IN: face_detect → OUT: detected=false landmarks=nil roll=nil pitch=nil yaw=nil (4486ms)
[2026-06-15 09:27:07] [hand_detect] IN: hand_detect 1920x1080 → OUT: detected=false landmarks=nil confidence=0
[2026-06-15 09:27:07] [face_detect] IN: face_detect → OUT: detected=false landmarks=nil roll=nil pitch=nil yaw=nil (22264ms)
[2026-06-15 09:27:07] [hand_detect] IN: hand_detect 1920x1080 → OUT: detected=false landmarks=nil confidence=0
[2026-06-15 09:27:07] [face_detect] IN: face_detect → OUT: detected=false landmarks=nil roll=nil pitch=nil yaw=nil (4281ms)
[2026-06-15 09:27:07] [hand_detect] IN: hand_detect 1920x1080 → OUT: detected=false landmarks=nil confidence=0
[2026-06-15 09:27:07] [face_detect] IN: face_detect → OUT: detected=false landmarks=nil roll=nil pitch=nil yaw=nil (3031ms)
[2026-06-15 09:27:07] [hand_detect] IN: hand_detect 1920x1080 → OUT: detected=false landmarks=nil confidence=0
[2026-06-15 09:27:07] [face_detect] IN: face_detect → OUT: detected=false landmarks=nil roll=nil pitch=nil yaw=nil (2750ms)
[2026-06-15 09:27:07] [hand_detect] IN: hand_detect 1920x1080 → OUT: detected=false landmarks=nil confidence=0
[2026-06-15 09:27:07] [face_detect] IN: face_detect → OUT: detected=false landmarks=nil roll=nil pitch=nil yaw=nil (2919ms)
[2026-06-15 09:27:07] [hand_detect] IN: hand_detect 1920x1080 → OUT: detected=false landmarks=nil confidence=0
[2026-06-15 09:27:07] [face_detect] IN: face_detect → OUT: detected=false landmarks=nil roll=nil pitch=nil yaw=nil (2893ms)
[2026-06-15 09:27:07] [hand_detect] IN: hand_detect 1920x1080 → OUT: detected=false landmarks=nil confidence=0
[2026-06-15 09:27:07] [face_detect] IN: face_detect → OUT: detected=false landmarks=nil roll=nil pitch=nil yaw=nil (2664ms)
[2026-06-15 09:27:07] [hand_detect] IN: hand_detect 1920x1080 → OUT: detected=false landmarks=nil confidence=0
[2026-06-15 09:27:07] [face_detect] IN: face_detect → OUT: detected=false landmarks=nil roll=nil pitch=nil yaw=nil (2982ms)
[2026-06-15 09:27:07] [hand_detect] IN: hand_detect 1920x1080 → OUT: detected=false landmarks=nil confidence=0
[2026-06-15 09:27:07] [face_detect] IN: face_detect → OUT: detected=false landmarks=nil roll=nil pitch=nil yaw=nil (2840ms)
[2026-06-15 09:27:07] [hand_detect] IN: hand_detect 1920x1080 → OUT: detected=false landmarks=nil confidence=0
[2026-06-15 09:27:07] [face_detect] IN: face_detect → OUT: detected=false landmarks=nil roll=nil pitch=nil yaw=nil (2730ms)
[2026-06-15 09:27:07] [hand_detect] IN: hand_detect 1920x1080 → OUT: detected=false landmarks=nil confidence=0
[2026-06-15 09:27:07] [face_detect] IN: face_detect → OUT: detected=false landmarks=nil roll=nil pitch=nil yaw=nil (2763ms)
[2026-06-15 09:27:07] [hand_detect] IN: hand_detect 1920x1080 → OUT: detected=false landmarks=nil confidence=0
[2026-06-15 09:27:07] [face_detect] IN: face_detect → OUT: detected=false landmarks=nil roll=nil pitch=nil yaw=nil (2798ms)
[2026-06-15 09:27:07] [axScan] IN: windows=21 → OUT: raw=1959 visible=1907 (777ms)
[2026-06-15 09:27:07] [hand_detect] IN: hand_detect 1920x1080 → OUT: detected=false landmarks=nil confidence=0
[2026-06-15 09:27:07] [face_detect] IN: face_detect → OUT: detected=false landmarks=nil roll=nil pitch=nil yaw=nil (2853ms)
[2026-06-15 09:27:07] [hand_detect] IN: hand_detect 1920x1080 → OUT: detected=false landmarks=nil confidence=0
[2026-06-15 09:27:07] [face_detect] IN: face_detect → OUT: detected=false landmarks=nil roll=nil pitch=nil yaw=nil (2704ms)
[2026-06-15 09:27:07] [hand_detect] IN: hand_detect 1920x1080 → OUT: detected=false landmarks=nil confidence=0
[2026-06-15 09:27:07] [face_detect] IN: face_detect → OUT: detected=false landmarks=nil roll=nil pitch=nil yaw=nil (2985ms)
[2026-06-15 09:27:07] [hand_detect] IN: hand_detect 1920x1080 → OUT: detected=false landmarks=nil confidence=0
[2026-06-15 09:27:07] [face_detect] IN: face_detect → OUT: detected=false landmarks=nil roll=nil pitch=nil yaw=nil (2814ms)
[2026-06-15 09:27:07] [hand_detect] IN: hand_detect 1920x1080 → OUT: detected=false landmarks=nil confidence=0
[2026-06-15 09:27:07] [face_detect] IN: face_detect → OUT: detected=false landmarks=nil roll=nil pitch=nil yaw=nil (2708ms)
[2026-06-15 09:27:07] [hand_detect] IN: hand_detect 1920x1080 → OUT: detected=false landmarks=nil confidence=0
[2026-06-15 09:27:07] [face_detect] IN: face_detect → OUT: detected=false landmarks=nil roll=nil pitch=nil yaw=nil (2607ms)
[2026-06-15 09:27:07] [hand_detect] IN: hand_detect 1920x1080 → OUT: detected=false landmarks=nil confidence=0
[2026-06-15 09:27:07] [face_detect] IN: face_detect → OUT: detected=false landmarks=nil roll=nil pitch=nil yaw=nil (3239ms)
[2026-06-15 09:27:07] [hand_detect] IN: hand_detect 1920x1080 → OUT: detected=false landmarks=nil confidence=0
[2026-06-15 09:27:07] [face_detect] IN: face_detect → OUT: detected=false landmarks=nil roll=nil pitch=nil yaw=nil (3598ms)
[2026-06-15 09:27:07] [hand_detect] IN: hand_detect 1920x1080 → OUT: detected=false landmarks=nil confidence=0
[2026-06-15 09:27:07] [face_detect] IN: face_detect → OUT: detected=false landmarks=nil roll=nil pitch=nil yaw=nil (3596ms)
[2026-06-15 09:27:07] [hand_detect] IN: hand_detect 1920x1080 → OUT: detected=false landmarks=nil confidence=0
[2026-06-15 09:27:07] [face_detect] IN: face_detect → OUT: detected=false landmarks=nil roll=nil pitch=nil yaw=nil (2943ms)
[2026-06-15 09:27:07] [hand_detect] IN: hand_detect 1920x1080 → OUT: detected=false landmarks=nil confidence=0
[2026-06-15 09:27:07] [face_detect] IN: face_detect → OUT: detected=false landmarks=nil roll=nil pitch=nil yaw=nil (2816ms)
[2026-06-15 09:27:07] [hand_detect] IN: hand_detect 1920x1080 → OUT: detected=false landmarks=nil confidence=0
[2026-06-15 09:27:07] [face_detect] IN: face_detect → OUT: detected=false landmarks=nil roll=nil pitch=nil yaw=nil (2856ms)
[2026-06-15 09:27:07] [hand_detect] IN: hand_detect 1920x1080 → OUT: detected=false landmarks=nil confidence=0
[2026-06-15 09:27:07] [face_detect] IN: face_detect → OUT: detected=false landmarks=nil roll=nil pitch=nil yaw=nil (2928ms)
[2026-06-15 09:27:08] [hand_detect] IN: hand_detect 1920x1080 → OUT: detected=false landmarks=nil confidence=0
[2026-06-15 09:27:08] [face_detect] IN: face_detect → OUT: detected=false landmarks=nil roll=nil pitch=nil yaw=nil (3211ms)
[2026-06-15 09:27:08] [hand_detect] IN: hand_detect 1920x1080 → OUT: detected=false landmarks=nil confidence=0
[2026-06-15 09:27:08] [face_detect] IN: face_detect → OUT: detected=false landmarks=nil roll=nil pitch=nil yaw=nil (3628ms)
[2026-06-15 09:27:08] [hand_detect] IN: hand_detect 1920x1080 → OUT: detected=false landmarks=nil confidence=0
[2026-06-15 09:27:08] [face_detect] IN: face_detect → OUT: detected=false landmarks=nil roll=nil pitch=nil yaw=nil (3380ms)
[2026-06-15 09:27:08] [hand_detect] IN: hand_detect 1920x1080 → OUT: detected=false landmarks=nil confidence=0
[2026-06-15 09:27:08] [face_detect] IN: face_detect → OUT: detected=false landmarks=nil roll=nil pitch=nil yaw=nil (2902ms)
[2026-06-15 09:27:08] [hand_detect] IN: hand_detect 1920x1080 → OUT: detected=false landmarks=nil confidence=0
[2026-06-15 09:27:08] [face_detect] IN: face_detect → OUT: detected=false landmarks=nil roll=nil pitch=nil yaw=nil (3389ms)
[2026-06-15 09:27:08] [hand_detect] IN: hand_detect 1920x1080 → OUT: detected=false landmarks=nil confidence=0
[2026-06-15 09:27:08] [face_detect] IN: face_detect → OUT: detected=false landmarks=nil roll=nil pitch=nil yaw=nil (3396ms)
[2026-06-15 09:27:08] [hand_detect] IN: hand_detect 1920x1080 → OUT: detected=false landmarks=nil confidence=0
[2026-06-15 09:27:08] [face_detect] IN: face_detect → OUT: detected=false landmarks=nil roll=nil pitch=nil yaw=nil (2979ms)
[2026-06-15 09:27:08] [hand_detect] IN: hand_detect 1920x1080 → OUT: detected=false landmarks=nil confidence=0
[2026-06-15 09:27:08] [face_detect] IN: face_detect → OUT: detected=false landmarks=nil roll=nil pitch=nil yaw=nil (2947ms)
[2026-06-15 09:27:08] [axMatch] IN: cursor=(768,830) → OUT: lost (0ms)
[2026-06-15 09:27:08] [hand_detect] IN: hand_detect 1920x1080 → OUT: detected=false landmarks=nil confidence=0
[2026-06-15 09:27:08] [face_detect] IN: face_detect → OUT: detected=false landmarks=nil roll=nil pitch=nil yaw=nil (3000ms)
[2026-06-15 09:27:08] [hand_detect] IN: hand_detect 1920x1080 → OUT: detected=false landmarks=nil confidence=0
[2026-06-15 09:27:08] [face_detect] IN: face_detect → OUT: detected=false landmarks=nil roll=nil pitch=nil yaw=nil (2833ms)
[2026-06-15 09:27:08] [hand_detect] IN: hand_detect 1920x1080 → OUT: detected=false landmarks=nil confidence=0
[2026-06-15 09:27:08] [face_detect] IN: face_detect → OUT: detected=false landmarks=nil roll=nil pitch=nil yaw=nil (3152ms)
[2026-06-15 09:27:08] [hand_detect] IN: hand_detect 1920x1080 → OUT: detected=false landmarks=nil confidence=0
[2026-06-15 09:27:08] [face_detect] IN: face_detect → OUT: detected=false landmarks=nil roll=nil pitch=nil yaw=nil (3068ms)
[2026-06-15 09:27:08] [hand_detect] IN: hand_detect 1920x1080 → OUT: detected=false landmarks=nil confidence=0
[2026-06-15 09:27:08] [face_detect] IN: face_detect → OUT: detected=false landmarks=nil roll=nil pitch=nil yaw=nil (3028ms)
[2026-06-15 09:27:08] [hand_detect] IN: hand_detect 1920x1080 → OUT: detected=false landmarks=nil confidence=0
[2026-06-15 09:27:08] [face_detect] IN: face_detect → OUT: detected=false landmarks=nil roll=nil pitch=nil yaw=nil (3041ms)
[2026-06-15 09:27:08] [axScan] IN: windows=21 → OUT: raw=2006 visible=1954 (701ms)
[2026-06-15 09:27:08] [hand_detect] IN: hand_detect 1920x1080 → OUT: detected=false landmarks=nil confidence=0
[2026-06-15 09:27:08] [face_detect] IN: face_detect → OUT: detected=false landmarks=nil roll=nil pitch=nil yaw=nil (2701ms)
[2026-06-15 09:27:08] [hand_detect] IN: hand_detect 1920x1080 → OUT: detected=false landmarks=nil confidence=0
[2026-06-15 09:27:08] [face_detect] IN: face_detect → OUT: detected=false landmarks=nil roll=nil pitch=nil yaw=nil (2770ms)
[2026-06-15 09:27:08] [hand_detect] IN: hand_detect 1920x1080 → OUT: detected=false landmarks=nil confidence=0
[2026-06-15 09:27:08] [face_detect] IN: face_detect → OUT: detected=false landmarks=nil roll=nil pitch=nil yaw=nil (2677ms)
[2026-06-15 09:27:08] [hand_detect] IN: hand_detect 1920x1080 → OUT: detected=false landmarks=nil confidence=0
[2026-06-15 09:27:08] [face_detect] IN: face_detect → OUT: detected=false landmarks=nil roll=nil pitch=nil yaw=nil (2817ms)
[2026-06-15 09:27:08] [hand_detect] IN: hand_detect 1920x1080 → OUT: detected=false landmarks=nil confidence=0
[2026-06-15 09:27:08] [face_detect] IN: face_detect → OUT: detected=false landmarks=nil roll=nil pitch=nil yaw=nil (5329ms)
[2026-06-15 09:27:08] [hand_detect] IN: hand_detect 1920x1080 → OUT: detected=false landmarks=nil confidence=0
[2026-06-15 09:27:08] [face_detect] IN: face_detect → OUT: detected=false landmarks=nil roll=nil pitch=nil yaw=nil (2897ms)
[2026-06-15 09:27:08] [hand_detect] IN: hand_detect 1920x1080 → OUT: detected=false landmarks=nil confidence=0
[2026-06-15 09:27:08] [face_detect] IN: face_detect → OUT: detected=false landmarks=nil roll=nil pitch=nil yaw=nil (2652ms)
[2026-06-15 09:27:08] [hand_detect] IN: hand_detect 1920x1080 → OUT: detected=false landmarks=nil confidence=0
[2026-06-15 09:27:08] [face_detect] IN: face_detect → OUT: detected=false landmarks=nil roll=nil pitch=nil yaw=nil (2596ms)
[2026-06-15 09:27:08] [hand_detect] IN: hand_detect 1920x1080 → OUT: detected=false landmarks=nil confidence=0
[2026-06-15 09:27:08] [face_detect] IN: face_detect → OUT: detected=false landmarks=nil roll=nil pitch=nil yaw=nil (2541ms)
[2026-06-15 09:27:08] [hand_detect] IN: hand_detect 1920x1080 → OUT: detected=false landmarks=nil confidence=0
[2026-06-15 09:27:08] [face_detect] IN: face_detect → OUT: detected=false landmarks=nil roll=nil pitch=nil yaw=nil (6170ms)
[2026-06-15 09:27:08] [hand_detect] IN: hand_detect 1920x1080 → OUT: detected=false landmarks=nil confidence=0
[2026-06-15 09:27:08] [face_detect] IN: face_detect → OUT: detected=false landmarks=nil roll=nil pitch=nil yaw=nil (3152ms)
[2026-06-15 09:27:08] [hand_detect] IN: hand_detect 1920x1080 → OUT: detected=false landmarks=nil confidence=0
[2026-06-15 09:27:08] [face_detect] IN: face_detect → OUT: detected=false landmarks=nil roll=nil pitch=nil yaw=nil (2825ms)
[2026-06-15 09:27:08] [hand_detect] IN: hand_detect 1920x1080 → OUT: detected=false landmarks=nil confidence=0
[2026-06-15 09:27:08] [face_detect] IN: face_detect → OUT: detected=false landmarks=nil roll=nil pitch=nil yaw=nil (3322ms)
[2026-06-15 09:27:08] [hand_detect] IN: hand_detect 1920x1080 → OUT: detected=false landmarks=nil confidence=0
[2026-06-15 09:27:08] [face_detect] IN: face_detect → OUT: detected=false landmarks=nil roll=nil pitch=nil yaw=nil (3021ms)
[2026-06-15 09:27:08] [hand_detect] IN: hand_detect 1920x1080 → OUT: detected=false landmarks=nil confidence=0
[2026-06-15 09:27:08] [face_detect] IN: face_detect → OUT: detected=false landmarks=nil roll=nil pitch=nil yaw=nil (2738ms)
[2026-06-15 09:27:08] [hand_detect] IN: hand_detect 1920x1080 → OUT: detected=false landmarks=nil confidence=0
[2026-06-15 09:27:08] [face_detect] IN: face_detect → OUT: detected=false landmarks=nil roll=nil pitch=nil yaw=nil (2750ms)
[2026-06-15 09:27:09] [hand_detect] IN: hand_detect 1920x1080 → OUT: detected=false landmarks=nil confidence=0
[2026-06-15 09:27:09] [face_detect] IN: face_detect → OUT: detected=false landmarks=nil roll=nil pitch=nil yaw=nil (2746ms)
[2026-06-15 09:27:09] [hand_detect] IN: hand_detect 1920x1080 → OUT: detected=false landmarks=nil confidence=0
[2026-06-15 09:27:09] [face_detect] IN: face_detect → OUT: detected=false landmarks=nil roll=nil pitch=nil yaw=nil (2833ms)
[2026-06-15 09:27:09] [hand_detect] IN: hand_detect 1920x1080 → OUT: detected=false landmarks=nil confidence=0
[2026-06-15 09:27:09] [face_detect] IN: face_detect → OUT: detected=false landmarks=nil roll=nil pitch=nil yaw=nil (2880ms)
[2026-06-15 09:27:09] [hand_detect] IN: hand_detect 1920x1080 → OUT: detected=false landmarks=nil confidence=0
[2026-06-15 09:27:09] [face_detect] IN: face_detect → OUT: detected=false landmarks=nil roll=nil pitch=nil yaw=nil (2748ms)
