Building for debugging...
[0/4] Write swift-version--58304C5D6DBC2206.txt
Build complete! (0.07s)
Test Suite 'All tests' started at 2026-06-07 14:13:59.533.
Test Suite 'All tests' passed at 2026-06-07 14:13:59.533.
	 Executed 0 tests, with 0 failures (0 unexpected) in 0.000 (0.001) seconds
◇ Test run started.
↳ Testing Library Version: 1902
↳ Target Platform: arm64e-apple-macos14.0
◇ Test originCalibration_averagesSamples() started.
◇ Test oneEuroFilter_zeroTimeDelta_handledGracefully() started.
◇ Test leftAndRightHand_oppositeDirections() started.
◇ Test oneEuroFilter_fastMovement_lightFiltering() started.
◇ Test oneEuroFilter_slowMovement_moderateFiltering() started.
◇ Test oneEuroFilter_stationarySignal_jitterSuppressed() started.
◇ Test replayTrace_comparesOutput() started.
◇ Test oneEuroFilter_initialValue_returnedUnchanged() started.
◇ Test oneEuroFilter_reset_clearsState() started.
✔ Test oneEuroFilter_fastMovement_lightFiltering() passed after 0.001 seconds.
✔ Test oneEuroFilter_stationarySignal_jitterSuppressed() passed after 0.001 seconds.
✔ Test oneEuroFilter_zeroTimeDelta_handledGracefully() passed after 0.001 seconds.
✔ Test oneEuroFilter_slowMovement_moderateFiltering() passed after 0.001 seconds.
✔ Test oneEuroFilter_initialValue_returnedUnchanged() passed after 0.001 seconds.
✔ Test oneEuroFilter_reset_clearsState() passed after 0.001 seconds.

🎬 回放: v0.4.0-milestone-trace.tsv (1616帧)
   校准原点: (0.402,0.370)
✔ Test originCalibration_averagesSamples() passed after 0.596 seconds.
[CURSOR-ABS] handSide=unknown hand=(0.193,0.405) filter=(0.193,0.405) target=(1544,595) cursor=(960,540)
[CURSOR-ABS] handSide=right hand=(0.600,0.400) filter=(0.600,0.400) target=(576,540) cursor=(960,540)
[CURSOR-ABS] handSide=unknown hand=(0.200,0.413) filter=(0.193,0.405) target=(1544,595) cursor=(960,540)
[CURSOR-ABS] handSide=left hand=(0.600,0.400) filter=(0.600,0.400) target=(1344,540) cursor=(960,540)
[CURSOR-ABS] handSide=unknown hand=(0.209,0.424) filter=(0.193,0.405) target=(1544,595) cursor=(960,540)
[CURSOR-ABS] handSide=unknown hand=(0.224,0.439) filter=(0.193,0.405) target=(1544,595) cursor=(960,540)
[CURSOR-ABS] handSide=unknown hand=(0.239,0.460) filter=(0.193,0.405) target=(1544,595) cursor=(960,540)
[CURSOR-ABS] handSide=unknown hand=(0.257,0.473) filter=(0.193,0.405) target=(1544,595) cursor=(960,540)
✔ Test leftAndRightHand_oppositeDirections() passed after 0.596 seconds.
[CURSOR-ABS] handSide=unknown hand=(0.276,0.484) filter=(0.193,0.405) target=(1544,595) cursor=(960,540)
[CURSOR-ABS] handSide=unknown hand=(0.295,0.491) filter=(0.193,0.405) target=(1544,595) cursor=(960,540)
[CURSOR-ABS] handSide=unknown hand=(0.315,0.493) filter=(0.193,0.405) target=(1544,595) cursor=(960,540)
[CURSOR-ABS] handSide=unknown hand=(0.333,0.500) filter=(0.193,0.405) target=(1544,595) cursor=(960,540)
[CURSOR-ABS] handSide=unknown hand=(0.354,0.506) filter=(0.193,0.405) target=(1544,595) cursor=(960,540)
[CURSOR-ABS] handSide=unknown hand=(0.374,0.512) filter=(0.193,0.405) target=(1544,595) cursor=(960,540)
[CURSOR-ABS] handSide=unknown hand=(0.392,0.509) filter=(0.193,0.405) target=(1544,595) cursor=(960,540)
[CURSOR-ABS] handSide=unknown hand=(0.405,0.503) filter=(0.193,0.405) target=(1544,595) cursor=(960,540)
[CURSOR-ABS] handSide=unknown hand=(0.417,0.494) filter=(0.193,0.405) target=(1544,595) cursor=(960,540)
[CURSOR-ABS] handSide=unknown hand=(0.424,0.483) filter=(0.193,0.405) target=(1543,595) cursor=(960,540)
[CURSOR-ABS] handSide=unknown hand=(0.429,0.466) filter=(0.193,0.405) target=(1543,595) cursor=(960,540)
[CURSOR-ABS] handSide=unknown hand=(0.430,0.450) filter=(0.193,0.405) target=(1543,595) cursor=(960,540)
[CURSOR-ABS] handSide=unknown hand=(0.428,0.435) filter=(0.193,0.405) target=(1543,595) cursor=(960,540)
[CURSOR-ABS] handSide=unknown hand=(0.422,0.416) filter=(0.193,0.405) target=(1543,595) cursor=(960,540)
[CURSOR-ABS] handSide=unknown hand=(0.414,0.403) filter=(0.193,0.405) target=(1543,595) cursor=(960,540)
[CURSOR-ABS] handSide=unknown hand=(0.404,0.392) filter=(0.193,0.405) target=(1543,595) cursor=(960,540)
[CURSOR-ABS] handSide=unknown hand=(0.392,0.387) filter=(0.193,0.405) target=(1542,595) cursor=(960,540)
[CURSOR-ABS] handSide=unknown hand=(0.378,0.388) filter=(0.194,0.405) target=(1542,595) cursor=(960,540)
[CURSOR-ABS] handSide=unknown hand=(0.363,0.390) filter=(0.194,0.405) target=(1542,595) cursor=(960,540)
[CURSOR-ABS] handSide=unknown hand=(0.347,0.399) filter=(0.194,0.405) target=(1542,595) cursor=(960,540)
[CURSOR-ABS] handSide=unknown hand=(0.331,0.407) filter=(0.194,0.405) target=(1542,595) cursor=(960,540)
[CURSOR-ABS] handSide=unknown hand=(0.315,0.417) filter=(0.194,0.405) target=(1542,595) cursor=(960,540)
[CURSOR-ABS] handSide=unknown hand=(0.303,0.431) filter=(0.194,0.405) target=(1542,595) cursor=(960,540)
[CURSOR-ABS] handSide=unknown hand=(0.294,0.448) filter=(0.194,0.405) target=(1542,595) cursor=(960,540)
[CURSOR-ABS] handSide=unknown hand=(0.290,0.466) filter=(0.194,0.405) target=(1542,595) cursor=(960,540)
[2026-06-07 14:14:00] [computeCursor] IN: screenSize=(1920,1080) → OUT: cursor=(1538,594) (0ms)
[CURSOR-ABS] handSide=unknown hand=(0.293,0.483) filter=(0.195,0.406) target=(1535,596) cursor=(1538,595)
[2026-06-07 14:14:00] [computeCursor] IN: screenSize=(1920,1080) → OUT: cursor=(1535,596) (0ms)
[CURSOR-ABS] handSide=unknown hand=(0.299,0.497) filter=(0.195,0.406) target=(1535,596) cursor=(1535,596)
[2026-06-07 14:14:00] [computeCursor] IN: screenSize=(1920,1080) → OUT: cursor=(1534,596) (0ms)
[CURSOR-ABS] handSide=unknown hand=(0.309,0.510) filter=(0.196,0.406) target=(1534,596) cursor=(1535,596)
[2026-06-07 14:14:00] [computeCursor] IN: screenSize=(1920,1080) → OUT: cursor=(1534,596) (1ms)
[CURSOR-ABS] handSide=unknown hand=(0.321,0.523) filter=(0.196,0.406) target=(1534,597) cursor=(1534,596)
[2026-06-07 14:14:00] [computeCursor] IN: screenSize=(1920,1080) → OUT: cursor=(1533,596) (0ms)
[CURSOR-ABS] handSide=unknown hand=(0.334,0.538) filter=(0.196,0.406) target=(1533,597) cursor=(1534,597)
[2026-06-07 14:14:00] [computeCursor] IN: screenSize=(1920,1080) → OUT: cursor=(1533,596) (0ms)
[CURSOR-ABS] handSide=unknown hand=(0.348,0.550) filter=(0.196,0.406) target=(1915,635) cursor=(1533,597)
[2026-06-07 14:14:00] [computeCursor] IN: screenSize=(1920,1080) → OUT: cursor=(1912,634) (0ms)
[CURSOR-ABS] handSide=unknown hand=(0.366,0.556) filter=(0.196,0.406) target=(1914,635) cursor=(1913,634)
[2026-06-07 14:14:00] [computeCursor] IN: screenSize=(1920,1080) → OUT: cursor=(1913,634) (0ms)
[CURSOR-ABS] handSide=unknown hand=(0.383,0.563) filter=(0.196,0.406) target=(1912,635) cursor=(1914,635)
[2026-06-07 14:14:00] [computeCursor] IN: screenSize=(1920,1080) → OUT: cursor=(1912,634) (0ms)
[CURSOR-ABS] handSide=unknown hand=(0.401,0.563) filter=(0.197,0.407) target=(1911,635) cursor=(1912,635)
[2026-06-07 14:14:00] [computeCursor] IN: screenSize=(1920,1080) → OUT: cursor=(1911,635) (0ms)
[CURSOR-ABS] handSide=unknown hand=(0.418,0.558) filter=(0.197,0.407) target=(1910,635) cursor=(1911,635)
[2026-06-07 14:14:00] [computeCursor] IN: screenSize=(1920,1080) → OUT: cursor=(1909,635) (0ms)
[CURSOR-ABS] handSide=unknown hand=(0.435,0.546) filter=(0.197,0.407) target=(1908,636) cursor=(1910,635)
[2026-06-07 14:14:00] [computeCursor] IN: screenSize=(1920,1080) → OUT: cursor=(1908,635) (0ms)
[CURSOR-ABS] handSide=unknown hand=(0.450,0.531) filter=(0.197,0.407) target=(1906,636) cursor=(1908,636)
[2026-06-07 14:14:00] [computeCursor] IN: screenSize=(1920,1080) → OUT: cursor=(1906,635) (0ms)
[CURSOR-ABS] handSide=unknown hand=(0.467,0.511) filter=(0.198,0.407) target=(1905,636) cursor=(1906,636)
[2026-06-07 14:14:00] [computeCursor] IN: screenSize=(1920,1080) → OUT: cursor=(1904,635) (0ms)
[CURSOR-ABS] handSide=unknown hand=(0.476,0.490) filter=(0.198,0.407) target=(1902,636) cursor=(1905,636)
[2026-06-07 14:14:00] [computeCursor] IN: screenSize=(1920,1080) → OUT: cursor=(1902,635) (0ms)
[CURSOR-ABS] handSide=unknown hand=(0.483,0.474) filter=(0.198,0.407) target=(1900,636) cursor=(1903,636)
[2026-06-07 14:14:00] [computeCursor] IN: screenSize=(1920,1080) → OUT: cursor=(1900,636) (0ms)
[CURSOR-ABS] handSide=unknown hand=(0.484,0.456) filter=(0.199,0.407) target=(1898,636) cursor=(1900,636)
[2026-06-07 14:14:00] [computeCursor] IN: screenSize=(1920,1080) → OUT: cursor=(1898,636) (0ms)
[CURSOR-ABS] handSide=unknown hand=(0.479,0.436) filter=(0.199,0.407) target=(1896,636) cursor=(1898,636)
[2026-06-07 14:14:00] [computeCursor] IN: screenSize=(1920,1080) → OUT: cursor=(1896,636) (0ms)
[CURSOR-ABS] handSide=unknown hand=(0.470,0.424) filter=(0.199,0.407) target=(1894,636) cursor=(1896,636)
[2026-06-07 14:14:00] [computeCursor] IN: screenSize=(1920,1080) → OUT: cursor=(1893,636) (0ms)
[CURSOR-ABS] handSide=unknown hand=(0.458,0.406) filter=(0.200,0.407) target=(1892,636) cursor=(1894,636)
[2026-06-07 14:14:00] [computeCursor] IN: screenSize=(1920,1080) → OUT: cursor=(1891,635) (0ms)
[CURSOR-ABS] handSide=unknown hand=(0.441,0.397) filter=(0.200,0.407) target=(1890,636) cursor=(1892,636)
[2026-06-07 14:14:00] [computeCursor] IN: screenSize=(1920,1080) → OUT: cursor=(1889,635) (0ms)
[CURSOR-ABS] handSide=unknown hand=(0.425,0.381) filter=(0.200,0.407) target=(1888,636) cursor=(1890,636)
[2026-06-07 14:14:00] [computeCursor] IN: screenSize=(1920,1080) → OUT: cursor=(1887,635) (0ms)
[CURSOR-ABS] handSide=unknown hand=(0.409,0.371) filter=(0.201,0.407) target=(1886,636) cursor=(1888,636)
[2026-06-07 14:14:00] [computeCursor] IN: screenSize=(1920,1080) → OUT: cursor=(1885,635) (0ms)
[CURSOR-ABS] handSide=unknown hand=(0.390,0.365) filter=(0.201,0.407) target=(1884,636) cursor=(1886,636)
[2026-06-07 14:14:00] [computeCursor] IN: screenSize=(1920,1080) → OUT: cursor=(1884,635) (0ms)
[CURSOR-ABS] handSide=unknown hand=(0.373,0.364) filter=(0.201,0.407) target=(1883,635) cursor=(1884,636)
[2026-06-07 14:14:00] [computeCursor] IN: screenSize=(1920,1080) → OUT: cursor=(1882,635) (0ms)
[CURSOR-ABS] handSide=unknown hand=(0.352,0.361) filter=(0.201,0.407) target=(1881,635) cursor=(1883,635)
[2026-06-07 14:14:00] [computeCursor] IN: screenSize=(1920,1080) → OUT: cursor=(1881,635) (0ms)
[CURSOR-ABS] handSide=unknown hand=(0.331,0.357) filter=(0.201,0.407) target=(1880,635) cursor=(1881,635)
[2026-06-07 14:14:00] [computeCursor] IN: screenSize=(1920,1080) → OUT: cursor=(1880,635) (0ms)
[CURSOR-ABS] handSide=unknown hand=(0.314,0.357) filter=(0.202,0.407) target=(1879,635) cursor=(1880,635)
[2026-06-07 14:14:00] [computeCursor] IN: screenSize=(1920,1080) → OUT: cursor=(1879,635) (0ms)
[CURSOR-ABS] handSide=unknown hand=(0.296,0.360) filter=(0.202,0.407) target=(1878,635) cursor=(1879,635)
[2026-06-07 14:14:00] [computeCursor] IN: screenSize=(1920,1080) → OUT: cursor=(1878,634) (0ms)
[CURSOR-ABS] handSide=unknown hand=(0.282,0.364) filter=(0.202,0.407) target=(1878,635) cursor=(1878,635)
[2026-06-07 14:14:00] [computeCursor] IN: screenSize=(1920,1080) → OUT: cursor=(1877,634) (0ms)
[CURSOR-ABS] handSide=unknown hand=(0.268,0.372) filter=(0.202,0.407) target=(1877,635) cursor=(1878,635)
[2026-06-07 14:14:00] [computeCursor] IN: screenSize=(1920,1080) → OUT: cursor=(1876,634) (0ms)
[CURSOR-ABS] handSide=unknown hand=(0.257,0.381) filter=(0.202,0.407) target=(1876,635) cursor=(1877,635)
[2026-06-07 14:14:00] [computeCursor] IN: screenSize=(1920,1080) → OUT: cursor=(1876,634) (0ms)
[CURSOR-ABS] handSide=unknown hand=(0.245,0.388) filter=(0.202,0.407) target=(1876,635) cursor=(1876,635)
[2026-06-07 14:14:00] [computeCursor] IN: screenSize=(1920,1080) → OUT: cursor=(1875,634) (0ms)
[CURSOR-ABS] handSide=unknown hand=(0.232,0.399) filter=(0.202,0.407) target=(1876,635) cursor=(1876,635)
[2026-06-07 14:14:00] [computeCursor] IN: screenSize=(1920,1080) → OUT: cursor=(1875,634) (0ms)
[CURSOR-ABS] handSide=unknown hand=(0.219,0.413) filter=(0.202,0.407) target=(1876,635) cursor=(1876,635)
[2026-06-07 14:14:00] [computeCursor] IN: screenSize=(1920,1080) → OUT: cursor=(1875,634) (1ms)
[CURSOR-ABS] handSide=unknown hand=(0.210,0.417) filter=(0.202,0.407) target=(1875,635) cursor=(1876,635)
[2026-06-07 14:14:00] [computeCursor] IN: screenSize=(1920,1080) → OUT: cursor=(1875,634) (0ms)
[CURSOR-ABS] handSide=unknown hand=(0.200,0.429) filter=(0.202,0.407) target=(1875,635) cursor=(1875,635)
[2026-06-07 14:14:00] [computeCursor] IN: screenSize=(1920,1080) → OUT: cursor=(1875,634) (0ms)
[CURSOR-ABS] handSide=unknown hand=(0.190,0.445) filter=(0.202,0.407) target=(1876,635) cursor=(1875,635)
[2026-06-07 14:14:00] [computeCursor] IN: screenSize=(1920,1080) → OUT: cursor=(1875,634) (0ms)
[CURSOR-ABS] handSide=unknown hand=(0.183,0.456) filter=(0.202,0.407) target=(1876,635) cursor=(1876,635)
[2026-06-07 14:14:00] [computeCursor] IN: screenSize=(1920,1080) → OUT: cursor=(1875,634) (0ms)
[CURSOR-ABS] handSide=unknown hand=(0.174,0.469) filter=(0.202,0.407) target=(1876,635) cursor=(1876,635)
[2026-06-07 14:14:00] [computeCursor] IN: screenSize=(1920,1080) → OUT: cursor=(1876,634) (0ms)
[CURSOR-ABS] handSide=unknown hand=(0.164,0.483) filter=(0.202,0.407) target=(1876,635) cursor=(1876,635)
[2026-06-07 14:14:00] [computeCursor] IN: screenSize=(1920,1080) → OUT: cursor=(1876,635) (0ms)
[CURSOR-ABS] handSide=unknown hand=(0.156,0.491) filter=(0.202,0.407) target=(1877,635) cursor=(1876,635)
[2026-06-07 14:14:00] [computeCursor] IN: screenSize=(1920,1080) → OUT: cursor=(1876,635) (0ms)
[CURSOR-ABS] handSide=unknown hand=(0.149,0.502) filter=(0.202,0.407) target=(1877,635) cursor=(1877,635)
[2026-06-07 14:14:00] [computeCursor] IN: screenSize=(1920,1080) → OUT: cursor=(1877,635) (0ms)
[CURSOR-ABS] handSide=unknown hand=(0.143,0.514) filter=(0.202,0.407) target=(1878,636) cursor=(1877,635)
[2026-06-07 14:14:00] [computeCursor] IN: screenSize=(1920,1080) → OUT: cursor=(1877,635) (0ms)
[CURSOR-ABS] handSide=unknown hand=(0.142,0.527) filter=(0.202,0.407) target=(1879,636) cursor=(1878,636)
[2026-06-07 14:14:00] [computeCursor] IN: screenSize=(1920,1080) → OUT: cursor=(1878,635) (0ms)
[CURSOR-ABS] handSide=unknown hand=(0.140,0.541) filter=(0.202,0.407) target=(1879,636) cursor=(1879,636)
[2026-06-07 14:14:00] [computeCursor] IN: screenSize=(1920,1080) → OUT: cursor=(1879,636) (0ms)
[CURSOR-ABS] handSide=unknown hand=(0.138,0.555) filter=(0.202,0.407) target=(1880,636) cursor=(1879,636)
[2026-06-07 14:14:00] [computeCursor] IN: screenSize=(1920,1080) → OUT: cursor=(1879,636) (0ms)
[CURSOR-ABS] handSide=unknown hand=(0.139,0.571) filter=(0.201,0.407) target=(1880,637) cursor=(1880,636)
[2026-06-07 14:14:00] [computeCursor] IN: screenSize=(1920,1080) → OUT: cursor=(1880,636) (0ms)
[CURSOR-ABS] handSide=unknown hand=(0.141,0.592) filter=(0.201,0.408) target=(1881,637) cursor=(1880,637)
[2026-06-07 14:14:00] [computeCursor] IN: screenSize=(1920,1080) → OUT: cursor=(1880,637) (0ms)
[CURSOR-ABS] handSide=unknown hand=(0.148,0.603) filter=(0.201,0.408) target=(1881,638) cursor=(1881,637)
[2026-06-07 14:14:00] [computeCursor] IN: screenSize=(1920,1080) → OUT: cursor=(1881,637) (0ms)
[CURSOR-ABS] handSide=unknown hand=(0.159,0.620) filter=(0.201,0.408) target=(1882,638) cursor=(1881,638)
[2026-06-07 14:14:00] [computeCursor] IN: screenSize=(1920,1080) → OUT: cursor=(1881,638) (0ms)
[CURSOR-ABS] handSide=unknown hand=(0.172,0.638) filter=(0.201,0.408) target=(1882,639) cursor=(1882,638)
[2026-06-07 14:14:00] [computeCursor] IN: screenSize=(1920,1080) → OUT: cursor=(1882,638) (0ms)
[CURSOR-ABS] handSide=unknown hand=(0.192,0.649) filter=(0.201,0.408) target=(1882,639) cursor=(1882,639)
[2026-06-07 14:14:00] [computeCursor] IN: screenSize=(1920,1080) → OUT: cursor=(1882,639) (0ms)
[CURSOR-ABS] handSide=unknown hand=(0.212,0.659) filter=(0.201,0.409) target=(1882,640) cursor=(1882,639)
[2026-06-07 14:14:00] [computeCursor] IN: screenSize=(1920,1080) → OUT: cursor=(1882,639) (0ms)
[CURSOR-ABS] handSide=unknown hand=(0.231,0.672) filter=(0.201,0.409) target=(1882,640) cursor=(1882,640)
[2026-06-07 14:14:00] [computeCursor] IN: screenSize=(1920,1080) → OUT: cursor=(1882,640) (0ms)
[CURSOR-ABS] handSide=unknown hand=(0.250,0.684) filter=(0.201,0.409) target=(1882,641) cursor=(1882,640)
[2026-06-07 14:14:00] [computeCursor] IN: screenSize=(1920,1080) → OUT: cursor=(1881,641) (0ms)
[CURSOR-ABS] handSide=unknown hand=(0.274,0.687) filter=(0.201,0.409) target=(1881,642) cursor=(1882,641)
[2026-06-07 14:14:00] [computeCursor] IN: screenSize=(1920,1080) → OUT: cursor=(1881,641) (0ms)
[CURSOR-ABS] handSide=unknown hand=(0.299,0.683) filter=(0.202,0.410) target=(1880,642) cursor=(1881,642)
[2026-06-07 14:14:00] [computeCursor] IN: screenSize=(1920,1080) → OUT: cursor=(1880,642) (0ms)
[CURSOR-ABS] handSide=unknown hand=(0.323,0.684) filter=(0.202,0.410) target=(1879,643) cursor=(1880,642)
[2026-06-07 14:14:00] [computeCursor] IN: screenSize=(1920,1080) → OUT: cursor=(1879,643) (0ms)
[CURSOR-ABS] handSide=unknown hand=(0.347,0.679) filter=(0.202,0.410) target=(1878,644) cursor=(1879,643)
[2026-06-07 14:14:00] [computeCursor] IN: screenSize=(1920,1080) → OUT: cursor=(1878,643) (0ms)
[CURSOR-ABS] handSide=unknown hand=(0.373,0.681) filter=(0.202,0.411) target=(1877,645) cursor=(1878,644)
[2026-06-07 14:14:00] [computeCursor] IN: screenSize=(1920,1080) → OUT: cursor=(1876,644) (1ms)
[CURSOR-ABS] handSide=unknown hand=(0.398,0.665) filter=(0.202,0.411) target=(1875,645) cursor=(1877,645)
[2026-06-07 14:14:00] [computeCursor] IN: screenSize=(1920,1080) → OUT: cursor=(1874,645) (0ms)
[CURSOR-ABS] handSide=unknown hand=(0.424,0.654) filter=(0.203,0.411) target=(1873,646) cursor=(1875,645)
[2026-06-07 14:14:00] [computeCursor] IN: screenSize=(1920,1080) → OUT: cursor=(1872,646) (0ms)
[CURSOR-ABS] handSide=unknown hand=(0.446,0.638) filter=(0.203,0.411) target=(1871,647) cursor=(1873,646)
[2026-06-07 14:14:00] [computeCursor] IN: screenSize=(1920,1080) → OUT: cursor=(1870,646) (0ms)
[CURSOR-ABS] handSide=unknown hand=(0.471,0.617) filter=(0.204,0.412) target=(1868,647) cursor=(1871,647)
[2026-06-07 14:14:00] [computeCursor] IN: screenSize=(1920,1080) → OUT: cursor=(1867,647) (0ms)
[CURSOR-ABS] handSide=unknown hand=(0.492,0.595) filter=(0.204,0.412) target=(1865,648) cursor=(1868,647)
[2026-06-07 14:14:00] [computeCursor] IN: screenSize=(1920,1080) → OUT: cursor=(1865,647) (0ms)
[CURSOR-ABS] handSide=unknown hand=(0.509,0.574) filter=(0.205,0.412) target=(1862,648) cursor=(1865,648)
[2026-06-07 14:14:00] [computeCursor] IN: screenSize=(1920,1080) → OUT: cursor=(1861,648) (0ms)
[CURSOR-ABS] handSide=unknown hand=(0.525,0.546) filter=(0.205,0.412) target=(1859,649) cursor=(1862,648)
[2026-06-07 14:14:00] [computeCursor] IN: screenSize=(1920,1080) → OUT: cursor=(1858,648) (0ms)
[CURSOR-ABS] handSide=unknown hand=(0.535,0.521) filter=(0.206,0.412) target=(1855,649) cursor=(1859,649)
[2026-06-07 14:14:00] [computeCursor] IN: screenSize=(1920,1080) → OUT: cursor=(1854,648) (0ms)
[CURSOR-ABS] handSide=unknown hand=(0.541,0.491) filter=(0.207,0.413) target=(1850,649) cursor=(1855,649)
[2026-06-07 14:14:00] [computeCursor] IN: screenSize=(1920,1080) → OUT: cursor=(1849,649) (0ms)
[CURSOR-ABS] handSide=unknown hand=(0.539,0.469) filter=(0.207,0.413) target=(1846,649) cursor=(1850,649)
[2026-06-07 14:14:00] [computeCursor] IN: screenSize=(1920,1080) → OUT: cursor=(1846,649) (0ms)
[CURSOR-ABS] handSide=unknown hand=(0.531,0.454) filter=(0.208,0.413) target=(1842,649) cursor=(1846,649)
[2026-06-07 14:14:00] [computeCursor] IN: screenSize=(1920,1080) → OUT: cursor=(1842,649) (0ms)
[CURSOR-ABS] handSide=unknown hand=(0.521,0.430) filter=(0.208,0.413) target=(1839,649) cursor=(1842,649)
[2026-06-07 14:14:00] [computeCursor] IN: screenSize=(1920,1080) → OUT: cursor=(1838,649) (0ms)
[CURSOR-ABS] handSide=unknown hand=(0.508,0.408) filter=(0.209,0.413) target=(1835,649) cursor=(1839,649)
[2026-06-07 14:14:00] [computeCursor] IN: screenSize=(1920,1080) → OUT: cursor=(1835,648) (0ms)
[CURSOR-ABS] handSide=unknown hand=(0.493,0.385) filter=(0.210,0.413) target=(1832,649) cursor=(1835,649)
[2026-06-07 14:14:00] [computeCursor] IN: screenSize=(1920,1080) → OUT: cursor=(1831,648) (0ms)
[CURSOR-ABS] handSide=unknown hand=(0.478,0.366) filter=(0.210,0.413) target=(1828,648) cursor=(1832,649)
[2026-06-07 14:14:00] [computeCursor] IN: screenSize=(1920,1080) → OUT: cursor=(1828,648) (0ms)
[CURSOR-ABS] handSide=unknown hand=(0.461,0.352) filter=(0.211,0.413) target=(1825,648) cursor=(1828,648)
[2026-06-07 14:14:00] [computeCursor] IN: screenSize=(1920,1080) → OUT: cursor=(1824,648) (0ms)
[CURSOR-ABS] handSide=unknown hand=(0.441,0.337) filter=(0.211,0.412) target=(1822,648) cursor=(1825,648)
[2026-06-07 14:14:00] [computeCursor] IN: screenSize=(1920,1080) → OUT: cursor=(1821,647) (0ms)
[CURSOR-ABS] handSide=unknown hand=(0.422,0.325) filter=(0.211,0.412) target=(1819,647) cursor=(1822,648)
[2026-06-07 14:14:00] [computeCursor] IN: screenSize=(1920,1080) → OUT: cursor=(1819,647) (0ms)
[CURSOR-ABS] handSide=unknown hand=(0.403,0.318) filter=(0.212,0.412) target=(1817,647) cursor=(1819,647)
[2026-06-07 14:14:00] [computeCursor] IN: screenSize=(1920,1080) → OUT: cursor=(1816,647) (0ms)
[CURSOR-ABS] handSide=unknown hand=(0.388,0.315) filter=(0.212,0.412) target=(1814,647) cursor=(1817,647)
[2026-06-07 14:14:00] [computeCursor] IN: screenSize=(1920,1080) → OUT: cursor=(1814,646) (0ms)
[CURSOR-ABS] handSide=unknown hand=(0.372,0.316) filter=(0.213,0.412) target=(1812,646) cursor=(1814,647)
[2026-06-07 14:14:00] [computeCursor] IN: screenSize=(1920,1080) → OUT: cursor=(1812,646) (0ms)
[CURSOR-ABS] handSide=unknown hand=(0.357,0.314) filter=(0.213,0.412) target=(1810,646) cursor=(1812,646)
[2026-06-07 14:14:00] [computeCursor] IN: screenSize=(1920,1080) → OUT: cursor=(1810,645) (0ms)
[CURSOR-ABS] handSide=unknown hand=(0.344,0.314) filter=(0.213,0.412) target=(1808,645) cursor=(1810,646)
[2026-06-07 14:14:00] [computeCursor] IN: screenSize=(1920,1080) → OUT: cursor=(1808,645) (0ms)
[CURSOR-ABS] handSide=unknown hand=(0.332,0.311) filter=(0.213,0.412) target=(1807,645) cursor=(1808,645)
[2026-06-07 14:14:00] [computeCursor] IN: screenSize=(1920,1080) → OUT: cursor=(1806,645) (0ms)
[CURSOR-ABS] handSide=unknown hand=(0.320,0.316) filter=(0.214,0.411) target=(1805,645) cursor=(1807,645)
[2026-06-07 14:14:00] [computeCursor] IN: screenSize=(1920,1080) → OUT: cursor=(1805,644) (0ms)
[CURSOR-ABS] handSide=unknown hand=(0.307,0.318) filter=(0.214,0.411) target=(1804,644) cursor=(1805,645)
[2026-06-07 14:14:00] [computeCursor] IN: screenSize=(1920,1080) → OUT: cursor=(1804,644) (0ms)
[CURSOR-ABS] handSide=unknown hand=(0.296,0.321) filter=(0.214,0.411) target=(1803,644) cursor=(1804,644)
[2026-06-07 14:14:00] [computeCursor] IN: screenSize=(1920,1080) → OUT: cursor=(1802,644) (0ms)
[CURSOR-ABS] handSide=unknown hand=(0.284,0.323) filter=(0.214,0.411) target=(1802,644) cursor=(1803,644)
[2026-06-07 14:14:00] [computeCursor] IN: screenSize=(1920,1080) → OUT: cursor=(1801,643) (0ms)
[CURSOR-ABS] handSide=unknown hand=(0.271,0.329) filter=(0.214,0.411) target=(1801,644) cursor=(1802,644)
[2026-06-07 14:14:00] [computeCursor] IN: screenSize=(1920,1080) → OUT: cursor=(1801,643) (0ms)
[CURSOR-ABS] handSide=unknown hand=(0.259,0.331) filter=(0.214,0.411) target=(1800,643) cursor=(1801,644)
[2026-06-07 14:14:00] [computeCursor] IN: screenSize=(1920,1080) → OUT: cursor=(1800,643) (0ms)
[CURSOR-ABS] handSide=unknown hand=(0.250,0.335) filter=(0.215,0.411) target=(1800,643) cursor=(1801,643)
[2026-06-07 14:14:00] [computeCursor] IN: screenSize=(1920,1080) → OUT: cursor=(1800,643) (0ms)
[CURSOR-ABS] handSide=unknown hand=(0.241,0.334) filter=(0.215,0.411) target=(1800,643) cursor=(1800,643)
[2026-06-07 14:14:00] [computeCursor] IN: screenSize=(1920,1080) → OUT: cursor=(1799,642) (0ms)
[CURSOR-ABS] handSide=unknown hand=(0.229,0.340) filter=(0.215,0.411) target=(1799,643) cursor=(1800,643)
[2026-06-07 14:14:00] [computeCursor] IN: screenSize=(1920,1080) → OUT: cursor=(1799,642) (0ms)
[CURSOR-ABS] handSide=unknown hand=(0.222,0.343) filter=(0.215,0.411) target=(1799,642) cursor=(1799,643)
[2026-06-07 14:14:00] [computeCursor] IN: screenSize=(1920,1080) → OUT: cursor=(1799,642) (0ms)
[CURSOR-ABS] handSide=unknown hand=(0.213,0.346) filter=(0.215,0.411) target=(1799,642) cursor=(1799,642)
[2026-06-07 14:14:00] [computeCursor] IN: screenSize=(1920,1080) → OUT: cursor=(1799,642) (0ms)
[CURSOR-ABS] handSide=unknown hand=(0.210,0.352) filter=(0.215,0.411) target=(1799,642) cursor=(1799,642)
[2026-06-07 14:14:00] [computeCursor] IN: screenSize=(1920,1080) → OUT: cursor=(1799,642) (0ms)
[CURSOR-ABS] handSide=unknown hand=(0.209,0.363) filter=(0.215,0.410) target=(1799,642) cursor=(1799,642)
[2026-06-07 14:14:00] [computeCursor] IN: screenSize=(1920,1080) → OUT: cursor=(1799,642) (0ms)
[CURSOR-ABS] handSide=unknown hand=(0.212,0.374) filter=(0.215,0.410) target=(1799,642) cursor=(1799,642)
[2026-06-07 14:14:00] [computeCursor] IN: screenSize=(1920,1080) → OUT: cursor=(1799,641) (0ms)
[CURSOR-ABS] handSide=unknown hand=(0.217,0.383) filter=(0.215,0.410) target=(1799,642) cursor=(1799,642)
[2026-06-07 14:14:00] [computeCursor] IN: screenSize=(1920,1080) → OUT: cursor=(1799,641) (0ms)
[CURSOR-ABS] handSide=unknown hand=(0.219,0.395) filter=(0.215,0.410) target=(1799,642) cursor=(1799,642)
[2026-06-07 14:14:00] [computeCursor] IN: screenSize=(1920,1080) → OUT: cursor=(1799,641) (0ms)
[CURSOR-ABS] handSide=unknown hand=(0.224,0.408) filter=(0.215,0.410) target=(1799,642) cursor=(1799,642)
[2026-06-07 14:14:00] [computeCursor] IN: screenSize=(1920,1080) → OUT: cursor=(1799,641) (0ms)
[CURSOR-ABS] handSide=unknown hand=(0.227,0.421) filter=(0.215,0.410) target=(1799,642) cursor=(1799,642)
[2026-06-07 14:14:00] [computeCursor] IN: screenSize=(1920,1080) → OUT: cursor=(1799,641) (0ms)
[CURSOR-ABS] handSide=unknown hand=(0.230,0.439) filter=(0.215,0.410) target=(1799,642) cursor=(1799,642)
[2026-06-07 14:14:00] [computeCursor] IN: screenSize=(1920,1080) → OUT: cursor=(1798,641) (0ms)
[CURSOR-ABS] handSide=unknown hand=(0.236,0.446) filter=(0.215,0.410) target=(1799,642) cursor=(1799,642)
[2026-06-07 14:14:00] [computeCursor] IN: screenSize=(1920,1080) → OUT: cursor=(1798,642) (0ms)
[CURSOR-ABS] handSide=unknown hand=(0.243,0.457) filter=(0.215,0.411) target=(1798,642) cursor=(1799,642)
[2026-06-07 14:14:00] [computeCursor] IN: screenSize=(1920,1080) → OUT: cursor=(1798,642) (0ms)
[CURSOR-ABS] handSide=unknown hand=(0.248,0.471) filter=(0.215,0.411) target=(1798,642) cursor=(1798,642)
[2026-06-07 14:14:00] [computeCursor] IN: screenSize=(1920,1080) → OUT: cursor=(1797,642) (0ms)
[CURSOR-ABS] handSide=unknown hand=(0.256,0.476) filter=(0.215,0.411) target=(1798,642) cursor=(1798,642)
[2026-06-07 14:14:00] [computeCursor] IN: screenSize=(1920,1080) → OUT: cursor=(1797,642) (0ms)
[CURSOR-ABS] handSide=unknown hand=(0.265,0.482) filter=(0.215,0.411) target=(1797,643) cursor=(1798,642)
[2026-06-07 14:14:00] [computeCursor] IN: screenSize=(1920,1080) → OUT: cursor=(1796,642) (0ms)
[CURSOR-ABS] handSide=unknown hand=(0.277,0.494) filter=(0.215,0.411) target=(1796,643) cursor=(1797,643)
[2026-06-07 14:14:00] [computeCursor] IN: screenSize=(1920,1080) → OUT: cursor=(1796,642) (0ms)
[CURSOR-ABS] handSide=unknown hand=(0.290,0.498) filter=(0.215,0.411) target=(1795,643) cursor=(1796,643)
[2026-06-07 14:14:00] [computeCursor] IN: screenSize=(1920,1080) → OUT: cursor=(1795,642) (0ms)
[CURSOR-ABS] handSide=unknown hand=(0.303,0.497) filter=(0.215,0.411) target=(1794,643) cursor=(1795,643)
[2026-06-07 14:14:00] [computeCursor] IN: screenSize=(1920,1080) → OUT: cursor=(1794,643) (0ms)
[CURSOR-ABS] handSide=unknown hand=(0.319,0.500) filter=(0.216,0.411) target=(1793,643) cursor=(1794,643)
[2026-06-07 14:14:00] [computeCursor] IN: screenSize=(1920,1080) → OUT: cursor=(1793,643) (0ms)
[CURSOR-ABS] handSide=unknown hand=(0.336,0.498) filter=(0.216,0.411) target=(1792,644) cursor=(1793,643)
[2026-06-07 14:14:00] [computeCursor] IN: screenSize=(1920,1080) → OUT: cursor=(1791,643) (0ms)
[CURSOR-ABS] handSide=unknown hand=(0.354,0.497) filter=(0.216,0.411) target=(1790,644) cursor=(1792,644)
[2026-06-07 14:14:00] [computeCursor] IN: screenSize=(1920,1080) → OUT: cursor=(1790,643) (0ms)
[CURSOR-ABS] handSide=unknown hand=(0.375,0.498) filter=(0.217,0.411) target=(1788,644) cursor=(1790,644)
[2026-06-07 14:14:00] [computeCursor] IN: screenSize=(1920,1080) → OUT: cursor=(1788,643) (0ms)
[CURSOR-ABS] handSide=unknown hand=(0.394,0.492) filter=(0.217,0.411) target=(1786,644) cursor=(1788,644)
[2026-06-07 14:14:00] [computeCursor] IN: screenSize=(1920,1080) → OUT: cursor=(1785,643) (0ms)
[CURSOR-ABS] handSide=unknown hand=(0.413,0.487) filter=(0.217,0.411) target=(1784,644) cursor=(1786,644)
[2026-06-07 14:14:00] [computeCursor] IN: screenSize=(1920,1080) → OUT: cursor=(1783,644) (0ms)
[CURSOR-ABS] handSide=unknown hand=(0.429,0.484) filter=(0.218,0.412) target=(1781,644) cursor=(1784,644)
[2026-06-07 14:14:00] [computeCursor] IN: screenSize=(1920,1080) → OUT: cursor=(1780,644) (0ms)
[CURSOR-ABS] handSide=unknown hand=(0.442,0.484) filter=(0.218,0.412) target=(1778,644) cursor=(1781,644)
[2026-06-07 14:14:00] [computeCursor] IN: screenSize=(1920,1080) → OUT: cursor=(1778,644) (0ms)
[CURSOR-ABS] handSide=unknown hand=(0.456,0.481) filter=(0.219,0.412) target=(1775,644) cursor=(1778,644)
[2026-06-07 14:14:00] [computeCursor] IN: screenSize=(1920,1080) → OUT: cursor=(1775,644) (0ms)
[CURSOR-ABS] handSide=unknown hand=(0.469,0.481) filter=(0.219,0.412) target=(1772,644) cursor=(1775,644)
[2026-06-07 14:14:00] [computeCursor] IN: screenSize=(1920,1080) → OUT: cursor=(1771,644) (0ms)
[CURSOR-ABS] handSide=unknown hand=(0.482,0.478) filter=(0.220,0.412) target=(1768,645) cursor=(1772,644)
[2026-06-07 14:14:00] [computeCursor] IN: screenSize=(1920,1080) → OUT: cursor=(1768,644) (0ms)
[CURSOR-ABS] handSide=unknown hand=(0.495,0.475) filter=(0.220,0.412) target=(1765,645) cursor=(1768,645)
[2026-06-07 14:14:00] [computeCursor] IN: screenSize=(1920,1080) → OUT: cursor=(1764,644) (0ms)
[CURSOR-ABS] handSide=unknown hand=(0.511,0.476) filter=(0.221,0.412) target=(1761,645) cursor=(1765,645)
[2026-06-07 14:14:00] [computeCursor] IN: screenSize=(1920,1080) → OUT: cursor=(1760,644) (0ms)
[CURSOR-ABS] handSide=unknown hand=(0.526,0.474) filter=(0.222,0.412) target=(1757,645) cursor=(1761,645)
[2026-06-07 14:14:00] [computeCursor] IN: screenSize=(1920,1080) → OUT: cursor=(1756,644) (0ms)
[CURSOR-ABS] handSide=unknown hand=(0.540,0.471) filter=(0.223,0.412) target=(1752,645) cursor=(1757,645)
[2026-06-07 14:14:00] [computeCursor] IN: screenSize=(1920,1080) → OUT: cursor=(1752,644) (0ms)
[CURSOR-ABS] handSide=unknown hand=(0.555,0.473) filter=(0.223,0.412) target=(1748,645) cursor=(1752,645)
[2026-06-07 14:14:00] [computeCursor] IN: screenSize=(1920,1080) → OUT: cursor=(1747,644) (0ms)
[CURSOR-ABS] handSide=unknown hand=(0.566,0.472) filter=(0.224,0.412) target=(1743,645) cursor=(1748,645)
[2026-06-07 14:14:00] [computeCursor] IN: screenSize=(1920,1080) → OUT: cursor=(1742,644) (0ms)
[CURSOR-ABS] handSide=unknown hand=(0.573,0.472) filter=(0.225,0.412) target=(1738,645) cursor=(1743,645)
[2026-06-07 14:14:00] [computeCursor] IN: screenSize=(1920,1080) → OUT: cursor=(1737,644) (0ms)
[CURSOR-ABS] handSide=unknown hand=(0.572,0.473) filter=(0.226,0.412) target=(1733,645) cursor=(1738,645)
[2026-06-07 14:14:00] [computeCursor] IN: screenSize=(1920,1080) → OUT: cursor=(1732,644) (0ms)
[CURSOR-ABS] handSide=unknown hand=(0.572,0.480) filter=(0.227,0.412) target=(1728,645) cursor=(1733,645)
[2026-06-07 14:14:00] [computeCursor] IN: screenSize=(1920,1080) → OUT: cursor=(1727,644) (0ms)
[CURSOR-ABS] handSide=unknown hand=(0.568,0.483) filter=(0.228,0.413) target=(1723,645) cursor=(1728,645)
[2026-06-07 14:14:00] [computeCursor] IN: screenSize=(1920,1080) → OUT: cursor=(1722,644) (0ms)
[CURSOR-ABS] handSide=unknown hand=(0.563,0.487) filter=(0.228,0.413) target=(1718,645) cursor=(1723,645)
[2026-06-07 14:14:00] [computeCursor] IN: screenSize=(1920,1080) → OUT: cursor=(1717,644) (0ms)
[CURSOR-ABS] handSide=unknown hand=(0.556,0.488) filter=(0.229,0.413) target=(1713,645) cursor=(1718,645)
[2026-06-07 14:14:00] [computeCursor] IN: screenSize=(1920,1080) → OUT: cursor=(1712,644) (0ms)
[CURSOR-ABS] handSide=unknown hand=(0.545,0.496) filter=(0.230,0.413) target=(1708,645) cursor=(1713,645)
[2026-06-07 14:14:00] [computeCursor] IN: screenSize=(1920,1080) → OUT: cursor=(1707,644) (0ms)
[CURSOR-ABS] handSide=unknown hand=(0.532,0.497) filter=(0.231,0.413) target=(1703,645) cursor=(1708,645)
[2026-06-07 14:14:00] [computeCursor] IN: screenSize=(1920,1080) → OUT: cursor=(1703,645) (0ms)
[CURSOR-ABS] handSide=unknown hand=(0.517,0.502) filter=(0.232,0.413) target=(1698,645) cursor=(1703,645)
[2026-06-07 14:14:00] [computeCursor] IN: screenSize=(1920,1080) → OUT: cursor=(1698,645) (0ms)
[CURSOR-ABS] handSide=unknown hand=(0.505,0.518) filter=(0.233,0.413) target=(1694,645) cursor=(1698,645)
[2026-06-07 14:14:00] [computeCursor] IN: screenSize=(1920,1080) → OUT: cursor=(1693,645) (0ms)
[CURSOR-ABS] handSide=unknown hand=(0.489,0.526) filter=(0.233,0.413) target=(1690,645) cursor=(1694,645)
[2026-06-07 14:14:00] [computeCursor] IN: screenSize=(1920,1080) → OUT: cursor=(1690,645) (0ms)
[CURSOR-ABS] handSide=unknown hand=(0.476,0.525) filter=(0.234,0.413) target=(1686,646) cursor=(1690,645)
[2026-06-07 14:14:00] [computeCursor] IN: screenSize=(1920,1080) → OUT: cursor=(1686,645) (0ms)
[CURSOR-ABS] handSide=unknown hand=(0.461,0.530) filter=(0.235,0.414) target=(1682,646) cursor=(1686,646)
[2026-06-07 14:14:00] [computeCursor] IN: screenSize=(1920,1080) → OUT: cursor=(1682,645) (0ms)
[CURSOR-ABS] handSide=unknown hand=(0.446,0.536) filter=(0.235,0.414) target=(1679,646) cursor=(1683,646)
[2026-06-07 14:14:00] [computeCursor] IN: screenSize=(1920,1080) → OUT: cursor=(1679,646) (0ms)
[CURSOR-ABS] handSide=unknown hand=(0.430,0.542) filter=(0.236,0.414) target=(1676,646) cursor=(1679,646)
[2026-06-07 14:14:00] [computeCursor] IN: screenSize=(1920,1080) → OUT: cursor=(1675,646) (0ms)
[CURSOR-ABS] handSide=unknown hand=(0.414,0.547) filter=(0.236,0.414) target=(1673,647) cursor=(1676,646)
[2026-06-07 14:14:00] [computeCursor] IN: screenSize=(1920,1080) → OUT: cursor=(1673,646) (0ms)
[CURSOR-ABS] handSide=unknown hand=(0.399,0.546) filter=(0.237,0.414) target=(1670,647) cursor=(1673,647)
[2026-06-07 14:14:00] [computeCursor] IN: screenSize=(1920,1080) → OUT: cursor=(1670,647) (0ms)
[CURSOR-ABS] handSide=unknown hand=(0.382,0.549) filter=(0.237,0.414) target=(1668,647) cursor=(1670,647)
[2026-06-07 14:14:00] [computeCursor] IN: screenSize=(1920,1080) → OUT: cursor=(1668,647) (0ms)
[CURSOR-ABS] handSide=unknown hand=(0.367,0.550) filter=(0.237,0.415) target=(1666,648) cursor=(1668,647)
[2026-06-07 14:14:00] [computeCursor] IN: screenSize=(1920,1080) → OUT: cursor=(1666,647) (0ms)
[CURSOR-ABS] handSide=unknown hand=(0.348,0.552) filter=(0.238,0.415) target=(1664,648) cursor=(1666,648)
[2026-06-07 14:14:00] [computeCursor] IN: screenSize=(1920,1080) → OUT: cursor=(1664,648) (0ms)
[CURSOR-ABS] handSide=unknown hand=(0.332,0.543) filter=(0.238,0.415) target=(1663,649) cursor=(1664,648)
[2026-06-07 14:14:00] [computeCursor] IN: screenSize=(1920,1080) → OUT: cursor=(1662,648) (0ms)
[CURSOR-ABS] handSide=unknown hand=(0.312,0.542) filter=(0.238,0.415) target=(1662,649) cursor=(1663,649)
[2026-06-07 14:14:00] [computeCursor] IN: screenSize=(1920,1080) → OUT: cursor=(1661,648) (0ms)
[CURSOR-ABS] handSide=unknown hand=(0.290,0.542) filter=(0.238,0.415) target=(1661,649) cursor=(1662,649)
[2026-06-07 14:14:00] [computeCursor] IN: screenSize=(1920,1080) → OUT: cursor=(1660,649) (0ms)
[CURSOR-ABS] handSide=unknown hand=(0.268,0.536) filter=(0.239,0.416) target=(1660,650) cursor=(1661,649)
[2026-06-07 14:14:00] [computeCursor] IN: screenSize=(1920,1080) → OUT: cursor=(1660,649) (0ms)
[CURSOR-ABS] handSide=unknown hand=(0.246,0.529) filter=(0.239,0.416) target=(1660,650) cursor=(1660,650)
[2026-06-07 14:14:00] [computeCursor] IN: screenSize=(1920,1080) → OUT: cursor=(1660,650) (1ms)
[CURSOR-ABS] handSide=unknown hand=(0.221,0.522) filter=(0.238,0.416) target=(1661,651) cursor=(1660,650)
[2026-06-07 14:14:00] [computeCursor] IN: screenSize=(1920,1080) → OUT: cursor=(1660,650) (0ms)
[CURSOR-ABS] handSide=unknown hand=(0.198,0.513) filter=(0.238,0.416) target=(1661,651) cursor=(1661,651)
[2026-06-07 14:14:00] [computeCursor] IN: screenSize=(1920,1080) → OUT: cursor=(1661,650) (0ms)
[CURSOR-ABS] handSide=unknown hand=(0.178,0.498) filter=(0.238,0.416) target=(1663,651) cursor=(1661,651)
[2026-06-07 14:14:00] [computeCursor] IN: screenSize=(1920,1080) → OUT: cursor=(1662,651) (0ms)
[CURSOR-ABS] handSide=unknown hand=(0.155,0.492) filter=(0.238,0.416) target=(1664,652) cursor=(1663,651)
[2026-06-07 14:14:00] [computeCursor] IN: screenSize=(1920,1080) → OUT: cursor=(1663,651) (0ms)
[CURSOR-ABS] handSide=unknown hand=(0.131,0.482) filter=(0.238,0.416) target=(1666,652) cursor=(1664,652)
[2026-06-07 14:14:00] [computeCursor] IN: screenSize=(1920,1080) → OUT: cursor=(1665,651) (0ms)
[CURSOR-ABS] handSide=unknown hand=(0.111,0.477) filter=(0.237,0.416) target=(1668,652) cursor=(1666,652)
[2026-06-07 14:14:00] [computeCursor] IN: screenSize=(1920,1080) → OUT: cursor=(1667,652) (0ms)
[CURSOR-ABS] handSide=unknown hand=(0.087,0.476) filter=(0.237,0.416) target=(1671,653) cursor=(1668,652)
[2026-06-07 14:14:00] [computeCursor] IN: screenSize=(1920,1080) → OUT: cursor=(1670,652) (0ms)
[CURSOR-ABS] handSide=unknown hand=(0.081,0.443) filter=(0.236,0.417) target=(1673,653) cursor=(1671,653)
[2026-06-07 14:14:00] [computeCursor] IN: screenSize=(1920,1080) → OUT: cursor=(1673,652) (0ms)
[CURSOR-ABS] handSide=unknown hand=(0.070,0.427) filter=(0.236,0.417) target=(1676,653) cursor=(1673,653)
[2026-06-07 14:14:00] [computeCursor] IN: screenSize=(1920,1080) → OUT: cursor=(1676,652) (0ms)
[CURSOR-ABS] handSide=unknown hand=(0.063,0.415) filter=(0.235,0.417) target=(1679,653) cursor=(1676,653)
[2026-06-07 14:14:00] [computeCursor] IN: screenSize=(1920,1080) → OUT: cursor=(1678,652) (0ms)
[CURSOR-ABS] handSide=unknown hand=(0.057,0.397) filter=(0.235,0.416) target=(1682,653) cursor=(1679,653)
[2026-06-07 14:14:00] [computeCursor] IN: screenSize=(1920,1080) → OUT: cursor=(1681,653) (0ms)
[CURSOR-ABS] handSide=unknown hand=(0.054,0.359) filter=(0.234,0.416) target=(1685,653) cursor=(1682,653)
[2026-06-07 14:14:00] [computeCursor] IN: screenSize=(1920,1080) → OUT: cursor=(1684,652) (0ms)
[CURSOR-ABS] handSide=unknown hand=(0.062,0.330) filter=(0.234,0.416) target=(1687,653) cursor=(1685,653)
[2026-06-07 14:14:00] [computeCursor] IN: screenSize=(1920,1080) → OUT: cursor=(1687,652) (0ms)
[CURSOR-ABS] handSide=unknown hand=(0.078,0.316) filter=(0.233,0.416) target=(1690,652) cursor=(1687,653)
[2026-06-07 14:14:00] [computeCursor] IN: screenSize=(1920,1080) → OUT: cursor=(1689,652) (0ms)
[CURSOR-ABS] handSide=unknown hand=(0.099,0.304) filter=(0.233,0.416) target=(1692,652) cursor=(1690,652)
[2026-06-07 14:14:00] [computeCursor] IN: screenSize=(1920,1080) → OUT: cursor=(1692,652) (0ms)
[CURSOR-ABS] handSide=unknown hand=(0.099,0.277) filter=(0.233,0.416) target=(1694,652) cursor=(1692,652)
[2026-06-07 14:14:00] [computeCursor] IN: screenSize=(1920,1080) → OUT: cursor=(1694,651) (0ms)
[CURSOR-ABS] handSide=unknown hand=(0.108,0.255) filter=(0.232,0.416) target=(1696,651) cursor=(1694,652)
[2026-06-07 14:14:00] [computeCursor] IN: screenSize=(1920,1080) → OUT: cursor=(1695,651) (0ms)
[CURSOR-ABS] handSide=unknown hand=(0.117,0.232) filter=(0.232,0.415) target=(1698,651) cursor=(1696,651)
[2026-06-07 14:14:00] [computeCursor] IN: screenSize=(1920,1080) → OUT: cursor=(1697,650) (0ms)
[CURSOR-ABS] handSide=unknown hand=(0.102,0.223) filter=(0.232,0.415) target=(1699,650) cursor=(1698,651)
[2026-06-07 14:14:00] [computeCursor] IN: screenSize=(1920,1080) → OUT: cursor=(1699,650) (0ms)
[CURSOR-ABS] handSide=unknown hand=(0.128,0.227) filter=(0.231,0.415) target=(1701,650) cursor=(1699,650)
[2026-06-07 14:14:00] [computeCursor] IN: screenSize=(1920,1080) → OUT: cursor=(1700,649) (0ms)
[CURSOR-ABS] handSide=unknown hand=(0.162,0.215) filter=(0.231,0.415) target=(1702,649) cursor=(1701,650)
[2026-06-07 14:14:00] [computeCursor] IN: screenSize=(1920,1080) → OUT: cursor=(1701,648) (0ms)
[CURSOR-ABS] handSide=unknown hand=(0.196,0.215) filter=(0.231,0.414) target=(1702,648) cursor=(1702,649)
[2026-06-07 14:14:00] [computeCursor] IN: screenSize=(1920,1080) → OUT: cursor=(1702,648) (0ms)
[CURSOR-ABS] handSide=unknown hand=(0.223,0.222) filter=(0.231,0.414) target=(1702,648) cursor=(1702,648)
[2026-06-07 14:14:00] [computeCursor] IN: screenSize=(1920,1080) → OUT: cursor=(1702,647) (0ms)
[CURSOR-ABS] handSide=unknown hand=(0.255,0.241) filter=(0.231,0.414) target=(1702,647) cursor=(1702,648)
[2026-06-07 14:14:00] [computeCursor] IN: screenSize=(1920,1080) → OUT: cursor=(1701,647) (0ms)
[CURSOR-ABS] handSide=unknown hand=(0.285,0.254) filter=(0.231,0.414) target=(1701,647) cursor=(1702,647)
[2026-06-07 14:14:00] [computeCursor] IN: screenSize=(1920,1080) → OUT: cursor=(1701,646) (0ms)
[CURSOR-ABS] handSide=unknown hand=(0.314,0.287) filter=(0.232,0.413) target=(1700,646) cursor=(1701,647)
[2026-06-07 14:14:00] [computeCursor] IN: screenSize=(1920,1080) → OUT: cursor=(1699,646) (0ms)
[CURSOR-ABS] handSide=unknown hand=(0.345,0.310) filter=(0.232,0.413) target=(1698,646) cursor=(1700,646)
[2026-06-07 14:14:00] [computeCursor] IN: screenSize=(1920,1080) → OUT: cursor=(1697,645) (0ms)
[CURSOR-ABS] handSide=unknown hand=(0.372,0.336) filter=(0.232,0.413) target=(1696,646) cursor=(1698,646)
[2026-06-07 14:14:00] [computeCursor] IN: screenSize=(1920,1080) → OUT: cursor=(1695,645) (0ms)
[CURSOR-ABS] handSide=unknown hand=(0.394,0.352) filter=(0.233,0.413) target=(1693,645) cursor=(1696,646)
[2026-06-07 14:14:00] [computeCursor] IN: screenSize=(1920,1080) → OUT: cursor=(1693,645) (0ms)
[CURSOR-ABS] handSide=unknown hand=(0.411,0.375) filter=(0.233,0.413) target=(1690,645) cursor=(1693,645)
[2026-06-07 14:14:00] [computeCursor] IN: screenSize=(1920,1080) → OUT: cursor=(1690,645) (0ms)
[CURSOR-ABS] handSide=unknown hand=(0.424,0.403) filter=(0.234,0.413) target=(1687,645) cursor=(1690,645)
[2026-06-07 14:14:00] [computeCursor] IN: screenSize=(1920,1080) → OUT: cursor=(1687,644) (0ms)
[CURSOR-ABS] handSide=unknown hand=(0.430,0.422) filter=(0.234,0.413) target=(1684,645) cursor=(1687,645)
[2026-06-07 14:14:00] [computeCursor] IN: screenSize=(1920,1080) → OUT: cursor=(1684,644) (0ms)
[CURSOR-ABS] handSide=unknown hand=(0.433,0.434) filter=(0.235,0.413) target=(1681,645) cursor=(1684,645)
[2026-06-07 14:14:00] [computeCursor] IN: screenSize=(1920,1080) → OUT: cursor=(1681,644) (0ms)
[CURSOR-ABS] handSide=unknown hand=(0.433,0.451) filter=(0.235,0.413) target=(1678,645) cursor=(1681,645)
[2026-06-07 14:14:00] [computeCursor] IN: screenSize=(1920,1080) → OUT: cursor=(1678,644) (0ms)
[CURSOR-ABS] handSide=unknown hand=(0.432,0.470) filter=(0.236,0.413) target=(1675,645) cursor=(1678,645)
[2026-06-07 14:14:00] [computeCursor] IN: screenSize=(1920,1080) → OUT: cursor=(1675,644) (0ms)
[CURSOR-ABS] handSide=unknown hand=(0.426,0.484) filter=(0.236,0.413) target=(1672,645) cursor=(1675,645)
[2026-06-07 14:14:00] [computeCursor] IN: screenSize=(1920,1080) → OUT: cursor=(1672,644) (0ms)
[CURSOR-ABS] handSide=unknown hand=(0.419,0.499) filter=(0.237,0.413) target=(1669,645) cursor=(1672,645)
[2026-06-07 14:14:00] [computeCursor] IN: screenSize=(1920,1080) → OUT: cursor=(1669,645) (0ms)
[CURSOR-ABS] handSide=unknown hand=(0.409,0.516) filter=(0.237,0.414) target=(1666,645) cursor=(1669,645)
[2026-06-07 14:14:00] [computeCursor] IN: screenSize=(1920,1080) → OUT: cursor=(1666,645) (0ms)
[CURSOR-ABS] handSide=unknown hand=(0.397,0.530) filter=(0.238,0.414) target=(1664,646) cursor=(1666,645)
[2026-06-07 14:14:00] [computeCursor] IN: screenSize=(1920,1080) → OUT: cursor=(1663,645) (0ms)
[CURSOR-ABS] handSide=unknown hand=(0.386,0.543) filter=(0.238,0.414) target=(1662,646) cursor=(1664,646)
[2026-06-07 14:14:00] [computeCursor] IN: screenSize=(1920,1080) → OUT: cursor=(1661,645) (0ms)
[CURSOR-ABS] handSide=unknown hand=(0.375,0.555) filter=(0.239,0.414) target=(1659,646) cursor=(1662,646)
[2026-06-07 14:14:00] [computeCursor] IN: screenSize=(1920,1080) → OUT: cursor=(1659,646) (0ms)
[CURSOR-ABS] handSide=unknown hand=(0.365,0.568) filter=(0.239,0.414) target=(1657,647) cursor=(1659,646)
[2026-06-07 14:14:00] [computeCursor] IN: screenSize=(1920,1080) → OUT: cursor=(1657,646) (0ms)
[CURSOR-ABS] handSide=unknown hand=(0.351,0.583) filter=(0.239,0.414) target=(1656,647) cursor=(1657,647)
[2026-06-07 14:14:00] [computeCursor] IN: screenSize=(1920,1080) → OUT: cursor=(1655,647) (0ms)
[CURSOR-ABS] handSide=unknown hand=(0.339,0.592) filter=(0.240,0.415) target=(1654,648) cursor=(1656,647)
[2026-06-07 14:14:00] [computeCursor] IN: screenSize=(1920,1080) → OUT: cursor=(1654,647) (0ms)
[CURSOR-ABS] handSide=unknown hand=(0.329,0.602) filter=(0.240,0.415) target=(1653,648) cursor=(1654,648)
[2026-06-07 14:14:00] [computeCursor] IN: screenSize=(1920,1080) → OUT: cursor=(1652,648) (0ms)
[CURSOR-ABS] handSide=unknown hand=(0.317,0.600) filter=(0.240,0.415) target=(1651,649) cursor=(1653,648)
[2026-06-07 14:14:00] [computeCursor] IN: screenSize=(1920,1080) → OUT: cursor=(1651,648) (0ms)
[CURSOR-ABS] handSide=unknown hand=(0.304,0.601) filter=(0.240,0.415) target=(1651,649) cursor=(1651,649)
[2026-06-07 14:14:00] [computeCursor] IN: screenSize=(1920,1080) → OUT: cursor=(1650,649) (0ms)
[CURSOR-ABS] handSide=unknown hand=(0.293,0.600) filter=(0.240,0.416) target=(1650,650) cursor=(1651,649)
[2026-06-07 14:14:00] [computeCursor] IN: screenSize=(1920,1080) → OUT: cursor=(1649,649) (0ms)
[CURSOR-ABS] handSide=unknown hand=(0.280,0.585) filter=(0.241,0.416) target=(1649,650) cursor=(1650,650)
[2026-06-07 14:14:00] [computeCursor] IN: screenSize=(1920,1080) → OUT: cursor=(1649,650) (1ms)
[CURSOR-ABS] handSide=unknown hand=(0.266,0.571) filter=(0.241,0.416) target=(1649,651) cursor=(1649,650)
[2026-06-07 14:14:00] [computeCursor] IN: screenSize=(1920,1080) → OUT: cursor=(1648,650) (0ms)
[CURSOR-ABS] handSide=unknown hand=(0.255,0.558) filter=(0.241,0.416) target=(1649,651) cursor=(1649,651)
[2026-06-07 14:14:00] [computeCursor] IN: screenSize=(1920,1080) → OUT: cursor=(1648,651) (0ms)
[CURSOR-ABS] handSide=unknown hand=(0.238,0.545) filter=(0.241,0.417) target=(1649,652) cursor=(1649,651)
[2026-06-07 14:14:00] [computeCursor] IN: screenSize=(1920,1080) → OUT: cursor=(1648,651) (0ms)
[CURSOR-ABS] handSide=unknown hand=(0.223,0.513) filter=(0.241,0.417) target=(1649,652) cursor=(1649,652)
[2026-06-07 14:14:00] [computeCursor] IN: screenSize=(1920,1080) → OUT: cursor=(1649,652) (0ms)
[CURSOR-ABS] handSide=unknown hand=(0.204,0.494) filter=(0.241,0.417) target=(1650,652) cursor=(1649,652)
[2026-06-07 14:14:00] [computeCursor] IN: screenSize=(1920,1080) → OUT: cursor=(1649,652) (0ms)
[CURSOR-ABS] handSide=unknown hand=(0.190,0.474) filter=(0.240,0.417) target=(1650,653) cursor=(1650,652)
[2026-06-07 14:14:00] [computeCursor] IN: screenSize=(1920,1080) → OUT: cursor=(1650,652) (0ms)
[CURSOR-ABS] handSide=unknown hand=(0.175,0.449) filter=(0.240,0.417) target=(1651,653) cursor=(1650,653)
[2026-06-07 14:14:00] [computeCursor] IN: screenSize=(1920,1080) → OUT: cursor=(1651,652) (0ms)
[CURSOR-ABS] handSide=unknown hand=(0.165,0.423) filter=(0.240,0.417) target=(1653,653) cursor=(1651,653)
[2026-06-07 14:14:00] [computeCursor] IN: screenSize=(1920,1080) → OUT: cursor=(1652,652) (0ms)
[CURSOR-ABS] handSide=unknown hand=(0.158,0.409) filter=(0.240,0.417) target=(1654,653) cursor=(1653,653)
[2026-06-07 14:14:00] [computeCursor] IN: screenSize=(1920,1080) → OUT: cursor=(1653,652) (0ms)
[CURSOR-ABS] handSide=unknown hand=(0.157,0.383) filter=(0.240,0.417) target=(1655,653) cursor=(1654,653)
[2026-06-07 14:14:00] [computeCursor] IN: screenSize=(1920,1080) → OUT: cursor=(1655,652) (0ms)
[CURSOR-ABS] handSide=unknown hand=(0.162,0.362) filter=(0.239,0.417) target=(1656,653) cursor=(1655,653)
[2026-06-07 14:14:00] [computeCursor] IN: screenSize=(1920,1080) → OUT: cursor=(1656,652) (0ms)
[CURSOR-ABS] handSide=unknown hand=(0.175,0.332) filter=(0.239,0.417) target=(1657,652) cursor=(1656,653)
[2026-06-07 14:14:00] [computeCursor] IN: screenSize=(1920,1080) → OUT: cursor=(1657,652) (0ms)
[CURSOR-ABS] handSide=unknown hand=(0.187,0.322) filter=(0.239,0.417) target=(1658,652) cursor=(1657,652)
[2026-06-07 14:14:00] [computeCursor] IN: screenSize=(1920,1080) → OUT: cursor=(1657,652) (0ms)
[CURSOR-ABS] handSide=unknown hand=(0.206,0.298) filter=(0.239,0.416) target=(1658,652) cursor=(1658,652)
[2026-06-07 14:14:00] [computeCursor] IN: screenSize=(1920,1080) → OUT: cursor=(1658,651) (0ms)
[CURSOR-ABS] handSide=unknown hand=(0.224,0.288) filter=(0.239,0.416) target=(1658,651) cursor=(1658,652)
[2026-06-07 14:14:00] [computeCursor] IN: screenSize=(1920,1080) → OUT: cursor=(1658,651) (0ms)
[CURSOR-ABS] handSide=unknown hand=(0.245,0.285) filter=(0.239,0.416) target=(1658,651) cursor=(1658,651)
[2026-06-07 14:14:00] [computeCursor] IN: screenSize=(1920,1080) → OUT: cursor=(1658,651) (0ms)
[CURSOR-ABS] handSide=unknown hand=(0.267,0.290) filter=(0.239,0.416) target=(1658,651) cursor=(1658,651)
[2026-06-07 14:14:00] [computeCursor] IN: screenSize=(1920,1080) → OUT: cursor=(1657,650) (0ms)
[CURSOR-ABS] handSide=unknown hand=(0.291,0.298) filter=(0.239,0.416) target=(1657,650) cursor=(1658,651)
[2026-06-07 14:14:00] [computeCursor] IN: screenSize=(1920,1080) → OUT: cursor=(1656,650) (0ms)
[CURSOR-ABS] handSide=unknown hand=(0.312,0.314) filter=(0.239,0.416) target=(1656,650) cursor=(1657,650)
[2026-06-07 14:14:00] [computeCursor] IN: screenSize=(1920,1080) → OUT: cursor=(1655,649) (0ms)
[CURSOR-ABS] handSide=unknown hand=(0.342,0.324) filter=(0.240,0.416) target=(1654,650) cursor=(1656,650)
[2026-06-07 14:14:00] [computeCursor] IN: screenSize=(1920,1080) → OUT: cursor=(1654,649) (0ms)
[CURSOR-ABS] handSide=unknown hand=(0.364,0.334) filter=(0.240,0.415) target=(1652,649) cursor=(1654,650)
[2026-06-07 14:14:00] [computeCursor] IN: screenSize=(1920,1080) → OUT: cursor=(1652,649) (0ms)
[CURSOR-ABS] handSide=unknown hand=(0.392,0.353) filter=(0.240,0.415) target=(1650,649) cursor=(1652,649)
[2026-06-07 14:14:00] [computeCursor] IN: screenSize=(1920,1080) → OUT: cursor=(1650,648) (0ms)
[CURSOR-ABS] handSide=unknown hand=(0.412,0.381) filter=(0.241,0.415) target=(1648,649) cursor=(1650,649)
[2026-06-07 14:14:00] [computeCursor] IN: screenSize=(1920,1080) → OUT: cursor=(1647,648) (0ms)
[CURSOR-ABS] handSide=unknown hand=(0.431,0.409) filter=(0.241,0.415) target=(1645,649) cursor=(1648,649)
[2026-06-07 14:14:00] [computeCursor] IN: screenSize=(1920,1080) → OUT: cursor=(1644,648) (0ms)
[CURSOR-ABS] handSide=unknown hand=(0.442,0.428) filter=(0.242,0.415) target=(1642,649) cursor=(1645,649)
[2026-06-07 14:14:00] [computeCursor] IN: screenSize=(1920,1080) → OUT: cursor=(1641,648) (0ms)
[CURSOR-ABS] handSide=unknown hand=(0.448,0.448) filter=(0.242,0.415) target=(1639,649) cursor=(1642,649)
[2026-06-07 14:14:00] [computeCursor] IN: screenSize=(1920,1080) → OUT: cursor=(1638,648) (0ms)
[CURSOR-ABS] handSide=unknown hand=(0.449,0.467) filter=(0.243,0.415) target=(1636,649) cursor=(1639,649)
[2026-06-07 14:14:00] [computeCursor] IN: screenSize=(1920,1080) → OUT: cursor=(1635,648) (0ms)
[CURSOR-ABS] handSide=unknown hand=(0.444,0.486) filter=(0.243,0.415) target=(1633,649) cursor=(1636,649)
[2026-06-07 14:14:00] [computeCursor] IN: screenSize=(1920,1080) → OUT: cursor=(1632,648) (0ms)
[CURSOR-ABS] handSide=unknown hand=(0.435,0.503) filter=(0.244,0.416) target=(1630,649) cursor=(1633,649)
[2026-06-07 14:14:00] [computeCursor] IN: screenSize=(1920,1080) → OUT: cursor=(1629,648) (0ms)
[CURSOR-ABS] handSide=unknown hand=(0.426,0.516) filter=(0.244,0.416) target=(1627,649) cursor=(1630,649)
[2026-06-07 14:14:00] [computeCursor] IN: screenSize=(1920,1080) → OUT: cursor=(1627,648) (0ms)
[CURSOR-ABS] handSide=unknown hand=(0.415,0.527) filter=(0.245,0.416) target=(1625,649) cursor=(1627,649)
[2026-06-07 14:14:00] [computeCursor] IN: screenSize=(1920,1080) → OUT: cursor=(1624,649) (0ms)
[CURSOR-ABS] handSide=unknown hand=(0.402,0.537) filter=(0.245,0.416) target=(1622,649) cursor=(1625,649)
[2026-06-07 14:14:00] [computeCursor] IN: screenSize=(1920,1080) → OUT: cursor=(1622,649) (0ms)
[CURSOR-ABS] handSide=unknown hand=(0.387,0.541) filter=(0.246,0.416) target=(1620,650) cursor=(1622,649)
[2026-06-07 14:14:00] [computeCursor] IN: screenSize=(1920,1080) → OUT: cursor=(1620,649) (0ms)
[CURSOR-ABS] handSide=unknown hand=(0.374,0.540) filter=(0.246,0.416) target=(1618,650) cursor=(1620,650)
[2026-06-07 14:14:00] [computeCursor] IN: screenSize=(1920,1080) → OUT: cursor=(1618,650) (0ms)
[CURSOR-ABS] handSide=unknown hand=(0.360,0.543) filter=(0.246,0.416) target=(1617,650) cursor=(1618,650)
[2026-06-07 14:14:00] [computeCursor] IN: screenSize=(1920,1080) → OUT: cursor=(1616,650) (0ms)
[CURSOR-ABS] handSide=unknown hand=(0.349,0.547) filter=(0.247,0.417) target=(1615,651) cursor=(1617,650)
[2026-06-07 14:14:00] [computeCursor] IN: screenSize=(1920,1080) → OUT: cursor=(1615,650) (0ms)
[CURSOR-ABS] handSide=unknown hand=(0.335,0.544) filter=(0.247,0.417) target=(1614,651) cursor=(1615,651)
[2026-06-07 14:14:00] [computeCursor] IN: screenSize=(1920,1080) → OUT: cursor=(1613,651) (0ms)
[CURSOR-ABS] handSide=unknown hand=(0.325,0.535) filter=(0.247,0.417) target=(1613,651) cursor=(1614,651)
[2026-06-07 14:14:00] [computeCursor] IN: screenSize=(1920,1080) → OUT: cursor=(1612,651) (0ms)
[CURSOR-ABS] handSide=unknown hand=(0.314,0.522) filter=(0.247,0.417) target=(1612,652) cursor=(1613,651)
[2026-06-07 14:14:00] [computeCursor] IN: screenSize=(1920,1080) → OUT: cursor=(1611,651) (0ms)
[CURSOR-ABS] handSide=unknown hand=(0.301,0.515) filter=(0.248,0.417) target=(1611,652) cursor=(1612,652)
[2026-06-07 14:14:00] [computeCursor] IN: screenSize=(1920,1080) → OUT: cursor=(1610,651) (0ms)
[CURSOR-ABS] handSide=unknown hand=(0.290,0.507) filter=(0.248,0.417) target=(1610,652) cursor=(1611,652)
[2026-06-07 14:14:00] [computeCursor] IN: screenSize=(1920,1080) → OUT: cursor=(1610,652) (0ms)
[CURSOR-ABS] handSide=unknown hand=(0.279,0.496) filter=(0.248,0.417) target=(1610,652) cursor=(1610,652)
[2026-06-07 14:14:00] [computeCursor] IN: screenSize=(1920,1080) → OUT: cursor=(1609,652) (0ms)
[CURSOR-ABS] handSide=unknown hand=(0.269,0.480) filter=(0.248,0.418) target=(1609,653) cursor=(1610,652)
[2026-06-07 14:14:00] [computeCursor] IN: screenSize=(1920,1080) → OUT: cursor=(1609,652) (0ms)
[CURSOR-ABS] handSide=unknown hand=(0.262,0.469) filter=(0.248,0.418) target=(1609,653) cursor=(1609,653)
[2026-06-07 14:14:00] [computeCursor] IN: screenSize=(1920,1080) → OUT: cursor=(1609,652) (0ms)
[CURSOR-ABS] handSide=unknown hand=(0.260,0.453) filter=(0.248,0.418) target=(1609,653) cursor=(1609,653)
[2026-06-07 14:14:00] [computeCursor] IN: screenSize=(1920,1080) → OUT: cursor=(1609,652) (0ms)
[CURSOR-ABS] handSide=unknown hand=(0.260,0.441) filter=(0.248,0.418) target=(1609,653) cursor=(1609,653)
[2026-06-07 14:14:00] [computeCursor] IN: screenSize=(1920,1080) → OUT: cursor=(1608,653) (0ms)
[CURSOR-ABS] handSide=unknown hand=(0.263,0.425) filter=(0.248,0.418) target=(1609,653) cursor=(1609,653)
[2026-06-07 14:14:00] [computeCursor] IN: screenSize=(1920,1080) → OUT: cursor=(1608,653) (0ms)
[CURSOR-ABS] handSide=unknown hand=(0.272,0.410) filter=(0.248,0.418) target=(1608,653) cursor=(1609,653)
[2026-06-07 14:14:00] [computeCursor] IN: screenSize=(1920,1080) → OUT: cursor=(1608,652) (0ms)
[CURSOR-ABS] handSide=unknown hand=(0.281,0.408) filter=(0.248,0.418) target=(1608,653) cursor=(1608,653)
[2026-06-07 14:14:00] [computeCursor] IN: screenSize=(1920,1080) → OUT: cursor=(1607,652) (0ms)
[CURSOR-ABS] handSide=unknown hand=(0.298,0.401) filter=(0.248,0.418) target=(1607,653) cursor=(1608,653)
[2026-06-07 14:14:00] [computeCursor] IN: screenSize=(1920,1080) → OUT: cursor=(1606,652) (0ms)
[CURSOR-ABS] handSide=unknown hand=(0.313,0.398) filter=(0.248,0.418) target=(1606,653) cursor=(1607,653)
[2026-06-07 14:14:00] [computeCursor] IN: screenSize=(1920,1080) → OUT: cursor=(1605,652) (0ms)
[CURSOR-ABS] handSide=unknown hand=(0.330,0.393) filter=(0.249,0.418) target=(1605,653) cursor=(1606,653)
[2026-06-07 14:14:00] [computeCursor] IN: screenSize=(1920,1080) → OUT: cursor=(1604,652) (0ms)
[CURSOR-ABS] handSide=unknown hand=(0.350,0.383) filter=(0.249,0.418) target=(1603,652) cursor=(1605,653)
[2026-06-07 14:14:00] [computeCursor] IN: screenSize=(1920,1080) → OUT: cursor=(1603,652) (0ms)
[CURSOR-ABS] handSide=unknown hand=(0.369,0.383) filter=(0.249,0.418) target=(1601,652) cursor=(1603,652)
[2026-06-07 14:14:00] [computeCursor] IN: screenSize=(1920,1080) → OUT: cursor=(1601,652) (0ms)
[CURSOR-ABS] handSide=unknown hand=(0.388,0.385) filter=(0.250,0.417) target=(1599,652) cursor=(1601,652)
[2026-06-07 14:14:00] [computeCursor] IN: screenSize=(1920,1080) → OUT: cursor=(1598,652) (0ms)
[CURSOR-ABS] handSide=unknown hand=(0.407,0.395) filter=(0.250,0.417) target=(1596,652) cursor=(1599,652)
[2026-06-07 14:14:00] [computeCursor] IN: screenSize=(1920,1080) → OUT: cursor=(1596,651) (0ms)
[CURSOR-ABS] handSide=unknown hand=(0.423,0.409) filter=(0.251,0.417) target=(1594,652) cursor=(1596,652)
[2026-06-07 14:14:00] [computeCursor] IN: screenSize=(1920,1080) → OUT: cursor=(1593,651) (0ms)
[CURSOR-ABS] handSide=unknown hand=(0.433,0.430) filter=(0.251,0.417) target=(1591,652) cursor=(1594,652)
[2026-06-07 14:14:00] [computeCursor] IN: screenSize=(1920,1080) → OUT: cursor=(1590,651) (0ms)
[CURSOR-ABS] handSide=unknown hand=(0.440,0.450) filter=(0.252,0.417) target=(1588,652) cursor=(1591,652)
[2026-06-07 14:14:00] [computeCursor] IN: screenSize=(1920,1080) → OUT: cursor=(1587,651) (0ms)
[CURSOR-ABS] handSide=unknown hand=(0.443,0.469) filter=(0.252,0.418) target=(1585,652) cursor=(1588,652)
[2026-06-07 14:14:00] [computeCursor] IN: screenSize=(1920,1080) → OUT: cursor=(1584,651) (0ms)
[CURSOR-ABS] handSide=unknown hand=(0.444,0.493) filter=(0.253,0.418) target=(1582,652) cursor=(1585,652)
[2026-06-07 14:14:00] [computeCursor] IN: screenSize=(1920,1080) → OUT: cursor=(1581,651) (0ms)
[CURSOR-ABS] handSide=unknown hand=(0.440,0.514) filter=(0.253,0.418) target=(1579,652) cursor=(1582,652)
[2026-06-07 14:14:00] [computeCursor] IN: screenSize=(1920,1080) → OUT: cursor=(1578,651) (0ms)
[CURSOR-ABS] handSide=unknown hand=(0.433,0.531) filter=(0.254,0.418) target=(1576,652) cursor=(1579,652)
[2026-06-07 14:14:00] [computeCursor] IN: screenSize=(1920,1080) → OUT: cursor=(1575,652) (0ms)
[CURSOR-ABS] handSide=unknown hand=(0.425,0.542) filter=(0.254,0.418) target=(1573,653) cursor=(1576,652)
[2026-06-07 14:14:00] [computeCursor] IN: screenSize=(1920,1080) → OUT: cursor=(1573,652) (0ms)
[CURSOR-ABS] handSide=unknown hand=(0.412,0.550) filter=(0.255,0.418) target=(1571,653) cursor=(1573,653)
[2026-06-07 14:14:00] [computeCursor] IN: screenSize=(1920,1080) → OUT: cursor=(1570,652) (0ms)
[CURSOR-ABS] handSide=unknown hand=(0.395,0.552) filter=(0.255,0.418) target=(1568,653) cursor=(1571,653)
[2026-06-07 14:14:00] [computeCursor] IN: screenSize=(1920,1080) → OUT: cursor=(1568,653) (0ms)
[CURSOR-ABS] handSide=unknown hand=(0.380,0.549) filter=(0.256,0.419) target=(1566,654) cursor=(1568,653)
[2026-06-07 14:14:00] [computeCursor] IN: screenSize=(1920,1080) → OUT: cursor=(1566,653) (0ms)
[CURSOR-ABS] handSide=unknown hand=(0.360,0.545) filter=(0.256,0.419) target=(1565,654) cursor=(1566,654)
[2026-06-07 14:14:00] [computeCursor] IN: screenSize=(1920,1080) → OUT: cursor=(1564,653) (0ms)
[CURSOR-ABS] handSide=unknown hand=(0.341,0.533) filter=(0.256,0.419) target=(1563,654) cursor=(1565,654)
[2026-06-07 14:14:00] [computeCursor] IN: screenSize=(1920,1080) → OUT: cursor=(1563,654) (0ms)
[CURSOR-ABS] handSide=unknown hand=(0.323,0.518) filter=(0.257,0.419) target=(1562,655) cursor=(1563,654)
[2026-06-07 14:14:00] [computeCursor] IN: screenSize=(1920,1080) → OUT: cursor=(1562,654) (0ms)
[CURSOR-ABS] handSide=unknown hand=(0.303,0.497) filter=(0.257,0.419) target=(1562,655) cursor=(1562,655)
[2026-06-07 14:14:00] [computeCursor] IN: screenSize=(1920,1080) → OUT: cursor=(1561,654) (0ms)
[CURSOR-ABS] handSide=unknown hand=(0.290,0.479) filter=(0.257,0.419) target=(1561,655) cursor=(1562,655)
[2026-06-07 14:14:00] [computeCursor] IN: screenSize=(1920,1080) → OUT: cursor=(1561,654) (0ms)
[CURSOR-ABS] handSide=unknown hand=(0.285,0.447) filter=(0.257,0.419) target=(1561,655) cursor=(1561,655)
[2026-06-07 14:14:00] [computeCursor] IN: screenSize=(1920,1080) → OUT: cursor=(1560,655) (0ms)
[CURSOR-ABS] handSide=unknown hand=(0.285,0.421) filter=(0.257,0.419) target=(1560,655) cursor=(1561,655)
[2026-06-07 14:14:00] [computeCursor] IN: screenSize=(1920,1080) → OUT: cursor=(1560,654) (0ms)
[CURSOR-ABS] handSide=unknown hand=(0.289,0.407) filter=(0.257,0.419) target=(1560,655) cursor=(1560,655)
[2026-06-07 14:14:00] [computeCursor] IN: screenSize=(1920,1080) → OUT: cursor=(1559,654) (0ms)
[CURSOR-ABS] handSide=unknown hand=(0.299,0.396) filter=(0.257,0.419) target=(1559,655) cursor=(1560,655)
[2026-06-07 14:14:00] [computeCursor] IN: screenSize=(1920,1080) → OUT: cursor=(1558,654) (0ms)
[CURSOR-ABS] handSide=unknown hand=(0.310,0.385) filter=(0.257,0.419) target=(1558,655) cursor=(1559,655)
[2026-06-07 14:14:00] [computeCursor] IN: screenSize=(1920,1080) → OUT: cursor=(1558,654) (0ms)
[CURSOR-ABS] handSide=unknown hand=(0.328,0.380) filter=(0.258,0.419) target=(1557,654) cursor=(1558,655)
[2026-06-07 14:14:00] [computeCursor] IN: screenSize=(1920,1080) → OUT: cursor=(1556,654) (0ms)
[CURSOR-ABS] handSide=unknown hand=(0.347,0.375) filter=(0.258,0.419) target=(1555,654) cursor=(1557,654)
[2026-06-07 14:14:00] [computeCursor] IN: screenSize=(1920,1080) → OUT: cursor=(1555,654) (0ms)
[CURSOR-ABS] handSide=unknown hand=(0.367,0.375) filter=(0.258,0.419) target=(1553,654) cursor=(1555,654)
[2026-06-07 14:14:00] [computeCursor] IN: screenSize=(1920,1080) → OUT: cursor=(1553,653) (0ms)
[CURSOR-ABS] handSide=unknown hand=(0.388,0.384) filter=(0.259,0.419) target=(1551,654) cursor=(1553,654)
[2026-06-07 14:14:00] [computeCursor] IN: screenSize=(1920,1080) → OUT: cursor=(1551,653) (1ms)
[CURSOR-ABS] handSide=unknown hand=(0.407,0.398) filter=(0.259,0.419) target=(1549,654) cursor=(1551,654)
[2026-06-07 14:14:00] [computeCursor] IN: screenSize=(1920,1080) → OUT: cursor=(1548,653) (0ms)
[CURSOR-ABS] handSide=unknown hand=(0.424,0.413) filter=(0.260,0.419) target=(1546,653) cursor=(1549,654)
[2026-06-07 14:14:00] [computeCursor] IN: screenSize=(1920,1080) → OUT: cursor=(1545,653) (0ms)
[CURSOR-ABS] handSide=unknown hand=(0.436,0.437) filter=(0.260,0.419) target=(1543,653) cursor=(1546,653)
[2026-06-07 14:14:00] [computeCursor] IN: screenSize=(1920,1080) → OUT: cursor=(1542,653) (0ms)
[CURSOR-ABS] handSide=unknown hand=(0.442,0.460) filter=(0.261,0.419) target=(1540,653) cursor=(1543,653)
[2026-06-07 14:14:00] [computeCursor] IN: screenSize=(1920,1080) → OUT: cursor=(1539,653) (0ms)
[CURSOR-ABS] handSide=unknown hand=(0.441,0.491) filter=(0.261,0.419) target=(1537,653) cursor=(1540,653)
[2026-06-07 14:14:00] [computeCursor] IN: screenSize=(1920,1080) → OUT: cursor=(1536,653) (0ms)
[CURSOR-ABS] handSide=unknown hand=(0.431,0.515) filter=(0.262,0.419) target=(1534,654) cursor=(1537,653)
[2026-06-07 14:14:00] [computeCursor] IN: screenSize=(1920,1080) → OUT: cursor=(1533,653) (0ms)
[CURSOR-ABS] handSide=unknown hand=(0.417,0.538) filter=(0.262,0.419) target=(1531,654) cursor=(1534,654)
[2026-06-07 14:14:00] [computeCursor] IN: screenSize=(1920,1080) → OUT: cursor=(1531,653) (0ms)
[CURSOR-ABS] handSide=unknown hand=(0.397,0.543) filter=(0.263,0.420) target=(1529,654) cursor=(1531,654)
[2026-06-07 14:14:00] [computeCursor] IN: screenSize=(1920,1080) → OUT: cursor=(1529,654) (0ms)
[CURSOR-ABS] handSide=unknown hand=(0.374,0.547) filter=(0.263,0.420) target=(1527,655) cursor=(1529,654)
[2026-06-07 14:14:00] [computeCursor] IN: screenSize=(1920,1080) → OUT: cursor=(1527,654) (0ms)
[CURSOR-ABS] handSide=unknown hand=(0.350,0.535) filter=(0.264,0.420) target=(1526,655) cursor=(1527,655)
[2026-06-07 14:14:00] [computeCursor] IN: screenSize=(1920,1080) → OUT: cursor=(1525,655) (0ms)
[CURSOR-ABS] handSide=unknown hand=(0.327,0.520) filter=(0.264,0.420) target=(1525,655) cursor=(1526,655)
[2026-06-07 14:14:00] [computeCursor] IN: screenSize=(1920,1080) → OUT: cursor=(1524,655) (0ms)
[CURSOR-ABS] handSide=unknown hand=(0.307,0.492) filter=(0.264,0.420) target=(1524,656) cursor=(1525,655)
[2026-06-07 14:14:00] [computeCursor] IN: screenSize=(1920,1080) → OUT: cursor=(1524,655) (0ms)
[CURSOR-ABS] handSide=unknown hand=(0.292,0.459) filter=(0.264,0.420) target=(1524,656) cursor=(1524,656)
[2026-06-07 14:14:00] [computeCursor] IN: screenSize=(1920,1080) → OUT: cursor=(1523,655) (1ms)
[CURSOR-ABS] handSide=unknown hand=(0.288,0.418) filter=(0.264,0.420) target=(1523,656) cursor=(1524,656)
[2026-06-07 14:14:00] [computeCursor] IN: screenSize=(1920,1080) → OUT: cursor=(1523,655) (0ms)
[CURSOR-ABS] handSide=unknown hand=(0.292,0.387) filter=(0.264,0.420) target=(1523,655) cursor=(1523,656)
[2026-06-07 14:14:00] [computeCursor] IN: screenSize=(1920,1080) → OUT: cursor=(1522,655) (0ms)
[CURSOR-ABS] handSide=unknown hand=(0.304,0.364) filter=(0.264,0.420) target=(1522,655) cursor=(1523,655)
[2026-06-07 14:14:00] [computeCursor] IN: screenSize=(1920,1080) → OUT: cursor=(1522,655) (0ms)
[CURSOR-ABS] handSide=unknown hand=(0.325,0.345) filter=(0.264,0.420) target=(1521,655) cursor=(1522,655)
[2026-06-07 14:14:00] [computeCursor] IN: screenSize=(1920,1080) → OUT: cursor=(1520,654) (0ms)
[CURSOR-ABS] handSide=unknown hand=(0.352,0.331) filter=(0.265,0.420) target=(1519,655) cursor=(1521,655)
[2026-06-07 14:14:00] [computeCursor] IN: screenSize=(1920,1080) → OUT: cursor=(1519,654) (0ms)
[CURSOR-ABS] handSide=unknown hand=(0.376,0.330) filter=(0.265,0.420) target=(1517,654) cursor=(1519,655)
[2026-06-07 14:14:00] [computeCursor] IN: screenSize=(1920,1080) → OUT: cursor=(1517,654) (0ms)
[CURSOR-ABS] handSide=unknown hand=(0.402,0.338) filter=(0.266,0.420) target=(1515,654) cursor=(1517,654)
[2026-06-07 14:14:00] [computeCursor] IN: screenSize=(1920,1080) → OUT: cursor=(1515,653) (0ms)
[CURSOR-ABS] handSide=unknown hand=(0.426,0.354) filter=(0.266,0.420) target=(1512,653) cursor=(1515,654)
[2026-06-07 14:14:00] [computeCursor] IN: screenSize=(1920,1080) → OUT: cursor=(1512,653) (0ms)
[CURSOR-ABS] handSide=unknown hand=(0.447,0.386) filter=(0.267,0.420) target=(1509,653) cursor=(1512,653)
[2026-06-07 14:14:00] [computeCursor] IN: screenSize=(1920,1080) → OUT: cursor=(1508,653) (0ms)
[CURSOR-ABS] handSide=unknown hand=(0.462,0.425) filter=(0.267,0.420) target=(1505,653) cursor=(1509,653)
[2026-06-07 14:14:00] [computeCursor] IN: screenSize=(1920,1080) → OUT: cursor=(1505,653) (0ms)
[CURSOR-ABS] handSide=unknown hand=(0.469,0.463) filter=(0.268,0.420) target=(1502,653) cursor=(1505,653)
[2026-06-07 14:14:00] [computeCursor] IN: screenSize=(1920,1080) → OUT: cursor=(1501,653) (0ms)
[CURSOR-ABS] handSide=unknown hand=(0.464,0.501) filter=(0.269,0.420) target=(1499,653) cursor=(1502,653)
[2026-06-07 14:14:00] [computeCursor] IN: screenSize=(1920,1080) → OUT: cursor=(1498,653) (0ms)
[CURSOR-ABS] handSide=unknown hand=(0.452,0.535) filter=(0.269,0.420) target=(1495,653) cursor=(1499,653)
[2026-06-07 14:14:00] [computeCursor] IN: screenSize=(1920,1080) → OUT: cursor=(1495,653) (0ms)
[CURSOR-ABS] handSide=unknown hand=(0.431,0.556) filter=(0.270,0.420) target=(1493,654) cursor=(1495,653)
[2026-06-07 14:14:00] [computeCursor] IN: screenSize=(1920,1080) → OUT: cursor=(1492,653) (0ms)
[CURSOR-ABS] handSide=unknown hand=(0.407,0.563) filter=(0.270,0.420) target=(1490,654) cursor=(1493,654)
[2026-06-07 14:14:00] [computeCursor] IN: screenSize=(1920,1080) → OUT: cursor=(1490,654) (0ms)
[CURSOR-ABS] handSide=unknown hand=(0.381,0.562) filter=(0.271,0.421) target=(1489,655) cursor=(1490,654)
[2026-06-07 14:14:00] [computeCursor] IN: screenSize=(1920,1080) → OUT: cursor=(1488,654) (0ms)
[CURSOR-ABS] handSide=unknown hand=(0.353,0.543) filter=(0.271,0.421) target=(1487,655) cursor=(1489,655)
[2026-06-07 14:14:00] [computeCursor] IN: screenSize=(1920,1080) → OUT: cursor=(1487,654) (0ms)
[CURSOR-ABS] handSide=unknown hand=(0.329,0.519) filter=(0.271,0.421) target=(1486,655) cursor=(1487,655)
[2026-06-07 14:14:00] [computeCursor] IN: screenSize=(1920,1080) → OUT: cursor=(1486,655) (0ms)
[CURSOR-ABS] handSide=unknown hand=(0.312,0.475) filter=(0.271,0.421) target=(1485,655) cursor=(1486,655)
[2026-06-07 14:14:00] [computeCursor] IN: screenSize=(1920,1080) → OUT: cursor=(1485,655) (0ms)
[CURSOR-ABS] handSide=unknown hand=(0.310,0.421) filter=(0.272,0.421) target=(1485,655) cursor=(1485,655)
[2026-06-07 14:14:00] [computeCursor] IN: screenSize=(1920,1080) → OUT: cursor=(1484,655) (0ms)
[CURSOR-ABS] handSide=unknown hand=(0.322,0.393) filter=(0.272,0.421) target=(1484,655) cursor=(1485,655)
[2026-06-07 14:14:00] [computeCursor] IN: screenSize=(1920,1080) → OUT: cursor=(1483,655) (0ms)
[CURSOR-ABS] handSide=unknown hand=(0.346,0.354) filter=(0.272,0.421) target=(1482,655) cursor=(1484,655)
[2026-06-07 14:14:00] [computeCursor] IN: screenSize=(1920,1080) → OUT: cursor=(1482,654) (0ms)
[CURSOR-ABS] handSide=unknown hand=(0.376,0.331) filter=(0.272,0.421) target=(1480,655) cursor=(1482,655)
[2026-06-07 14:14:00] [computeCursor] IN: screenSize=(1920,1080) → OUT: cursor=(1480,654) (0ms)
[CURSOR-ABS] handSide=unknown hand=(0.415,0.317) filter=(0.273,0.421) target=(1478,654) cursor=(1480,655)
[2026-06-07 14:14:00] [computeCursor] IN: screenSize=(1920,1080) → OUT: cursor=(1477,654) (0ms)
[CURSOR-ABS] handSide=unknown hand=(0.456,0.320) filter=(0.274,0.420) target=(1474,654) cursor=(1478,654)
[2026-06-07 14:14:00] [computeCursor] IN: screenSize=(1920,1080) → OUT: cursor=(1474,653) (0ms)
[CURSOR-ABS] handSide=unknown hand=(0.487,0.330) filter=(0.274,0.420) target=(1471,653) cursor=(1474,654)
[2026-06-07 14:14:00] [computeCursor] IN: screenSize=(1920,1080) → OUT: cursor=(1470,653) (0ms)
[CURSOR-ABS] handSide=unknown hand=(0.509,0.361) filter=(0.275,0.420) target=(1466,653) cursor=(1471,653)
[2026-06-07 14:14:00] [computeCursor] IN: screenSize=(1920,1080) → OUT: cursor=(1466,652) (0ms)
[CURSOR-ABS] handSide=unknown hand=(0.522,0.408) filter=(0.276,0.420) target=(1462,652) cursor=(1466,653)
[2026-06-07 14:14:00] [computeCursor] IN: screenSize=(1920,1080) → OUT: cursor=(1462,652) (0ms)
[CURSOR-ABS] handSide=unknown hand=(0.523,0.455) filter=(0.277,0.420) target=(1458,652) cursor=(1462,652)
[2026-06-07 14:14:00] [computeCursor] IN: screenSize=(1920,1080) → OUT: cursor=(1457,652) (0ms)
[CURSOR-ABS] handSide=unknown hand=(0.519,0.508) filter=(0.278,0.420) target=(1453,652) cursor=(1458,652)
[2026-06-07 14:14:00] [computeCursor] IN: screenSize=(1920,1080) → OUT: cursor=(1453,652) (0ms)
[CURSOR-ABS] handSide=unknown hand=(0.507,0.560) filter=(0.279,0.421) target=(1449,653) cursor=(1453,652)
[2026-06-07 14:14:00] [computeCursor] IN: screenSize=(1920,1080) → OUT: cursor=(1449,652) (0ms)
[CURSOR-ABS] handSide=unknown hand=(0.485,0.596) filter=(0.279,0.421) target=(1446,653) cursor=(1449,653)
[2026-06-07 14:14:00] [computeCursor] IN: screenSize=(1920,1080) → OUT: cursor=(1445,653) (0ms)
[CURSOR-ABS] handSide=unknown hand=(0.453,0.612) filter=(0.280,0.421) target=(1443,654) cursor=(1446,653)
[2026-06-07 14:14:00] [computeCursor] IN: screenSize=(1920,1080) → OUT: cursor=(1442,653) (0ms)
[CURSOR-ABS] handSide=unknown hand=(0.421,0.605) filter=(0.280,0.421) target=(1440,654) cursor=(1443,654)
[2026-06-07 14:14:00] [computeCursor] IN: screenSize=(1920,1080) → OUT: cursor=(1440,654) (0ms)
[CURSOR-ABS] handSide=unknown hand=(0.388,0.581) filter=(0.281,0.422) target=(1438,655) cursor=(1440,654)
[2026-06-07 14:14:00] [computeCursor] IN: screenSize=(1920,1080) → OUT: cursor=(1438,654) (0ms)
[CURSOR-ABS] handSide=unknown hand=(0.357,0.527) filter=(0.281,0.422) target=(1437,655) cursor=(1438,655)
[2026-06-07 14:14:00] [computeCursor] IN: screenSize=(1920,1080) → OUT: cursor=(1437,655) (0ms)
[CURSOR-ABS] handSide=unknown hand=(0.342,0.465) filter=(0.281,0.422) target=(1436,655) cursor=(1437,655)
[2026-06-07 14:14:00] [computeCursor] IN: screenSize=(1920,1080) → OUT: cursor=(1436,655) (0ms)
[CURSOR-ABS] handSide=unknown hand=(0.345,0.394) filter=(0.282,0.422) target=(1435,655) cursor=(1436,655)
[2026-06-07 14:14:00] [computeCursor] IN: screenSize=(1920,1080) → OUT: cursor=(1434,654) (0ms)
[CURSOR-ABS] handSide=unknown hand=(0.361,0.332) filter=(0.282,0.422) target=(1433,655) cursor=(1435,655)
[2026-06-07 14:14:00] [computeCursor] IN: screenSize=(1920,1080) → OUT: cursor=(1433,654) (0ms)
[CURSOR-ABS] handSide=unknown hand=(0.386,0.290) filter=(0.282,0.421) target=(1431,654) cursor=(1433,655)
[2026-06-07 14:14:00] [computeCursor] IN: screenSize=(1920,1080) → OUT: cursor=(1431,654) (0ms)
[CURSOR-ABS] handSide=unknown hand=(0.421,0.272) filter=(0.283,0.421) target=(1429,653) cursor=(1431,654)
[2026-06-07 14:14:00] [computeCursor] IN: screenSize=(1920,1080) → OUT: cursor=(1428,653) (0ms)
[CURSOR-ABS] handSide=unknown hand=(0.459,0.284) filter=(0.283,0.421) target=(1426,653) cursor=(1429,653)
[2026-06-07 14:14:00] [computeCursor] IN: screenSize=(1920,1080) → OUT: cursor=(1425,652) (0ms)
[CURSOR-ABS] handSide=unknown hand=(0.492,0.305) filter=(0.284,0.421) target=(1422,652) cursor=(1426,653)
[2026-06-07 14:14:00] [computeCursor] IN: screenSize=(1920,1080) → OUT: cursor=(1421,652) (0ms)
[CURSOR-ABS] handSide=unknown hand=(0.509,0.350) filter=(0.285,0.421) target=(1418,652) cursor=(1422,652)
[2026-06-07 14:14:00] [computeCursor] IN: screenSize=(1920,1080) → OUT: cursor=(1417,651) (1ms)
[CURSOR-ABS] handSide=unknown hand=(0.518,0.406) filter=(0.286,0.421) target=(1413,651) cursor=(1418,652)
[2026-06-07 14:14:00] [computeCursor] IN: screenSize=(1920,1080) → OUT: cursor=(1413,651) (0ms)
[CURSOR-ABS] handSide=unknown hand=(0.515,0.459) filter=(0.287,0.421) target=(1409,651) cursor=(1413,651)
[2026-06-07 14:14:00] [computeCursor] IN: screenSize=(1920,1080) → OUT: cursor=(1409,651) (0ms)
[CURSOR-ABS] handSide=unknown hand=(0.507,0.516) filter=(0.288,0.421) target=(1405,652) cursor=(1409,651)
[2026-06-07 14:14:00] [computeCursor] IN: screenSize=(1920,1080) → OUT: cursor=(1405,651) (0ms)
[CURSOR-ABS] handSide=unknown hand=(0.487,0.563) filter=(0.288,0.421) target=(1402,652) cursor=(1405,652)
[2026-06-07 14:14:00] [computeCursor] IN: screenSize=(1920,1080) → OUT: cursor=(1401,651) (0ms)
[CURSOR-ABS] handSide=unknown hand=(0.459,0.584) filter=(0.289,0.421) target=(1398,652) cursor=(1402,652)
[2026-06-07 14:14:00] [computeCursor] IN: screenSize=(1920,1080) → OUT: cursor=(1398,652) (0ms)
[CURSOR-ABS] handSide=unknown hand=(0.424,0.592) filter=(0.290,0.422) target=(1396,653) cursor=(1398,652)
[2026-06-07 14:14:00] [computeCursor] IN: screenSize=(1920,1080) → OUT: cursor=(1396,652) (0ms)
[CURSOR-ABS] handSide=unknown hand=(0.382,0.581) filter=(0.290,0.422) target=(1394,653) cursor=(1396,653)
[2026-06-07 14:14:00] [computeCursor] IN: screenSize=(1920,1080) → OUT: cursor=(1394,653) (0ms)
[CURSOR-ABS] handSide=unknown hand=(0.344,0.535) filter=(0.290,0.422) target=(1394,654) cursor=(1394,653)
[2026-06-07 14:14:00] [computeCursor] IN: screenSize=(1920,1080) → OUT: cursor=(1393,653) (0ms)
[CURSOR-ABS] handSide=unknown hand=(0.309,0.498) filter=(0.290,0.422) target=(1393,654) cursor=(1394,654)
[2026-06-07 14:14:00] [computeCursor] IN: screenSize=(1920,1080) → OUT: cursor=(1393,653) (0ms)
[CURSOR-ABS] handSide=unknown hand=(0.285,0.426) filter=(0.290,0.422) target=(1393,654) cursor=(1393,654)
[2026-06-07 14:14:00] [computeCursor] IN: screenSize=(1920,1080) → OUT: cursor=(1393,653) (0ms)
[CURSOR-ABS] handSide=unknown hand=(0.273,0.354) filter=(0.290,0.422) target=(1394,654) cursor=(1393,654)
[2026-06-07 14:14:00] [computeCursor] IN: screenSize=(1920,1080) → OUT: cursor=(1393,653) (0ms)
[CURSOR-ABS] handSide=unknown hand=(0.277,0.288) filter=(0.290,0.422) target=(1394,653) cursor=(1394,654)
[2026-06-07 14:14:00] [computeCursor] IN: screenSize=(1920,1080) → OUT: cursor=(1393,653) (0ms)
[CURSOR-ABS] handSide=unknown hand=(0.294,0.249) filter=(0.290,0.422) target=(1394,653) cursor=(1394,653)
[2026-06-07 14:14:00] [computeCursor] IN: screenSize=(1920,1080) → OUT: cursor=(1393,652) (0ms)
[CURSOR-ABS] handSide=unknown hand=(0.322,0.233) filter=(0.290,0.421) target=(1393,652) cursor=(1394,653)
[2026-06-07 14:14:00] [computeCursor] IN: screenSize=(1920,1080) → OUT: cursor=(1392,651) (0ms)
[CURSOR-ABS] handSide=unknown hand=(0.356,0.226) filter=(0.290,0.421) target=(1392,651) cursor=(1393,652)
[2026-06-07 14:14:00] [computeCursor] IN: screenSize=(1920,1080) → OUT: cursor=(1391,651) (0ms)
[CURSOR-ABS] handSide=unknown hand=(0.394,0.233) filter=(0.291,0.421) target=(1389,650) cursor=(1392,651)
[2026-06-07 14:14:00] [computeCursor] IN: screenSize=(1920,1080) → OUT: cursor=(1389,650) (0ms)
[CURSOR-ABS] handSide=unknown hand=(0.428,0.247) filter=(0.291,0.421) target=(1387,650) cursor=(1389,650)
[2026-06-07 14:14:00] [computeCursor] IN: screenSize=(1920,1080) → OUT: cursor=(1386,649) (0ms)
[CURSOR-ABS] handSide=unknown hand=(0.466,0.271) filter=(0.292,0.420) target=(1384,649) cursor=(1387,650)
[2026-06-07 14:14:00] [computeCursor] IN: screenSize=(1920,1080) → OUT: cursor=(1383,649) (0ms)
[CURSOR-ABS] handSide=unknown hand=(0.483,0.319) filter=(0.293,0.420) target=(1380,649) cursor=(1384,649)
[2026-06-07 14:14:00] [computeCursor] IN: screenSize=(1920,1080) → OUT: cursor=(1379,648) (0ms)
[CURSOR-ABS] handSide=unknown hand=(0.493,0.376) filter=(0.294,0.420) target=(1377,648) cursor=(1380,649)
[2026-06-07 14:14:00] [computeCursor] IN: screenSize=(1920,1080) → OUT: cursor=(1376,648) (0ms)
[CURSOR-ABS] handSide=unknown hand=(0.491,0.430) filter=(0.294,0.420) target=(1374,648) cursor=(1377,648)
[2026-06-07 14:14:00] [computeCursor] IN: screenSize=(1920,1080) → OUT: cursor=(1373,648) (0ms)
[CURSOR-ABS] handSide=unknown hand=(0.481,0.475) filter=(0.295,0.420) target=(1371,649) cursor=(1374,648)
[2026-06-07 14:14:00] [computeCursor] IN: screenSize=(1920,1080) → OUT: cursor=(1370,648) (0ms)
[CURSOR-ABS] handSide=unknown hand=(0.465,0.510) filter=(0.296,0.420) target=(1368,649) cursor=(1371,649)
[2026-06-07 14:14:00] [computeCursor] IN: screenSize=(1920,1080) → OUT: cursor=(1368,648) (0ms)
[CURSOR-ABS] handSide=unknown hand=(0.441,0.534) filter=(0.296,0.420) target=(1366,649) cursor=(1368,649)
[2026-06-07 14:14:00] [computeCursor] IN: screenSize=(1920,1080) → OUT: cursor=(1366,649) (0ms)
[CURSOR-ABS] handSide=unknown hand=(0.414,0.543) filter=(0.297,0.421) target=(1364,650) cursor=(1366,649)
[2026-06-07 14:14:00] [computeCursor] IN: screenSize=(1920,1080) → OUT: cursor=(1364,649) (0ms)
[CURSOR-ABS] handSide=unknown hand=(0.386,0.544) filter=(0.297,0.421) target=(1363,650) cursor=(1364,650)
[2026-06-07 14:14:00] [computeCursor] IN: screenSize=(1920,1080) → OUT: cursor=(1362,649) (0ms)
[CURSOR-ABS] handSide=unknown hand=(0.354,0.532) filter=(0.297,0.421) target=(1362,650) cursor=(1363,650)
[2026-06-07 14:14:00] [computeCursor] IN: screenSize=(1920,1080) → OUT: cursor=(1361,650) (0ms)
[CURSOR-ABS] handSide=unknown hand=(0.325,0.514) filter=(0.298,0.421) target=(1362,651) cursor=(1362,650)
[2026-06-07 14:14:00] [computeCursor] IN: screenSize=(1920,1080) → OUT: cursor=(1361,650) (0ms)
[CURSOR-ABS] handSide=unknown hand=(0.300,0.477) filter=(0.298,0.421) target=(1362,651) cursor=(1362,651)
[2026-06-07 14:14:00] [computeCursor] IN: screenSize=(1920,1080) → OUT: cursor=(1361,650) (0ms)
[CURSOR-ABS] handSide=unknown hand=(0.281,0.430) filter=(0.297,0.421) target=(1362,651) cursor=(1362,651)
[2026-06-07 14:14:00] [computeCursor] IN: screenSize=(1920,1080) → OUT: cursor=(1361,650) (0ms)
[CURSOR-ABS] handSide=unknown hand=(0.268,0.392) filter=(0.297,0.421) target=(1362,651) cursor=(1362,651)
[2026-06-07 14:14:00] [computeCursor] IN: screenSize=(1920,1080) → OUT: cursor=(1362,650) (0ms)
[CURSOR-ABS] handSide=unknown hand=(0.263,0.349) filter=(0.297,0.421) target=(1363,650) cursor=(1362,651)
[2026-06-07 14:14:00] [computeCursor] IN: screenSize=(1920,1080) → OUT: cursor=(1362,650) (0ms)
[CURSOR-ABS] handSide=unknown hand=(0.273,0.309) filter=(0.297,0.421) target=(1363,650) cursor=(1363,650)
[2026-06-07 14:14:00] [computeCursor] IN: screenSize=(1920,1080) → OUT: cursor=(1363,650) (0ms)
[CURSOR-ABS] handSide=unknown hand=(0.289,0.292) filter=(0.297,0.421) target=(1363,650) cursor=(1363,650)
[2026-06-07 14:14:00] [computeCursor] IN: screenSize=(1920,1080) → OUT: cursor=(1363,649) (0ms)
[CURSOR-ABS] handSide=unknown hand=(0.311,0.283) filter=(0.297,0.421) target=(1363,649) cursor=(1363,650)
[2026-06-07 14:14:00] [computeCursor] IN: screenSize=(1920,1080) → OUT: cursor=(1363,649) (0ms)
[CURSOR-ABS] handSide=unknown hand=(0.344,0.281) filter=(0.297,0.420) target=(1362,649) cursor=(1363,649)
[2026-06-07 14:14:00] [computeCursor] IN: screenSize=(1920,1080) → OUT: cursor=(1362,648) (0ms)
[CURSOR-ABS] handSide=unknown hand=(0.377,0.292) filter=(0.298,0.420) target=(1361,649) cursor=(1362,649)
[2026-06-07 14:14:00] [computeCursor] IN: screenSize=(1920,1080) → OUT: cursor=(1361,648) (0ms)
[CURSOR-ABS] handSide=unknown hand=(0.409,0.312) filter=(0.298,0.420) target=(1360,648) cursor=(1361,649)
[2026-06-07 14:14:00] [computeCursor] IN: screenSize=(1920,1080) → OUT: cursor=(1359,648) (0ms)
[CURSOR-ABS] handSide=unknown hand=(0.435,0.341) filter=(0.299,0.420) target=(1358,648) cursor=(1360,648)
[2026-06-07 14:14:00] [computeCursor] IN: screenSize=(1920,1080) → OUT: cursor=(1357,648) (0ms)
[CURSOR-ABS] handSide=unknown hand=(0.452,0.392) filter=(0.299,0.420) target=(1355,648) cursor=(1358,648)
[2026-06-07 14:14:00] [computeCursor] IN: screenSize=(1920,1080) → OUT: cursor=(1355,647) (0ms)
[CURSOR-ABS] handSide=unknown hand=(0.461,0.434) filter=(0.300,0.420) target=(1353,648) cursor=(1355,648)
[2026-06-07 14:14:00] [computeCursor] IN: screenSize=(1920,1080) → OUT: cursor=(1353,647) (0ms)
[CURSOR-ABS] handSide=unknown hand=(0.462,0.480) filter=(0.300,0.420) target=(1351,648) cursor=(1353,648)
[2026-06-07 14:14:00] [computeCursor] IN: screenSize=(1920,1080) → OUT: cursor=(1350,648) (0ms)
[CURSOR-ABS] handSide=unknown hand=(0.458,0.528) filter=(0.301,0.420) target=(1348,648) cursor=(1351,648)
[2026-06-07 14:14:00] [computeCursor] IN: screenSize=(1920,1080) → OUT: cursor=(1348,648) (0ms)
[CURSOR-ABS] handSide=unknown hand=(0.452,0.558) filter=(0.302,0.420) target=(1346,649) cursor=(1349,648)
[2026-06-07 14:14:00] [computeCursor] IN: screenSize=(1920,1080) → OUT: cursor=(1346,648) (0ms)
[CURSOR-ABS] handSide=unknown hand=(0.444,0.581) filter=(0.302,0.421) target=(1344,649) cursor=(1346,649)
[2026-06-07 14:14:00] [computeCursor] IN: screenSize=(1920,1080) → OUT: cursor=(1344,649) (0ms)
[CURSOR-ABS] handSide=unknown hand=(0.438,0.595) filter=(0.303,0.421) target=(1342,650) cursor=(1344,649)
[2026-06-07 14:14:00] [computeCursor] IN: screenSize=(1920,1080) → OUT: cursor=(1342,649) (0ms)
[CURSOR-ABS] handSide=unknown hand=(0.432,0.601) filter=(0.303,0.421) target=(1340,650) cursor=(1342,650)
[2026-06-07 14:14:00] [computeCursor] IN: screenSize=(1920,1080) → OUT: cursor=(1340,650) (0ms)
[CURSOR-ABS] handSide=unknown hand=(0.428,0.602) filter=(0.304,0.421) target=(1338,651) cursor=(1340,650)
[2026-06-07 14:14:00] [computeCursor] IN: screenSize=(1920,1080) → OUT: cursor=(1338,650) (0ms)
[CURSOR-ABS] handSide=unknown hand=(0.423,0.593) filter=(0.304,0.422) target=(1337,652) cursor=(1338,651)
[2026-06-07 14:14:00] [computeCursor] IN: screenSize=(1920,1080) → OUT: cursor=(1336,651) (0ms)
[CURSOR-ABS] handSide=unknown hand=(0.418,0.585) filter=(0.304,0.422) target=(1335,652) cursor=(1337,652)
[2026-06-07 14:14:00] [computeCursor] IN: screenSize=(1920,1080) → OUT: cursor=(1334,652) (0ms)
[CURSOR-ABS] handSide=unknown hand=(0.411,0.576) filter=(0.305,0.422) target=(1333,653) cursor=(1335,652)
[2026-06-07 14:14:00] [computeCursor] IN: screenSize=(1920,1080) → OUT: cursor=(1333,652) (0ms)
[CURSOR-ABS] handSide=unknown hand=(0.400,0.568) filter=(0.305,0.422) target=(1332,653) cursor=(1333,653)
[2026-06-07 14:14:00] [computeCursor] IN: screenSize=(1920,1080) → OUT: cursor=(1331,653) (0ms)
[CURSOR-ABS] handSide=unknown hand=(0.387,0.559) filter=(0.306,0.423) target=(1330,654) cursor=(1332,653)
[2026-06-07 14:14:00] [computeCursor] IN: screenSize=(1920,1080) → OUT: cursor=(1330,653) (0ms)
[CURSOR-ABS] handSide=unknown hand=(0.376,0.550) filter=(0.306,0.423) target=(1329,654) cursor=(1330,654)
[2026-06-07 14:14:00] [computeCursor] IN: screenSize=(1920,1080) → OUT: cursor=(1329,653) (0ms)
[CURSOR-ABS] handSide=unknown hand=(0.362,0.546) filter=(0.306,0.423) target=(1328,654) cursor=(1329,654)
[2026-06-07 14:14:00] [computeCursor] IN: screenSize=(1920,1080) → OUT: cursor=(1328,654) (0ms)
[CURSOR-ABS] handSide=unknown hand=(0.347,0.538) filter=(0.306,0.423) target=(1328,655) cursor=(1328,654)
[2026-06-07 14:14:00] [computeCursor] IN: screenSize=(1920,1080) → OUT: cursor=(1327,654) (0ms)
[CURSOR-ABS] handSide=unknown hand=(0.332,0.527) filter=(0.306,0.423) target=(1327,655) cursor=(1328,655)
[2026-06-07 14:14:00] [computeCursor] IN: screenSize=(1920,1080) → OUT: cursor=(1327,655) (0ms)
[CURSOR-ABS] handSide=unknown hand=(0.314,0.527) filter=(0.306,0.423) target=(1327,655) cursor=(1327,655)
[2026-06-07 14:14:00] [computeCursor] IN: screenSize=(1920,1080) → OUT: cursor=(1327,655) (0ms)
[CURSOR-ABS] handSide=unknown hand=(0.295,0.524) filter=(0.306,0.424) target=(1327,656) cursor=(1327,655)
[2026-06-07 14:14:00] [computeCursor] IN: screenSize=(1920,1080) → OUT: cursor=(1327,655) (0ms)
[CURSOR-ABS] handSide=unknown hand=(0.276,0.523) filter=(0.306,0.424) target=(1328,656) cursor=(1327,656)
[2026-06-07 14:14:00] [computeCursor] IN: screenSize=(1920,1080) → OUT: cursor=(1327,656) (0ms)
[CURSOR-ABS] handSide=unknown hand=(0.258,0.509) filter=(0.306,0.424) target=(1329,656) cursor=(1328,656)
[2026-06-07 14:14:00] [computeCursor] IN: screenSize=(1920,1080) → OUT: cursor=(1328,656) (0ms)
[CURSOR-ABS] handSide=unknown hand=(0.239,0.507) filter=(0.306,0.424) target=(1330,657) cursor=(1329,656)
[2026-06-07 14:14:00] [computeCursor] IN: screenSize=(1920,1080) → OUT: cursor=(1329,656) (0ms)
[CURSOR-ABS] handSide=unknown hand=(0.222,0.499) filter=(0.306,0.424) target=(1331,657) cursor=(1330,657)
[2026-06-07 14:14:00] [computeCursor] IN: screenSize=(1920,1080) → OUT: cursor=(1330,656) (0ms)
[CURSOR-ABS] handSide=unknown hand=(0.203,0.493) filter=(0.305,0.424) target=(1332,657) cursor=(1331,657)
[2026-06-07 14:14:00] [computeCursor] IN: screenSize=(1920,1080) → OUT: cursor=(1332,657) (0ms)
[CURSOR-ABS] handSide=unknown hand=(0.187,0.492) filter=(0.305,0.424) target=(1334,657) cursor=(1332,657)
[2026-06-07 14:14:00] [computeCursor] IN: screenSize=(1920,1080) → OUT: cursor=(1334,657) (0ms)
[CURSOR-ABS] handSide=unknown hand=(0.170,0.495) filter=(0.304,0.424) target=(1336,658) cursor=(1334,657)
[2026-06-07 14:14:00] [computeCursor] IN: screenSize=(1920,1080) → OUT: cursor=(1336,657) (0ms)
[CURSOR-ABS] handSide=unknown hand=(0.151,0.507) filter=(0.304,0.425) target=(1339,658) cursor=(1336,658)
[2026-06-07 14:14:00] [computeCursor] IN: screenSize=(1920,1080) → OUT: cursor=(1338,657) (0ms)
[CURSOR-ABS] handSide=unknown hand=(0.137,0.508) filter=(0.303,0.425) target=(1341,658) cursor=(1339,658)
[2026-06-07 14:14:00] [computeCursor] IN: screenSize=(1920,1080) → OUT: cursor=(1340,658) (0ms)
[CURSOR-ABS] handSide=unknown hand=(0.126,0.511) filter=(0.302,0.425) target=(1344,658) cursor=(1341,658)
[2026-06-07 14:14:00] [computeCursor] IN: screenSize=(1920,1080) → OUT: cursor=(1343,658) (0ms)
[CURSOR-ABS] handSide=unknown hand=(0.120,0.520) filter=(0.302,0.425) target=(1346,659) cursor=(1344,658)
[2026-06-07 14:14:00] [computeCursor] IN: screenSize=(1920,1080) → OUT: cursor=(1346,658) (0ms)
[CURSOR-ABS] handSide=unknown hand=(0.117,0.537) filter=(0.301,0.425) target=(1349,659) cursor=(1346,659)
[2026-06-07 14:14:00] [computeCursor] IN: screenSize=(1920,1080) → OUT: cursor=(1348,659) (0ms)
[CURSOR-ABS] handSide=unknown hand=(0.121,0.554) filter=(0.300,0.425) target=(1351,660) cursor=(1349,659)
[2026-06-07 14:14:00] [computeCursor] IN: screenSize=(1920,1080) → OUT: cursor=(1351,659) (0ms)
[CURSOR-ABS] handSide=unknown hand=(0.122,0.584) filter=(0.300,0.426) target=(1354,660) cursor=(1351,660)
[2026-06-07 14:14:00] [computeCursor] IN: screenSize=(1920,1080) → OUT: cursor=(1353,660) (0ms)
[CURSOR-ABS] handSide=unknown hand=(0.130,0.602) filter=(0.299,0.426) target=(1356,661) cursor=(1354,660)
[2026-06-07 14:14:00] [computeCursor] IN: screenSize=(1920,1080) → OUT: cursor=(1356,660) (0ms)
[CURSOR-ABS] handSide=unknown hand=(0.139,0.621) filter=(0.298,0.426) target=(1359,662) cursor=(1356,661)
[2026-06-07 14:14:00] [computeCursor] IN: screenSize=(1920,1080) → OUT: cursor=(1358,661) (0ms)
[CURSOR-ABS] handSide=unknown hand=(0.150,0.646) filter=(0.298,0.427) target=(1361,662) cursor=(1359,661)
[2026-06-07 14:14:00] [computeCursor] IN: screenSize=(1920,1080) → OUT: cursor=(1360,662) (0ms)
[CURSOR-ABS] handSide=unknown hand=(0.160,0.666) filter=(0.297,0.427) target=(1363,663) cursor=(1361,662)
[2026-06-07 14:14:00] [computeCursor] IN: screenSize=(1920,1080) → OUT: cursor=(1362,663) (0ms)
[CURSOR-ABS] handSide=unknown hand=(0.169,0.690) filter=(0.297,0.427) target=(1365,664) cursor=(1363,663)
[2026-06-07 14:14:00] [computeCursor] IN: screenSize=(1920,1080) → OUT: cursor=(1364,664) (0ms)
[CURSOR-ABS] handSide=unknown hand=(0.180,0.706) filter=(0.296,0.428) target=(1367,665) cursor=(1365,664)
[2026-06-07 14:14:00] [computeCursor] IN: screenSize=(1920,1080) → OUT: cursor=(1366,665) (0ms)
[CURSOR-ABS] handSide=unknown hand=(0.194,0.721) filter=(0.296,0.428) target=(1369,667) cursor=(1367,665)
[2026-06-07 14:14:00] [computeCursor] IN: screenSize=(1920,1080) → OUT: cursor=(1368,666) (0ms)
[CURSOR-ABS] handSide=unknown hand=(0.213,0.711) filter=(0.296,0.429) target=(1370,668) cursor=(1369,667)
[2026-06-07 14:14:00] [computeCursor] IN: screenSize=(1920,1080) → OUT: cursor=(1370,667) (0ms)
[CURSOR-ABS] handSide=unknown hand=(0.231,0.742) filter=(0.295,0.430) target=(1372,669) cursor=(1370,668)
[2026-06-07 14:14:00] [computeCursor] IN: screenSize=(1920,1080) → OUT: cursor=(1371,669) (0ms)
[CURSOR-ABS] handSide=unknown hand=(0.255,0.744) filter=(0.295,0.430) target=(1373,671) cursor=(1372,669)
[2026-06-07 14:14:00] [computeCursor] IN: screenSize=(1920,1080) → OUT: cursor=(1372,670) (0ms)
[CURSOR-ABS] handSide=unknown hand=(0.277,0.750) filter=(0.295,0.431) target=(1373,672) cursor=(1373,671)
[2026-06-07 14:14:00] [computeCursor] IN: screenSize=(1920,1080) → OUT: cursor=(1373,672) (0ms)
[CURSOR-ABS] handSide=unknown hand=(0.305,0.734) filter=(0.295,0.431) target=(1373,673) cursor=(1373,672)
[2026-06-07 14:14:00] [computeCursor] IN: screenSize=(1920,1080) → OUT: cursor=(1373,673) (0ms)
[CURSOR-ABS] handSide=unknown hand=(0.330,0.736) filter=(0.295,0.432) target=(1373,675) cursor=(1373,673)
[2026-06-07 14:14:00] [computeCursor] IN: screenSize=(1920,1080) → OUT: cursor=(1373,674) (0ms)
[CURSOR-ABS] handSide=unknown hand=(0.359,0.731) filter=(0.296,0.432) target=(1372,676) cursor=(1373,675)
[2026-06-07 14:14:00] [computeCursor] IN: screenSize=(1920,1080) → OUT: cursor=(1372,675) (0ms)
[CURSOR-ABS] handSide=unknown hand=(0.389,0.719) filter=(0.296,0.433) target=(1371,677) cursor=(1372,676)
[2026-06-07 14:14:00] [computeCursor] IN: screenSize=(1920,1080) → OUT: cursor=(1370,677) (0ms)
[CURSOR-ABS] handSide=unknown hand=(0.421,0.699) filter=(0.296,0.434) target=(1369,678) cursor=(1371,677)
[2026-06-07 14:14:00] [computeCursor] IN: screenSize=(1920,1080) → OUT: cursor=(1368,678) (0ms)
[CURSOR-ABS] handSide=unknown hand=(0.456,0.676) filter=(0.297,0.434) target=(1366,679) cursor=(1369,678)
[2026-06-07 14:14:00] [computeCursor] IN: screenSize=(1920,1080) → OUT: cursor=(1366,679) (0ms)
[CURSOR-ABS] handSide=unknown hand=(0.494,0.656) filter=(0.298,0.434) target=(1363,680) cursor=(1366,679)
[2026-06-07 14:14:00] [computeCursor] IN: screenSize=(1920,1080) → OUT: cursor=(1363,680) (0ms)
[CURSOR-ABS] handSide=unknown hand=(0.530,0.629) filter=(0.299,0.435) target=(1360,681) cursor=(1363,680)
[2026-06-07 14:14:00] [computeCursor] IN: screenSize=(1920,1080) → OUT: cursor=(1359,680) (0ms)
[CURSOR-ABS] handSide=unknown hand=(0.568,0.594) filter=(0.300,0.435) target=(1355,681) cursor=(1360,681)
[2026-06-07 14:14:00] [computeCursor] IN: screenSize=(1920,1080) → OUT: cursor=(1355,681) (0ms)
[CURSOR-ABS] handSide=unknown hand=(0.599,0.541) filter=(0.301,0.435) target=(1350,682) cursor=(1355,681)
[2026-06-07 14:14:00] [computeCursor] IN: screenSize=(1920,1080) → OUT: cursor=(1350,681) (0ms)
[CURSOR-ABS] handSide=unknown hand=(0.629,0.514) filter=(0.302,0.436) target=(1345,682) cursor=(1350,682)
[2026-06-07 14:14:00] [computeCursor] IN: screenSize=(1920,1080) → OUT: cursor=(1344,681) (0ms)
[CURSOR-ABS] handSide=unknown hand=(0.650,0.479) filter=(0.303,0.436) target=(1340,682) cursor=(1345,682)
[2026-06-07 14:14:00] [computeCursor] IN: screenSize=(1920,1080) → OUT: cursor=(1339,681) (0ms)
[CURSOR-ABS] handSide=unknown hand=(0.663,0.420) filter=(0.305,0.436) target=(1335,682) cursor=(1340,682)
[2026-06-07 14:14:00] [computeCursor] IN: screenSize=(1920,1080) → OUT: cursor=(1334,681) (0ms)
[CURSOR-ABS] handSide=unknown hand=(0.647,0.376) filter=(0.306,0.435) target=(1330,682) cursor=(1335,682)
[2026-06-07 14:14:00] [computeCursor] IN: screenSize=(1920,1080) → OUT: cursor=(1329,681) (0ms)
[CURSOR-ABS] handSide=unknown hand=(0.618,0.353) filter=(0.307,0.435) target=(1325,681) cursor=(1330,682)
[2026-06-07 14:14:00] [computeCursor] IN: screenSize=(1920,1080) → OUT: cursor=(1325,681) (0ms)
[CURSOR-ABS] handSide=unknown hand=(0.582,0.277) filter=(0.308,0.435) target=(1321,681) cursor=(1325,681)
[2026-06-07 14:14:00] [computeCursor] IN: screenSize=(1920,1080) → OUT: cursor=(1321,680) (0ms)
[CURSOR-ABS] handSide=unknown hand=(0.561,0.243) filter=(0.309,0.435) target=(1317,680) cursor=(1321,681)
[2026-06-07 14:14:00] [computeCursor] IN: screenSize=(1920,1080) → OUT: cursor=(1317,679) (0ms)
[CURSOR-ABS] handSide=unknown hand=(0.411,0.546) filter=(0.309,0.435) target=(1316,680) cursor=(1317,680)
[2026-06-07 14:14:00] [computeCursor] IN: screenSize=(1920,1080) → OUT: cursor=(1315,680) (0ms)
[CURSOR-ABS] handSide=unknown hand=(0.431,0.545) filter=(0.310,0.435) target=(1314,681) cursor=(1316,680)
[2026-06-07 14:14:00] [computeCursor] IN: screenSize=(1920,1080) → OUT: cursor=(1314,680) (0ms)
[CURSOR-ABS] handSide=unknown hand=(0.451,0.551) filter=(0.310,0.435) target=(1312,681) cursor=(1314,681)
[2026-06-07 14:14:00] [computeCursor] IN: screenSize=(1920,1080) → OUT: cursor=(1311,681) (0ms)
[CURSOR-ABS] handSide=unknown hand=(0.471,0.556) filter=(0.311,0.436) target=(1310,682) cursor=(1312,681)
[2026-06-07 14:14:00] [computeCursor] IN: screenSize=(1920,1080) → OUT: cursor=(1309,681) (0ms)
[CURSOR-ABS] handSide=unknown hand=(0.494,0.555) filter=(0.312,0.436) target=(1307,682) cursor=(1310,682)
[2026-06-07 14:14:00] [computeCursor] IN: screenSize=(1920,1080) → OUT: cursor=(1306,682) (0ms)
[CURSOR-ABS] handSide=unknown hand=(0.514,0.551) filter=(0.313,0.436) target=(1304,683) cursor=(1307,682)
[2026-06-07 14:14:00] [computeCursor] IN: screenSize=(1920,1080) → OUT: cursor=(1303,682) (0ms)
[CURSOR-ABS] handSide=unknown hand=(0.539,0.545) filter=(0.313,0.436) target=(1300,683) cursor=(1304,683)
[2026-06-07 14:14:00] [computeCursor] IN: screenSize=(1920,1080) → OUT: cursor=(1300,683) (0ms)
[CURSOR-ABS] handSide=unknown hand=(0.561,0.536) filter=(0.314,0.436) target=(1297,684) cursor=(1300,683)
[2026-06-07 14:14:00] [computeCursor] IN: screenSize=(1920,1080) → OUT: cursor=(1296,683) (0ms)
[CURSOR-ABS] handSide=unknown hand=(0.583,0.520) filter=(0.316,0.437) target=(1292,684) cursor=(1297,684)
[2026-06-07 14:14:00] [computeCursor] IN: screenSize=(1920,1080) → OUT: cursor=(1292,684) (0ms)
[CURSOR-ABS] handSide=unknown hand=(0.605,0.503) filter=(0.317,0.437) target=(1288,684) cursor=(1292,684)
[2026-06-07 14:14:00] [computeCursor] IN: screenSize=(1920,1080) → OUT: cursor=(1288,684) (0ms)
[CURSOR-ABS] handSide=unknown hand=(0.621,0.476) filter=(0.318,0.437) target=(1283,685) cursor=(1288,684)
[2026-06-07 14:14:00] [computeCursor] IN: screenSize=(1920,1080) → OUT: cursor=(1283,684) (0ms)
[CURSOR-ABS] handSide=unknown hand=(0.633,0.455) filter=(0.319,0.437) target=(1278,685) cursor=(1283,685)
[2026-06-07 14:14:00] [computeCursor] IN: screenSize=(1920,1080) → OUT: cursor=(1278,684) (0ms)
[CURSOR-ABS] handSide=unknown hand=(0.639,0.440) filter=(0.321,0.437) target=(1273,685) cursor=(1278,685)
[2026-06-07 14:14:00] [computeCursor] IN: screenSize=(1920,1080) → OUT: cursor=(1273,684) (0ms)
[CURSOR-ABS] handSide=unknown hand=(0.639,0.441) filter=(0.322,0.437) target=(1268,685) cursor=(1273,685)
[2026-06-07 14:14:00] [computeCursor] IN: screenSize=(1920,1080) → OUT: cursor=(1268,684) (0ms)
[CURSOR-ABS] handSide=unknown hand=(0.632,0.450) filter=(0.323,0.437) target=(1263,685) cursor=(1268,685)
[2026-06-07 14:14:00] [computeCursor] IN: screenSize=(1920,1080) → OUT: cursor=(1263,684) (0ms)
[CURSOR-ABS] handSide=unknown hand=(0.620,0.465) filter=(0.324,0.437) target=(1259,685) cursor=(1263,685)
[2026-06-07 14:14:00] [computeCursor] IN: screenSize=(1920,1080) → OUT: cursor=(1258,684) (0ms)
[CURSOR-ABS] handSide=unknown hand=(0.604,0.478) filter=(0.326,0.437) target=(1254,685) cursor=(1259,685)
[2026-06-07 14:14:00] [computeCursor] IN: screenSize=(1920,1080) → OUT: cursor=(1254,685) (0ms)
[CURSOR-ABS] handSide=unknown hand=(0.583,0.485) filter=(0.327,0.437) target=(1250,685) cursor=(1254,685)
[2026-06-07 14:14:00] [computeCursor] IN: screenSize=(1920,1080) → OUT: cursor=(1249,685) (0ms)
[CURSOR-ABS] handSide=unknown hand=(0.559,0.496) filter=(0.328,0.437) target=(1246,686) cursor=(1250,685)
[2026-06-07 14:14:00] [computeCursor] IN: screenSize=(1920,1080) → OUT: cursor=(1246,685) (0ms)
[CURSOR-ABS] handSide=unknown hand=(0.532,0.505) filter=(0.328,0.437) target=(1243,686) cursor=(1246,686)
[2026-06-07 14:14:00] [computeCursor] IN: screenSize=(1920,1080) → OUT: cursor=(1242,685) (0ms)
[CURSOR-ABS] handSide=unknown hand=(0.509,0.513) filter=(0.329,0.438) target=(1240,686) cursor=(1243,686)
[2026-06-07 14:14:00] [computeCursor] IN: screenSize=(1920,1080) → OUT: cursor=(1239,686) (0ms)
[CURSOR-ABS] handSide=unknown hand=(0.478,0.526) filter=(0.330,0.438) target=(1237,687) cursor=(1240,686)
[2026-06-07 14:14:00] [computeCursor] IN: screenSize=(1920,1080) → OUT: cursor=(1237,686) (0ms)
[CURSOR-ABS] handSide=unknown hand=(0.452,0.535) filter=(0.330,0.438) target=(1235,687) cursor=(1237,687)
[2026-06-07 14:14:00] [computeCursor] IN: screenSize=(1920,1080) → OUT: cursor=(1235,687) (0ms)
[CURSOR-ABS] handSide=unknown hand=(0.424,0.546) filter=(0.331,0.438) target=(1234,688) cursor=(1235,687)
[2026-06-07 14:14:00] [computeCursor] IN: screenSize=(1920,1080) → OUT: cursor=(1233,687) (0ms)
[CURSOR-ABS] handSide=unknown hand=(0.396,0.551) filter=(0.331,0.438) target=(1233,688) cursor=(1234,688)
[2026-06-07 14:14:00] [computeCursor] IN: screenSize=(1920,1080) → OUT: cursor=(1232,688) (0ms)
[CURSOR-ABS] handSide=unknown hand=(0.372,0.560) filter=(0.331,0.439) target=(1232,689) cursor=(1233,688)
[2026-06-07 14:14:00] [computeCursor] IN: screenSize=(1920,1080) → OUT: cursor=(1231,688) (1ms)
[CURSOR-ABS] handSide=unknown hand=(0.345,0.564) filter=(0.331,0.439) target=(1232,689) cursor=(1232,689)
[2026-06-07 14:14:00] [computeCursor] IN: screenSize=(1920,1080) → OUT: cursor=(1231,689) (0ms)
[CURSOR-ABS] handSide=unknown hand=(0.321,0.563) filter=(0.331,0.439) target=(1232,690) cursor=(1232,689)
[2026-06-07 14:14:00] [computeCursor] IN: screenSize=(1920,1080) → OUT: cursor=(1231,689) (0ms)
[CURSOR-ABS] handSide=unknown hand=(0.299,0.572) filter=(0.331,0.440) target=(1232,690) cursor=(1232,690)
[2026-06-07 14:14:00] [computeCursor] IN: screenSize=(1920,1080) → OUT: cursor=(1232,690) (0ms)
[CURSOR-ABS] handSide=unknown hand=(0.281,0.579) filter=(0.331,0.440) target=(1233,691) cursor=(1232,690)
[2026-06-07 14:14:00] [computeCursor] IN: screenSize=(1920,1080) → OUT: cursor=(1233,691) (1ms)
[CURSOR-ABS] handSide=unknown hand=(0.260,0.581) filter=(0.331,0.440) target=(1234,692) cursor=(1233,691)
[2026-06-07 14:14:00] [computeCursor] IN: screenSize=(1920,1080) → OUT: cursor=(1234,691) (0ms)
[CURSOR-ABS] handSide=unknown hand=(0.243,0.573) filter=(0.330,0.440) target=(1236,692) cursor=(1234,692)
[2026-06-07 14:14:00] [computeCursor] IN: screenSize=(1920,1080) → OUT: cursor=(1235,692) (0ms)
[CURSOR-ABS] handSide=unknown hand=(0.225,0.569) filter=(0.330,0.441) target=(1238,693) cursor=(1236,692)
[2026-06-07 14:14:00] [computeCursor] IN: screenSize=(1920,1080) → OUT: cursor=(1237,692) (0ms)
[CURSOR-ABS] handSide=unknown hand=(0.207,0.568) filter=(0.329,0.441) target=(1240,694) cursor=(1238,693)
[2026-06-07 14:14:00] [computeCursor] IN: screenSize=(1920,1080) → OUT: cursor=(1239,693) (0ms)
[CURSOR-ABS] handSide=unknown hand=(0.191,0.566) filter=(0.329,0.441) target=(1242,694) cursor=(1240,694)
[2026-06-07 14:14:00] [computeCursor] IN: screenSize=(1920,1080) → OUT: cursor=(1241,694) (0ms)
[CURSOR-ABS] handSide=unknown hand=(0.175,0.565) filter=(0.328,0.442) target=(1244,695) cursor=(1242,694)
[2026-06-07 14:14:00] [computeCursor] IN: screenSize=(1920,1080) → OUT: cursor=(1244,694) (0ms)
[CURSOR-ABS] handSide=unknown hand=(0.160,0.565) filter=(0.327,0.442) target=(1247,695) cursor=(1244,695)
[2026-06-07 14:14:00] [computeCursor] IN: screenSize=(1920,1080) → OUT: cursor=(1247,695) (0ms)
[CURSOR-ABS] handSide=unknown hand=(0.147,0.564) filter=(0.327,0.442) target=(1250,696) cursor=(1247,695)
[2026-06-07 14:14:00] [computeCursor] IN: screenSize=(1920,1080) → OUT: cursor=(1249,696) (0ms)
[CURSOR-ABS] handSide=unknown hand=(0.130,0.570) filter=(0.326,0.442) target=(1253,697) cursor=(1250,696)
[2026-06-07 14:14:00] [computeCursor] IN: screenSize=(1920,1080) → OUT: cursor=(1253,696) (0ms)
[CURSOR-ABS] handSide=unknown hand=(0.116,0.565) filter=(0.325,0.443) target=(1256,697) cursor=(1253,697)
[2026-06-07 14:14:00] [computeCursor] IN: screenSize=(1920,1080) → OUT: cursor=(1256,697) (0ms)
[CURSOR-ABS] handSide=unknown hand=(0.103,0.558) filter=(0.324,0.443) target=(1260,698) cursor=(1256,697)
[2026-06-07 14:14:00] [computeCursor] IN: screenSize=(1920,1080) → OUT: cursor=(1259,697) (0ms)
[CURSOR-ABS] handSide=unknown hand=(0.090,0.549) filter=(0.323,0.443) target=(1264,698) cursor=(1260,698)
[2026-06-07 14:14:00] [computeCursor] IN: screenSize=(1920,1080) → OUT: cursor=(1263,698) (0ms)
[CURSOR-ABS] handSide=unknown hand=(0.082,0.531) filter=(0.322,0.443) target=(1268,699) cursor=(1264,698)
[2026-06-07 14:14:00] [computeCursor] IN: screenSize=(1920,1080) → OUT: cursor=(1267,698) (0ms)
[CURSOR-ABS] handSide=unknown hand=(0.077,0.516) filter=(0.321,0.444) target=(1271,699) cursor=(1268,699)
[2026-06-07 14:14:00] [computeCursor] IN: screenSize=(1920,1080) → OUT: cursor=(1271,699) (0ms)
[CURSOR-ABS] handSide=unknown hand=(0.071,0.493) filter=(0.320,0.444) target=(1275,699) cursor=(1271,699)
[2026-06-07 14:14:00] [computeCursor] IN: screenSize=(1920,1080) → OUT: cursor=(1275,699) (0ms)
[CURSOR-ABS] handSide=unknown hand=(0.067,0.476) filter=(0.319,0.444) target=(1279,700) cursor=(1275,699)
[2026-06-07 14:14:00] [computeCursor] IN: screenSize=(1920,1080) → OUT: cursor=(1279,699) (0ms)
[CURSOR-ABS] handSide=unknown hand=(0.070,0.444) filter=(0.318,0.444) target=(1283,700) cursor=(1279,700)
[2026-06-07 14:14:00] [computeCursor] IN: screenSize=(1920,1080) → OUT: cursor=(1282,699) (0ms)
[CURSOR-ABS] handSide=unknown hand=(0.072,0.411) filter=(0.317,0.444) target=(1287,699) cursor=(1283,700)
[2026-06-07 14:14:00] [computeCursor] IN: screenSize=(1920,1080) → OUT: cursor=(1286,699) (0ms)
[CURSOR-ABS] handSide=unknown hand=(0.080,0.374) filter=(0.316,0.444) target=(1290,699) cursor=(1287,699)
[2026-06-07 14:14:00] [computeCursor] IN: screenSize=(1920,1080) → OUT: cursor=(1290,699) (0ms)
[CURSOR-ABS] handSide=unknown hand=(0.088,0.335) filter=(0.315,0.443) target=(1294,699) cursor=(1290,699)
[2026-06-07 14:14:00] [computeCursor] IN: screenSize=(1920,1080) → OUT: cursor=(1293,698) (0ms)
[CURSOR-ABS] handSide=unknown hand=(0.106,0.294) filter=(0.314,0.443) target=(1297,698) cursor=(1294,699)
[2026-06-07 14:14:00] [computeCursor] IN: screenSize=(1920,1080) → OUT: cursor=(1296,697) (0ms)
[CURSOR-ABS] handSide=unknown hand=(0.121,0.267) filter=(0.314,0.443) target=(1300,697) cursor=(1297,698)
[2026-06-07 14:14:00] [computeCursor] IN: screenSize=(1920,1080) → OUT: cursor=(1299,696) (0ms)
[CURSOR-ABS] handSide=unknown hand=(0.146,0.230) filter=(0.313,0.442) target=(1302,696) cursor=(1300,697)
[2026-06-07 14:14:00] [computeCursor] IN: screenSize=(1920,1080) → OUT: cursor=(1302,695) (0ms)
[CURSOR-ABS] handSide=unknown hand=(0.169,0.201) filter=(0.312,0.442) target=(1305,695) cursor=(1302,696)
[2026-06-07 14:14:00] [computeCursor] IN: screenSize=(1920,1080) → OUT: cursor=(1304,694) (0ms)
[CURSOR-ABS] handSide=unknown hand=(0.193,0.170) filter=(0.312,0.441) target=(1306,693) cursor=(1305,695)
[2026-06-07 14:14:00] [computeCursor] IN: screenSize=(1920,1080) → OUT: cursor=(1306,693) (0ms)
[CURSOR-ABS] handSide=unknown hand=(0.220,0.147) filter=(0.312,0.440) target=(1308,692) cursor=(1306,693)
[2026-06-07 14:14:00] [computeCursor] IN: screenSize=(1920,1080) → OUT: cursor=(1307,692) (0ms)
[CURSOR-ABS] handSide=unknown hand=(0.271,0.168) filter=(0.311,0.440) target=(1308,691) cursor=(1308,692)
[2026-06-07 14:14:00] [computeCursor] IN: screenSize=(1920,1080) → OUT: cursor=(1308,690) (0ms)
[CURSOR-ABS] handSide=unknown hand=(0.299,0.171) filter=(0.311,0.439) target=(1308,690) cursor=(1308,691)
[2026-06-07 14:14:00] [computeCursor] IN: screenSize=(1920,1080) → OUT: cursor=(1308,689) (0ms)
[CURSOR-ABS] handSide=unknown hand=(0.327,0.175) filter=(0.311,0.439) target=(1308,688) cursor=(1308,690)
[2026-06-07 14:14:00] [computeCursor] IN: screenSize=(1920,1080) → OUT: cursor=(1308,688) (0ms)
[CURSOR-ABS] handSide=unknown hand=(0.352,0.212) filter=(0.312,0.438) target=(1308,687) cursor=(1308,688)
[2026-06-07 14:14:00] [computeCursor] IN: screenSize=(1920,1080) → OUT: cursor=(1307,687) (0ms)
[CURSOR-ABS] handSide=unknown hand=(0.371,0.238) filter=(0.312,0.437) target=(1306,685) cursor=(1308,687)
[2026-06-07 14:14:00] [computeCursor] IN: screenSize=(1920,1080) → OUT: cursor=(1305,685) (0ms)
[CURSOR-ABS] handSide=unknown hand=(0.387,0.261) filter=(0.312,0.437) target=(1305,685) cursor=(1306,685)
[2026-06-07 14:14:00] [computeCursor] IN: screenSize=(1920,1080) → OUT: cursor=(1304,684) (0ms)
[CURSOR-ABS] handSide=unknown hand=(0.400,0.297) filter=(0.313,0.437) target=(1303,684) cursor=(1305,685)
[2026-06-07 14:14:00] [computeCursor] IN: screenSize=(1920,1080) → OUT: cursor=(1303,684) (0ms)
[CURSOR-ABS] handSide=unknown hand=(0.407,0.330) filter=(0.313,0.436) target=(1302,684) cursor=(1303,684)
[2026-06-07 14:14:00] [computeCursor] IN: screenSize=(1920,1080) → OUT: cursor=(1302,683) (0ms)
[CURSOR-ABS] handSide=unknown hand=(0.412,0.370) filter=(0.313,0.436) target=(1301,683) cursor=(1302,684)
[2026-06-07 14:14:00] [computeCursor] IN: screenSize=(1920,1080) → OUT: cursor=(1300,683) (0ms)
[CURSOR-ABS] handSide=unknown hand=(0.410,0.405) filter=(0.314,0.436) target=(1299,683) cursor=(1301,683)
[2026-06-07 14:14:00] [computeCursor] IN: screenSize=(1920,1080) → OUT: cursor=(1299,683) (0ms)
[CURSOR-ABS] handSide=unknown hand=(0.406,0.440) filter=(0.314,0.436) target=(1298,683) cursor=(1299,683)
[2026-06-07 14:14:00] [computeCursor] IN: screenSize=(1920,1080) → OUT: cursor=(1297,683) (0ms)
[CURSOR-ABS] handSide=unknown hand=(0.400,0.465) filter=(0.315,0.436) target=(1296,683) cursor=(1298,683)
[2026-06-07 14:14:00] [computeCursor] IN: screenSize=(1920,1080) → OUT: cursor=(1296,683) (0ms)
[CURSOR-ABS] handSide=unknown hand=(0.389,0.484) filter=(0.315,0.436) target=(1295,683) cursor=(1296,683)
[2026-06-07 14:14:00] [computeCursor] IN: screenSize=(1920,1080) → OUT: cursor=(1295,683) (0ms)
[CURSOR-ABS] handSide=unknown hand=(0.378,0.502) filter=(0.315,0.436) target=(1294,684) cursor=(1295,683)
[2026-06-07 14:14:00] [computeCursor] IN: screenSize=(1920,1080) → OUT: cursor=(1294,683) (0ms)
[CURSOR-ABS] handSide=unknown hand=(0.369,0.523) filter=(0.315,0.437) target=(1294,684) cursor=(1294,684)
[2026-06-07 14:14:00] [computeCursor] IN: screenSize=(1920,1080) → OUT: cursor=(1293,684) (0ms)
[CURSOR-ABS] handSide=unknown hand=(0.354,0.535) filter=(0.315,0.437) target=(1293,685) cursor=(1294,684)
[2026-06-07 14:14:00] [computeCursor] IN: screenSize=(1920,1080) → OUT: cursor=(1293,684) (0ms)
[CURSOR-ABS] handSide=unknown hand=(0.337,0.547) filter=(0.315,0.437) target=(1293,685) cursor=(1293,685)
[2026-06-07 14:14:00] [computeCursor] IN: screenSize=(1920,1080) → OUT: cursor=(1292,684) (0ms)
[CURSOR-ABS] handSide=unknown hand=(0.320,0.556) filter=(0.315,0.437) target=(1293,685) cursor=(1293,685)
[2026-06-07 14:14:00] [computeCursor] IN: screenSize=(1920,1080) → OUT: cursor=(1292,685) (0ms)
[CURSOR-ABS] handSide=unknown hand=(0.304,0.568) filter=(0.315,0.438) target=(1293,686) cursor=(1293,685)
[2026-06-07 14:14:00] [computeCursor] IN: screenSize=(1920,1080) → OUT: cursor=(1292,686) (0ms)
[CURSOR-ABS] handSide=unknown hand=(0.290,0.577) filter=(0.315,0.438) target=(1293,687) cursor=(1293,686)
[2026-06-07 14:14:00] [computeCursor] IN: screenSize=(1920,1080) → OUT: cursor=(1293,686) (0ms)
[CURSOR-ABS] handSide=unknown hand=(0.275,0.581) filter=(0.315,0.438) target=(1294,687) cursor=(1293,687)
[2026-06-07 14:14:00] [computeCursor] IN: screenSize=(1920,1080) → OUT: cursor=(1293,687) (0ms)
[CURSOR-ABS] handSide=unknown hand=(0.257,0.586) filter=(0.315,0.438) target=(1295,688) cursor=(1294,687)
[2026-06-07 14:14:00] [computeCursor] IN: screenSize=(1920,1080) → OUT: cursor=(1294,687) (0ms)
[CURSOR-ABS] handSide=unknown hand=(0.239,0.580) filter=(0.315,0.439) target=(1296,689) cursor=(1295,688)
[2026-06-07 14:14:00] [computeCursor] IN: screenSize=(1920,1080) → OUT: cursor=(1295,688) (0ms)
[CURSOR-ABS] handSide=unknown hand=(0.220,0.567) filter=(0.314,0.439) target=(1297,689) cursor=(1296,689)
[2026-06-07 14:14:00] [computeCursor] IN: screenSize=(1920,1080) → OUT: cursor=(1296,689) (0ms)
[CURSOR-ABS] handSide=unknown hand=(0.201,0.552) filter=(0.314,0.439) target=(1299,690) cursor=(1297,689)
[2026-06-07 14:14:00] [computeCursor] IN: screenSize=(1920,1080) → OUT: cursor=(1298,689) (0ms)
[CURSOR-ABS] handSide=unknown hand=(0.183,0.532) filter=(0.313,0.439) target=(1300,690) cursor=(1299,690)
[2026-06-07 14:14:00] [computeCursor] IN: screenSize=(1920,1080) → OUT: cursor=(1300,689) (0ms)
[CURSOR-ABS] handSide=unknown hand=(0.168,0.503) filter=(0.313,0.440) target=(1302,690) cursor=(1300,690)
[2026-06-07 14:14:00] [computeCursor] IN: screenSize=(1920,1080) → OUT: cursor=(1302,690) (0ms)
[CURSOR-ABS] handSide=unknown hand=(0.158,0.471) filter=(0.312,0.440) target=(1305,690) cursor=(1302,690)
[2026-06-07 14:14:00] [computeCursor] IN: screenSize=(1920,1080) → OUT: cursor=(1304,690) (0ms)
[CURSOR-ABS] handSide=unknown hand=(0.157,0.433) filter=(0.312,0.440) target=(1307,690) cursor=(1305,690)
[2026-06-07 14:14:00] [computeCursor] IN: screenSize=(1920,1080) → OUT: cursor=(1306,690) (0ms)
[CURSOR-ABS] handSide=unknown hand=(0.160,0.392) filter=(0.311,0.439) target=(1309,690) cursor=(1307,690)
[2026-06-07 14:14:00] [computeCursor] IN: screenSize=(1920,1080) → OUT: cursor=(1308,690) (0ms)
[CURSOR-ABS] handSide=unknown hand=(0.167,0.366) filter=(0.311,0.439) target=(1311,690) cursor=(1309,690)
[2026-06-07 14:14:00] [computeCursor] IN: screenSize=(1920,1080) → OUT: cursor=(1310,689) (0ms)
[CURSOR-ABS] handSide=unknown hand=(0.184,0.334) filter=(0.310,0.439) target=(1312,689) cursor=(1311,690)
[2026-06-07 14:14:00] [computeCursor] IN: screenSize=(1920,1080) → OUT: cursor=(1312,689) (0ms)
[CURSOR-ABS] handSide=unknown hand=(0.206,0.309) filter=(0.310,0.439) target=(1314,689) cursor=(1312,689)
[2026-06-07 14:14:00] [computeCursor] IN: screenSize=(1920,1080) → OUT: cursor=(1313,688) (0ms)
[CURSOR-ABS] handSide=unknown hand=(0.231,0.283) filter=(0.310,0.439) target=(1315,688) cursor=(1314,689)
[2026-06-07 14:14:00] [computeCursor] IN: screenSize=(1920,1080) → OUT: cursor=(1314,688) (0ms)
[CURSOR-ABS] handSide=unknown hand=(0.259,0.263) filter=(0.310,0.438) target=(1316,687) cursor=(1315,688)
[2026-06-07 14:14:00] [computeCursor] IN: screenSize=(1920,1080) → OUT: cursor=(1315,687) (0ms)
[CURSOR-ABS] handSide=unknown hand=(0.288,0.248) filter=(0.309,0.438) target=(1316,687) cursor=(1316,687)
[2026-06-07 14:14:00] [computeCursor] IN: screenSize=(1920,1080) → OUT: cursor=(1315,686) (0ms)
[CURSOR-ABS] handSide=unknown hand=(0.321,0.249) filter=(0.309,0.437) target=(1316,686) cursor=(1316,687)
[2026-06-07 14:14:00] [computeCursor] IN: screenSize=(1920,1080) → OUT: cursor=(1315,685) (0ms)
[CURSOR-ABS] handSide=unknown hand=(0.356,0.256) filter=(0.310,0.437) target=(1315,685) cursor=(1316,686)
[2026-06-07 14:14:00] [computeCursor] IN: screenSize=(1920,1080) → OUT: cursor=(1315,685) (0ms)
[CURSOR-ABS] handSide=unknown hand=(0.393,0.264) filter=(0.310,0.437) target=(1314,684) cursor=(1315,685)
[2026-06-07 14:14:00] [computeCursor] IN: screenSize=(1920,1080) → OUT: cursor=(1314,684) (0ms)
[CURSOR-ABS] handSide=unknown hand=(0.437,0.283) filter=(0.310,0.436) target=(1312,684) cursor=(1314,684)
[2026-06-07 14:14:00] [computeCursor] IN: screenSize=(1920,1080) → OUT: cursor=(1312,683) (0ms)
[CURSOR-ABS] handSide=unknown hand=(0.480,0.304) filter=(0.311,0.436) target=(1310,683) cursor=(1312,684)
[2026-06-07 14:14:00] [computeCursor] IN: screenSize=(1920,1080) → OUT: cursor=(1310,683) (0ms)
[CURSOR-ABS] handSide=unknown hand=(0.506,0.330) filter=(0.312,0.436) target=(1307,683) cursor=(1310,683)
[2026-06-07 14:14:00] [computeCursor] IN: screenSize=(1920,1080) → OUT: cursor=(1307,682) (0ms)
[CURSOR-ABS] handSide=unknown hand=(0.526,0.368) filter=(0.312,0.436) target=(1304,682) cursor=(1307,683)
[2026-06-07 14:14:00] [computeCursor] IN: screenSize=(1920,1080) → OUT: cursor=(1304,682) (0ms)
[CURSOR-ABS] handSide=unknown hand=(0.538,0.404) filter=(0.313,0.436) target=(1301,682) cursor=(1304,682)
[2026-06-07 14:14:00] [computeCursor] IN: screenSize=(1920,1080) → OUT: cursor=(1301,682) (0ms)
[CURSOR-ABS] handSide=unknown hand=(0.540,0.452) filter=(0.314,0.436) target=(1298,682) cursor=(1301,682)
[2026-06-07 14:14:00] [computeCursor] IN: screenSize=(1920,1080) → OUT: cursor=(1298,682) (0ms)
[CURSOR-ABS] handSide=unknown hand=(0.536,0.489) filter=(0.315,0.436) target=(1295,683) cursor=(1298,682)
[2026-06-07 14:14:00] [computeCursor] IN: screenSize=(1920,1080) → OUT: cursor=(1295,682) (0ms)
[CURSOR-ABS] handSide=unknown hand=(0.520,0.522) filter=(0.316,0.436) target=(1292,683) cursor=(1295,683)
[2026-06-07 14:14:00] [computeCursor] IN: screenSize=(1920,1080) → OUT: cursor=(1292,682) (0ms)
[CURSOR-ABS] handSide=unknown hand=(0.502,0.555) filter=(0.316,0.436) target=(1290,683) cursor=(1292,683)
[2026-06-07 14:14:00] [computeCursor] IN: screenSize=(1920,1080) → OUT: cursor=(1289,683) (0ms)
[CURSOR-ABS] handSide=unknown hand=(0.478,0.575) filter=(0.317,0.437) target=(1287,684) cursor=(1290,683)
[2026-06-07 14:14:00] [computeCursor] IN: screenSize=(1920,1080) → OUT: cursor=(1287,684) (0ms)
[CURSOR-ABS] handSide=unknown hand=(0.451,0.588) filter=(0.317,0.437) target=(1285,685) cursor=(1287,684)
[2026-06-07 14:14:00] [computeCursor] IN: screenSize=(1920,1080) → OUT: cursor=(1285,684) (0ms)
[CURSOR-ABS] handSide=unknown hand=(0.420,0.594) filter=(0.318,0.437) target=(1284,685) cursor=(1286,685)
[2026-06-07 14:14:00] [computeCursor] IN: screenSize=(1920,1080) → OUT: cursor=(1284,685) (0ms)
[CURSOR-ABS] handSide=unknown hand=(0.392,0.591) filter=(0.318,0.438) target=(1283,686) cursor=(1284,685)
[2026-06-07 14:14:00] [computeCursor] IN: screenSize=(1920,1080) → OUT: cursor=(1283,685) (0ms)
[CURSOR-ABS] handSide=unknown hand=(0.368,0.584) filter=(0.318,0.438) target=(1282,687) cursor=(1283,686)
[2026-06-07 14:14:00] [computeCursor] IN: screenSize=(1920,1080) → OUT: cursor=(1282,686) (0ms)
[CURSOR-ABS] handSide=unknown hand=(0.342,0.571) filter=(0.318,0.438) target=(1282,687) cursor=(1282,687)
[2026-06-07 14:14:00] [computeCursor] IN: screenSize=(1920,1080) → OUT: cursor=(1281,687) (0ms)
[CURSOR-ABS] handSide=unknown hand=(0.314,0.553) filter=(0.318,0.438) target=(1282,688) cursor=(1282,687)
[2026-06-07 14:14:00] [computeCursor] IN: screenSize=(1920,1080) → OUT: cursor=(1282,687) (0ms)
[CURSOR-ABS] handSide=unknown hand=(0.291,0.531) filter=(0.318,0.438) target=(1282,688) cursor=(1282,688)
[2026-06-07 14:14:00] [computeCursor] IN: screenSize=(1920,1080) → OUT: cursor=(1282,688) (0ms)
[CURSOR-ABS] handSide=unknown hand=(0.263,0.521) filter=(0.318,0.439) target=(1283,688) cursor=(1282,688)
[2026-06-07 14:14:00] [computeCursor] IN: screenSize=(1920,1080) → OUT: cursor=(1283,688) (0ms)
[CURSOR-ABS] handSide=unknown hand=(0.241,0.489) filter=(0.318,0.439) target=(1284,689) cursor=(1283,688)
[2026-06-07 14:14:00] [computeCursor] IN: screenSize=(1920,1080) → OUT: cursor=(1284,688) (0ms)
[CURSOR-ABS] handSide=unknown hand=(0.219,0.457) filter=(0.317,0.439) target=(1286,689) cursor=(1284,689)
[2026-06-07 14:14:00] [computeCursor] IN: screenSize=(1920,1080) → OUT: cursor=(1285,688) (0ms)
[CURSOR-ABS] handSide=unknown hand=(0.200,0.412) filter=(0.317,0.439) target=(1287,689) cursor=(1286,689)
[2026-06-07 14:14:00] [computeCursor] IN: screenSize=(1920,1080) → OUT: cursor=(1287,688) (0ms)
[CURSOR-ABS] handSide=unknown hand=(0.188,0.357) filter=(0.316,0.439) target=(1289,688) cursor=(1287,689)
[2026-06-07 14:14:00] [computeCursor] IN: screenSize=(1920,1080) → OUT: cursor=(1289,688) (0ms)
[CURSOR-ABS] handSide=unknown hand=(0.180,0.307) filter=(0.316,0.438) target=(1291,688) cursor=(1289,688)
[2026-06-07 14:14:00] [computeCursor] IN: screenSize=(1920,1080) → OUT: cursor=(1290,687) (0ms)
[CURSOR-ABS] handSide=unknown hand=(0.181,0.270) filter=(0.315,0.438) target=(1293,687) cursor=(1291,688)
[2026-06-07 14:14:00] [computeCursor] IN: screenSize=(1920,1080) → OUT: cursor=(1292,686) (0ms)
[CURSOR-ABS] handSide=unknown hand=(0.190,0.239) filter=(0.315,0.438) target=(1295,686) cursor=(1293,687)
[2026-06-07 14:14:00] [computeCursor] IN: screenSize=(1920,1080) → OUT: cursor=(1294,686) (0ms)
[CURSOR-ABS] handSide=unknown hand=(0.209,0.203) filter=(0.315,0.437) target=(1296,685) cursor=(1295,686)
[2026-06-07 14:14:00] [computeCursor] IN: screenSize=(1920,1080) → OUT: cursor=(1296,685) (0ms)
[CURSOR-ABS] handSide=unknown hand=(0.230,0.185) filter=(0.314,0.437) target=(1297,684) cursor=(1296,685)
[2026-06-07 14:14:00] [computeCursor] IN: screenSize=(1920,1080) → OUT: cursor=(1297,684) (0ms)
[CURSOR-ABS] handSide=unknown hand=(0.256,0.179) filter=(0.314,0.436) target=(1298,683) cursor=(1297,684)
[2026-06-07 14:14:00] [computeCursor] IN: screenSize=(1920,1080) → OUT: cursor=(1298,683) (0ms)
[CURSOR-ABS] handSide=unknown hand=(0.286,0.171) filter=(0.314,0.436) target=(1298,682) cursor=(1298,683)
[2026-06-07 14:14:00] [computeCursor] IN: screenSize=(1920,1080) → OUT: cursor=(1298,681) (0ms)
[CURSOR-ABS] handSide=unknown hand=(0.316,0.161) filter=(0.314,0.435) target=(1298,681) cursor=(1298,682)
[2026-06-07 14:14:00] [computeCursor] IN: screenSize=(1920,1080) → OUT: cursor=(1298,680) (0ms)
[CURSOR-ABS] handSide=unknown hand=(0.349,0.160) filter=(0.314,0.435) target=(1298,680) cursor=(1298,681)
[2026-06-07 14:14:00] [computeCursor] IN: screenSize=(1920,1080) → OUT: cursor=(1297,679) (0ms)
[CURSOR-ABS] handSide=unknown hand=(0.373,0.176) filter=(0.314,0.434) target=(1297,679) cursor=(1298,680)
[2026-06-07 14:14:00] [computeCursor] IN: screenSize=(1920,1080) → OUT: cursor=(1297,678) (0ms)
[CURSOR-ABS] handSide=unknown hand=(0.395,0.193) filter=(0.315,0.434) target=(1296,678) cursor=(1297,679)
[2026-06-07 14:14:00] [computeCursor] IN: screenSize=(1920,1080) → OUT: cursor=(1295,677) (0ms)
[CURSOR-ABS] handSide=unknown hand=(0.412,0.235) filter=(0.315,0.433) target=(1295,677) cursor=(1296,678)
[2026-06-07 14:14:00] [computeCursor] IN: screenSize=(1920,1080) → OUT: cursor=(1294,677) (0ms)
[CURSOR-ABS] handSide=unknown hand=(0.422,0.275) filter=(0.315,0.433) target=(1293,676) cursor=(1295,677)
[2026-06-07 14:14:00] [computeCursor] IN: screenSize=(1920,1080) → OUT: cursor=(1293,676) (0ms)
[CURSOR-ABS] handSide=unknown hand=(0.424,0.319) filter=(0.316,0.433) target=(1292,676) cursor=(1293,676)
[2026-06-07 14:14:00] [computeCursor] IN: screenSize=(1920,1080) → OUT: cursor=(1291,676) (0ms)
[CURSOR-ABS] handSide=unknown hand=(0.417,0.364) filter=(0.316,0.433) target=(1290,676) cursor=(1292,676)
[2026-06-07 14:14:00] [computeCursor] IN: screenSize=(1920,1080) → OUT: cursor=(1290,675) (0ms)
[CURSOR-ABS] handSide=unknown hand=(0.403,0.405) filter=(0.316,0.433) target=(1289,676) cursor=(1290,676)
[2026-06-07 14:14:00] [computeCursor] IN: screenSize=(1920,1080) → OUT: cursor=(1289,675) (0ms)
[CURSOR-ABS] handSide=unknown hand=(0.388,0.442) filter=(0.317,0.433) target=(1288,676) cursor=(1289,676)
[2026-06-07 14:14:00] [computeCursor] IN: screenSize=(1920,1080) → OUT: cursor=(1287,675) (0ms)
[CURSOR-ABS] handSide=unknown hand=(0.371,0.473) filter=(0.317,0.433) target=(1287,676) cursor=(1288,676)
[2026-06-07 14:14:00] [computeCursor] IN: screenSize=(1920,1080) → OUT: cursor=(1287,675) (0ms)
[CURSOR-ABS] handSide=unknown hand=(0.353,0.504) filter=(0.317,0.433) target=(1287,676) cursor=(1287,676)
[2026-06-07 14:14:00] [computeCursor] IN: screenSize=(1920,1080) → OUT: cursor=(1286,676) (0ms)
[CURSOR-ABS] handSide=unknown hand=(0.334,0.517) filter=(0.317,0.433) target=(1286,676) cursor=(1287,676)
[2026-06-07 14:14:00] [computeCursor] IN: screenSize=(1920,1080) → OUT: cursor=(1286,676) (0ms)
[CURSOR-ABS] handSide=unknown hand=(0.316,0.552) filter=(0.317,0.433) target=(1286,677) cursor=(1286,676)
[2026-06-07 14:14:00] [computeCursor] IN: screenSize=(1920,1080) → OUT: cursor=(1286,676) (0ms)
[CURSOR-ABS] handSide=unknown hand=(0.297,0.569) filter=(0.317,0.434) target=(1287,677) cursor=(1286,677)
[2026-06-07 14:14:00] [computeCursor] IN: screenSize=(1920,1080) → OUT: cursor=(1286,677) (0ms)
[CURSOR-ABS] handSide=unknown hand=(0.276,0.572) filter=(0.317,0.434) target=(1287,678) cursor=(1287,677)
[2026-06-07 14:14:00] [computeCursor] IN: screenSize=(1920,1080) → OUT: cursor=(1287,677) (0ms)
[CURSOR-ABS] handSide=unknown hand=(0.259,0.579) filter=(0.317,0.434) target=(1288,679) cursor=(1287,678)
[2026-06-07 14:14:00] [computeCursor] IN: screenSize=(1920,1080) → OUT: cursor=(1288,678) (0ms)
[CURSOR-ABS] handSide=unknown hand=(0.238,0.565) filter=(0.316,0.434) target=(1289,679) cursor=(1288,679)
[2026-06-07 14:14:00] [computeCursor] IN: screenSize=(1920,1080) → OUT: cursor=(1289,679) (0ms)
[CURSOR-ABS] handSide=unknown hand=(0.218,0.557) filter=(0.316,0.435) target=(1291,680) cursor=(1289,679)
[2026-06-07 14:14:00] [computeCursor] IN: screenSize=(1920,1080) → OUT: cursor=(1290,679) (0ms)
[CURSOR-ABS] handSide=unknown hand=(0.203,0.529) filter=(0.316,0.435) target=(1292,680) cursor=(1291,680)
[2026-06-07 14:14:00] [computeCursor] IN: screenSize=(1920,1080) → OUT: cursor=(1292,679) (1ms)
[CURSOR-ABS] handSide=unknown hand=(0.190,0.495) filter=(0.315,0.435) target=(1294,680) cursor=(1292,680)
[2026-06-07 14:14:00] [computeCursor] IN: screenSize=(1920,1080) → OUT: cursor=(1293,680) (0ms)
[CURSOR-ABS] handSide=unknown hand=(0.181,0.453) filter=(0.315,0.435) target=(1296,680) cursor=(1294,680)
[2026-06-07 14:14:00] [computeCursor] IN: screenSize=(1920,1080) → OUT: cursor=(1295,680) (0ms)
[CURSOR-ABS] handSide=unknown hand=(0.171,0.406) filter=(0.314,0.435) target=(1298,680) cursor=(1296,680)
[2026-06-07 14:14:00] [computeCursor] IN: screenSize=(1920,1080) → OUT: cursor=(1297,680) (0ms)
[CURSOR-ABS] handSide=unknown hand=(0.164,0.324) filter=(0.314,0.435) target=(1300,680) cursor=(1298,680)
[2026-06-07 14:14:00] [computeCursor] IN: screenSize=(1920,1080) → OUT: cursor=(1299,679) (0ms)
[CURSOR-ABS] handSide=unknown hand=(0.137,0.329) filter=(0.313,0.434) target=(1302,679) cursor=(1300,680)
[2026-06-07 14:14:00] [computeCursor] IN: screenSize=(1920,1080) → OUT: cursor=(1302,679) (0ms)
[CURSOR-ABS] handSide=unknown hand=(0.627,0.399) filter=(0.314,0.434) target=(1298,679) cursor=(1302,679)
[2026-06-07 14:14:00] [computeCursor] IN: screenSize=(1920,1080) → OUT: cursor=(1297,679) (0ms)
[CURSOR-ABS] handSide=unknown hand=(0.622,0.360) filter=(0.315,0.434) target=(1294,679) cursor=(1298,679)
[2026-06-07 14:14:00] [computeCursor] IN: screenSize=(1920,1080) → OUT: cursor=(1293,678) (0ms)
[CURSOR-ABS] handSide=unknown hand=(0.617,0.323) filter=(0.316,0.434) target=(1289,678) cursor=(1294,679)
[2026-06-07 14:14:00] [computeCursor] IN: screenSize=(1920,1080) → OUT: cursor=(1289,678) (0ms)
[CURSOR-ABS] handSide=unknown hand=(0.614,0.292) filter=(0.317,0.434) target=(1285,678) cursor=(1289,678)
[2026-06-07 14:14:00] [computeCursor] IN: screenSize=(1920,1080) → OUT: cursor=(1285,677) (0ms)
[CURSOR-ABS] handSide=unknown hand=(0.616,0.271) filter=(0.319,0.433) target=(1281,677) cursor=(1285,678)
[2026-06-07 14:14:00] [computeCursor] IN: screenSize=(1920,1080) → OUT: cursor=(1281,677) (0ms)
[CURSOR-ABS] handSide=unknown hand=(0.625,0.254) filter=(0.320,0.433) target=(1277,677) cursor=(1281,677)
[2026-06-07 14:14:00] [computeCursor] IN: screenSize=(1920,1080) → OUT: cursor=(1276,676) (0ms)
[CURSOR-ABS] handSide=unknown hand=(0.643,0.234) filter=(0.321,0.433) target=(1272,676) cursor=(1277,677)
[2026-06-07 14:14:00] [computeCursor] IN: screenSize=(1920,1080) → OUT: cursor=(1272,675) (0ms)
[CURSOR-ABS] handSide=unknown hand=(0.665,0.220) filter=(0.322,0.432) target=(1267,675) cursor=(1272,676)
[2026-06-07 14:14:00] [computeCursor] IN: screenSize=(1920,1080) → OUT: cursor=(1267,675) (0ms)
[CURSOR-ABS] handSide=unknown hand=(0.686,0.211) filter=(0.323,0.432) target=(1262,674) cursor=(1267,675)
[2026-06-07 14:14:00] [computeCursor] IN: screenSize=(1920,1080) → OUT: cursor=(1262,674) (0ms)
[CURSOR-ABS] handSide=unknown hand=(0.702,0.209) filter=(0.325,0.432) target=(1257,673) cursor=(1262,674)
[2026-06-07 14:14:00] [computeCursor] IN: screenSize=(1920,1080) → OUT: cursor=(1256,673) (0ms)
[CURSOR-ABS] handSide=unknown hand=(0.717,0.199) filter=(0.326,0.431) target=(1251,673) cursor=(1257,673)
[2026-06-07 14:14:00] [computeCursor] IN: screenSize=(1920,1080) → OUT: cursor=(1250,672) (0ms)
[CURSOR-ABS] handSide=unknown hand=(0.735,0.197) filter=(0.328,0.431) target=(1245,672) cursor=(1251,673)
[2026-06-07 14:14:00] [computeCursor] IN: screenSize=(1920,1080) → OUT: cursor=(1244,671) (0ms)
[CURSOR-ABS] handSide=unknown hand=(0.753,0.199) filter=(0.330,0.431) target=(1239,671) cursor=(1245,672)
[2026-06-07 14:14:00] [computeCursor] IN: screenSize=(1920,1080) → OUT: cursor=(1238,670) (0ms)
[CURSOR-ABS] handSide=unknown hand=(0.772,0.210) filter=(0.331,0.430) target=(1232,670) cursor=(1239,671)
[2026-06-07 14:14:00] [computeCursor] IN: screenSize=(1920,1080) → OUT: cursor=(1232,670) (0ms)
[CURSOR-ABS] handSide=unknown hand=(0.793,0.223) filter=(0.333,0.430) target=(1225,670) cursor=(1232,670)
[2026-06-07 14:14:00] [computeCursor] IN: screenSize=(1920,1080) → OUT: cursor=(1225,669) (0ms)
[CURSOR-ABS] handSide=unknown hand=(0.817,0.248) filter=(0.335,0.430) target=(1218,669) cursor=(1225,670)
[2026-06-07 14:14:00] [computeCursor] IN: screenSize=(1920,1080) → OUT: cursor=(1217,668) (0ms)
[CURSOR-ABS] handSide=unknown hand=(0.845,0.273) filter=(0.337,0.429) target=(1210,668) cursor=(1218,669)
[2026-06-07 14:14:00] [computeCursor] IN: screenSize=(1920,1080) → OUT: cursor=(1209,668) (0ms)
[CURSOR-ABS] handSide=unknown hand=(0.868,0.297) filter=(0.339,0.429) target=(1201,668) cursor=(1210,668)
[2026-06-07 14:14:00] [computeCursor] IN: screenSize=(1920,1080) → OUT: cursor=(1201,667) (0ms)
[CURSOR-ABS] handSide=unknown hand=(0.894,0.325) filter=(0.342,0.429) target=(1193,668) cursor=(1201,668)
[2026-06-07 14:14:00] [computeCursor] IN: screenSize=(1920,1080) → OUT: cursor=(1192,667) (0ms)
[CURSOR-ABS] handSide=unknown hand=(0.919,0.356) filter=(0.344,0.429) target=(1183,667) cursor=(1193,668)
[2026-06-07 14:14:00] [computeCursor] IN: screenSize=(1920,1080) → OUT: cursor=(1183,667) (0ms)
[CURSOR-ABS] handSide=unknown hand=(0.939,0.385) filter=(0.346,0.429) target=(1174,667) cursor=(1183,667)
[2026-06-07 14:14:00] [computeCursor] IN: screenSize=(1920,1080) → OUT: cursor=(1173,667) (0ms)
[CURSOR-ABS] handSide=unknown hand=(0.958,0.421) filter=(0.349,0.429) target=(1164,667) cursor=(1174,667)
[2026-06-07 14:14:00] [computeCursor] IN: screenSize=(1920,1080) → OUT: cursor=(1164,667) (0ms)
[CURSOR-ABS] handSide=unknown hand=(0.969,0.441) filter=(0.352,0.429) target=(1154,667) cursor=(1164,667)
[2026-06-07 14:14:00] [computeCursor] IN: screenSize=(1920,1080) → OUT: cursor=(1153,667) (0ms)
[CURSOR-ABS] handSide=unknown hand=(0.976,0.448) filter=(0.354,0.429) target=(1144,667) cursor=(1154,667)
[2026-06-07 14:14:00] [computeCursor] IN: screenSize=(1920,1080) → OUT: cursor=(1143,667) (0ms)
[CURSOR-ABS] handSide=unknown hand=(0.973,0.470) filter=(0.357,0.429) target=(1133,667) cursor=(1144,667)
[2026-06-07 14:14:00] [computeCursor] IN: screenSize=(1920,1080) → OUT: cursor=(1133,667) (0ms)
[CURSOR-ABS] handSide=unknown hand=(0.976,0.470) filter=(0.360,0.429) target=(1123,668) cursor=(1133,667)
[2026-06-07 14:14:00] [computeCursor] IN: screenSize=(1920,1080) → OUT: cursor=(1122,667) (0ms)
[CURSOR-ABS] handSide=unknown hand=(0.968,0.476) filter=(0.362,0.429) target=(1112,668) cursor=(1123,668)
[2026-06-07 14:14:00] [computeCursor] IN: screenSize=(1920,1080) → OUT: cursor=(1112,667) (0ms)
[CURSOR-ABS] handSide=unknown hand=(0.959,0.472) filter=(0.366,0.429) target=(1101,668) cursor=(1112,668)
[2026-06-07 14:14:00] [computeCursor] IN: screenSize=(1920,1080) → OUT: cursor=(1100,667) (1ms)
[CURSOR-ABS] handSide=unknown hand=(0.940,0.458) filter=(0.368,0.429) target=(1090,668) cursor=(1101,668)
[2026-06-07 14:14:00] [computeCursor] IN: screenSize=(1920,1080) → OUT: cursor=(1090,667) (0ms)
[CURSOR-ABS] handSide=unknown hand=(0.921,0.453) filter=(0.371,0.429) target=(1080,668) cursor=(1090,668)
[2026-06-07 14:14:00] [computeCursor] IN: screenSize=(1920,1080) → OUT: cursor=(1080,668) (0ms)
[CURSOR-ABS] handSide=unknown hand=(0.897,0.445) filter=(0.373,0.429) target=(1071,668) cursor=(1080,668)
[2026-06-07 14:14:00] [computeCursor] IN: screenSize=(1920,1080) → OUT: cursor=(1071,668) (0ms)
[CURSOR-ABS] handSide=unknown hand=(0.873,0.440) filter=(0.376,0.429) target=(1062,668) cursor=(1071,668)
[2026-06-07 14:14:00] [computeCursor] IN: screenSize=(1920,1080) → OUT: cursor=(1062,668) (0ms)
[CURSOR-ABS] handSide=unknown hand=(0.849,0.432) filter=(0.378,0.429) target=(1054,668) cursor=(1062,668)
[2026-06-07 14:14:00] [computeCursor] IN: screenSize=(1920,1080) → OUT: cursor=(1053,668) (0ms)
[CURSOR-ABS] handSide=unknown hand=(0.827,0.433) filter=(0.380,0.429) target=(1045,668) cursor=(1054,668)
[2026-06-07 14:14:00] [computeCursor] IN: screenSize=(1920,1080) → OUT: cursor=(1045,668) (0ms)
[CURSOR-ABS] handSide=unknown hand=(0.804,0.433) filter=(0.382,0.429) target=(1038,668) cursor=(1045,668)
[2026-06-07 14:14:00] [computeCursor] IN: screenSize=(1920,1080) → OUT: cursor=(1037,668) (0ms)
[CURSOR-ABS] handSide=unknown hand=(0.780,0.436) filter=(0.384,0.429) target=(1030,668) cursor=(1038,668)
[2026-06-07 14:14:00] [computeCursor] IN: screenSize=(1920,1080) → OUT: cursor=(1030,668) (0ms)
[CURSOR-ABS] handSide=unknown hand=(0.758,0.433) filter=(0.386,0.429) target=(1023,668) cursor=(1030,668)
[2026-06-07 14:14:00] [computeCursor] IN: screenSize=(1920,1080) → OUT: cursor=(1023,668) (0ms)
[CURSOR-ABS] handSide=unknown hand=(0.739,0.435) filter=(0.387,0.429) target=(1017,668) cursor=(1024,668)
[2026-06-07 14:14:00] [computeCursor] IN: screenSize=(1920,1080) → OUT: cursor=(1016,668) (0ms)
[CURSOR-ABS] handSide=unknown hand=(0.723,0.442) filter=(0.389,0.429) target=(1011,668) cursor=(1017,668)
[2026-06-07 14:14:00] [computeCursor] IN: screenSize=(1920,1080) → OUT: cursor=(1010,668) (0ms)
[CURSOR-ABS] handSide=unknown hand=(0.711,0.446) filter=(0.391,0.429) target=(1005,668) cursor=(1011,668)
[2026-06-07 14:14:00] [computeCursor] IN: screenSize=(1920,1080) → OUT: cursor=(1004,668) (0ms)
[CURSOR-ABS] handSide=unknown hand=(0.704,0.454) filter=(0.392,0.429) target=(999,668) cursor=(1005,668)
[2026-06-07 14:14:00] [computeCursor] IN: screenSize=(1920,1080) → OUT: cursor=(998,668) (0ms)
[CURSOR-ABS] handSide=unknown hand=(0.703,0.462) filter=(0.394,0.429) target=(993,669) cursor=(999,668)
[2026-06-07 14:14:00] [computeCursor] IN: screenSize=(1920,1080) → OUT: cursor=(992,668) (0ms)
[CURSOR-ABS] handSide=unknown hand=(0.706,0.469) filter=(0.395,0.429) target=(987,669) cursor=(993,669)
[2026-06-07 14:14:00] [computeCursor] IN: screenSize=(1920,1080) → OUT: cursor=(986,668) (0ms)
[CURSOR-ABS] handSide=unknown hand=(0.711,0.477) filter=(0.397,0.430) target=(981,669) cursor=(987,669)
[2026-06-07 14:14:00] [computeCursor] IN: screenSize=(1920,1080) → OUT: cursor=(980,668) (0ms)
[CURSOR-ABS] handSide=unknown hand=(0.720,0.485) filter=(0.398,0.430) target=(974,669) cursor=(981,669)
[2026-06-07 14:14:00] [computeCursor] IN: screenSize=(1920,1080) → OUT: cursor=(974,668) (0ms)
[CURSOR-ABS] handSide=unknown hand=(0.730,0.497) filter=(0.400,0.430) target=(968,669) cursor=(974,669)
[2026-06-07 14:14:00] [computeCursor] IN: screenSize=(1920,1080) → OUT: cursor=(967,669) (0ms)
[CURSOR-ABS] handSide=unknown hand=(0.745,0.506) filter=(0.402,0.430) target=(961,669) cursor=(968,669)
[2026-06-07 14:14:00] [computeCursor] IN: screenSize=(1920,1080) → OUT: cursor=(961,669) (0ms)
[CURSOR-ABS] handSide=unknown hand=(0.761,0.519) filter=(0.404,0.430) target=(954,670) cursor=(961,669)
[2026-06-07 14:14:00] [computeCursor] IN: screenSize=(1920,1080) → OUT: cursor=(954,669) (0ms)
[CURSOR-ABS] handSide=unknown hand=(0.778,0.532) filter=(0.406,0.430) target=(947,670) cursor=(954,670)
[2026-06-07 14:14:00] [computeCursor] IN: screenSize=(1920,1080) → OUT: cursor=(946,670) (0ms)
[CURSOR-ABS] handSide=unknown hand=(0.797,0.543) filter=(0.408,0.430) target=(936,671) cursor=(947,670)
[2026-06-07 14:14:00] [computeCursor] IN: screenSize=(1920,1080) → OUT: cursor=(936,670) (0ms)
[CURSOR-ABS] handSide=unknown hand=(0.814,0.556) filter=(0.410,0.431) target=(928,671) cursor=(936,671)
[2026-06-07 14:14:00] [computeCursor] IN: screenSize=(1920,1080) → OUT: cursor=(928,671) (0ms)
[CURSOR-ABS] handSide=unknown hand=(0.835,0.561) filter=(0.413,0.431) target=(920,672) cursor=(928,671)
[2026-06-07 14:14:00] [computeCursor] IN: screenSize=(1920,1080) → OUT: cursor=(919,671) (0ms)
[CURSOR-ABS] handSide=unknown hand=(0.853,0.567) filter=(0.415,0.431) target=(911,672) cursor=(920,672)
[2026-06-07 14:14:00] [computeCursor] IN: screenSize=(1920,1080) → OUT: cursor=(910,672) (0ms)
[CURSOR-ABS] handSide=unknown hand=(0.874,0.567) filter=(0.417,0.431) target=(902,672) cursor=(911,672)
[2026-06-07 14:14:00] [computeCursor] IN: screenSize=(1920,1080) → OUT: cursor=(901,672) (0ms)
[CURSOR-ABS] handSide=unknown hand=(0.893,0.566) filter=(0.420,0.431) target=(892,673) cursor=(902,672)
[2026-06-07 14:14:00] [computeCursor] IN: screenSize=(1920,1080) → OUT: cursor=(891,672) (0ms)
[CURSOR-ABS] handSide=unknown hand=(0.915,0.563) filter=(0.423,0.432) target=(882,673) cursor=(892,673)
[2026-06-07 14:14:00] [computeCursor] IN: screenSize=(1920,1080) → OUT: cursor=(881,673) (0ms)
[CURSOR-ABS] handSide=unknown hand=(0.931,0.563) filter=(0.425,0.432) target=(871,674) cursor=(882,673)
[2026-06-07 14:14:00] [computeCursor] IN: screenSize=(1920,1080) → OUT: cursor=(871,673) (0ms)
[CURSOR-ABS] handSide=unknown hand=(0.944,0.552) filter=(0.428,0.432) target=(860,674) cursor=(871,674)
[2026-06-07 14:14:00] [computeCursor] IN: screenSize=(1920,1080) → OUT: cursor=(859,674) (0ms)
[CURSOR-ABS] handSide=unknown hand=(0.957,0.557) filter=(0.431,0.432) target=(849,675) cursor=(860,674)
[2026-06-07 14:14:00] [computeCursor] IN: screenSize=(1920,1080) → OUT: cursor=(848,674) (0ms)
[CURSOR-ABS] handSide=unknown hand=(0.964,0.541) filter=(0.434,0.433) target=(838,675) cursor=(849,675)
[2026-06-07 14:14:00] [computeCursor] IN: screenSize=(1920,1080) → OUT: cursor=(837,675) (0ms)
[CURSOR-ABS] handSide=unknown hand=(0.969,0.526) filter=(0.437,0.433) target=(826,676) cursor=(838,675)
[2026-06-07 14:14:00] [computeCursor] IN: screenSize=(1920,1080) → OUT: cursor=(826,675) (0ms)
[CURSOR-ABS] handSide=unknown hand=(0.968,0.509) filter=(0.440,0.433) target=(815,676) cursor=(826,676)
[2026-06-07 14:14:00] [computeCursor] IN: screenSize=(1920,1080) → OUT: cursor=(814,675) (0ms)
[CURSOR-ABS] handSide=unknown hand=(0.963,0.489) filter=(0.443,0.433) target=(804,676) cursor=(815,676)
[2026-06-07 14:14:00] [computeCursor] IN: screenSize=(1920,1080) → OUT: cursor=(803,676) (0ms)
[CURSOR-ABS] handSide=unknown hand=(0.955,0.475) filter=(0.446,0.433) target=(793,676) cursor=(804,676)
[2026-06-07 14:14:00] [computeCursor] IN: screenSize=(1920,1080) → OUT: cursor=(792,676) (0ms)
[CURSOR-ABS] handSide=unknown hand=(0.938,0.455) filter=(0.449,0.433) target=(782,676) cursor=(793,676)
[2026-06-07 14:14:00] [computeCursor] IN: screenSize=(1920,1080) → OUT: cursor=(781,676) (0ms)
[CURSOR-ABS] handSide=unknown hand=(0.915,0.467) filter=(0.451,0.433) target=(772,676) cursor=(782,676)
[2026-06-07 14:14:00] [computeCursor] IN: screenSize=(1920,1080) → OUT: cursor=(771,676) (0ms)
[CURSOR-ABS] handSide=unknown hand=(0.887,0.459) filter=(0.454,0.433) target=(762,676) cursor=(772,676)
[2026-06-07 14:14:00] [computeCursor] IN: screenSize=(1920,1080) → OUT: cursor=(761,676) (0ms)
[CURSOR-ABS] handSide=unknown hand=(0.855,0.473) filter=(0.456,0.433) target=(753,677) cursor=(762,676)
[2026-06-07 14:14:00] [computeCursor] IN: screenSize=(1920,1080) → OUT: cursor=(752,676) (0ms)
[CURSOR-ABS] handSide=unknown hand=(0.827,0.489) filter=(0.458,0.433) target=(744,677) cursor=(753,677)
[2026-06-07 14:14:00] [computeCursor] IN: screenSize=(1920,1080) → OUT: cursor=(744,676) (0ms)
[CURSOR-ABS] handSide=unknown hand=(0.797,0.500) filter=(0.460,0.433) target=(737,677) cursor=(744,677)
[2026-06-07 14:14:00] [computeCursor] IN: screenSize=(1920,1080) → OUT: cursor=(736,677) (1ms)
[CURSOR-ABS] handSide=unknown hand=(0.768,0.505) filter=(0.462,0.434) target=(730,677) cursor=(737,677)
[2026-06-07 14:14:00] [computeCursor] IN: screenSize=(1920,1080) → OUT: cursor=(729,677) (0ms)
[CURSOR-ABS] handSide=unknown hand=(0.738,0.514) filter=(0.464,0.434) target=(724,678) cursor=(730,677)
[2026-06-07 14:14:00] [computeCursor] IN: screenSize=(1920,1080) → OUT: cursor=(723,677) (0ms)
[CURSOR-ABS] handSide=unknown hand=(0.708,0.521) filter=(0.465,0.434) target=(718,678) cursor=(724,678)
[2026-06-07 14:14:00] [computeCursor] IN: screenSize=(1920,1080) → OUT: cursor=(718,677) (0ms)
[CURSOR-ABS] handSide=unknown hand=(0.679,0.531) filter=(0.466,0.434) target=(713,678) cursor=(718,678)
[2026-06-07 14:14:00] [computeCursor] IN: screenSize=(1920,1080) → OUT: cursor=(713,678) (0ms)
[CURSOR-ABS] handSide=unknown hand=(0.652,0.540) filter=(0.467,0.434) target=(709,679) cursor=(713,678)
[2026-06-07 14:14:00] [computeCursor] IN: screenSize=(1920,1080) → OUT: cursor=(709,678) (0ms)
[CURSOR-ABS] handSide=unknown hand=(0.626,0.540) filter=(0.468,0.434) target=(705,679) cursor=(709,679)
[2026-06-07 14:14:00] [computeCursor] IN: screenSize=(1920,1080) → OUT: cursor=(705,679) (0ms)
[CURSOR-ABS] handSide=unknown hand=(0.605,0.549) filter=(0.469,0.435) target=(702,680) cursor=(705,679)
[2026-06-07 14:14:00] [computeCursor] IN: screenSize=(1920,1080) → OUT: cursor=(702,679) (0ms)
[CURSOR-ABS] handSide=unknown hand=(0.587,0.546) filter=(0.470,0.435) target=(700,680) cursor=(702,680)
[2026-06-07 14:14:00] [computeCursor] IN: screenSize=(1920,1080) → OUT: cursor=(699,680) (0ms)
[CURSOR-ABS] handSide=unknown hand=(0.573,0.552) filter=(0.471,0.435) target=(697,680) cursor=(700,680)
[2026-06-07 14:14:00] [computeCursor] IN: screenSize=(1920,1080) → OUT: cursor=(697,680) (0ms)
[CURSOR-ABS] handSide=unknown hand=(0.565,0.559) filter=(0.471,0.435) target=(695,681) cursor=(697,680)
[2026-06-07 14:14:00] [computeCursor] IN: screenSize=(1920,1080) → OUT: cursor=(695,680) (0ms)
[CURSOR-ABS] handSide=unknown hand=(0.560,0.577) filter=(0.472,0.435) target=(693,682) cursor=(695,681)
[2026-06-07 14:14:00] [computeCursor] IN: screenSize=(1920,1080) → OUT: cursor=(693,681) (0ms)
[CURSOR-ABS] handSide=unknown hand=(0.563,0.600) filter=(0.472,0.436) target=(691,682) cursor=(693,682)
[2026-06-07 14:14:00] [computeCursor] IN: screenSize=(1920,1080) → OUT: cursor=(690,682) (0ms)
[CURSOR-ABS] handSide=unknown hand=(0.574,0.621) filter=(0.473,0.436) target=(689,683) cursor=(691,682)
[2026-06-07 14:14:00] [computeCursor] IN: screenSize=(1920,1080) → OUT: cursor=(688,682) (0ms)
[CURSOR-ABS] handSide=unknown hand=(0.592,0.649) filter=(0.474,0.436) target=(686,684) cursor=(689,683)
[2026-06-07 14:14:00] [computeCursor] IN: screenSize=(1920,1080) → OUT: cursor=(685,683) (0ms)
[CURSOR-ABS] handSide=unknown hand=(0.617,0.671) filter=(0.474,0.437) target=(683,685) cursor=(686,684)
[2026-06-07 14:14:00] [computeCursor] IN: screenSize=(1920,1080) → OUT: cursor=(682,684) (0ms)
[CURSOR-ABS] handSide=unknown hand=(0.643,0.689) filter=(0.475,0.437) target=(679,686) cursor=(683,685)
[2026-06-07 14:14:00] [computeCursor] IN: screenSize=(1920,1080) → OUT: cursor=(678,685) (0ms)
[CURSOR-ABS] handSide=unknown hand=(0.673,0.704) filter=(0.477,0.438) target=(674,687) cursor=(679,686)
[2026-06-07 14:14:00] [computeCursor] IN: screenSize=(1920,1080) → OUT: cursor=(674,686) (0ms)
[CURSOR-ABS] handSide=unknown hand=(0.702,0.714) filter=(0.478,0.438) target=(669,688) cursor=(674,687)
[2026-06-07 14:14:00] [computeCursor] IN: screenSize=(1920,1080) → OUT: cursor=(668,687) (0ms)
[CURSOR-ABS] handSide=unknown hand=(0.729,0.724) filter=(0.479,0.439) target=(663,689) cursor=(669,688)
[2026-06-07 14:14:00] [computeCursor] IN: screenSize=(1920,1080) → OUT: cursor=(663,689) (0ms)
[CURSOR-ABS] handSide=unknown hand=(0.758,0.717) filter=(0.481,0.440) target=(657,690) cursor=(663,689)
[2026-06-07 14:14:00] [computeCursor] IN: screenSize=(1920,1080) → OUT: cursor=(656,690) (0ms)
[CURSOR-ABS] handSide=unknown hand=(0.788,0.715) filter=(0.483,0.440) target=(649,692) cursor=(657,690)
[2026-06-07 14:14:00] [computeCursor] IN: screenSize=(1920,1080) → OUT: cursor=(649,691) (0ms)
[CURSOR-ABS] handSide=unknown hand=(0.820,0.692) filter=(0.485,0.441) target=(641,693) cursor=(649,692)
[2026-06-07 14:14:00] [computeCursor] IN: screenSize=(1920,1080) → OUT: cursor=(641,692) (0ms)
[CURSOR-ABS] handSide=unknown hand=(0.854,0.670) filter=(0.487,0.441) target=(633,694) cursor=(642,693)
[2026-06-07 14:14:00] [computeCursor] IN: screenSize=(1920,1080) → OUT: cursor=(632,693) (0ms)
[CURSOR-ABS] handSide=unknown hand=(0.887,0.646) filter=(0.490,0.441) target=(623,694) cursor=(633,694)
[2026-06-07 14:14:00] [computeCursor] IN: screenSize=(1920,1080) → OUT: cursor=(623,694) (0ms)
[CURSOR-ABS] handSide=unknown hand=(0.919,0.616) filter=(0.492,0.442) target=(613,695) cursor=(623,694)
[2026-06-07 14:14:00] [computeCursor] IN: screenSize=(1920,1080) → OUT: cursor=(613,695) (0ms)
[CURSOR-ABS] handSide=unknown hand=(0.943,0.593) filter=(0.495,0.442) target=(602,696) cursor=(613,695)
[2026-06-07 14:14:00] [computeCursor] IN: screenSize=(1920,1080) → OUT: cursor=(602,695) (0ms)
[CURSOR-ABS] handSide=unknown hand=(0.959,0.581) filter=(0.498,0.442) target=(591,697) cursor=(603,696)
[2026-06-07 14:14:00] [computeCursor] IN: screenSize=(1920,1080) → OUT: cursor=(591,696) (1ms)
[CURSOR-ABS] handSide=unknown hand=(0.971,0.544) filter=(0.501,0.443) target=(577,698) cursor=(591,697)
[2026-06-07 14:14:00] [computeCursor] IN: screenSize=(1920,1080) → OUT: cursor=(577,698) (0ms)
[CURSOR-ABS] handSide=unknown hand=(0.975,0.521) filter=(0.504,0.443) target=(563,699) cursor=(577,698)
[2026-06-07 14:14:00] [computeCursor] IN: screenSize=(1920,1080) → OUT: cursor=(563,699) (0ms)
[CURSOR-ABS] handSide=unknown hand=(0.973,0.503) filter=(0.507,0.443) target=(550,700) cursor=(564,699)
[2026-06-07 14:14:00] [computeCursor] IN: screenSize=(1920,1080) → OUT: cursor=(549,700) (0ms)
[CURSOR-ABS] handSide=unknown hand=(0.976,0.491) filter=(0.510,0.443) target=(535,702) cursor=(550,700)
[2026-06-07 14:14:00] [computeCursor] IN: screenSize=(1920,1080) → OUT: cursor=(535,701) (0ms)
[CURSOR-ABS] handSide=unknown hand=(0.967,0.483) filter=(0.513,0.443) target=(521,703) cursor=(535,702)
[2026-06-07 14:14:00] [computeCursor] IN: screenSize=(1920,1080) → OUT: cursor=(521,702) (0ms)
[CURSOR-ABS] handSide=unknown hand=(0.958,0.479) filter=(0.516,0.443) target=(507,704) cursor=(521,703)
[2026-06-07 14:14:00] [computeCursor] IN: screenSize=(1920,1080) → OUT: cursor=(507,703) (0ms)
[CURSOR-ABS] handSide=unknown hand=(0.929,0.462) filter=(0.519,0.443) target=(494,705) cursor=(508,704)
[2026-06-07 14:14:00] [computeCursor] IN: screenSize=(1920,1080) → OUT: cursor=(494,704) (0ms)
[CURSOR-ABS] handSide=unknown hand=(0.891,0.462) filter=(0.521,0.443) target=(483,706) cursor=(495,705)
[2026-06-07 14:14:00] [computeCursor] IN: screenSize=(1920,1080) → OUT: cursor=(482,705) (0ms)
[CURSOR-ABS] handSide=unknown hand=(0.856,0.459) filter=(0.523,0.443) target=(472,706) cursor=(483,706)
[2026-06-07 14:14:00] [computeCursor] IN: screenSize=(1920,1080) → OUT: cursor=(471,706) (0ms)
[CURSOR-ABS] handSide=unknown hand=(0.822,0.471) filter=(0.525,0.443) target=(462,707) cursor=(472,706)
[2026-06-07 14:14:00] [computeCursor] IN: screenSize=(1920,1080) → OUT: cursor=(462,707) (0ms)
[CURSOR-ABS] handSide=unknown hand=(0.785,0.486) filter=(0.527,0.443) target=(453,708) cursor=(462,707)
[2026-06-07 14:14:00] [computeCursor] IN: screenSize=(1920,1080) → OUT: cursor=(453,707) (0ms)
[CURSOR-ABS] handSide=unknown hand=(0.751,0.492) filter=(0.528,0.444) target=(446,709) cursor=(453,708)
[2026-06-07 14:14:00] [computeCursor] IN: screenSize=(1920,1080) → OUT: cursor=(445,708) (0ms)
[CURSOR-ABS] handSide=unknown hand=(0.720,0.505) filter=(0.530,0.444) target=(439,709) cursor=(446,709)
[2026-06-07 14:14:00] [computeCursor] IN: screenSize=(1920,1080) → OUT: cursor=(439,709) (0ms)
[CURSOR-ABS] handSide=unknown hand=(0.693,0.521) filter=(0.531,0.444) target=(434,710) cursor=(439,709)
[2026-06-07 14:14:00] [computeCursor] IN: screenSize=(1920,1080) → OUT: cursor=(433,710) (0ms)
[CURSOR-ABS] handSide=unknown hand=(0.670,0.535) filter=(0.532,0.444) target=(429,711) cursor=(434,710)
[2026-06-07 14:14:00] [computeCursor] IN: screenSize=(1920,1080) → OUT: cursor=(428,710) (0ms)
[CURSOR-ABS] handSide=unknown hand=(0.652,0.548) filter=(0.533,0.444) target=(424,712) cursor=(429,711)
[2026-06-07 14:14:00] [computeCursor] IN: screenSize=(1920,1080) → OUT: cursor=(424,711) (0ms)
[CURSOR-ABS] handSide=unknown hand=(0.636,0.560) filter=(0.533,0.445) target=(421,713) cursor=(425,712)
[2026-06-07 14:14:00] [computeCursor] IN: screenSize=(1920,1080) → OUT: cursor=(420,712) (0ms)
[CURSOR-ABS] handSide=unknown hand=(0.625,0.574) filter=(0.534,0.445) target=(417,713) cursor=(421,713)
[2026-06-07 14:14:00] [computeCursor] IN: screenSize=(1920,1080) → OUT: cursor=(417,713) (0ms)
[CURSOR-ABS] handSide=unknown hand=(0.619,0.589) filter=(0.534,0.445) target=(414,714) cursor=(417,713)
[2026-06-07 14:14:00] [computeCursor] IN: screenSize=(1920,1080) → OUT: cursor=(414,714) (0ms)
[CURSOR-ABS] handSide=unknown hand=(0.616,0.607) filter=(0.535,0.445) target=(411,715) cursor=(414,714)
[2026-06-07 14:14:00] [computeCursor] IN: screenSize=(1920,1080) → OUT: cursor=(411,715) (0ms)
[CURSOR-ABS] handSide=unknown hand=(0.617,0.623) filter=(0.536,0.446) target=(408,717) cursor=(411,715)
[2026-06-07 14:14:00] [computeCursor] IN: screenSize=(1920,1080) → OUT: cursor=(408,716) (0ms)
[CURSOR-ABS] handSide=unknown hand=(0.622,0.639) filter=(0.536,0.446) target=(405,718) cursor=(408,717)
[2026-06-07 14:14:00] [computeCursor] IN: screenSize=(1920,1080) → OUT: cursor=(405,717) (0ms)
[CURSOR-ABS] handSide=unknown hand=(0.630,0.652) filter=(0.537,0.447) target=(402,719) cursor=(405,718)
[2026-06-07 14:14:00] [computeCursor] IN: screenSize=(1920,1080) → OUT: cursor=(401,719) (0ms)
[CURSOR-ABS] handSide=unknown hand=(0.643,0.667) filter=(0.537,0.447) target=(397,721) cursor=(402,719)
[2026-06-07 14:14:00] [computeCursor] IN: screenSize=(1920,1080) → OUT: cursor=(397,720) (0ms)
[CURSOR-ABS] handSide=unknown hand=(0.661,0.679) filter=(0.538,0.448) target=(393,722) cursor=(398,721)
[2026-06-07 14:14:00] [computeCursor] IN: screenSize=(1920,1080) → OUT: cursor=(393,722) (0ms)
[CURSOR-ABS] handSide=unknown hand=(0.682,0.686) filter=(0.539,0.448) target=(388,724) cursor=(393,722)
[2026-06-07 14:14:00] [computeCursor] IN: screenSize=(1920,1080) → OUT: cursor=(388,723) (0ms)
[CURSOR-ABS] handSide=unknown hand=(0.705,0.695) filter=(0.540,0.449) target=(382,726) cursor=(388,724)
[2026-06-07 14:14:00] [computeCursor] IN: screenSize=(1920,1080) → OUT: cursor=(382,725) (0ms)
[CURSOR-ABS] handSide=unknown hand=(0.727,0.693) filter=(0.541,0.449) target=(375,727) cursor=(382,726)
[2026-06-07 14:14:00] [computeCursor] IN: screenSize=(1920,1080) → OUT: cursor=(375,727) (0ms)
[CURSOR-ABS] handSide=unknown hand=(0.753,0.688) filter=(0.543,0.450) target=(368,729) cursor=(375,727)
[2026-06-07 14:14:00] [computeCursor] IN: screenSize=(1920,1080) → OUT: cursor=(367,729) (0ms)
[CURSOR-ABS] handSide=unknown hand=(0.778,0.680) filter=(0.544,0.450) target=(360,731) cursor=(368,729)
[2026-06-07 14:14:00] [computeCursor] IN: screenSize=(1920,1080) → OUT: cursor=(359,730) (0ms)
[CURSOR-ABS] handSide=unknown hand=(0.803,0.668) filter=(0.546,0.451) target=(351,733) cursor=(360,731)
[2026-06-07 14:14:00] [computeCursor] IN: screenSize=(1920,1080) → OUT: cursor=(350,732) (0ms)
[CURSOR-ABS] handSide=unknown hand=(0.830,0.653) filter=(0.548,0.451) target=(340,735) cursor=(351,733)
[2026-06-07 14:14:00] [computeCursor] IN: screenSize=(1920,1080) → OUT: cursor=(340,734) (0ms)
[CURSOR-ABS] handSide=unknown hand=(0.854,0.648) filter=(0.550,0.452) target=(330,736) cursor=(341,735)
[2026-06-07 14:14:00] [computeCursor] IN: screenSize=(1920,1080) → OUT: cursor=(329,736) (0ms)
[CURSOR-ABS] handSide=unknown hand=(0.874,0.619) filter=(0.552,0.452) target=(316,738) cursor=(330,736)
[2026-06-07 14:14:00] [computeCursor] IN: screenSize=(1920,1080) → OUT: cursor=(316,738) (0ms)
[CURSOR-ABS] handSide=unknown hand=(0.890,0.593) filter=(0.554,0.452) target=(304,740) cursor=(317,738)
[2026-06-07 14:14:00] [computeCursor] IN: screenSize=(1920,1080) → OUT: cursor=(304,740) (0ms)
[CURSOR-ABS] handSide=unknown hand=(0.901,0.569) filter=(0.557,0.453) target=(292,742) cursor=(304,740)
[2026-06-07 14:14:00] [computeCursor] IN: screenSize=(1920,1080) → OUT: cursor=(291,741) (0ms)
[CURSOR-ABS] handSide=unknown hand=(0.905,0.551) filter=(0.559,0.453) target=(279,743) cursor=(292,742)
[2026-06-07 14:14:00] [computeCursor] IN: screenSize=(1920,1080) → OUT: cursor=(278,743) (0ms)
[CURSOR-ABS] handSide=unknown hand=(0.900,0.527) filter=(0.561,0.453) target=(266,744) cursor=(279,743)
[2026-06-07 14:14:00] [computeCursor] IN: screenSize=(1920,1080) → OUT: cursor=(266,744) (0ms)
[CURSOR-ABS] handSide=unknown hand=(0.887,0.517) filter=(0.563,0.453) target=(254,745) cursor=(266,744)
[2026-06-07 14:14:00] [computeCursor] IN: screenSize=(1920,1080) → OUT: cursor=(254,745) (0ms)
[CURSOR-ABS] handSide=unknown hand=(0.866,0.502) filter=(0.565,0.453) target=(243,746) cursor=(254,745)
[2026-06-07 14:14:00] [computeCursor] IN: screenSize=(1920,1080) → OUT: cursor=(242,746) (0ms)
[CURSOR-ABS] handSide=unknown hand=(0.841,0.491) filter=(0.567,0.453) target=(232,747) cursor=(243,746)
[2026-06-07 14:14:00] [computeCursor] IN: screenSize=(1920,1080) → OUT: cursor=(232,747) (0ms)
[CURSOR-ABS] handSide=unknown hand=(0.813,0.478) filter=(0.569,0.454) target=(223,748) cursor=(233,747)
[2026-06-07 14:14:00] [computeCursor] IN: screenSize=(1920,1080) → OUT: cursor=(223,748) (0ms)
[CURSOR-ABS] handSide=unknown hand=(0.783,0.474) filter=(0.570,0.454) target=(215,749) cursor=(223,748)
[2026-06-07 14:14:00] [computeCursor] IN: screenSize=(1920,1080) → OUT: cursor=(215,748) (0ms)
[CURSOR-ABS] handSide=unknown hand=(0.755,0.464) filter=(0.571,0.454) target=(208,749) cursor=(215,749)
[2026-06-07 14:14:00] [computeCursor] IN: screenSize=(1920,1080) → OUT: cursor=(207,749) (0ms)
[CURSOR-ABS] handSide=unknown hand=(0.722,0.464) filter=(0.572,0.454) target=(202,750) cursor=(208,749)
[2026-06-07 14:14:00] [computeCursor] IN: screenSize=(1920,1080) → OUT: cursor=(202,749) (0ms)
[CURSOR-ABS] handSide=unknown hand=(0.691,0.471) filter=(0.573,0.454) target=(197,750) cursor=(202,750)
[2026-06-07 14:14:00] [computeCursor] IN: screenSize=(1920,1080) → OUT: cursor=(197,750) (0ms)
[CURSOR-ABS] handSide=unknown hand=(0.663,0.485) filter=(0.574,0.454) target=(194,751) cursor=(197,750)
[2026-06-07 14:14:00] [computeCursor] IN: screenSize=(1920,1080) → OUT: cursor=(193,750) (0ms)
[CURSOR-ABS] handSide=unknown hand=(0.642,0.498) filter=(0.574,0.454) target=(191,751) cursor=(194,751)
[2026-06-07 14:14:00] [computeCursor] IN: screenSize=(1920,1080) → OUT: cursor=(191,751) (0ms)
[CURSOR-ABS] handSide=unknown hand=(0.625,0.513) filter=(0.574,0.454) target=(189,752) cursor=(191,751)
[2026-06-07 14:14:00] [computeCursor] IN: screenSize=(1920,1080) → OUT: cursor=(189,751) (0ms)
[CURSOR-ABS] handSide=unknown hand=(0.610,0.528) filter=(0.575,0.454) target=(188,752) cursor=(189,752)
[2026-06-07 14:14:00] [computeCursor] IN: screenSize=(1920,1080) → OUT: cursor=(187,752) (0ms)
[CURSOR-ABS] handSide=unknown hand=(0.600,0.541) filter=(0.575,0.454) target=(186,753) cursor=(188,752)
[2026-06-07 14:14:00] [computeCursor] IN: screenSize=(1920,1080) → OUT: cursor=(186,752) (0ms)
[CURSOR-ABS] handSide=unknown hand=(0.594,0.558) filter=(0.575,0.455) target=(186,753) cursor=(186,753)
[2026-06-07 14:14:00] [computeCursor] IN: screenSize=(1920,1080) → OUT: cursor=(185,753) (0ms)
[CURSOR-ABS] handSide=unknown hand=(0.591,0.578) filter=(0.575,0.455) target=(185,754) cursor=(186,753)
[2026-06-07 14:14:00] [computeCursor] IN: screenSize=(1920,1080) → OUT: cursor=(184,754) (0ms)
[CURSOR-ABS] handSide=unknown hand=(0.592,0.594) filter=(0.575,0.455) target=(184,755) cursor=(185,754)
[2026-06-07 14:14:00] [computeCursor] IN: screenSize=(1920,1080) → OUT: cursor=(183,755) (0ms)
[CURSOR-ABS] handSide=unknown hand=(0.593,0.613) filter=(0.575,0.456) target=(183,756) cursor=(184,755)
[2026-06-07 14:14:00] [computeCursor] IN: screenSize=(1920,1080) → OUT: cursor=(182,756) (0ms)
[CURSOR-ABS] handSide=unknown hand=(0.600,0.630) filter=(0.575,0.456) target=(182,757) cursor=(183,756)
[2026-06-07 14:14:00] [computeCursor] IN: screenSize=(1920,1080) → OUT: cursor=(181,757) (0ms)
[CURSOR-ABS] handSide=unknown hand=(0.612,0.647) filter=(0.576,0.456) target=(180,759) cursor=(182,757)
[2026-06-07 14:14:00] [computeCursor] IN: screenSize=(1920,1080) → OUT: cursor=(179,758) (0ms)
[CURSOR-ABS] handSide=unknown hand=(0.627,0.667) filter=(0.576,0.457) target=(178,760) cursor=(180,759)
[2026-06-07 14:14:00] [computeCursor] IN: screenSize=(1920,1080) → OUT: cursor=(177,760) (0ms)
[CURSOR-ABS] handSide=unknown hand=(0.645,0.682) filter=(0.576,0.457) target=(174,762) cursor=(178,760)
[2026-06-07 14:14:00] [computeCursor] IN: screenSize=(1920,1080) → OUT: cursor=(174,761) (0ms)
[CURSOR-ABS] handSide=unknown hand=(0.668,0.690) filter=(0.577,0.458) target=(170,764) cursor=(174,762)
[2026-06-07 14:14:00] [computeCursor] IN: screenSize=(1920,1080) → OUT: cursor=(170,763) (0ms)
[CURSOR-ABS] handSide=unknown hand=(0.692,0.696) filter=(0.578,0.459) target=(166,766) cursor=(170,764)
[2026-06-07 14:14:00] [computeCursor] IN: screenSize=(1920,1080) → OUT: cursor=(165,765) (0ms)
[CURSOR-ABS] handSide=unknown hand=(0.718,0.700) filter=(0.579,0.459) target=(160,768) cursor=(166,765)
[2026-06-07 14:14:00] [computeCursor] IN: screenSize=(1920,1080) → OUT: cursor=(159,767) (0ms)
[CURSOR-ABS] handSide=unknown hand=(0.748,0.695) filter=(0.580,0.460) target=(152,770) cursor=(160,768)
[2026-06-07 14:14:00] [computeCursor] IN: screenSize=(1920,1080) → OUT: cursor=(152,769) (0ms)
[CURSOR-ABS] handSide=unknown hand=(0.779,0.693) filter=(0.581,0.460) target=(144,772) cursor=(152,770)
[2026-06-07 14:14:00] [computeCursor] IN: screenSize=(1920,1080) → OUT: cursor=(143,771) (0ms)
[CURSOR-ABS] handSide=unknown hand=(0.810,0.668) filter=(0.583,0.461) target=(134,774) cursor=(144,772)
[2026-06-07 14:14:00] [computeCursor] IN: screenSize=(1920,1080) → OUT: cursor=(134,773) (0ms)
[CURSOR-ABS] handSide=unknown hand=(0.841,0.652) filter=(0.585,0.461) target=(124,776) cursor=(134,774)
[2026-06-07 14:14:00] [computeCursor] IN: screenSize=(1920,1080) → OUT: cursor=(123,775) (0ms)
[CURSOR-ABS] handSide=unknown hand=(0.866,0.644) filter=(0.586,0.462) target=(112,778) cursor=(124,776)
[2026-06-07 14:14:00] [computeCursor] IN: screenSize=(1920,1080) → OUT: cursor=(111,777) (0ms)
[CURSOR-ABS] handSide=unknown hand=(0.889,0.627) filter=(0.588,0.462) target=(99,780) cursor=(112,778)
[2026-06-07 14:14:00] [computeCursor] IN: screenSize=(1920,1080) → OUT: cursor=(99,779) (0ms)
[CURSOR-ABS] handSide=unknown hand=(0.910,0.611) filter=(0.591,0.463) target=(85,782) cursor=(99,780)
[2026-06-07 14:14:00] [computeCursor] IN: screenSize=(1920,1080) → OUT: cursor=(85,781) (0ms)
[CURSOR-ABS] handSide=unknown hand=(0.922,0.585) filter=(0.593,0.463) target=(71,784) cursor=(85,782)
[2026-06-07 14:14:00] [computeCursor] IN: screenSize=(1920,1080) → OUT: cursor=(71,783) (0ms)
[CURSOR-ABS] handSide=unknown hand=(0.924,0.563) filter=(0.595,0.463) target=(57,785) cursor=(71,784)
[2026-06-07 14:14:00] [computeCursor] IN: screenSize=(1920,1080) → OUT: cursor=(57,785) (0ms)
[CURSOR-ABS] handSide=unknown hand=(0.919,0.540) filter=(0.597,0.463) target=(43,787) cursor=(57,785)
[2026-06-07 14:14:00] [computeCursor] IN: screenSize=(1920,1080) → OUT: cursor=(42,786) (0ms)
[CURSOR-ABS] handSide=unknown hand=(0.905,0.523) filter=(0.600,0.464) target=(29,788) cursor=(43,787)
[2026-06-07 14:14:00] [computeCursor] IN: screenSize=(1920,1080) → OUT: cursor=(29,788) (0ms)
[CURSOR-ABS] handSide=unknown hand=(0.883,0.502) filter=(0.602,0.464) target=(17,789) cursor=(29,788)
[2026-06-07 14:14:00] [computeCursor] IN: screenSize=(1920,1080) → OUT: cursor=(16,789) (0ms)
[CURSOR-ABS] handSide=unknown hand=(0.858,0.485) filter=(0.603,0.464) target=(5,790) cursor=(17,789)
[2026-06-07 14:14:00] [computeCursor] IN: screenSize=(1920,1080) → OUT: cursor=(5,790) (0ms)
[CURSOR-ABS] handSide=unknown hand=(0.829,0.468) filter=(0.605,0.464) target=(381,691) cursor=(5,790)
[2026-06-07 14:14:00] [computeCursor] IN: screenSize=(1920,1080) → OUT: cursor=(379,691) (0ms)
[CURSOR-ABS] handSide=unknown hand=(0.797,0.454) filter=(0.606,0.464) target=(376,691) cursor=(379,691)
[2026-06-07 14:14:00] [computeCursor] IN: screenSize=(1920,1080) → OUT: cursor=(376,690) (0ms)
[CURSOR-ABS] handSide=unknown hand=(0.762,0.447) filter=(0.607,0.464) target=(372,691) cursor=(376,691)
[2026-06-07 14:14:00] [computeCursor] IN: screenSize=(1920,1080) → OUT: cursor=(371,691) (0ms)
[CURSOR-ABS] handSide=unknown hand=(0.730,0.445) filter=(0.608,0.464) target=(368,691) cursor=(372,691)
[2026-06-07 14:14:00] [computeCursor] IN: screenSize=(1920,1080) → OUT: cursor=(368,691) (0ms)
[CURSOR-ABS] handSide=unknown hand=(0.693,0.455) filter=(0.609,0.464) target=(366,691) cursor=(368,691)
[2026-06-07 14:14:00] [computeCursor] IN: screenSize=(1920,1080) → OUT: cursor=(366,691) (0ms)
[CURSOR-ABS] handSide=unknown hand=(0.659,0.457) filter=(0.609,0.464) target=(365,691) cursor=(366,691)
[2026-06-07 14:14:00] [computeCursor] IN: screenSize=(1920,1080) → OUT: cursor=(364,691) (0ms)
[CURSOR-ABS] handSide=unknown hand=(0.628,0.472) filter=(0.609,0.464) target=(364,691) cursor=(365,691)
[2026-06-07 14:14:00] [computeCursor] IN: screenSize=(1920,1080) → OUT: cursor=(364,691) (0ms)
[CURSOR-ABS] handSide=unknown hand=(0.599,0.482) filter=(0.609,0.464) target=(364,692) cursor=(364,691)
[2026-06-07 14:14:00] [computeCursor] IN: screenSize=(1920,1080) → OUT: cursor=(364,691) (0ms)
[CURSOR-ABS] handSide=unknown hand=(0.579,0.488) filter=(0.609,0.464) target=(365,692) cursor=(364,692)
[2026-06-07 14:14:00] [computeCursor] IN: screenSize=(1920,1080) → OUT: cursor=(365,691) (0ms)
[CURSOR-ABS] handSide=unknown hand=(0.566,0.503) filter=(0.609,0.464) target=(366,692) cursor=(365,692)
[2026-06-07 14:14:00] [computeCursor] IN: screenSize=(1920,1080) → OUT: cursor=(366,691) (0ms)
[CURSOR-ABS] handSide=unknown hand=(0.556,0.524) filter=(0.608,0.464) target=(368,692) cursor=(366,692)
[2026-06-07 14:14:00] [computeCursor] IN: screenSize=(1920,1080) → OUT: cursor=(367,691) (0ms)
[CURSOR-ABS] handSide=unknown hand=(0.552,0.550) filter=(0.608,0.464) target=(369,692) cursor=(368,692)
[2026-06-07 14:14:00] [computeCursor] IN: screenSize=(1920,1080) → OUT: cursor=(369,692) (0ms)
[CURSOR-ABS] handSide=unknown hand=(0.552,0.575) filter=(0.608,0.464) target=(371,693) cursor=(369,692)
[2026-06-07 14:14:00] [computeCursor] IN: screenSize=(1920,1080) → OUT: cursor=(370,692) (0ms)
[CURSOR-ABS] handSide=unknown hand=(0.553,0.598) filter=(0.607,0.465) target=(372,693) cursor=(371,693)
[2026-06-07 14:14:00] [computeCursor] IN: screenSize=(1920,1080) → OUT: cursor=(371,693) (0ms)
[CURSOR-ABS] handSide=unknown hand=(0.558,0.624) filter=(0.607,0.465) target=(373,694) cursor=(372,693)
[2026-06-07 14:14:00] [computeCursor] IN: screenSize=(1920,1080) → OUT: cursor=(372,693) (0ms)
[CURSOR-ABS] handSide=unknown hand=(0.565,0.647) filter=(0.607,0.466) target=(374,694) cursor=(373,694)
[2026-06-07 14:14:00] [computeCursor] IN: screenSize=(1920,1080) → OUT: cursor=(373,694) (0ms)
[CURSOR-ABS] handSide=unknown hand=(0.572,0.668) filter=(0.606,0.466) target=(375,695) cursor=(374,694)
[2026-06-07 14:14:00] [computeCursor] IN: screenSize=(1920,1080) → OUT: cursor=(374,695) (0ms)
[CURSOR-ABS] handSide=unknown hand=(0.585,0.690) filter=(0.606,0.467) target=(375,696) cursor=(375,695)
[2026-06-07 14:14:00] [computeCursor] IN: screenSize=(1920,1080) → OUT: cursor=(374,696) (0ms)
[CURSOR-ABS] handSide=unknown hand=(0.597,0.710) filter=(0.606,0.467) target=(375,697) cursor=(375,696)
[2026-06-07 14:14:00] [computeCursor] IN: screenSize=(1920,1080) → OUT: cursor=(374,697) (0ms)
[CURSOR-ABS] handSide=unknown hand=(0.614,0.730) filter=(0.606,0.468) target=(374,699) cursor=(375,697)
[2026-06-07 14:14:00] [computeCursor] IN: screenSize=(1920,1080) → OUT: cursor=(374,698) (0ms)
[CURSOR-ABS] handSide=unknown hand=(0.631,0.744) filter=(0.606,0.469) target=(373,700) cursor=(374,699)
[2026-06-07 14:14:00] [computeCursor] IN: screenSize=(1920,1080) → OUT: cursor=(373,700) (0ms)
[CURSOR-ABS] handSide=unknown hand=(0.653,0.761) filter=(0.607,0.470) target=(372,702) cursor=(373,700)
[2026-06-07 14:14:00] [computeCursor] IN: screenSize=(1920,1080) → OUT: cursor=(371,701) (0ms)
[CURSOR-ABS] handSide=unknown hand=(0.675,0.769) filter=(0.607,0.471) target=(369,703) cursor=(372,701)
[2026-06-07 14:14:00] [computeCursor] IN: screenSize=(1920,1080) → OUT: cursor=(369,703) (0ms)
[CURSOR-ABS] handSide=unknown hand=(0.698,0.771) filter=(0.608,0.471) target=(367,705) cursor=(369,703)
[2026-06-07 14:14:00] [computeCursor] IN: screenSize=(1920,1080) → OUT: cursor=(366,704) (0ms)
[CURSOR-ABS] handSide=unknown hand=(0.727,0.773) filter=(0.609,0.472) target=(363,706) cursor=(367,705)
[2026-06-07 14:14:00] [computeCursor] IN: screenSize=(1920,1080) → OUT: cursor=(362,706) (0ms)
[CURSOR-ABS] handSide=unknown hand=(0.753,0.776) filter=(0.610,0.473) target=(359,708) cursor=(363,706)
[2026-06-07 14:14:00] [computeCursor] IN: screenSize=(1920,1080) → OUT: cursor=(358,708) (0ms)
[CURSOR-ABS] handSide=unknown hand=(0.779,0.773) filter=(0.611,0.474) target=(354,710) cursor=(359,708)
[2026-06-07 14:14:00] [computeCursor] IN: screenSize=(1920,1080) → OUT: cursor=(353,710) (0ms)
[CURSOR-ABS] handSide=unknown hand=(0.805,0.764) filter=(0.612,0.475) target=(348,712) cursor=(354,710)
[2026-06-07 14:14:00] [computeCursor] IN: screenSize=(1920,1080) → OUT: cursor=(347,711) (0ms)
[CURSOR-ABS] handSide=unknown hand=(0.830,0.754) filter=(0.614,0.476) target=(342,714) cursor=(348,712)
[2026-06-07 14:14:00] [computeCursor] IN: screenSize=(1920,1080) → OUT: cursor=(341,713) (0ms)
[CURSOR-ABS] handSide=unknown hand=(0.857,0.744) filter=(0.615,0.476) target=(334,716) cursor=(342,714)
[2026-06-07 14:14:00] [computeCursor] IN: screenSize=(1920,1080) → OUT: cursor=(334,715) (0ms)
[CURSOR-ABS] handSide=unknown hand=(0.880,0.731) filter=(0.617,0.477) target=(327,717) cursor=(334,716)
[2026-06-07 14:14:00] [computeCursor] IN: screenSize=(1920,1080) → OUT: cursor=(326,717) (0ms)
[CURSOR-ABS] handSide=unknown hand=(0.902,0.716) filter=(0.619,0.478) target=(318,719) cursor=(327,717)
[2026-06-07 14:14:00] [computeCursor] IN: screenSize=(1920,1080) → OUT: cursor=(317,719) (0ms)
[CURSOR-ABS] handSide=unknown hand=(0.912,0.692) filter=(0.621,0.478) target=(309,721) cursor=(318,719)
[2026-06-07 14:14:00] [computeCursor] IN: screenSize=(1920,1080) → OUT: cursor=(309,721) (0ms)
[CURSOR-ABS] handSide=unknown hand=(0.927,0.654) filter=(0.624,0.479) target=(300,723) cursor=(309,721)
[2026-06-07 14:14:00] [computeCursor] IN: screenSize=(1920,1080) → OUT: cursor=(300,722) (0ms)
[CURSOR-ABS] handSide=unknown hand=(0.926,0.636) filter=(0.626,0.479) target=(291,724) cursor=(300,723)
[2026-06-07 14:14:00] [computeCursor] IN: screenSize=(1920,1080) → OUT: cursor=(291,724) (0ms)
[CURSOR-ABS] handSide=unknown hand=(0.921,0.606) filter=(0.628,0.480) target=(284,725) cursor=(291,724)
[2026-06-07 14:14:00] [computeCursor] IN: screenSize=(1920,1080) → OUT: cursor=(284,725) (0ms)
[CURSOR-ABS] handSide=unknown hand=(0.909,0.579) filter=(0.630,0.480) target=(278,726) cursor=(284,725)
[2026-06-07 14:14:00] [computeCursor] IN: screenSize=(1920,1080) → OUT: cursor=(277,725) (0ms)
[CURSOR-ABS] handSide=unknown hand=(0.892,0.551) filter=(0.632,0.480) target=(272,726) cursor=(278,726)
[2026-06-07 14:14:00] [computeCursor] IN: screenSize=(1920,1080) → OUT: cursor=(272,726) (0ms)
[CURSOR-ABS] handSide=unknown hand=(0.871,0.525) filter=(0.634,0.480) target=(267,726) cursor=(272,726)
[2026-06-07 14:14:00] [computeCursor] IN: screenSize=(1920,1080) → OUT: cursor=(266,726) (0ms)
[CURSOR-ABS] handSide=unknown hand=(0.846,0.508) filter=(0.635,0.481) target=(262,726) cursor=(267,726)
[2026-06-07 14:14:00] [computeCursor] IN: screenSize=(1920,1080) → OUT: cursor=(262,726) (0ms)
[CURSOR-ABS] handSide=unknown hand=(0.822,0.490) filter=(0.636,0.481) target=(258,726) cursor=(262,726)
[2026-06-07 14:14:00] [computeCursor] IN: screenSize=(1920,1080) → OUT: cursor=(258,726) (0ms)
[CURSOR-ABS] handSide=unknown hand=(0.794,0.482) filter=(0.638,0.481) target=(255,726) cursor=(258,726)
[2026-06-07 14:14:00] [computeCursor] IN: screenSize=(1920,1080) → OUT: cursor=(254,726) (0ms)
[CURSOR-ABS] handSide=unknown hand=(0.764,0.474) filter=(0.638,0.481) target=(252,726) cursor=(255,726)
[2026-06-07 14:14:00] [computeCursor] IN: screenSize=(1920,1080) → OUT: cursor=(252,726) (0ms)
[CURSOR-ABS] handSide=unknown hand=(0.735,0.472) filter=(0.639,0.481) target=(250,726) cursor=(252,726)
[2026-06-07 14:14:00] [computeCursor] IN: screenSize=(1920,1080) → OUT: cursor=(250,726) (0ms)
[CURSOR-ABS] handSide=unknown hand=(0.708,0.480) filter=(0.640,0.481) target=(249,726) cursor=(250,726)
[2026-06-07 14:14:00] [computeCursor] IN: screenSize=(1920,1080) → OUT: cursor=(248,726) (0ms)
[CURSOR-ABS] handSide=unknown hand=(0.678,0.491) filter=(0.640,0.481) target=(248,726) cursor=(249,726)
[2026-06-07 14:14:00] [computeCursor] IN: screenSize=(1920,1080) → OUT: cursor=(247,726) (0ms)
[CURSOR-ABS] handSide=unknown hand=(0.653,0.506) filter=(0.640,0.481) target=(247,727) cursor=(248,726)
[2026-06-07 14:14:00] [computeCursor] IN: screenSize=(1920,1080) → OUT: cursor=(247,726) (0ms)
[CURSOR-ABS] handSide=unknown hand=(0.637,0.524) filter=(0.640,0.481) target=(248,727) cursor=(247,727)
[2026-06-07 14:14:00] [computeCursor] IN: screenSize=(1920,1080) → OUT: cursor=(247,726) (0ms)
[CURSOR-ABS] handSide=unknown hand=(0.632,0.536) filter=(0.640,0.481) target=(248,727) cursor=(248,727)
[2026-06-07 14:14:00] [computeCursor] IN: screenSize=(1920,1080) → OUT: cursor=(247,727) (0ms)
[CURSOR-ABS] handSide=unknown hand=(0.634,0.540) filter=(0.640,0.481) target=(248,727) cursor=(248,727)
[2026-06-07 14:14:00] [computeCursor] IN: screenSize=(1920,1080) → OUT: cursor=(247,727) (0ms)
[CURSOR-ABS] handSide=unknown hand=(0.648,0.523) filter=(0.640,0.481) target=(248,728) cursor=(248,727)
[2026-06-07 14:14:00] [computeCursor] IN: screenSize=(1920,1080) → OUT: cursor=(247,727) (0ms)
[CURSOR-ABS] handSide=unknown hand=(0.674,0.474) filter=(0.640,0.481) target=(247,728) cursor=(248,728)
[2026-06-07 14:14:00] [computeCursor] IN: screenSize=(1920,1080) → OUT: cursor=(246,727) (0ms)
[CURSOR-ABS] handSide=unknown hand=(0.695,0.416) filter=(0.641,0.481) target=(246,727) cursor=(247,728)
[2026-06-07 14:14:00] [computeCursor] IN: screenSize=(1920,1080) → OUT: cursor=(245,727) (0ms)
[CURSOR-ABS] handSide=unknown hand=(0.719,0.329) filter=(0.641,0.481) target=(244,726) cursor=(246,727)
[2026-06-07 14:14:00] [computeCursor] IN: screenSize=(1920,1080) → OUT: cursor=(244,726) (0ms)
[CURSOR-ABS] handSide=unknown hand=(0.746,0.233) filter=(0.642,0.480) target=(242,725) cursor=(244,726)
[2026-06-07 14:14:00] [computeCursor] IN: screenSize=(1920,1080) → OUT: cursor=(241,725) (0ms)
[CURSOR-ABS] handSide=unknown hand=(0.427,0.168) filter=(0.640,0.479) target=(246,724) cursor=(242,725)
[2026-06-07 14:14:00] [computeCursor] IN: screenSize=(1920,1080) → OUT: cursor=(246,723) (0ms)
[CURSOR-ABS] handSide=unknown hand=(0.424,0.164) filter=(0.639,0.478) target=(251,722) cursor=(246,724)
[2026-06-07 14:14:00] [computeCursor] IN: screenSize=(1920,1080) → OUT: cursor=(251,722) (0ms)
[CURSOR-ABS] handSide=unknown hand=(0.421,0.164) filter=(0.637,0.477) target=(256,721) cursor=(251,722)
[2026-06-07 14:14:00] [computeCursor] IN: screenSize=(1920,1080) → OUT: cursor=(255,720) (0ms)
[CURSOR-ABS] handSide=unknown hand=(0.420,0.166) filter=(0.636,0.476) target=(260,719) cursor=(256,721)
[2026-06-07 14:14:00] [computeCursor] IN: screenSize=(1920,1080) → OUT: cursor=(260,719) (0ms)
[CURSOR-ABS] handSide=unknown hand=(0.420,0.162) filter=(0.634,0.475) target=(265,718) cursor=(260,719)
[2026-06-07 14:14:00] [computeCursor] IN: screenSize=(1920,1080) → OUT: cursor=(264,717) (0ms)
[CURSOR-ABS] handSide=unknown hand=(0.418,0.158) filter=(0.633,0.474) target=(270,716) cursor=(265,718)
[2026-06-07 14:14:00] [computeCursor] IN: screenSize=(1920,1080) → OUT: cursor=(269,716) (0ms)
[CURSOR-ABS] handSide=unknown hand=(0.414,0.158) filter=(0.631,0.474) target=(274,715) cursor=(269,716)
[2026-06-07 14:14:00] [computeCursor] IN: screenSize=(1920,1080) → OUT: cursor=(274,714) (0ms)
[CURSOR-ABS] handSide=unknown hand=(0.414,0.157) filter=(0.630,0.473) target=(279,713) cursor=(274,715)
[2026-06-07 14:14:00] [computeCursor] IN: screenSize=(1920,1080) → OUT: cursor=(279,713) (0ms)
[CURSOR-ABS] handSide=unknown hand=(0.414,0.152) filter=(0.628,0.472) target=(286,711) cursor=(279,713)
[2026-06-07 14:14:00] [computeCursor] IN: screenSize=(1920,1080) → OUT: cursor=(285,711) (0ms)
[CURSOR-ABS] handSide=unknown hand=(0.414,0.151) filter=(0.627,0.471) target=(292,709) cursor=(286,711)
[2026-06-07 14:14:00] [computeCursor] IN: screenSize=(1920,1080) → OUT: cursor=(292,709) (0ms)
[CURSOR-ABS] handSide=unknown hand=(0.415,0.149) filter=(0.625,0.470) target=(299,707) cursor=(292,709)
[2026-06-07 14:14:00] [computeCursor] IN: screenSize=(1920,1080) → OUT: cursor=(298,707) (0ms)
[CURSOR-ABS] handSide=unknown hand=(0.420,0.150) filter=(0.624,0.469) target=(305,705) cursor=(299,707)
[2026-06-07 14:14:00] [computeCursor] IN: screenSize=(1920,1080) → OUT: cursor=(305,705) (0ms)
[CURSOR-ABS] handSide=unknown hand=(0.422,0.148) filter=(0.622,0.468) target=(311,703) cursor=(305,705)
[2026-06-07 14:14:00] [computeCursor] IN: screenSize=(1920,1080) → OUT: cursor=(311,703) (0ms)
[CURSOR-ABS] handSide=unknown hand=(0.423,0.150) filter=(0.621,0.468) target=(317,701) cursor=(311,703)
[2026-06-07 14:14:00] [computeCursor] IN: screenSize=(1920,1080) → OUT: cursor=(317,701) (0ms)
[CURSOR-ABS] handSide=unknown hand=(0.424,0.148) filter=(0.619,0.467) target=(323,699) cursor=(317,701)
[2026-06-07 14:14:00] [computeCursor] IN: screenSize=(1920,1080) → OUT: cursor=(323,699) (0ms)
[CURSOR-ABS] handSide=unknown hand=(0.429,0.146) filter=(0.618,0.466) target=(329,698) cursor=(323,699)
[2026-06-07 14:14:00] [computeCursor] IN: screenSize=(1920,1080) → OUT: cursor=(329,697) (0ms)
[CURSOR-ABS] handSide=unknown hand=(0.432,0.146) filter=(0.617,0.465) target=(335,696) cursor=(329,698)
[2026-06-07 14:14:00] [computeCursor] IN: screenSize=(1920,1080) → OUT: cursor=(334,695) (0ms)
[CURSOR-ABS] handSide=unknown hand=(0.434,0.153) filter=(0.615,0.464) target=(340,694) cursor=(335,696)
[2026-06-07 14:14:00] [computeCursor] IN: screenSize=(1920,1080) → OUT: cursor=(340,694) (0ms)
[CURSOR-ABS] handSide=unknown hand=(0.438,0.155) filter=(0.614,0.463) target=(345,692) cursor=(340,694)
[2026-06-07 14:14:00] [computeCursor] IN: screenSize=(1920,1080) → OUT: cursor=(345,692) (0ms)
[CURSOR-ABS] handSide=unknown hand=(0.440,0.146) filter=(0.613,0.463) target=(351,691) cursor=(345,692)
[2026-06-07 14:14:00] [computeCursor] IN: screenSize=(1920,1080) → OUT: cursor=(350,690) (0ms)
[CURSOR-ABS] handSide=unknown hand=(0.441,0.146) filter=(0.612,0.462) target=(356,689) cursor=(351,691)
[2026-06-07 14:14:00] [computeCursor] IN: screenSize=(1920,1080) → OUT: cursor=(355,688) (0ms)
[CURSOR-ABS] handSide=unknown hand=(0.440,0.145) filter=(0.610,0.461) target=(361,687) cursor=(356,689)
[2026-06-07 14:14:00] [computeCursor] IN: screenSize=(1920,1080) → OUT: cursor=(360,687) (0ms)
[CURSOR-ABS] handSide=unknown hand=(0.438,0.143) filter=(0.609,0.460) target=(366,686) cursor=(361,687)
[2026-06-07 14:14:00] [computeCursor] IN: screenSize=(1920,1080) → OUT: cursor=(365,685) (0ms)
[CURSOR-ABS] handSide=unknown hand=(0.439,0.142) filter=(0.608,0.459) target=(371,684) cursor=(366,686)
[2026-06-07 14:14:00] [computeCursor] IN: screenSize=(1920,1080) → OUT: cursor=(371,683) (0ms)
[CURSOR-ABS] handSide=unknown hand=(0.440,0.141) filter=(0.607,0.459) target=(376,682) cursor=(371,684)
[2026-06-07 14:14:00] [computeCursor] IN: screenSize=(1920,1080) → OUT: cursor=(375,682) (0ms)
[CURSOR-ABS] handSide=unknown hand=(0.441,0.147) filter=(0.606,0.458) target=(381,681) cursor=(376,682)
[2026-06-07 14:14:00] [computeCursor] IN: screenSize=(1920,1080) → OUT: cursor=(380,680) (0ms)
[CURSOR-ABS] handSide=unknown hand=(0.442,0.144) filter=(0.605,0.457) target=(385,679) cursor=(381,681)
[2026-06-07 14:14:00] [computeCursor] IN: screenSize=(1920,1080) → OUT: cursor=(385,679) (0ms)
[CURSOR-ABS] handSide=unknown hand=(0.443,0.145) filter=(0.603,0.456) target=(10,769) cursor=(385,679)
[2026-06-07 14:14:00] [computeCursor] IN: screenSize=(1920,1080) → OUT: cursor=(11,768) (0ms)
[CURSOR-ABS] handSide=unknown hand=(0.441,0.147) filter=(0.602,0.456) target=(18,767) cursor=(12,769)
[2026-06-07 14:14:00] [computeCursor] IN: screenSize=(1920,1080) → OUT: cursor=(17,766) (0ms)
[CURSOR-ABS] handSide=unknown hand=(0.443,0.143) filter=(0.601,0.455) target=(25,764) cursor=(18,767)
[2026-06-07 14:14:00] [computeCursor] IN: screenSize=(1920,1080) → OUT: cursor=(25,764) (0ms)
[CURSOR-ABS] handSide=unknown hand=(0.443,0.146) filter=(0.600,0.454) target=(33,762) cursor=(25,764)
[2026-06-07 14:14:00] [computeCursor] IN: screenSize=(1920,1080) → OUT: cursor=(33,761) (0ms)
[CURSOR-ABS] handSide=unknown hand=(0.444,0.144) filter=(0.599,0.453) target=(41,759) cursor=(33,762)
[2026-06-07 14:14:00] [computeCursor] IN: screenSize=(1920,1080) → OUT: cursor=(40,759) (0ms)
[CURSOR-ABS] handSide=unknown hand=(0.442,0.143) filter=(0.598,0.453) target=(48,757) cursor=(41,759)
[2026-06-07 14:14:00] [computeCursor] IN: screenSize=(1920,1080) → OUT: cursor=(47,757) (0ms)
[CURSOR-ABS] handSide=unknown hand=(0.442,0.142) filter=(0.597,0.452) target=(55,755) cursor=(48,757)
[2026-06-07 14:14:00] [computeCursor] IN: screenSize=(1920,1080) → OUT: cursor=(54,754) (0ms)
[CURSOR-ABS] handSide=unknown hand=(0.442,0.144) filter=(0.596,0.451) target=(62,753) cursor=(55,755)
[2026-06-07 14:14:00] [computeCursor] IN: screenSize=(1920,1080) → OUT: cursor=(61,752) (0ms)
[CURSOR-ABS] handSide=unknown hand=(0.443,0.146) filter=(0.595,0.451) target=(68,750) cursor=(62,753)
[2026-06-07 14:14:00] [computeCursor] IN: screenSize=(1920,1080) → OUT: cursor=(68,750) (0ms)
[CURSOR-ABS] handSide=unknown hand=(0.448,0.144) filter=(0.594,0.450) target=(75,748) cursor=(68,750)
[2026-06-07 14:14:00] [computeCursor] IN: screenSize=(1920,1080) → OUT: cursor=(74,748) (0ms)
[CURSOR-ABS] handSide=unknown hand=(0.445,0.146) filter=(0.593,0.449) target=(81,746) cursor=(75,748)
[2026-06-07 14:14:00] [computeCursor] IN: screenSize=(1920,1080) → OUT: cursor=(81,746) (0ms)
[CURSOR-ABS] handSide=unknown hand=(0.441,0.154) filter=(0.592,0.449) target=(88,744) cursor=(81,746)
[2026-06-07 14:14:00] [computeCursor] IN: screenSize=(1920,1080) → OUT: cursor=(87,744) (0ms)
[CURSOR-ABS] handSide=unknown hand=(0.442,0.153) filter=(0.591,0.448) target=(94,742) cursor=(88,744)
[2026-06-07 14:14:00] [computeCursor] IN: screenSize=(1920,1080) → OUT: cursor=(94,742) (0ms)
[CURSOR-ABS] handSide=unknown hand=(0.441,0.151) filter=(0.590,0.448) target=(101,740) cursor=(94,742)
[2026-06-07 14:14:00] [computeCursor] IN: screenSize=(1920,1080) → OUT: cursor=(100,740) (0ms)
[CURSOR-ABS] handSide=unknown hand=(0.434,0.153) filter=(0.589,0.447) target=(108,738) cursor=(101,740)
[2026-06-07 14:14:00] [computeCursor] IN: screenSize=(1920,1080) → OUT: cursor=(107,738) (0ms)
[CURSOR-ABS] handSide=unknown hand=(0.429,0.154) filter=(0.588,0.447) target=(114,736) cursor=(108,738)
[2026-06-07 14:14:00] [computeCursor] IN: screenSize=(1920,1080) → OUT: cursor=(114,736) (0ms)
[CURSOR-ABS] handSide=unknown hand=(0.428,0.153) filter=(0.587,0.446) target=(121,734) cursor=(114,736)
[2026-06-07 14:14:00] [computeCursor] IN: screenSize=(1920,1080) → OUT: cursor=(121,734) (0ms)
[CURSOR-ABS] handSide=unknown hand=(0.430,0.158) filter=(0.586,0.445) target=(128,733) cursor=(121,734)
[2026-06-07 14:14:00] [computeCursor] IN: screenSize=(1920,1080) → OUT: cursor=(127,732) (0ms)
[CURSOR-ABS] handSide=unknown hand=(0.428,0.158) filter=(0.585,0.445) target=(134,731) cursor=(128,733)
[2026-06-07 14:14:00] [computeCursor] IN: screenSize=(1920,1080) → OUT: cursor=(134,730) (0ms)
[CURSOR-ABS] handSide=unknown hand=(0.430,0.159) filter=(0.584,0.444) target=(141,729) cursor=(134,731)
[2026-06-07 14:14:00] [computeCursor] IN: screenSize=(1920,1080) → OUT: cursor=(140,728) (1ms)
[CURSOR-ABS] handSide=unknown hand=(0.431,0.157) filter=(0.583,0.444) target=(147,727) cursor=(141,729)
[2026-06-07 14:14:00] [computeCursor] IN: screenSize=(1920,1080) → OUT: cursor=(146,727) (0ms)
[CURSOR-ABS] handSide=unknown hand=(0.433,0.156) filter=(0.582,0.443) target=(153,725) cursor=(147,727)
[2026-06-07 14:14:00] [computeCursor] IN: screenSize=(1920,1080) → OUT: cursor=(153,725) (0ms)
[CURSOR-ABS] handSide=unknown hand=(0.442,0.154) filter=(0.581,0.443) target=(159,724) cursor=(153,725)
[2026-06-07 14:14:00] [computeCursor] IN: screenSize=(1920,1080) → OUT: cursor=(159,723) (0ms)
[CURSOR-ABS] handSide=unknown hand=(0.448,0.150) filter=(0.580,0.442) target=(165,722) cursor=(159,724)
[2026-06-07 14:14:00] [computeCursor] IN: screenSize=(1920,1080) → OUT: cursor=(164,721) (0ms)
[CURSOR-ABS] handSide=unknown hand=(0.451,0.152) filter=(0.579,0.442) target=(170,720) cursor=(164,722)
[2026-06-07 14:14:00] [computeCursor] IN: screenSize=(1920,1080) → OUT: cursor=(169,720) (0ms)
[CURSOR-ABS] handSide=unknown hand=(0.445,0.150) filter=(0.578,0.441) target=(175,719) cursor=(170,720)
[2026-06-07 14:14:00] [computeCursor] IN: screenSize=(1920,1080) → OUT: cursor=(174,718) (0ms)
[CURSOR-ABS] handSide=unknown hand=(0.447,0.152) filter=(0.577,0.441) target=(180,717) cursor=(175,719)
[2026-06-07 14:14:00] [computeCursor] IN: screenSize=(1920,1080) → OUT: cursor=(180,717) (0ms)
[CURSOR-ABS] handSide=unknown hand=(0.443,0.149) filter=(0.576,0.440) target=(186,716) cursor=(180,717)
[2026-06-07 14:14:00] [computeCursor] IN: screenSize=(1920,1080) → OUT: cursor=(185,715) (0ms)
[CURSOR-ABS] handSide=unknown hand=(0.440,0.149) filter=(0.576,0.440) target=(191,714) cursor=(186,716)
[2026-06-07 14:14:00] [computeCursor] IN: screenSize=(1920,1080) → OUT: cursor=(191,713) (0ms)
[CURSOR-ABS] handSide=unknown hand=(0.436,0.149) filter=(0.574,0.439) target=(198,712) cursor=(191,714)
[2026-06-07 14:14:00] [computeCursor] IN: screenSize=(1920,1080) → OUT: cursor=(197,712) (0ms)
[CURSOR-ABS] handSide=unknown hand=(0.435,0.147) filter=(0.574,0.439) target=(203,711) cursor=(198,712)
[2026-06-07 14:14:00] [computeCursor] IN: screenSize=(1920,1080) → OUT: cursor=(203,710) (0ms)
[CURSOR-ABS] handSide=unknown hand=(0.435,0.148) filter=(0.573,0.438) target=(209,709) cursor=(203,711)
[2026-06-07 14:14:00] [computeCursor] IN: screenSize=(1920,1080) → OUT: cursor=(209,708) (0ms)
[CURSOR-ABS] handSide=unknown hand=(0.435,0.151) filter=(0.572,0.438) target=(214,707) cursor=(209,709)
[2026-06-07 14:14:00] [computeCursor] IN: screenSize=(1920,1080) → OUT: cursor=(214,707) (0ms)
[CURSOR-ABS] handSide=unknown hand=(0.435,0.150) filter=(0.571,0.437) target=(220,706) cursor=(214,707)
[2026-06-07 14:14:00] [computeCursor] IN: screenSize=(1920,1080) → OUT: cursor=(219,706) (0ms)
[CURSOR-ABS] handSide=unknown hand=(0.431,0.151) filter=(0.570,0.437) target=(225,705) cursor=(220,706)
[2026-06-07 14:14:00] [computeCursor] IN: screenSize=(1920,1080) → OUT: cursor=(225,704) (0ms)
[CURSOR-ABS] handSide=unknown hand=(0.431,0.151) filter=(0.569,0.436) target=(231,703) cursor=(225,705)
[2026-06-07 14:14:00] [computeCursor] IN: screenSize=(1920,1080) → OUT: cursor=(231,703) (0ms)
[CURSOR-ABS] handSide=unknown hand=(0.432,0.152) filter=(0.568,0.436) target=(236,702) cursor=(231,703)
[2026-06-07 14:14:00] [computeCursor] IN: screenSize=(1920,1080) → OUT: cursor=(236,701) (0ms)
[CURSOR-ABS] handSide=unknown hand=(0.432,0.149) filter=(0.567,0.435) target=(241,700) cursor=(236,702)
[2026-06-07 14:14:00] [computeCursor] IN: screenSize=(1920,1080) → OUT: cursor=(241,700) (0ms)
[CURSOR-ABS] handSide=unknown hand=(0.433,0.149) filter=(0.566,0.435) target=(246,699) cursor=(241,700)
[2026-06-07 14:14:00] [computeCursor] IN: screenSize=(1920,1080) → OUT: cursor=(246,699) (0ms)
[CURSOR-ABS] handSide=unknown hand=(0.434,0.149) filter=(0.566,0.435) target=(251,698) cursor=(246,699)
[2026-06-07 14:14:00] [computeCursor] IN: screenSize=(1920,1080) → OUT: cursor=(251,697) (0ms)
[CURSOR-ABS] handSide=unknown hand=(0.432,0.148) filter=(0.565,0.434) target=(256,696) cursor=(251,698)
[2026-06-07 14:14:00] [computeCursor] IN: screenSize=(1920,1080) → OUT: cursor=(256,696) (0ms)
[CURSOR-ABS] handSide=unknown hand=(0.433,0.148) filter=(0.564,0.434) target=(261,695) cursor=(256,696)
[2026-06-07 14:14:00] [computeCursor] IN: screenSize=(1920,1080) → OUT: cursor=(261,695) (0ms)
[CURSOR-ABS] handSide=unknown hand=(0.432,0.150) filter=(0.563,0.433) target=(266,694) cursor=(261,695)
[2026-06-07 14:14:00] [computeCursor] IN: screenSize=(1920,1080) → OUT: cursor=(266,693) (0ms)
[CURSOR-ABS] handSide=unknown hand=(0.433,0.148) filter=(0.562,0.433) target=(271,693) cursor=(266,694)
[2026-06-07 14:14:00] [computeCursor] IN: screenSize=(1920,1080) → OUT: cursor=(270,692) (0ms)
[CURSOR-ABS] handSide=unknown hand=(0.432,0.148) filter=(0.561,0.433) target=(276,691) cursor=(271,693)
[2026-06-07 14:14:00] [computeCursor] IN: screenSize=(1920,1080) → OUT: cursor=(275,691) (0ms)
[CURSOR-ABS] handSide=unknown hand=(0.433,0.149) filter=(0.561,0.432) target=(280,690) cursor=(276,691)
[2026-06-07 14:14:00] [computeCursor] IN: screenSize=(1920,1080) → OUT: cursor=(280,690) (0ms)
[CURSOR-ABS] handSide=unknown hand=(0.433,0.150) filter=(0.560,0.432) target=(285,689) cursor=(280,690)
[2026-06-07 14:14:00] [computeCursor] IN: screenSize=(1920,1080) → OUT: cursor=(284,689) (0ms)
[CURSOR-ABS] handSide=unknown hand=(0.433,0.149) filter=(0.559,0.432) target=(290,688) cursor=(285,689)
[2026-06-07 14:14:00] [computeCursor] IN: screenSize=(1920,1080) → OUT: cursor=(289,687) (0ms)
[CURSOR-ABS] handSide=unknown hand=(0.431,0.152) filter=(0.558,0.431) target=(294,687) cursor=(290,688)
[2026-06-07 14:14:00] [computeCursor] IN: screenSize=(1920,1080) → OUT: cursor=(294,686) (0ms)
[CURSOR-ABS] handSide=unknown hand=(0.433,0.150) filter=(0.558,0.431) target=(299,686) cursor=(294,687)
[2026-06-07 14:14:00] [computeCursor] IN: screenSize=(1920,1080) → OUT: cursor=(298,685) (1ms)
[CURSOR-ABS] handSide=unknown hand=(0.432,0.150) filter=(0.557,0.430) target=(303,685) cursor=(299,686)
[2026-06-07 14:14:00] [computeCursor] IN: screenSize=(1920,1080) → OUT: cursor=(303,684) (0ms)
[CURSOR-ABS] handSide=unknown hand=(0.432,0.151) filter=(0.556,0.430) target=(308,684) cursor=(303,685)
[2026-06-07 14:14:00] [computeCursor] IN: screenSize=(1920,1080) → OUT: cursor=(307,683) (0ms)
[CURSOR-ABS] handSide=unknown hand=(0.432,0.152) filter=(0.555,0.430) target=(312,683) cursor=(308,684)
[2026-06-07 14:14:00] [computeCursor] IN: screenSize=(1920,1080) → OUT: cursor=(311,682) (0ms)
[CURSOR-ABS] handSide=unknown hand=(0.432,0.150) filter=(0.554,0.430) target=(316,682) cursor=(312,683)
[2026-06-07 14:14:00] [computeCursor] IN: screenSize=(1920,1080) → OUT: cursor=(316,681) (0ms)
[CURSOR-ABS] handSide=unknown hand=(0.432,0.151) filter=(0.554,0.429) target=(321,681) cursor=(316,682)
[2026-06-07 14:14:00] [computeCursor] IN: screenSize=(1920,1080) → OUT: cursor=(320,680) (0ms)
[CURSOR-ABS] handSide=unknown hand=(0.432,0.151) filter=(0.553,0.429) target=(325,680) cursor=(321,681)
[2026-06-07 14:14:00] [computeCursor] IN: screenSize=(1920,1080) → OUT: cursor=(324,679) (0ms)
[CURSOR-ABS] handSide=unknown hand=(0.431,0.150) filter=(0.552,0.429) target=(329,679) cursor=(325,680)
[2026-06-07 14:14:00] [computeCursor] IN: screenSize=(1920,1080) → OUT: cursor=(329,678) (0ms)
[CURSOR-ABS] handSide=unknown hand=(0.430,0.150) filter=(0.551,0.428) target=(333,678) cursor=(329,679)
[2026-06-07 14:14:00] [computeCursor] IN: screenSize=(1920,1080) → OUT: cursor=(333,677) (0ms)
[CURSOR-ABS] handSide=unknown hand=(0.429,0.151) filter=(0.551,0.428) target=(338,677) cursor=(333,678)
[2026-06-07 14:14:00] [computeCursor] IN: screenSize=(1920,1080) → OUT: cursor=(337,676) (0ms)
[CURSOR-ABS] handSide=unknown hand=(0.429,0.152) filter=(0.550,0.428) target=(342,676) cursor=(337,677)
[2026-06-07 14:14:00] [computeCursor] IN: screenSize=(1920,1080) → OUT: cursor=(341,675) (0ms)
[CURSOR-ABS] handSide=unknown hand=(0.429,0.152) filter=(0.549,0.427) target=(346,675) cursor=(342,676)
[2026-06-07 14:14:00] [computeCursor] IN: screenSize=(1920,1080) → OUT: cursor=(345,675) (0ms)
[CURSOR-ABS] handSide=unknown hand=(0.429,0.153) filter=(0.548,0.427) target=(350,674) cursor=(346,675)
[2026-06-07 14:14:00] [computeCursor] IN: screenSize=(1920,1080) → OUT: cursor=(349,674) (0ms)
[CURSOR-ABS] handSide=unknown hand=(0.428,0.151) filter=(0.548,0.427) target=(354,673) cursor=(350,674)
[2026-06-07 14:14:00] [computeCursor] IN: screenSize=(1920,1080) → OUT: cursor=(353,673) (0ms)
[CURSOR-ABS] handSide=unknown hand=(0.428,0.152) filter=(0.547,0.427) target=(358,672) cursor=(354,673)
[2026-06-07 14:14:00] [computeCursor] IN: screenSize=(1920,1080) → OUT: cursor=(357,672) (0ms)
[CURSOR-ABS] handSide=unknown hand=(0.428,0.152) filter=(0.546,0.426) target=(362,672) cursor=(358,672)
[2026-06-07 14:14:00] [computeCursor] IN: screenSize=(1920,1080) → OUT: cursor=(361,671) (0ms)
[CURSOR-ABS] handSide=unknown hand=(0.428,0.152) filter=(0.546,0.426) target=(366,671) cursor=(362,672)
[2026-06-07 14:14:00] [computeCursor] IN: screenSize=(1920,1080) → OUT: cursor=(365,670) (0ms)
[CURSOR-ABS] handSide=unknown hand=(0.428,0.154) filter=(0.545,0.426) target=(370,670) cursor=(366,671)
[2026-06-07 14:14:00] [computeCursor] IN: screenSize=(1920,1080) → OUT: cursor=(369,670) (0ms)
[CURSOR-ABS] handSide=unknown hand=(0.428,0.152) filter=(0.544,0.426) target=(374,669) cursor=(370,670)
[2026-06-07 14:14:00] [computeCursor] IN: screenSize=(1920,1080) → OUT: cursor=(373,669) (0ms)
[CURSOR-ABS] handSide=unknown hand=(0.427,0.152) filter=(0.543,0.425) target=(377,669) cursor=(373,669)
[2026-06-07 14:14:00] [computeCursor] IN: screenSize=(1920,1080) → OUT: cursor=(377,668) (0ms)
[CURSOR-ABS] handSide=unknown hand=(0.426,0.154) filter=(0.543,0.425) target=(381,668) cursor=(377,669)
[2026-06-07 14:14:00] [computeCursor] IN: screenSize=(1920,1080) → OUT: cursor=(381,667) (0ms)
[CURSOR-ABS] handSide=unknown hand=(0.426,0.153) filter=(0.542,0.425) target=(385,667) cursor=(381,668)
[2026-06-07 14:14:00] [computeCursor] IN: screenSize=(1920,1080) → OUT: cursor=(384,667) (0ms)
[CURSOR-ABS] handSide=unknown hand=(0.427,0.152) filter=(0.541,0.425) target=(389,666) cursor=(385,667)
[2026-06-07 14:14:00] [computeCursor] IN: screenSize=(1920,1080) → OUT: cursor=(388,666) (0ms)
[CURSOR-ABS] handSide=unknown hand=(0.426,0.155) filter=(0.541,0.425) target=(392,666) cursor=(389,666)
[2026-06-07 14:14:00] [computeCursor] IN: screenSize=(1920,1080) → OUT: cursor=(392,665) (0ms)
[CURSOR-ABS] handSide=unknown hand=(0.426,0.153) filter=(0.540,0.424) target=(396,665) cursor=(392,666)
[2026-06-07 14:14:00] [computeCursor] IN: screenSize=(1920,1080) → OUT: cursor=(396,665) (0ms)
[CURSOR-ABS] handSide=unknown hand=(0.425,0.154) filter=(0.539,0.424) target=(400,664) cursor=(396,665)
[2026-06-07 14:14:00] [computeCursor] IN: screenSize=(1920,1080) → OUT: cursor=(399,664) (0ms)
[CURSOR-ABS] handSide=unknown hand=(0.425,0.155) filter=(0.539,0.424) target=(404,664) cursor=(400,664)
[2026-06-07 14:14:00] [computeCursor] IN: screenSize=(1920,1080) → OUT: cursor=(403,663) (0ms)
[CURSOR-ABS] handSide=unknown hand=(0.427,0.154) filter=(0.538,0.424) target=(407,663) cursor=(404,664)
[2026-06-07 14:14:00] [computeCursor] IN: screenSize=(1920,1080) → OUT: cursor=(406,663) (0ms)
[CURSOR-ABS] handSide=unknown hand=(0.425,0.154) filter=(0.537,0.424) target=(410,663) cursor=(407,663)
[2026-06-07 14:14:00] [computeCursor] IN: screenSize=(1920,1080) → OUT: cursor=(410,662) (0ms)
[CURSOR-ABS] handSide=unknown hand=(0.425,0.154) filter=(0.537,0.423) target=(414,662) cursor=(410,663)
[2026-06-07 14:14:00] [computeCursor] IN: screenSize=(1920,1080) → OUT: cursor=(413,662) (0ms)
[CURSOR-ABS] handSide=unknown hand=(0.424,0.154) filter=(0.536,0.423) target=(417,662) cursor=(414,662)
[2026-06-07 14:14:00] [computeCursor] IN: screenSize=(1920,1080) → OUT: cursor=(416,661) (0ms)
[CURSOR-ABS] handSide=unknown hand=(0.425,0.154) filter=(0.535,0.423) target=(420,661) cursor=(417,662)
[2026-06-07 14:14:00] [computeCursor] IN: screenSize=(1920,1080) → OUT: cursor=(420,660) (0ms)
[CURSOR-ABS] handSide=unknown hand=(0.425,0.156) filter=(0.535,0.423) target=(424,660) cursor=(420,661)
[2026-06-07 14:14:00] [computeCursor] IN: screenSize=(1920,1080) → OUT: cursor=(423,660) (0ms)
[CURSOR-ABS] handSide=unknown hand=(0.425,0.154) filter=(0.534,0.423) target=(427,660) cursor=(424,660)
[2026-06-07 14:14:00] [computeCursor] IN: screenSize=(1920,1080) → OUT: cursor=(426,659) (0ms)
[CURSOR-ABS] handSide=unknown hand=(0.427,0.156) filter=(0.534,0.423) target=(430,659) cursor=(427,660)
[2026-06-07 14:14:00] [computeCursor] IN: screenSize=(1920,1080) → OUT: cursor=(429,659) (0ms)
[CURSOR-ABS] handSide=unknown hand=(0.424,0.155) filter=(0.533,0.422) target=(433,659) cursor=(430,659)
[2026-06-07 14:14:00] [computeCursor] IN: screenSize=(1920,1080) → OUT: cursor=(433,659) (0ms)
[CURSOR-ABS] handSide=unknown hand=(0.424,0.154) filter=(0.532,0.422) target=(436,659) cursor=(433,659)
[2026-06-07 14:14:00] [computeCursor] IN: screenSize=(1920,1080) → OUT: cursor=(436,658) (0ms)
[CURSOR-ABS] handSide=unknown hand=(0.423,0.155) filter=(0.532,0.422) target=(439,658) cursor=(436,659)
[2026-06-07 14:14:00] [computeCursor] IN: screenSize=(1920,1080) → OUT: cursor=(439,658) (0ms)
[CURSOR-ABS] handSide=unknown hand=(0.424,0.154) filter=(0.531,0.422) target=(442,658) cursor=(439,658)
[2026-06-07 14:14:00] [computeCursor] IN: screenSize=(1920,1080) → OUT: cursor=(442,657) (0ms)
[CURSOR-ABS] handSide=unknown hand=(0.424,0.154) filter=(0.531,0.422) target=(445,657) cursor=(442,658)
[2026-06-07 14:14:00] [computeCursor] IN: screenSize=(1920,1080) → OUT: cursor=(445,657) (0ms)
[CURSOR-ABS] handSide=unknown hand=(0.423,0.154) filter=(0.530,0.422) target=(448,657) cursor=(445,657)
[2026-06-07 14:14:00] [computeCursor] IN: screenSize=(1920,1080) → OUT: cursor=(448,656) (0ms)
[CURSOR-ABS] handSide=unknown hand=(0.423,0.152) filter=(0.529,0.422) target=(452,656) cursor=(448,657)
[2026-06-07 14:14:00] [computeCursor] IN: screenSize=(1920,1080) → OUT: cursor=(451,656) (0ms)
[CURSOR-ABS] handSide=unknown hand=(0.424,0.155) filter=(0.529,0.422) target=(455,656) cursor=(452,656)
[2026-06-07 14:14:00] [computeCursor] IN: screenSize=(1920,1080) → OUT: cursor=(454,656) (0ms)
[CURSOR-ABS] handSide=unknown hand=(0.424,0.153) filter=(0.528,0.422) target=(457,656) cursor=(454,656)
[2026-06-07 14:14:00] [computeCursor] IN: screenSize=(1920,1080) → OUT: cursor=(457,655) (0ms)
[CURSOR-ABS] handSide=unknown hand=(0.423,0.155) filter=(0.528,0.421) target=(460,655) cursor=(457,656)
[2026-06-07 14:14:00] [computeCursor] IN: screenSize=(1920,1080) → OUT: cursor=(460,655) (0ms)
[CURSOR-ABS] handSide=unknown hand=(0.424,0.154) filter=(0.527,0.421) target=(463,655) cursor=(460,655)
[2026-06-07 14:14:00] [computeCursor] IN: screenSize=(1920,1080) → OUT: cursor=(463,655) (0ms)
[CURSOR-ABS] handSide=unknown hand=(0.423,0.153) filter=(0.526,0.421) target=(466,655) cursor=(463,655)
[2026-06-07 14:14:00] [computeCursor] IN: screenSize=(1920,1080) → OUT: cursor=(466,654) (0ms)
[CURSOR-ABS] handSide=unknown hand=(0.424,0.152) filter=(0.526,0.421) target=(469,654) cursor=(466,655)
[2026-06-07 14:14:00] [computeCursor] IN: screenSize=(1920,1080) → OUT: cursor=(469,654) (0ms)
[CURSOR-ABS] handSide=unknown hand=(0.423,0.154) filter=(0.525,0.421) target=(472,654) cursor=(469,654)
[2026-06-07 14:14:00] [computeCursor] IN: screenSize=(1920,1080) → OUT: cursor=(472,654) (0ms)
[CURSOR-ABS] handSide=unknown hand=(0.424,0.153) filter=(0.525,0.421) target=(475,654) cursor=(472,654)
[2026-06-07 14:14:00] [computeCursor] IN: screenSize=(1920,1080) → OUT: cursor=(474,653) (0ms)
[CURSOR-ABS] handSide=unknown hand=(0.424,0.153) filter=(0.524,0.421) target=(478,654) cursor=(475,654)
[2026-06-07 14:14:00] [computeCursor] IN: screenSize=(1920,1080) → OUT: cursor=(477,653) (0ms)
[CURSOR-ABS] handSide=unknown hand=(0.424,0.153) filter=(0.524,0.421) target=(480,653) cursor=(478,654)
[2026-06-07 14:14:00] [computeCursor] IN: screenSize=(1920,1080) → OUT: cursor=(480,653) (0ms)
[CURSOR-ABS] handSide=unknown hand=(0.424,0.152) filter=(0.523,0.421) target=(483,653) cursor=(480,653)
[2026-06-07 14:14:00] [computeCursor] IN: screenSize=(1920,1080) → OUT: cursor=(482,652) (0ms)
[CURSOR-ABS] handSide=unknown hand=(0.425,0.153) filter=(0.523,0.421) target=(486,653) cursor=(483,653)
[2026-06-07 14:14:00] [computeCursor] IN: screenSize=(1920,1080) → OUT: cursor=(485,652) (0ms)
[CURSOR-ABS] handSide=unknown hand=(0.427,0.151) filter=(0.522,0.421) target=(488,653) cursor=(486,653)
[2026-06-07 14:14:00] [computeCursor] IN: screenSize=(1920,1080) → OUT: cursor=(488,652) (0ms)
[CURSOR-ABS] handSide=unknown hand=(0.428,0.153) filter=(0.522,0.421) target=(491,652) cursor=(488,653)
[2026-06-07 14:14:00] [computeCursor] IN: screenSize=(1920,1080) → OUT: cursor=(490,652) (0ms)
[CURSOR-ABS] handSide=unknown hand=(0.426,0.153) filter=(0.521,0.421) target=(493,652) cursor=(491,652)
[2026-06-07 14:14:00] [computeCursor] IN: screenSize=(1920,1080) → OUT: cursor=(493,652) (0ms)
[CURSOR-ABS] handSide=unknown hand=(0.428,0.153) filter=(0.521,0.421) target=(496,652) cursor=(493,652)
[2026-06-07 14:14:00] [computeCursor] IN: screenSize=(1920,1080) → OUT: cursor=(495,651) (0ms)
[CURSOR-ABS] handSide=unknown hand=(0.428,0.152) filter=(0.520,0.421) target=(498,651) cursor=(496,652)
[2026-06-07 14:14:00] [computeCursor] IN: screenSize=(1920,1080) → OUT: cursor=(498,651) (0ms)
[CURSOR-ABS] handSide=unknown hand=(0.429,0.152) filter=(0.520,0.420) target=(501,651) cursor=(498,651)
[2026-06-07 14:14:00] [computeCursor] IN: screenSize=(1920,1080) → OUT: cursor=(500,651) (0ms)
[CURSOR-ABS] handSide=unknown hand=(0.430,0.151) filter=(0.519,0.420) target=(503,651) cursor=(501,651)
[2026-06-07 14:14:00] [computeCursor] IN: screenSize=(1920,1080) → OUT: cursor=(502,650) (0ms)
[CURSOR-ABS] handSide=unknown hand=(0.430,0.150) filter=(0.519,0.420) target=(505,651) cursor=(503,651)
[2026-06-07 14:14:00] [computeCursor] IN: screenSize=(1920,1080) → OUT: cursor=(505,650) (0ms)
[CURSOR-ABS] handSide=unknown hand=(0.430,0.151) filter=(0.518,0.420) target=(508,650) cursor=(505,651)
[2026-06-07 14:14:00] [computeCursor] IN: screenSize=(1920,1080) → OUT: cursor=(507,650) (0ms)
[CURSOR-ABS] handSide=unknown hand=(0.430,0.151) filter=(0.518,0.420) target=(510,650) cursor=(508,650)
[2026-06-07 14:14:00] [computeCursor] IN: screenSize=(1920,1080) → OUT: cursor=(510,649) (0ms)
[CURSOR-ABS] handSide=unknown hand=(0.430,0.150) filter=(0.517,0.420) target=(512,650) cursor=(510,650)
[2026-06-07 14:14:00] [computeCursor] IN: screenSize=(1920,1080) → OUT: cursor=(512,649) (1ms)
[CURSOR-ABS] handSide=unknown hand=(0.430,0.152) filter=(0.517,0.420) target=(515,649) cursor=(512,650)
[2026-06-07 14:14:00] [computeCursor] IN: screenSize=(1920,1080) → OUT: cursor=(514,649) (0ms)
[CURSOR-ABS] handSide=unknown hand=(0.431,0.150) filter=(0.516,0.420) target=(517,649) cursor=(515,649)
[2026-06-07 14:14:00] [computeCursor] IN: screenSize=(1920,1080) → OUT: cursor=(517,648) (0ms)
[CURSOR-ABS] handSide=unknown hand=(0.430,0.151) filter=(0.516,0.420) target=(519,648) cursor=(517,649)
[2026-06-07 14:14:00] [computeCursor] IN: screenSize=(1920,1080) → OUT: cursor=(519,648) (0ms)
[CURSOR-ABS] handSide=unknown hand=(0.431,0.151) filter=(0.515,0.420) target=(522,648) cursor=(519,648)
[2026-06-07 14:14:00] [computeCursor] IN: screenSize=(1920,1080) → OUT: cursor=(521,648) (0ms)
[CURSOR-ABS] handSide=unknown hand=(0.431,0.149) filter=(0.515,0.419) target=(524,648) cursor=(522,648)
[2026-06-07 14:14:00] [computeCursor] IN: screenSize=(1920,1080) → OUT: cursor=(523,647) (0ms)
[CURSOR-ABS] handSide=unknown hand=(0.431,0.149) filter=(0.514,0.419) target=(526,647) cursor=(524,648)
[2026-06-07 14:14:00] [computeCursor] IN: screenSize=(1920,1080) → OUT: cursor=(525,647) (0ms)
[CURSOR-ABS] handSide=unknown hand=(0.431,0.149) filter=(0.514,0.419) target=(528,647) cursor=(526,647)
[2026-06-07 14:14:00] [computeCursor] IN: screenSize=(1920,1080) → OUT: cursor=(528,646) (0ms)
[CURSOR-ABS] handSide=unknown hand=(0.431,0.149) filter=(0.514,0.419) target=(530,646) cursor=(528,647)
[2026-06-07 14:14:00] [computeCursor] IN: screenSize=(1920,1080) → OUT: cursor=(530,646) (0ms)
[CURSOR-ABS] handSide=unknown hand=(0.430,0.150) filter=(0.513,0.419) target=(532,646) cursor=(530,646)
[2026-06-07 14:14:00] [computeCursor] IN: screenSize=(1920,1080) → OUT: cursor=(532,645) (0ms)
[CURSOR-ABS] handSide=unknown hand=(0.431,0.151) filter=(0.513,0.419) target=(534,646) cursor=(532,646)
[2026-06-07 14:14:00] [computeCursor] IN: screenSize=(1920,1080) → OUT: cursor=(534,645) (0ms)
[CURSOR-ABS] handSide=unknown hand=(0.431,0.151) filter=(0.512,0.419) target=(537,645) cursor=(534,646)
[2026-06-07 14:14:00] [computeCursor] IN: screenSize=(1920,1080) → OUT: cursor=(536,645) (0ms)
[CURSOR-ABS] handSide=unknown hand=(0.432,0.153) filter=(0.512,0.418) target=(539,645) cursor=(537,645)
[2026-06-07 14:14:00] [computeCursor] IN: screenSize=(1920,1080) → OUT: cursor=(538,644) (0ms)
[CURSOR-ABS] handSide=unknown hand=(0.430,0.151) filter=(0.511,0.418) target=(540,644) cursor=(539,645)
[2026-06-07 14:14:00] [computeCursor] IN: screenSize=(1920,1080) → OUT: cursor=(540,644) (0ms)
[CURSOR-ABS] handSide=unknown hand=(0.430,0.152) filter=(0.511,0.418) target=(542,644) cursor=(540,644)
[2026-06-07 14:14:00] [computeCursor] IN: screenSize=(1920,1080) → OUT: cursor=(541,643) (0ms)
[CURSOR-ABS] handSide=unknown hand=(0.430,0.152) filter=(0.511,0.418) target=(544,644) cursor=(542,644)
[2026-06-07 14:14:00] [computeCursor] IN: screenSize=(1920,1080) → OUT: cursor=(543,643) (0ms)
[CURSOR-ABS] handSide=unknown hand=(0.431,0.152) filter=(0.510,0.418) target=(545,643) cursor=(543,644)
[2026-06-07 14:14:00] [computeCursor] IN: screenSize=(1920,1080) → OUT: cursor=(545,643) (0ms)
[CURSOR-ABS] handSide=unknown hand=(0.431,0.153) filter=(0.510,0.417) target=(547,643) cursor=(545,643)
[2026-06-07 14:14:00] [computeCursor] IN: screenSize=(1920,1080) → OUT: cursor=(546,642) (0ms)
[CURSOR-ABS] handSide=unknown hand=(0.431,0.152) filter=(0.509,0.417) target=(548,642) cursor=(547,643)
[2026-06-07 14:14:00] [computeCursor] IN: screenSize=(1920,1080) → OUT: cursor=(548,642) (0ms)
[CURSOR-ABS] handSide=unknown hand=(0.430,0.151) filter=(0.509,0.417) target=(550,642) cursor=(548,642)
[2026-06-07 14:14:00] [computeCursor] IN: screenSize=(1920,1080) → OUT: cursor=(549,641) (0ms)
[CURSOR-ABS] handSide=unknown hand=(0.431,0.151) filter=(0.509,0.417) target=(552,641) cursor=(550,642)
[2026-06-07 14:14:00] [computeCursor] IN: screenSize=(1920,1080) → OUT: cursor=(551,641) (1ms)
[CURSOR-ABS] handSide=unknown hand=(0.431,0.152) filter=(0.508,0.417) target=(553,641) cursor=(552,641)
[2026-06-07 14:14:00] [computeCursor] IN: screenSize=(1920,1080) → OUT: cursor=(553,641) (0ms)
[CURSOR-ABS] handSide=unknown hand=(0.432,0.151) filter=(0.508,0.416) target=(555,641) cursor=(553,641)
[2026-06-07 14:14:00] [computeCursor] IN: screenSize=(1920,1080) → OUT: cursor=(554,640) (0ms)
[CURSOR-ABS] handSide=unknown hand=(0.431,0.152) filter=(0.507,0.416) target=(556,640) cursor=(555,641)
[2026-06-07 14:14:00] [computeCursor] IN: screenSize=(1920,1080) → OUT: cursor=(556,640) (0ms)
[CURSOR-ABS] handSide=unknown hand=(0.431,0.152) filter=(0.507,0.416) target=(558,640) cursor=(556,640)
[2026-06-07 14:14:00] [computeCursor] IN: screenSize=(1920,1080) → OUT: cursor=(557,639) (0ms)
[CURSOR-ABS] handSide=unknown hand=(0.430,0.153) filter=(0.506,0.416) target=(559,639) cursor=(558,640)
[2026-06-07 14:14:00] [computeCursor] IN: screenSize=(1920,1080) → OUT: cursor=(559,639) (0ms)
[CURSOR-ABS] handSide=unknown hand=(0.429,0.155) filter=(0.506,0.416) target=(561,639) cursor=(559,639)
[2026-06-07 14:14:00] [computeCursor] IN: screenSize=(1920,1080) → OUT: cursor=(561,638) (0ms)
[CURSOR-ABS] handSide=unknown hand=(0.427,0.159) filter=(0.506,0.415) target=(563,638) cursor=(561,639)
[2026-06-07 14:14:00] [computeCursor] IN: screenSize=(1920,1080) → OUT: cursor=(562,638) (0ms)
[CURSOR-ABS] handSide=unknown hand=(0.426,0.166) filter=(0.505,0.415) target=(564,638) cursor=(563,638)
[2026-06-07 14:14:00] [computeCursor] IN: screenSize=(1920,1080) → OUT: cursor=(564,637) (0ms)
[CURSOR-ABS] handSide=unknown hand=(0.423,0.167) filter=(0.505,0.415) target=(566,637) cursor=(564,638)
[2026-06-07 14:14:00] [computeCursor] IN: screenSize=(1920,1080) → OUT: cursor=(565,637) (0ms)
[CURSOR-ABS] handSide=unknown hand=(0.421,0.170) filter=(0.504,0.415) target=(568,637) cursor=(566,637)
[2026-06-07 14:14:00] [computeCursor] IN: screenSize=(1920,1080) → OUT: cursor=(567,636) (0ms)
[CURSOR-ABS] handSide=unknown hand=(0.417,0.172) filter=(0.504,0.414) target=(569,636) cursor=(567,637)
[2026-06-07 14:14:00] [computeCursor] IN: screenSize=(1920,1080) → OUT: cursor=(569,636) (0ms)
[CURSOR-ABS] handSide=unknown hand=(0.413,0.171) filter=(0.503,0.414) target=(571,636) cursor=(569,636)
[2026-06-07 14:14:00] [computeCursor] IN: screenSize=(1920,1080) → OUT: cursor=(571,635) (0ms)
[CURSOR-ABS] handSide=unknown hand=(0.404,0.167) filter=(0.503,0.414) target=(573,635) cursor=(571,636)
[2026-06-07 14:14:00] [computeCursor] IN: screenSize=(1920,1080) → OUT: cursor=(573,635) (0ms)
[CURSOR-ABS] handSide=unknown hand=(0.395,0.162) filter=(0.502,0.414) target=(575,635) cursor=(573,635)
[2026-06-07 14:14:00] [computeCursor] IN: screenSize=(1920,1080) → OUT: cursor=(575,634) (0ms)
[CURSOR-ABS] handSide=unknown hand=(0.356,0.197) filter=(0.502,0.413) target=(578,634) cursor=(575,635)
[2026-06-07 14:14:00] [computeCursor] IN: screenSize=(1920,1080) → OUT: cursor=(578,634) (0ms)
[CURSOR-ABS] handSide=unknown hand=(0.360,0.195) filter=(0.501,0.413) target=(581,634) cursor=(578,634)
[2026-06-07 14:14:00] [computeCursor] IN: screenSize=(1920,1080) → OUT: cursor=(580,633) (0ms)
[CURSOR-ABS] handSide=unknown hand=(0.360,0.193) filter=(0.500,0.413) target=(584,633) cursor=(581,634)
[2026-06-07 14:14:00] [computeCursor] IN: screenSize=(1920,1080) → OUT: cursor=(583,633) (0ms)
[CURSOR-ABS] handSide=unknown hand=(0.360,0.191) filter=(0.499,0.413) target=(586,633) cursor=(584,633)
[2026-06-07 14:14:00] [computeCursor] IN: screenSize=(1920,1080) → OUT: cursor=(586,632) (0ms)
[CURSOR-ABS] handSide=unknown hand=(0.358,0.189) filter=(0.499,0.413) target=(589,632) cursor=(586,633)
[2026-06-07 14:14:00] [computeCursor] IN: screenSize=(1920,1080) → OUT: cursor=(589,632) (0ms)
[CURSOR-ABS] handSide=unknown hand=(0.356,0.188) filter=(0.498,0.412) target=(592,632) cursor=(589,632)
[2026-06-07 14:14:00] [computeCursor] IN: screenSize=(1920,1080) → OUT: cursor=(591,631) (0ms)
[CURSOR-ABS] handSide=unknown hand=(0.354,0.184) filter=(0.497,0.412) target=(595,631) cursor=(592,632)
[2026-06-07 14:14:00] [computeCursor] IN: screenSize=(1920,1080) → OUT: cursor=(594,630) (0ms)
[CURSOR-ABS] handSide=unknown hand=(0.351,0.183) filter=(0.497,0.412) target=(597,630) cursor=(595,631)
[2026-06-07 14:14:00] [computeCursor] IN: screenSize=(1920,1080) → OUT: cursor=(597,630) (0ms)
[CURSOR-ABS] handSide=unknown hand=(0.350,0.181) filter=(0.496,0.412) target=(600,630) cursor=(597,630)
[2026-06-07 14:14:00] [computeCursor] IN: screenSize=(1920,1080) → OUT: cursor=(600,629) (0ms)
[CURSOR-ABS] handSide=unknown hand=(0.349,0.179) filter=(0.495,0.411) target=(603,629) cursor=(600,630)
[2026-06-07 14:14:00] [computeCursor] IN: screenSize=(1920,1080) → OUT: cursor=(603,629) (0ms)
[CURSOR-ABS] handSide=unknown hand=(0.349,0.175) filter=(0.494,0.411) target=(606,629) cursor=(603,629)
[2026-06-07 14:14:00] [computeCursor] IN: screenSize=(1920,1080) → OUT: cursor=(605,628) (0ms)
[CURSOR-ABS] handSide=unknown hand=(0.348,0.174) filter=(0.494,0.411) target=(609,628) cursor=(606,629)
[2026-06-07 14:14:00] [computeCursor] IN: screenSize=(1920,1080) → OUT: cursor=(608,628) (0ms)
[CURSOR-ABS] handSide=unknown hand=(0.742,0.304) filter=(0.495,0.411) target=(604,628) cursor=(609,628)
[2026-06-07 14:14:00] [computeCursor] IN: screenSize=(1920,1080) → OUT: cursor=(604,627) (0ms)
[CURSOR-ABS] handSide=unknown hand=(0.348,0.170) filter=(0.494,0.410) target=(607,627) cursor=(604,628)
[2026-06-07 14:14:00] [computeCursor] IN: screenSize=(1920,1080) → OUT: cursor=(606,627) (0ms)
[CURSOR-ABS] handSide=unknown hand=(0.764,0.309) filter=(0.496,0.410) target=(601,627) cursor=(607,627)
[2026-06-07 14:14:00] [computeCursor] IN: screenSize=(1920,1080) → OUT: cursor=(601,626) (0ms)
[CURSOR-ABS] handSide=unknown hand=(0.764,0.331) filter=(0.497,0.410) target=(596,627) cursor=(601,627)
[2026-06-07 14:14:00] [computeCursor] IN: screenSize=(1920,1080) → OUT: cursor=(595,626) (0ms)
[CURSOR-ABS] handSide=unknown hand=(0.755,0.346) filter=(0.498,0.410) target=(590,626) cursor=(596,627)
[2026-06-07 14:14:00] [computeCursor] IN: screenSize=(1920,1080) → OUT: cursor=(590,626) (0ms)
[CURSOR-ABS] handSide=unknown hand=(0.755,0.343) filter=(0.500,0.410) target=(585,626) cursor=(590,626)
[2026-06-07 14:14:00] [computeCursor] IN: screenSize=(1920,1080) → OUT: cursor=(585,626) (0ms)
[CURSOR-ABS] handSide=unknown hand=(0.761,0.337) filter=(0.501,0.410) target=(580,626) cursor=(585,626)
[2026-06-07 14:14:00] [computeCursor] IN: screenSize=(1920,1080) → OUT: cursor=(580,626) (0ms)
[CURSOR-ABS] handSide=unknown hand=(0.767,0.325) filter=(0.502,0.410) target=(575,626) cursor=(580,626)
[2026-06-07 14:14:00] [computeCursor] IN: screenSize=(1920,1080) → OUT: cursor=(574,625) (0ms)
[CURSOR-ABS] handSide=unknown hand=(0.774,0.319) filter=(0.504,0.410) target=(569,626) cursor=(575,626)
[2026-06-07 14:14:00] [computeCursor] IN: screenSize=(1920,1080) → OUT: cursor=(569,625) (0ms)
[CURSOR-ABS] handSide=unknown hand=(0.782,0.317) filter=(0.505,0.409) target=(564,625) cursor=(569,626)
[2026-06-07 14:14:00] [computeCursor] IN: screenSize=(1920,1080) → OUT: cursor=(563,625) (0ms)
[CURSOR-ABS] handSide=unknown hand=(0.792,0.317) filter=(0.507,0.409) target=(558,625) cursor=(564,625)
[2026-06-07 14:14:00] [computeCursor] IN: screenSize=(1920,1080) → OUT: cursor=(558,625) (0ms)
[CURSOR-ABS] handSide=unknown hand=(0.799,0.316) filter=(0.508,0.409) target=(553,625) cursor=(558,625)
[2026-06-07 14:14:00] [computeCursor] IN: screenSize=(1920,1080) → OUT: cursor=(552,624) (0ms)
[CURSOR-ABS] handSide=unknown hand=(0.806,0.317) filter=(0.510,0.409) target=(547,625) cursor=(553,625)
[2026-06-07 14:14:00] [computeCursor] IN: screenSize=(1920,1080) → OUT: cursor=(546,624) (0ms)
[CURSOR-ABS] handSide=unknown hand=(0.813,0.314) filter=(0.511,0.409) target=(541,624) cursor=(547,625)
[2026-06-07 14:14:00] [computeCursor] IN: screenSize=(1920,1080) → OUT: cursor=(540,624) (0ms)
[CURSOR-ABS] handSide=unknown hand=(0.820,0.316) filter=(0.513,0.409) target=(535,624) cursor=(541,624)
[2026-06-07 14:14:00] [computeCursor] IN: screenSize=(1920,1080) → OUT: cursor=(534,624) (0ms)
[CURSOR-ABS] handSide=unknown hand=(0.830,0.319) filter=(0.515,0.409) target=(528,624) cursor=(535,624)
[2026-06-07 14:14:00] [computeCursor] IN: screenSize=(1920,1080) → OUT: cursor=(528,623) (0ms)
[CURSOR-ABS] handSide=unknown hand=(0.837,0.318) filter=(0.516,0.409) target=(521,624) cursor=(528,624)
[2026-06-07 14:14:00] [computeCursor] IN: screenSize=(1920,1080) → OUT: cursor=(521,623) (0ms)
[CURSOR-ABS] handSide=unknown hand=(0.844,0.315) filter=(0.518,0.408) target=(513,624) cursor=(521,624)
[2026-06-07 14:14:00] [computeCursor] IN: screenSize=(1920,1080) → OUT: cursor=(513,623) (0ms)
[CURSOR-ABS] handSide=unknown hand=(0.851,0.319) filter=(0.520,0.408) target=(504,624) cursor=(513,624)
[2026-06-07 14:14:00] [computeCursor] IN: screenSize=(1920,1080) → OUT: cursor=(504,623) (0ms)
[CURSOR-ABS] handSide=unknown hand=(0.856,0.316) filter=(0.522,0.408) target=(496,624) cursor=(505,624)
[2026-06-07 14:14:00] [computeCursor] IN: screenSize=(1920,1080) → OUT: cursor=(495,623) (0ms)
[CURSOR-ABS] handSide=unknown hand=(0.863,0.315) filter=(0.523,0.408) target=(487,624) cursor=(496,624)
[2026-06-07 14:14:00] [computeCursor] IN: screenSize=(1920,1080) → OUT: cursor=(487,623) (0ms)
[CURSOR-ABS] handSide=unknown hand=(0.870,0.315) filter=(0.525,0.408) target=(478,624) cursor=(487,624)
[2026-06-07 14:14:00] [computeCursor] IN: screenSize=(1920,1080) → OUT: cursor=(478,623) (0ms)
[CURSOR-ABS] handSide=unknown hand=(0.877,0.315) filter=(0.527,0.408) target=(469,624) cursor=(478,624)
[2026-06-07 14:14:00] [computeCursor] IN: screenSize=(1920,1080) → OUT: cursor=(468,623) (0ms)
[CURSOR-ABS] handSide=unknown hand=(0.885,0.315) filter=(0.529,0.408) target=(459,624) cursor=(469,624)
[2026-06-07 14:14:00] [computeCursor] IN: screenSize=(1920,1080) → OUT: cursor=(459,624) (0ms)
[CURSOR-ABS] handSide=unknown hand=(0.890,0.311) filter=(0.531,0.408) target=(450,624) cursor=(459,624)
[2026-06-07 14:14:00] [computeCursor] IN: screenSize=(1920,1080) → OUT: cursor=(449,624) (0ms)
[CURSOR-ABS] handSide=unknown hand=(0.897,0.316) filter=(0.533,0.408) target=(440,624) cursor=(450,624)
[2026-06-07 14:14:00] [computeCursor] IN: screenSize=(1920,1080) → OUT: cursor=(439,624) (0ms)
[CURSOR-ABS] handSide=unknown hand=(0.901,0.315) filter=(0.535,0.407) target=(429,624) cursor=(440,624)
[2026-06-07 14:14:00] [computeCursor] IN: screenSize=(1920,1080) → OUT: cursor=(429,624) (0ms)
[CURSOR-ABS] handSide=unknown hand=(0.903,0.312) filter=(0.537,0.407) target=(419,624) cursor=(429,624)
[2026-06-07 14:14:00] [computeCursor] IN: screenSize=(1920,1080) → OUT: cursor=(418,624) (0ms)
[CURSOR-ABS] handSide=unknown hand=(0.907,0.313) filter=(0.539,0.407) target=(408,624) cursor=(419,624)
[2026-06-07 14:14:00] [computeCursor] IN: screenSize=(1920,1080) → OUT: cursor=(408,624) (0ms)
[CURSOR-ABS] handSide=unknown hand=(0.911,0.312) filter=(0.541,0.407) target=(398,624) cursor=(408,624)
[2026-06-07 14:14:00] [computeCursor] IN: screenSize=(1920,1080) → OUT: cursor=(397,624) (0ms)
[CURSOR-ABS] handSide=unknown hand=(0.916,0.312) filter=(0.543,0.407) target=(387,625) cursor=(398,624)
[2026-06-07 14:14:00] [computeCursor] IN: screenSize=(1920,1080) → OUT: cursor=(387,624) (0ms)
[CURSOR-ABS] handSide=unknown hand=(0.918,0.312) filter=(0.545,0.407) target=(376,625) cursor=(387,625)
[2026-06-07 14:14:00] [computeCursor] IN: screenSize=(1920,1080) → OUT: cursor=(376,624) (0ms)
[CURSOR-ABS] handSide=unknown hand=(0.917,0.311) filter=(0.547,0.407) target=(365,625) cursor=(376,625)
[2026-06-07 14:14:00] [computeCursor] IN: screenSize=(1920,1080) → OUT: cursor=(365,624) (0ms)
[CURSOR-ABS] handSide=unknown hand=(0.920,0.312) filter=(0.549,0.406) target=(354,625) cursor=(365,625)
[2026-06-07 14:14:00] [computeCursor] IN: screenSize=(1920,1080) → OUT: cursor=(354,624) (0ms)
[CURSOR-ABS] handSide=unknown hand=(0.922,0.311) filter=(0.551,0.406) target=(343,625) cursor=(354,625)
[2026-06-07 14:14:00] [computeCursor] IN: screenSize=(1920,1080) → OUT: cursor=(342,624) (0ms)
[CURSOR-ABS] handSide=unknown hand=(0.923,0.312) filter=(0.553,0.406) target=(332,625) cursor=(343,625)
[2026-06-07 14:14:00] [computeCursor] IN: screenSize=(1920,1080) → OUT: cursor=(331,624) (0ms)
[CURSOR-ABS] handSide=unknown hand=(0.924,0.311) filter=(0.555,0.406) target=(320,625) cursor=(332,625)
[2026-06-07 14:14:00] [computeCursor] IN: screenSize=(1920,1080) → OUT: cursor=(320,624) (0ms)
[CURSOR-ABS] handSide=unknown hand=(0.920,0.314) filter=(0.558,0.406) target=(309,625) cursor=(320,625)
[2026-06-07 14:14:00] [computeCursor] IN: screenSize=(1920,1080) → OUT: cursor=(308,624) (0ms)
[CURSOR-ABS] handSide=unknown hand=(0.916,0.301) filter=(0.560,0.406) target=(298,625) cursor=(309,625)
[2026-06-07 14:14:00] [computeCursor] IN: screenSize=(1920,1080) → OUT: cursor=(297,624) (0ms)
[CURSOR-ABS] handSide=unknown hand=(0.917,0.268) filter=(0.562,0.406) target=(286,625) cursor=(298,625)
[2026-06-07 14:14:00] [computeCursor] IN: screenSize=(1920,1080) → OUT: cursor=(286,624) (0ms)
[CURSOR-ABS] handSide=unknown hand=(0.325,0.057) filter=(0.560,0.405) target=(294,623) cursor=(286,625)
[2026-06-07 14:14:00] [computeCursor] IN: screenSize=(1920,1080) → OUT: cursor=(293,623) (0ms)
[CURSOR-ABS] handSide=unknown hand=(0.940,0.133) filter=(0.562,0.405) target=(282,623) cursor=(294,623)
[2026-06-07 14:14:00] [computeCursor] IN: screenSize=(1920,1080) → OUT: cursor=(281,622) (0ms)
[CURSOR-ABS] handSide=unknown hand=(0.330,0.009) filter=(0.561,0.404) target=(289,621) cursor=(282,623)
[2026-06-07 14:14:00] [computeCursor] IN: screenSize=(1920,1080) → OUT: cursor=(289,621) (0ms)
[CURSOR-ABS] handSide=unknown hand=(0.620,0.420) filter=(0.561,0.404) target=(288,621) cursor=(289,621)
[2026-06-07 14:14:00] [computeCursor] IN: screenSize=(1920,1080) → OUT: cursor=(287,621) (0ms)
[CURSOR-ABS] handSide=unknown hand=(0.628,0.422) filter=(0.562,0.404) target=(285,621) cursor=(288,621)
[2026-06-07 14:14:00] [computeCursor] IN: screenSize=(1920,1080) → OUT: cursor=(285,621) (0ms)
[CURSOR-ABS] handSide=unknown hand=(0.635,0.422) filter=(0.562,0.404) target=(283,622) cursor=(285,621)
[2026-06-07 14:14:00] [computeCursor] IN: screenSize=(1920,1080) → OUT: cursor=(283,621) (0ms)
[CURSOR-ABS] handSide=unknown hand=(0.642,0.426) filter=(0.563,0.404) target=(281,622) cursor=(283,622)
[2026-06-07 14:14:00] [computeCursor] IN: screenSize=(1920,1080) → OUT: cursor=(280,621) (0ms)
[CURSOR-ABS] handSide=unknown hand=(0.649,0.428) filter=(0.563,0.404) target=(278,622) cursor=(281,622)
[2026-06-07 14:14:00] [computeCursor] IN: screenSize=(1920,1080) → OUT: cursor=(277,621) (0ms)
[CURSOR-ABS] handSide=unknown hand=(0.657,0.426) filter=(0.564,0.404) target=(275,622) cursor=(278,622)
[2026-06-07 14:14:00] [computeCursor] IN: screenSize=(1920,1080) → OUT: cursor=(274,622) (0ms)
[CURSOR-ABS] handSide=unknown hand=(0.666,0.421) filter=(0.564,0.404) target=(271,622) cursor=(275,622)
[2026-06-07 14:14:00] [computeCursor] IN: screenSize=(1920,1080) → OUT: cursor=(271,622) (0ms)
[CURSOR-ABS] handSide=unknown hand=(0.672,0.416) filter=(0.565,0.404) target=(268,622) cursor=(271,622)
[2026-06-07 14:14:00] [computeCursor] IN: screenSize=(1920,1080) → OUT: cursor=(267,622) (0ms)
[CURSOR-ABS] handSide=unknown hand=(0.681,0.404) filter=(0.566,0.404) target=(264,622) cursor=(268,622)
[2026-06-07 14:14:00] [computeCursor] IN: screenSize=(1920,1080) → OUT: cursor=(264,622) (0ms)
[CURSOR-ABS] handSide=unknown hand=(0.690,0.391) filter=(0.566,0.404) target=(260,623) cursor=(264,622)
[2026-06-07 14:14:00] [computeCursor] IN: screenSize=(1920,1080) → OUT: cursor=(260,622) (0ms)
[CURSOR-ABS] handSide=unknown hand=(0.695,0.376) filter=(0.567,0.404) target=(256,623) cursor=(260,623)
[2026-06-07 14:14:00] [computeCursor] IN: screenSize=(1920,1080) → OUT: cursor=(255,622) (0ms)
[CURSOR-ABS] handSide=unknown hand=(0.699,0.359) filter=(0.568,0.404) target=(252,622) cursor=(256,623)
[2026-06-07 14:14:00] [computeCursor] IN: screenSize=(1920,1080) → OUT: cursor=(251,622) (0ms)
[CURSOR-ABS] handSide=unknown hand=(0.701,0.344) filter=(0.569,0.404) target=(247,622) cursor=(252,622)
[2026-06-07 14:14:00] [computeCursor] IN: screenSize=(1920,1080) → OUT: cursor=(247,622) (0ms)
[CURSOR-ABS] handSide=unknown hand=(0.700,0.331) filter=(0.569,0.404) target=(243,622) cursor=(247,622)
[2026-06-07 14:14:00] [computeCursor] IN: screenSize=(1920,1080) → OUT: cursor=(242,622) (0ms)
[CURSOR-ABS] handSide=unknown hand=(0.698,0.325) filter=(0.570,0.404) target=(239,622) cursor=(243,622)
[2026-06-07 14:14:00] [computeCursor] IN: screenSize=(1920,1080) → OUT: cursor=(238,622) (0ms)
[CURSOR-ABS] handSide=unknown hand=(0.692,0.327) filter=(0.571,0.404) target=(235,622) cursor=(239,622)
[2026-06-07 14:14:00] [computeCursor] IN: screenSize=(1920,1080) → OUT: cursor=(234,621) (0ms)
[CURSOR-ABS] handSide=unknown hand=(0.684,0.332) filter=(0.571,0.404) target=(231,622) cursor=(235,622)
[2026-06-07 14:14:00] [computeCursor] IN: screenSize=(1920,1080) → OUT: cursor=(230,621) (0ms)
[CURSOR-ABS] handSide=unknown hand=(0.674,0.336) filter=(0.572,0.404) target=(227,622) cursor=(231,622)
[2026-06-07 14:14:00] [computeCursor] IN: screenSize=(1920,1080) → OUT: cursor=(227,621) (0ms)
[CURSOR-ABS] handSide=unknown hand=(0.664,0.351) filter=(0.573,0.404) target=(224,622) cursor=(227,622)
[2026-06-07 14:14:00] [computeCursor] IN: screenSize=(1920,1080) → OUT: cursor=(224,621) (0ms)
[CURSOR-ABS] handSide=unknown hand=(0.653,0.360) filter=(0.573,0.403) target=(222,621) cursor=(224,622)
[2026-06-07 14:14:00] [computeCursor] IN: screenSize=(1920,1080) → OUT: cursor=(221,621) (0ms)
[CURSOR-ABS] handSide=unknown hand=(0.641,0.364) filter=(0.573,0.403) target=(219,621) cursor=(222,621)
[2026-06-07 14:14:00] [computeCursor] IN: screenSize=(1920,1080) → OUT: cursor=(219,621) (0ms)
[CURSOR-ABS] handSide=unknown hand=(0.628,0.370) filter=(0.574,0.403) target=(218,621) cursor=(219,621)
[2026-06-07 14:14:00] [computeCursor] IN: screenSize=(1920,1080) → OUT: cursor=(217,621) (0ms)
[CURSOR-ABS] handSide=unknown hand=(0.616,0.377) filter=(0.574,0.403) target=(216,621) cursor=(218,621)
[2026-06-07 14:14:00] [computeCursor] IN: screenSize=(1920,1080) → OUT: cursor=(216,621) (0ms)
[CURSOR-ABS] handSide=unknown hand=(0.603,0.383) filter=(0.574,0.403) target=(215,621) cursor=(216,621)
[2026-06-07 14:14:00] [computeCursor] IN: screenSize=(1920,1080) → OUT: cursor=(215,621) (0ms)
[CURSOR-ABS] handSide=unknown hand=(0.586,0.382) filter=(0.574,0.403) target=(215,621) cursor=(215,621)
[2026-06-07 14:14:00] [computeCursor] IN: screenSize=(1920,1080) → OUT: cursor=(214,621) (0ms)
[CURSOR-ABS] handSide=unknown hand=(0.574,0.384) filter=(0.574,0.403) target=(215,621) cursor=(215,621)
[2026-06-07 14:14:00] [computeCursor] IN: screenSize=(1920,1080) → OUT: cursor=(214,621) (0ms)
[CURSOR-ABS] handSide=unknown hand=(0.560,0.384) filter=(0.574,0.403) target=(215,621) cursor=(215,621)
[2026-06-07 14:14:00] [computeCursor] IN: screenSize=(1920,1080) → OUT: cursor=(215,620) (0ms)
[CURSOR-ABS] handSide=unknown hand=(0.546,0.386) filter=(0.574,0.403) target=(216,621) cursor=(215,621)
[2026-06-07 14:14:00] [computeCursor] IN: screenSize=(1920,1080) → OUT: cursor=(216,620) (0ms)
[CURSOR-ABS] handSide=unknown hand=(0.533,0.382) filter=(0.574,0.403) target=(218,621) cursor=(216,621)
[2026-06-07 14:14:00] [computeCursor] IN: screenSize=(1920,1080) → OUT: cursor=(217,620) (0ms)
[CURSOR-ABS] handSide=unknown hand=(0.520,0.383) filter=(0.573,0.403) target=(220,621) cursor=(218,621)
[2026-06-07 14:14:00] [computeCursor] IN: screenSize=(1920,1080) → OUT: cursor=(219,620) (0ms)
[CURSOR-ABS] handSide=unknown hand=(0.508,0.382) filter=(0.573,0.403) target=(222,620) cursor=(220,621)
[2026-06-07 14:14:00] [computeCursor] IN: screenSize=(1920,1080) → OUT: cursor=(221,620) (0ms)
[CURSOR-ABS] handSide=unknown hand=(0.497,0.381) filter=(0.573,0.403) target=(224,620) cursor=(222,620)
[2026-06-07 14:14:00] [computeCursor] IN: screenSize=(1920,1080) → OUT: cursor=(224,620) (0ms)
[CURSOR-ABS] handSide=unknown hand=(0.487,0.378) filter=(0.572,0.403) target=(227,620) cursor=(224,620)
[2026-06-07 14:14:00] [computeCursor] IN: screenSize=(1920,1080) → OUT: cursor=(227,620) (0ms)
[CURSOR-ABS] handSide=unknown hand=(0.476,0.371) filter=(0.572,0.403) target=(230,620) cursor=(227,620)
[2026-06-07 14:14:00] [computeCursor] IN: screenSize=(1920,1080) → OUT: cursor=(230,619) (0ms)
[CURSOR-ABS] handSide=unknown hand=(0.466,0.369) filter=(0.571,0.403) target=(234,620) cursor=(230,620)
[2026-06-07 14:14:00] [computeCursor] IN: screenSize=(1920,1080) → OUT: cursor=(233,619) (0ms)
[CURSOR-ABS] handSide=unknown hand=(0.457,0.367) filter=(0.570,0.403) target=(238,619) cursor=(234,620)
[2026-06-07 14:14:00] [computeCursor] IN: screenSize=(1920,1080) → OUT: cursor=(237,619) (0ms)
[CURSOR-ABS] handSide=unknown hand=(0.446,0.368) filter=(0.570,0.403) target=(242,619) cursor=(238,619)
[2026-06-07 14:14:00] [computeCursor] IN: screenSize=(1920,1080) → OUT: cursor=(241,619) (0ms)
[CURSOR-ABS] handSide=unknown hand=(0.438,0.365) filter=(0.569,0.403) target=(246,619) cursor=(242,619)
[2026-06-07 14:14:00] [computeCursor] IN: screenSize=(1920,1080) → OUT: cursor=(246,618) (0ms)
[CURSOR-ABS] handSide=unknown hand=(0.428,0.360) filter=(0.568,0.403) target=(251,619) cursor=(246,619)
[2026-06-07 14:14:00] [computeCursor] IN: screenSize=(1920,1080) → OUT: cursor=(250,618) (0ms)
[CURSOR-ABS] handSide=unknown hand=(0.420,0.350) filter=(0.567,0.403) target=(256,618) cursor=(251,619)
[2026-06-07 14:14:00] [computeCursor] IN: screenSize=(1920,1080) → OUT: cursor=(255,618) (0ms)
[CURSOR-ABS] handSide=unknown hand=(0.408,0.342) filter=(0.566,0.402) target=(261,618) cursor=(256,618)
[2026-06-07 14:14:00] [computeCursor] IN: screenSize=(1920,1080) → OUT: cursor=(261,617) (0ms)
[CURSOR-ABS] handSide=unknown hand=(0.398,0.337) filter=(0.565,0.402) target=(267,618) cursor=(261,618)
[2026-06-07 14:14:00] [computeCursor] IN: screenSize=(1920,1080) → OUT: cursor=(266,617) (0ms)
[CURSOR-ABS] handSide=unknown hand=(0.388,0.334) filter=(0.564,0.402) target=(273,617) cursor=(267,618)
[2026-06-07 14:14:00] [computeCursor] IN: screenSize=(1920,1080) → OUT: cursor=(272,617) (0ms)
[CURSOR-ABS] handSide=unknown hand=(0.378,0.324) filter=(0.563,0.402) target=(278,617) cursor=(273,617)
[2026-06-07 14:14:00] [computeCursor] IN: screenSize=(1920,1080) → OUT: cursor=(278,616) (0ms)
[CURSOR-ABS] handSide=unknown hand=(0.370,0.316) filter=(0.562,0.402) target=(284,616) cursor=(278,617)
[2026-06-07 14:14:00] [computeCursor] IN: screenSize=(1920,1080) → OUT: cursor=(284,616) (0ms)
[CURSOR-ABS] handSide=unknown hand=(0.363,0.311) filter=(0.561,0.402) target=(290,616) cursor=(284,616)
[2026-06-07 14:14:00] [computeCursor] IN: screenSize=(1920,1080) → OUT: cursor=(290,615) (0ms)
[CURSOR-ABS] handSide=unknown hand=(0.358,0.308) filter=(0.560,0.402) target=(297,615) cursor=(290,616)
[2026-06-07 14:14:00] [computeCursor] IN: screenSize=(1920,1080) → OUT: cursor=(296,615) (0ms)
[CURSOR-ABS] handSide=unknown hand=(0.355,0.306) filter=(0.559,0.402) target=(303,615) cursor=(297,615)
[2026-06-07 14:14:00] [computeCursor] IN: screenSize=(1920,1080) → OUT: cursor=(302,614) (0ms)
[CURSOR-ABS] handSide=unknown hand=(0.352,0.306) filter=(0.558,0.401) target=(309,614) cursor=(303,615)
[2026-06-07 14:14:00] [computeCursor] IN: screenSize=(1920,1080) → OUT: cursor=(308,614) (0ms)
[CURSOR-ABS] handSide=unknown hand=(0.351,0.307) filter=(0.557,0.401) target=(315,614) cursor=(309,614)
[2026-06-07 14:14:00] [computeCursor] IN: screenSize=(1920,1080) → OUT: cursor=(315,613) (0ms)
[CURSOR-ABS] handSide=unknown hand=(0.352,0.312) filter=(0.556,0.401) target=(321,613) cursor=(315,614)
[2026-06-07 14:14:00] [computeCursor] IN: screenSize=(1920,1080) → OUT: cursor=(321,613) (0ms)
[CURSOR-ABS] handSide=unknown hand=(0.353,0.318) filter=(0.554,0.401) target=(327,613) cursor=(321,613)
[2026-06-07 14:14:00] [computeCursor] IN: screenSize=(1920,1080) → OUT: cursor=(327,612) (1ms)
[CURSOR-ABS] handSide=unknown hand=(0.358,0.324) filter=(0.553,0.401) target=(333,612) cursor=(327,613)
[2026-06-07 14:14:00] [computeCursor] IN: screenSize=(1920,1080) → OUT: cursor=(332,612) (0ms)
[CURSOR-ABS] handSide=unknown hand=(0.365,0.327) filter=(0.552,0.401) target=(338,612) cursor=(333,612)
[2026-06-07 14:14:00] [computeCursor] IN: screenSize=(1920,1080) → OUT: cursor=(338,611) (0ms)
[CURSOR-ABS] handSide=unknown hand=(0.375,0.335) filter=(0.551,0.401) target=(343,611) cursor=(338,612)
[2026-06-07 14:14:00] [computeCursor] IN: screenSize=(1920,1080) → OUT: cursor=(343,611) (0ms)
[CURSOR-ABS] handSide=unknown hand=(0.386,0.341) filter=(0.551,0.401) target=(348,611) cursor=(343,611)
[2026-06-07 14:14:00] [computeCursor] IN: screenSize=(1920,1080) → OUT: cursor=(348,611) (0ms)
[CURSOR-ABS] handSide=unknown hand=(0.398,0.342) filter=(0.550,0.401) target=(353,611) cursor=(348,611)
[2026-06-07 14:14:00] [computeCursor] IN: screenSize=(1920,1080) → OUT: cursor=(352,610) (0ms)
[CURSOR-ABS] handSide=unknown hand=(0.416,0.341) filter=(0.549,0.400) target=(356,610) cursor=(352,611)
[2026-06-07 14:14:00] [computeCursor] IN: screenSize=(1920,1080) → OUT: cursor=(356,610) (0ms)
[CURSOR-ABS] handSide=unknown hand=(0.431,0.350) filter=(0.549,0.400) target=(360,610) cursor=(356,610)
[2026-06-07 14:14:00] [computeCursor] IN: screenSize=(1920,1080) → OUT: cursor=(359,610) (0ms)
[CURSOR-ABS] handSide=unknown hand=(0.447,0.358) filter=(0.548,0.400) target=(363,610) cursor=(360,610)
[2026-06-07 14:14:00] [computeCursor] IN: screenSize=(1920,1080) → OUT: cursor=(362,609) (0ms)
[CURSOR-ABS] handSide=unknown hand=(0.468,0.357) filter=(0.548,0.400) target=(365,610) cursor=(362,610)
[2026-06-07 14:14:00] [computeCursor] IN: screenSize=(1920,1080) → OUT: cursor=(364,609) (0ms)
[CURSOR-ABS] handSide=unknown hand=(0.489,0.367) filter=(0.547,0.400) target=(366,610) cursor=(365,610)
[2026-06-07 14:14:00] [computeCursor] IN: screenSize=(1920,1080) → OUT: cursor=(366,609) (0ms)
[CURSOR-ABS] handSide=unknown hand=(0.509,0.371) filter=(0.547,0.400) target=(368,609) cursor=(366,610)
[2026-06-07 14:14:00] [computeCursor] IN: screenSize=(1920,1080) → OUT: cursor=(367,609) (0ms)
[CURSOR-ABS] handSide=unknown hand=(0.531,0.374) filter=(0.547,0.400) target=(368,609) cursor=(368,609)
[2026-06-07 14:14:00] [computeCursor] IN: screenSize=(1920,1080) → OUT: cursor=(368,609) (0ms)
[CURSOR-ABS] handSide=unknown hand=(0.556,0.373) filter=(0.547,0.400) target=(368,609) cursor=(368,609)
[2026-06-07 14:14:00] [computeCursor] IN: screenSize=(1920,1080) → OUT: cursor=(367,609) (0ms)
[CURSOR-ABS] handSide=unknown hand=(0.580,0.370) filter=(0.547,0.400) target=(367,609) cursor=(368,609)
[2026-06-07 14:14:00] [computeCursor] IN: screenSize=(1920,1080) → OUT: cursor=(366,609) (0ms)
[CURSOR-ABS] handSide=unknown hand=(0.599,0.371) filter=(0.547,0.400) target=(365,609) cursor=(367,609)
[2026-06-07 14:14:00] [computeCursor] IN: screenSize=(1920,1080) → OUT: cursor=(365,609) (0ms)
[CURSOR-ABS] handSide=unknown hand=(0.615,0.362) filter=(0.548,0.400) target=(364,609) cursor=(365,609)
[2026-06-07 14:14:00] [computeCursor] IN: screenSize=(1920,1080) → OUT: cursor=(363,608) (0ms)
[CURSOR-ABS] handSide=unknown hand=(0.628,0.360) filter=(0.548,0.400) target=(361,609) cursor=(364,609)
[2026-06-07 14:14:00] [computeCursor] IN: screenSize=(1920,1080) → OUT: cursor=(361,608) (0ms)
[CURSOR-ABS] handSide=unknown hand=(0.637,0.358) filter=(0.549,0.400) target=(359,609) cursor=(361,609)
[2026-06-07 14:14:00] [computeCursor] IN: screenSize=(1920,1080) → OUT: cursor=(358,608) (0ms)
[CURSOR-ABS] handSide=unknown hand=(0.647,0.355) filter=(0.549,0.400) target=(356,609) cursor=(359,609)
[2026-06-07 14:14:00] [computeCursor] IN: screenSize=(1920,1080) → OUT: cursor=(356,608) (0ms)
[CURSOR-ABS] handSide=unknown hand=(0.654,0.351) filter=(0.550,0.400) target=(353,609) cursor=(356,609)
[2026-06-07 14:14:00] [computeCursor] IN: screenSize=(1920,1080) → OUT: cursor=(353,608) (0ms)
[CURSOR-ABS] handSide=unknown hand=(0.660,0.350) filter=(0.550,0.400) target=(350,608) cursor=(353,609)
[2026-06-07 14:14:00] [computeCursor] IN: screenSize=(1920,1080) → OUT: cursor=(350,608) (0ms)
[CURSOR-ABS] handSide=unknown hand=(0.665,0.349) filter=(0.551,0.399) target=(347,608) cursor=(350,608)
[2026-06-07 14:14:00] [computeCursor] IN: screenSize=(1920,1080) → OUT: cursor=(346,608) (0ms)
[CURSOR-ABS] handSide=unknown hand=(0.668,0.354) filter=(0.552,0.399) target=(344,608) cursor=(347,608)
[2026-06-07 14:14:00] [computeCursor] IN: screenSize=(1920,1080) → OUT: cursor=(343,608) (0ms)
[CURSOR-ABS] handSide=unknown hand=(0.666,0.367) filter=(0.552,0.399) target=(340,608) cursor=(344,608)
[2026-06-07 14:14:00] [computeCursor] IN: screenSize=(1920,1080) → OUT: cursor=(340,608) (0ms)
[CURSOR-ABS] handSide=unknown hand=(0.662,0.382) filter=(0.553,0.399) target=(337,608) cursor=(340,608)
[2026-06-07 14:14:00] [computeCursor] IN: screenSize=(1920,1080) → OUT: cursor=(337,608) (0ms)
[CURSOR-ABS] handSide=unknown hand=(0.657,0.396) filter=(0.553,0.399) target=(334,608) cursor=(337,608)
[2026-06-07 14:14:00] [computeCursor] IN: screenSize=(1920,1080) → OUT: cursor=(334,608) (0ms)
[CURSOR-ABS] handSide=unknown hand=(0.649,0.418) filter=(0.554,0.399) target=(331,608) cursor=(334,608)
[2026-06-07 14:14:00] [computeCursor] IN: screenSize=(1920,1080) → OUT: cursor=(331,608) (0ms)
[CURSOR-ABS] handSide=unknown hand=(0.638,0.439) filter=(0.554,0.399) target=(329,609) cursor=(331,608)
[2026-06-07 14:14:00] [computeCursor] IN: screenSize=(1920,1080) → OUT: cursor=(328,608) (0ms)
[CURSOR-ABS] handSide=unknown hand=(0.627,0.457) filter=(0.555,0.399) target=(327,609) cursor=(329,609)
[2026-06-07 14:14:00] [computeCursor] IN: screenSize=(1920,1080) → OUT: cursor=(326,608) (0ms)
[CURSOR-ABS] handSide=unknown hand=(0.613,0.473) filter=(0.555,0.400) target=(325,609) cursor=(327,609)
[2026-06-07 14:14:00] [computeCursor] IN: screenSize=(1920,1080) → OUT: cursor=(325,609) (0ms)
[CURSOR-ABS] handSide=unknown hand=(0.600,0.486) filter=(0.555,0.400) target=(324,610) cursor=(325,609)
[2026-06-07 14:14:00] [computeCursor] IN: screenSize=(1920,1080) → OUT: cursor=(323,609) (0ms)
[CURSOR-ABS] handSide=unknown hand=(0.586,0.496) filter=(0.555,0.400) target=(323,610) cursor=(324,610)
[2026-06-07 14:14:00] [computeCursor] IN: screenSize=(1920,1080) → OUT: cursor=(322,610) (0ms)
[CURSOR-ABS] handSide=unknown hand=(0.570,0.499) filter=(0.555,0.400) target=(322,610) cursor=(323,610)
[2026-06-07 14:14:00] [computeCursor] IN: screenSize=(1920,1080) → OUT: cursor=(322,610) (0ms)
[CURSOR-ABS] handSide=unknown hand=(0.555,0.500) filter=(0.555,0.400) target=(322,611) cursor=(322,610)
[2026-06-07 14:14:00] [computeCursor] IN: screenSize=(1920,1080) → OUT: cursor=(322,610) (0ms)
[CURSOR-ABS] handSide=unknown hand=(0.539,0.503) filter=(0.555,0.400) target=(323,611) cursor=(322,611)
[2026-06-07 14:14:00] [computeCursor] IN: screenSize=(1920,1080) → OUT: cursor=(322,611) (0ms)
[CURSOR-ABS] handSide=unknown hand=(0.523,0.506) filter=(0.555,0.401) target=(324,612) cursor=(323,611)
[2026-06-07 14:14:00] [computeCursor] IN: screenSize=(1920,1080) → OUT: cursor=(323,611) (0ms)
[CURSOR-ABS] handSide=unknown hand=(0.506,0.502) filter=(0.555,0.401) target=(325,612) cursor=(324,612)
[2026-06-07 14:14:00] [computeCursor] IN: screenSize=(1920,1080) → OUT: cursor=(324,611) (0ms)
[CURSOR-ABS] handSide=unknown hand=(0.491,0.503) filter=(0.555,0.401) target=(327,612) cursor=(325,612)
[2026-06-07 14:14:00] [computeCursor] IN: screenSize=(1920,1080) → OUT: cursor=(326,612) (0ms)
[CURSOR-ABS] handSide=unknown hand=(0.476,0.498) filter=(0.554,0.401) target=(329,612) cursor=(327,612)
[2026-06-07 14:14:00] [computeCursor] IN: screenSize=(1920,1080) → OUT: cursor=(329,612) (0ms)
[CURSOR-ABS] handSide=unknown hand=(0.459,0.492) filter=(0.554,0.401) target=(332,613) cursor=(329,612)
[2026-06-07 14:14:00] [computeCursor] IN: screenSize=(1920,1080) → OUT: cursor=(331,612) (0ms)
[CURSOR-ABS] handSide=unknown hand=(0.445,0.488) filter=(0.553,0.401) target=(335,613) cursor=(332,613)
[2026-06-07 14:14:00] [computeCursor] IN: screenSize=(1920,1080) → OUT: cursor=(334,612) (0ms)
[CURSOR-ABS] handSide=unknown hand=(0.428,0.483) filter=(0.552,0.401) target=(338,613) cursor=(335,613)
[2026-06-07 14:14:00] [computeCursor] IN: screenSize=(1920,1080) → OUT: cursor=(338,613) (0ms)
[CURSOR-ABS] handSide=unknown hand=(0.413,0.482) filter=(0.552,0.401) target=(342,613) cursor=(338,613)
[2026-06-07 14:14:00] [computeCursor] IN: screenSize=(1920,1080) → OUT: cursor=(342,613) (0ms)
[CURSOR-ABS] handSide=unknown hand=(0.397,0.479) filter=(0.551,0.402) target=(347,613) cursor=(342,613)
[2026-06-07 14:14:00] [computeCursor] IN: screenSize=(1920,1080) → OUT: cursor=(346,613) (0ms)
[CURSOR-ABS] handSide=unknown hand=(0.384,0.476) filter=(0.550,0.402) target=(351,614) cursor=(347,613)
[2026-06-07 14:14:00] [computeCursor] IN: screenSize=(1920,1080) → OUT: cursor=(351,613) (0ms)
[CURSOR-ABS] handSide=unknown hand=(0.373,0.475) filter=(0.549,0.402) target=(356,614) cursor=(351,614)
[2026-06-07 14:14:00] [computeCursor] IN: screenSize=(1920,1080) → OUT: cursor=(356,613) (0ms)
[CURSOR-ABS] handSide=unknown hand=(0.360,0.476) filter=(0.548,0.402) target=(362,614) cursor=(356,614)
[2026-06-07 14:14:00] [computeCursor] IN: screenSize=(1920,1080) → OUT: cursor=(361,613) (0ms)
[CURSOR-ABS] handSide=unknown hand=(0.346,0.474) filter=(0.547,0.402) target=(367,614) cursor=(362,614)
[2026-06-07 14:14:00] [computeCursor] IN: screenSize=(1920,1080) → OUT: cursor=(367,613) (0ms)
[CURSOR-ABS] handSide=unknown hand=(0.333,0.466) filter=(0.546,0.402) target=(373,614) cursor=(367,614)
[2026-06-07 14:14:00] [computeCursor] IN: screenSize=(1920,1080) → OUT: cursor=(373,613) (0ms)
[CURSOR-ABS] handSide=unknown hand=(0.324,0.454) filter=(0.545,0.402) target=(379,614) cursor=(373,614)
[2026-06-07 14:14:00] [computeCursor] IN: screenSize=(1920,1080) → OUT: cursor=(379,613) (0ms)
[CURSOR-ABS] handSide=unknown hand=(0.312,0.443) filter=(0.544,0.402) target=(386,614) cursor=(379,614)
[2026-06-07 14:14:00] [computeCursor] IN: screenSize=(1920,1080) → OUT: cursor=(385,613) (0ms)
[CURSOR-ABS] handSide=unknown hand=(0.302,0.427) filter=(0.542,0.402) target=(392,614) cursor=(386,614)
[2026-06-07 14:14:00] [computeCursor] IN: screenSize=(1920,1080) → OUT: cursor=(392,613) (0ms)
[CURSOR-ABS] handSide=unknown hand=(0.297,0.405) filter=(0.541,0.402) target=(399,614) cursor=(392,614)
[2026-06-07 14:14:00] [computeCursor] IN: screenSize=(1920,1080) → OUT: cursor=(398,613) (0ms)
[CURSOR-ABS] handSide=unknown hand=(0.292,0.383) filter=(0.540,0.402) target=(405,613) cursor=(399,614)
[2026-06-07 14:14:00] [computeCursor] IN: screenSize=(1920,1080) → OUT: cursor=(405,613) (0ms)
[CURSOR-ABS] handSide=unknown hand=(0.289,0.357) filter=(0.538,0.402) target=(412,613) cursor=(405,613)
[2026-06-07 14:14:00] [computeCursor] IN: screenSize=(1920,1080) → OUT: cursor=(411,612) (0ms)
[CURSOR-ABS] handSide=unknown hand=(0.286,0.332) filter=(0.537,0.402) target=(419,613) cursor=(412,613)
[2026-06-07 14:14:00] [computeCursor] IN: screenSize=(1920,1080) → OUT: cursor=(418,612) (0ms)
[CURSOR-ABS] handSide=unknown hand=(0.279,0.310) filter=(0.536,0.402) target=(425,612) cursor=(419,613)
[2026-06-07 14:14:00] [computeCursor] IN: screenSize=(1920,1080) → OUT: cursor=(425,612) (0ms)
[CURSOR-ABS] handSide=unknown hand=(0.277,0.283) filter=(0.535,0.402) target=(432,611) cursor=(425,612)
[2026-06-07 14:14:00] [computeCursor] IN: screenSize=(1920,1080) → OUT: cursor=(432,611) (0ms)
[CURSOR-ABS] handSide=unknown hand=(0.274,0.269) filter=(0.533,0.402) target=(439,611) cursor=(432,611)
[2026-06-07 14:14:00] [computeCursor] IN: screenSize=(1920,1080) → OUT: cursor=(438,610) (0ms)
[CURSOR-ABS] handSide=unknown hand=(0.282,0.253) filter=(0.532,0.401) target=(446,610) cursor=(439,611)
[2026-06-07 14:14:00] [computeCursor] IN: screenSize=(1920,1080) → OUT: cursor=(445,610) (0ms)
[CURSOR-ABS] handSide=unknown hand=(0.291,0.245) filter=(0.531,0.401) target=(452,609) cursor=(445,610)
[2026-06-07 14:14:00] [computeCursor] IN: screenSize=(1920,1080) → OUT: cursor=(451,609) (0ms)
[CURSOR-ABS] handSide=unknown hand=(0.301,0.240) filter=(0.530,0.401) target=(457,609) cursor=(452,609)
[2026-06-07 14:14:00] [computeCursor] IN: screenSize=(1920,1080) → OUT: cursor=(457,608) (0ms)
[CURSOR-ABS] handSide=unknown hand=(0.313,0.239) filter=(0.529,0.401) target=(463,608) cursor=(457,609)
[2026-06-07 14:14:00] [computeCursor] IN: screenSize=(1920,1080) → OUT: cursor=(462,607) (0ms)
[CURSOR-ABS] handSide=unknown hand=(0.327,0.233) filter=(0.528,0.400) target=(468,607) cursor=(463,608)
[2026-06-07 14:14:00] [computeCursor] IN: screenSize=(1920,1080) → OUT: cursor=(467,607) (0ms)
[CURSOR-ABS] handSide=unknown hand=(0.340,0.229) filter=(0.527,0.400) target=(473,606) cursor=(468,607)
[2026-06-07 14:14:00] [computeCursor] IN: screenSize=(1920,1080) → OUT: cursor=(472,606) (0ms)
[CURSOR-ABS] handSide=unknown hand=(0.355,0.228) filter=(0.526,0.400) target=(477,606) cursor=(473,606)
[2026-06-07 14:14:00] [computeCursor] IN: screenSize=(1920,1080) → OUT: cursor=(476,605) (0ms)
[CURSOR-ABS] handSide=unknown hand=(0.369,0.225) filter=(0.525,0.400) target=(481,605) cursor=(477,606)
[2026-06-07 14:14:00] [computeCursor] IN: screenSize=(1920,1080) → OUT: cursor=(480,604) (0ms)
[CURSOR-ABS] handSide=unknown hand=(0.386,0.222) filter=(0.524,0.399) target=(484,604) cursor=(481,605)
[2026-06-07 14:14:00] [computeCursor] IN: screenSize=(1920,1080) → OUT: cursor=(484,604) (0ms)
[CURSOR-ABS] handSide=unknown hand=(0.404,0.224) filter=(0.524,0.399) target=(487,603) cursor=(484,604)
[2026-06-07 14:14:00] [computeCursor] IN: screenSize=(1920,1080) → OUT: cursor=(487,603) (0ms)
[CURSOR-ABS] handSide=unknown hand=(0.423,0.225) filter=(0.523,0.399) target=(490,603) cursor=(487,603)
[2026-06-07 14:14:00] [computeCursor] IN: screenSize=(1920,1080) → OUT: cursor=(489,602) (0ms)
[CURSOR-ABS] handSide=unknown hand=(0.445,0.225) filter=(0.523,0.398) target=(492,602) cursor=(490,603)
[2026-06-07 14:14:00] [computeCursor] IN: screenSize=(1920,1080) → OUT: cursor=(491,602) (1ms)
[CURSOR-ABS] handSide=unknown hand=(0.467,0.225) filter=(0.523,0.398) target=(493,601) cursor=(492,602)
[2026-06-07 14:14:00] [computeCursor] IN: screenSize=(1920,1080) → OUT: cursor=(493,601) (0ms)
[CURSOR-ABS] handSide=unknown hand=(0.490,0.229) filter=(0.522,0.398) target=(494,601) cursor=(493,601)
[2026-06-07 14:14:00] [computeCursor] IN: screenSize=(1920,1080) → OUT: cursor=(494,600) (0ms)
[CURSOR-ABS] handSide=unknown hand=(0.509,0.243) filter=(0.522,0.398) target=(494,600) cursor=(494,601)
[2026-06-07 14:14:00] [computeCursor] IN: screenSize=(1920,1080) → OUT: cursor=(494,600) (0ms)
[CURSOR-ABS] handSide=unknown hand=(0.534,0.252) filter=(0.522,0.397) target=(494,600) cursor=(494,600)
[2026-06-07 14:14:00] [computeCursor] IN: screenSize=(1920,1080) → OUT: cursor=(494,599) (0ms)
[CURSOR-ABS] handSide=unknown hand=(0.550,0.264) filter=(0.523,0.397) target=(494,599) cursor=(494,600)
[2026-06-07 14:14:00] [computeCursor] IN: screenSize=(1920,1080) → OUT: cursor=(493,599) (0ms)
[CURSOR-ABS] handSide=unknown hand=(0.573,0.285) filter=(0.523,0.397) target=(492,599) cursor=(494,599)
[2026-06-07 14:14:00] [computeCursor] IN: screenSize=(1920,1080) → OUT: cursor=(492,598) (0ms)
[CURSOR-ABS] handSide=unknown hand=(0.592,0.305) filter=(0.523,0.397) target=(491,599) cursor=(492,599)
[2026-06-07 14:14:00] [computeCursor] IN: screenSize=(1920,1080) → OUT: cursor=(490,598) (0ms)
[CURSOR-ABS] handSide=unknown hand=(0.612,0.320) filter=(0.524,0.397) target=(489,598) cursor=(491,599)
[2026-06-07 14:14:00] [computeCursor] IN: screenSize=(1920,1080) → OUT: cursor=(488,598) (0ms)
[CURSOR-ABS] handSide=unknown hand=(0.630,0.332) filter=(0.524,0.397) target=(486,598) cursor=(489,598)
[2026-06-07 14:14:00] [computeCursor] IN: screenSize=(1920,1080) → OUT: cursor=(486,598) (0ms)
[CURSOR-ABS] handSide=unknown hand=(0.647,0.343) filter=(0.525,0.396) target=(483,598) cursor=(486,598)
[2026-06-07 14:14:00] [computeCursor] IN: screenSize=(1920,1080) → OUT: cursor=(483,597) (0ms)
[CURSOR-ABS] handSide=unknown hand=(0.658,0.345) filter=(0.525,0.396) target=(480,598) cursor=(483,598)
[2026-06-07 14:14:00] [computeCursor] IN: screenSize=(1920,1080) → OUT: cursor=(479,597) (0ms)
[CURSOR-ABS] handSide=unknown hand=(0.673,0.345) filter=(0.526,0.396) target=(476,598) cursor=(480,598)
[2026-06-07 14:14:00] [computeCursor] IN: screenSize=(1920,1080) → OUT: cursor=(476,597) (0ms)
[CURSOR-ABS] handSide=unknown hand=(0.688,0.347) filter=(0.527,0.396) target=(472,598) cursor=(476,598)
[2026-06-07 14:14:00] [computeCursor] IN: screenSize=(1920,1080) → OUT: cursor=(472,597) (0ms)
[CURSOR-ABS] handSide=unknown hand=(0.700,0.349) filter=(0.528,0.396) target=(468,598) cursor=(472,598)
[2026-06-07 14:14:00] [computeCursor] IN: screenSize=(1920,1080) → OUT: cursor=(468,597) (0ms)
[CURSOR-ABS] handSide=unknown hand=(0.706,0.363) filter=(0.529,0.396) target=(464,598) cursor=(468,598)
[2026-06-07 14:14:00] [computeCursor] IN: screenSize=(1920,1080) → OUT: cursor=(463,597) (0ms)
[CURSOR-ABS] handSide=unknown hand=(0.710,0.380) filter=(0.530,0.396) target=(459,598) cursor=(464,598)
[2026-06-07 14:14:00] [computeCursor] IN: screenSize=(1920,1080) → OUT: cursor=(459,597) (0ms)
[CURSOR-ABS] handSide=unknown hand=(0.704,0.402) filter=(0.530,0.396) target=(455,598) cursor=(459,598)
[2026-06-07 14:14:00] [computeCursor] IN: screenSize=(1920,1080) → OUT: cursor=(454,597) (0ms)
[CURSOR-ABS] handSide=unknown hand=(0.699,0.423) filter=(0.531,0.396) target=(451,598) cursor=(455,598)
[2026-06-07 14:14:00] [computeCursor] IN: screenSize=(1920,1080) → OUT: cursor=(450,598) (0ms)
[CURSOR-ABS] handSide=unknown hand=(0.690,0.445) filter=(0.532,0.396) target=(446,598) cursor=(451,598)
[2026-06-07 14:14:00] [computeCursor] IN: screenSize=(1920,1080) → OUT: cursor=(446,598) (0ms)
[CURSOR-ABS] handSide=unknown hand=(0.682,0.470) filter=(0.533,0.396) target=(443,599) cursor=(446,598)
[2026-06-07 14:14:00] [computeCursor] IN: screenSize=(1920,1080) → OUT: cursor=(442,598) (0ms)
[CURSOR-ABS] handSide=unknown hand=(0.674,0.489) filter=(0.534,0.396) target=(439,599) cursor=(443,599)
[2026-06-07 14:14:00] [computeCursor] IN: screenSize=(1920,1080) → OUT: cursor=(438,599) (0ms)
[CURSOR-ABS] handSide=unknown hand=(0.665,0.501) filter=(0.534,0.397) target=(436,600) cursor=(439,599)
[2026-06-07 14:14:00] [computeCursor] IN: screenSize=(1920,1080) → OUT: cursor=(435,599) (0ms)
[CURSOR-ABS] handSide=unknown hand=(0.654,0.519) filter=(0.535,0.397) target=(432,600) cursor=(436,600)
[2026-06-07 14:14:00] [computeCursor] IN: screenSize=(1920,1080) → OUT: cursor=(432,600) (0ms)
[CURSOR-ABS] handSide=unknown hand=(0.646,0.524) filter=(0.535,0.397) target=(429,601) cursor=(432,600)
[2026-06-07 14:14:00] [computeCursor] IN: screenSize=(1920,1080) → OUT: cursor=(429,600) (0ms)
[CURSOR-ABS] handSide=unknown hand=(0.639,0.534) filter=(0.536,0.397) target=(427,601) cursor=(429,601)
[2026-06-07 14:14:00] [computeCursor] IN: screenSize=(1920,1080) → OUT: cursor=(426,601) (0ms)
[CURSOR-ABS] handSide=unknown hand=(0.629,0.539) filter=(0.536,0.398) target=(424,602) cursor=(427,601)
[2026-06-07 14:14:00] [computeCursor] IN: screenSize=(1920,1080) → OUT: cursor=(424,601) (0ms)
[CURSOR-ABS] handSide=unknown hand=(0.619,0.541) filter=(0.537,0.398) target=(422,603) cursor=(424,602)
[2026-06-07 14:14:00] [computeCursor] IN: screenSize=(1920,1080) → OUT: cursor=(422,602) (0ms)
[CURSOR-ABS] handSide=unknown hand=(0.608,0.540) filter=(0.537,0.398) target=(420,603) cursor=(422,602)
[2026-06-07 14:14:00] [computeCursor] IN: screenSize=(1920,1080) → OUT: cursor=(420,603) (0ms)
[CURSOR-ABS] handSide=unknown hand=(0.600,0.538) filter=(0.537,0.398) target=(419,604) cursor=(420,603)
[2026-06-07 14:14:00] [computeCursor] IN: screenSize=(1920,1080) → OUT: cursor=(418,603) (0ms)
[CURSOR-ABS] handSide=unknown hand=(0.588,0.536) filter=(0.538,0.398) target=(417,604) cursor=(419,604)
[2026-06-07 14:14:00] [computeCursor] IN: screenSize=(1920,1080) → OUT: cursor=(417,604) (0ms)
[CURSOR-ABS] handSide=unknown hand=(0.577,0.535) filter=(0.538,0.399) target=(416,605) cursor=(417,604)
[2026-06-07 14:14:00] [computeCursor] IN: screenSize=(1920,1080) → OUT: cursor=(416,604) (0ms)
[CURSOR-ABS] handSide=unknown hand=(0.564,0.530) filter=(0.538,0.399) target=(415,605) cursor=(416,605)
[2026-06-07 14:14:00] [computeCursor] IN: screenSize=(1920,1080) → OUT: cursor=(415,605) (0ms)
[CURSOR-ABS] handSide=unknown hand=(0.551,0.529) filter=(0.538,0.399) target=(415,606) cursor=(415,605)
[2026-06-07 14:14:00] [computeCursor] IN: screenSize=(1920,1080) → OUT: cursor=(414,605) (0ms)
[CURSOR-ABS] handSide=unknown hand=(0.539,0.526) filter=(0.538,0.399) target=(415,606) cursor=(415,606)
[2026-06-07 14:14:00] [computeCursor] IN: screenSize=(1920,1080) → OUT: cursor=(414,606) (0ms)
[CURSOR-ABS] handSide=unknown hand=(0.522,0.523) filter=(0.538,0.399) target=(415,607) cursor=(415,606)
[2026-06-07 14:14:00] [computeCursor] IN: screenSize=(1920,1080) → OUT: cursor=(415,606) (0ms)
[CURSOR-ABS] handSide=unknown hand=(0.505,0.521) filter=(0.538,0.400) target=(416,607) cursor=(415,607)
[2026-06-07 14:14:00] [computeCursor] IN: screenSize=(1920,1080) → OUT: cursor=(416,606) (0ms)
[CURSOR-ABS] handSide=unknown hand=(0.487,0.518) filter=(0.538,0.400) target=(417,607) cursor=(416,607)
[2026-06-07 14:14:00] [computeCursor] IN: screenSize=(1920,1080) → OUT: cursor=(417,607) (0ms)
[CURSOR-ABS] handSide=unknown hand=(0.471,0.517) filter=(0.537,0.400) target=(419,608) cursor=(417,607)
[2026-06-07 14:14:00] [computeCursor] IN: screenSize=(1920,1080) → OUT: cursor=(419,607) (0ms)
[CURSOR-ABS] handSide=unknown hand=(0.452,0.518) filter=(0.537,0.400) target=(421,608) cursor=(419,608)
[2026-06-07 14:14:00] [computeCursor] IN: screenSize=(1920,1080) → OUT: cursor=(421,608) (0ms)
[CURSOR-ABS] handSide=unknown hand=(0.433,0.513) filter=(0.536,0.400) target=(424,608) cursor=(421,608)
[2026-06-07 14:14:00] [computeCursor] IN: screenSize=(1920,1080) → OUT: cursor=(423,608) (0ms)
[CURSOR-ABS] handSide=unknown hand=(0.414,0.506) filter=(0.536,0.401) target=(427,609) cursor=(424,608)
[2026-06-07 14:14:00] [computeCursor] IN: screenSize=(1920,1080) → OUT: cursor=(426,608) (0ms)
[CURSOR-ABS] handSide=unknown hand=(0.393,0.504) filter=(0.535,0.401) target=(430,609) cursor=(427,609)
[2026-06-07 14:14:00] [computeCursor] IN: screenSize=(1920,1080) → OUT: cursor=(430,608) (0ms)
[CURSOR-ABS] handSide=unknown hand=(0.378,0.495) filter=(0.534,0.401) target=(434,609) cursor=(430,609)
[2026-06-07 14:14:00] [computeCursor] IN: screenSize=(1920,1080) → OUT: cursor=(434,609) (0ms)
[CURSOR-ABS] handSide=unknown hand=(0.362,0.492) filter=(0.533,0.401) target=(439,609) cursor=(434,609)
[2026-06-07 14:14:00] [computeCursor] IN: screenSize=(1920,1080) → OUT: cursor=(438,609) (0ms)
[CURSOR-ABS] handSide=unknown hand=(0.351,0.494) filter=(0.532,0.401) target=(443,610) cursor=(439,609)
[2026-06-07 14:14:00] [computeCursor] IN: screenSize=(1920,1080) → OUT: cursor=(443,609) (0ms)
[CURSOR-ABS] handSide=unknown hand=(0.337,0.490) filter=(0.532,0.401) target=(448,610) cursor=(443,610)
[2026-06-07 14:14:00] [computeCursor] IN: screenSize=(1920,1080) → OUT: cursor=(448,609) (0ms)
[CURSOR-ABS] handSide=unknown hand=(0.327,0.488) filter=(0.531,0.401) target=(453,610) cursor=(448,610)
[2026-06-07 14:14:00] [computeCursor] IN: screenSize=(1920,1080) → OUT: cursor=(453,609) (0ms)
[CURSOR-ABS] handSide=unknown hand=(0.316,0.491) filter=(0.529,0.402) target=(458,610) cursor=(453,610)
[2026-06-07 14:14:00] [computeCursor] IN: screenSize=(1920,1080) → OUT: cursor=(458,609) (0ms)
[CURSOR-ABS] handSide=unknown hand=(0.311,0.491) filter=(0.528,0.402) target=(464,610) cursor=(458,610)
[2026-06-07 14:14:00] [computeCursor] IN: screenSize=(1920,1080) → OUT: cursor=(463,610) (0ms)
[CURSOR-ABS] handSide=unknown hand=(0.305,0.498) filter=(0.527,0.402) target=(469,610) cursor=(464,610)
[2026-06-07 14:14:00] [computeCursor] IN: screenSize=(1920,1080) → OUT: cursor=(469,610) (0ms)
[CURSOR-ABS] handSide=unknown hand=(0.303,0.506) filter=(0.526,0.402) target=(474,610) cursor=(469,610)
[2026-06-07 14:14:00] [computeCursor] IN: screenSize=(1920,1080) → OUT: cursor=(474,610) (0ms)
[CURSOR-ABS] handSide=unknown hand=(0.301,0.514) filter=(0.525,0.402) target=(480,611) cursor=(474,610)
[2026-06-07 14:14:00] [computeCursor] IN: screenSize=(1920,1080) → OUT: cursor=(479,610) (0ms)
[CURSOR-ABS] handSide=unknown hand=(0.301,0.522) filter=(0.524,0.402) target=(485,611) cursor=(480,611)
[2026-06-07 14:14:00] [computeCursor] IN: screenSize=(1920,1080) → OUT: cursor=(485,610) (0ms)
[CURSOR-ABS] handSide=unknown hand=(0.302,0.529) filter=(0.523,0.402) target=(490,611) cursor=(485,611)
[2026-06-07 14:14:00] [computeCursor] IN: screenSize=(1920,1080) → OUT: cursor=(490,611) (0ms)
[CURSOR-ABS] handSide=unknown hand=(0.304,0.536) filter=(0.522,0.403) target=(495,611) cursor=(490,611)
[2026-06-07 14:14:00] [computeCursor] IN: screenSize=(1920,1080) → OUT: cursor=(495,611) (0ms)
[CURSOR-ABS] handSide=unknown hand=(0.305,0.545) filter=(0.521,0.403) target=(500,612) cursor=(495,611)
[2026-06-07 14:14:00] [computeCursor] IN: screenSize=(1920,1080) → OUT: cursor=(500,611) (0ms)
[CURSOR-ABS] handSide=unknown hand=(0.308,0.548) filter=(0.520,0.403) target=(505,612) cursor=(500,612)
[2026-06-07 14:14:00] [computeCursor] IN: screenSize=(1920,1080) → OUT: cursor=(505,611) (0ms)
[CURSOR-ABS] handSide=unknown hand=(0.312,0.551) filter=(0.519,0.403) target=(510,612) cursor=(505,612)
[2026-06-07 14:14:00] [computeCursor] IN: screenSize=(1920,1080) → OUT: cursor=(510,612) (0ms)
[CURSOR-ABS] handSide=unknown hand=(0.313,0.552) filter=(0.518,0.403) target=(515,613) cursor=(510,612)
[2026-06-07 14:14:00] [computeCursor] IN: screenSize=(1920,1080) → OUT: cursor=(514,612) (0ms)
[CURSOR-ABS] handSide=unknown hand=(0.315,0.555) filter=(0.517,0.404) target=(519,613) cursor=(515,613)
[2026-06-07 14:14:00] [computeCursor] IN: screenSize=(1920,1080) → OUT: cursor=(518,612) (0ms)
[CURSOR-ABS] handSide=unknown hand=(0.317,0.554) filter=(0.516,0.404) target=(523,613) cursor=(519,613)
[2026-06-07 14:14:00] [computeCursor] IN: screenSize=(1920,1080) → OUT: cursor=(522,613) (0ms)
[CURSOR-ABS] handSide=unknown hand=(0.318,0.554) filter=(0.515,0.404) target=(526,614) cursor=(522,613)
[2026-06-07 14:14:00] [computeCursor] IN: screenSize=(1920,1080) → OUT: cursor=(526,613) (0ms)
[CURSOR-ABS] handSide=unknown hand=(0.319,0.548) filter=(0.514,0.404) target=(530,614) cursor=(526,614)
[2026-06-07 14:14:00] [computeCursor] IN: screenSize=(1920,1080) → OUT: cursor=(529,614) (0ms)
[CURSOR-ABS] handSide=unknown hand=(0.320,0.543) filter=(0.513,0.404) target=(533,615) cursor=(530,614)
[2026-06-07 14:14:00] [computeCursor] IN: screenSize=(1920,1080) → OUT: cursor=(533,614) (0ms)
[CURSOR-ABS] handSide=unknown hand=(0.321,0.538) filter=(0.512,0.405) target=(537,615) cursor=(533,615)
[2026-06-07 14:14:00] [computeCursor] IN: screenSize=(1920,1080) → OUT: cursor=(536,614) (0ms)
[CURSOR-ABS] handSide=unknown hand=(0.322,0.536) filter=(0.512,0.405) target=(540,615) cursor=(537,615)
[2026-06-07 14:14:00] [computeCursor] IN: screenSize=(1920,1080) → OUT: cursor=(539,615) (0ms)
[CURSOR-ABS] handSide=unknown hand=(0.322,0.528) filter=(0.511,0.405) target=(543,616) cursor=(540,615)
[2026-06-07 14:14:00] [computeCursor] IN: screenSize=(1920,1080) → OUT: cursor=(543,615) (0ms)
[CURSOR-ABS] handSide=unknown hand=(0.324,0.525) filter=(0.510,0.405) target=(547,616) cursor=(543,616)
[2026-06-07 14:14:00] [computeCursor] IN: screenSize=(1920,1080) → OUT: cursor=(546,616) (0ms)
[CURSOR-ABS] handSide=unknown hand=(0.324,0.522) filter=(0.509,0.405) target=(550,616) cursor=(547,616)
[2026-06-07 14:14:00] [computeCursor] IN: screenSize=(1920,1080) → OUT: cursor=(549,616) (0ms)
[CURSOR-ABS] handSide=unknown hand=(0.326,0.520) filter=(0.508,0.405) target=(553,617) cursor=(550,616)
[2026-06-07 14:14:00] [computeCursor] IN: screenSize=(1920,1080) → OUT: cursor=(553,616) (0ms)
[CURSOR-ABS] handSide=unknown hand=(0.326,0.518) filter=(0.507,0.406) target=(556,617) cursor=(553,617)
[2026-06-07 14:14:00] [computeCursor] IN: screenSize=(1920,1080) → OUT: cursor=(556,616) (0ms)
[CURSOR-ABS] handSide=unknown hand=(0.327,0.517) filter=(0.506,0.406) target=(559,617) cursor=(556,617)
[2026-06-07 14:14:00] [computeCursor] IN: screenSize=(1920,1080) → OUT: cursor=(559,617) (0ms)
[CURSOR-ABS] handSide=unknown hand=(0.327,0.516) filter=(0.506,0.406) target=(563,618) cursor=(559,617)
[2026-06-07 14:14:00] [computeCursor] IN: screenSize=(1920,1080) → OUT: cursor=(562,617) (0ms)
[CURSOR-ABS] handSide=unknown hand=(0.326,0.512) filter=(0.505,0.406) target=(566,618) cursor=(563,618)
[2026-06-07 14:14:00] [computeCursor] IN: screenSize=(1920,1080) → OUT: cursor=(565,617) (0ms)
[CURSOR-ABS] handSide=unknown hand=(0.326,0.503) filter=(0.504,0.406) target=(569,618) cursor=(566,618)
[2026-06-07 14:14:00] [computeCursor] IN: screenSize=(1920,1080) → OUT: cursor=(568,618) (0ms)
[CURSOR-ABS] handSide=unknown hand=(0.326,0.499) filter=(0.503,0.406) target=(572,618) cursor=(569,618)
[2026-06-07 14:14:00] [computeCursor] IN: screenSize=(1920,1080) → OUT: cursor=(571,618) (0ms)
[CURSOR-ABS] handSide=unknown hand=(0.329,0.503) filter=(0.502,0.406) target=(575,619) cursor=(572,618)
[2026-06-07 14:14:00] [computeCursor] IN: screenSize=(1920,1080) → OUT: cursor=(574,618) (0ms)
[CURSOR-ABS] handSide=unknown hand=(0.329,0.514) filter=(0.502,0.406) target=(578,619) cursor=(575,619)
[2026-06-07 14:14:00] [computeCursor] IN: screenSize=(1920,1080) → OUT: cursor=(577,618) (0ms)
[CURSOR-ABS] handSide=unknown hand=(0.334,0.524) filter=(0.501,0.407) target=(581,619) cursor=(578,619)
[2026-06-07 14:14:00] [computeCursor] IN: screenSize=(1920,1080) → OUT: cursor=(580,619) (0ms)
[CURSOR-ABS] handSide=unknown hand=(0.336,0.538) filter=(0.500,0.407) target=(583,620) cursor=(581,619)
[2026-06-07 14:14:00] [computeCursor] IN: screenSize=(1920,1080) → OUT: cursor=(583,619) (0ms)
[CURSOR-ABS] handSide=unknown hand=(0.338,0.543) filter=(0.499,0.407) target=(586,620) cursor=(583,620)
[2026-06-07 14:14:00] [computeCursor] IN: screenSize=(1920,1080) → OUT: cursor=(586,619) (0ms)
[CURSOR-ABS] handSide=unknown hand=(0.337,0.549) filter=(0.499,0.407) target=(589,620) cursor=(586,620)
[2026-06-07 14:14:00] [computeCursor] IN: screenSize=(1920,1080) → OUT: cursor=(589,620) (0ms)
[CURSOR-ABS] handSide=unknown hand=(0.335,0.548) filter=(0.498,0.407) target=(592,621) cursor=(589,620)
[2026-06-07 14:14:00] [computeCursor] IN: screenSize=(1920,1080) → OUT: cursor=(591,620) (0ms)
[CURSOR-ABS] handSide=unknown hand=(0.335,0.546) filter=(0.497,0.407) target=(595,621) cursor=(592,621)
[2026-06-07 14:14:00] [computeCursor] IN: screenSize=(1920,1080) → OUT: cursor=(594,621) (0ms)
[CURSOR-ABS] handSide=unknown hand=(0.338,0.554) filter=(0.497,0.408) target=(597,621) cursor=(595,621)
[2026-06-07 14:14:00] [computeCursor] IN: screenSize=(1920,1080) → OUT: cursor=(597,621) (0ms)
[CURSOR-ABS] handSide=unknown hand=(0.339,0.557) filter=(0.496,0.408) target=(600,622) cursor=(597,621)
[2026-06-07 14:14:00] [computeCursor] IN: screenSize=(1920,1080) → OUT: cursor=(600,621) (0ms)
[CURSOR-ABS] handSide=unknown hand=(0.339,0.559) filter=(0.495,0.408) target=(603,622) cursor=(600,622)
[2026-06-07 14:14:00] [computeCursor] IN: screenSize=(1920,1080) → OUT: cursor=(602,622) (0ms)
[CURSOR-ABS] handSide=unknown hand=(0.339,0.559) filter=(0.495,0.408) target=(605,623) cursor=(603,622)
[2026-06-07 14:14:00] [computeCursor] IN: screenSize=(1920,1080) → OUT: cursor=(605,622) (0ms)
[CURSOR-ABS] handSide=unknown hand=(0.338,0.561) filter=(0.494,0.408) target=(608,623) cursor=(605,623)
[2026-06-07 14:14:00] [computeCursor] IN: screenSize=(1920,1080) → OUT: cursor=(607,622) (0ms)
[CURSOR-ABS] handSide=unknown hand=(0.338,0.562) filter=(0.493,0.408) target=(610,623) cursor=(608,623)
[2026-06-07 14:14:00] [computeCursor] IN: screenSize=(1920,1080) → OUT: cursor=(610,623) (0ms)
[CURSOR-ABS] handSide=unknown hand=(0.335,0.563) filter=(0.492,0.409) target=(613,624) cursor=(610,623)
[2026-06-07 14:14:00] [computeCursor] IN: screenSize=(1920,1080) → OUT: cursor=(613,623) (0ms)
[CURSOR-ABS] handSide=unknown hand=(0.336,0.563) filter=(0.492,0.409) target=(616,624) cursor=(613,624)
[2026-06-07 14:14:00] [computeCursor] IN: screenSize=(1920,1080) → OUT: cursor=(615,624) (0ms)
[CURSOR-ABS] handSide=unknown hand=(0.336,0.564) filter=(0.491,0.409) target=(618,624) cursor=(616,624)
[2026-06-07 14:14:00] [computeCursor] IN: screenSize=(1920,1080) → OUT: cursor=(618,624) (0ms)
[CURSOR-ABS] handSide=unknown hand=(0.337,0.563) filter=(0.490,0.409) target=(621,625) cursor=(618,624)
[2026-06-07 14:14:00] [computeCursor] IN: screenSize=(1920,1080) → OUT: cursor=(620,624) (0ms)
[CURSOR-ABS] handSide=unknown hand=(0.335,0.556) filter=(0.490,0.409) target=(623,625) cursor=(621,625)
[2026-06-07 14:14:00] [computeCursor] IN: screenSize=(1920,1080) → OUT: cursor=(623,625) (0ms)
[CURSOR-ABS] handSide=unknown hand=(0.334,0.549) filter=(0.489,0.409) target=(626,625) cursor=(623,625)
[2026-06-07 14:14:00] [computeCursor] IN: screenSize=(1920,1080) → OUT: cursor=(625,625) (0ms)
[CURSOR-ABS] handSide=unknown hand=(0.337,0.548) filter=(0.488,0.410) target=(629,626) cursor=(626,625)
[2026-06-07 14:14:00] [computeCursor] IN: screenSize=(1920,1080) → OUT: cursor=(628,625) (0ms)
[CURSOR-ABS] handSide=unknown hand=(0.340,0.549) filter=(0.488,0.410) target=(631,626) cursor=(628,626)
[2026-06-07 14:14:00] [computeCursor] IN: screenSize=(1920,1080) → OUT: cursor=(630,626) (0ms)
[CURSOR-ABS] handSide=unknown hand=(0.338,0.545) filter=(0.487,0.410) target=(633,626) cursor=(631,626)
[2026-06-07 14:14:00] [computeCursor] IN: screenSize=(1920,1080) → OUT: cursor=(633,626) (0ms)
[CURSOR-ABS] handSide=unknown hand=(0.336,0.537) filter=(0.487,0.410) target=(636,627) cursor=(633,626)
[2026-06-07 14:14:00] [computeCursor] IN: screenSize=(1920,1080) → OUT: cursor=(635,626) (0ms)
[CURSOR-ABS] handSide=unknown hand=(0.338,0.537) filter=(0.486,0.410) target=(638,627) cursor=(636,627)
[2026-06-07 14:14:00] [computeCursor] IN: screenSize=(1920,1080) → OUT: cursor=(638,626) (0ms)
[CURSOR-ABS] handSide=unknown hand=(0.339,0.533) filter=(0.485,0.410) target=(641,627) cursor=(638,627)
[2026-06-07 14:14:00] [computeCursor] IN: screenSize=(1920,1080) → OUT: cursor=(640,627) (0ms)
[CURSOR-ABS] handSide=unknown hand=(0.339,0.536) filter=(0.485,0.410) target=(643,627) cursor=(641,627)
[2026-06-07 14:14:00] [computeCursor] IN: screenSize=(1920,1080) → OUT: cursor=(643,627) (0ms)
[CURSOR-ABS] handSide=unknown hand=(0.341,0.541) filter=(0.484,0.411) target=(646,628) cursor=(643,627)
[2026-06-07 14:14:00] [computeCursor] IN: screenSize=(1920,1080) → OUT: cursor=(645,627) (0ms)
[CURSOR-ABS] handSide=unknown hand=(0.342,0.539) filter=(0.483,0.411) target=(648,628) cursor=(646,628)
[2026-06-07 14:14:00] [computeCursor] IN: screenSize=(1920,1080) → OUT: cursor=(648,628) (0ms)
[CURSOR-ABS] handSide=unknown hand=(0.343,0.542) filter=(0.483,0.411) target=(651,628) cursor=(648,628)
[2026-06-07 14:14:00] [computeCursor] IN: screenSize=(1920,1080) → OUT: cursor=(650,628) (0ms)
[CURSOR-ABS] handSide=unknown hand=(0.343,0.539) filter=(0.482,0.411) target=(653,629) cursor=(651,628)
[2026-06-07 14:14:00] [computeCursor] IN: screenSize=(1920,1080) → OUT: cursor=(653,628) (0ms)
[CURSOR-ABS] handSide=unknown hand=(0.344,0.539) filter=(0.481,0.411) target=(656,629) cursor=(653,629)
[2026-06-07 14:14:00] [computeCursor] IN: screenSize=(1920,1080) → OUT: cursor=(655,629) (0ms)
[CURSOR-ABS] handSide=unknown hand=(0.346,0.534) filter=(0.481,0.411) target=(658,629) cursor=(656,629)
[2026-06-07 14:14:00] [computeCursor] IN: screenSize=(1920,1080) → OUT: cursor=(658,629) (0ms)
[CURSOR-ABS] handSide=unknown hand=(0.344,0.529) filter=(0.480,0.411) target=(661,630) cursor=(658,629)
[2026-06-07 14:14:00] [computeCursor] IN: screenSize=(1920,1080) → OUT: cursor=(660,629) (0ms)
[CURSOR-ABS] handSide=unknown hand=(0.343,0.524) filter=(0.479,0.412) target=(663,630) cursor=(661,630)
[2026-06-07 14:14:00] [computeCursor] IN: screenSize=(1920,1080) → OUT: cursor=(662,629) (0ms)
[CURSOR-ABS] handSide=unknown hand=(0.342,0.519) filter=(0.479,0.412) target=(665,630) cursor=(663,630)
[2026-06-07 14:14:00] [computeCursor] IN: screenSize=(1920,1080) → OUT: cursor=(665,630) (0ms)
[CURSOR-ABS] handSide=unknown hand=(0.341,0.514) filter=(0.478,0.412) target=(667,630) cursor=(665,630)
[2026-06-07 14:14:00] [computeCursor] IN: screenSize=(1920,1080) → OUT: cursor=(667,630) (0ms)
[CURSOR-ABS] handSide=unknown hand=(0.342,0.508) filter=(0.478,0.412) target=(670,630) cursor=(667,630)
[2026-06-07 14:14:00] [computeCursor] IN: screenSize=(1920,1080) → OUT: cursor=(669,630) (0ms)
[CURSOR-ABS] handSide=unknown hand=(0.343,0.500) filter=(0.477,0.412) target=(672,631) cursor=(670,630)
[2026-06-07 14:14:00] [computeCursor] IN: screenSize=(1920,1080) → OUT: cursor=(671,630) (0ms)
[CURSOR-ABS] handSide=unknown hand=(0.341,0.491) filter=(0.477,0.412) target=(674,631) cursor=(672,631)
[2026-06-07 14:14:00] [computeCursor] IN: screenSize=(1920,1080) → OUT: cursor=(673,630) (0ms)
[CURSOR-ABS] handSide=unknown hand=(0.344,0.475) filter=(0.476,0.412) target=(676,631) cursor=(674,631)
[2026-06-07 14:14:00] [computeCursor] IN: screenSize=(1920,1080) → OUT: cursor=(675,630) (0ms)
[CURSOR-ABS] handSide=unknown hand=(0.348,0.457) filter=(0.476,0.412) target=(678,631) cursor=(676,631)
[2026-06-07 14:14:00] [computeCursor] IN: screenSize=(1920,1080) → OUT: cursor=(677,630) (0ms)
[CURSOR-ABS] handSide=unknown hand=(0.356,0.443) filter=(0.475,0.412) target=(680,631) cursor=(678,631)
[2026-06-07 14:14:00] [computeCursor] IN: screenSize=(1920,1080) → OUT: cursor=(679,631) (0ms)
[CURSOR-ABS] handSide=unknown hand=(0.363,0.435) filter=(0.475,0.412) target=(681,631) cursor=(680,631)
[2026-06-07 14:14:00] [computeCursor] IN: screenSize=(1920,1080) → OUT: cursor=(681,631) (0ms)
[CURSOR-ABS] handSide=unknown hand=(0.378,0.430) filter=(0.474,0.412) target=(683,631) cursor=(681,631)
[2026-06-07 14:14:00] [computeCursor] IN: screenSize=(1920,1080) → OUT: cursor=(682,631) (0ms)
[CURSOR-ABS] handSide=unknown hand=(0.403,0.434) filter=(0.474,0.412) target=(684,631) cursor=(683,631)
[2026-06-07 14:14:00] [computeCursor] IN: screenSize=(1920,1080) → OUT: cursor=(684,631) (0ms)
[CURSOR-ABS] handSide=unknown hand=(0.430,0.422) filter=(0.474,0.412) target=(685,631) cursor=(684,631)
[2026-06-07 14:14:00] [computeCursor] IN: screenSize=(1920,1080) → OUT: cursor=(684,631) (0ms)
[CURSOR-ABS] handSide=unknown hand=(0.469,0.416) filter=(0.474,0.412) target=(685,631) cursor=(685,631)
[2026-06-07 14:14:00] [computeCursor] IN: screenSize=(1920,1080) → OUT: cursor=(685,631) (0ms)
[CURSOR-ABS] handSide=unknown hand=(0.505,0.401) filter=(0.474,0.412) target=(685,631) cursor=(685,631)
[2026-06-07 14:14:00] [computeCursor] IN: screenSize=(1920,1080) → OUT: cursor=(684,631) (0ms)
[CURSOR-ABS] handSide=unknown hand=(0.538,0.390) filter=(0.474,0.412) target=(684,631) cursor=(685,631)
[2026-06-07 14:14:00] [computeCursor] IN: screenSize=(1920,1080) → OUT: cursor=(683,631) (0ms)
[CURSOR-ABS] handSide=unknown hand=(0.563,0.382) filter=(0.474,0.412) target=(682,631) cursor=(684,631)
[2026-06-07 14:14:00] [computeCursor] IN: screenSize=(1920,1080) → OUT: cursor=(682,631) (0ms)
[CURSOR-ABS] handSide=unknown hand=(0.586,0.375) filter=(0.475,0.412) target=(680,631) cursor=(682,631)
[2026-06-07 14:14:00] [computeCursor] IN: screenSize=(1920,1080) → OUT: cursor=(680,630) (0ms)
[CURSOR-ABS] handSide=unknown hand=(0.613,0.362) filter=(0.475,0.412) target=(678,631) cursor=(680,631)
[2026-06-07 14:14:00] [computeCursor] IN: screenSize=(1920,1080) → OUT: cursor=(678,630) (0ms)
[CURSOR-ABS] handSide=unknown hand=(0.629,0.354) filter=(0.476,0.412) target=(676,631) cursor=(678,631)
[2026-06-07 14:14:00] [computeCursor] IN: screenSize=(1920,1080) → OUT: cursor=(675,630) (0ms)
[CURSOR-ABS] handSide=unknown hand=(0.639,0.348) filter=(0.477,0.412) target=(673,631) cursor=(676,631)
[2026-06-07 14:14:00] [computeCursor] IN: screenSize=(1920,1080) → OUT: cursor=(673,630) (0ms)
[CURSOR-ABS] handSide=unknown hand=(0.649,0.339) filter=(0.478,0.412) target=(671,630) cursor=(673,631)
[2026-06-07 14:14:00] [computeCursor] IN: screenSize=(1920,1080) → OUT: cursor=(670,630) (0ms)
[CURSOR-ABS] handSide=unknown hand=(0.653,0.331) filter=(0.478,0.412) target=(668,630) cursor=(671,630)
[2026-06-07 14:14:00] [computeCursor] IN: screenSize=(1920,1080) → OUT: cursor=(667,630) (0ms)
[CURSOR-ABS] handSide=unknown hand=(0.660,0.317) filter=(0.479,0.412) target=(665,630) cursor=(668,630)
[2026-06-07 14:14:00] [computeCursor] IN: screenSize=(1920,1080) → OUT: cursor=(664,630) (0ms)
[CURSOR-ABS] handSide=unknown hand=(0.662,0.306) filter=(0.480,0.412) target=(662,630) cursor=(665,630)
[2026-06-07 14:14:00] [computeCursor] IN: screenSize=(1920,1080) → OUT: cursor=(661,629) (0ms)
[CURSOR-ABS] handSide=unknown hand=(0.663,0.293) filter=(0.481,0.411) target=(658,630) cursor=(662,630)
[2026-06-07 14:14:00] [computeCursor] IN: screenSize=(1920,1080) → OUT: cursor=(657,629) (0ms)
[CURSOR-ABS] handSide=unknown hand=(0.655,0.284) filter=(0.482,0.411) target=(655,629) cursor=(658,630)
[2026-06-07 14:14:00] [computeCursor] IN: screenSize=(1920,1080) → OUT: cursor=(655,629) (0ms)
[CURSOR-ABS] handSide=unknown hand=(0.646,0.284) filter=(0.482,0.411) target=(653,629) cursor=(655,629)
[2026-06-07 14:14:00] [computeCursor] IN: screenSize=(1920,1080) → OUT: cursor=(652,629) (0ms)
[CURSOR-ABS] handSide=unknown hand=(0.639,0.294) filter=(0.483,0.411) target=(650,629) cursor=(653,629)
[2026-06-07 14:14:00] [computeCursor] IN: screenSize=(1920,1080) → OUT: cursor=(650,628) (0ms)
[CURSOR-ABS] handSide=unknown hand=(0.629,0.315) filter=(0.483,0.411) target=(648,629) cursor=(650,629)
[2026-06-07 14:14:00] [computeCursor] IN: screenSize=(1920,1080) → OUT: cursor=(647,628) (0ms)
[CURSOR-ABS] handSide=unknown hand=(0.605,0.336) filter=(0.484,0.411) target=(646,628) cursor=(648,629)
[2026-06-07 14:14:00] [computeCursor] IN: screenSize=(1920,1080) → OUT: cursor=(645,628) (1ms)
[CURSOR-ABS] handSide=unknown hand=(0.586,0.364) filter=(0.484,0.411) target=(644,628) cursor=(646,628)
[2026-06-07 14:14:00] [computeCursor] IN: screenSize=(1920,1080) → OUT: cursor=(644,628) (0ms)
[CURSOR-ABS] handSide=unknown hand=(0.569,0.400) filter=(0.485,0.411) target=(643,628) cursor=(644,628)
[2026-06-07 14:14:00] [computeCursor] IN: screenSize=(1920,1080) → OUT: cursor=(642,628) (0ms)
[CURSOR-ABS] handSide=unknown hand=(0.551,0.422) filter=(0.485,0.411) target=(642,628) cursor=(643,628)
[2026-06-07 14:14:00] [computeCursor] IN: screenSize=(1920,1080) → OUT: cursor=(641,628) (0ms)
[CURSOR-ABS] handSide=unknown hand=(0.531,0.449) filter=(0.485,0.411) target=(641,628) cursor=(642,628)
[2026-06-07 14:14:00] [computeCursor] IN: screenSize=(1920,1080) → OUT: cursor=(641,628) (0ms)
[CURSOR-ABS] handSide=unknown hand=(0.508,0.468) filter=(0.485,0.411) target=(641,629) cursor=(641,628)
[2026-06-07 14:14:00] [computeCursor] IN: screenSize=(1920,1080) → OUT: cursor=(640,628) (0ms)
[CURSOR-ABS] handSide=unknown hand=(0.491,0.479) filter=(0.485,0.411) target=(641,629) cursor=(641,629)
[2026-06-07 14:14:00] [computeCursor] IN: screenSize=(1920,1080) → OUT: cursor=(640,628) (0ms)
[CURSOR-ABS] handSide=unknown hand=(0.476,0.488) filter=(0.485,0.411) target=(641,629) cursor=(641,629)
[2026-06-07 14:14:00] [computeCursor] IN: screenSize=(1920,1080) → OUT: cursor=(640,628) (0ms)
[CURSOR-ABS] handSide=unknown hand=(0.466,0.493) filter=(0.485,0.411) target=(641,629) cursor=(641,629)
[2026-06-07 14:14:00] [computeCursor] IN: screenSize=(1920,1080) → OUT: cursor=(640,629) (0ms)
[CURSOR-ABS] handSide=unknown hand=(0.460,0.498) filter=(0.485,0.411) target=(641,629) cursor=(641,629)
[2026-06-07 14:14:00] [computeCursor] IN: screenSize=(1920,1080) → OUT: cursor=(641,629) (0ms)
[CURSOR-ABS] handSide=unknown hand=(0.459,0.500) filter=(0.485,0.411) target=(642,629) cursor=(641,629)
[2026-06-07 14:14:00] [computeCursor] IN: screenSize=(1920,1080) → OUT: cursor=(641,629) (0ms)
[CURSOR-ABS] handSide=unknown hand=(0.459,0.502) filter=(0.485,0.411) target=(642,630) cursor=(642,629)
[2026-06-07 14:14:00] [computeCursor] IN: screenSize=(1920,1080) → OUT: cursor=(642,629) (0ms)
[CURSOR-ABS] handSide=unknown hand=(0.462,0.503) filter=(0.485,0.411) target=(643,630) cursor=(642,630)
[2026-06-07 14:14:00] [computeCursor] IN: screenSize=(1920,1080) → OUT: cursor=(642,629) (0ms)
[CURSOR-ABS] handSide=unknown hand=(0.465,0.502) filter=(0.485,0.412) target=(643,630) cursor=(643,630)
[2026-06-07 14:14:00] [computeCursor] IN: screenSize=(1920,1080) → OUT: cursor=(642,629) (0ms)
[CURSOR-ABS] handSide=unknown hand=(0.468,0.502) filter=(0.485,0.412) target=(643,630) cursor=(643,630)
[2026-06-07 14:14:00] [computeCursor] IN: screenSize=(1920,1080) → OUT: cursor=(643,630) (0ms)
[CURSOR-ABS] handSide=unknown hand=(0.474,0.502) filter=(0.485,0.412) target=(643,630) cursor=(643,630)
[2026-06-07 14:14:00] [computeCursor] IN: screenSize=(1920,1080) → OUT: cursor=(643,630) (0ms)
[CURSOR-ABS] handSide=unknown hand=(0.477,0.506) filter=(0.485,0.412) target=(644,630) cursor=(643,630)
[2026-06-07 14:14:00] [computeCursor] IN: screenSize=(1920,1080) → OUT: cursor=(643,630) (0ms)
[CURSOR-ABS] handSide=unknown hand=(0.481,0.504) filter=(0.485,0.412) target=(644,631) cursor=(644,630)
[2026-06-07 14:14:00] [computeCursor] IN: screenSize=(1920,1080) → OUT: cursor=(643,630) (0ms)
[CURSOR-ABS] handSide=unknown hand=(0.483,0.500) filter=(0.485,0.412) target=(644,631) cursor=(644,631)
[2026-06-07 14:14:00] [computeCursor] IN: screenSize=(1920,1080) → OUT: cursor=(643,630) (0ms)
[CURSOR-ABS] handSide=unknown hand=(0.486,0.498) filter=(0.485,0.412) target=(644,631) cursor=(644,631)
[2026-06-07 14:14:00] [computeCursor] IN: screenSize=(1920,1080) → OUT: cursor=(643,630) (0ms)
[CURSOR-ABS] handSide=unknown hand=(0.489,0.492) filter=(0.485,0.412) target=(643,631) cursor=(644,631)
[2026-06-07 14:14:00] [computeCursor] IN: screenSize=(1920,1080) → OUT: cursor=(643,631) (0ms)
[CURSOR-ABS] handSide=unknown hand=(0.493,0.489) filter=(0.485,0.412) target=(643,631) cursor=(643,631)
[2026-06-07 14:14:00] [computeCursor] IN: screenSize=(1920,1080) → OUT: cursor=(643,631) (0ms)
[CURSOR-ABS] handSide=unknown hand=(0.495,0.486) filter=(0.485,0.412) target=(643,631) cursor=(643,631)
[2026-06-07 14:14:00] [computeCursor] IN: screenSize=(1920,1080) → OUT: cursor=(643,631) (0ms)
[CURSOR-ABS] handSide=unknown hand=(0.497,0.480) filter=(0.485,0.412) target=(643,632) cursor=(643,631)
[2026-06-07 14:14:00] [computeCursor] IN: screenSize=(1920,1080) → OUT: cursor=(643,631) (0ms)
[CURSOR-ABS] handSide=unknown hand=(0.499,0.472) filter=(0.485,0.412) target=(643,632) cursor=(643,632)
[2026-06-07 14:14:00] [computeCursor] IN: screenSize=(1920,1080) → OUT: cursor=(642,631) (0ms)
[CURSOR-ABS] handSide=unknown hand=(0.500,0.463) filter=(0.485,0.412) target=(643,632) cursor=(643,632)
[2026-06-07 14:14:00] [computeCursor] IN: screenSize=(1920,1080) → OUT: cursor=(642,631) (0ms)
[CURSOR-ABS] handSide=unknown hand=(0.500,0.460) filter=(0.485,0.412) target=(642,632) cursor=(643,632)
[2026-06-07 14:14:00] [computeCursor] IN: screenSize=(1920,1080) → OUT: cursor=(642,631) (0ms)
[CURSOR-ABS] handSide=unknown hand=(0.498,0.454) filter=(0.485,0.412) target=(642,632) cursor=(642,632)
[2026-06-07 14:14:00] [computeCursor] IN: screenSize=(1920,1080) → OUT: cursor=(642,631) (0ms)
[CURSOR-ABS] handSide=unknown hand=(0.495,0.448) filter=(0.485,0.412) target=(642,632) cursor=(642,632)
[2026-06-07 14:14:00] [computeCursor] IN: screenSize=(1920,1080) → OUT: cursor=(641,631) (0ms)
[CURSOR-ABS] handSide=unknown hand=(0.494,0.445) filter=(0.485,0.413) target=(642,632) cursor=(642,632)
[2026-06-07 14:14:00] [computeCursor] IN: screenSize=(1920,1080) → OUT: cursor=(641,631) (0ms)
[CURSOR-ABS] handSide=unknown hand=(0.492,0.440) filter=(0.485,0.413) target=(642,632) cursor=(642,632)
[2026-06-07 14:14:00] [computeCursor] IN: screenSize=(1920,1080) → OUT: cursor=(641,632) (0ms)
[CURSOR-ABS] handSide=unknown hand=(0.492,0.437) filter=(0.485,0.413) target=(642,632) cursor=(642,632)
[2026-06-07 14:14:00] [computeCursor] IN: screenSize=(1920,1080) → OUT: cursor=(641,632) (0ms)
[CURSOR-ABS] handSide=unknown hand=(0.491,0.434) filter=(0.485,0.413) target=(642,632) cursor=(642,632)
[2026-06-07 14:14:00] [computeCursor] IN: screenSize=(1920,1080) → OUT: cursor=(641,632) (0ms)
[CURSOR-ABS] handSide=unknown hand=(0.490,0.431) filter=(0.485,0.413) target=(641,632) cursor=(642,632)
[2026-06-07 14:14:00] [computeCursor] IN: screenSize=(1920,1080) → OUT: cursor=(641,632) (0ms)
[CURSOR-ABS] handSide=unknown hand=(0.491,0.428) filter=(0.485,0.413) target=(641,632) cursor=(641,632)
[2026-06-07 14:14:00] [computeCursor] IN: screenSize=(1920,1080) → OUT: cursor=(641,632) (0ms)
[CURSOR-ABS] handSide=unknown hand=(0.491,0.427) filter=(0.485,0.413) target=(641,632) cursor=(641,632)
[2026-06-07 14:14:00] [computeCursor] IN: screenSize=(1920,1080) → OUT: cursor=(641,632) (0ms)
[CURSOR-ABS] handSide=unknown hand=(0.492,0.428) filter=(0.485,0.413) target=(641,632) cursor=(641,632)
[2026-06-07 14:14:00] [computeCursor] IN: screenSize=(1920,1080) → OUT: cursor=(641,632) (0ms)
[CURSOR-ABS] handSide=unknown hand=(0.491,0.429) filter=(0.485,0.413) target=(641,632) cursor=(641,632)
[2026-06-07 14:14:00] [computeCursor] IN: screenSize=(1920,1080) → OUT: cursor=(641,632) (0ms)
[CURSOR-ABS] handSide=unknown hand=(0.491,0.434) filter=(0.485,0.413) target=(641,632) cursor=(641,632)
[2026-06-07 14:14:00] [computeCursor] IN: screenSize=(1920,1080) → OUT: cursor=(640,632) (0ms)
[CURSOR-ABS] handSide=unknown hand=(0.491,0.437) filter=(0.485,0.413) target=(641,632) cursor=(641,632)
[2026-06-07 14:14:00] [computeCursor] IN: screenSize=(1920,1080) → OUT: cursor=(640,632) (0ms)
[CURSOR-ABS] handSide=unknown hand=(0.491,0.435) filter=(0.485,0.413) target=(641,632) cursor=(641,632)
[2026-06-07 14:14:00] [computeCursor] IN: screenSize=(1920,1080) → OUT: cursor=(640,632) (0ms)
[CURSOR-ABS] handSide=unknown hand=(0.492,0.438) filter=(0.485,0.413) target=(641,632) cursor=(641,632)
[2026-06-07 14:14:00] [computeCursor] IN: screenSize=(1920,1080) → OUT: cursor=(640,632) (0ms)
[CURSOR-ABS] handSide=unknown hand=(0.493,0.443) filter=(0.485,0.413) target=(641,632) cursor=(641,632)
[2026-06-07 14:14:00] [computeCursor] IN: screenSize=(1920,1080) → OUT: cursor=(640,632) (0ms)
[CURSOR-ABS] handSide=unknown hand=(0.495,0.445) filter=(0.485,0.413) target=(640,633) cursor=(641,632)
[2026-06-07 14:14:00] [computeCursor] IN: screenSize=(1920,1080) → OUT: cursor=(640,632) (0ms)
[CURSOR-ABS] handSide=unknown hand=(0.496,0.452) filter=(0.485,0.413) target=(640,633) cursor=(640,633)
[2026-06-07 14:14:00] [computeCursor] IN: screenSize=(1920,1080) → OUT: cursor=(640,632) (0ms)
[CURSOR-ABS] handSide=unknown hand=(0.497,0.455) filter=(0.485,0.413) target=(640,633) cursor=(640,633)
[2026-06-07 14:14:00] [computeCursor] IN: screenSize=(1920,1080) → OUT: cursor=(640,632) (0ms)
[CURSOR-ABS] handSide=unknown hand=(0.497,0.458) filter=(0.485,0.413) target=(640,633) cursor=(640,633)
[2026-06-07 14:14:00] [computeCursor] IN: screenSize=(1920,1080) → OUT: cursor=(639,632) (0ms)
[CURSOR-ABS] handSide=unknown hand=(0.498,0.461) filter=(0.486,0.413) target=(640,633) cursor=(640,633)
[2026-06-07 14:14:00] [computeCursor] IN: screenSize=(1920,1080) → OUT: cursor=(639,632) (0ms)
[CURSOR-ABS] handSide=unknown hand=(0.499,0.464) filter=(0.486,0.413) target=(640,633) cursor=(640,633)
[2026-06-07 14:14:00] [computeCursor] IN: screenSize=(1920,1080) → OUT: cursor=(639,632) (0ms)
[CURSOR-ABS] handSide=unknown hand=(0.498,0.467) filter=(0.486,0.413) target=(639,633) cursor=(640,633)
[2026-06-07 14:14:00] [computeCursor] IN: screenSize=(1920,1080) → OUT: cursor=(639,632) (0ms)
[CURSOR-ABS] handSide=unknown hand=(0.500,0.466) filter=(0.486,0.413) target=(639,633) cursor=(639,633)
[2026-06-07 14:14:00] [computeCursor] IN: screenSize=(1920,1080) → OUT: cursor=(639,633) (0ms)
[CURSOR-ABS] handSide=unknown hand=(0.500,0.466) filter=(0.486,0.413) target=(639,633) cursor=(639,633)
[2026-06-07 14:14:00] [computeCursor] IN: screenSize=(1920,1080) → OUT: cursor=(638,633) (1ms)
[CURSOR-ABS] handSide=unknown hand=(0.499,0.466) filter=(0.486,0.413) target=(639,633) cursor=(639,633)
[2026-06-07 14:14:00] [computeCursor] IN: screenSize=(1920,1080) → OUT: cursor=(638,633) (0ms)
[CURSOR-ABS] handSide=unknown hand=(0.500,0.464) filter=(0.486,0.413) target=(638,633) cursor=(639,633)
[2026-06-07 14:14:00] [computeCursor] IN: screenSize=(1920,1080) → OUT: cursor=(638,633) (0ms)
[CURSOR-ABS] handSide=unknown hand=(0.501,0.461) filter=(0.486,0.413) target=(638,633) cursor=(638,633)
[2026-06-07 14:14:00] [computeCursor] IN: screenSize=(1920,1080) → OUT: cursor=(638,633) (0ms)
[CURSOR-ABS] handSide=unknown hand=(0.501,0.464) filter=(0.486,0.413) target=(638,634) cursor=(638,633)
[2026-06-07 14:14:00] [computeCursor] IN: screenSize=(1920,1080) → OUT: cursor=(637,633) (0ms)
[CURSOR-ABS] handSide=unknown hand=(0.500,0.460) filter=(0.486,0.413) target=(638,634) cursor=(638,634)
[2026-06-07 14:14:00] [computeCursor] IN: screenSize=(1920,1080) → OUT: cursor=(637,633) (0ms)
[CURSOR-ABS] handSide=unknown hand=(0.501,0.460) filter=(0.486,0.413) target=(638,634) cursor=(638,634)
[2026-06-07 14:14:00] [computeCursor] IN: screenSize=(1920,1080) → OUT: cursor=(637,633) (0ms)
[CURSOR-ABS] handSide=unknown hand=(0.501,0.460) filter=(0.486,0.413) target=(637,634) cursor=(638,634)
[2026-06-07 14:14:00] [computeCursor] IN: screenSize=(1920,1080) → OUT: cursor=(637,633) (0ms)
[CURSOR-ABS] handSide=unknown hand=(0.501,0.459) filter=(0.486,0.413) target=(637,634) cursor=(637,634)
[2026-06-07 14:14:00] [computeCursor] IN: screenSize=(1920,1080) → OUT: cursor=(637,633) (0ms)
[CURSOR-ABS] handSide=unknown hand=(0.501,0.460) filter=(0.486,0.413) target=(637,634) cursor=(637,634)
[2026-06-07 14:14:00] [computeCursor] IN: screenSize=(1920,1080) → OUT: cursor=(636,633) (0ms)
[CURSOR-ABS] handSide=unknown hand=(0.502,0.458) filter=(0.486,0.413) target=(637,634) cursor=(637,634)
[2026-06-07 14:14:00] [computeCursor] IN: screenSize=(1920,1080) → OUT: cursor=(636,633) (0ms)
[CURSOR-ABS] handSide=unknown hand=(0.502,0.461) filter=(0.486,0.413) target=(636,634) cursor=(637,634)
[2026-06-07 14:14:00] [computeCursor] IN: screenSize=(1920,1080) → OUT: cursor=(636,634) (0ms)
[CURSOR-ABS] handSide=unknown hand=(0.502,0.459) filter=(0.486,0.414) target=(636,634) cursor=(636,634)
[2026-06-07 14:14:00] [computeCursor] IN: screenSize=(1920,1080) → OUT: cursor=(636,634) (0ms)
[CURSOR-ABS] handSide=unknown hand=(0.503,0.462) filter=(0.487,0.414) target=(636,634) cursor=(636,634)
[2026-06-07 14:14:00] [computeCursor] IN: screenSize=(1920,1080) → OUT: cursor=(635,634) (0ms)
[CURSOR-ABS] handSide=unknown hand=(0.503,0.463) filter=(0.487,0.414) target=(636,634) cursor=(636,634)
[2026-06-07 14:14:00] [computeCursor] IN: screenSize=(1920,1080) → OUT: cursor=(635,634) (0ms)
[CURSOR-ABS] handSide=unknown hand=(0.503,0.463) filter=(0.487,0.414) target=(635,634) cursor=(636,634)
[2026-06-07 14:14:00] [computeCursor] IN: screenSize=(1920,1080) → OUT: cursor=(635,634) (0ms)
[CURSOR-ABS] handSide=unknown hand=(0.503,0.464) filter=(0.487,0.414) target=(635,634) cursor=(635,634)
[2026-06-07 14:14:00] [computeCursor] IN: screenSize=(1920,1080) → OUT: cursor=(635,634) (0ms)
[CURSOR-ABS] handSide=unknown hand=(0.507,0.465) filter=(0.487,0.414) target=(635,635) cursor=(635,634)
[2026-06-07 14:14:00] [computeCursor] IN: screenSize=(1920,1080) → OUT: cursor=(634,634) (0ms)
[CURSOR-ABS] handSide=unknown hand=(0.508,0.467) filter=(0.487,0.414) target=(634,635) cursor=(635,635)
[2026-06-07 14:14:00] [computeCursor] IN: screenSize=(1920,1080) → OUT: cursor=(634,634) (0ms)
[CURSOR-ABS] handSide=unknown hand=(0.509,0.467) filter=(0.487,0.414) target=(634,635) cursor=(634,635)
[2026-06-07 14:14:00] [computeCursor] IN: screenSize=(1920,1080) → OUT: cursor=(634,634) (0ms)
[CURSOR-ABS] handSide=unknown hand=(0.507,0.471) filter=(0.487,0.414) target=(634,635) cursor=(634,635)
[2026-06-07 14:14:00] [computeCursor] IN: screenSize=(1920,1080) → OUT: cursor=(633,634) (0ms)
[CURSOR-ABS] handSide=unknown hand=(0.507,0.470) filter=(0.487,0.414) target=(633,635) cursor=(634,635)
[2026-06-07 14:14:00] [computeCursor] IN: screenSize=(1920,1080) → OUT: cursor=(633,634) (0ms)
[CURSOR-ABS] handSide=unknown hand=(0.504,0.474) filter=(0.487,0.414) target=(633,635) cursor=(633,635)
[2026-06-07 14:14:00] [computeCursor] IN: screenSize=(1920,1080) → OUT: cursor=(633,634) (0ms)
[CURSOR-ABS] handSide=unknown hand=(0.504,0.472) filter=(0.487,0.414) target=(633,635) cursor=(633,635)
[2026-06-07 14:14:00] [computeCursor] IN: screenSize=(1920,1080) → OUT: cursor=(632,635) (0ms)
[CURSOR-ABS] handSide=unknown hand=(0.503,0.473) filter=(0.487,0.414) target=(633,635) cursor=(633,635)
[2026-06-07 14:14:00] [computeCursor] IN: screenSize=(1920,1080) → OUT: cursor=(632,635) (0ms)
[CURSOR-ABS] handSide=unknown hand=(0.503,0.475) filter=(0.487,0.414) target=(632,635) cursor=(633,635)
[2026-06-07 14:14:00] [computeCursor] IN: screenSize=(1920,1080) → OUT: cursor=(632,635) (0ms)
[CURSOR-ABS] handSide=unknown hand=(0.502,0.475) filter=(0.487,0.414) target=(632,635) cursor=(632,635)
[2026-06-07 14:14:00] [computeCursor] IN: screenSize=(1920,1080) → OUT: cursor=(632,635) (0ms)
[CURSOR-ABS] handSide=unknown hand=(0.502,0.473) filter=(0.488,0.414) target=(632,635) cursor=(632,635)
[2026-06-07 14:14:00] [computeCursor] IN: screenSize=(1920,1080) → OUT: cursor=(632,635) (0ms)
[CURSOR-ABS] handSide=unknown hand=(0.502,0.471) filter=(0.488,0.414) target=(632,635) cursor=(632,635)
[2026-06-07 14:14:00] [computeCursor] IN: screenSize=(1920,1080) → OUT: cursor=(631,635) (0ms)
[CURSOR-ABS] handSide=unknown hand=(0.502,0.469) filter=(0.488,0.414) target=(632,636) cursor=(632,635)
[2026-06-07 14:14:00] [computeCursor] IN: screenSize=(1920,1080) → OUT: cursor=(631,635) (0ms)
[CURSOR-ABS] handSide=unknown hand=(0.503,0.470) filter=(0.488,0.414) target=(631,636) cursor=(632,636)
[2026-06-07 14:14:00] [computeCursor] IN: screenSize=(1920,1080) → OUT: cursor=(631,635) (0ms)
[CURSOR-ABS] handSide=unknown hand=(0.502,0.468) filter=(0.488,0.414) target=(631,636) cursor=(631,636)
[2026-06-07 14:14:00] [computeCursor] IN: screenSize=(1920,1080) → OUT: cursor=(631,635) (1ms)
[CURSOR-ABS] handSide=unknown hand=(0.502,0.466) filter=(0.488,0.414) target=(631,636) cursor=(631,636)
[2026-06-07 14:14:00] [computeCursor] IN: screenSize=(1920,1080) → OUT: cursor=(630,635) (0ms)
[CURSOR-ABS] handSide=unknown hand=(0.503,0.467) filter=(0.488,0.414) target=(631,636) cursor=(631,636)
[2026-06-07 14:14:00] [computeCursor] IN: screenSize=(1920,1080) → OUT: cursor=(630,635) (0ms)
[CURSOR-ABS] handSide=unknown hand=(0.502,0.466) filter=(0.488,0.414) target=(630,636) cursor=(631,636)
[2026-06-07 14:14:00] [computeCursor] IN: screenSize=(1920,1080) → OUT: cursor=(630,635) (0ms)
[CURSOR-ABS] handSide=unknown hand=(0.502,0.466) filter=(0.488,0.414) target=(630,636) cursor=(630,636)
[2026-06-07 14:14:00] [computeCursor] IN: screenSize=(1920,1080) → OUT: cursor=(630,635) (0ms)
[CURSOR-ABS] handSide=unknown hand=(0.502,0.466) filter=(0.488,0.414) target=(630,636) cursor=(630,636)
[2026-06-07 14:14:00] [computeCursor] IN: screenSize=(1920,1080) → OUT: cursor=(630,636) (0ms)
[CURSOR-ABS] handSide=unknown hand=(0.503,0.465) filter=(0.488,0.414) target=(630,636) cursor=(630,636)
[2026-06-07 14:14:00] [computeCursor] IN: screenSize=(1920,1080) → OUT: cursor=(629,636) (0ms)
[CURSOR-ABS] handSide=unknown hand=(0.502,0.464) filter=(0.488,0.414) target=(630,636) cursor=(630,636)
[2026-06-07 14:14:00] [computeCursor] IN: screenSize=(1920,1080) → OUT: cursor=(629,636) (0ms)
[CURSOR-ABS] handSide=unknown hand=(0.502,0.463) filter=(0.488,0.414) target=(629,636) cursor=(630,636)
[2026-06-07 14:14:00] [computeCursor] IN: screenSize=(1920,1080) → OUT: cursor=(629,636) (0ms)
[CURSOR-ABS] handSide=unknown hand=(0.503,0.464) filter=(0.488,0.415) target=(629,636) cursor=(629,636)
[2026-06-07 14:14:00] [computeCursor] IN: screenSize=(1920,1080) → OUT: cursor=(629,636) (0ms)
[CURSOR-ABS] handSide=unknown hand=(0.502,0.463) filter=(0.488,0.415) target=(629,636) cursor=(629,636)
[2026-06-07 14:14:00] [computeCursor] IN: screenSize=(1920,1080) → OUT: cursor=(628,636) (0ms)
[CURSOR-ABS] handSide=unknown hand=(0.503,0.465) filter=(0.488,0.415) target=(629,636) cursor=(629,636)
[2026-06-07 14:14:00] [computeCursor] IN: screenSize=(1920,1080) → OUT: cursor=(628,636) (0ms)
[CURSOR-ABS] handSide=unknown hand=(0.503,0.465) filter=(0.488,0.415) target=(628,637) cursor=(629,636)
[2026-06-07 14:14:00] [computeCursor] IN: screenSize=(1920,1080) → OUT: cursor=(628,636) (0ms)
[CURSOR-ABS] handSide=unknown hand=(0.503,0.463) filter=(0.489,0.415) target=(628,637) cursor=(628,637)
[2026-06-07 14:14:00] [computeCursor] IN: screenSize=(1920,1080) → OUT: cursor=(628,636) (0ms)
[CURSOR-ABS] handSide=unknown hand=(0.503,0.463) filter=(0.489,0.415) target=(628,637) cursor=(628,637)
[2026-06-07 14:14:00] [computeCursor] IN: screenSize=(1920,1080) → OUT: cursor=(628,636) (0ms)
[CURSOR-ABS] handSide=unknown hand=(0.503,0.461) filter=(0.489,0.415) target=(628,637) cursor=(628,637)
[2026-06-07 14:14:00] [computeCursor] IN: screenSize=(1920,1080) → OUT: cursor=(627,636) (0ms)
[CURSOR-ABS] handSide=unknown hand=(0.503,0.461) filter=(0.489,0.415) target=(628,637) cursor=(628,637)
[2026-06-07 14:14:00] [computeCursor] IN: screenSize=(1920,1080) → OUT: cursor=(627,636) (0ms)
[CURSOR-ABS] handSide=unknown hand=(0.502,0.458) filter=(0.489,0.415) target=(627,637) cursor=(628,637)
[2026-06-07 14:14:00] [computeCursor] IN: screenSize=(1920,1080) → OUT: cursor=(627,636) (0ms)
[CURSOR-ABS] handSide=unknown hand=(0.501,0.458) filter=(0.489,0.415) target=(627,637) cursor=(627,637)
[2026-06-07 14:14:00] [computeCursor] IN: screenSize=(1920,1080) → OUT: cursor=(627,636) (1ms)
[CURSOR-ABS] handSide=unknown hand=(0.501,0.458) filter=(0.489,0.415) target=(627,637) cursor=(627,637)
[2026-06-07 14:14:00] [computeCursor] IN: screenSize=(1920,1080) → OUT: cursor=(627,636) (0ms)
[CURSOR-ABS] handSide=unknown hand=(0.501,0.457) filter=(0.489,0.415) target=(627,637) cursor=(627,637)
[2026-06-07 14:14:00] [computeCursor] IN: screenSize=(1920,1080) → OUT: cursor=(626,636) (0ms)
[CURSOR-ABS] handSide=unknown hand=(0.501,0.456) filter=(0.489,0.415) target=(627,637) cursor=(627,637)
[2026-06-07 14:14:00] [computeCursor] IN: screenSize=(1920,1080) → OUT: cursor=(626,637) (0ms)
[CURSOR-ABS] handSide=unknown hand=(0.502,0.456) filter=(0.489,0.415) target=(626,637) cursor=(627,637)
[2026-06-07 14:14:00] [computeCursor] IN: screenSize=(1920,1080) → OUT: cursor=(626,637) (0ms)
[CURSOR-ABS] handSide=unknown hand=(0.501,0.456) filter=(0.489,0.415) target=(626,637) cursor=(626,637)
[2026-06-07 14:14:00] [computeCursor] IN: screenSize=(1920,1080) → OUT: cursor=(626,637) (0ms)
[CURSOR-ABS] handSide=unknown hand=(0.503,0.457) filter=(0.489,0.415) target=(626,637) cursor=(626,637)
[2026-06-07 14:14:00] [computeCursor] IN: screenSize=(1920,1080) → OUT: cursor=(626,637) (0ms)
[CURSOR-ABS] handSide=unknown hand=(0.502,0.457) filter=(0.489,0.415) target=(626,637) cursor=(626,637)
[2026-06-07 14:14:00] [computeCursor] IN: screenSize=(1920,1080) → OUT: cursor=(625,637) (0ms)
[CURSOR-ABS] handSide=unknown hand=(0.503,0.455) filter=(0.489,0.415) target=(626,637) cursor=(626,637)
[2026-06-07 14:14:00] [computeCursor] IN: screenSize=(1920,1080) → OUT: cursor=(625,637) (0ms)
[CURSOR-ABS] handSide=unknown hand=(0.502,0.454) filter=(0.489,0.415) target=(625,637) cursor=(626,637)
[2026-06-07 14:14:00] [computeCursor] IN: screenSize=(1920,1080) → OUT: cursor=(625,637) (0ms)
[CURSOR-ABS] handSide=unknown hand=(0.502,0.456) filter=(0.489,0.415) target=(625,637) cursor=(625,637)
[2026-06-07 14:14:00] [computeCursor] IN: screenSize=(1920,1080) → OUT: cursor=(625,637) (0ms)
[CURSOR-ABS] handSide=unknown hand=(0.502,0.456) filter=(0.489,0.415) target=(625,637) cursor=(625,637)
[2026-06-07 14:14:00] [computeCursor] IN: screenSize=(1920,1080) → OUT: cursor=(625,637) (0ms)
[CURSOR-ABS] handSide=unknown hand=(0.502,0.459) filter=(0.489,0.415) target=(625,638) cursor=(625,637)
[2026-06-07 14:14:00] [computeCursor] IN: screenSize=(1920,1080) → OUT: cursor=(624,637) (0ms)
[CURSOR-ABS] handSide=unknown hand=(0.503,0.461) filter=(0.489,0.415) target=(625,638) cursor=(625,638)
[2026-06-07 14:14:00] [computeCursor] IN: screenSize=(1920,1080) → OUT: cursor=(624,637) (0ms)
[CURSOR-ABS] handSide=unknown hand=(0.503,0.459) filter=(0.490,0.415) target=(624,638) cursor=(625,638)
[2026-06-07 14:14:00] [computeCursor] IN: screenSize=(1920,1080) → OUT: cursor=(624,637) (0ms)
[CURSOR-ABS] handSide=unknown hand=(0.502,0.460) filter=(0.490,0.415) target=(624,638) cursor=(624,638)
[2026-06-07 14:14:00] [computeCursor] IN: screenSize=(1920,1080) → OUT: cursor=(624,637) (0ms)
[CURSOR-ABS] handSide=unknown hand=(0.503,0.461) filter=(0.490,0.415) target=(624,638) cursor=(624,638)
[2026-06-07 14:14:00] [computeCursor] IN: screenSize=(1920,1080) → OUT: cursor=(624,637) (0ms)
[CURSOR-ABS] handSide=unknown hand=(0.504,0.461) filter=(0.490,0.415) target=(624,638) cursor=(624,638)
[2026-06-07 14:14:00] [computeCursor] IN: screenSize=(1920,1080) → OUT: cursor=(623,637) (0ms)
[CURSOR-ABS] handSide=unknown hand=(0.503,0.461) filter=(0.490,0.415) target=(624,638) cursor=(624,638)
[2026-06-07 14:14:00] [computeCursor] IN: screenSize=(1920,1080) → OUT: cursor=(623,637) (0ms)
[CURSOR-ABS] handSide=unknown hand=(0.503,0.463) filter=(0.490,0.415) target=(623,638) cursor=(624,638)
[2026-06-07 14:14:00] [computeCursor] IN: screenSize=(1920,1080) → OUT: cursor=(623,637) (0ms)
[CURSOR-ABS] handSide=unknown hand=(0.503,0.464) filter=(0.490,0.415) target=(623,638) cursor=(623,638)
[2026-06-07 14:14:00] [computeCursor] IN: screenSize=(1920,1080) → OUT: cursor=(623,637) (0ms)
[CURSOR-ABS] handSide=unknown hand=(0.503,0.467) filter=(0.490,0.415) target=(623,638) cursor=(623,638)
[2026-06-07 14:14:00] [computeCursor] IN: screenSize=(1920,1080) → OUT: cursor=(622,638) (0ms)
[CURSOR-ABS] handSide=unknown hand=(0.504,0.472) filter=(0.490,0.415) target=(623,638) cursor=(623,638)
[2026-06-07 14:14:00] [computeCursor] IN: screenSize=(1920,1080) → OUT: cursor=(622,638) (0ms)
[CURSOR-ABS] handSide=unknown hand=(0.505,0.473) filter=(0.490,0.415) target=(623,638) cursor=(623,638)
[2026-06-07 14:14:00] [computeCursor] IN: screenSize=(1920,1080) → OUT: cursor=(622,638) (0ms)
[CURSOR-ABS] handSide=unknown hand=(0.505,0.472) filter=(0.490,0.415) target=(622,638) cursor=(623,638)
[2026-06-07 14:14:00] [computeCursor] IN: screenSize=(1920,1080) → OUT: cursor=(622,638) (0ms)
[CURSOR-ABS] handSide=unknown hand=(0.507,0.471) filter=(0.490,0.415) target=(622,638) cursor=(622,638)
[2026-06-07 14:14:00] [computeCursor] IN: screenSize=(1920,1080) → OUT: cursor=(622,638) (0ms)
[CURSOR-ABS] handSide=unknown hand=(0.507,0.470) filter=(0.490,0.415) target=(622,638) cursor=(622,638)
[2026-06-07 14:14:00] [computeCursor] IN: screenSize=(1920,1080) → OUT: cursor=(621,638) (0ms)
[CURSOR-ABS] handSide=unknown hand=(0.507,0.470) filter=(0.490,0.415) target=(622,638) cursor=(622,638)
[2026-06-07 14:14:00] [computeCursor] IN: screenSize=(1920,1080) → OUT: cursor=(621,638) (0ms)
[CURSOR-ABS] handSide=unknown hand=(0.508,0.470) filter=(0.490,0.416) target=(621,638) cursor=(622,638)
[2026-06-07 14:14:00] [computeCursor] IN: screenSize=(1920,1080) → OUT: cursor=(621,638) (0ms)
[CURSOR-ABS] handSide=unknown hand=(0.508,0.467) filter=(0.490,0.416) target=(621,639) cursor=(621,638)
[2026-06-07 14:14:00] [computeCursor] IN: screenSize=(1920,1080) → OUT: cursor=(620,638) (0ms)
[CURSOR-ABS] handSide=unknown hand=(0.508,0.466) filter=(0.490,0.416) target=(621,639) cursor=(621,639)
[2026-06-07 14:14:00] [computeCursor] IN: screenSize=(1920,1080) → OUT: cursor=(620,638) (0ms)
[CURSOR-ABS] handSide=unknown hand=(0.507,0.465) filter=(0.491,0.416) target=(620,639) cursor=(621,639)
[2026-06-07 14:14:00] [computeCursor] IN: screenSize=(1920,1080) → OUT: cursor=(620,638) (0ms)
[CURSOR-ABS] handSide=unknown hand=(0.507,0.463) filter=(0.491,0.416) target=(620,639) cursor=(620,639)
[2026-06-07 14:14:00] [computeCursor] IN: screenSize=(1920,1080) → OUT: cursor=(620,638) (0ms)
[CURSOR-ABS] handSide=unknown hand=(0.507,0.464) filter=(0.491,0.416) target=(620,639) cursor=(620,639)
[2026-06-07 14:14:00] [computeCursor] IN: screenSize=(1920,1080) → OUT: cursor=(619,638) (0ms)
[CURSOR-ABS] handSide=unknown hand=(0.508,0.462) filter=(0.491,0.416) target=(620,639) cursor=(620,639)
[2026-06-07 14:14:00] [computeCursor] IN: screenSize=(1920,1080) → OUT: cursor=(619,638) (0ms)
[CURSOR-ABS] handSide=unknown hand=(0.507,0.461) filter=(0.491,0.416) target=(619,639) cursor=(620,639)
[2026-06-07 14:14:00] [computeCursor] IN: screenSize=(1920,1080) → OUT: cursor=(619,638) (0ms)
[CURSOR-ABS] handSide=unknown hand=(0.507,0.460) filter=(0.491,0.416) target=(619,639) cursor=(619,639)
[2026-06-07 14:14:00] [computeCursor] IN: screenSize=(1920,1080) → OUT: cursor=(619,638) (0ms)
[CURSOR-ABS] handSide=unknown hand=(0.507,0.460) filter=(0.491,0.416) target=(619,639) cursor=(619,639)
[2026-06-07 14:14:00] [computeCursor] IN: screenSize=(1920,1080) → OUT: cursor=(618,638) (0ms)
[CURSOR-ABS] handSide=unknown hand=(0.507,0.460) filter=(0.491,0.416) target=(619,639) cursor=(619,639)
[2026-06-07 14:14:00] [computeCursor] IN: screenSize=(1920,1080) → OUT: cursor=(618,638) (0ms)
[CURSOR-ABS] handSide=unknown hand=(0.507,0.461) filter=(0.491,0.416) target=(618,639) cursor=(619,639)
[2026-06-07 14:14:00] [computeCursor] IN: screenSize=(1920,1080) → OUT: cursor=(618,639) (0ms)
[CURSOR-ABS] handSide=unknown hand=(0.507,0.463) filter=(0.491,0.416) target=(618,639) cursor=(618,639)
[2026-06-07 14:14:00] [computeCursor] IN: screenSize=(1920,1080) → OUT: cursor=(618,639) (0ms)
[CURSOR-ABS] handSide=unknown hand=(0.506,0.463) filter=(0.491,0.416) target=(618,639) cursor=(618,639)
[2026-06-07 14:14:00] [computeCursor] IN: screenSize=(1920,1080) → OUT: cursor=(617,639) (0ms)
[CURSOR-ABS] handSide=unknown hand=(0.506,0.463) filter=(0.491,0.416) target=(618,639) cursor=(618,639)
[2026-06-07 14:14:00] [computeCursor] IN: screenSize=(1920,1080) → OUT: cursor=(617,639) (0ms)
[CURSOR-ABS] handSide=unknown hand=(0.506,0.465) filter=(0.491,0.416) target=(617,639) cursor=(618,639)
[2026-06-07 14:14:00] [computeCursor] IN: screenSize=(1920,1080) → OUT: cursor=(617,639) (0ms)
[CURSOR-ABS] handSide=unknown hand=(0.507,0.465) filter=(0.491,0.416) target=(617,639) cursor=(617,639)
[2026-06-07 14:14:00] [computeCursor] IN: screenSize=(1920,1080) → OUT: cursor=(617,639) (0ms)
[CURSOR-ABS] handSide=unknown hand=(0.507,0.465) filter=(0.491,0.416) target=(617,639) cursor=(617,639)
[2026-06-07 14:14:00] [computeCursor] IN: screenSize=(1920,1080) → OUT: cursor=(616,639) (0ms)
[CURSOR-ABS] handSide=unknown hand=(0.507,0.465) filter=(0.492,0.416) target=(617,639) cursor=(617,639)
[2026-06-07 14:14:00] [computeCursor] IN: screenSize=(1920,1080) → OUT: cursor=(616,639) (0ms)
[CURSOR-ABS] handSide=unknown hand=(0.507,0.466) filter=(0.492,0.416) target=(617,639) cursor=(617,639)
[2026-06-07 14:14:00] [computeCursor] IN: screenSize=(1920,1080) → OUT: cursor=(616,639) (0ms)
[CURSOR-ABS] handSide=unknown hand=(0.507,0.467) filter=(0.492,0.416) target=(616,639) cursor=(617,639)
[2026-06-07 14:14:00] [computeCursor] IN: screenSize=(1920,1080) → OUT: cursor=(616,639) (0ms)
[CURSOR-ABS] handSide=unknown hand=(0.507,0.464) filter=(0.492,0.416) target=(616,640) cursor=(616,639)
[2026-06-07 14:14:00] [computeCursor] IN: screenSize=(1920,1080) → OUT: cursor=(616,639) (0ms)
[CURSOR-ABS] handSide=unknown hand=(0.506,0.464) filter=(0.492,0.416) target=(616,640) cursor=(616,640)
[2026-06-07 14:14:00] [computeCursor] IN: screenSize=(1920,1080) → OUT: cursor=(615,639) (0ms)
[CURSOR-ABS] handSide=unknown hand=(0.506,0.464) filter=(0.492,0.416) target=(616,640) cursor=(616,640)
[2026-06-07 14:14:00] [computeCursor] IN: screenSize=(1920,1080) → OUT: cursor=(615,639) (0ms)
[CURSOR-ABS] handSide=unknown hand=(0.505,0.465) filter=(0.492,0.416) target=(615,640) cursor=(616,640)
[2026-06-07 14:14:00] [computeCursor] IN: screenSize=(1920,1080) → OUT: cursor=(615,639) (0ms)
[CURSOR-ABS] handSide=unknown hand=(0.504,0.463) filter=(0.492,0.416) target=(615,640) cursor=(615,640)
[2026-06-07 14:14:00] [computeCursor] IN: screenSize=(1920,1080) → OUT: cursor=(615,639) (0ms)
[CURSOR-ABS] handSide=unknown hand=(0.505,0.458) filter=(0.492,0.416) target=(615,640) cursor=(615,640)
[2026-06-07 14:14:00] [computeCursor] IN: screenSize=(1920,1080) → OUT: cursor=(614,639) (0ms)
[CURSOR-ABS] handSide=unknown hand=(0.505,0.460) filter=(0.492,0.416) target=(615,640) cursor=(615,640)
[2026-06-07 14:14:00] [computeCursor] IN: screenSize=(1920,1080) → OUT: cursor=(614,639) (0ms)
[CURSOR-ABS] handSide=unknown hand=(0.506,0.461) filter=(0.492,0.416) target=(615,640) cursor=(615,640)
[2026-06-07 14:14:00] [computeCursor] IN: screenSize=(1920,1080) → OUT: cursor=(614,639) (0ms)
[CURSOR-ABS] handSide=unknown hand=(0.505,0.460) filter=(0.492,0.416) target=(614,640) cursor=(615,640)
[2026-06-07 14:14:00] [computeCursor] IN: screenSize=(1920,1080) → OUT: cursor=(614,639) (0ms)
[CURSOR-ABS] handSide=unknown hand=(0.504,0.459) filter=(0.492,0.416) target=(614,640) cursor=(614,640)
[2026-06-07 14:14:00] [computeCursor] IN: screenSize=(1920,1080) → OUT: cursor=(614,639) (0ms)
[CURSOR-ABS] handSide=unknown hand=(0.504,0.459) filter=(0.492,0.416) target=(614,640) cursor=(614,640)
[2026-06-07 14:14:00] [computeCursor] IN: screenSize=(1920,1080) → OUT: cursor=(613,639) (0ms)
[CURSOR-ABS] handSide=unknown hand=(0.505,0.460) filter=(0.492,0.416) target=(614,640) cursor=(614,640)
[2026-06-07 14:14:00] [computeCursor] IN: screenSize=(1920,1080) → OUT: cursor=(613,640) (0ms)
[CURSOR-ABS] handSide=unknown hand=(0.504,0.462) filter=(0.492,0.416) target=(614,640) cursor=(614,640)
[2026-06-07 14:14:00] [computeCursor] IN: screenSize=(1920,1080) → OUT: cursor=(613,640) (0ms)
[CURSOR-ABS] handSide=unknown hand=(0.503,0.464) filter=(0.492,0.416) target=(613,640) cursor=(614,640)
[2026-06-07 14:14:00] [computeCursor] IN: screenSize=(1920,1080) → OUT: cursor=(613,640) (0ms)
[CURSOR-ABS] handSide=unknown hand=(0.503,0.465) filter=(0.492,0.416) target=(613,640) cursor=(613,640)
[2026-06-07 14:14:00] [computeCursor] IN: screenSize=(1920,1080) → OUT: cursor=(613,640) (0ms)
[CURSOR-ABS] handSide=unknown hand=(0.503,0.464) filter=(0.492,0.416) target=(613,640) cursor=(613,640)
[2026-06-07 14:14:00] [computeCursor] IN: screenSize=(1920,1080) → OUT: cursor=(613,640) (0ms)
[CURSOR-ABS] handSide=unknown hand=(0.504,0.468) filter=(0.493,0.416) target=(613,640) cursor=(613,640)
[2026-06-07 14:14:00] [computeCursor] IN: screenSize=(1920,1080) → OUT: cursor=(612,640) (0ms)
[CURSOR-ABS] handSide=unknown hand=(0.506,0.471) filter=(0.493,0.416) target=(613,640) cursor=(613,640)
[2026-06-07 14:14:00] [computeCursor] IN: screenSize=(1920,1080) → OUT: cursor=(612,640) (0ms)
[CURSOR-ABS] handSide=unknown hand=(0.511,0.474) filter=(0.493,0.416) target=(612,640) cursor=(613,640)
[2026-06-07 14:14:00] [computeCursor] IN: screenSize=(1920,1080) → OUT: cursor=(612,640) (0ms)
[CURSOR-ABS] handSide=unknown hand=(0.520,0.474) filter=(0.493,0.416) target=(612,640) cursor=(612,640)
[2026-06-07 14:14:00] [computeCursor] IN: screenSize=(1920,1080) → OUT: cursor=(611,640) (0ms)
[CURSOR-ABS] handSide=unknown hand=(0.541,0.475) filter=(0.493,0.416) target=(611,640) cursor=(612,640)
[2026-06-07 14:14:00] [computeCursor] IN: screenSize=(1920,1080) → OUT: cursor=(611,640) (0ms)
[CURSOR-ABS] handSide=unknown hand=(0.560,0.474) filter=(0.493,0.416) target=(610,640) cursor=(611,640)
[2026-06-07 14:14:00] [computeCursor] IN: screenSize=(1920,1080) → OUT: cursor=(610,640) (0ms)
[CURSOR-ABS] handSide=unknown hand=(0.583,0.471) filter=(0.494,0.416) target=(609,641) cursor=(610,640)
[2026-06-07 14:14:00] [computeCursor] IN: screenSize=(1920,1080) → OUT: cursor=(608,640) (0ms)
[CURSOR-ABS] handSide=unknown hand=(0.598,0.473) filter=(0.494,0.416) target=(607,641) cursor=(609,641)
[2026-06-07 14:14:00] [computeCursor] IN: screenSize=(1920,1080) → OUT: cursor=(607,640) (0ms)
[CURSOR-ABS] handSide=unknown hand=(0.621,0.467) filter=(0.495,0.417) target=(605,641) cursor=(607,641)
[2026-06-07 14:14:00] [computeCursor] IN: screenSize=(1920,1080) → OUT: cursor=(605,640) (0ms)
[CURSOR-ABS] handSide=unknown hand=(0.637,0.453) filter=(0.495,0.417) target=(603,641) cursor=(605,641)
[2026-06-07 14:14:00] [computeCursor] IN: screenSize=(1920,1080) → OUT: cursor=(602,640) (0ms)
[CURSOR-ABS] handSide=unknown hand=(0.644,0.440) filter=(0.496,0.417) target=(601,641) cursor=(603,641)
[2026-06-07 14:14:00] [computeCursor] IN: screenSize=(1920,1080) → OUT: cursor=(600,640) (0ms)
[CURSOR-ABS] handSide=unknown hand=(0.644,0.435) filter=(0.496,0.417) target=(598,641) cursor=(601,641)
[2026-06-07 14:14:00] [computeCursor] IN: screenSize=(1920,1080) → OUT: cursor=(598,640) (0ms)
[CURSOR-ABS] handSide=unknown hand=(0.632,0.430) filter=(0.497,0.417) target=(596,641) cursor=(598,641)
[2026-06-07 14:14:00] [computeCursor] IN: screenSize=(1920,1080) → OUT: cursor=(596,640) (0ms)
[CURSOR-ABS] handSide=unknown hand=(0.616,0.435) filter=(0.497,0.417) target=(594,641) cursor=(596,641)
[2026-06-07 14:14:00] [computeCursor] IN: screenSize=(1920,1080) → OUT: cursor=(594,640) (0ms)
[CURSOR-ABS] handSide=unknown hand=(0.595,0.440) filter=(0.498,0.417) target=(593,641) cursor=(594,641)
[2026-06-07 14:14:00] [computeCursor] IN: screenSize=(1920,1080) → OUT: cursor=(592,640) (0ms)
[CURSOR-ABS] handSide=unknown hand=(0.584,0.444) filter=(0.498,0.417) target=(591,641) cursor=(593,641)
[2026-06-07 14:14:00] [computeCursor] IN: screenSize=(1920,1080) → OUT: cursor=(591,640) (0ms)
[CURSOR-ABS] handSide=unknown hand=(0.575,0.429) filter=(0.498,0.417) target=(590,641) cursor=(591,641)
[2026-06-07 14:14:00] [computeCursor] IN: screenSize=(1920,1080) → OUT: cursor=(590,640) (0ms)
[CURSOR-ABS] handSide=unknown hand=(0.590,0.414) filter=(0.499,0.417) target=(589,641) cursor=(590,641)
[2026-06-07 14:14:00] [computeCursor] IN: screenSize=(1920,1080) → OUT: cursor=(588,640) (0ms)
[CURSOR-ABS] handSide=unknown hand=(0.617,0.389) filter=(0.499,0.417) target=(587,641) cursor=(589,641)
[2026-06-07 14:14:00] [computeCursor] IN: screenSize=(1920,1080) → OUT: cursor=(586,640) (0ms)
[CURSOR-ABS] handSide=unknown hand=(0.664,0.366) filter=(0.500,0.417) target=(584,641) cursor=(587,641)
[2026-06-07 14:14:00] [computeCursor] IN: screenSize=(1920,1080) → OUT: cursor=(584,640) (0ms)
[CURSOR-ABS] handSide=unknown hand=(0.714,0.324) filter=(0.501,0.417) target=(581,641) cursor=(584,641)
[2026-06-07 14:14:00] [computeCursor] IN: screenSize=(1920,1080) → OUT: cursor=(580,640) (0ms)
[CURSOR-ABS] handSide=unknown hand=(0.750,0.304) filter=(0.502,0.416) target=(577,641) cursor=(581,641)
[2026-06-07 14:14:00] [computeCursor] IN: screenSize=(1920,1080) → OUT: cursor=(576,640) (0ms)
[CURSOR-ABS] handSide=unknown hand=(0.775,0.272) filter=(0.503,0.416) target=(572,640) cursor=(577,641)
[2026-06-07 14:14:00] [computeCursor] IN: screenSize=(1920,1080) → OUT: cursor=(572,640) (0ms)
[CURSOR-ABS] handSide=unknown hand=(0.785,0.261) filter=(0.504,0.416) target=(567,640) cursor=(572,640)
[2026-06-07 14:14:00] [computeCursor] IN: screenSize=(1920,1080) → OUT: cursor=(567,640) (0ms)
[CURSOR-ABS] handSide=unknown hand=(0.776,0.230) filter=(0.506,0.416) target=(563,640) cursor=(567,640)
[2026-06-07 14:14:00] [computeCursor] IN: screenSize=(1920,1080) → OUT: cursor=(562,640) (0ms)
[CURSOR-ABS] handSide=unknown hand=(0.749,0.168) filter=(0.507,0.416) target=(559,640) cursor=(563,640)
[2026-06-07 14:14:00] [computeCursor] IN: screenSize=(1920,1080) → OUT: cursor=(558,639) (0ms)
[CURSOR-ABS] handSide=unknown hand=(0.696,0.112) filter=(0.507,0.416) target=(556,640) cursor=(559,640)
[2026-06-07 14:14:00] [computeCursor] IN: screenSize=(1920,1080) → OUT: cursor=(555,639) (0ms)
[CURSOR-ABS] handSide=unknown hand=(0.643,0.138) filter=(0.508,0.416) target=(553,639) cursor=(556,640)
[2026-06-07 14:14:00] [computeCursor] IN: screenSize=(1920,1080) → OUT: cursor=(553,639) (0ms)
[CURSOR-ABS] handSide=unknown hand=(0.614,0.141) filter=(0.508,0.416) target=(552,639) cursor=(553,639)
[2026-06-07 14:14:00] [computeCursor] IN: screenSize=(1920,1080) → OUT: cursor=(551,638) (0ms)
[CURSOR-ABS] handSide=unknown hand=(0.528,0.116) filter=(0.509,0.416) target=(551,639) cursor=(552,639)
[2026-06-07 14:14:00] [computeCursor] IN: screenSize=(1920,1080) → OUT: cursor=(551,638) (0ms)
[CURSOR-ABS] handSide=unknown hand=(0.473,0.153) filter=(0.508,0.415) target=(552,638) cursor=(551,639)
[2026-06-07 14:14:00] [computeCursor] IN: screenSize=(1920,1080) → OUT: cursor=(551,638) (0ms)
[CURSOR-ABS] handSide=unknown hand=(0.414,0.173) filter=(0.508,0.415) target=(553,638) cursor=(552,638)
[2026-06-07 14:14:00] [computeCursor] IN: screenSize=(1920,1080) → OUT: cursor=(553,638) (1ms)
[CURSOR-ABS] handSide=unknown hand=(0.377,0.185) filter=(0.507,0.415) target=(556,638) cursor=(553,638)
[2026-06-07 14:14:00] [computeCursor] IN: screenSize=(1920,1080) → OUT: cursor=(555,637) (0ms)
[CURSOR-ABS] handSide=unknown hand=(0.343,0.202) filter=(0.507,0.415) target=(558,637) cursor=(556,638)
[2026-06-07 14:14:00] [computeCursor] IN: screenSize=(1920,1080) → OUT: cursor=(558,637) (0ms)
[CURSOR-ABS] handSide=unknown hand=(0.324,0.212) filter=(0.506,0.415) target=(561,637) cursor=(558,637)
[2026-06-07 14:14:00] [computeCursor] IN: screenSize=(1920,1080) → OUT: cursor=(561,637) (0ms)
[CURSOR-ABS] handSide=unknown hand=(0.305,0.238) filter=(0.505,0.415) target=(565,637) cursor=(561,637)
[2026-06-07 14:14:00] [computeCursor] IN: screenSize=(1920,1080) → OUT: cursor=(564,637) (0ms)
[CURSOR-ABS] handSide=unknown hand=(0.295,0.252) filter=(0.504,0.415) target=(568,637) cursor=(565,637)
[2026-06-07 14:14:00] [computeCursor] IN: screenSize=(1920,1080) → OUT: cursor=(567,636) (0ms)
[CURSOR-ABS] handSide=unknown hand=(0.290,0.266) filter=(0.503,0.415) target=(571,637) cursor=(568,637)
[2026-06-07 14:14:00] [computeCursor] IN: screenSize=(1920,1080) → OUT: cursor=(571,636) (0ms)
[CURSOR-ABS] handSide=unknown hand=(0.288,0.284) filter=(0.502,0.415) target=(575,636) cursor=(571,637)
[2026-06-07 14:14:00] [computeCursor] IN: screenSize=(1920,1080) → OUT: cursor=(574,636) (0ms)
[CURSOR-ABS] handSide=unknown hand=(0.285,0.308) filter=(0.502,0.415) target=(578,636) cursor=(575,636)
[2026-06-07 14:14:00] [computeCursor] IN: screenSize=(1920,1080) → OUT: cursor=(578,636) (0ms)
[CURSOR-ABS] handSide=unknown hand=(0.289,0.327) filter=(0.501,0.414) target=(582,636) cursor=(578,636)
[2026-06-07 14:14:00] [computeCursor] IN: screenSize=(1920,1080) → OUT: cursor=(581,636) (0ms)
[CURSOR-ABS] handSide=unknown hand=(0.293,0.350) filter=(0.500,0.414) target=(585,636) cursor=(582,636)
[2026-06-07 14:14:00] [computeCursor] IN: screenSize=(1920,1080) → OUT: cursor=(584,636) (0ms)
[CURSOR-ABS] handSide=unknown hand=(0.300,0.375) filter=(0.499,0.414) target=(588,636) cursor=(585,636)
[2026-06-07 14:14:00] [computeCursor] IN: screenSize=(1920,1080) → OUT: cursor=(587,636) (0ms)
[CURSOR-ABS] handSide=unknown hand=(0.311,0.402) filter=(0.498,0.414) target=(591,636) cursor=(588,636)
[2026-06-07 14:14:00] [computeCursor] IN: screenSize=(1920,1080) → OUT: cursor=(590,636) (0ms)
[CURSOR-ABS] handSide=unknown hand=(0.326,0.427) filter=(0.498,0.414) target=(594,636) cursor=(591,636)
[2026-06-07 14:14:00] [computeCursor] IN: screenSize=(1920,1080) → OUT: cursor=(593,636) (0ms)
[CURSOR-ABS] handSide=unknown hand=(0.349,0.452) filter=(0.497,0.414) target=(596,636) cursor=(594,636)
[2026-06-07 14:14:00] [computeCursor] IN: screenSize=(1920,1080) → OUT: cursor=(595,636) (0ms)
[CURSOR-ABS] handSide=unknown hand=(0.375,0.462) filter=(0.496,0.414) target=(598,636) cursor=(596,636)
[2026-06-07 14:14:00] [computeCursor] IN: screenSize=(1920,1080) → OUT: cursor=(597,636) (0ms)
[CURSOR-ABS] handSide=unknown hand=(0.408,0.469) filter=(0.496,0.414) target=(599,636) cursor=(598,636)
[2026-06-07 14:14:00] [computeCursor] IN: screenSize=(1920,1080) → OUT: cursor=(599,636) (0ms)
[CURSOR-ABS] handSide=unknown hand=(0.442,0.468) filter=(0.496,0.415) target=(600,636) cursor=(599,636)
[2026-06-07 14:14:00] [computeCursor] IN: screenSize=(1920,1080) → OUT: cursor=(600,636) (0ms)
[CURSOR-ABS] handSide=unknown hand=(0.466,0.484) filter=(0.496,0.415) target=(601,636) cursor=(600,636)
[2026-06-07 14:14:00] [computeCursor] IN: screenSize=(1920,1080) → OUT: cursor=(600,636) (0ms)
[CURSOR-ABS] handSide=unknown hand=(0.502,0.482) filter=(0.496,0.415) target=(600,636) cursor=(601,636)
[2026-06-07 14:14:00] [computeCursor] IN: screenSize=(1920,1080) → OUT: cursor=(600,636) (0ms)
[CURSOR-ABS] handSide=unknown hand=(0.536,0.478) filter=(0.496,0.415) target=(600,637) cursor=(600,636)
[2026-06-07 14:14:00] [computeCursor] IN: screenSize=(1920,1080) → OUT: cursor=(599,636) (0ms)
[CURSOR-ABS] handSide=unknown hand=(0.568,0.471) filter=(0.496,0.415) target=(599,637) cursor=(600,637)
[2026-06-07 14:14:00] [computeCursor] IN: screenSize=(1920,1080) → OUT: cursor=(598,636) (0ms)
[CURSOR-ABS] handSide=unknown hand=(0.600,0.454) filter=(0.497,0.415) target=(597,637) cursor=(599,637)
[2026-06-07 14:14:00] [computeCursor] IN: screenSize=(1920,1080) → OUT: cursor=(597,636) (0ms)
[CURSOR-ABS] handSide=unknown hand=(0.625,0.427) filter=(0.497,0.415) target=(595,637) cursor=(597,637)
[2026-06-07 14:14:00] [computeCursor] IN: screenSize=(1920,1080) → OUT: cursor=(595,636) (0ms)
[CURSOR-ABS] handSide=unknown hand=(0.643,0.400) filter=(0.498,0.415) target=(593,637) cursor=(595,637)
[2026-06-07 14:14:00] [computeCursor] IN: screenSize=(1920,1080) → OUT: cursor=(592,636) (0ms)
[CURSOR-ABS] handSide=unknown hand=(0.653,0.359) filter=(0.498,0.415) target=(590,637) cursor=(593,637)
[2026-06-07 14:14:00] [computeCursor] IN: screenSize=(1920,1080) → OUT: cursor=(590,636) (0ms)
[CURSOR-ABS] handSide=unknown hand=(0.650,0.303) filter=(0.499,0.415) target=(588,636) cursor=(590,637)
[2026-06-07 14:14:00] [computeCursor] IN: screenSize=(1920,1080) → OUT: cursor=(588,636) (0ms)
[CURSOR-ABS] handSide=unknown hand=(0.632,0.255) filter=(0.500,0.414) target=(586,636) cursor=(588,636)
[2026-06-07 14:14:00] [computeCursor] IN: screenSize=(1920,1080) → OUT: cursor=(585,636) (0ms)
[CURSOR-ABS] handSide=unknown hand=(0.604,0.223) filter=(0.500,0.414) target=(584,636) cursor=(586,636)
[2026-06-07 14:14:00] [computeCursor] IN: screenSize=(1920,1080) → OUT: cursor=(584,635) (0ms)
[CURSOR-ABS] handSide=unknown hand=(0.567,0.201) filter=(0.500,0.414) target=(583,636) cursor=(584,636)
[2026-06-07 14:14:00] [computeCursor] IN: screenSize=(1920,1080) → OUT: cursor=(583,635) (0ms)
[CURSOR-ABS] handSide=unknown hand=(0.535,0.182) filter=(0.500,0.414) target=(583,635) cursor=(583,636)
[2026-06-07 14:14:00] [computeCursor] IN: screenSize=(1920,1080) → OUT: cursor=(582,635) (0ms)
[CURSOR-ABS] handSide=unknown hand=(0.499,0.173) filter=(0.500,0.414) target=(583,635) cursor=(583,635)
[2026-06-07 14:14:00] [computeCursor] IN: screenSize=(1920,1080) → OUT: cursor=(582,635) (0ms)
[CURSOR-ABS] handSide=unknown hand=(0.464,0.182) filter=(0.500,0.414) target=(583,635) cursor=(583,635)
[2026-06-07 14:14:00] [computeCursor] IN: screenSize=(1920,1080) → OUT: cursor=(583,634) (0ms)
[CURSOR-ABS] handSide=unknown hand=(0.439,0.193) filter=(0.500,0.414) target=(584,634) cursor=(583,635)
[2026-06-07 14:14:00] [computeCursor] IN: screenSize=(1920,1080) → OUT: cursor=(584,634) (0ms)
[CURSOR-ABS] handSide=unknown hand=(0.427,0.211) filter=(0.500,0.413) target=(585,634) cursor=(584,634)
[2026-06-07 14:14:00] [computeCursor] IN: screenSize=(1920,1080) → OUT: cursor=(585,634) (0ms)
[CURSOR-ABS] handSide=unknown hand=(0.407,0.275) filter=(0.499,0.413) target=(587,634) cursor=(585,634)
[2026-06-07 14:14:00] [computeCursor] IN: screenSize=(1920,1080) → OUT: cursor=(586,633) (0ms)
[CURSOR-ABS] handSide=unknown hand=(0.409,0.335) filter=(0.499,0.413) target=(588,634) cursor=(587,634)
[2026-06-07 14:14:00] [computeCursor] IN: screenSize=(1920,1080) → OUT: cursor=(588,633) (0ms)
[CURSOR-ABS] handSide=unknown hand=(0.432,0.388) filter=(0.499,0.413) target=(589,634) cursor=(588,634)
[2026-06-07 14:14:00] [computeCursor] IN: screenSize=(1920,1080) → OUT: cursor=(589,633) (0ms)
[CURSOR-ABS] handSide=unknown hand=(0.465,0.434) filter=(0.499,0.413) target=(590,634) cursor=(589,634)
[2026-06-07 14:14:00] [computeCursor] IN: screenSize=(1920,1080) → OUT: cursor=(589,633) (0ms)
[CURSOR-ABS] handSide=unknown hand=(0.498,0.466) filter=(0.499,0.413) target=(590,634) cursor=(590,634)
[2026-06-07 14:14:00] [computeCursor] IN: screenSize=(1920,1080) → OUT: cursor=(589,633) (0ms)
[CURSOR-ABS] handSide=unknown hand=(0.538,0.475) filter=(0.499,0.413) target=(589,634) cursor=(590,634)
[2026-06-07 14:14:00] [computeCursor] IN: screenSize=(1920,1080) → OUT: cursor=(589,633) (0ms)
[CURSOR-ABS] handSide=unknown hand=(0.585,0.461) filter=(0.499,0.413) target=(588,634) cursor=(589,634)
[2026-06-07 14:14:00] [computeCursor] IN: screenSize=(1920,1080) → OUT: cursor=(587,633) (0ms)
[CURSOR-ABS] handSide=unknown hand=(0.630,0.409) filter=(0.500,0.413) target=(586,634) cursor=(588,634)
[2026-06-07 14:14:00] [computeCursor] IN: screenSize=(1920,1080) → OUT: cursor=(585,633) (0ms)
[CURSOR-ABS] handSide=unknown hand=(0.660,0.332) filter=(0.500,0.413) target=(583,634) cursor=(586,634)
[2026-06-07 14:14:00] [computeCursor] IN: screenSize=(1920,1080) → OUT: cursor=(583,633) (0ms)
[CURSOR-ABS] handSide=unknown hand=(0.683,0.264) filter=(0.501,0.413) target=(580,634) cursor=(583,634)
[2026-06-07 14:14:00] [computeCursor] IN: screenSize=(1920,1080) → OUT: cursor=(580,633) (0ms)
[CURSOR-ABS] handSide=unknown hand=(0.653,0.250) filter=(0.502,0.413) target=(578,633) cursor=(580,634)
[2026-06-07 14:14:00] [computeCursor] IN: screenSize=(1920,1080) → OUT: cursor=(578,633) (0ms)
[CURSOR-ABS] handSide=unknown hand=(0.632,0.218) filter=(0.502,0.413) target=(576,633) cursor=(578,633)
[2026-06-07 14:14:00] [computeCursor] IN: screenSize=(1920,1080) → OUT: cursor=(576,632) (0ms)
[CURSOR-ABS] handSide=unknown hand=(0.599,0.202) filter=(0.503,0.413) target=(574,633) cursor=(576,633)
[2026-06-07 14:14:00] [computeCursor] IN: screenSize=(1920,1080) → OUT: cursor=(574,632) (0ms)
[CURSOR-ABS] handSide=unknown hand=(0.440,0.099) filter=(0.502,0.413) target=(575,632) cursor=(574,633)
[2026-06-07 14:14:00] [computeCursor] IN: screenSize=(1920,1080) → OUT: cursor=(575,632) (0ms)
✅ 回放完成: 1556帧
📐 target偏差: avg=687px max=1680px
📊 指标: ./scripts/analyze-cursor-log.sh /tmp/replay-v0.4.0-milestone.log
📦 入库: /Users/diqibadao/Desktop/vibe项目/MotionControl/Docs/logs/v0.4.0-milestone-replay.log

🎬 回放: v0.5.0-silky-trace.tsv (1476帧)
   校准原点: (0.464,0.368)
[CURSOR-ABS] handSide=unknown hand=(0.286,0.372) filter=(0.286,0.372) target=(1734,550) cursor=(960,540)
[CURSOR-ABS] handSide=unknown hand=(0.273,0.367) filter=(0.286,0.372) target=(1734,550) cursor=(960,540)
[CURSOR-ABS] handSide=unknown hand=(0.262,0.363) filter=(0.286,0.372) target=(1734,550) cursor=(960,540)
[CURSOR-ABS] handSide=unknown hand=(0.250,0.361) filter=(0.286,0.372) target=(1734,550) cursor=(960,540)
[CURSOR-ABS] handSide=unknown hand=(0.238,0.360) filter=(0.286,0.372) target=(1734,550) cursor=(960,540)
[CURSOR-ABS] handSide=unknown hand=(0.227,0.359) filter=(0.286,0.372) target=(1734,550) cursor=(960,540)
[CURSOR-ABS] handSide=unknown hand=(0.216,0.359) filter=(0.286,0.372) target=(1734,550) cursor=(960,540)
[CURSOR-ABS] handSide=unknown hand=(0.205,0.357) filter=(0.286,0.372) target=(1734,550) cursor=(960,540)
[CURSOR-ABS] handSide=unknown hand=(0.192,0.359) filter=(0.286,0.372) target=(1734,550) cursor=(960,540)
[CURSOR-ABS] handSide=unknown hand=(0.181,0.356) filter=(0.286,0.372) target=(1734,550) cursor=(960,540)
[CURSOR-ABS] handSide=unknown hand=(0.170,0.355) filter=(0.286,0.372) target=(1734,550) cursor=(960,540)
[CURSOR-ABS] handSide=unknown hand=(0.160,0.353) filter=(0.286,0.372) target=(1735,550) cursor=(960,540)
[CURSOR-ABS] handSide=unknown hand=(0.147,0.347) filter=(0.286,0.372) target=(1735,550) cursor=(960,540)
[CURSOR-ABS] handSide=unknown hand=(0.136,0.344) filter=(0.286,0.372) target=(1735,550) cursor=(960,540)
[CURSOR-ABS] handSide=unknown hand=(0.125,0.334) filter=(0.286,0.372) target=(1735,550) cursor=(960,540)
[CURSOR-ABS] handSide=unknown hand=(0.118,0.325) filter=(0.286,0.372) target=(1735,550) cursor=(960,540)
[CURSOR-ABS] handSide=unknown hand=(0.109,0.316) filter=(0.286,0.372) target=(1736,550) cursor=(960,540)
[CURSOR-ABS] handSide=unknown hand=(0.103,0.308) filter=(0.286,0.372) target=(1736,550) cursor=(960,540)
[CURSOR-ABS] handSide=unknown hand=(0.099,0.301) filter=(0.286,0.372) target=(1736,550) cursor=(960,540)
[CURSOR-ABS] handSide=unknown hand=(0.094,0.296) filter=(0.286,0.372) target=(1736,550) cursor=(960,540)
[CURSOR-ABS] handSide=unknown hand=(0.095,0.288) filter=(0.285,0.372) target=(1737,550) cursor=(960,540)
[CURSOR-ABS] handSide=unknown hand=(0.094,0.291) filter=(0.285,0.372) target=(1737,550) cursor=(960,540)
[CURSOR-ABS] handSide=unknown hand=(0.095,0.302) filter=(0.285,0.372) target=(1737,550) cursor=(960,540)
[CURSOR-ABS] handSide=unknown hand=(0.101,0.312) filter=(0.285,0.372) target=(1738,550) cursor=(960,540)
[CURSOR-ABS] handSide=unknown hand=(0.109,0.329) filter=(0.285,0.372) target=(1738,550) cursor=(960,540)
[CURSOR-ABS] handSide=unknown hand=(0.120,0.342) filter=(0.285,0.372) target=(1738,550) cursor=(960,540)
[CURSOR-ABS] handSide=unknown hand=(0.131,0.359) filter=(0.285,0.372) target=(1739,550) cursor=(960,540)
[CURSOR-ABS] handSide=unknown hand=(0.145,0.373) filter=(0.285,0.372) target=(1739,550) cursor=(960,540)
[CURSOR-ABS] handSide=unknown hand=(0.157,0.394) filter=(0.285,0.372) target=(1739,550) cursor=(960,540)
[CURSOR-ABS] handSide=unknown hand=(0.169,0.410) filter=(0.285,0.372) target=(1740,550) cursor=(960,540)
[CURSOR-ABS] handSide=unknown hand=(0.184,0.417) filter=(0.285,0.372) target=(1740,550) cursor=(960,540)
[2026-06-07 14:14:00] [computeCursor] IN: screenSize=(1920,1080) → OUT: cursor=(1735,549) (0ms)
[CURSOR-ABS] handSide=unknown hand=(0.196,0.435) filter=(0.285,0.372) target=(1742,550) cursor=(1736,550)
[2026-06-07 14:14:00] [computeCursor] IN: screenSize=(1920,1080) → OUT: cursor=(1742,550) (0ms)
[CURSOR-ABS] handSide=unknown hand=(0.211,0.452) filter=(0.284,0.372) target=(1743,551) cursor=(1742,550)
[2026-06-07 14:14:00] [computeCursor] IN: screenSize=(1920,1080) → OUT: cursor=(1743,550) (0ms)
[CURSOR-ABS] handSide=unknown hand=(0.224,0.468) filter=(0.284,0.372) target=(1744,551) cursor=(1743,551)
[2026-06-07 14:14:00] [computeCursor] IN: screenSize=(1920,1080) → OUT: cursor=(1743,550) (0ms)
[CURSOR-ABS] handSide=unknown hand=(0.241,0.479) filter=(0.284,0.372) target=(1744,551) cursor=(1744,551)
[2026-06-07 14:14:00] [computeCursor] IN: screenSize=(1920,1080) → OUT: cursor=(1743,550) (0ms)
[CURSOR-ABS] handSide=unknown hand=(0.256,0.490) filter=(0.284,0.372) target=(1744,551) cursor=(1744,551)
[2026-06-07 14:14:00] [computeCursor] IN: screenSize=(1920,1080) → OUT: cursor=(1744,551) (0ms)
[CURSOR-ABS] handSide=unknown hand=(0.274,0.497) filter=(0.284,0.372) target=(1744,551) cursor=(1744,551)
[2026-06-07 14:14:00] [computeCursor] IN: screenSize=(1920,1080) → OUT: cursor=(1744,551) (0ms)
[CURSOR-ABS] handSide=unknown hand=(0.293,0.498) filter=(0.284,0.372) target=(1744,551) cursor=(1744,551)
[2026-06-07 14:14:00] [computeCursor] IN: screenSize=(1920,1080) → OUT: cursor=(1744,551) (0ms)
[CURSOR-ABS] handSide=unknown hand=(0.313,0.501) filter=(0.284,0.372) target=(1744,552) cursor=(1744,551)
[2026-06-07 14:14:00] [computeCursor] IN: screenSize=(1920,1080) → OUT: cursor=(1744,551) (0ms)
[CURSOR-ABS] handSide=unknown hand=(0.335,0.493) filter=(0.284,0.373) target=(1744,552) cursor=(1744,552)
[2026-06-07 14:14:00] [computeCursor] IN: screenSize=(1920,1080) → OUT: cursor=(1743,551) (0ms)
[CURSOR-ABS] handSide=unknown hand=(0.355,0.497) filter=(0.284,0.373) target=(1743,552) cursor=(1744,552)
[2026-06-07 14:14:00] [computeCursor] IN: screenSize=(1920,1080) → OUT: cursor=(1743,551) (0ms)
[CURSOR-ABS] handSide=unknown hand=(0.379,0.491) filter=(0.285,0.373) target=(1742,552) cursor=(1743,552)
[2026-06-07 14:14:00] [computeCursor] IN: screenSize=(1920,1080) → OUT: cursor=(1742,552) (0ms)
[CURSOR-ABS] handSide=unknown hand=(0.397,0.485) filter=(0.285,0.373) target=(1742,552) cursor=(1742,552)
[2026-06-07 14:14:00] [computeCursor] IN: screenSize=(1920,1080) → OUT: cursor=(1741,552) (0ms)
[CURSOR-ABS] handSide=unknown hand=(0.414,0.474) filter=(0.285,0.373) target=(1741,552) cursor=(1742,552)
[2026-06-07 14:14:00] [computeCursor] IN: screenSize=(1920,1080) → OUT: cursor=(1740,552) (0ms)
[CURSOR-ABS] handSide=unknown hand=(0.433,0.468) filter=(0.285,0.373) target=(1740,552) cursor=(1741,552)
[2026-06-07 14:14:00] [computeCursor] IN: screenSize=(1920,1080) → OUT: cursor=(1739,552) (0ms)
[CURSOR-ABS] handSide=unknown hand=(0.448,0.453) filter=(0.285,0.373) target=(1739,553) cursor=(1740,552)
[2026-06-07 14:14:00] [computeCursor] IN: screenSize=(1920,1080) → OUT: cursor=(1738,552) (0ms)
[CURSOR-ABS] handSide=unknown hand=(0.462,0.445) filter=(0.285,0.373) target=(1738,553) cursor=(1739,553)
[2026-06-07 14:14:00] [computeCursor] IN: screenSize=(1920,1080) → OUT: cursor=(1737,552) (0ms)
[CURSOR-ABS] handSide=unknown hand=(0.477,0.432) filter=(0.286,0.373) target=(1737,553) cursor=(1738,553)
[2026-06-07 14:14:00] [computeCursor] IN: screenSize=(1920,1080) → OUT: cursor=(1736,552) (0ms)
[CURSOR-ABS] handSide=unknown hand=(0.490,0.415) filter=(0.286,0.373) target=(1735,553) cursor=(1737,553)
[2026-06-07 14:14:00] [computeCursor] IN: screenSize=(1920,1080) → OUT: cursor=(1735,552) (0ms)
[CURSOR-ABS] handSide=unknown hand=(0.503,0.394) filter=(0.286,0.373) target=(1734,553) cursor=(1735,553)
[2026-06-07 14:14:00] [computeCursor] IN: screenSize=(1920,1080) → OUT: cursor=(1734,552) (0ms)
[CURSOR-ABS] handSide=unknown hand=(0.507,0.368) filter=(0.286,0.373) target=(1733,553) cursor=(1734,553)
[2026-06-07 14:14:00] [computeCursor] IN: screenSize=(1920,1080) → OUT: cursor=(1732,552) (0ms)
[CURSOR-ABS] handSide=unknown hand=(0.506,0.339) filter=(0.286,0.373) target=(1732,553) cursor=(1733,553)
[2026-06-07 14:14:00] [computeCursor] IN: screenSize=(1920,1080) → OUT: cursor=(1731,552) (0ms)
[CURSOR-ABS] handSide=unknown hand=(0.498,0.313) filter=(0.287,0.373) target=(1731,553) cursor=(1732,553)
[2026-06-07 14:14:00] [computeCursor] IN: screenSize=(1920,1080) → OUT: cursor=(1730,552) (0ms)
[CURSOR-ABS] handSide=unknown hand=(0.487,0.287) filter=(0.287,0.373) target=(1730,553) cursor=(1731,553)
[2026-06-07 14:14:00] [computeCursor] IN: screenSize=(1920,1080) → OUT: cursor=(1729,552) (0ms)
[CURSOR-ABS] handSide=unknown hand=(0.473,0.265) filter=(0.287,0.373) target=(1729,552) cursor=(1730,553)
[2026-06-07 14:14:00] [computeCursor] IN: screenSize=(1920,1080) → OUT: cursor=(1729,552) (0ms)
[CURSOR-ABS] handSide=unknown hand=(0.456,0.251) filter=(0.287,0.373) target=(1728,552) cursor=(1729,552)
[2026-06-07 14:14:00] [computeCursor] IN: screenSize=(1920,1080) → OUT: cursor=(1728,552) (0ms)
[CURSOR-ABS] handSide=unknown hand=(0.436,0.230) filter=(0.287,0.373) target=(1728,552) cursor=(1728,552)
[2026-06-07 14:14:00] [computeCursor] IN: screenSize=(1920,1080) → OUT: cursor=(1727,552) (0ms)
[CURSOR-ABS] handSide=unknown hand=(0.419,0.203) filter=(0.287,0.373) target=(1727,552) cursor=(1728,552)
[2026-06-07 14:14:00] [computeCursor] IN: screenSize=(1920,1080) → OUT: cursor=(1727,551) (0ms)
[CURSOR-ABS] handSide=unknown hand=(0.403,0.185) filter=(0.287,0.373) target=(1727,552) cursor=(1727,552)
[2026-06-07 14:14:00] [computeCursor] IN: screenSize=(1920,1080) → OUT: cursor=(1726,551) (0ms)
[CURSOR-ABS] handSide=unknown hand=(0.385,0.175) filter=(0.287,0.372) target=(1726,551) cursor=(1727,552)
[2026-06-07 14:14:00] [computeCursor] IN: screenSize=(1920,1080) → OUT: cursor=(1726,551) (0ms)
[CURSOR-ABS] handSide=unknown hand=(0.372,0.161) filter=(0.287,0.372) target=(1726,551) cursor=(1726,551)
[2026-06-07 14:14:00] [computeCursor] IN: screenSize=(1920,1080) → OUT: cursor=(1726,551) (1ms)
[CURSOR-ABS] handSide=unknown hand=(0.358,0.152) filter=(0.287,0.372) target=(1726,551) cursor=(1726,551)
[2026-06-07 14:14:00] [computeCursor] IN: screenSize=(1920,1080) → OUT: cursor=(1725,550) (0ms)
[CURSOR-ABS] handSide=unknown hand=(0.340,0.142) filter=(0.287,0.372) target=(1726,550) cursor=(1726,551)
[2026-06-07 14:14:00] [computeCursor] IN: screenSize=(1920,1080) → OUT: cursor=(1725,550) (0ms)
[CURSOR-ABS] handSide=unknown hand=(0.324,0.135) filter=(0.287,0.372) target=(1726,550) cursor=(1726,550)
[2026-06-07 14:14:00] [computeCursor] IN: screenSize=(1920,1080) → OUT: cursor=(1725,550) (0ms)
[CURSOR-ABS] handSide=unknown hand=(0.308,0.126) filter=(0.287,0.372) target=(1725,550) cursor=(1726,550)
[2026-06-07 14:14:00] [computeCursor] IN: screenSize=(1920,1080) → OUT: cursor=(1725,549) (1ms)
[CURSOR-ABS] handSide=unknown hand=(0.293,0.116) filter=(0.287,0.372) target=(1725,549) cursor=(1725,550)
[2026-06-07 14:14:00] [computeCursor] IN: screenSize=(1920,1080) → OUT: cursor=(1725,549) (0ms)
[CURSOR-ABS] handSide=unknown hand=(0.265,0.111) filter=(0.287,0.371) target=(1725,549) cursor=(1725,549)
[2026-06-07 14:14:00] [computeCursor] IN: screenSize=(1920,1080) → OUT: cursor=(1725,548) (0ms)
[CURSOR-ABS] handSide=unknown hand=(0.248,0.101) filter=(0.287,0.371) target=(1726,548) cursor=(1725,549)
[2026-06-07 14:14:00] [computeCursor] IN: screenSize=(1920,1080) → OUT: cursor=(1725,548) (0ms)
[CURSOR-ABS] handSide=unknown hand=(0.201,0.123) filter=(0.287,0.371) target=(1726,548) cursor=(1726,548)
[2026-06-07 14:14:00] [computeCursor] IN: screenSize=(1920,1080) → OUT: cursor=(1725,547) (0ms)
[CURSOR-ABS] handSide=unknown hand=(0.162,0.127) filter=(0.287,0.371) target=(1726,547) cursor=(1726,548)
[2026-06-07 14:14:00] [computeCursor] IN: screenSize=(1920,1080) → OUT: cursor=(1726,546) (0ms)
[CURSOR-ABS] handSide=unknown hand=(0.151,0.134) filter=(0.287,0.370) target=(1727,546) cursor=(1726,547)
[2026-06-07 14:14:00] [computeCursor] IN: screenSize=(1920,1080) → OUT: cursor=(1726,546) (0ms)
[CURSOR-ABS] handSide=unknown hand=(0.145,0.136) filter=(0.287,0.370) target=(1727,546) cursor=(1727,546)
[2026-06-07 14:14:00] [computeCursor] IN: screenSize=(1920,1080) → OUT: cursor=(1727,545) (0ms)
[CURSOR-ABS] handSide=unknown hand=(0.137,0.163) filter=(0.287,0.370) target=(1728,545) cursor=(1727,546)
[2026-06-07 14:14:00] [computeCursor] IN: screenSize=(1920,1080) → OUT: cursor=(1728,545) (0ms)
[CURSOR-ABS] handSide=unknown hand=(0.135,0.182) filter=(0.287,0.370) target=(1729,545) cursor=(1728,545)
[2026-06-07 14:14:00] [computeCursor] IN: screenSize=(1920,1080) → OUT: cursor=(1728,544) (0ms)
[CURSOR-ABS] handSide=unknown hand=(0.134,0.210) filter=(0.287,0.370) target=(1729,544) cursor=(1729,545)
[2026-06-07 14:14:00] [computeCursor] IN: screenSize=(1920,1080) → OUT: cursor=(1729,544) (0ms)
[CURSOR-ABS] handSide=unknown hand=(0.138,0.244) filter=(0.287,0.369) target=(1730,544) cursor=(1729,544)
[2026-06-07 14:14:00] [computeCursor] IN: screenSize=(1920,1080) → OUT: cursor=(1729,544) (0ms)
[CURSOR-ABS] handSide=unknown hand=(0.144,0.292) filter=(0.287,0.369) target=(1730,544) cursor=(1730,544)
[2026-06-07 14:14:00] [computeCursor] IN: screenSize=(1920,1080) → OUT: cursor=(1730,543) (0ms)
[CURSOR-ABS] handSide=unknown hand=(0.155,0.344) filter=(0.286,0.369) target=(1731,544) cursor=(1730,544)
[2026-06-07 14:14:00] [computeCursor] IN: screenSize=(1920,1080) → OUT: cursor=(1731,543) (0ms)
[CURSOR-ABS] handSide=unknown hand=(0.171,0.342) filter=(0.286,0.369) target=(1732,544) cursor=(1731,544)
[2026-06-07 14:14:00] [computeCursor] IN: screenSize=(1920,1080) → OUT: cursor=(1731,543) (0ms)
[CURSOR-ABS] handSide=unknown hand=(0.191,0.377) filter=(0.286,0.369) target=(1732,544) cursor=(1732,544)
[2026-06-07 14:14:00] [computeCursor] IN: screenSize=(1920,1080) → OUT: cursor=(1731,543) (0ms)
[CURSOR-ABS] handSide=unknown hand=(0.210,0.405) filter=(0.286,0.369) target=(1732,544) cursor=(1732,544)
[2026-06-07 14:14:00] [computeCursor] IN: screenSize=(1920,1080) → OUT: cursor=(1732,543) (0ms)
[CURSOR-ABS] handSide=unknown hand=(0.228,0.433) filter=(0.286,0.369) target=(1733,544) cursor=(1732,544)
[2026-06-07 14:14:00] [computeCursor] IN: screenSize=(1920,1080) → OUT: cursor=(1732,543) (0ms)
[CURSOR-ABS] handSide=unknown hand=(0.249,0.447) filter=(0.286,0.369) target=(1733,544) cursor=(1733,544)
[2026-06-07 14:14:00] [computeCursor] IN: screenSize=(1920,1080) → OUT: cursor=(1732,544) (0ms)
[CURSOR-ABS] handSide=unknown hand=(0.265,0.461) filter=(0.286,0.370) target=(1733,544) cursor=(1733,544)
[2026-06-07 14:14:00] [computeCursor] IN: screenSize=(1920,1080) → OUT: cursor=(1732,544) (0ms)
[CURSOR-ABS] handSide=unknown hand=(0.283,0.475) filter=(0.286,0.370) target=(1733,545) cursor=(1733,544)
[2026-06-07 14:14:00] [computeCursor] IN: screenSize=(1920,1080) → OUT: cursor=(1732,544) (0ms)
[CURSOR-ABS] handSide=unknown hand=(0.299,0.491) filter=(0.286,0.370) target=(1733,545) cursor=(1733,545)
[2026-06-07 14:14:00] [computeCursor] IN: screenSize=(1920,1080) → OUT: cursor=(1732,544) (0ms)
[CURSOR-ABS] handSide=unknown hand=(0.318,0.511) filter=(0.286,0.370) target=(1733,545) cursor=(1733,545)
[2026-06-07 14:14:00] [computeCursor] IN: screenSize=(1920,1080) → OUT: cursor=(1732,545) (0ms)
[CURSOR-ABS] handSide=unknown hand=(0.339,0.512) filter=(0.286,0.370) target=(1732,546) cursor=(1733,545)
[2026-06-07 14:14:00] [computeCursor] IN: screenSize=(1920,1080) → OUT: cursor=(1732,545) (0ms)
[CURSOR-ABS] handSide=unknown hand=(0.361,0.519) filter=(0.286,0.370) target=(1732,546) cursor=(1732,546)
[2026-06-07 14:14:00] [computeCursor] IN: screenSize=(1920,1080) → OUT: cursor=(1732,545) (0ms)
[CURSOR-ABS] handSide=unknown hand=(0.389,0.518) filter=(0.286,0.370) target=(1732,546) cursor=(1732,546)
[2026-06-07 14:14:00] [computeCursor] IN: screenSize=(1920,1080) → OUT: cursor=(1731,546) (0ms)
[CURSOR-ABS] handSide=unknown hand=(0.418,0.510) filter=(0.286,0.370) target=(1731,546) cursor=(1732,546)
[2026-06-07 14:14:00] [computeCursor] IN: screenSize=(1920,1080) → OUT: cursor=(1731,546) (0ms)
[CURSOR-ABS] handSide=unknown hand=(0.444,0.502) filter=(0.287,0.371) target=(1730,547) cursor=(1731,546)
[2026-06-07 14:14:00] [computeCursor] IN: screenSize=(1920,1080) → OUT: cursor=(1730,546) (0ms)
[CURSOR-ABS] handSide=unknown hand=(0.472,0.486) filter=(0.287,0.371) target=(1730,547) cursor=(1730,547)
[2026-06-07 14:14:00] [computeCursor] IN: screenSize=(1920,1080) → OUT: cursor=(1729,546) (0ms)
[CURSOR-ABS] handSide=unknown hand=(0.499,0.464) filter=(0.287,0.371) target=(1729,547) cursor=(1730,547)
[2026-06-07 14:14:00] [computeCursor] IN: screenSize=(1920,1080) → OUT: cursor=(1728,547) (0ms)
[CURSOR-ABS] handSide=unknown hand=(0.526,0.446) filter=(0.287,0.371) target=(1728,547) cursor=(1729,547)
[2026-06-07 14:14:00] [computeCursor] IN: screenSize=(1920,1080) → OUT: cursor=(1728,547) (0ms)
[CURSOR-ABS] handSide=unknown hand=(0.546,0.414) filter=(0.287,0.371) target=(1727,547) cursor=(1728,547)
[2026-06-07 14:14:00] [computeCursor] IN: screenSize=(1920,1080) → OUT: cursor=(1727,547) (0ms)
[CURSOR-ABS] handSide=unknown hand=(0.559,0.380) filter=(0.287,0.371) target=(1726,547) cursor=(1727,547)
[2026-06-07 14:14:00] [computeCursor] IN: screenSize=(1920,1080) → OUT: cursor=(1726,547) (0ms)
[CURSOR-ABS] handSide=unknown hand=(0.565,0.343) filter=(0.287,0.371) target=(1726,547) cursor=(1726,547)
[2026-06-07 14:14:00] [computeCursor] IN: screenSize=(1920,1080) → OUT: cursor=(1725,547) (0ms)
[CURSOR-ABS] handSide=unknown hand=(0.563,0.304) filter=(0.287,0.371) target=(1725,547) cursor=(1726,547)
[2026-06-07 14:14:00] [computeCursor] IN: screenSize=(1920,1080) → OUT: cursor=(1724,547) (0ms)
[CURSOR-ABS] handSide=unknown hand=(0.557,0.268) filter=(0.288,0.371) target=(1724,547) cursor=(1725,547)
[2026-06-07 14:14:00] [computeCursor] IN: screenSize=(1920,1080) → OUT: cursor=(1724,546) (1ms)
[CURSOR-ABS] handSide=unknown hand=(0.544,0.236) filter=(0.288,0.371) target=(1723,547) cursor=(1724,547)
[2026-06-07 14:14:00] [computeCursor] IN: screenSize=(1920,1080) → OUT: cursor=(1723,546) (0ms)
[CURSOR-ABS] handSide=unknown hand=(0.525,0.213) filter=(0.288,0.370) target=(1723,546) cursor=(1723,547)
[2026-06-07 14:14:00] [computeCursor] IN: screenSize=(1920,1080) → OUT: cursor=(1722,546) (0ms)
[CURSOR-ABS] handSide=unknown hand=(0.504,0.194) filter=(0.288,0.370) target=(1722,546) cursor=(1723,546)
[2026-06-07 14:14:00] [computeCursor] IN: screenSize=(1920,1080) → OUT: cursor=(1721,545) (0ms)
[CURSOR-ABS] handSide=unknown hand=(0.478,0.181) filter=(0.288,0.370) target=(1721,546) cursor=(1722,546)
[2026-06-07 14:14:00] [computeCursor] IN: screenSize=(1920,1080) → OUT: cursor=(1721,545) (0ms)
[CURSOR-ABS] handSide=unknown hand=(0.453,0.171) filter=(0.288,0.370) target=(1721,545) cursor=(1721,546)
[2026-06-07 14:14:00] [computeCursor] IN: screenSize=(1920,1080) → OUT: cursor=(1720,545) (0ms)
[CURSOR-ABS] handSide=unknown hand=(0.424,0.159) filter=(0.288,0.370) target=(1720,545) cursor=(1721,545)
[2026-06-07 14:14:00] [computeCursor] IN: screenSize=(1920,1080) → OUT: cursor=(1720,544) (0ms)
[CURSOR-ABS] handSide=unknown hand=(0.398,0.170) filter=(0.288,0.369) target=(1720,544) cursor=(1720,545)
[2026-06-07 14:14:00] [computeCursor] IN: screenSize=(1920,1080) → OUT: cursor=(1719,544) (1ms)
[CURSOR-ABS] handSide=unknown hand=(0.366,0.176) filter=(0.288,0.369) target=(1719,544) cursor=(1720,544)
[2026-06-07 14:14:00] [computeCursor] IN: screenSize=(1920,1080) → OUT: cursor=(1719,543) (0ms)
[CURSOR-ABS] handSide=unknown hand=(0.340,0.195) filter=(0.288,0.369) target=(1719,543) cursor=(1719,544)
[2026-06-07 14:14:00] [computeCursor] IN: screenSize=(1920,1080) → OUT: cursor=(1719,543) (0ms)
[CURSOR-ABS] handSide=unknown hand=(0.318,0.221) filter=(0.288,0.369) target=(1719,543) cursor=(1719,543)
[2026-06-07 14:14:00] [computeCursor] IN: screenSize=(1920,1080) → OUT: cursor=(1718,542) (0ms)
[CURSOR-ABS] handSide=unknown hand=(0.293,0.241) filter=(0.288,0.369) target=(1719,542) cursor=(1719,543)
[2026-06-07 14:14:00] [computeCursor] IN: screenSize=(1920,1080) → OUT: cursor=(1718,542) (0ms)
[CURSOR-ABS] handSide=unknown hand=(0.273,0.272) filter=(0.288,0.369) target=(1719,542) cursor=(1719,542)
[2026-06-07 14:14:00] [computeCursor] IN: screenSize=(1920,1080) → OUT: cursor=(1719,541) (1ms)
[CURSOR-ABS] handSide=unknown hand=(0.246,0.293) filter=(0.288,0.368) target=(1719,542) cursor=(1719,542)
[2026-06-07 14:14:00] [computeCursor] IN: screenSize=(1920,1080) → OUT: cursor=(1719,541) (0ms)
[CURSOR-ABS] handSide=unknown hand=(0.226,0.322) filter=(0.288,0.368) target=(1719,542) cursor=(1719,542)
[2026-06-07 14:14:00] [computeCursor] IN: screenSize=(1920,1080) → OUT: cursor=(1719,541) (0ms)
[CURSOR-ABS] handSide=unknown hand=(0.218,0.349) filter=(0.288,0.368) target=(1720,542) cursor=(1719,542)
[2026-06-07 14:14:00] [computeCursor] IN: screenSize=(1920,1080) → OUT: cursor=(1719,541) (0ms)
[CURSOR-ABS] handSide=unknown hand=(0.209,0.364) filter=(0.288,0.368) target=(1720,542) cursor=(1720,542)
[2026-06-07 14:14:00] [computeCursor] IN: screenSize=(1920,1080) → OUT: cursor=(1720,541) (0ms)
[CURSOR-ABS] handSide=unknown hand=(0.203,0.383) filter=(0.288,0.368) target=(1720,542) cursor=(1720,542)
[2026-06-07 14:14:00] [computeCursor] IN: screenSize=(1920,1080) → OUT: cursor=(1720,541) (0ms)
[CURSOR-ABS] handSide=unknown hand=(0.198,0.409) filter=(0.288,0.368) target=(1721,542) cursor=(1720,542)
[2026-06-07 14:14:00] [computeCursor] IN: screenSize=(1920,1080) → OUT: cursor=(1720,541) (0ms)
[CURSOR-ABS] handSide=unknown hand=(0.197,0.430) filter=(0.288,0.369) target=(1721,542) cursor=(1721,542)
[2026-06-07 14:14:00] [computeCursor] IN: screenSize=(1920,1080) → OUT: cursor=(1721,541) (0ms)
[CURSOR-ABS] handSide=unknown hand=(0.196,0.455) filter=(0.288,0.369) target=(1721,542) cursor=(1721,542)
[2026-06-07 14:14:00] [computeCursor] IN: screenSize=(1920,1080) → OUT: cursor=(1721,542) (0ms)
[CURSOR-ABS] handSide=unknown hand=(0.203,0.466) filter=(0.288,0.369) target=(1722,542) cursor=(1721,542)
[2026-06-07 14:14:00] [computeCursor] IN: screenSize=(1920,1080) → OUT: cursor=(1721,542) (1ms)
[CURSOR-ABS] handSide=unknown hand=(0.212,0.495) filter=(0.288,0.369) target=(1722,543) cursor=(1722,542)
[2026-06-07 14:14:00] [computeCursor] IN: screenSize=(1920,1080) → OUT: cursor=(1721,542) (0ms)
[CURSOR-ABS] handSide=unknown hand=(0.226,0.507) filter=(0.288,0.369) target=(1722,543) cursor=(1722,543)
[2026-06-07 14:14:00] [computeCursor] IN: screenSize=(1920,1080) → OUT: cursor=(1722,543) (0ms)
[CURSOR-ABS] handSide=unknown hand=(0.241,0.532) filter=(0.288,0.369) target=(1722,544) cursor=(1722,543)
[2026-06-07 14:14:00] [computeCursor] IN: screenSize=(1920,1080) → OUT: cursor=(1722,543) (0ms)
[CURSOR-ABS] handSide=unknown hand=(0.258,0.544) filter=(0.288,0.369) target=(1722,544) cursor=(1722,544)
[2026-06-07 14:14:00] [computeCursor] IN: screenSize=(1920,1080) → OUT: cursor=(1722,543) (0ms)
[CURSOR-ABS] handSide=unknown hand=(0.280,0.557) filter=(0.288,0.370) target=(1722,544) cursor=(1722,544)
[2026-06-07 14:14:00] [computeCursor] IN: screenSize=(1920,1080) → OUT: cursor=(1722,544) (0ms)
[CURSOR-ABS] handSide=unknown hand=(0.301,0.567) filter=(0.288,0.370) target=(1722,545) cursor=(1722,544)
[2026-06-07 14:14:00] [computeCursor] IN: screenSize=(1920,1080) → OUT: cursor=(1722,544) (0ms)
[CURSOR-ABS] handSide=unknown hand=(0.322,0.577) filter=(0.288,0.370) target=(1722,545) cursor=(1722,545)
[2026-06-07 14:14:00] [computeCursor] IN: screenSize=(1920,1080) → OUT: cursor=(1722,545) (1ms)
[CURSOR-ABS] handSide=unknown hand=(0.344,0.577) filter=(0.288,0.370) target=(1722,546) cursor=(1722,545)
[2026-06-07 14:14:00] [computeCursor] IN: screenSize=(1920,1080) → OUT: cursor=(1722,545) (0ms)
[CURSOR-ABS] handSide=unknown hand=(0.364,0.577) filter=(0.288,0.370) target=(1722,546) cursor=(1722,546)
[2026-06-07 14:14:00] [computeCursor] IN: screenSize=(1920,1080) → OUT: cursor=(1721,546) (0ms)
[CURSOR-ABS] handSide=unknown hand=(0.386,0.578) filter=(0.288,0.371) target=(1721,547) cursor=(1722,546)
[2026-06-07 14:14:00] [computeCursor] IN: screenSize=(1920,1080) → OUT: cursor=(1721,546) (0ms)
[CURSOR-ABS] handSide=unknown hand=(0.403,0.563) filter=(0.288,0.371) target=(1721,547) cursor=(1721,547)
[2026-06-07 14:14:00] [computeCursor] IN: screenSize=(1920,1080) → OUT: cursor=(1720,547) (0ms)
[CURSOR-ABS] handSide=unknown hand=(0.419,0.545) filter=(0.288,0.371) target=(1720,548) cursor=(1721,547)
[2026-06-07 14:14:00] [computeCursor] IN: screenSize=(1920,1080) → OUT: cursor=(1720,547) (0ms)
[CURSOR-ABS] handSide=unknown hand=(0.435,0.515) filter=(0.288,0.371) target=(1720,548) cursor=(1720,548)
[2026-06-07 14:14:00] [computeCursor] IN: screenSize=(1920,1080) → OUT: cursor=(1719,548) (0ms)
[CURSOR-ABS] handSide=unknown hand=(0.446,0.480) filter=(0.289,0.371) target=(1719,548) cursor=(1720,548)
[2026-06-07 14:14:00] [computeCursor] IN: screenSize=(1920,1080) → OUT: cursor=(1718,548) (0ms)
[CURSOR-ABS] handSide=unknown hand=(0.451,0.437) filter=(0.289,0.371) target=(1718,548) cursor=(1719,548)
[2026-06-07 14:14:00] [computeCursor] IN: screenSize=(1920,1080) → OUT: cursor=(1717,548) (0ms)
[CURSOR-ABS] handSide=unknown hand=(0.447,0.388) filter=(0.289,0.371) target=(1717,548) cursor=(1718,548)
[2026-06-07 14:14:00] [computeCursor] IN: screenSize=(1920,1080) → OUT: cursor=(1717,548) (0ms)
[CURSOR-ABS] handSide=unknown hand=(0.441,0.329) filter=(0.289,0.371) target=(1717,548) cursor=(1717,548)
[2026-06-07 14:14:00] [computeCursor] IN: screenSize=(1920,1080) → OUT: cursor=(1716,548) (0ms)
[CURSOR-ABS] handSide=unknown hand=(0.429,0.271) filter=(0.289,0.371) target=(1716,548) cursor=(1717,548)
[2026-06-07 14:14:00] [computeCursor] IN: screenSize=(1920,1080) → OUT: cursor=(1715,548) (0ms)
[CURSOR-ABS] handSide=unknown hand=(0.413,0.217) filter=(0.289,0.371) target=(1715,548) cursor=(1716,548)
[2026-06-07 14:14:00] [computeCursor] IN: screenSize=(1920,1080) → OUT: cursor=(1715,547) (0ms)
[CURSOR-ABS] handSide=unknown hand=(0.396,0.161) filter=(0.289,0.371) target=(1715,548) cursor=(1715,548)
[2026-06-07 14:14:00] [computeCursor] IN: screenSize=(1920,1080) → OUT: cursor=(1714,547) (0ms)
[CURSOR-ABS] handSide=unknown hand=(0.353,0.113) filter=(0.289,0.371) target=(1714,547) cursor=(1715,548)
[2026-06-07 14:14:00] [computeCursor] IN: screenSize=(1920,1080) → OUT: cursor=(1714,547) (0ms)
[CURSOR-ABS] handSide=unknown hand=(0.346,0.064) filter=(0.289,0.370) target=(1714,546) cursor=(1714,547)
[2026-06-07 14:14:00] [computeCursor] IN: screenSize=(1920,1080) → OUT: cursor=(1714,546) (0ms)
[CURSOR-ABS] handSide=unknown hand=(0.272,0.026) filter=(0.289,0.370) target=(1714,546) cursor=(1714,546)
[2026-06-07 14:14:00] [computeCursor] IN: screenSize=(1920,1080) → OUT: cursor=(1714,545) (0ms)
[CURSOR-ABS] handSide=unknown hand=(0.247,0.024) filter=(0.289,0.370) target=(1714,545) cursor=(1714,546)
[2026-06-07 14:14:00] [computeCursor] IN: screenSize=(1920,1080) → OUT: cursor=(1714,544) (0ms)
[CURSOR-ABS] handSide=unknown hand=(0.238,0.053) filter=(0.289,0.369) target=(1715,544) cursor=(1714,545)
[2026-06-07 14:14:00] [computeCursor] IN: screenSize=(1920,1080) → OUT: cursor=(1714,544) (0ms)
[CURSOR-ABS] handSide=unknown hand=(0.232,0.051) filter=(0.289,0.369) target=(1715,543) cursor=(1715,544)
[2026-06-07 14:14:00] [computeCursor] IN: screenSize=(1920,1080) → OUT: cursor=(1714,543) (0ms)
[CURSOR-ABS] handSide=unknown hand=(0.201,0.062) filter=(0.289,0.369) target=(1715,542) cursor=(1715,543)
[2026-06-07 14:14:00] [computeCursor] IN: screenSize=(1920,1080) → OUT: cursor=(1715,542) (0ms)
[CURSOR-ABS] handSide=unknown hand=(0.171,0.095) filter=(0.289,0.368) target=(1716,542) cursor=(1715,542)
[2026-06-07 14:14:00] [computeCursor] IN: screenSize=(1920,1080) → OUT: cursor=(1715,541) (1ms)
[CURSOR-ABS] handSide=unknown hand=(0.161,0.114) filter=(0.289,0.368) target=(1716,541) cursor=(1716,542)
[2026-06-07 14:14:00] [computeCursor] IN: screenSize=(1920,1080) → OUT: cursor=(1716,540) (1ms)
[CURSOR-ABS] handSide=unknown hand=(0.153,0.128) filter=(0.289,0.368) target=(1717,540) cursor=(1716,541)
[2026-06-07 14:14:00] [computeCursor] IN: screenSize=(1920,1080) → OUT: cursor=(1716,540) (0ms)
[CURSOR-ABS] handSide=unknown hand=(0.142,0.144) filter=(0.289,0.368) target=(1718,540) cursor=(1717,540)
[2026-06-07 14:14:00] [computeCursor] IN: screenSize=(1920,1080) → OUT: cursor=(1717,539) (0ms)
[CURSOR-ABS] handSide=unknown hand=(0.136,0.157) filter=(0.289,0.367) target=(1718,539) cursor=(1718,540)
[2026-06-07 14:14:00] [computeCursor] IN: screenSize=(1920,1080) → OUT: cursor=(1718,538) (0ms)
[CURSOR-ABS] handSide=unknown hand=(0.137,0.165) filter=(0.289,0.367) target=(1719,538) cursor=(1718,539)
[2026-06-07 14:14:00] [computeCursor] IN: screenSize=(1920,1080) → OUT: cursor=(1718,538) (0ms)
[CURSOR-ABS] handSide=unknown hand=(0.141,0.160) filter=(0.288,0.367) target=(1719,538) cursor=(1719,538)
[2026-06-07 14:14:00] [computeCursor] IN: screenSize=(1920,1080) → OUT: cursor=(1719,537) (0ms)
[CURSOR-ABS] handSide=unknown hand=(0.161,0.150) filter=(0.288,0.366) target=(1720,537) cursor=(1719,538)
[2026-06-07 14:14:00] [computeCursor] IN: screenSize=(1920,1080) → OUT: cursor=(1719,536) (0ms)
[CURSOR-ABS] handSide=unknown hand=(0.620,0.032) filter=(0.289,0.366) target=(1718,536) cursor=(1720,537)
[2026-06-07 14:14:00] [computeCursor] IN: screenSize=(1920,1080) → OUT: cursor=(1718,535) (0ms)
[CURSOR-ABS] handSide=unknown hand=(0.621,0.032) filter=(0.289,0.366) target=(1717,534) cursor=(1718,536)
[2026-06-07 14:14:00] [computeCursor] IN: screenSize=(1920,1080) → OUT: cursor=(1717,534) (0ms)
[CURSOR-ABS] handSide=unknown hand=(0.620,0.033) filter=(0.289,0.365) target=(1716,533) cursor=(1717,534)
[2026-06-07 14:14:00] [computeCursor] IN: screenSize=(1920,1080) → OUT: cursor=(1715,533) (0ms)
[CURSOR-ABS] handSide=unknown hand=(0.618,0.032) filter=(0.289,0.364) target=(1714,532) cursor=(1716,533)
[2026-06-07 14:14:00] [computeCursor] IN: screenSize=(1920,1080) → OUT: cursor=(1714,531) (0ms)
[CURSOR-ABS] handSide=unknown hand=(0.620,0.031) filter=(0.290,0.364) target=(1713,531) cursor=(1714,532)
[2026-06-07 14:14:00] [computeCursor] IN: screenSize=(1920,1080) → OUT: cursor=(1712,530) (1ms)
[CURSOR-ABS] handSide=unknown hand=(0.618,0.029) filter=(0.290,0.363) target=(1711,529) cursor=(1713,531)
[2026-06-07 14:14:00] [computeCursor] IN: screenSize=(1920,1080) → OUT: cursor=(1710,529) (0ms)
[CURSOR-ABS] handSide=unknown hand=(0.618,0.033) filter=(0.290,0.363) target=(1709,528) cursor=(1711,529)
[2026-06-07 14:14:00] [computeCursor] IN: screenSize=(1920,1080) → OUT: cursor=(1708,527) (0ms)
[CURSOR-ABS] handSide=unknown hand=(0.618,0.026) filter=(0.291,0.362) target=(1707,526) cursor=(1709,528)
[2026-06-07 14:14:00] [computeCursor] IN: screenSize=(1920,1080) → OUT: cursor=(1706,526) (0ms)
[CURSOR-ABS] handSide=unknown hand=(0.616,0.027) filter=(0.291,0.361) target=(1705,525) cursor=(1707,526)
[2026-06-07 14:14:00] [computeCursor] IN: screenSize=(1920,1080) → OUT: cursor=(1704,524) (0ms)
[CURSOR-ABS] handSide=unknown hand=(0.615,0.028) filter=(0.291,0.361) target=(1703,523) cursor=(1705,525)
[2026-06-07 14:14:00] [computeCursor] IN: screenSize=(1920,1080) → OUT: cursor=(1702,523) (0ms)
[CURSOR-ABS] handSide=unknown hand=(0.613,0.029) filter=(0.292,0.360) target=(1701,522) cursor=(1703,523)
[2026-06-07 14:14:00] [computeCursor] IN: screenSize=(1920,1080) → OUT: cursor=(1701,521) (0ms)
[CURSOR-ABS] handSide=unknown hand=(0.613,0.036) filter=(0.292,0.360) target=(1699,520) cursor=(1701,522)
[2026-06-07 14:14:00] [computeCursor] IN: screenSize=(1920,1080) → OUT: cursor=(1698,520) (0ms)
[CURSOR-ABS] handSide=unknown hand=(0.611,0.037) filter=(0.292,0.359) target=(1697,519) cursor=(1699,520)
[2026-06-07 14:14:00] [computeCursor] IN: screenSize=(1920,1080) → OUT: cursor=(1696,518) (0ms)
[CURSOR-ABS] handSide=unknown hand=(0.612,0.038) filter=(0.293,0.358) target=(1695,518) cursor=(1697,519)
[2026-06-07 14:14:00] [computeCursor] IN: screenSize=(1920,1080) → OUT: cursor=(1694,517) (0ms)
[CURSOR-ABS] handSide=unknown hand=(0.613,0.036) filter=(0.293,0.358) target=(1692,516) cursor=(1695,518)
[2026-06-07 14:14:00] [computeCursor] IN: screenSize=(1920,1080) → OUT: cursor=(1692,516) (0ms)
[CURSOR-ABS] handSide=unknown hand=(0.613,0.031) filter=(0.294,0.357) target=(1690,515) cursor=(1692,516)
[2026-06-07 14:14:00] [computeCursor] IN: screenSize=(1920,1080) → OUT: cursor=(1690,514) (0ms)
[CURSOR-ABS] handSide=unknown hand=(0.613,0.031) filter=(0.294,0.357) target=(1688,513) cursor=(1690,515)
[2026-06-07 14:14:00] [computeCursor] IN: screenSize=(1920,1080) → OUT: cursor=(1687,512) (0ms)
[CURSOR-ABS] handSide=unknown hand=(0.612,0.031) filter=(0.294,0.356) target=(1685,511) cursor=(1688,513)
[2026-06-07 14:14:00] [computeCursor] IN: screenSize=(1920,1080) → OUT: cursor=(1685,511) (0ms)
[CURSOR-ABS] handSide=unknown hand=(0.612,0.032) filter=(0.295,0.355) target=(1683,510) cursor=(1685,511)
[2026-06-07 14:14:00] [computeCursor] IN: screenSize=(1920,1080) → OUT: cursor=(1682,509) (0ms)
[CURSOR-ABS] handSide=unknown hand=(0.618,0.032) filter=(0.295,0.355) target=(1680,508) cursor=(1683,510)
[2026-06-07 14:14:00] [computeCursor] IN: screenSize=(1920,1080) → OUT: cursor=(1680,508) (0ms)
[CURSOR-ABS] handSide=unknown hand=(0.617,0.030) filter=(0.296,0.354) target=(1678,506) cursor=(1680,508)
[2026-06-07 14:14:00] [computeCursor] IN: screenSize=(1920,1080) → OUT: cursor=(1677,506) (0ms)
[CURSOR-ABS] handSide=unknown hand=(0.618,0.029) filter=(0.296,0.353) target=(1675,505) cursor=(1678,506)
[2026-06-07 14:14:00] [computeCursor] IN: screenSize=(1920,1080) → OUT: cursor=(1674,504) (0ms)
[CURSOR-ABS] handSide=unknown hand=(0.617,0.030) filter=(0.297,0.352) target=(1672,503) cursor=(1675,505)
[2026-06-07 14:14:00] [computeCursor] IN: screenSize=(1920,1080) → OUT: cursor=(1672,502) (0ms)
[CURSOR-ABS] handSide=unknown hand=(0.616,0.028) filter=(0.297,0.352) target=(1669,501) cursor=(1672,503)
[2026-06-07 14:14:00] [computeCursor] IN: screenSize=(1920,1080) → OUT: cursor=(1669,501) (0ms)
[CURSOR-ABS] handSide=unknown hand=(0.618,0.027) filter=(0.298,0.351) target=(1666,499) cursor=(1669,501)
[2026-06-07 14:14:00] [computeCursor] IN: screenSize=(1920,1080) → OUT: cursor=(1666,499) (0ms)
[CURSOR-ABS] handSide=unknown hand=(0.617,0.026) filter=(0.298,0.350) target=(1663,497) cursor=(1666,499)
[2026-06-07 14:14:00] [computeCursor] IN: screenSize=(1920,1080) → OUT: cursor=(1663,497) (0ms)
[CURSOR-ABS] handSide=unknown hand=(0.617,0.026) filter=(0.299,0.349) target=(1660,496) cursor=(1663,497)
[2026-06-07 14:14:00] [computeCursor] IN: screenSize=(1920,1080) → OUT: cursor=(1660,495) (0ms)
[CURSOR-ABS] handSide=unknown hand=(0.619,0.026) filter=(0.299,0.348) target=(1657,494) cursor=(1660,496)
[2026-06-07 14:14:00] [computeCursor] IN: screenSize=(1920,1080) → OUT: cursor=(1656,493) (1ms)
[CURSOR-ABS] handSide=unknown hand=(0.617,0.026) filter=(0.300,0.348) target=(1654,492) cursor=(1657,494)
[2026-06-07 14:14:00] [computeCursor] IN: screenSize=(1920,1080) → OUT: cursor=(1653,491) (0ms)
[CURSOR-ABS] handSide=unknown hand=(0.618,0.026) filter=(0.301,0.347) target=(1651,490) cursor=(1654,492)
[2026-06-07 14:14:00] [computeCursor] IN: screenSize=(1920,1080) → OUT: cursor=(1650,489) (0ms)
[CURSOR-ABS] handSide=unknown hand=(0.618,0.025) filter=(0.301,0.346) target=(1647,488) cursor=(1651,490)
[2026-06-07 14:14:00] [computeCursor] IN: screenSize=(1920,1080) → OUT: cursor=(1647,487) (0ms)
[CURSOR-ABS] handSide=unknown hand=(0.618,0.028) filter=(0.302,0.345) target=(1644,486) cursor=(1647,488)
[2026-06-07 14:14:00] [computeCursor] IN: screenSize=(1920,1080) → OUT: cursor=(1643,485) (0ms)
[CURSOR-ABS] handSide=unknown hand=(0.617,0.027) filter=(0.303,0.344) target=(1640,484) cursor=(1644,486)
[2026-06-07 14:14:00] [computeCursor] IN: screenSize=(1920,1080) → OUT: cursor=(1640,483) (0ms)
[CURSOR-ABS] handSide=unknown hand=(0.613,0.032) filter=(0.303,0.343) target=(1637,482) cursor=(1640,484)
[2026-06-07 14:14:00] [computeCursor] IN: screenSize=(1920,1080) → OUT: cursor=(1636,481) (0ms)
[CURSOR-ABS] handSide=unknown hand=(0.610,0.035) filter=(0.304,0.342) target=(1633,480) cursor=(1637,482)
[2026-06-07 14:14:00] [computeCursor] IN: screenSize=(1920,1080) → OUT: cursor=(1633,479) (0ms)
[CURSOR-ABS] handSide=unknown hand=(0.612,0.033) filter=(0.305,0.341) target=(1630,478) cursor=(1633,480)
[2026-06-07 14:14:00] [computeCursor] IN: screenSize=(1920,1080) → OUT: cursor=(1629,477) (1ms)
[CURSOR-ABS] handSide=unknown hand=(0.611,0.032) filter=(0.306,0.339) target=(1620,472) cursor=(1630,478)
[2026-06-07 14:14:00] [computeCursor] IN: screenSize=(1920,1080) → OUT: cursor=(1620,472) (0ms)
[CURSOR-ABS] handSide=unknown hand=(0.614,0.028) filter=(0.307,0.338) target=(1616,470) cursor=(1620,472)
[2026-06-07 14:14:00] [computeCursor] IN: screenSize=(1920,1080) → OUT: cursor=(1615,469) (0ms)
[CURSOR-ABS] handSide=unknown hand=(0.615,0.027) filter=(0.308,0.337) target=(1612,467) cursor=(1616,470)
[2026-06-07 14:14:00] [computeCursor] IN: screenSize=(1920,1080) → OUT: cursor=(1611,467) (0ms)
[CURSOR-ABS] handSide=unknown hand=(0.612,0.030) filter=(0.309,0.336) target=(1607,465) cursor=(1612,467)
[2026-06-07 14:14:00] [computeCursor] IN: screenSize=(1920,1080) → OUT: cursor=(1607,464) (0ms)
[CURSOR-ABS] handSide=unknown hand=(0.614,0.028) filter=(0.310,0.335) target=(1603,462) cursor=(1607,465)
[2026-06-07 14:14:00] [computeCursor] IN: screenSize=(1920,1080) → OUT: cursor=(1603,462) (0ms)
[CURSOR-ABS] handSide=unknown hand=(0.613,0.028) filter=(0.310,0.334) target=(1599,460) cursor=(1603,462)
[2026-06-07 14:14:00] [computeCursor] IN: screenSize=(1920,1080) → OUT: cursor=(1598,459) (0ms)
[CURSOR-ABS] handSide=unknown hand=(0.615,0.027) filter=(0.311,0.333) target=(1595,458) cursor=(1599,460)
[2026-06-07 14:14:00] [computeCursor] IN: screenSize=(1920,1080) → OUT: cursor=(1594,457) (0ms)
[CURSOR-ABS] handSide=unknown hand=(0.613,0.028) filter=(0.312,0.331) target=(1590,455) cursor=(1595,458)
[2026-06-07 14:14:00] [computeCursor] IN: screenSize=(1920,1080) → OUT: cursor=(1590,455) (0ms)
[CURSOR-ABS] handSide=unknown hand=(0.616,0.026) filter=(0.313,0.330) target=(1586,453) cursor=(1590,455)
[2026-06-07 14:14:00] [computeCursor] IN: screenSize=(1920,1080) → OUT: cursor=(1586,452) (0ms)
[CURSOR-ABS] handSide=unknown hand=(0.614,0.026) filter=(0.314,0.329) target=(1582,450) cursor=(1586,453)
[2026-06-07 14:14:00] [computeCursor] IN: screenSize=(1920,1080) → OUT: cursor=(1581,450) (0ms)
[CURSOR-ABS] handSide=unknown hand=(0.616,0.027) filter=(0.315,0.328) target=(1577,447) cursor=(1582,450)
[2026-06-07 14:14:00] [computeCursor] IN: screenSize=(1920,1080) → OUT: cursor=(1577,447) (0ms)
[CURSOR-ABS] handSide=unknown hand=(0.615,0.028) filter=(0.316,0.327) target=(1573,445) cursor=(1577,447)
[2026-06-07 14:14:00] [computeCursor] IN: screenSize=(1920,1080) → OUT: cursor=(1572,444) (0ms)
[CURSOR-ABS] handSide=unknown hand=(0.616,0.026) filter=(0.317,0.326) target=(1568,442) cursor=(1573,445)
[2026-06-07 14:14:00] [computeCursor] IN: screenSize=(1920,1080) → OUT: cursor=(1568,442) (0ms)
[CURSOR-ABS] handSide=unknown hand=(0.616,0.025) filter=(0.318,0.325) target=(1564,440) cursor=(1568,442)
[2026-06-07 14:14:00] [computeCursor] IN: screenSize=(1920,1080) → OUT: cursor=(1563,439) (0ms)
[CURSOR-ABS] handSide=unknown hand=(0.614,0.030) filter=(0.318,0.323) target=(1559,437) cursor=(1564,440)
[2026-06-07 14:14:00] [computeCursor] IN: screenSize=(1920,1080) → OUT: cursor=(1559,437) (0ms)
[CURSOR-ABS] handSide=unknown hand=(0.614,0.028) filter=(0.319,0.322) target=(1555,435) cursor=(1559,437)
[2026-06-07 14:14:00] [computeCursor] IN: screenSize=(1920,1080) → OUT: cursor=(1554,434) (0ms)
[CURSOR-ABS] handSide=unknown hand=(0.614,0.027) filter=(0.320,0.321) target=(1550,432) cursor=(1555,435)
[2026-06-07 14:14:00] [computeCursor] IN: screenSize=(1920,1080) → OUT: cursor=(1550,432) (0ms)
[CURSOR-ABS] handSide=unknown hand=(0.612,0.034) filter=(0.321,0.320) target=(1545,430) cursor=(1550,432)
[2026-06-07 14:14:00] [computeCursor] IN: screenSize=(1920,1080) → OUT: cursor=(1545,429) (0ms)
[CURSOR-ABS] handSide=unknown hand=(0.611,0.033) filter=(0.322,0.319) target=(1541,427) cursor=(1545,430)
[2026-06-07 14:14:00] [computeCursor] IN: screenSize=(1920,1080) → OUT: cursor=(1540,426) (0ms)
[CURSOR-ABS] handSide=unknown hand=(0.610,0.034) filter=(0.323,0.318) target=(1536,424) cursor=(1541,427)
[2026-06-07 14:14:00] [computeCursor] IN: screenSize=(1920,1080) → OUT: cursor=(1536,424) (0ms)
[CURSOR-ABS] handSide=unknown hand=(0.613,0.025) filter=(0.324,0.316) target=(1532,422) cursor=(1536,424)
[2026-06-07 14:14:00] [computeCursor] IN: screenSize=(1920,1080) → OUT: cursor=(1531,421) (1ms)
[CURSOR-ABS] handSide=unknown hand=(0.613,0.028) filter=(0.325,0.315) target=(1527,419) cursor=(1532,422)
[2026-06-07 14:14:00] [computeCursor] IN: screenSize=(1920,1080) → OUT: cursor=(1527,419) (0ms)
[CURSOR-ABS] handSide=unknown hand=(0.614,0.029) filter=(0.326,0.314) target=(1522,416) cursor=(1527,419)
[2026-06-07 14:14:00] [computeCursor] IN: screenSize=(1920,1080) → OUT: cursor=(1522,416) (0ms)
[CURSOR-ABS] handSide=unknown hand=(0.614,0.029) filter=(0.327,0.313) target=(1518,414) cursor=(1522,416)
[2026-06-07 14:14:00] [computeCursor] IN: screenSize=(1920,1080) → OUT: cursor=(1517,413) (0ms)
[CURSOR-ABS] handSide=unknown hand=(0.614,0.029) filter=(0.328,0.312) target=(1514,412) cursor=(1518,414)
[2026-06-07 14:14:00] [computeCursor] IN: screenSize=(1920,1080) → OUT: cursor=(1513,411) (0ms)
[CURSOR-ABS] handSide=unknown hand=(0.614,0.028) filter=(0.329,0.311) target=(1510,409) cursor=(1514,412)
[2026-06-07 14:14:00] [computeCursor] IN: screenSize=(1920,1080) → OUT: cursor=(1509,409) (0ms)
[CURSOR-ABS] handSide=unknown hand=(0.615,0.028) filter=(0.330,0.310) target=(1506,407) cursor=(1510,409)
[2026-06-07 14:14:00] [computeCursor] IN: screenSize=(1920,1080) → OUT: cursor=(1505,407) (0ms)
[CURSOR-ABS] handSide=unknown hand=(0.617,0.026) filter=(0.331,0.309) target=(1502,405) cursor=(1506,407)
[2026-06-07 14:14:00] [computeCursor] IN: screenSize=(1920,1080) → OUT: cursor=(1501,404) (0ms)
[CURSOR-ABS] handSide=unknown hand=(0.616,0.026) filter=(0.331,0.308) target=(1498,402) cursor=(1502,405)
[2026-06-07 14:14:00] [computeCursor] IN: screenSize=(1920,1080) → OUT: cursor=(1497,402) (0ms)
[CURSOR-ABS] handSide=unknown hand=(0.615,0.028) filter=(0.332,0.307) target=(1494,400) cursor=(1498,402)
[2026-06-07 14:14:00] [computeCursor] IN: screenSize=(1920,1080) → OUT: cursor=(1493,400) (0ms)
[CURSOR-ABS] handSide=unknown hand=(0.617,0.025) filter=(0.333,0.305) target=(1490,398) cursor=(1494,400)
[2026-06-07 14:14:00] [computeCursor] IN: screenSize=(1920,1080) → OUT: cursor=(1489,397) (0ms)
[CURSOR-ABS] handSide=unknown hand=(0.618,0.027) filter=(0.334,0.304) target=(1486,395) cursor=(1490,398)
[2026-06-07 14:14:00] [computeCursor] IN: screenSize=(1920,1080) → OUT: cursor=(1485,395) (0ms)
[CURSOR-ABS] handSide=unknown hand=(0.616,0.028) filter=(0.335,0.303) target=(1482,393) cursor=(1486,395)
[2026-06-07 14:14:00] [computeCursor] IN: screenSize=(1920,1080) → OUT: cursor=(1481,393) (0ms)
[CURSOR-ABS] handSide=unknown hand=(0.615,0.027) filter=(0.336,0.302) target=(1477,391) cursor=(1482,393)
[2026-06-07 14:14:00] [computeCursor] IN: screenSize=(1920,1080) → OUT: cursor=(1477,390) (0ms)
[CURSOR-ABS] handSide=unknown hand=(0.616,0.026) filter=(0.337,0.301) target=(1473,388) cursor=(1477,391)
[2026-06-07 14:14:00] [computeCursor] IN: screenSize=(1920,1080) → OUT: cursor=(1473,388) (0ms)
[CURSOR-ABS] handSide=unknown hand=(0.616,0.027) filter=(0.338,0.300) target=(1469,386) cursor=(1473,388)
[2026-06-07 14:14:00] [computeCursor] IN: screenSize=(1920,1080) → OUT: cursor=(1469,385) (0ms)
[CURSOR-ABS] handSide=unknown hand=(0.616,0.027) filter=(0.339,0.299) target=(1465,384) cursor=(1469,386)
[2026-06-07 14:14:00] [computeCursor] IN: screenSize=(1920,1080) → OUT: cursor=(1465,383) (0ms)
[CURSOR-ABS] handSide=unknown hand=(0.617,0.026) filter=(0.340,0.298) target=(1461,381) cursor=(1465,384)
[2026-06-07 14:14:00] [computeCursor] IN: screenSize=(1920,1080) → OUT: cursor=(1460,381) (0ms)
[CURSOR-ABS] handSide=unknown hand=(0.616,0.026) filter=(0.341,0.297) target=(1457,379) cursor=(1461,381)
[2026-06-07 14:14:00] [computeCursor] IN: screenSize=(1920,1080) → OUT: cursor=(1456,378) (0ms)
[CURSOR-ABS] handSide=unknown hand=(0.617,0.026) filter=(0.342,0.296) target=(1452,376) cursor=(1457,379)
[2026-06-07 14:14:00] [computeCursor] IN: screenSize=(1920,1080) → OUT: cursor=(1452,376) (0ms)
[CURSOR-ABS] handSide=unknown hand=(0.614,0.033) filter=(0.343,0.294) target=(1448,374) cursor=(1452,376)
[2026-06-07 14:14:00] [computeCursor] IN: screenSize=(1920,1080) → OUT: cursor=(1448,373) (0ms)
[CURSOR-ABS] handSide=unknown hand=(0.616,0.027) filter=(0.344,0.293) target=(1444,371) cursor=(1448,374)
[2026-06-07 14:14:00] [computeCursor] IN: screenSize=(1920,1080) → OUT: cursor=(1444,371) (0ms)
[CURSOR-ABS] handSide=unknown hand=(0.614,0.032) filter=(0.345,0.292) target=(1440,369) cursor=(1444,371)
[2026-06-07 14:14:00] [computeCursor] IN: screenSize=(1920,1080) → OUT: cursor=(1439,368) (0ms)
[CURSOR-ABS] handSide=unknown hand=(0.614,0.033) filter=(0.346,0.291) target=(1436,367) cursor=(1440,369)
[2026-06-07 14:14:00] [computeCursor] IN: screenSize=(1920,1080) → OUT: cursor=(1435,366) (0ms)
[CURSOR-ABS] handSide=unknown hand=(0.614,0.027) filter=(0.347,0.290) target=(1432,364) cursor=(1436,367)
[2026-06-07 14:14:00] [computeCursor] IN: screenSize=(1920,1080) → OUT: cursor=(1431,364) (0ms)
[CURSOR-ABS] handSide=unknown hand=(0.613,0.031) filter=(0.348,0.289) target=(1427,362) cursor=(1432,364)
[2026-06-07 14:14:00] [computeCursor] IN: screenSize=(1920,1080) → OUT: cursor=(1427,361) (0ms)
[CURSOR-ABS] handSide=unknown hand=(0.615,0.027) filter=(0.349,0.288) target=(1423,359) cursor=(1427,362)
[2026-06-07 14:14:00] [computeCursor] IN: screenSize=(1920,1080) → OUT: cursor=(1423,359) (0ms)
[CURSOR-ABS] handSide=unknown hand=(0.617,0.024) filter=(0.350,0.287) target=(1419,357) cursor=(1423,359)
[2026-06-07 14:14:00] [computeCursor] IN: screenSize=(1920,1080) → OUT: cursor=(1419,356) (0ms)
[CURSOR-ABS] handSide=unknown hand=(0.613,0.030) filter=(0.351,0.285) target=(1415,354) cursor=(1419,357)
[2026-06-07 14:14:00] [computeCursor] IN: screenSize=(1920,1080) → OUT: cursor=(1414,353) (0ms)
[CURSOR-ABS] handSide=unknown hand=(0.618,0.024) filter=(0.352,0.284) target=(1410,351) cursor=(1415,354)
[2026-06-07 14:14:00] [computeCursor] IN: screenSize=(1920,1080) → OUT: cursor=(1410,351) (0ms)
[CURSOR-ABS] handSide=unknown hand=(0.618,0.027) filter=(0.353,0.283) target=(1406,349) cursor=(1410,351)
[2026-06-07 14:14:00] [computeCursor] IN: screenSize=(1920,1080) → OUT: cursor=(1406,348) (0ms)
[CURSOR-ABS] handSide=unknown hand=(0.617,0.026) filter=(0.354,0.282) target=(1402,346) cursor=(1406,349)
[2026-06-07 14:14:00] [computeCursor] IN: screenSize=(1920,1080) → OUT: cursor=(1401,346) (0ms)
[CURSOR-ABS] handSide=unknown hand=(0.618,0.023) filter=(0.355,0.281) target=(1397,343) cursor=(1402,346)
[2026-06-07 14:14:00] [computeCursor] IN: screenSize=(1920,1080) → OUT: cursor=(1397,343) (0ms)
[CURSOR-ABS] handSide=unknown hand=(0.617,0.025) filter=(0.356,0.280) target=(1393,341) cursor=(1397,343)
[2026-06-07 14:14:00] [computeCursor] IN: screenSize=(1920,1080) → OUT: cursor=(1393,340) (0ms)
[CURSOR-ABS] handSide=unknown hand=(0.618,0.025) filter=(0.357,0.278) target=(1389,338) cursor=(1393,341)
[2026-06-07 14:14:00] [computeCursor] IN: screenSize=(1920,1080) → OUT: cursor=(1388,338) (0ms)
[CURSOR-ABS] handSide=unknown hand=(0.618,0.024) filter=(0.358,0.277) target=(1384,335) cursor=(1389,338)
[2026-06-07 14:14:00] [computeCursor] IN: screenSize=(1920,1080) → OUT: cursor=(1384,335) (0ms)
[CURSOR-ABS] handSide=unknown hand=(0.619,0.023) filter=(0.359,0.276) target=(1380,333) cursor=(1384,335)
[2026-06-07 14:14:00] [computeCursor] IN: screenSize=(1920,1080) → OUT: cursor=(1380,332) (0ms)
[CURSOR-ABS] handSide=unknown hand=(0.618,0.028) filter=(0.360,0.275) target=(1376,330) cursor=(1380,333)
[2026-06-07 14:14:00] [computeCursor] IN: screenSize=(1920,1080) → OUT: cursor=(1375,330) (0ms)
[CURSOR-ABS] handSide=unknown hand=(0.619,0.023) filter=(0.361,0.274) target=(1372,327) cursor=(1376,330)
[2026-06-07 14:14:00] [computeCursor] IN: screenSize=(1920,1080) → OUT: cursor=(1371,327) (0ms)
[CURSOR-ABS] handSide=unknown hand=(0.617,0.029) filter=(0.362,0.272) target=(1367,325) cursor=(1372,327)
[2026-06-07 14:14:00] [computeCursor] IN: screenSize=(1920,1080) → OUT: cursor=(1367,324) (0ms)
[CURSOR-ABS] handSide=unknown hand=(0.619,0.024) filter=(0.363,0.271) target=(1363,322) cursor=(1367,325)
[2026-06-07 14:14:00] [computeCursor] IN: screenSize=(1920,1080) → OUT: cursor=(1363,322) (0ms)
[CURSOR-ABS] handSide=unknown hand=(0.619,0.023) filter=(0.364,0.270) target=(1359,319) cursor=(1363,322)
[2026-06-07 14:14:00] [computeCursor] IN: screenSize=(1920,1080) → OUT: cursor=(1358,319) (0ms)
[CURSOR-ABS] handSide=unknown hand=(0.617,0.029) filter=(0.365,0.269) target=(1355,317) cursor=(1359,319)
[2026-06-07 14:14:00] [computeCursor] IN: screenSize=(1920,1080) → OUT: cursor=(1354,316) (0ms)
[CURSOR-ABS] handSide=unknown hand=(0.621,0.023) filter=(0.366,0.268) target=(1350,314) cursor=(1355,317)
[2026-06-07 14:14:00] [computeCursor] IN: screenSize=(1920,1080) → OUT: cursor=(1350,314) (0ms)
[CURSOR-ABS] handSide=unknown hand=(0.620,0.024) filter=(0.368,0.267) target=(1346,311) cursor=(1350,314)
[2026-06-07 14:14:00] [computeCursor] IN: screenSize=(1920,1080) → OUT: cursor=(1346,311) (0ms)
[CURSOR-ABS] handSide=unknown hand=(0.619,0.029) filter=(0.369,0.265) target=(1342,309) cursor=(1346,311)
[2026-06-07 14:14:00] [computeCursor] IN: screenSize=(1920,1080) → OUT: cursor=(1341,308) (0ms)
[CURSOR-ABS] handSide=unknown hand=(0.618,0.029) filter=(0.370,0.264) target=(1338,306) cursor=(1342,309)
[2026-06-07 14:14:00] [computeCursor] IN: screenSize=(1920,1080) → OUT: cursor=(1337,305) (0ms)
[CURSOR-ABS] handSide=unknown hand=(0.616,0.030) filter=(0.371,0.263) target=(1333,303) cursor=(1338,306)
[2026-06-07 14:14:00] [computeCursor] IN: screenSize=(1920,1080) → OUT: cursor=(1333,303) (0ms)
[CURSOR-ABS] handSide=unknown hand=(0.619,0.028) filter=(0.372,0.262) target=(1329,300) cursor=(1333,303)
[2026-06-07 14:14:00] [computeCursor] IN: screenSize=(1920,1080) → OUT: cursor=(1328,300) (0ms)
[CURSOR-ABS] handSide=unknown hand=(0.619,0.028) filter=(0.373,0.261) target=(1325,297) cursor=(1329,300)
[2026-06-07 14:14:00] [computeCursor] IN: screenSize=(1920,1080) → OUT: cursor=(1324,297) (0ms)
[CURSOR-ABS] handSide=unknown hand=(0.620,0.027) filter=(0.374,0.259) target=(1320,295) cursor=(1325,298)
[2026-06-07 14:14:00] [computeCursor] IN: screenSize=(1920,1080) → OUT: cursor=(1320,294) (0ms)
[CURSOR-ABS] handSide=unknown hand=(0.618,0.030) filter=(0.375,0.258) target=(1316,292) cursor=(1320,295)
[2026-06-07 14:14:00] [computeCursor] IN: screenSize=(1920,1080) → OUT: cursor=(1315,291) (0ms)
[CURSOR-ABS] handSide=unknown hand=(0.618,0.029) filter=(0.376,0.257) target=(1312,289) cursor=(1316,292)
[2026-06-07 14:14:00] [computeCursor] IN: screenSize=(1920,1080) → OUT: cursor=(1311,289) (0ms)
[CURSOR-ABS] handSide=unknown hand=(0.617,0.033) filter=(0.378,0.256) target=(1307,286) cursor=(1312,289)
[2026-06-07 14:14:00] [computeCursor] IN: screenSize=(1920,1080) → OUT: cursor=(1307,286) (0ms)
[CURSOR-ABS] handSide=unknown hand=(0.620,0.026) filter=(0.379,0.255) target=(1303,283) cursor=(1307,286)
[2026-06-07 14:14:00] [computeCursor] IN: screenSize=(1920,1080) → OUT: cursor=(1303,283) (0ms)
[CURSOR-ABS] handSide=unknown hand=(0.620,0.025) filter=(0.380,0.253) target=(1299,281) cursor=(1303,283)
[2026-06-07 14:14:00] [computeCursor] IN: screenSize=(1920,1080) → OUT: cursor=(1298,280) (0ms)
[CURSOR-ABS] handSide=unknown hand=(0.619,0.029) filter=(0.381,0.252) target=(1295,278) cursor=(1299,281)
[2026-06-07 14:14:00] [computeCursor] IN: screenSize=(1920,1080) → OUT: cursor=(1294,277) (0ms)
[CURSOR-ABS] handSide=unknown hand=(0.622,0.023) filter=(0.382,0.251) target=(1290,275) cursor=(1295,278)
[2026-06-07 14:14:00] [computeCursor] IN: screenSize=(1920,1080) → OUT: cursor=(1290,274) (0ms)
[CURSOR-ABS] handSide=unknown hand=(0.622,0.024) filter=(0.383,0.250) target=(1286,272) cursor=(1290,275)
[2026-06-07 14:14:00] [computeCursor] IN: screenSize=(1920,1080) → OUT: cursor=(1286,272) (0ms)
[CURSOR-ABS] handSide=unknown hand=(0.625,0.022) filter=(0.384,0.249) target=(1282,269) cursor=(1286,272)
[2026-06-07 14:14:00] [computeCursor] IN: screenSize=(1920,1080) → OUT: cursor=(1281,269) (0ms)
[CURSOR-ABS] handSide=unknown hand=(0.620,0.026) filter=(0.385,0.248) target=(1277,266) cursor=(1282,269)
[2026-06-07 14:14:00] [computeCursor] IN: screenSize=(1920,1080) → OUT: cursor=(1277,266) (0ms)
[CURSOR-ABS] handSide=unknown hand=(0.620,0.025) filter=(0.387,0.246) target=(1273,263) cursor=(1277,266)
[2026-06-07 14:14:00] [computeCursor] IN: screenSize=(1920,1080) → OUT: cursor=(1273,263) (1ms)
[CURSOR-ABS] handSide=unknown hand=(0.621,0.024) filter=(0.388,0.245) target=(1268,260) cursor=(1273,263)
[2026-06-07 14:14:00] [computeCursor] IN: screenSize=(1920,1080) → OUT: cursor=(1268,259) (0ms)
[CURSOR-ABS] handSide=unknown hand=(0.622,0.025) filter=(0.389,0.244) target=(1264,257) cursor=(1268,260)
[2026-06-07 14:14:00] [computeCursor] IN: screenSize=(1920,1080) → OUT: cursor=(1264,256) (0ms)
[CURSOR-ABS] handSide=unknown hand=(0.622,0.024) filter=(0.390,0.243) target=(1260,254) cursor=(1264,257)
[2026-06-07 14:14:00] [computeCursor] IN: screenSize=(1920,1080) → OUT: cursor=(1259,253) (0ms)
[CURSOR-ABS] handSide=unknown hand=(0.620,0.025) filter=(0.391,0.241) target=(1256,251) cursor=(1260,254)
[2026-06-07 14:14:00] [computeCursor] IN: screenSize=(1920,1080) → OUT: cursor=(1255,250) (0ms)
[CURSOR-ABS] handSide=unknown hand=(0.620,0.028) filter=(0.392,0.240) target=(1251,248) cursor=(1256,251)
[2026-06-07 14:14:00] [computeCursor] IN: screenSize=(1920,1080) → OUT: cursor=(1251,248) (0ms)
[CURSOR-ABS] handSide=unknown hand=(0.620,0.028) filter=(0.393,0.239) target=(1247,245) cursor=(1251,248)
[2026-06-07 14:14:00] [computeCursor] IN: screenSize=(1920,1080) → OUT: cursor=(1247,245) (0ms)
[CURSOR-ABS] handSide=unknown hand=(0.619,0.028) filter=(0.394,0.238) target=(1243,242) cursor=(1247,245)
[2026-06-07 14:14:00] [computeCursor] IN: screenSize=(1920,1080) → OUT: cursor=(1242,242) (0ms)
[CURSOR-ABS] handSide=unknown hand=(0.621,0.028) filter=(0.396,0.237) target=(1238,239) cursor=(1243,242)
[2026-06-07 14:14:00] [computeCursor] IN: screenSize=(1920,1080) → OUT: cursor=(1238,239) (0ms)
[CURSOR-ABS] handSide=unknown hand=(0.621,0.031) filter=(0.397,0.236) target=(1234,236) cursor=(1238,239)
[2026-06-07 14:14:00] [computeCursor] IN: screenSize=(1920,1080) → OUT: cursor=(1234,236) (0ms)
[CURSOR-ABS] handSide=unknown hand=(0.621,0.029) filter=(0.398,0.235) target=(1230,233) cursor=(1234,236)
[2026-06-07 14:14:00] [computeCursor] IN: screenSize=(1920,1080) → OUT: cursor=(1229,233) (0ms)
[CURSOR-ABS] handSide=unknown hand=(0.619,0.028) filter=(0.399,0.233) target=(1226,230) cursor=(1230,233)
[2026-06-07 14:14:00] [computeCursor] IN: screenSize=(1920,1080) → OUT: cursor=(1225,230) (0ms)
[CURSOR-ABS] handSide=unknown hand=(0.621,0.028) filter=(0.400,0.232) target=(1221,227) cursor=(1226,230)
[2026-06-07 14:14:00] [computeCursor] IN: screenSize=(1920,1080) → OUT: cursor=(1221,227) (0ms)
[CURSOR-ABS] handSide=unknown hand=(0.622,0.024) filter=(0.401,0.231) target=(1217,224) cursor=(1221,227)
[2026-06-07 14:14:00] [computeCursor] IN: screenSize=(1920,1080) → OUT: cursor=(1216,223) (0ms)
[CURSOR-ABS] handSide=unknown hand=(0.622,0.024) filter=(0.402,0.230) target=(1213,221) cursor=(1217,224)
[2026-06-07 14:14:00] [computeCursor] IN: screenSize=(1920,1080) → OUT: cursor=(1212,220) (1ms)
[CURSOR-ABS] handSide=unknown hand=(0.622,0.024) filter=(0.404,0.229) target=(1208,218) cursor=(1213,221)
[2026-06-07 14:14:00] [computeCursor] IN: screenSize=(1920,1080) → OUT: cursor=(1208,217) (0ms)
[CURSOR-ABS] handSide=unknown hand=(0.621,0.027) filter=(0.405,0.228) target=(1204,215) cursor=(1208,218)
[2026-06-07 14:14:00] [computeCursor] IN: screenSize=(1920,1080) → OUT: cursor=(1203,214) (0ms)
[CURSOR-ABS] handSide=unknown hand=(0.621,0.025) filter=(0.406,0.226) target=(1200,211) cursor=(1204,215)
[2026-06-07 14:14:00] [computeCursor] IN: screenSize=(1920,1080) → OUT: cursor=(1199,211) (0ms)
[CURSOR-ABS] handSide=unknown hand=(0.620,0.027) filter=(0.407,0.225) target=(1195,208) cursor=(1200,211)
[2026-06-07 14:14:00] [computeCursor] IN: screenSize=(1920,1080) → OUT: cursor=(1195,208) (0ms)
[CURSOR-ABS] handSide=unknown hand=(0.622,0.026) filter=(0.408,0.224) target=(1191,205) cursor=(1195,208)
[2026-06-07 14:14:00] [computeCursor] IN: screenSize=(1920,1080) → OUT: cursor=(1190,205) (1ms)
[CURSOR-ABS] handSide=unknown hand=(0.626,0.022) filter=(0.409,0.223) target=(1186,202) cursor=(1191,205)
[2026-06-07 14:14:00] [computeCursor] IN: screenSize=(1920,1080) → OUT: cursor=(1186,201) (0ms)
[CURSOR-ABS] handSide=unknown hand=(0.625,0.022) filter=(0.410,0.222) target=(1182,199) cursor=(1186,202)
[2026-06-07 14:14:00] [computeCursor] IN: screenSize=(1920,1080) → OUT: cursor=(1181,198) (0ms)
[CURSOR-ABS] handSide=unknown hand=(0.626,0.020) filter=(0.412,0.220) target=(1177,195) cursor=(1182,199)
[2026-06-07 14:14:00] [computeCursor] IN: screenSize=(1920,1080) → OUT: cursor=(1177,195) (0ms)
[CURSOR-ABS] handSide=unknown hand=(0.621,0.028) filter=(0.413,0.219) target=(1173,192) cursor=(1177,195)
[2026-06-07 14:14:00] [computeCursor] IN: screenSize=(1920,1080) → OUT: cursor=(1173,192) (0ms)
[CURSOR-ABS] handSide=unknown hand=(0.624,0.025) filter=(0.414,0.218) target=(1169,189) cursor=(1173,192)
[2026-06-07 14:14:00] [computeCursor] IN: screenSize=(1920,1080) → OUT: cursor=(1168,188) (0ms)
[CURSOR-ABS] handSide=unknown hand=(0.622,0.026) filter=(0.415,0.217) target=(1164,186) cursor=(1169,189)
[2026-06-07 14:14:00] [computeCursor] IN: screenSize=(1920,1080) → OUT: cursor=(1164,185) (0ms)
[CURSOR-ABS] handSide=unknown hand=(0.620,0.027) filter=(0.416,0.216) target=(1160,182) cursor=(1164,186)
[2026-06-07 14:14:00] [computeCursor] IN: screenSize=(1920,1080) → OUT: cursor=(1159,182) (0ms)
[CURSOR-ABS] handSide=unknown hand=(0.623,0.024) filter=(0.417,0.215) target=(1155,179) cursor=(1160,182)
[2026-06-07 14:14:00] [computeCursor] IN: screenSize=(1920,1080) → OUT: cursor=(1155,179) (0ms)
[CURSOR-ABS] handSide=unknown hand=(0.625,0.023) filter=(0.418,0.214) target=(1151,176) cursor=(1155,179)
[2026-06-07 14:14:00] [computeCursor] IN: screenSize=(1920,1080) → OUT: cursor=(1150,175) (1ms)
[CURSOR-ABS] handSide=unknown hand=(0.627,0.019) filter=(0.419,0.212) target=(1146,172) cursor=(1151,176)
[2026-06-07 14:14:00] [computeCursor] IN: screenSize=(1920,1080) → OUT: cursor=(1146,172) (0ms)
[CURSOR-ABS] handSide=unknown hand=(0.629,0.019) filter=(0.421,0.211) target=(1142,169) cursor=(1146,172)
[2026-06-07 14:14:00] [computeCursor] IN: screenSize=(1920,1080) → OUT: cursor=(1141,168) (0ms)
[CURSOR-ABS] handSide=unknown hand=(0.623,0.026) filter=(0.422,0.210) target=(1137,166) cursor=(1142,169)
[2026-06-07 14:14:00] [computeCursor] IN: screenSize=(1920,1080) → OUT: cursor=(1137,165) (0ms)
[CURSOR-ABS] handSide=unknown hand=(0.623,0.029) filter=(0.423,0.209) target=(1133,162) cursor=(1137,166)
[2026-06-07 14:14:00] [computeCursor] IN: screenSize=(1920,1080) → OUT: cursor=(1132,162) (0ms)
[CURSOR-ABS] handSide=unknown hand=(0.621,0.023) filter=(0.424,0.208) target=(1128,159) cursor=(1133,162)
[2026-06-07 14:14:00] [computeCursor] IN: screenSize=(1920,1080) → OUT: cursor=(1128,158) (0ms)
[CURSOR-ABS] handSide=unknown hand=(0.624,0.023) filter=(0.425,0.207) target=(1124,156) cursor=(1128,159)
[2026-06-07 14:14:00] [computeCursor] IN: screenSize=(1920,1080) → OUT: cursor=(1123,155) (0ms)
[CURSOR-ABS] handSide=unknown hand=(0.622,0.024) filter=(0.426,0.206) target=(1119,152) cursor=(1124,156)
[2026-06-07 14:14:00] [computeCursor] IN: screenSize=(1920,1080) → OUT: cursor=(1119,152) (0ms)
[CURSOR-ABS] handSide=unknown hand=(0.623,0.023) filter=(0.427,0.204) target=(1115,149) cursor=(1119,152)
[2026-06-07 14:14:00] [computeCursor] IN: screenSize=(1920,1080) → OUT: cursor=(1114,148) (0ms)
[CURSOR-ABS] handSide=unknown hand=(0.622,0.022) filter=(0.429,0.203) target=(1110,145) cursor=(1115,149)
[2026-06-07 14:14:00] [computeCursor] IN: screenSize=(1920,1080) → OUT: cursor=(1110,145) (0ms)
[CURSOR-ABS] handSide=unknown hand=(0.625,0.018) filter=(0.430,0.202) target=(1106,142) cursor=(1110,145)
[2026-06-07 14:14:00] [computeCursor] IN: screenSize=(1920,1080) → OUT: cursor=(1105,141) (0ms)
[CURSOR-ABS] handSide=unknown hand=(0.628,0.019) filter=(0.431,0.201) target=(1101,138) cursor=(1106,142)
[2026-06-07 14:14:00] [computeCursor] IN: screenSize=(1920,1080) → OUT: cursor=(1101,138) (0ms)
[CURSOR-ABS] handSide=unknown hand=(0.628,0.021) filter=(0.432,0.200) target=(1096,135) cursor=(1101,138)
[2026-06-07 14:14:00] [computeCursor] IN: screenSize=(1920,1080) → OUT: cursor=(1095,134) (1ms)
[CURSOR-ABS] handSide=unknown hand=(0.624,0.026) filter=(0.433,0.199) target=(1091,131) cursor=(1096,135)
[2026-06-07 14:14:00] [computeCursor] IN: screenSize=(1920,1080) → OUT: cursor=(1091,131) (0ms)
[CURSOR-ABS] handSide=unknown hand=(0.622,0.027) filter=(0.434,0.198) target=(1087,128) cursor=(1091,131)
[2026-06-07 14:14:00] [computeCursor] IN: screenSize=(1920,1080) → OUT: cursor=(1086,127) (0ms)
[CURSOR-ABS] handSide=unknown hand=(0.624,0.024) filter=(0.435,0.197) target=(1082,124) cursor=(1087,128)
[2026-06-07 14:14:00] [computeCursor] IN: screenSize=(1920,1080) → OUT: cursor=(1082,124) (0ms)
[CURSOR-ABS] handSide=unknown hand=(0.623,0.026) filter=(0.437,0.195) target=(1078,121) cursor=(1082,124)
[2026-06-07 14:14:00] [computeCursor] IN: screenSize=(1920,1080) → OUT: cursor=(1077,120) (0ms)
[CURSOR-ABS] handSide=unknown hand=(0.624,0.023) filter=(0.438,0.194) target=(1073,117) cursor=(1078,121)
[2026-06-07 14:14:00] [computeCursor] IN: screenSize=(1920,1080) → OUT: cursor=(1072,117) (0ms)
[CURSOR-ABS] handSide=unknown hand=(0.624,0.021) filter=(0.439,0.193) target=(1068,114) cursor=(1073,117)
[2026-06-07 14:14:00] [computeCursor] IN: screenSize=(1920,1080) → OUT: cursor=(1068,113) (0ms)
[CURSOR-ABS] handSide=unknown hand=(0.621,0.023) filter=(0.440,0.192) target=(1064,110) cursor=(1068,114)
[2026-06-07 14:14:00] [computeCursor] IN: screenSize=(1920,1080) → OUT: cursor=(1063,110) (0ms)
[CURSOR-ABS] handSide=unknown hand=(0.621,0.023) filter=(0.441,0.191) target=(1059,107) cursor=(1064,110)
[2026-06-07 14:14:00] [computeCursor] IN: screenSize=(1920,1080) → OUT: cursor=(1059,106) (0ms)
[CURSOR-ABS] handSide=unknown hand=(0.621,0.027) filter=(0.442,0.190) target=(1055,104) cursor=(1059,107)
[2026-06-07 14:14:00] [computeCursor] IN: screenSize=(1920,1080) → OUT: cursor=(1054,103) (0ms)
[CURSOR-ABS] handSide=unknown hand=(0.623,0.024) filter=(0.443,0.189) target=(1050,100) cursor=(1055,104)
[2026-06-07 14:14:00] [computeCursor] IN: screenSize=(1920,1080) → OUT: cursor=(1050,100) (0ms)
[CURSOR-ABS] handSide=unknown hand=(0.622,0.027) filter=(0.444,0.188) target=(1046,97) cursor=(1050,100)
[2026-06-07 14:14:00] [computeCursor] IN: screenSize=(1920,1080) → OUT: cursor=(1045,96) (0ms)
[CURSOR-ABS] handSide=unknown hand=(0.621,0.034) filter=(0.445,0.187) target=(1041,93) cursor=(1046,97)
[2026-06-07 14:14:00] [computeCursor] IN: screenSize=(1920,1080) → OUT: cursor=(1041,93) (0ms)
[CURSOR-ABS] handSide=unknown hand=(0.625,0.021) filter=(0.446,0.186) target=(1036,90) cursor=(1041,93)
[2026-06-07 14:14:00] [computeCursor] IN: screenSize=(1920,1080) → OUT: cursor=(1036,89) (0ms)
[CURSOR-ABS] handSide=unknown hand=(0.618,0.026) filter=(0.447,0.185) target=(1032,86) cursor=(1036,90)
[2026-06-07 14:14:00] [computeCursor] IN: screenSize=(1920,1080) → OUT: cursor=(1031,86) (0ms)
[CURSOR-ABS] handSide=unknown hand=(0.624,0.026) filter=(0.449,0.184) target=(1027,83) cursor=(1032,86)
[2026-06-07 14:14:00] [computeCursor] IN: screenSize=(1920,1080) → OUT: cursor=(1027,82) (0ms)
[CURSOR-ABS] handSide=unknown hand=(0.623,0.026) filter=(0.450,0.183) target=(1023,79) cursor=(1027,83)
[2026-06-07 14:14:00] [computeCursor] IN: screenSize=(1920,1080) → OUT: cursor=(1022,79) (0ms)
[CURSOR-ABS] handSide=unknown hand=(0.627,0.017) filter=(0.451,0.181) target=(1018,76) cursor=(1023,79)
[2026-06-07 14:14:00] [computeCursor] IN: screenSize=(1920,1080) → OUT: cursor=(1017,75) (0ms)
[CURSOR-ABS] handSide=unknown hand=(0.627,0.019) filter=(0.452,0.180) target=(1012,71) cursor=(1018,76)
[2026-06-07 14:14:00] [computeCursor] IN: screenSize=(1920,1080) → OUT: cursor=(1012,71) (0ms)
[CURSOR-ABS] handSide=unknown hand=(0.623,0.022) filter=(0.453,0.179) target=(1007,68) cursor=(1012,71)
[2026-06-07 14:14:00] [computeCursor] IN: screenSize=(1920,1080) → OUT: cursor=(1007,67) (1ms)
[CURSOR-ABS] handSide=unknown hand=(0.626,0.020) filter=(0.454,0.178) target=(1002,64) cursor=(1007,68)
[2026-06-07 14:14:00] [computeCursor] IN: screenSize=(1920,1080) → OUT: cursor=(1002,63) (0ms)
[CURSOR-ABS] handSide=unknown hand=(0.628,0.021) filter=(0.455,0.177) target=(998,60) cursor=(1002,64)
[2026-06-07 14:14:00] [computeCursor] IN: screenSize=(1920,1080) → OUT: cursor=(997,60) (0ms)
[CURSOR-ABS] handSide=unknown hand=(0.628,0.022) filter=(0.456,0.176) target=(993,57) cursor=(998,60)
[2026-06-07 14:14:00] [computeCursor] IN: screenSize=(1920,1080) → OUT: cursor=(993,57) (0ms)
[CURSOR-ABS] handSide=unknown hand=(0.625,0.027) filter=(0.457,0.175) target=(989,54) cursor=(993,57)
[2026-06-07 14:14:00] [computeCursor] IN: screenSize=(1920,1080) → OUT: cursor=(989,53) (0ms)
[CURSOR-ABS] handSide=unknown hand=(0.623,0.034) filter=(0.458,0.174) target=(985,51) cursor=(989,54)
[2026-06-07 14:14:00] [computeCursor] IN: screenSize=(1920,1080) → OUT: cursor=(985,51) (0ms)
[CURSOR-ABS] handSide=unknown hand=(0.624,0.027) filter=(0.459,0.173) target=(981,48) cursor=(985,51)
[2026-06-07 14:14:00] [computeCursor] IN: screenSize=(1920,1080) → OUT: cursor=(981,48) (0ms)
[CURSOR-ABS] handSide=unknown hand=(0.623,0.024) filter=(0.460,0.173) target=(977,45) cursor=(981,48)
[2026-06-07 14:14:00] [computeCursor] IN: screenSize=(1920,1080) → OUT: cursor=(977,45) (0ms)
[CURSOR-ABS] handSide=unknown hand=(0.625,0.025) filter=(0.461,0.172) target=(973,42) cursor=(977,45)
[2026-06-07 14:14:00] [computeCursor] IN: screenSize=(1920,1080) → OUT: cursor=(972,42) (0ms)
[CURSOR-ABS] handSide=unknown hand=(0.622,0.027) filter=(0.462,0.171) target=(969,39) cursor=(973,42)
[2026-06-07 14:14:00] [computeCursor] IN: screenSize=(1920,1080) → OUT: cursor=(969,39) (0ms)
[CURSOR-ABS] handSide=unknown hand=(0.625,0.022) filter=(0.463,0.170) target=(965,36) cursor=(969,39)
[2026-06-07 14:14:00] [computeCursor] IN: screenSize=(1920,1080) → OUT: cursor=(964,35) (0ms)
[CURSOR-ABS] handSide=unknown hand=(0.625,0.023) filter=(0.464,0.169) target=(961,33) cursor=(965,36)
[2026-06-07 14:14:00] [computeCursor] IN: screenSize=(1920,1080) → OUT: cursor=(960,32) (0ms)
[CURSOR-ABS] handSide=unknown hand=(0.628,0.020) filter=(0.465,0.168) target=(957,30) cursor=(961,33)
[2026-06-07 14:14:00] [computeCursor] IN: screenSize=(1920,1080) → OUT: cursor=(956,29) (0ms)
[CURSOR-ABS] handSide=unknown hand=(0.625,0.027) filter=(0.465,0.167) target=(952,27) cursor=(957,30)
[2026-06-07 14:14:00] [computeCursor] IN: screenSize=(1920,1080) → OUT: cursor=(952,26) (0ms)
[CURSOR-ABS] handSide=unknown hand=(0.625,0.025) filter=(0.466,0.166) target=(948,24) cursor=(952,27)
[2026-06-07 14:14:00] [computeCursor] IN: screenSize=(1920,1080) → OUT: cursor=(948,23) (0ms)
[CURSOR-ABS] handSide=unknown hand=(0.622,0.027) filter=(0.467,0.166) target=(944,20) cursor=(948,24)
[2026-06-07 14:14:00] [computeCursor] IN: screenSize=(1920,1080) → OUT: cursor=(944,20) (0ms)
[CURSOR-ABS] handSide=unknown hand=(0.624,0.027) filter=(0.468,0.165) target=(940,17) cursor=(944,20)
[2026-06-07 14:14:00] [computeCursor] IN: screenSize=(1920,1080) → OUT: cursor=(939,17) (0ms)
[CURSOR-ABS] handSide=unknown hand=(0.625,0.024) filter=(0.469,0.164) target=(936,14) cursor=(940,17)
[2026-06-07 14:14:00] [computeCursor] IN: screenSize=(1920,1080) → OUT: cursor=(935,14) (0ms)
[CURSOR-ABS] handSide=unknown hand=(0.627,0.023) filter=(0.470,0.163) target=(931,11) cursor=(936,14)
[2026-06-07 14:14:00] [computeCursor] IN: screenSize=(1920,1080) → OUT: cursor=(931,11) (0ms)
[CURSOR-ABS] handSide=unknown hand=(0.623,0.029) filter=(0.471,0.162) target=(927,8) cursor=(931,11)
[2026-06-07 14:14:00] [computeCursor] IN: screenSize=(1920,1080) → OUT: cursor=(927,8) (0ms)
[CURSOR-ABS] handSide=unknown hand=(0.625,0.027) filter=(0.472,0.161) target=(923,5) cursor=(927,8)
[2026-06-07 14:14:00] [computeCursor] IN: screenSize=(1920,1080) → OUT: cursor=(923,5) (0ms)
[CURSOR-ABS] handSide=unknown hand=(0.627,0.023) filter=(0.473,0.161) target=(935,217) cursor=(923,5)
[2026-06-07 14:14:00] [computeCursor] IN: screenSize=(1920,1080) → OUT: cursor=(935,216) (0ms)
[CURSOR-ABS] handSide=unknown hand=(0.623,0.031) filter=(0.474,0.160) target=(933,215) cursor=(935,216)
[2026-06-07 14:14:00] [computeCursor] IN: screenSize=(1920,1080) → OUT: cursor=(932,215) (0ms)
[CURSOR-ABS] handSide=unknown hand=(0.628,0.024) filter=(0.474,0.159) target=(930,214) cursor=(933,215)
[2026-06-07 14:14:00] [computeCursor] IN: screenSize=(1920,1080) → OUT: cursor=(930,213) (0ms)
[CURSOR-ABS] handSide=unknown hand=(0.626,0.029) filter=(0.475,0.158) target=(928,212) cursor=(930,214)
[2026-06-07 14:14:00] [computeCursor] IN: screenSize=(1920,1080) → OUT: cursor=(927,211) (0ms)
[CURSOR-ABS] handSide=unknown hand=(0.625,0.028) filter=(0.476,0.157) target=(925,210) cursor=(928,212)
[2026-06-07 14:14:00] [computeCursor] IN: screenSize=(1920,1080) → OUT: cursor=(925,210) (0ms)
[CURSOR-ABS] handSide=unknown hand=(0.626,0.029) filter=(0.477,0.157) target=(923,208) cursor=(925,210)
[2026-06-07 14:14:00] [computeCursor] IN: screenSize=(1920,1080) → OUT: cursor=(922,208) (0ms)
[CURSOR-ABS] handSide=unknown hand=(0.629,0.022) filter=(0.478,0.156) target=(920,206) cursor=(923,208)
[2026-06-07 14:14:00] [computeCursor] IN: screenSize=(1920,1080) → OUT: cursor=(920,206) (0ms)
[CURSOR-ABS] handSide=unknown hand=(0.620,0.027) filter=(0.479,0.155) target=(918,205) cursor=(920,206)
[2026-06-07 14:14:00] [computeCursor] IN: screenSize=(1920,1080) → OUT: cursor=(917,204) (0ms)
[CURSOR-ABS] handSide=unknown hand=(0.627,0.020) filter=(0.480,0.154) target=(915,203) cursor=(918,205)
[2026-06-07 14:14:00] [computeCursor] IN: screenSize=(1920,1080) → OUT: cursor=(915,202) (0ms)
[CURSOR-ABS] handSide=unknown hand=(0.620,0.025) filter=(0.480,0.153) target=(913,201) cursor=(915,203)
[2026-06-07 14:14:00] [computeCursor] IN: screenSize=(1920,1080) → OUT: cursor=(913,200) (0ms)
[CURSOR-ABS] handSide=unknown hand=(0.625,0.025) filter=(0.481,0.152) target=(911,199) cursor=(913,201)
[2026-06-07 14:14:00] [computeCursor] IN: screenSize=(1920,1080) → OUT: cursor=(910,199) (0ms)
[CURSOR-ABS] handSide=unknown hand=(0.621,0.027) filter=(0.482,0.152) target=(908,197) cursor=(911,199)
[2026-06-07 14:14:00] [computeCursor] IN: screenSize=(1920,1080) → OUT: cursor=(908,197) (0ms)
[CURSOR-ABS] handSide=unknown hand=(0.631,0.021) filter=(0.483,0.151) target=(906,195) cursor=(908,197)
[2026-06-07 14:14:00] [computeCursor] IN: screenSize=(1920,1080) → OUT: cursor=(905,195) (0ms)
[CURSOR-ABS] handSide=unknown hand=(0.622,0.034) filter=(0.484,0.150) target=(903,194) cursor=(906,195)
[2026-06-07 14:14:00] [computeCursor] IN: screenSize=(1920,1080) → OUT: cursor=(903,193) (0ms)
[CURSOR-ABS] handSide=unknown hand=(0.624,0.035) filter=(0.485,0.149) target=(900,192) cursor=(903,194)
[2026-06-07 14:14:00] [computeCursor] IN: screenSize=(1920,1080) → OUT: cursor=(900,191) (0ms)
[CURSOR-ABS] handSide=unknown hand=(0.623,0.032) filter=(0.486,0.148) target=(897,190) cursor=(900,192)
[2026-06-07 14:14:00] [computeCursor] IN: screenSize=(1920,1080) → OUT: cursor=(897,189) (0ms)
[CURSOR-ABS] handSide=unknown hand=(0.625,0.028) filter=(0.487,0.148) target=(895,188) cursor=(897,190)
[2026-06-07 14:14:00] [computeCursor] IN: screenSize=(1920,1080) → OUT: cursor=(894,187) (0ms)
[CURSOR-ABS] handSide=unknown hand=(0.624,0.026) filter=(0.488,0.147) target=(892,186) cursor=(895,188)
[2026-06-07 14:14:00] [computeCursor] IN: screenSize=(1920,1080) → OUT: cursor=(892,185) (0ms)
[CURSOR-ABS] handSide=unknown hand=(0.627,0.020) filter=(0.488,0.146) target=(890,184) cursor=(892,186)
[2026-06-07 14:14:00] [computeCursor] IN: screenSize=(1920,1080) → OUT: cursor=(889,184) (0ms)
[CURSOR-ABS] handSide=unknown hand=(0.625,0.024) filter=(0.489,0.145) target=(887,182) cursor=(890,184)
[2026-06-07 14:14:00] [computeCursor] IN: screenSize=(1920,1080) → OUT: cursor=(887,182) (0ms)
[CURSOR-ABS] handSide=unknown hand=(0.625,0.023) filter=(0.490,0.144) target=(884,180) cursor=(887,182)
[2026-06-07 14:14:00] [computeCursor] IN: screenSize=(1920,1080) → OUT: cursor=(884,180) (0ms)
[CURSOR-ABS] handSide=unknown hand=(0.618,0.025) filter=(0.491,0.144) target=(882,178) cursor=(884,180)
[2026-06-07 14:14:00] [computeCursor] IN: screenSize=(1920,1080) → OUT: cursor=(882,178) (0ms)
[CURSOR-ABS] handSide=unknown hand=(0.627,0.024) filter=(0.492,0.143) target=(880,177) cursor=(882,178)
[2026-06-07 14:14:00] [computeCursor] IN: screenSize=(1920,1080) → OUT: cursor=(879,176) (1ms)
[CURSOR-ABS] handSide=unknown hand=(0.622,0.029) filter=(0.493,0.142) target=(877,175) cursor=(880,177)
[2026-06-07 14:14:00] [computeCursor] IN: screenSize=(1920,1080) → OUT: cursor=(877,174) (0ms)
[CURSOR-ABS] handSide=unknown hand=(0.624,0.025) filter=(0.493,0.141) target=(875,173) cursor=(877,175)
[2026-06-07 14:14:00] [computeCursor] IN: screenSize=(1920,1080) → OUT: cursor=(874,173) (0ms)
[CURSOR-ABS] handSide=unknown hand=(0.625,0.031) filter=(0.494,0.141) target=(872,171) cursor=(875,173)
[2026-06-07 14:14:00] [computeCursor] IN: screenSize=(1920,1080) → OUT: cursor=(872,171) (0ms)
[CURSOR-ABS] handSide=unknown hand=(0.623,0.037) filter=(0.495,0.140) target=(869,170) cursor=(872,171)
[2026-06-07 14:14:00] [computeCursor] IN: screenSize=(1920,1080) → OUT: cursor=(869,169) (0ms)
[CURSOR-ABS] handSide=unknown hand=(0.620,0.031) filter=(0.496,0.139) target=(867,168) cursor=(869,170)
[2026-06-07 14:14:00] [computeCursor] IN: screenSize=(1920,1080) → OUT: cursor=(867,167) (0ms)
[CURSOR-ABS] handSide=unknown hand=(0.616,0.022) filter=(0.497,0.138) target=(865,166) cursor=(867,168)
[2026-06-07 14:14:00] [computeCursor] IN: screenSize=(1920,1080) → OUT: cursor=(864,166) (0ms)
[CURSOR-ABS] handSide=unknown hand=(0.623,0.024) filter=(0.497,0.138) target=(862,164) cursor=(865,166)
[2026-06-07 14:14:00] [computeCursor] IN: screenSize=(1920,1080) → OUT: cursor=(862,164) (0ms)
[CURSOR-ABS] handSide=unknown hand=(0.625,0.027) filter=(0.498,0.137) target=(860,163) cursor=(862,164)
[2026-06-07 14:14:00] [computeCursor] IN: screenSize=(1920,1080) → OUT: cursor=(859,162) (0ms)
[CURSOR-ABS] handSide=unknown hand=(0.625,0.028) filter=(0.499,0.136) target=(858,161) cursor=(860,163)
[2026-06-07 14:14:00] [computeCursor] IN: screenSize=(1920,1080) → OUT: cursor=(857,160) (0ms)
[CURSOR-ABS] handSide=unknown hand=(0.625,0.028) filter=(0.500,0.136) target=(855,159) cursor=(858,161)
[2026-06-07 14:14:00] [computeCursor] IN: screenSize=(1920,1080) → OUT: cursor=(855,159) (0ms)
[CURSOR-ABS] handSide=unknown hand=(0.625,0.028) filter=(0.501,0.135) target=(852,157) cursor=(855,159)
[2026-06-07 14:14:00] [computeCursor] IN: screenSize=(1920,1080) → OUT: cursor=(852,157) (0ms)
[CURSOR-ABS] handSide=unknown hand=(0.625,0.029) filter=(0.501,0.134) target=(850,156) cursor=(852,157)
[2026-06-07 14:14:00] [computeCursor] IN: screenSize=(1920,1080) → OUT: cursor=(850,155) (0ms)
[CURSOR-ABS] handSide=unknown hand=(0.619,0.024) filter=(0.502,0.133) target=(848,154) cursor=(850,156)
[2026-06-07 14:14:00] [computeCursor] IN: screenSize=(1920,1080) → OUT: cursor=(847,153) (0ms)
[CURSOR-ABS] handSide=unknown hand=(0.625,0.026) filter=(0.503,0.133) target=(845,152) cursor=(848,154)
[2026-06-07 14:14:00] [computeCursor] IN: screenSize=(1920,1080) → OUT: cursor=(845,152) (0ms)
[CURSOR-ABS] handSide=unknown hand=(0.623,0.025) filter=(0.504,0.132) target=(843,150) cursor=(845,152)
[2026-06-07 14:14:00] [computeCursor] IN: screenSize=(1920,1080) → OUT: cursor=(842,150) (0ms)
[CURSOR-ABS] handSide=unknown hand=(0.624,0.022) filter=(0.504,0.131) target=(840,149) cursor=(843,150)
[2026-06-07 14:14:00] [computeCursor] IN: screenSize=(1920,1080) → OUT: cursor=(840,148) (0ms)
[CURSOR-ABS] handSide=unknown hand=(0.620,0.033) filter=(0.505,0.131) target=(838,147) cursor=(840,149)
[2026-06-07 14:14:00] [computeCursor] IN: screenSize=(1920,1080) → OUT: cursor=(838,146) (0ms)
[CURSOR-ABS] handSide=unknown hand=(0.622,0.034) filter=(0.506,0.130) target=(836,145) cursor=(838,147)
[2026-06-07 14:14:00] [computeCursor] IN: screenSize=(1920,1080) → OUT: cursor=(835,145) (0ms)
[CURSOR-ABS] handSide=unknown hand=(0.618,0.034) filter=(0.507,0.129) target=(834,144) cursor=(836,145)
[2026-06-07 14:14:00] [computeCursor] IN: screenSize=(1920,1080) → OUT: cursor=(833,143) (0ms)
[CURSOR-ABS] handSide=unknown hand=(0.621,0.028) filter=(0.507,0.129) target=(831,142) cursor=(834,144)
[2026-06-07 14:14:00] [computeCursor] IN: screenSize=(1920,1080) → OUT: cursor=(831,142) (0ms)
[CURSOR-ABS] handSide=unknown hand=(0.614,0.018) filter=(0.508,0.128) target=(829,140) cursor=(831,142)
[2026-06-07 14:14:00] [computeCursor] IN: screenSize=(1920,1080) → OUT: cursor=(829,140) (0ms)
[CURSOR-ABS] handSide=unknown hand=(0.619,0.024) filter=(0.509,0.127) target=(827,139) cursor=(829,140)
[2026-06-07 14:14:00] [computeCursor] IN: screenSize=(1920,1080) → OUT: cursor=(826,138) (0ms)
[CURSOR-ABS] handSide=unknown hand=(0.620,0.029) filter=(0.509,0.127) target=(825,137) cursor=(827,139)
[2026-06-07 14:14:00] [computeCursor] IN: screenSize=(1920,1080) → OUT: cursor=(824,137) (0ms)
[CURSOR-ABS] handSide=unknown hand=(0.624,0.025) filter=(0.510,0.126) target=(822,135) cursor=(825,137)
[2026-06-07 14:14:00] [computeCursor] IN: screenSize=(1920,1080) → OUT: cursor=(822,135) (0ms)
[CURSOR-ABS] handSide=unknown hand=(0.624,0.027) filter=(0.511,0.125) target=(820,134) cursor=(822,135)
[2026-06-07 14:14:00] [computeCursor] IN: screenSize=(1920,1080) → OUT: cursor=(819,133) (0ms)
[CURSOR-ABS] handSide=unknown hand=(0.624,0.027) filter=(0.512,0.125) target=(817,132) cursor=(820,134)
[2026-06-07 14:14:00] [computeCursor] IN: screenSize=(1920,1080) → OUT: cursor=(817,131) (1ms)
[CURSOR-ABS] handSide=unknown hand=(0.623,0.026) filter=(0.512,0.124) target=(815,130) cursor=(817,132)
[2026-06-07 14:14:00] [computeCursor] IN: screenSize=(1920,1080) → OUT: cursor=(815,130) (0ms)
[CURSOR-ABS] handSide=unknown hand=(0.627,0.021) filter=(0.513,0.123) target=(813,129) cursor=(815,130)
[2026-06-07 14:14:00] [computeCursor] IN: screenSize=(1920,1080) → OUT: cursor=(812,128) (0ms)
[CURSOR-ABS] handSide=unknown hand=(0.625,0.028) filter=(0.514,0.123) target=(810,127) cursor=(813,129)
[2026-06-07 14:14:00] [computeCursor] IN: screenSize=(1920,1080) → OUT: cursor=(810,127) (0ms)
[CURSOR-ABS] handSide=unknown hand=(0.626,0.025) filter=(0.514,0.122) target=(808,126) cursor=(810,127)
[2026-06-07 14:14:00] [computeCursor] IN: screenSize=(1920,1080) → OUT: cursor=(808,125) (0ms)
[CURSOR-ABS] handSide=unknown hand=(0.623,0.029) filter=(0.515,0.121) target=(806,125) cursor=(808,126)
[2026-06-07 14:14:00] [computeCursor] IN: screenSize=(1920,1080) → OUT: cursor=(806,124) (0ms)
[CURSOR-ABS] handSide=unknown hand=(0.623,0.027) filter=(0.516,0.121) target=(804,124) cursor=(806,125)
[2026-06-07 14:14:00] [computeCursor] IN: screenSize=(1920,1080) → OUT: cursor=(804,123) (0ms)
[CURSOR-ABS] handSide=unknown hand=(0.623,0.028) filter=(0.516,0.120) target=(802,123) cursor=(804,124)
[2026-06-07 14:14:00] [computeCursor] IN: screenSize=(1920,1080) → OUT: cursor=(802,122) (0ms)
[CURSOR-ABS] handSide=unknown hand=(0.624,0.026) filter=(0.517,0.120) target=(800,122) cursor=(802,123)
[2026-06-07 14:14:00] [computeCursor] IN: screenSize=(1920,1080) → OUT: cursor=(800,121) (0ms)
[CURSOR-ABS] handSide=unknown hand=(0.624,0.024) filter=(0.518,0.119) target=(798,121) cursor=(800,122)
[2026-06-07 14:14:00] [computeCursor] IN: screenSize=(1920,1080) → OUT: cursor=(798,120) (0ms)
[CURSOR-ABS] handSide=unknown hand=(0.625,0.024) filter=(0.519,0.118) target=(796,120) cursor=(798,121)
[2026-06-07 14:14:00] [computeCursor] IN: screenSize=(1920,1080) → OUT: cursor=(795,119) (0ms)
[CURSOR-ABS] handSide=unknown hand=(0.625,0.026) filter=(0.520,0.117) target=(793,118) cursor=(796,120)
[2026-06-07 14:14:00] [computeCursor] IN: screenSize=(1920,1080) → OUT: cursor=(793,118) (0ms)
[CURSOR-ABS] handSide=unknown hand=(0.623,0.023) filter=(0.521,0.116) target=(789,116) cursor=(793,118)
[2026-06-07 14:14:00] [computeCursor] IN: screenSize=(1920,1080) → OUT: cursor=(789,116) (0ms)
[CURSOR-ABS] handSide=unknown hand=(0.625,0.022) filter=(0.522,0.115) target=(786,115) cursor=(789,116)
[2026-06-07 14:14:00] [computeCursor] IN: screenSize=(1920,1080) → OUT: cursor=(786,114) (0ms)
[CURSOR-ABS] handSide=unknown hand=(0.624,0.028) filter=(0.523,0.115) target=(784,114) cursor=(786,115)
[2026-06-07 14:14:00] [computeCursor] IN: screenSize=(1920,1080) → OUT: cursor=(784,113) (0ms)
[CURSOR-ABS] handSide=unknown hand=(0.624,0.026) filter=(0.523,0.114) target=(782,112) cursor=(784,114)
[2026-06-07 14:14:00] [computeCursor] IN: screenSize=(1920,1080) → OUT: cursor=(781,112) (0ms)
[CURSOR-ABS] handSide=unknown hand=(0.619,0.031) filter=(0.524,0.113) target=(780,111) cursor=(782,112)
[2026-06-07 14:14:00] [computeCursor] IN: screenSize=(1920,1080) → OUT: cursor=(779,111) (0ms)
[CURSOR-ABS] handSide=unknown hand=(0.620,0.030) filter=(0.525,0.113) target=(778,110) cursor=(780,111)
[2026-06-07 14:14:00] [computeCursor] IN: screenSize=(1920,1080) → OUT: cursor=(777,110) (0ms)
[CURSOR-ABS] handSide=unknown hand=(0.607,0.029) filter=(0.525,0.112) target=(776,109) cursor=(778,110)
[2026-06-07 14:14:00] [computeCursor] IN: screenSize=(1920,1080) → OUT: cursor=(775,109) (0ms)
[CURSOR-ABS] handSide=unknown hand=(0.580,0.059) filter=(0.526,0.112) target=(775,109) cursor=(776,109)
[2026-06-07 14:14:00] [computeCursor] IN: screenSize=(1920,1080) → OUT: cursor=(774,108) (0ms)
[CURSOR-ABS] handSide=unknown hand=(0.571,0.091) filter=(0.526,0.112) target=(774,108) cursor=(775,109)
[2026-06-07 14:14:00] [computeCursor] IN: screenSize=(1920,1080) → OUT: cursor=(773,108) (0ms)
[CURSOR-ABS] handSide=unknown hand=(0.561,0.121) filter=(0.526,0.112) target=(773,109) cursor=(774,108)
[2026-06-07 14:14:00] [computeCursor] IN: screenSize=(1920,1080) → OUT: cursor=(773,108) (1ms)
[CURSOR-ABS] handSide=unknown hand=(0.533,0.109) filter=(0.526,0.112) target=(773,108) cursor=(773,109)
[2026-06-07 14:14:00] [computeCursor] IN: screenSize=(1920,1080) → OUT: cursor=(772,108) (0ms)
[CURSOR-ABS] handSide=unknown hand=(0.508,0.142) filter=(0.526,0.112) target=(773,109) cursor=(773,108)
[2026-06-07 14:14:00] [computeCursor] IN: screenSize=(1920,1080) → OUT: cursor=(773,108) (0ms)
[CURSOR-ABS] handSide=unknown hand=(0.484,0.183) filter=(0.526,0.112) target=(774,110) cursor=(773,109)
[2026-06-07 14:14:00] [computeCursor] IN: screenSize=(1920,1080) → OUT: cursor=(774,109) (0ms)
[CURSOR-ABS] handSide=unknown hand=(0.457,0.221) filter=(0.525,0.113) target=(775,111) cursor=(774,110)
[2026-06-07 14:14:00] [computeCursor] IN: screenSize=(1920,1080) → OUT: cursor=(775,110) (0ms)
[CURSOR-ABS] handSide=unknown hand=(0.426,0.238) filter=(0.525,0.114) target=(777,112) cursor=(775,111)
[2026-06-07 14:14:00] [computeCursor] IN: screenSize=(1920,1080) → OUT: cursor=(777,112) (0ms)
[CURSOR-ABS] handSide=unknown hand=(0.404,0.256) filter=(0.524,0.115) target=(780,114) cursor=(777,112)
[2026-06-07 14:14:00] [computeCursor] IN: screenSize=(1920,1080) → OUT: cursor=(779,113) (0ms)
[CURSOR-ABS] handSide=unknown hand=(0.381,0.269) filter=(0.523,0.116) target=(783,116) cursor=(780,114)
[2026-06-07 14:14:00] [computeCursor] IN: screenSize=(1920,1080) → OUT: cursor=(782,115) (0ms)
[CURSOR-ABS] handSide=unknown hand=(0.367,0.280) filter=(0.522,0.117) target=(786,118) cursor=(783,116)
[2026-06-07 14:14:00] [computeCursor] IN: screenSize=(1920,1080) → OUT: cursor=(785,117) (0ms)
[CURSOR-ABS] handSide=unknown hand=(0.357,0.290) filter=(0.521,0.118) target=(789,120) cursor=(786,118)
[2026-06-07 14:14:00] [computeCursor] IN: screenSize=(1920,1080) → OUT: cursor=(789,119) (0ms)
[CURSOR-ABS] handSide=unknown hand=(0.353,0.302) filter=(0.520,0.119) target=(792,121) cursor=(789,120)
[2026-06-07 14:14:00] [computeCursor] IN: screenSize=(1920,1080) → OUT: cursor=(791,121) (0ms)
[CURSOR-ABS] handSide=unknown hand=(0.351,0.310) filter=(0.519,0.121) target=(795,123) cursor=(792,121)
[2026-06-07 14:14:00] [computeCursor] IN: screenSize=(1920,1080) → OUT: cursor=(794,123) (0ms)
[CURSOR-ABS] handSide=unknown hand=(0.351,0.319) filter=(0.518,0.122) target=(798,125) cursor=(795,123)
[2026-06-07 14:14:00] [computeCursor] IN: screenSize=(1920,1080) → OUT: cursor=(797,125) (0ms)
[CURSOR-ABS] handSide=unknown hand=(0.356,0.328) filter=(0.517,0.123) target=(801,127) cursor=(798,125)
[2026-06-07 14:14:00] [computeCursor] IN: screenSize=(1920,1080) → OUT: cursor=(800,127) (0ms)
[CURSOR-ABS] handSide=unknown hand=(0.361,0.335) filter=(0.516,0.124) target=(803,130) cursor=(801,127)
[2026-06-07 14:14:00] [computeCursor] IN: screenSize=(1920,1080) → OUT: cursor=(803,129) (0ms)
[CURSOR-ABS] handSide=unknown hand=(0.370,0.341) filter=(0.515,0.125) target=(806,133) cursor=(803,130)
[2026-06-07 14:14:00] [computeCursor] IN: screenSize=(1920,1080) → OUT: cursor=(806,133) (0ms)
[CURSOR-ABS] handSide=unknown hand=(0.380,0.345) filter=(0.515,0.127) target=(809,136) cursor=(806,133)
[2026-06-07 14:14:00] [computeCursor] IN: screenSize=(1920,1080) → OUT: cursor=(808,136) (0ms)
[CURSOR-ABS] handSide=unknown hand=(0.392,0.345) filter=(0.514,0.128) target=(811,139) cursor=(809,136)
[2026-06-07 14:14:00] [computeCursor] IN: screenSize=(1920,1080) → OUT: cursor=(811,139) (0ms)
[CURSOR-ABS] handSide=unknown hand=(0.404,0.341) filter=(0.513,0.129) target=(813,142) cursor=(811,139)
[2026-06-07 14:14:00] [computeCursor] IN: screenSize=(1920,1080) → OUT: cursor=(813,142) (0ms)
[CURSOR-ABS] handSide=unknown hand=(0.421,0.336) filter=(0.513,0.130) target=(815,145) cursor=(813,142)
[2026-06-07 14:14:00] [computeCursor] IN: screenSize=(1920,1080) → OUT: cursor=(815,145) (1ms)
[CURSOR-ABS] handSide=unknown hand=(0.441,0.333) filter=(0.512,0.131) target=(817,148) cursor=(815,145)
[2026-06-07 14:14:00] [computeCursor] IN: screenSize=(1920,1080) → OUT: cursor=(816,147) (0ms)
[CURSOR-ABS] handSide=unknown hand=(0.465,0.328) filter=(0.512,0.132) target=(818,150) cursor=(817,148)
[2026-06-07 14:14:00] [computeCursor] IN: screenSize=(1920,1080) → OUT: cursor=(817,150) (0ms)
[CURSOR-ABS] handSide=unknown hand=(0.490,0.318) filter=(0.512,0.133) target=(818,153) cursor=(818,150)
[2026-06-07 14:14:00] [computeCursor] IN: screenSize=(1920,1080) → OUT: cursor=(818,152) (1ms)
[CURSOR-ABS] handSide=unknown hand=(0.520,0.314) filter=(0.512,0.135) target=(818,155) cursor=(818,153)
[2026-06-07 14:14:00] [computeCursor] IN: screenSize=(1920,1080) → OUT: cursor=(818,155) (0ms)
[CURSOR-ABS] handSide=unknown hand=(0.550,0.306) filter=(0.512,0.135) target=(818,157) cursor=(818,155)
[2026-06-07 14:14:00] [computeCursor] IN: screenSize=(1920,1080) → OUT: cursor=(818,157) (0ms)
[CURSOR-ABS] handSide=unknown hand=(0.576,0.301) filter=(0.513,0.136) target=(817,159) cursor=(818,157)
[2026-06-07 14:14:00] [computeCursor] IN: screenSize=(1920,1080) → OUT: cursor=(817,159) (0ms)
[CURSOR-ABS] handSide=unknown hand=(0.603,0.293) filter=(0.513,0.137) target=(816,161) cursor=(817,159)
[2026-06-07 14:14:00] [computeCursor] IN: screenSize=(1920,1080) → OUT: cursor=(816,161) (0ms)
[CURSOR-ABS] handSide=unknown hand=(0.631,0.282) filter=(0.514,0.138) target=(814,163) cursor=(816,161)
[2026-06-07 14:14:00] [computeCursor] IN: screenSize=(1920,1080) → OUT: cursor=(814,163) (0ms)
[CURSOR-ABS] handSide=unknown hand=(0.653,0.276) filter=(0.515,0.139) target=(812,165) cursor=(814,163)
[2026-06-07 14:14:00] [computeCursor] IN: screenSize=(1920,1080) → OUT: cursor=(812,164) (0ms)
[CURSOR-ABS] handSide=unknown hand=(0.671,0.259) filter=(0.515,0.139) target=(810,166) cursor=(812,165)
[2026-06-07 14:14:00] [computeCursor] IN: screenSize=(1920,1080) → OUT: cursor=(809,166) (0ms)
[CURSOR-ABS] handSide=unknown hand=(0.689,0.254) filter=(0.516,0.140) target=(807,167) cursor=(810,166)
[2026-06-07 14:14:00] [computeCursor] IN: screenSize=(1920,1080) → OUT: cursor=(807,167) (0ms)
[CURSOR-ABS] handSide=unknown hand=(0.701,0.251) filter=(0.517,0.141) target=(804,169) cursor=(807,167)
[2026-06-07 14:14:00] [computeCursor] IN: screenSize=(1920,1080) → OUT: cursor=(804,168) (0ms)
[CURSOR-ABS] handSide=unknown hand=(0.710,0.248) filter=(0.518,0.141) target=(801,170) cursor=(804,169)
[2026-06-07 14:14:00] [computeCursor] IN: screenSize=(1920,1080) → OUT: cursor=(801,169) (0ms)
[CURSOR-ABS] handSide=unknown hand=(0.720,0.247) filter=(0.520,0.142) target=(798,171) cursor=(801,170)
[2026-06-07 14:14:00] [computeCursor] IN: screenSize=(1920,1080) → OUT: cursor=(797,170) (0ms)
[CURSOR-ABS] handSide=unknown hand=(0.731,0.248) filter=(0.521,0.142) target=(794,172) cursor=(798,171)
[2026-06-07 14:14:00] [computeCursor] IN: screenSize=(1920,1080) → OUT: cursor=(794,172) (0ms)
[CURSOR-ABS] handSide=unknown hand=(0.739,0.234) filter=(0.522,0.143) target=(791,173) cursor=(794,172)
[2026-06-07 14:14:00] [computeCursor] IN: screenSize=(1920,1080) → OUT: cursor=(790,172) (0ms)
[CURSOR-ABS] handSide=unknown hand=(0.746,0.218) filter=(0.523,0.143) target=(787,174) cursor=(791,173)
[2026-06-07 14:14:00] [computeCursor] IN: screenSize=(1920,1080) → OUT: cursor=(787,173) (0ms)
[CURSOR-ABS] handSide=unknown hand=(0.755,0.190) filter=(0.525,0.144) target=(783,174) cursor=(787,174)
[2026-06-07 14:14:00] [computeCursor] IN: screenSize=(1920,1080) → OUT: cursor=(782,174) (0ms)
[CURSOR-ABS] handSide=unknown hand=(0.768,0.176) filter=(0.526,0.144) target=(778,174) cursor=(783,174)
[2026-06-07 14:14:00] [computeCursor] IN: screenSize=(1920,1080) → OUT: cursor=(778,174) (0ms)
[CURSOR-ABS] handSide=unknown hand=(0.783,0.107) filter=(0.528,0.144) target=(774,174) cursor=(778,174)
[2026-06-07 14:14:00] [computeCursor] IN: screenSize=(1920,1080) → OUT: cursor=(773,173) (0ms)
[CURSOR-ABS] handSide=unknown hand=(0.494,0.308) filter=(0.528,0.144) target=(775,176) cursor=(774,174)
[2026-06-07 14:14:00] [computeCursor] IN: screenSize=(1920,1080) → OUT: cursor=(774,175) (0ms)
[CURSOR-ABS] handSide=unknown hand=(0.508,0.310) filter=(0.528,0.145) target=(775,178) cursor=(775,176)
[2026-06-07 14:14:00] [computeCursor] IN: screenSize=(1920,1080) → OUT: cursor=(775,177) (0ms)
[CURSOR-ABS] handSide=unknown hand=(0.522,0.301) filter=(0.527,0.146) target=(776,180) cursor=(775,178)
[2026-06-07 14:14:00] [computeCursor] IN: screenSize=(1920,1080) → OUT: cursor=(775,179) (0ms)
[CURSOR-ABS] handSide=unknown hand=(0.532,0.282) filter=(0.528,0.147) target=(776,182) cursor=(776,180)
[2026-06-07 14:14:00] [computeCursor] IN: screenSize=(1920,1080) → OUT: cursor=(775,181) (0ms)
[CURSOR-ABS] handSide=unknown hand=(0.527,0.254) filter=(0.528,0.148) target=(776,183) cursor=(776,182)
[2026-06-07 14:14:00] [computeCursor] IN: screenSize=(1920,1080) → OUT: cursor=(776,182) (0ms)
[CURSOR-ABS] handSide=unknown hand=(0.502,0.194) filter=(0.527,0.148) target=(777,183) cursor=(776,183)
[2026-06-07 14:14:00] [computeCursor] IN: screenSize=(1920,1080) → OUT: cursor=(776,183) (0ms)
[CURSOR-ABS] handSide=unknown hand=(0.467,0.115) filter=(0.527,0.148) target=(778,183) cursor=(777,183)
[2026-06-07 14:14:00] [computeCursor] IN: screenSize=(1920,1080) → OUT: cursor=(777,183) (0ms)
[CURSOR-ABS] handSide=unknown hand=(0.424,0.106) filter=(0.526,0.147) target=(779,183) cursor=(778,183)
[2026-06-07 14:14:00] [computeCursor] IN: screenSize=(1920,1080) → OUT: cursor=(779,182) (0ms)
[CURSOR-ABS] handSide=unknown hand=(0.531,0.438) filter=(0.526,0.149) target=(780,186) cursor=(779,183)
[2026-06-07 14:14:00] [computeCursor] IN: screenSize=(1920,1080) → OUT: cursor=(779,186) (0ms)
[CURSOR-ABS] handSide=unknown hand=(0.558,0.442) filter=(0.527,0.151) target=(780,190) cursor=(780,186)
[2026-06-07 14:14:00] [computeCursor] IN: screenSize=(1920,1080) → OUT: cursor=(779,189) (0ms)
[CURSOR-ABS] handSide=unknown hand=(0.581,0.441) filter=(0.527,0.152) target=(779,193) cursor=(780,190)
[2026-06-07 14:14:00] [computeCursor] IN: screenSize=(1920,1080) → OUT: cursor=(779,192) (0ms)
[CURSOR-ABS] handSide=unknown hand=(0.601,0.436) filter=(0.527,0.154) target=(778,196) cursor=(779,193)
[2026-06-07 14:14:00] [computeCursor] IN: screenSize=(1920,1080) → OUT: cursor=(778,196) (0ms)
[CURSOR-ABS] handSide=unknown hand=(0.622,0.429) filter=(0.528,0.155) target=(777,199) cursor=(778,196)
[2026-06-07 14:14:00] [computeCursor] IN: screenSize=(1920,1080) → OUT: cursor=(777,199) (0ms)
[CURSOR-ABS] handSide=unknown hand=(0.643,0.417) filter=(0.529,0.156) target=(776,202) cursor=(777,199)
[2026-06-07 14:14:00] [computeCursor] IN: screenSize=(1920,1080) → OUT: cursor=(775,201) (0ms)
[CURSOR-ABS] handSide=unknown hand=(0.662,0.399) filter=(0.529,0.158) target=(774,205) cursor=(776,202)
[2026-06-07 14:14:00] [computeCursor] IN: screenSize=(1920,1080) → OUT: cursor=(774,204) (0ms)
[CURSOR-ABS] handSide=unknown hand=(0.678,0.382) filter=(0.530,0.159) target=(772,207) cursor=(774,205)
[2026-06-07 14:14:00] [computeCursor] IN: screenSize=(1920,1080) → OUT: cursor=(771,207) (0ms)
[CURSOR-ABS] handSide=unknown hand=(0.689,0.353) filter=(0.531,0.160) target=(769,209) cursor=(772,207)
[2026-06-07 14:14:00] [computeCursor] IN: screenSize=(1920,1080) → OUT: cursor=(769,209) (0ms)
[CURSOR-ABS] handSide=unknown hand=(0.696,0.323) filter=(0.532,0.161) target=(767,211) cursor=(769,209)
[2026-06-07 14:14:00] [computeCursor] IN: screenSize=(1920,1080) → OUT: cursor=(766,210) (0ms)
[CURSOR-ABS] handSide=unknown hand=(0.698,0.295) filter=(0.533,0.161) target=(764,212) cursor=(767,211)
[2026-06-07 14:14:00] [computeCursor] IN: screenSize=(1920,1080) → OUT: cursor=(763,212) (0ms)
[CURSOR-ABS] handSide=unknown hand=(0.696,0.267) filter=(0.534,0.162) target=(761,213) cursor=(764,212)
[2026-06-07 14:14:00] [computeCursor] IN: screenSize=(1920,1080) → OUT: cursor=(761,213) (0ms)
[CURSOR-ABS] handSide=unknown hand=(0.689,0.226) filter=(0.535,0.162) target=(759,214) cursor=(761,213)
[2026-06-07 14:14:00] [computeCursor] IN: screenSize=(1920,1080) → OUT: cursor=(758,213) (0ms)
[CURSOR-ABS] handSide=unknown hand=(0.671,0.203) filter=(0.536,0.162) target=(756,214) cursor=(759,214)
[2026-06-07 14:14:00] [computeCursor] IN: screenSize=(1920,1080) → OUT: cursor=(756,213) (0ms)
[CURSOR-ABS] handSide=unknown hand=(0.650,0.186) filter=(0.537,0.163) target=(754,214) cursor=(756,214)
[2026-06-07 14:14:00] [computeCursor] IN: screenSize=(1920,1080) → OUT: cursor=(754,214) (0ms)
[CURSOR-ABS] handSide=unknown hand=(0.633,0.185) filter=(0.537,0.163) target=(753,214) cursor=(754,214)
[2026-06-07 14:14:00] [computeCursor] IN: screenSize=(1920,1080) → OUT: cursor=(752,214) (0ms)
[CURSOR-ABS] handSide=unknown hand=(0.617,0.189) filter=(0.538,0.163) target=(751,214) cursor=(753,214)
[2026-06-07 14:14:00] [computeCursor] IN: screenSize=(1920,1080) → OUT: cursor=(751,214) (0ms)
[CURSOR-ABS] handSide=unknown hand=(0.596,0.186) filter=(0.538,0.163) target=(750,215) cursor=(751,214)
[2026-06-07 14:14:00] [computeCursor] IN: screenSize=(1920,1080) → OUT: cursor=(750,214) (0ms)
[CURSOR-ABS] handSide=unknown hand=(0.573,0.190) filter=(0.538,0.163) target=(750,215) cursor=(750,215)
[2026-06-07 14:14:00] [computeCursor] IN: screenSize=(1920,1080) → OUT: cursor=(749,214) (0ms)
[CURSOR-ABS] handSide=unknown hand=(0.550,0.194) filter=(0.538,0.163) target=(750,215) cursor=(750,215)
[2026-06-07 14:14:00] [computeCursor] IN: screenSize=(1920,1080) → OUT: cursor=(749,215) (0ms)
[CURSOR-ABS] handSide=unknown hand=(0.523,0.194) filter=(0.538,0.163) target=(750,215) cursor=(750,215)
[2026-06-07 14:14:00] [computeCursor] IN: screenSize=(1920,1080) → OUT: cursor=(750,215) (0ms)
[CURSOR-ABS] handSide=unknown hand=(0.497,0.205) filter=(0.538,0.164) target=(751,216) cursor=(750,215)
[2026-06-07 14:14:00] [computeCursor] IN: screenSize=(1920,1080) → OUT: cursor=(750,215) (0ms)
[CURSOR-ABS] handSide=unknown hand=(0.471,0.208) filter=(0.538,0.164) target=(752,216) cursor=(751,216)
[2026-06-07 14:14:00] [computeCursor] IN: screenSize=(1920,1080) → OUT: cursor=(752,216) (0ms)
[CURSOR-ABS] handSide=unknown hand=(0.442,0.211) filter=(0.537,0.164) target=(754,217) cursor=(752,216)
[2026-06-07 14:14:00] [computeCursor] IN: screenSize=(1920,1080) → OUT: cursor=(753,217) (0ms)
[CURSOR-ABS] handSide=unknown hand=(0.417,0.217) filter=(0.536,0.164) target=(756,218) cursor=(754,217)
[2026-06-07 14:14:00] [computeCursor] IN: screenSize=(1920,1080) → OUT: cursor=(755,217) (0ms)
[CURSOR-ABS] handSide=unknown hand=(0.388,0.230) filter=(0.535,0.165) target=(759,219) cursor=(756,218)
[2026-06-07 14:14:00] [computeCursor] IN: screenSize=(1920,1080) → OUT: cursor=(758,218) (0ms)
[CURSOR-ABS] handSide=unknown hand=(0.362,0.235) filter=(0.534,0.165) target=(629,6) cursor=(759,219)
[2026-06-07 14:14:00] [computeCursor] IN: screenSize=(1920,1080) → OUT: cursor=(629,7) (0ms)
[CURSOR-ABS] handSide=unknown hand=(0.344,0.234) filter=(0.533,0.165) target=(635,8) cursor=(630,7)
[2026-06-07 14:14:00] [computeCursor] IN: screenSize=(1920,1080) → OUT: cursor=(634,7) (0ms)
[CURSOR-ABS] handSide=unknown hand=(0.323,0.236) filter=(0.532,0.166) target=(641,9) cursor=(635,8)
[2026-06-07 14:14:00] [computeCursor] IN: screenSize=(1920,1080) → OUT: cursor=(640,9) (0ms)
[CURSOR-ABS] handSide=unknown hand=(0.304,0.243) filter=(0.531,0.166) target=(647,11) cursor=(641,9)
[2026-06-07 14:14:00] [computeCursor] IN: screenSize=(1920,1080) → OUT: cursor=(647,10) (0ms)
[CURSOR-ABS] handSide=unknown hand=(0.284,0.249) filter=(0.529,0.166) target=(655,13) cursor=(647,11)
[2026-06-07 14:14:00] [computeCursor] IN: screenSize=(1920,1080) → OUT: cursor=(654,12) (0ms)
[CURSOR-ABS] handSide=unknown hand=(0.265,0.256) filter=(0.528,0.167) target=(662,15) cursor=(655,13)
[2026-06-07 14:14:00] [computeCursor] IN: screenSize=(1920,1080) → OUT: cursor=(662,14) (0ms)
[CURSOR-ABS] handSide=unknown hand=(0.250,0.263) filter=(0.526,0.167) target=(670,17) cursor=(662,15)
[2026-06-07 14:14:00] [computeCursor] IN: screenSize=(1920,1080) → OUT: cursor=(669,17) (0ms)
[CURSOR-ABS] handSide=unknown hand=(0.237,0.276) filter=(0.525,0.168) target=(678,19) cursor=(670,17)
[2026-06-07 14:14:00] [computeCursor] IN: screenSize=(1920,1080) → OUT: cursor=(678,19) (0ms)
[CURSOR-ABS] handSide=unknown hand=(0.228,0.285) filter=(0.523,0.168) target=(686,22) cursor=(678,19)
[2026-06-07 14:14:00] [computeCursor] IN: screenSize=(1920,1080) → OUT: cursor=(686,21) (0ms)
[CURSOR-ABS] handSide=unknown hand=(0.223,0.297) filter=(0.521,0.169) target=(695,25) cursor=(686,22)
[2026-06-07 14:14:00] [computeCursor] IN: screenSize=(1920,1080) → OUT: cursor=(694,24) (0ms)
[CURSOR-ABS] handSide=unknown hand=(0.219,0.311) filter=(0.520,0.170) target=(703,27) cursor=(695,25)
[2026-06-07 14:14:00] [computeCursor] IN: screenSize=(1920,1080) → OUT: cursor=(702,27) (0ms)
[CURSOR-ABS] handSide=unknown hand=(0.217,0.331) filter=(0.518,0.170) target=(711,31) cursor=(703,27)
[2026-06-07 14:14:00] [computeCursor] IN: screenSize=(1920,1080) → OUT: cursor=(711,30) (0ms)
[CURSOR-ABS] handSide=unknown hand=(0.222,0.348) filter=(0.516,0.171) target=(719,34) cursor=(711,31)
[2026-06-07 14:14:00] [computeCursor] IN: screenSize=(1920,1080) → OUT: cursor=(719,33) (0ms)
[CURSOR-ABS] handSide=unknown hand=(0.225,0.367) filter=(0.515,0.172) target=(727,38) cursor=(719,34)
[2026-06-07 14:14:00] [computeCursor] IN: screenSize=(1920,1080) → OUT: cursor=(727,37) (0ms)
[CURSOR-ABS] handSide=unknown hand=(0.233,0.388) filter=(0.513,0.173) target=(735,42) cursor=(727,38)
[2026-06-07 14:14:00] [computeCursor] IN: screenSize=(1920,1080) → OUT: cursor=(734,41) (0ms)
[CURSOR-ABS] handSide=unknown hand=(0.243,0.400) filter=(0.512,0.174) target=(742,46) cursor=(735,42)
[2026-06-07 14:14:00] [computeCursor] IN: screenSize=(1920,1080) → OUT: cursor=(741,45) (0ms)
[CURSOR-ABS] handSide=unknown hand=(0.257,0.422) filter=(0.510,0.176) target=(749,50) cursor=(742,46)
[2026-06-07 14:14:00] [computeCursor] IN: screenSize=(1920,1080) → OUT: cursor=(748,50) (0ms)
[CURSOR-ABS] handSide=unknown hand=(0.274,0.443) filter=(0.509,0.177) target=(755,55) cursor=(749,50)
[2026-06-07 14:14:00] [computeCursor] IN: screenSize=(1920,1080) → OUT: cursor=(755,54) (0ms)
[CURSOR-ABS] handSide=unknown hand=(0.294,0.453) filter=(0.508,0.178) target=(761,60) cursor=(755,55)
[2026-06-07 14:14:00] [computeCursor] IN: screenSize=(1920,1080) → OUT: cursor=(761,59) (0ms)
[CURSOR-ABS] handSide=unknown hand=(0.313,0.461) filter=(0.507,0.179) target=(766,64) cursor=(761,60)
[2026-06-07 14:14:00] [computeCursor] IN: screenSize=(1920,1080) → OUT: cursor=(766,64) (0ms)
[CURSOR-ABS] handSide=unknown hand=(0.330,0.470) filter=(0.506,0.181) target=(771,69) cursor=(766,64)
[2026-06-07 14:14:00] [computeCursor] IN: screenSize=(1920,1080) → OUT: cursor=(770,68) (0ms)
[CURSOR-ABS] handSide=unknown hand=(0.352,0.477) filter=(0.505,0.182) target=(775,74) cursor=(771,69)
[2026-06-07 14:14:00] [computeCursor] IN: screenSize=(1920,1080) → OUT: cursor=(775,73) (0ms)
[CURSOR-ABS] handSide=unknown hand=(0.374,0.477) filter=(0.505,0.183) target=(779,78) cursor=(775,74)
[2026-06-07 14:14:00] [computeCursor] IN: screenSize=(1920,1080) → OUT: cursor=(778,78) (0ms)
[CURSOR-ABS] handSide=unknown hand=(0.401,0.476) filter=(0.504,0.185) target=(782,83) cursor=(779,78)
[2026-06-07 14:14:00] [computeCursor] IN: screenSize=(1920,1080) → OUT: cursor=(781,82) (0ms)
[CURSOR-ABS] handSide=unknown hand=(0.428,0.469) filter=(0.504,0.186) target=(784,87) cursor=(782,83)
[2026-06-07 14:14:00] [computeCursor] IN: screenSize=(1920,1080) → OUT: cursor=(783,86) (0ms)
[CURSOR-ABS] handSide=unknown hand=(0.456,0.466) filter=(0.503,0.187) target=(785,91) cursor=(784,87)
[2026-06-07 14:14:00] [computeCursor] IN: screenSize=(1920,1080) → OUT: cursor=(785,91) (0ms)
[CURSOR-ABS] handSide=unknown hand=(0.486,0.455) filter=(0.503,0.188) target=(786,95) cursor=(785,91)
[2026-06-07 14:14:00] [computeCursor] IN: screenSize=(1920,1080) → OUT: cursor=(786,95) (0ms)
[CURSOR-ABS] handSide=unknown hand=(0.516,0.451) filter=(0.503,0.189) target=(786,99) cursor=(786,95)
[2026-06-07 14:14:00] [computeCursor] IN: screenSize=(1920,1080) → OUT: cursor=(786,98) (0ms)
[CURSOR-ABS] handSide=unknown hand=(0.549,0.446) filter=(0.504,0.190) target=(786,102) cursor=(786,99)
[2026-06-07 14:14:00] [computeCursor] IN: screenSize=(1920,1080) → OUT: cursor=(785,102) (0ms)
[CURSOR-ABS] handSide=unknown hand=(0.575,0.438) filter=(0.504,0.192) target=(784,106) cursor=(786,102)
[2026-06-07 14:14:00] [computeCursor] IN: screenSize=(1920,1080) → OUT: cursor=(784,105) (0ms)
[CURSOR-ABS] handSide=unknown hand=(0.606,0.434) filter=(0.504,0.193) target=(782,109) cursor=(784,106)
[2026-06-07 14:14:00] [computeCursor] IN: screenSize=(1920,1080) → OUT: cursor=(782,109) (0ms)
[CURSOR-ABS] handSide=unknown hand=(0.637,0.432) filter=(0.505,0.194) target=(779,112) cursor=(782,109)
[2026-06-07 14:14:00] [computeCursor] IN: screenSize=(1920,1080) → OUT: cursor=(779,112) (1ms)
[CURSOR-ABS] handSide=unknown hand=(0.671,0.422) filter=(0.506,0.195) target=(776,115) cursor=(780,112)
[2026-06-07 14:14:00] [computeCursor] IN: screenSize=(1920,1080) → OUT: cursor=(776,115) (0ms)
[CURSOR-ABS] handSide=unknown hand=(0.696,0.402) filter=(0.507,0.195) target=(772,118) cursor=(776,115)
[2026-06-07 14:14:00] [computeCursor] IN: screenSize=(1920,1080) → OUT: cursor=(771,117) (0ms)
[CURSOR-ABS] handSide=unknown hand=(0.719,0.405) filter=(0.508,0.196) target=(767,121) cursor=(772,118)
[2026-06-07 14:14:00] [computeCursor] IN: screenSize=(1920,1080) → OUT: cursor=(767,120) (1ms)
[CURSOR-ABS] handSide=unknown hand=(0.743,0.403) filter=(0.509,0.197) target=(762,123) cursor=(767,121)
[2026-06-07 14:14:00] [computeCursor] IN: screenSize=(1920,1080) → OUT: cursor=(762,123) (0ms)
[CURSOR-ABS] handSide=unknown hand=(0.769,0.390) filter=(0.511,0.198) target=(756,126) cursor=(762,123)
[2026-06-07 14:14:00] [computeCursor] IN: screenSize=(1920,1080) → OUT: cursor=(755,125) (0ms)
[CURSOR-ABS] handSide=unknown hand=(0.794,0.384) filter=(0.512,0.199) target=(749,128) cursor=(756,126)
[2026-06-07 14:14:00] [computeCursor] IN: screenSize=(1920,1080) → OUT: cursor=(749,127) (0ms)
[CURSOR-ABS] handSide=unknown hand=(0.805,0.373) filter=(0.514,0.199) target=(742,130) cursor=(749,128)
[2026-06-07 14:14:00] [computeCursor] IN: screenSize=(1920,1080) → OUT: cursor=(742,129) (0ms)
[CURSOR-ABS] handSide=unknown hand=(0.823,0.361) filter=(0.516,0.200) target=(735,132) cursor=(742,130)
[2026-06-07 14:14:00] [computeCursor] IN: screenSize=(1920,1080) → OUT: cursor=(734,131) (0ms)
[CURSOR-ABS] handSide=unknown hand=(0.834,0.357) filter=(0.518,0.201) target=(727,133) cursor=(735,132)
[2026-06-07 14:14:00] [computeCursor] IN: screenSize=(1920,1080) → OUT: cursor=(727,133) (0ms)
[CURSOR-ABS] handSide=unknown hand=(0.842,0.355) filter=(0.519,0.201) target=(719,135) cursor=(727,133)
[2026-06-07 14:14:00] [computeCursor] IN: screenSize=(1920,1080) → OUT: cursor=(719,134) (0ms)
[CURSOR-ABS] handSide=unknown hand=(0.845,0.347) filter=(0.521,0.202) target=(712,136) cursor=(719,135)
[2026-06-07 14:14:00] [computeCursor] IN: screenSize=(1920,1080) → OUT: cursor=(711,136) (0ms)
[CURSOR-ABS] handSide=unknown hand=(0.844,0.348) filter=(0.523,0.203) target=(704,138) cursor=(712,136)
[2026-06-07 14:14:00] [computeCursor] IN: screenSize=(1920,1080) → OUT: cursor=(703,137) (0ms)
[CURSOR-ABS] handSide=unknown hand=(0.843,0.347) filter=(0.525,0.203) target=(696,139) cursor=(704,138)
[2026-06-07 14:14:00] [computeCursor] IN: screenSize=(1920,1080) → OUT: cursor=(695,138) (0ms)
[CURSOR-ABS] handSide=unknown hand=(0.833,0.349) filter=(0.526,0.204) target=(688,140) cursor=(696,139)
[2026-06-07 14:14:00] [computeCursor] IN: screenSize=(1920,1080) → OUT: cursor=(688,140) (0ms)
[CURSOR-ABS] handSide=unknown hand=(0.828,0.346) filter=(0.528,0.204) target=(681,142) cursor=(688,140)
[2026-06-07 14:14:00] [computeCursor] IN: screenSize=(1920,1080) → OUT: cursor=(680,141) (0ms)
[CURSOR-ABS] handSide=unknown hand=(0.823,0.340) filter=(0.530,0.205) target=(673,143) cursor=(681,142)
[2026-06-07 14:14:00] [computeCursor] IN: screenSize=(1920,1080) → OUT: cursor=(673,142) (0ms)
[CURSOR-ABS] handSide=unknown hand=(0.816,0.343) filter=(0.531,0.205) target=(666,144) cursor=(673,143)
[2026-06-07 14:14:00] [computeCursor] IN: screenSize=(1920,1080) → OUT: cursor=(666,144) (0ms)
[CURSOR-ABS] handSide=unknown hand=(0.808,0.345) filter=(0.533,0.206) target=(660,145) cursor=(666,144)
[2026-06-07 14:14:00] [computeCursor] IN: screenSize=(1920,1080) → OUT: cursor=(659,145) (0ms)
[CURSOR-ABS] handSide=unknown hand=(0.797,0.351) filter=(0.535,0.207) target=(653,147) cursor=(660,145)
[2026-06-07 14:14:00] [computeCursor] IN: screenSize=(1920,1080) → OUT: cursor=(652,146) (1ms)
[CURSOR-ABS] handSide=unknown hand=(0.789,0.354) filter=(0.536,0.207) target=(646,148) cursor=(653,147)
[2026-06-07 14:14:00] [computeCursor] IN: screenSize=(1920,1080) → OUT: cursor=(646,147) (0ms)
[CURSOR-ABS] handSide=unknown hand=(0.785,0.352) filter=(0.537,0.208) target=(640,149) cursor=(647,148)
[2026-06-07 14:14:00] [computeCursor] IN: screenSize=(1920,1080) → OUT: cursor=(640,149) (0ms)
[CURSOR-ABS] handSide=unknown hand=(0.772,0.354) filter=(0.539,0.208) target=(634,151) cursor=(640,149)
[2026-06-07 14:14:00] [computeCursor] IN: screenSize=(1920,1080) → OUT: cursor=(634,150) (0ms)
[CURSOR-ABS] handSide=unknown hand=(0.756,0.354) filter=(0.540,0.209) target=(629,152) cursor=(634,151)
[2026-06-07 14:14:00] [computeCursor] IN: screenSize=(1920,1080) → OUT: cursor=(628,151) (0ms)
[CURSOR-ABS] handSide=unknown hand=(0.743,0.346) filter=(0.541,0.209) target=(624,153) cursor=(629,152)
[2026-06-07 14:14:00] [computeCursor] IN: screenSize=(1920,1080) → OUT: cursor=(623,153) (0ms)
[CURSOR-ABS] handSide=unknown hand=(0.735,0.348) filter=(0.542,0.210) target=(619,154) cursor=(624,153)
[2026-06-07 14:14:00] [computeCursor] IN: screenSize=(1920,1080) → OUT: cursor=(618,154) (0ms)
[CURSOR-ABS] handSide=unknown hand=(0.726,0.335) filter=(0.543,0.210) target=(614,155) cursor=(619,154)
[2026-06-07 14:14:00] [computeCursor] IN: screenSize=(1920,1080) → OUT: cursor=(614,155) (0ms)
[CURSOR-ABS] handSide=unknown hand=(0.713,0.326) filter=(0.544,0.211) target=(610,157) cursor=(614,155)
[2026-06-07 14:14:00] [computeCursor] IN: screenSize=(1920,1080) → OUT: cursor=(609,156) (0ms)
[CURSOR-ABS] handSide=unknown hand=(0.706,0.323) filter=(0.545,0.211) target=(605,158) cursor=(610,157)
[2026-06-07 14:14:00] [computeCursor] IN: screenSize=(1920,1080) → OUT: cursor=(605,157) (0ms)
[CURSOR-ABS] handSide=unknown hand=(0.695,0.324) filter=(0.546,0.212) target=(602,159) cursor=(605,158)
[2026-06-07 14:14:00] [computeCursor] IN: screenSize=(1920,1080) → OUT: cursor=(601,158) (0ms)
[CURSOR-ABS] handSide=unknown hand=(0.684,0.329) filter=(0.547,0.212) target=(598,160) cursor=(602,159)
[2026-06-07 14:14:00] [computeCursor] IN: screenSize=(1920,1080) → OUT: cursor=(597,159) (0ms)
[CURSOR-ABS] handSide=unknown hand=(0.675,0.333) filter=(0.548,0.212) target=(595,161) cursor=(598,160)
[2026-06-07 14:14:00] [computeCursor] IN: screenSize=(1920,1080) → OUT: cursor=(594,160) (0ms)
[CURSOR-ABS] handSide=unknown hand=(0.664,0.346) filter=(0.549,0.213) target=(592,162) cursor=(595,161)
[2026-06-07 14:14:00] [computeCursor] IN: screenSize=(1920,1080) → OUT: cursor=(591,161) (0ms)
[CURSOR-ABS] handSide=unknown hand=(0.657,0.354) filter=(0.549,0.213) target=(589,163) cursor=(592,162)
[2026-06-07 14:14:00] [computeCursor] IN: screenSize=(1920,1080) → OUT: cursor=(589,163) (0ms)
[CURSOR-ABS] handSide=unknown hand=(0.645,0.363) filter=(0.550,0.214) target=(587,165) cursor=(589,163)
[2026-06-07 14:14:00] [computeCursor] IN: screenSize=(1920,1080) → OUT: cursor=(586,164) (0ms)
[CURSOR-ABS] handSide=unknown hand=(0.635,0.364) filter=(0.550,0.215) target=(585,166) cursor=(587,165)
[2026-06-07 14:14:00] [computeCursor] IN: screenSize=(1920,1080) → OUT: cursor=(584,166) (0ms)
[CURSOR-ABS] handSide=unknown hand=(0.624,0.365) filter=(0.551,0.215) target=(583,168) cursor=(585,166)
[2026-06-07 14:14:00] [computeCursor] IN: screenSize=(1920,1080) → OUT: cursor=(583,167) (0ms)
[CURSOR-ABS] handSide=unknown hand=(0.616,0.367) filter=(0.551,0.216) target=(582,169) cursor=(583,168)
[2026-06-07 14:14:00] [computeCursor] IN: screenSize=(1920,1080) → OUT: cursor=(581,169) (0ms)
[CURSOR-ABS] handSide=unknown hand=(0.610,0.368) filter=(0.551,0.216) target=(580,171) cursor=(582,169)
[2026-06-07 14:14:00] [computeCursor] IN: screenSize=(1920,1080) → OUT: cursor=(580,171) (0ms)
[CURSOR-ABS] handSide=unknown hand=(0.605,0.369) filter=(0.552,0.217) target=(579,173) cursor=(580,171)
[2026-06-07 14:14:00] [computeCursor] IN: screenSize=(1920,1080) → OUT: cursor=(579,172) (0ms)
[CURSOR-ABS] handSide=unknown hand=(0.603,0.371) filter=(0.552,0.217) target=(578,174) cursor=(579,173)
[2026-06-07 14:14:00] [computeCursor] IN: screenSize=(1920,1080) → OUT: cursor=(578,174) (0ms)
[CURSOR-ABS] handSide=unknown hand=(0.599,0.372) filter=(0.552,0.218) target=(577,176) cursor=(578,174)
[2026-06-07 14:14:00] [computeCursor] IN: screenSize=(1920,1080) → OUT: cursor=(577,175) (0ms)
[CURSOR-ABS] handSide=unknown hand=(0.596,0.374) filter=(0.553,0.218) target=(576,177) cursor=(577,176)
[2026-06-07 14:14:00] [computeCursor] IN: screenSize=(1920,1080) → OUT: cursor=(576,177) (0ms)
[CURSOR-ABS] handSide=unknown hand=(0.592,0.377) filter=(0.553,0.219) target=(576,179) cursor=(576,177)
[2026-06-07 14:14:00] [computeCursor] IN: screenSize=(1920,1080) → OUT: cursor=(575,178) (0ms)
[CURSOR-ABS] handSide=unknown hand=(0.591,0.378) filter=(0.553,0.220) target=(575,181) cursor=(576,179)
[2026-06-07 14:14:00] [computeCursor] IN: screenSize=(1920,1080) → OUT: cursor=(574,180) (0ms)
[CURSOR-ABS] handSide=unknown hand=(0.590,0.377) filter=(0.553,0.220) target=(574,182) cursor=(575,181)
[2026-06-07 14:14:00] [computeCursor] IN: screenSize=(1920,1080) → OUT: cursor=(574,182) (0ms)
[CURSOR-ABS] handSide=unknown hand=(0.590,0.376) filter=(0.554,0.221) target=(574,184) cursor=(574,182)
[2026-06-07 14:14:00] [computeCursor] IN: screenSize=(1920,1080) → OUT: cursor=(573,183) (0ms)
[CURSOR-ABS] handSide=unknown hand=(0.592,0.376) filter=(0.554,0.221) target=(573,185) cursor=(574,184)
[2026-06-07 14:14:00] [computeCursor] IN: screenSize=(1920,1080) → OUT: cursor=(572,185) (0ms)
[CURSOR-ABS] handSide=unknown hand=(0.599,0.375) filter=(0.554,0.222) target=(572,187) cursor=(573,185)
[2026-06-07 14:14:00] [computeCursor] IN: screenSize=(1920,1080) → OUT: cursor=(571,186) (0ms)
[CURSOR-ABS] handSide=unknown hand=(0.606,0.379) filter=(0.554,0.222) target=(571,188) cursor=(572,187)
[2026-06-07 14:14:00] [computeCursor] IN: screenSize=(1920,1080) → OUT: cursor=(570,188) (0ms)
[CURSOR-ABS] handSide=unknown hand=(0.616,0.382) filter=(0.555,0.223) target=(569,190) cursor=(571,188)
[2026-06-07 14:14:00] [computeCursor] IN: screenSize=(1920,1080) → OUT: cursor=(569,189) (0ms)
[CURSOR-ABS] handSide=unknown hand=(0.624,0.384) filter=(0.555,0.223) target=(568,191) cursor=(570,190)
[2026-06-07 14:14:00] [computeCursor] IN: screenSize=(1920,1080) → OUT: cursor=(567,191) (0ms)
[CURSOR-ABS] handSide=unknown hand=(0.630,0.390) filter=(0.556,0.224) target=(566,193) cursor=(568,191)
[2026-06-07 14:14:00] [computeCursor] IN: screenSize=(1920,1080) → OUT: cursor=(566,192) (0ms)
[CURSOR-ABS] handSide=unknown hand=(0.634,0.398) filter=(0.556,0.224) target=(564,194) cursor=(566,193)
[2026-06-07 14:14:00] [computeCursor] IN: screenSize=(1920,1080) → OUT: cursor=(564,194) (0ms)
[CURSOR-ABS] handSide=unknown hand=(0.636,0.410) filter=(0.557,0.225) target=(563,196) cursor=(564,194)
[2026-06-07 14:14:00] [computeCursor] IN: screenSize=(1920,1080) → OUT: cursor=(562,195) (0ms)
[CURSOR-ABS] handSide=unknown hand=(0.634,0.423) filter=(0.557,0.226) target=(561,198) cursor=(563,196)
[2026-06-07 14:14:00] [computeCursor] IN: screenSize=(1920,1080) → OUT: cursor=(560,197) (0ms)
[CURSOR-ABS] handSide=unknown hand=(0.635,0.430) filter=(0.557,0.226) target=(559,199) cursor=(561,198)
[2026-06-07 14:14:00] [computeCursor] IN: screenSize=(1920,1080) → OUT: cursor=(559,199) (0ms)
[CURSOR-ABS] handSide=unknown hand=(0.633,0.434) filter=(0.558,0.227) target=(557,201) cursor=(559,199)
[2026-06-07 14:14:00] [computeCursor] IN: screenSize=(1920,1080) → OUT: cursor=(557,201) (0ms)
[CURSOR-ABS] handSide=unknown hand=(0.632,0.434) filter=(0.558,0.228) target=(556,203) cursor=(557,201)
[2026-06-07 14:14:00] [computeCursor] IN: screenSize=(1920,1080) → OUT: cursor=(555,203) (0ms)
[CURSOR-ABS] handSide=unknown hand=(0.636,0.431) filter=(0.559,0.228) target=(554,205) cursor=(556,203)
[2026-06-07 14:14:00] [computeCursor] IN: screenSize=(1920,1080) → OUT: cursor=(554,204) (0ms)
[CURSOR-ABS] handSide=unknown hand=(0.641,0.423) filter=(0.559,0.229) target=(552,206) cursor=(554,205)
[2026-06-07 14:14:00] [computeCursor] IN: screenSize=(1920,1080) → OUT: cursor=(552,206) (1ms)
[CURSOR-ABS] handSide=unknown hand=(0.648,0.416) filter=(0.560,0.229) target=(551,208) cursor=(552,206)
[2026-06-07 14:14:00] [computeCursor] IN: screenSize=(1920,1080) → OUT: cursor=(550,207) (0ms)
[CURSOR-ABS] handSide=unknown hand=(0.657,0.408) filter=(0.560,0.230) target=(548,209) cursor=(551,208)
[2026-06-07 14:14:00] [computeCursor] IN: screenSize=(1920,1080) → OUT: cursor=(548,208) (0ms)
[CURSOR-ABS] handSide=unknown hand=(0.665,0.389) filter=(0.561,0.230) target=(546,210) cursor=(548,209)
[2026-06-07 14:14:00] [computeCursor] IN: screenSize=(1920,1080) → OUT: cursor=(546,209) (0ms)
[CURSOR-ABS] handSide=unknown hand=(0.670,0.384) filter=(0.561,0.231) target=(544,211) cursor=(546,210)
[2026-06-07 14:14:00] [computeCursor] IN: screenSize=(1920,1080) → OUT: cursor=(543,210) (0ms)
[CURSOR-ABS] handSide=unknown hand=(0.672,0.382) filter=(0.562,0.231) target=(541,212) cursor=(544,211)
[2026-06-07 14:14:00] [computeCursor] IN: screenSize=(1920,1080) → OUT: cursor=(541,211) (0ms)
[CURSOR-ABS] handSide=unknown hand=(0.675,0.379) filter=(0.563,0.232) target=(538,213) cursor=(541,212)
[2026-06-07 14:14:00] [computeCursor] IN: screenSize=(1920,1080) → OUT: cursor=(538,212) (0ms)
[CURSOR-ABS] handSide=unknown hand=(0.676,0.377) filter=(0.563,0.232) target=(536,214) cursor=(538,213)
[2026-06-07 14:14:00] [computeCursor] IN: screenSize=(1920,1080) → OUT: cursor=(535,213) (0ms)
[CURSOR-ABS] handSide=unknown hand=(0.676,0.383) filter=(0.564,0.232) target=(533,215) cursor=(536,214)
[2026-06-07 14:14:00] [computeCursor] IN: screenSize=(1920,1080) → OUT: cursor=(532,214) (0ms)
[CURSOR-ABS] handSide=unknown hand=(0.672,0.382) filter=(0.564,0.233) target=(530,216) cursor=(533,215)
[2026-06-07 14:14:00] [computeCursor] IN: screenSize=(1920,1080) → OUT: cursor=(530,215) (0ms)
[CURSOR-ABS] handSide=unknown hand=(0.671,0.385) filter=(0.565,0.233) target=(528,217) cursor=(530,216)
[2026-06-07 14:14:00] [computeCursor] IN: screenSize=(1920,1080) → OUT: cursor=(527,216) (0ms)
[CURSOR-ABS] handSide=unknown hand=(0.666,0.392) filter=(0.566,0.234) target=(526,218) cursor=(528,217)
[2026-06-07 14:14:00] [computeCursor] IN: screenSize=(1920,1080) → OUT: cursor=(525,217) (0ms)
[CURSOR-ABS] handSide=unknown hand=(0.662,0.396) filter=(0.566,0.234) target=(523,219) cursor=(526,218)
[2026-06-07 14:14:00] [computeCursor] IN: screenSize=(1920,1080) → OUT: cursor=(523,218) (0ms)
[CURSOR-ABS] handSide=unknown hand=(0.657,0.404) filter=(0.567,0.234) target=(521,220) cursor=(523,219)
[2026-06-07 14:14:00] [computeCursor] IN: screenSize=(1920,1080) → OUT: cursor=(521,219) (0ms)
[CURSOR-ABS] handSide=unknown hand=(0.651,0.408) filter=(0.567,0.235) target=(519,221) cursor=(521,220)
[2026-06-07 14:14:00] [computeCursor] IN: screenSize=(1920,1080) → OUT: cursor=(519,221) (0ms)
[CURSOR-ABS] handSide=unknown hand=(0.647,0.411) filter=(0.567,0.235) target=(518,222) cursor=(519,221)
[2026-06-07 14:14:00] [computeCursor] IN: screenSize=(1920,1080) → OUT: cursor=(517,222) (0ms)
[CURSOR-ABS] handSide=unknown hand=(0.640,0.414) filter=(0.568,0.236) target=(516,224) cursor=(518,222)
[2026-06-07 14:14:00] [computeCursor] IN: screenSize=(1920,1080) → OUT: cursor=(515,223) (0ms)
[CURSOR-ABS] handSide=unknown hand=(0.636,0.416) filter=(0.568,0.236) target=(514,225) cursor=(516,224)
[2026-06-07 14:14:00] [computeCursor] IN: screenSize=(1920,1080) → OUT: cursor=(514,224) (0ms)
[CURSOR-ABS] handSide=unknown hand=(0.630,0.418) filter=(0.569,0.237) target=(513,226) cursor=(514,225)
[2026-06-07 14:14:00] [computeCursor] IN: screenSize=(1920,1080) → OUT: cursor=(512,226) (0ms)
[CURSOR-ABS] handSide=unknown hand=(0.625,0.424) filter=(0.569,0.237) target=(512,227) cursor=(513,226)
[2026-06-07 14:14:00] [computeCursor] IN: screenSize=(1920,1080) → OUT: cursor=(511,227) (0ms)
[CURSOR-ABS] handSide=unknown hand=(0.619,0.429) filter=(0.569,0.238) target=(511,229) cursor=(512,227)
[2026-06-07 14:14:00] [computeCursor] IN: screenSize=(1920,1080) → OUT: cursor=(510,228) (0ms)
[CURSOR-ABS] handSide=unknown hand=(0.615,0.432) filter=(0.570,0.238) target=(510,230) cursor=(511,229)
[2026-06-07 14:14:00] [computeCursor] IN: screenSize=(1920,1080) → OUT: cursor=(509,230) (0ms)
[CURSOR-ABS] handSide=unknown hand=(0.610,0.434) filter=(0.570,0.239) target=(509,231) cursor=(510,230)
[2026-06-07 14:14:00] [computeCursor] IN: screenSize=(1920,1080) → OUT: cursor=(509,231) (0ms)
[CURSOR-ABS] handSide=unknown hand=(0.607,0.437) filter=(0.570,0.239) target=(508,233) cursor=(509,231)
[2026-06-07 14:14:00] [computeCursor] IN: screenSize=(1920,1080) → OUT: cursor=(508,232) (0ms)
[CURSOR-ABS] handSide=unknown hand=(0.605,0.438) filter=(0.570,0.240) target=(508,234) cursor=(508,233)
[2026-06-07 14:14:00] [computeCursor] IN: screenSize=(1920,1080) → OUT: cursor=(507,234) (0ms)
[CURSOR-ABS] handSide=unknown hand=(0.603,0.440) filter=(0.570,0.240) target=(507,235) cursor=(508,234)
[2026-06-07 14:14:00] [computeCursor] IN: screenSize=(1920,1080) → OUT: cursor=(507,235) (0ms)
[CURSOR-ABS] handSide=unknown hand=(0.602,0.440) filter=(0.570,0.241) target=(507,237) cursor=(507,235)
[2026-06-07 14:14:00] [computeCursor] IN: screenSize=(1920,1080) → OUT: cursor=(506,236) (0ms)
[CURSOR-ABS] handSide=unknown hand=(0.599,0.438) filter=(0.571,0.241) target=(506,238) cursor=(507,237)
[2026-06-07 14:14:00] [computeCursor] IN: screenSize=(1920,1080) → OUT: cursor=(506,237) (0ms)
[CURSOR-ABS] handSide=unknown hand=(0.595,0.438) filter=(0.571,0.242) target=(506,239) cursor=(506,238)
[2026-06-07 14:14:00] [computeCursor] IN: screenSize=(1920,1080) → OUT: cursor=(506,239) (0ms)
[CURSOR-ABS] handSide=unknown hand=(0.593,0.441) filter=(0.571,0.242) target=(506,241) cursor=(506,239)
[2026-06-07 14:14:00] [computeCursor] IN: screenSize=(1920,1080) → OUT: cursor=(505,240) (0ms)
[CURSOR-ABS] handSide=unknown hand=(0.591,0.439) filter=(0.571,0.243) target=(506,242) cursor=(506,241)
[2026-06-07 14:14:00] [computeCursor] IN: screenSize=(1920,1080) → OUT: cursor=(505,241) (0ms)
[CURSOR-ABS] handSide=unknown hand=(0.590,0.439) filter=(0.571,0.243) target=(505,243) cursor=(506,242)
[2026-06-07 14:14:00] [computeCursor] IN: screenSize=(1920,1080) → OUT: cursor=(505,243) (0ms)
[CURSOR-ABS] handSide=unknown hand=(0.589,0.438) filter=(0.571,0.244) target=(505,244) cursor=(505,243)
[2026-06-07 14:14:00] [computeCursor] IN: screenSize=(1920,1080) → OUT: cursor=(505,244) (0ms)
[CURSOR-ABS] handSide=unknown hand=(0.588,0.437) filter=(0.571,0.244) target=(505,246) cursor=(505,244)
[2026-06-07 14:14:00] [computeCursor] IN: screenSize=(1920,1080) → OUT: cursor=(505,245) (1ms)
[CURSOR-ABS] handSide=unknown hand=(0.587,0.438) filter=(0.571,0.244) target=(505,247) cursor=(505,246)
[2026-06-07 14:14:00] [computeCursor] IN: screenSize=(1920,1080) → OUT: cursor=(505,246) (0ms)
[CURSOR-ABS] handSide=unknown hand=(0.587,0.439) filter=(0.571,0.245) target=(505,248) cursor=(505,247)
[2026-06-07 14:14:00] [computeCursor] IN: screenSize=(1920,1080) → OUT: cursor=(504,248) (0ms)
[CURSOR-ABS] handSide=unknown hand=(0.586,0.441) filter=(0.572,0.245) target=(505,249) cursor=(505,248)
[2026-06-07 14:14:00] [computeCursor] IN: screenSize=(1920,1080) → OUT: cursor=(504,249) (0ms)
[CURSOR-ABS] handSide=unknown hand=(0.587,0.441) filter=(0.572,0.246) target=(505,250) cursor=(505,249)
[2026-06-07 14:14:00] [computeCursor] IN: screenSize=(1920,1080) → OUT: cursor=(504,250) (0ms)
[CURSOR-ABS] handSide=unknown hand=(0.587,0.440) filter=(0.572,0.246) target=(505,252) cursor=(505,250)
[2026-06-07 14:14:00] [computeCursor] IN: screenSize=(1920,1080) → OUT: cursor=(504,251) (0ms)
[CURSOR-ABS] handSide=unknown hand=(0.590,0.443) filter=(0.572,0.247) target=(504,253) cursor=(505,252)
[2026-06-07 14:14:00] [computeCursor] IN: screenSize=(1920,1080) → OUT: cursor=(504,252) (0ms)
[CURSOR-ABS] handSide=unknown hand=(0.594,0.443) filter=(0.572,0.247) target=(504,254) cursor=(504,253)
[2026-06-07 14:14:00] [computeCursor] IN: screenSize=(1920,1080) → OUT: cursor=(504,253) (0ms)
[CURSOR-ABS] handSide=unknown hand=(0.598,0.441) filter=(0.572,0.247) target=(504,255) cursor=(504,254)
[2026-06-07 14:14:00] [computeCursor] IN: screenSize=(1920,1080) → OUT: cursor=(503,255) (0ms)
[CURSOR-ABS] handSide=unknown hand=(0.603,0.444) filter=(0.572,0.248) target=(503,256) cursor=(504,255)
[2026-06-07 14:14:00] [computeCursor] IN: screenSize=(1920,1080) → OUT: cursor=(503,256) (0ms)
[CURSOR-ABS] handSide=unknown hand=(0.606,0.445) filter=(0.572,0.248) target=(503,257) cursor=(503,256)
[2026-06-07 14:14:00] [computeCursor] IN: screenSize=(1920,1080) → OUT: cursor=(502,257) (0ms)
[CURSOR-ABS] handSide=unknown hand=(0.610,0.443) filter=(0.573,0.249) target=(502,258) cursor=(503,257)
[2026-06-07 14:14:00] [computeCursor] IN: screenSize=(1920,1080) → OUT: cursor=(501,258) (0ms)
[CURSOR-ABS] handSide=unknown hand=(0.614,0.440) filter=(0.573,0.249) target=(501,259) cursor=(502,258)
[2026-06-07 14:14:00] [computeCursor] IN: screenSize=(1920,1080) → OUT: cursor=(501,259) (0ms)
[CURSOR-ABS] handSide=unknown hand=(0.619,0.441) filter=(0.573,0.250) target=(500,260) cursor=(501,259)
[2026-06-07 14:14:00] [computeCursor] IN: screenSize=(1920,1080) → OUT: cursor=(500,260) (0ms)
[CURSOR-ABS] handSide=unknown hand=(0.623,0.440) filter=(0.573,0.250) target=(499,261) cursor=(500,260)
[2026-06-07 14:14:00] [computeCursor] IN: screenSize=(1920,1080) → OUT: cursor=(499,261) (0ms)
[CURSOR-ABS] handSide=unknown hand=(0.625,0.437) filter=(0.574,0.250) target=(498,262) cursor=(499,261)
[2026-06-07 14:14:00] [computeCursor] IN: screenSize=(1920,1080) → OUT: cursor=(497,262) (0ms)
[CURSOR-ABS] handSide=unknown hand=(0.629,0.437) filter=(0.574,0.251) target=(497,263) cursor=(498,262)
[2026-06-07 14:14:00] [computeCursor] IN: screenSize=(1920,1080) → OUT: cursor=(496,263) (1ms)
[CURSOR-ABS] handSide=unknown hand=(0.630,0.436) filter=(0.574,0.251) target=(495,264) cursor=(497,263)
[2026-06-07 14:14:00] [computeCursor] IN: screenSize=(1920,1080) → OUT: cursor=(495,264) (0ms)
[CURSOR-ABS] handSide=unknown hand=(0.630,0.436) filter=(0.575,0.251) target=(494,265) cursor=(495,264)
[2026-06-07 14:14:00] [computeCursor] IN: screenSize=(1920,1080) → OUT: cursor=(494,265) (0ms)
[CURSOR-ABS] handSide=unknown hand=(0.630,0.436) filter=(0.575,0.252) target=(493,266) cursor=(494,265)
[2026-06-07 14:14:00] [computeCursor] IN: screenSize=(1920,1080) → OUT: cursor=(492,265) (0ms)
[CURSOR-ABS] handSide=unknown hand=(0.627,0.438) filter=(0.575,0.252) target=(492,267) cursor=(493,266)
[2026-06-07 14:14:00] [computeCursor] IN: screenSize=(1920,1080) → OUT: cursor=(491,266) (0ms)
[CURSOR-ABS] handSide=unknown hand=(0.627,0.436) filter=(0.576,0.252) target=(491,268) cursor=(492,267)
[2026-06-07 14:14:00] [computeCursor] IN: screenSize=(1920,1080) → OUT: cursor=(490,267) (0ms)
[CURSOR-ABS] handSide=unknown hand=(0.628,0.436) filter=(0.576,0.253) target=(489,269) cursor=(491,268)
[2026-06-07 14:14:00] [computeCursor] IN: screenSize=(1920,1080) → OUT: cursor=(489,268) (0ms)
[CURSOR-ABS] handSide=unknown hand=(0.629,0.434) filter=(0.576,0.253) target=(488,269) cursor=(489,269)
[2026-06-07 14:14:00] [computeCursor] IN: screenSize=(1920,1080) → OUT: cursor=(488,269) (0ms)
[CURSOR-ABS] handSide=unknown hand=(0.631,0.433) filter=(0.577,0.254) target=(487,270) cursor=(488,269)
[2026-06-07 14:14:00] [computeCursor] IN: screenSize=(1920,1080) → OUT: cursor=(486,270) (0ms)
[CURSOR-ABS] handSide=unknown hand=(0.630,0.433) filter=(0.577,0.254) target=(485,271) cursor=(487,270)
[2026-06-07 14:14:00] [computeCursor] IN: screenSize=(1920,1080) → OUT: cursor=(485,271) (0ms)
[CURSOR-ABS] handSide=unknown hand=(0.628,0.436) filter=(0.577,0.254) target=(484,272) cursor=(485,271)
[2026-06-07 14:14:00] [computeCursor] IN: screenSize=(1920,1080) → OUT: cursor=(484,272) (0ms)
[CURSOR-ABS] handSide=unknown hand=(0.628,0.436) filter=(0.577,0.255) target=(483,273) cursor=(484,272)
[2026-06-07 14:14:00] [computeCursor] IN: screenSize=(1920,1080) → OUT: cursor=(483,272) (0ms)
[CURSOR-ABS] handSide=unknown hand=(0.628,0.436) filter=(0.578,0.255) target=(482,274) cursor=(483,273)
[2026-06-07 14:14:00] [computeCursor] IN: screenSize=(1920,1080) → OUT: cursor=(481,273) (0ms)
[CURSOR-ABS] handSide=unknown hand=(0.626,0.439) filter=(0.578,0.256) target=(479,276) cursor=(482,274)
[2026-06-07 14:14:00] [computeCursor] IN: screenSize=(1920,1080) → OUT: cursor=(479,275) (0ms)
[CURSOR-ABS] handSide=unknown hand=(0.625,0.439) filter=(0.579,0.256) target=(478,277) cursor=(479,276)
[2026-06-07 14:14:00] [computeCursor] IN: screenSize=(1920,1080) → OUT: cursor=(477,276) (0ms)
[CURSOR-ABS] handSide=unknown hand=(0.622,0.440) filter=(0.579,0.257) target=(477,278) cursor=(478,277)
[2026-06-07 14:14:00] [computeCursor] IN: screenSize=(1920,1080) → OUT: cursor=(476,277) (0ms)
[CURSOR-ABS] handSide=unknown hand=(0.619,0.440) filter=(0.579,0.257) target=(476,279) cursor=(477,278)
[2026-06-07 14:14:00] [computeCursor] IN: screenSize=(1920,1080) → OUT: cursor=(475,278) (0ms)
[CURSOR-ABS] handSide=unknown hand=(0.616,0.439) filter=(0.579,0.257) target=(475,279) cursor=(476,278)
[2026-06-07 14:14:00] [computeCursor] IN: screenSize=(1920,1080) → OUT: cursor=(474,279) (0ms)
[CURSOR-ABS] handSide=unknown hand=(0.613,0.442) filter=(0.580,0.258) target=(474,280) cursor=(475,279)
[2026-06-07 14:14:00] [computeCursor] IN: screenSize=(1920,1080) → OUT: cursor=(474,280) (0ms)
[CURSOR-ABS] handSide=unknown hand=(0.609,0.442) filter=(0.580,0.258) target=(473,281) cursor=(474,280)
[2026-06-07 14:14:00] [computeCursor] IN: screenSize=(1920,1080) → OUT: cursor=(473,280) (0ms)
[CURSOR-ABS] handSide=unknown hand=(0.605,0.440) filter=(0.580,0.258) target=(473,282) cursor=(473,281)
[2026-06-07 14:14:00] [computeCursor] IN: screenSize=(1920,1080) → OUT: cursor=(472,281) (0ms)
[CURSOR-ABS] handSide=unknown hand=(0.602,0.441) filter=(0.580,0.259) target=(473,283) cursor=(473,282)
[2026-06-07 14:14:00] [computeCursor] IN: screenSize=(1920,1080) → OUT: cursor=(472,282) (0ms)
[CURSOR-ABS] handSide=unknown hand=(0.598,0.440) filter=(0.580,0.259) target=(472,283) cursor=(473,283)
[2026-06-07 14:14:00] [computeCursor] IN: screenSize=(1920,1080) → OUT: cursor=(472,283) (0ms)
[CURSOR-ABS] handSide=unknown hand=(0.597,0.440) filter=(0.580,0.259) target=(472,284) cursor=(472,283)
[2026-06-07 14:14:00] [computeCursor] IN: screenSize=(1920,1080) → OUT: cursor=(471,284) (0ms)
[CURSOR-ABS] handSide=unknown hand=(0.595,0.440) filter=(0.580,0.259) target=(472,285) cursor=(472,284)
[2026-06-07 14:14:00] [computeCursor] IN: screenSize=(1920,1080) → OUT: cursor=(471,284) (0ms)
[CURSOR-ABS] handSide=unknown hand=(0.596,0.444) filter=(0.580,0.260) target=(472,286) cursor=(472,285)
[2026-06-07 14:14:00] [computeCursor] IN: screenSize=(1920,1080) → OUT: cursor=(471,285) (0ms)
[CURSOR-ABS] handSide=unknown hand=(0.595,0.445) filter=(0.581,0.260) target=(471,286) cursor=(472,286)
[2026-06-07 14:14:00] [computeCursor] IN: screenSize=(1920,1080) → OUT: cursor=(471,286) (0ms)
[CURSOR-ABS] handSide=unknown hand=(0.594,0.445) filter=(0.581,0.260) target=(471,287) cursor=(471,286)
[2026-06-07 14:14:00] [computeCursor] IN: screenSize=(1920,1080) → OUT: cursor=(471,287) (0ms)
[CURSOR-ABS] handSide=unknown hand=(0.594,0.445) filter=(0.581,0.261) target=(471,288) cursor=(471,287)
[2026-06-07 14:14:00] [computeCursor] IN: screenSize=(1920,1080) → OUT: cursor=(470,287) (0ms)
[CURSOR-ABS] handSide=unknown hand=(0.594,0.445) filter=(0.581,0.261) target=(471,289) cursor=(471,288)
[2026-06-07 14:14:00] [computeCursor] IN: screenSize=(1920,1080) → OUT: cursor=(470,288) (0ms)
[CURSOR-ABS] handSide=unknown hand=(0.592,0.443) filter=(0.581,0.261) target=(471,289) cursor=(471,289)
[2026-06-07 14:14:00] [computeCursor] IN: screenSize=(1920,1080) → OUT: cursor=(470,289) (0ms)
[CURSOR-ABS] handSide=unknown hand=(0.592,0.441) filter=(0.581,0.261) target=(471,290) cursor=(471,289)
[2026-06-07 14:14:00] [computeCursor] IN: screenSize=(1920,1080) → OUT: cursor=(470,290) (0ms)
[CURSOR-ABS] handSide=unknown hand=(0.592,0.442) filter=(0.581,0.262) target=(470,291) cursor=(471,290)
[2026-06-07 14:14:00] [computeCursor] IN: screenSize=(1920,1080) → OUT: cursor=(470,290) (0ms)
[CURSOR-ABS] handSide=unknown hand=(0.595,0.441) filter=(0.581,0.262) target=(470,292) cursor=(470,291)
[2026-06-07 14:14:00] [computeCursor] IN: screenSize=(1920,1080) → OUT: cursor=(470,291) (0ms)
[CURSOR-ABS] handSide=unknown hand=(0.598,0.443) filter=(0.581,0.262) target=(470,292) cursor=(470,292)
[2026-06-07 14:14:00] [computeCursor] IN: screenSize=(1920,1080) → OUT: cursor=(469,292) (0ms)
[CURSOR-ABS] handSide=unknown hand=(0.604,0.444) filter=(0.581,0.263) target=(469,293) cursor=(470,292)
[2026-06-07 14:14:00] [computeCursor] IN: screenSize=(1920,1080) → OUT: cursor=(469,292) (0ms)
[CURSOR-ABS] handSide=unknown hand=(0.607,0.442) filter=(0.581,0.263) target=(469,293) cursor=(469,293)
[2026-06-07 14:14:00] [computeCursor] IN: screenSize=(1920,1080) → OUT: cursor=(468,293) (0ms)
[CURSOR-ABS] handSide=unknown hand=(0.613,0.444) filter=(0.582,0.263) target=(468,294) cursor=(469,293)
[2026-06-07 14:14:00] [computeCursor] IN: screenSize=(1920,1080) → OUT: cursor=(468,294) (0ms)
[CURSOR-ABS] handSide=unknown hand=(0.615,0.441) filter=(0.582,0.263) target=(468,295) cursor=(468,294)
[2026-06-07 14:14:00] [computeCursor] IN: screenSize=(1920,1080) → OUT: cursor=(467,294) (0ms)
[CURSOR-ABS] handSide=unknown hand=(0.617,0.438) filter=(0.582,0.263) target=(467,295) cursor=(468,295)
[2026-06-07 14:14:00] [computeCursor] IN: screenSize=(1920,1080) → OUT: cursor=(466,295) (0ms)
[CURSOR-ABS] handSide=unknown hand=(0.618,0.439) filter=(0.582,0.264) target=(466,296) cursor=(467,295)
[2026-06-07 14:14:00] [computeCursor] IN: screenSize=(1920,1080) → OUT: cursor=(465,295) (0ms)
[CURSOR-ABS] handSide=unknown hand=(0.619,0.438) filter=(0.582,0.264) target=(465,296) cursor=(466,296)
[2026-06-07 14:14:00] [computeCursor] IN: screenSize=(1920,1080) → OUT: cursor=(465,296) (0ms)
[CURSOR-ABS] handSide=unknown hand=(0.617,0.435) filter=(0.583,0.264) target=(464,297) cursor=(465,296)
[2026-06-07 14:14:00] [computeCursor] IN: screenSize=(1920,1080) → OUT: cursor=(464,296) (0ms)
[CURSOR-ABS] handSide=unknown hand=(0.614,0.437) filter=(0.583,0.264) target=(464,297) cursor=(464,297)
[2026-06-07 14:14:00] [computeCursor] IN: screenSize=(1920,1080) → OUT: cursor=(463,297) (0ms)
[CURSOR-ABS] handSide=unknown hand=(0.611,0.438) filter=(0.583,0.265) target=(463,298) cursor=(464,297)
[2026-06-07 14:14:00] [computeCursor] IN: screenSize=(1920,1080) → OUT: cursor=(462,297) (0ms)
[CURSOR-ABS] handSide=unknown hand=(0.609,0.439) filter=(0.583,0.265) target=(462,298) cursor=(463,298)
[2026-06-07 14:14:00] [computeCursor] IN: screenSize=(1920,1080) → OUT: cursor=(462,298) (0ms)
[CURSOR-ABS] handSide=unknown hand=(0.605,0.437) filter=(0.583,0.265) target=(462,299) cursor=(462,298)
[2026-06-07 14:14:00] [computeCursor] IN: screenSize=(1920,1080) → OUT: cursor=(461,298) (0ms)
[CURSOR-ABS] handSide=unknown hand=(0.603,0.441) filter=(0.583,0.265) target=(461,299) cursor=(462,299)
[2026-06-07 14:14:00] [computeCursor] IN: screenSize=(1920,1080) → OUT: cursor=(461,299) (0ms)
[CURSOR-ABS] handSide=unknown hand=(0.601,0.440) filter=(0.583,0.265) target=(461,300) cursor=(461,299)
[2026-06-07 14:14:00] [computeCursor] IN: screenSize=(1920,1080) → OUT: cursor=(461,299) (0ms)
[CURSOR-ABS] handSide=unknown hand=(0.599,0.441) filter=(0.583,0.266) target=(461,300) cursor=(461,300)
[2026-06-07 14:14:00] [computeCursor] IN: screenSize=(1920,1080) → OUT: cursor=(460,300) (0ms)
[CURSOR-ABS] handSide=unknown hand=(0.599,0.440) filter=(0.584,0.266) target=(461,301) cursor=(461,300)
[2026-06-07 14:14:00] [computeCursor] IN: screenSize=(1920,1080) → OUT: cursor=(460,300) (0ms)
[CURSOR-ABS] handSide=unknown hand=(0.597,0.440) filter=(0.584,0.266) target=(460,301) cursor=(461,301)
[2026-06-07 14:14:00] [computeCursor] IN: screenSize=(1920,1080) → OUT: cursor=(460,301) (0ms)
[CURSOR-ABS] handSide=unknown hand=(0.597,0.441) filter=(0.584,0.266) target=(460,302) cursor=(460,301)
[2026-06-07 14:14:00] [computeCursor] IN: screenSize=(1920,1080) → OUT: cursor=(460,301) (0ms)
[CURSOR-ABS] handSide=unknown hand=(0.597,0.442) filter=(0.584,0.266) target=(460,302) cursor=(460,302)
[2026-06-07 14:14:00] [computeCursor] IN: screenSize=(1920,1080) → OUT: cursor=(459,302) (0ms)
[CURSOR-ABS] handSide=unknown hand=(0.598,0.444) filter=(0.584,0.267) target=(460,303) cursor=(460,302)
[2026-06-07 14:14:00] [computeCursor] IN: screenSize=(1920,1080) → OUT: cursor=(459,302) (0ms)
[CURSOR-ABS] handSide=unknown hand=(0.602,0.442) filter=(0.584,0.267) target=(459,303) cursor=(460,303)
[2026-06-07 14:14:00] [computeCursor] IN: screenSize=(1920,1080) → OUT: cursor=(459,303) (0ms)
[CURSOR-ABS] handSide=unknown hand=(0.606,0.443) filter=(0.584,0.267) target=(459,304) cursor=(459,303)
[2026-06-07 14:14:00] [computeCursor] IN: screenSize=(1920,1080) → OUT: cursor=(458,303) (0ms)
[CURSOR-ABS] handSide=unknown hand=(0.610,0.440) filter=(0.584,0.267) target=(458,304) cursor=(459,304)
[2026-06-07 14:14:00] [computeCursor] IN: screenSize=(1920,1080) → OUT: cursor=(458,304) (0ms)
[CURSOR-ABS] handSide=unknown hand=(0.613,0.436) filter=(0.584,0.267) target=(457,305) cursor=(458,304)
[2026-06-07 14:14:00] [computeCursor] IN: screenSize=(1920,1080) → OUT: cursor=(457,304) (0ms)
[CURSOR-ABS] handSide=unknown hand=(0.616,0.433) filter=(0.585,0.268) target=(457,305) cursor=(457,305)
[2026-06-07 14:14:00] [computeCursor] IN: screenSize=(1920,1080) → OUT: cursor=(456,305) (0ms)
[CURSOR-ABS] handSide=unknown hand=(0.617,0.429) filter=(0.585,0.268) target=(456,305) cursor=(457,305)
[2026-06-07 14:14:00] [computeCursor] IN: screenSize=(1920,1080) → OUT: cursor=(455,305) (0ms)
[CURSOR-ABS] handSide=unknown hand=(0.618,0.428) filter=(0.585,0.268) target=(455,306) cursor=(456,305)
[2026-06-07 14:14:00] [computeCursor] IN: screenSize=(1920,1080) → OUT: cursor=(455,305) (0ms)
[CURSOR-ABS] handSide=unknown hand=(0.616,0.426) filter=(0.585,0.268) target=(454,306) cursor=(455,306)
[2026-06-07 14:14:00] [computeCursor] IN: screenSize=(1920,1080) → OUT: cursor=(454,306) (0ms)
[CURSOR-ABS] handSide=unknown hand=(0.612,0.425) filter=(0.585,0.268) target=(454,307) cursor=(454,306)
[2026-06-07 14:14:00] [computeCursor] IN: screenSize=(1920,1080) → OUT: cursor=(453,306) (0ms)
[CURSOR-ABS] handSide=unknown hand=(0.607,0.423) filter=(0.585,0.268) target=(453,307) cursor=(454,307)
[2026-06-07 14:14:00] [computeCursor] IN: screenSize=(1920,1080) → OUT: cursor=(453,306) (0ms)
[CURSOR-ABS] handSide=unknown hand=(0.604,0.425) filter=(0.585,0.269) target=(453,307) cursor=(453,307)
[2026-06-07 14:14:00] [computeCursor] IN: screenSize=(1920,1080) → OUT: cursor=(452,307) (0ms)
[CURSOR-ABS] handSide=unknown hand=(0.601,0.421) filter=(0.586,0.269) target=(452,308) cursor=(453,307)
[2026-06-07 14:14:00] [computeCursor] IN: screenSize=(1920,1080) → OUT: cursor=(452,307) (0ms)
[CURSOR-ABS] handSide=unknown hand=(0.597,0.423) filter=(0.586,0.269) target=(452,308) cursor=(452,308)
[2026-06-07 14:14:00] [computeCursor] IN: screenSize=(1920,1080) → OUT: cursor=(452,307) (0ms)
[CURSOR-ABS] handSide=unknown hand=(0.596,0.424) filter=(0.586,0.269) target=(452,308) cursor=(452,308)
[2026-06-07 14:14:00] [computeCursor] IN: screenSize=(1920,1080) → OUT: cursor=(452,308) (0ms)
[CURSOR-ABS] handSide=unknown hand=(0.595,0.428) filter=(0.586,0.269) target=(452,309) cursor=(452,308)
[2026-06-07 14:14:00] [computeCursor] IN: screenSize=(1920,1080) → OUT: cursor=(451,308) (0ms)
[CURSOR-ABS] handSide=unknown hand=(0.597,0.428) filter=(0.586,0.269) target=(452,309) cursor=(452,309)
[2026-06-07 14:14:00] [computeCursor] IN: screenSize=(1920,1080) → OUT: cursor=(451,308) (0ms)
[CURSOR-ABS] handSide=unknown hand=(0.599,0.429) filter=(0.586,0.269) target=(451,309) cursor=(452,309)
[2026-06-07 14:14:00] [computeCursor] IN: screenSize=(1920,1080) → OUT: cursor=(451,309) (0ms)
[CURSOR-ABS] handSide=unknown hand=(0.604,0.433) filter=(0.586,0.269) target=(451,310) cursor=(451,309)
[2026-06-07 14:14:00] [computeCursor] IN: screenSize=(1920,1080) → OUT: cursor=(450,309) (0ms)
[CURSOR-ABS] handSide=unknown hand=(0.608,0.434) filter=(0.586,0.270) target=(450,310) cursor=(451,310)
[2026-06-07 14:14:00] [computeCursor] IN: screenSize=(1920,1080) → OUT: cursor=(450,309) (0ms)
[CURSOR-ABS] handSide=unknown hand=(0.612,0.435) filter=(0.586,0.270) target=(450,310) cursor=(450,310)
[2026-06-07 14:14:00] [computeCursor] IN: screenSize=(1920,1080) → OUT: cursor=(449,310) (0ms)
[CURSOR-ABS] handSide=unknown hand=(0.618,0.433) filter=(0.586,0.270) target=(449,311) cursor=(450,310)
[2026-06-07 14:14:00] [computeCursor] IN: screenSize=(1920,1080) → OUT: cursor=(449,310) (0ms)
[CURSOR-ABS] handSide=unknown hand=(0.623,0.431) filter=(0.587,0.270) target=(448,311) cursor=(449,311)
[2026-06-07 14:14:00] [computeCursor] IN: screenSize=(1920,1080) → OUT: cursor=(448,310) (0ms)
[CURSOR-ABS] handSide=unknown hand=(0.627,0.427) filter=(0.587,0.270) target=(447,311) cursor=(448,311)
[2026-06-07 14:14:00] [computeCursor] IN: screenSize=(1920,1080) → OUT: cursor=(447,311) (0ms)
[CURSOR-ABS] handSide=unknown hand=(0.633,0.418) filter=(0.587,0.270) target=(446,311) cursor=(447,311)
[2026-06-07 14:14:00] [computeCursor] IN: screenSize=(1920,1080) → OUT: cursor=(445,311) (0ms)
[CURSOR-ABS] handSide=unknown hand=(0.635,0.414) filter=(0.587,0.270) target=(445,311) cursor=(446,311)
[2026-06-07 14:14:00] [computeCursor] IN: screenSize=(1920,1080) → OUT: cursor=(444,311) (0ms)
[CURSOR-ABS] handSide=unknown hand=(0.634,0.407) filter=(0.588,0.270) target=(444,312) cursor=(445,311)
[2026-06-07 14:14:00] [computeCursor] IN: screenSize=(1920,1080) → OUT: cursor=(443,311) (0ms)
[CURSOR-ABS] handSide=unknown hand=(0.633,0.405) filter=(0.588,0.271) target=(443,312) cursor=(444,312)
[2026-06-07 14:14:00] [computeCursor] IN: screenSize=(1920,1080) → OUT: cursor=(442,311) (0ms)
[CURSOR-ABS] handSide=unknown hand=(0.630,0.400) filter=(0.588,0.271) target=(442,312) cursor=(443,312)
[2026-06-07 14:14:00] [computeCursor] IN: screenSize=(1920,1080) → OUT: cursor=(441,311) (1ms)
[CURSOR-ABS] handSide=unknown hand=(0.629,0.397) filter=(0.588,0.271) target=(441,312) cursor=(442,312)
[2026-06-07 14:14:00] [computeCursor] IN: screenSize=(1920,1080) → OUT: cursor=(440,311) (0ms)
[CURSOR-ABS] handSide=unknown hand=(0.624,0.394) filter=(0.588,0.271) target=(440,312) cursor=(441,312)
[2026-06-07 14:14:00] [computeCursor] IN: screenSize=(1920,1080) → OUT: cursor=(439,312) (0ms)
[CURSOR-ABS] handSide=unknown hand=(0.619,0.392) filter=(0.589,0.271) target=(439,312) cursor=(440,312)
[2026-06-07 14:14:00] [computeCursor] IN: screenSize=(1920,1080) → OUT: cursor=(438,312) (0ms)
[CURSOR-ABS] handSide=unknown hand=(0.614,0.389) filter=(0.589,0.271) target=(438,312) cursor=(439,312)
[2026-06-07 14:14:00] [computeCursor] IN: screenSize=(1920,1080) → OUT: cursor=(438,312) (0ms)
[CURSOR-ABS] handSide=unknown hand=(0.608,0.390) filter=(0.589,0.271) target=(438,313) cursor=(438,312)
[2026-06-07 14:14:00] [computeCursor] IN: screenSize=(1920,1080) → OUT: cursor=(437,312) (0ms)
[CURSOR-ABS] handSide=unknown hand=(0.603,0.392) filter=(0.589,0.271) target=(437,313) cursor=(438,313)
[2026-06-07 14:14:00] [computeCursor] IN: screenSize=(1920,1080) → OUT: cursor=(437,312) (0ms)
[CURSOR-ABS] handSide=unknown hand=(0.597,0.395) filter=(0.589,0.271) target=(437,313) cursor=(437,313)
[2026-06-07 14:14:00] [computeCursor] IN: screenSize=(1920,1080) → OUT: cursor=(436,313) (0ms)
[CURSOR-ABS] handSide=unknown hand=(0.593,0.400) filter=(0.589,0.271) target=(437,313) cursor=(437,313)
[2026-06-07 14:14:00] [computeCursor] IN: screenSize=(1920,1080) → OUT: cursor=(436,313) (0ms)
[CURSOR-ABS] handSide=unknown hand=(0.587,0.405) filter=(0.589,0.271) target=(437,313) cursor=(437,313)
[2026-06-07 14:14:00] [computeCursor] IN: screenSize=(1920,1080) → OUT: cursor=(437,313) (0ms)
[CURSOR-ABS] handSide=unknown hand=(0.582,0.415) filter=(0.589,0.271) target=(437,314) cursor=(437,313)
[2026-06-07 14:14:00] [computeCursor] IN: screenSize=(1920,1080) → OUT: cursor=(437,313) (0ms)
[CURSOR-ABS] handSide=unknown hand=(0.578,0.424) filter=(0.589,0.272) target=(438,314) cursor=(437,314)
[2026-06-07 14:14:00] [computeCursor] IN: screenSize=(1920,1080) → OUT: cursor=(437,313) (0ms)
[CURSOR-ABS] handSide=unknown hand=(0.576,0.432) filter=(0.589,0.272) target=(438,314) cursor=(438,314)
[2026-06-07 14:14:00] [computeCursor] IN: screenSize=(1920,1080) → OUT: cursor=(438,314) (0ms)
[CURSOR-ABS] handSide=unknown hand=(0.574,0.438) filter=(0.589,0.272) target=(438,314) cursor=(438,314)
[2026-06-07 14:14:00] [computeCursor] IN: screenSize=(1920,1080) → OUT: cursor=(438,314) (0ms)
[CURSOR-ABS] handSide=unknown hand=(0.575,0.447) filter=(0.589,0.272) target=(439,315) cursor=(438,314)
[2026-06-07 14:14:00] [computeCursor] IN: screenSize=(1920,1080) → OUT: cursor=(438,314) (0ms)
[CURSOR-ABS] handSide=unknown hand=(0.575,0.453) filter=(0.589,0.272) target=(439,315) cursor=(439,315)
[2026-06-07 14:14:00] [computeCursor] IN: screenSize=(1920,1080) → OUT: cursor=(439,314) (0ms)
[CURSOR-ABS] handSide=unknown hand=(0.579,0.456) filter=(0.589,0.272) target=(440,315) cursor=(439,315)
[2026-06-07 14:14:00] [computeCursor] IN: screenSize=(1920,1080) → OUT: cursor=(439,315) (1ms)
[CURSOR-ABS] handSide=unknown hand=(0.583,0.459) filter=(0.589,0.272) target=(440,316) cursor=(440,315)
[2026-06-07 14:14:00] [computeCursor] IN: screenSize=(1920,1080) → OUT: cursor=(439,315) (0ms)
[CURSOR-ABS] handSide=unknown hand=(0.588,0.460) filter=(0.589,0.272) target=(440,316) cursor=(440,316)
[2026-06-07 14:14:00] [computeCursor] IN: screenSize=(1920,1080) → OUT: cursor=(439,315) (0ms)
[CURSOR-ABS] handSide=unknown hand=(0.594,0.462) filter=(0.589,0.272) target=(440,316) cursor=(440,316)
[2026-06-07 14:14:00] [computeCursor] IN: screenSize=(1920,1080) → OUT: cursor=(439,315) (0ms)
[CURSOR-ABS] handSide=unknown hand=(0.599,0.461) filter=(0.589,0.272) target=(440,316) cursor=(440,316)
[2026-06-07 14:14:00] [computeCursor] IN: screenSize=(1920,1080) → OUT: cursor=(439,316) (0ms)
[CURSOR-ABS] handSide=unknown hand=(0.604,0.459) filter=(0.589,0.272) target=(439,316) cursor=(440,316)
[2026-06-07 14:14:00] [computeCursor] IN: screenSize=(1920,1080) → OUT: cursor=(439,316) (0ms)
[CURSOR-ABS] handSide=unknown hand=(0.609,0.455) filter=(0.589,0.272) target=(439,316) cursor=(439,316)
[2026-06-07 14:14:00] [computeCursor] IN: screenSize=(1920,1080) → OUT: cursor=(438,316) (0ms)
[CURSOR-ABS] handSide=unknown hand=(0.614,0.449) filter=(0.589,0.273) target=(438,317) cursor=(439,316)
[2026-06-07 14:14:00] [computeCursor] IN: screenSize=(1920,1080) → OUT: cursor=(438,316) (0ms)
[CURSOR-ABS] handSide=unknown hand=(0.619,0.437) filter=(0.589,0.273) target=(437,317) cursor=(438,317)
[2026-06-07 14:14:00] [computeCursor] IN: screenSize=(1920,1080) → OUT: cursor=(437,316) (0ms)
[CURSOR-ABS] handSide=unknown hand=(0.620,0.429) filter=(0.589,0.273) target=(437,317) cursor=(437,317)
[2026-06-07 14:14:00] [computeCursor] IN: screenSize=(1920,1080) → OUT: cursor=(436,316) (0ms)
[CURSOR-ABS] handSide=unknown hand=(0.622,0.415) filter=(0.589,0.273) target=(436,317) cursor=(437,317)
[2026-06-07 14:14:00] [computeCursor] IN: screenSize=(1920,1080) → OUT: cursor=(435,316) (0ms)
[CURSOR-ABS] handSide=unknown hand=(0.619,0.401) filter=(0.590,0.273) target=(435,317) cursor=(436,317)
[2026-06-07 14:14:00] [computeCursor] IN: screenSize=(1920,1080) → OUT: cursor=(434,316) (0ms)
[CURSOR-ABS] handSide=unknown hand=(0.617,0.389) filter=(0.590,0.273) target=(434,317) cursor=(435,317)
[2026-06-07 14:14:00] [computeCursor] IN: screenSize=(1920,1080) → OUT: cursor=(434,316) (0ms)
[CURSOR-ABS] handSide=unknown hand=(0.613,0.379) filter=(0.590,0.273) target=(434,317) cursor=(434,317)
[2026-06-07 14:14:00] [computeCursor] IN: screenSize=(1920,1080) → OUT: cursor=(433,316) (0ms)
[CURSOR-ABS] handSide=unknown hand=(0.606,0.372) filter=(0.590,0.273) target=(433,317) cursor=(434,317)
[2026-06-07 14:14:00] [computeCursor] IN: screenSize=(1920,1080) → OUT: cursor=(433,316) (0ms)
[CURSOR-ABS] handSide=unknown hand=(0.600,0.367) filter=(0.590,0.273) target=(433,317) cursor=(433,317)
[2026-06-07 14:14:00] [computeCursor] IN: screenSize=(1920,1080) → OUT: cursor=(433,316) (0ms)
[CURSOR-ABS] handSide=unknown hand=(0.593,0.366) filter=(0.590,0.273) target=(433,317) cursor=(433,317)
[2026-06-07 14:14:00] [computeCursor] IN: screenSize=(1920,1080) → OUT: cursor=(432,317) (0ms)
[CURSOR-ABS] handSide=unknown hand=(0.586,0.367) filter=(0.590,0.273) target=(433,317) cursor=(433,317)
[2026-06-07 14:14:00] [computeCursor] IN: screenSize=(1920,1080) → OUT: cursor=(433,317) (0ms)
[CURSOR-ABS] handSide=unknown hand=(0.578,0.369) filter=(0.590,0.273) target=(433,317) cursor=(433,317)
[2026-06-07 14:14:00] [computeCursor] IN: screenSize=(1920,1080) → OUT: cursor=(433,317) (0ms)
[CURSOR-ABS] handSide=unknown hand=(0.570,0.374) filter=(0.590,0.273) target=(434,317) cursor=(433,317)
[2026-06-07 14:14:00] [computeCursor] IN: screenSize=(1920,1080) → OUT: cursor=(433,317) (0ms)
[CURSOR-ABS] handSide=unknown hand=(0.562,0.383) filter=(0.590,0.273) target=(435,317) cursor=(434,317)
[2026-06-07 14:14:00] [computeCursor] IN: screenSize=(1920,1080) → OUT: cursor=(434,317) (0ms)
[CURSOR-ABS] handSide=unknown hand=(0.554,0.386) filter=(0.589,0.273) target=(436,318) cursor=(435,317)
[2026-06-07 14:14:00] [computeCursor] IN: screenSize=(1920,1080) → OUT: cursor=(435,317) (0ms)
[CURSOR-ABS] handSide=unknown hand=(0.548,0.393) filter=(0.589,0.273) target=(437,318) cursor=(436,318)
[2026-06-07 14:14:00] [computeCursor] IN: screenSize=(1920,1080) → OUT: cursor=(436,317) (0ms)
[CURSOR-ABS] handSide=unknown hand=(0.542,0.402) filter=(0.589,0.273) target=(438,318) cursor=(437,318)
[2026-06-07 14:14:00] [computeCursor] IN: screenSize=(1920,1080) → OUT: cursor=(437,317) (0ms)
[CURSOR-ABS] handSide=unknown hand=(0.537,0.411) filter=(0.589,0.273) target=(439,318) cursor=(438,318)
[2026-06-07 14:14:00] [computeCursor] IN: screenSize=(1920,1080) → OUT: cursor=(439,318) (0ms)
[CURSOR-ABS] handSide=unknown hand=(0.532,0.418) filter=(0.588,0.273) target=(441,318) cursor=(439,318)
[2026-06-07 14:14:00] [computeCursor] IN: screenSize=(1920,1080) → OUT: cursor=(440,318) (0ms)
[CURSOR-ABS] handSide=unknown hand=(0.528,0.422) filter=(0.588,0.273) target=(442,318) cursor=(441,318)
[2026-06-07 14:14:00] [computeCursor] IN: screenSize=(1920,1080) → OUT: cursor=(442,318) (1ms)
[CURSOR-ABS] handSide=unknown hand=(0.526,0.427) filter=(0.588,0.273) target=(444,319) cursor=(442,318)
[2026-06-07 14:14:00] [computeCursor] IN: screenSize=(1920,1080) → OUT: cursor=(443,318) (0ms)
[CURSOR-ABS] handSide=unknown hand=(0.525,0.433) filter=(0.588,0.273) target=(446,319) cursor=(444,319)
[2026-06-07 14:14:00] [computeCursor] IN: screenSize=(1920,1080) → OUT: cursor=(445,318) (0ms)
[CURSOR-ABS] handSide=unknown hand=(0.525,0.436) filter=(0.587,0.273) target=(447,319) cursor=(446,319)
[2026-06-07 14:14:00] [computeCursor] IN: screenSize=(1920,1080) → OUT: cursor=(447,319) (0ms)
[CURSOR-ABS] handSide=unknown hand=(0.526,0.441) filter=(0.587,0.273) target=(449,319) cursor=(447,319)
[2026-06-07 14:14:00] [computeCursor] IN: screenSize=(1920,1080) → OUT: cursor=(448,319) (0ms)
[CURSOR-ABS] handSide=unknown hand=(0.527,0.444) filter=(0.587,0.273) target=(450,320) cursor=(449,319)
[2026-06-07 14:14:00] [computeCursor] IN: screenSize=(1920,1080) → OUT: cursor=(450,319) (0ms)
[CURSOR-ABS] handSide=unknown hand=(0.525,0.445) filter=(0.586,0.273) target=(452,320) cursor=(450,320)
[2026-06-07 14:14:00] [computeCursor] IN: screenSize=(1920,1080) → OUT: cursor=(451,319) (0ms)
[CURSOR-ABS] handSide=unknown hand=(0.521,0.444) filter=(0.586,0.273) target=(454,320) cursor=(452,320)
[2026-06-07 14:14:00] [computeCursor] IN: screenSize=(1920,1080) → OUT: cursor=(453,320) (0ms)
[CURSOR-ABS] handSide=unknown hand=(0.516,0.444) filter=(0.586,0.274) target=(455,320) cursor=(454,320)
[2026-06-07 14:14:00] [computeCursor] IN: screenSize=(1920,1080) → OUT: cursor=(455,320) (0ms)
[CURSOR-ABS] handSide=unknown hand=(0.509,0.442) filter=(0.585,0.274) target=(457,321) cursor=(455,320)
[2026-06-07 14:14:00] [computeCursor] IN: screenSize=(1920,1080) → OUT: cursor=(457,320) (0ms)
[CURSOR-ABS] handSide=unknown hand=(0.500,0.440) filter=(0.585,0.274) target=(459,321) cursor=(457,321)
[2026-06-07 14:14:00] [computeCursor] IN: screenSize=(1920,1080) → OUT: cursor=(459,321) (0ms)
[CURSOR-ABS] handSide=unknown hand=(0.490,0.436) filter=(0.584,0.274) target=(462,321) cursor=(459,321)
[2026-06-07 14:14:00] [computeCursor] IN: screenSize=(1920,1080) → OUT: cursor=(461,321) (0ms)
[CURSOR-ABS] handSide=unknown hand=(0.480,0.436) filter=(0.584,0.274) target=(464,322) cursor=(462,321)
[2026-06-07 14:14:00] [computeCursor] IN: screenSize=(1920,1080) → OUT: cursor=(464,321) (0ms)
[CURSOR-ABS] handSide=unknown hand=(0.471,0.432) filter=(0.583,0.274) target=(467,322) cursor=(464,322)
[2026-06-07 14:14:00] [computeCursor] IN: screenSize=(1920,1080) → OUT: cursor=(467,322) (0ms)
[CURSOR-ABS] handSide=unknown hand=(0.459,0.431) filter=(0.583,0.274) target=(470,323) cursor=(467,322)
[2026-06-07 14:14:00] [computeCursor] IN: screenSize=(1920,1080) → OUT: cursor=(470,322) (0ms)
[CURSOR-ABS] handSide=unknown hand=(0.447,0.425) filter=(0.582,0.274) target=(474,323) cursor=(470,323)
[2026-06-07 14:14:00] [computeCursor] IN: screenSize=(1920,1080) → OUT: cursor=(473,322) (0ms)
[CURSOR-ABS] handSide=unknown hand=(0.436,0.425) filter=(0.581,0.274) target=(477,323) cursor=(474,323)
[2026-06-07 14:14:00] [computeCursor] IN: screenSize=(1920,1080) → OUT: cursor=(477,323) (0ms)
[CURSOR-ABS] handSide=unknown hand=(0.422,0.420) filter=(0.581,0.274) target=(481,324) cursor=(477,323)
[2026-06-07 14:14:00] [computeCursor] IN: screenSize=(1920,1080) → OUT: cursor=(480,323) (0ms)
[CURSOR-ABS] handSide=unknown hand=(0.409,0.423) filter=(0.580,0.274) target=(485,324) cursor=(481,324)
[2026-06-07 14:14:00] [computeCursor] IN: screenSize=(1920,1080) → OUT: cursor=(485,324) (0ms)
[CURSOR-ABS] handSide=unknown hand=(0.396,0.421) filter=(0.579,0.274) target=(490,325) cursor=(485,324)
[2026-06-07 14:14:00] [computeCursor] IN: screenSize=(1920,1080) → OUT: cursor=(489,324) (0ms)
[CURSOR-ABS] handSide=unknown hand=(0.383,0.417) filter=(0.578,0.274) target=(494,325) cursor=(490,325)
[2026-06-07 14:14:00] [computeCursor] IN: screenSize=(1920,1080) → OUT: cursor=(494,325) (0ms)
[CURSOR-ABS] handSide=unknown hand=(0.369,0.416) filter=(0.577,0.274) target=(499,326) cursor=(494,325)
[2026-06-07 14:14:00] [computeCursor] IN: screenSize=(1920,1080) → OUT: cursor=(499,325) (0ms)
[CURSOR-ABS] handSide=unknown hand=(0.358,0.411) filter=(0.576,0.274) target=(504,327) cursor=(499,326)
[2026-06-07 14:14:00] [computeCursor] IN: screenSize=(1920,1080) → OUT: cursor=(504,326) (0ms)
[CURSOR-ABS] handSide=unknown hand=(0.347,0.403) filter=(0.575,0.275) target=(510,327) cursor=(504,327)
[2026-06-07 14:14:00] [computeCursor] IN: screenSize=(1920,1080) → OUT: cursor=(509,327) (0ms)
[CURSOR-ABS] handSide=unknown hand=(0.337,0.397) filter=(0.574,0.275) target=(515,328) cursor=(510,327)
[2026-06-07 14:14:00] [computeCursor] IN: screenSize=(1920,1080) → OUT: cursor=(515,327) (0ms)
[CURSOR-ABS] handSide=unknown hand=(0.324,0.392) filter=(0.572,0.275) target=(521,328) cursor=(515,328)
[2026-06-07 14:14:00] [computeCursor] IN: screenSize=(1920,1080) → OUT: cursor=(520,328) (1ms)
[CURSOR-ABS] handSide=unknown hand=(0.314,0.385) filter=(0.571,0.275) target=(527,329) cursor=(521,328)
[2026-06-07 14:14:00] [computeCursor] IN: screenSize=(1920,1080) → OUT: cursor=(526,328) (0ms)
[CURSOR-ABS] handSide=unknown hand=(0.302,0.382) filter=(0.570,0.275) target=(533,329) cursor=(527,329)
[2026-06-07 14:14:00] [computeCursor] IN: screenSize=(1920,1080) → OUT: cursor=(532,329) (0ms)
[CURSOR-ABS] handSide=unknown hand=(0.291,0.375) filter=(0.569,0.275) target=(539,330) cursor=(533,329)
[2026-06-07 14:14:00] [computeCursor] IN: screenSize=(1920,1080) → OUT: cursor=(538,330) (0ms)
[CURSOR-ABS] handSide=unknown hand=(0.280,0.373) filter=(0.567,0.275) target=(545,331) cursor=(539,330)
[2026-06-07 14:14:00] [computeCursor] IN: screenSize=(1920,1080) → OUT: cursor=(545,330) (0ms)
[CURSOR-ABS] handSide=unknown hand=(0.269,0.369) filter=(0.566,0.275) target=(552,331) cursor=(545,331)
[2026-06-07 14:14:00] [computeCursor] IN: screenSize=(1920,1080) → OUT: cursor=(551,331) (0ms)
[CURSOR-ABS] handSide=unknown hand=(0.259,0.368) filter=(0.564,0.275) target=(558,332) cursor=(552,331)
[2026-06-07 14:14:00] [computeCursor] IN: screenSize=(1920,1080) → OUT: cursor=(558,331) (0ms)
[CURSOR-ABS] handSide=unknown hand=(0.251,0.369) filter=(0.563,0.275) target=(565,332) cursor=(558,332)
[2026-06-07 14:14:00] [computeCursor] IN: screenSize=(1920,1080) → OUT: cursor=(564,332) (0ms)
[CURSOR-ABS] handSide=unknown hand=(0.241,0.369) filter=(0.562,0.275) target=(572,333) cursor=(565,332)
[2026-06-07 14:14:00] [computeCursor] IN: screenSize=(1920,1080) → OUT: cursor=(571,333) (0ms)
[CURSOR-ABS] handSide=unknown hand=(0.229,0.365) filter=(0.560,0.275) target=(578,334) cursor=(572,333)
[2026-06-07 14:14:00] [computeCursor] IN: screenSize=(1920,1080) → OUT: cursor=(578,333) (0ms)
[CURSOR-ABS] handSide=unknown hand=(0.218,0.361) filter=(0.559,0.275) target=(585,334) cursor=(578,334)
[2026-06-07 14:14:00] [computeCursor] IN: screenSize=(1920,1080) → OUT: cursor=(585,334) (0ms)
[CURSOR-ABS] handSide=unknown hand=(0.207,0.359) filter=(0.557,0.275) target=(592,335) cursor=(585,334)
[2026-06-07 14:14:00] [computeCursor] IN: screenSize=(1920,1080) → OUT: cursor=(592,335) (1ms)
[CURSOR-ABS] handSide=unknown hand=(0.195,0.355) filter=(0.555,0.275) target=(600,336) cursor=(592,335)
[2026-06-07 14:14:00] [computeCursor] IN: screenSize=(1920,1080) → OUT: cursor=(599,335) (0ms)
[CURSOR-ABS] handSide=unknown hand=(0.184,0.353) filter=(0.554,0.275) target=(607,336) cursor=(600,336)
[2026-06-07 14:14:00] [computeCursor] IN: screenSize=(1920,1080) → OUT: cursor=(606,336) (0ms)
[CURSOR-ABS] handSide=unknown hand=(0.175,0.350) filter=(0.552,0.275) target=(614,337) cursor=(607,336)
[2026-06-07 14:14:00] [computeCursor] IN: screenSize=(1920,1080) → OUT: cursor=(614,336) (0ms)
[CURSOR-ABS] handSide=unknown hand=(0.165,0.345) filter=(0.551,0.276) target=(622,338) cursor=(614,337)
[2026-06-07 14:14:00] [computeCursor] IN: screenSize=(1920,1080) → OUT: cursor=(621,337) (0ms)
[CURSOR-ABS] handSide=unknown hand=(0.155,0.345) filter=(0.549,0.276) target=(629,338) cursor=(622,338)
[2026-06-07 14:14:00] [computeCursor] IN: screenSize=(1920,1080) → OUT: cursor=(629,338) (0ms)
[CURSOR-ABS] handSide=unknown hand=(0.147,0.336) filter=(0.547,0.276) target=(637,339) cursor=(629,338)
[2026-06-07 14:14:00] [computeCursor] IN: screenSize=(1920,1080) → OUT: cursor=(636,338) (0ms)
[CURSOR-ABS] handSide=unknown hand=(0.141,0.332) filter=(0.545,0.276) target=(644,340) cursor=(637,339)
[2026-06-07 14:14:00] [computeCursor] IN: screenSize=(1920,1080) → OUT: cursor=(644,339) (0ms)
[CURSOR-ABS] handSide=unknown hand=(0.133,0.332) filter=(0.544,0.276) target=(652,340) cursor=(644,340)
[2026-06-07 14:14:00] [computeCursor] IN: screenSize=(1920,1080) → OUT: cursor=(651,340) (0ms)
[CURSOR-ABS] handSide=unknown hand=(0.123,0.332) filter=(0.542,0.276) target=(659,341) cursor=(652,340)
[2026-06-07 14:14:00] [computeCursor] IN: screenSize=(1920,1080) → OUT: cursor=(659,340) (0ms)
[CURSOR-ABS] handSide=unknown hand=(0.115,0.325) filter=(0.540,0.276) target=(667,341) cursor=(659,341)
[2026-06-07 14:14:00] [computeCursor] IN: screenSize=(1920,1080) → OUT: cursor=(666,341) (0ms)
[CURSOR-ABS] handSide=unknown hand=(0.110,0.321) filter=(0.538,0.276) target=(673,341) cursor=(667,341)
[2026-06-07 14:14:00] [computeCursor] IN: screenSize=(1920,1080) → OUT: cursor=(673,341) (0ms)
[CURSOR-ABS] handSide=unknown hand=(0.103,0.318) filter=(0.537,0.276) target=(680,341) cursor=(673,341)
[2026-06-07 14:14:00] [computeCursor] IN: screenSize=(1920,1080) → OUT: cursor=(680,341) (0ms)
[CURSOR-ABS] handSide=unknown hand=(0.101,0.317) filter=(0.535,0.276) target=(687,341) cursor=(680,341)
[2026-06-07 14:14:00] [computeCursor] IN: screenSize=(1920,1080) → OUT: cursor=(686,341) (0ms)
[CURSOR-ABS] handSide=unknown hand=(0.097,0.310) filter=(0.533,0.276) target=(694,341) cursor=(687,341)
[2026-06-07 14:14:00] [computeCursor] IN: screenSize=(1920,1080) → OUT: cursor=(693,341) (0ms)
[CURSOR-ABS] handSide=unknown hand=(0.093,0.313) filter=(0.531,0.276) target=(700,342) cursor=(694,341)
[2026-06-07 14:14:00] [computeCursor] IN: screenSize=(1920,1080) → OUT: cursor=(700,341) (0ms)
[CURSOR-ABS] handSide=unknown hand=(0.090,0.309) filter=(0.530,0.276) target=(707,342) cursor=(700,342)
[2026-06-07 14:14:00] [computeCursor] IN: screenSize=(1920,1080) → OUT: cursor=(706,341) (0ms)
[CURSOR-ABS] handSide=unknown hand=(0.084,0.309) filter=(0.528,0.276) target=(714,342) cursor=(707,342)
[2026-06-07 14:14:00] [computeCursor] IN: screenSize=(1920,1080) → OUT: cursor=(713,341) (0ms)
[CURSOR-ABS] handSide=unknown hand=(0.083,0.305) filter=(0.526,0.276) target=(720,342) cursor=(714,342)
[2026-06-07 14:14:00] [computeCursor] IN: screenSize=(1920,1080) → OUT: cursor=(719,341) (0ms)
[CURSOR-ABS] handSide=unknown hand=(0.078,0.303) filter=(0.525,0.276) target=(727,342) cursor=(720,342)
[2026-06-07 14:14:00] [computeCursor] IN: screenSize=(1920,1080) → OUT: cursor=(726,341) (0ms)
[CURSOR-ABS] handSide=unknown hand=(0.074,0.304) filter=(0.523,0.276) target=(733,342) cursor=(726,342)
[2026-06-07 14:14:00] [computeCursor] IN: screenSize=(1920,1080) → OUT: cursor=(732,341) (0ms)
[CURSOR-ABS] handSide=unknown hand=(0.071,0.297) filter=(0.521,0.276) target=(739,342) cursor=(733,342)
[2026-06-07 14:14:00] [computeCursor] IN: screenSize=(1920,1080) → OUT: cursor=(739,341) (0ms)
[CURSOR-ABS] handSide=unknown hand=(0.073,0.295) filter=(0.520,0.276) target=(746,342) cursor=(739,342)
[2026-06-07 14:14:00] [computeCursor] IN: screenSize=(1920,1080) → OUT: cursor=(745,341) (0ms)
[CURSOR-ABS] handSide=unknown hand=(0.075,0.286) filter=(0.518,0.276) target=(753,342) cursor=(746,342)
[2026-06-07 14:14:00] [computeCursor] IN: screenSize=(1920,1080) → OUT: cursor=(752,341) (0ms)
[CURSOR-ABS] handSide=unknown hand=(0.073,0.287) filter=(0.516,0.276) target=(759,342) cursor=(753,342)
[2026-06-07 14:14:00] [computeCursor] IN: screenSize=(1920,1080) → OUT: cursor=(759,341) (0ms)
[CURSOR-ABS] handSide=unknown hand=(0.072,0.287) filter=(0.514,0.276) target=(765,342) cursor=(759,342)
[2026-06-07 14:14:00] [computeCursor] IN: screenSize=(1920,1080) → OUT: cursor=(765,341) (0ms)
[CURSOR-ABS] handSide=unknown hand=(0.073,0.286) filter=(0.513,0.276) target=(771,342) cursor=(765,342)
[2026-06-07 14:14:00] [computeCursor] IN: screenSize=(1920,1080) → OUT: cursor=(771,341) (0ms)
[CURSOR-ABS] handSide=unknown hand=(0.073,0.287) filter=(0.511,0.276) target=(777,342) cursor=(771,342)
[2026-06-07 14:14:00] [computeCursor] IN: screenSize=(1920,1080) → OUT: cursor=(777,341) (0ms)
[CURSOR-ABS] handSide=unknown hand=(0.071,0.291) filter=(0.510,0.276) target=(783,342) cursor=(777,342)
[2026-06-07 14:14:00] [computeCursor] IN: screenSize=(1920,1080) → OUT: cursor=(783,341) (0ms)
[CURSOR-ABS] handSide=unknown hand=(0.074,0.290) filter=(0.508,0.276) target=(789,342) cursor=(783,342)
[2026-06-07 14:14:00] [computeCursor] IN: screenSize=(1920,1080) → OUT: cursor=(788,341) (0ms)
[CURSOR-ABS] handSide=unknown hand=(0.081,0.292) filter=(0.507,0.276) target=(794,342) cursor=(789,342)
[2026-06-07 14:14:00] [computeCursor] IN: screenSize=(1920,1080) → OUT: cursor=(794,341) (0ms)
[CURSOR-ABS] handSide=unknown hand=(0.089,0.297) filter=(0.505,0.276) target=(800,342) cursor=(794,342)
[2026-06-07 14:14:00] [computeCursor] IN: screenSize=(1920,1080) → OUT: cursor=(799,341) (0ms)
[CURSOR-ABS] handSide=unknown hand=(0.095,0.302) filter=(0.504,0.276) target=(805,342) cursor=(800,342)
[2026-06-07 14:14:00] [computeCursor] IN: screenSize=(1920,1080) → OUT: cursor=(805,342) (0ms)
[CURSOR-ABS] handSide=unknown hand=(0.102,0.309) filter=(0.503,0.276) target=(810,342) cursor=(805,342)
[2026-06-07 14:14:00] [computeCursor] IN: screenSize=(1920,1080) → OUT: cursor=(810,342) (0ms)
[CURSOR-ABS] handSide=unknown hand=(0.108,0.314) filter=(0.502,0.276) target=(815,342) cursor=(810,342)
[2026-06-07 14:14:00] [computeCursor] IN: screenSize=(1920,1080) → OUT: cursor=(815,342) (0ms)
[CURSOR-ABS] handSide=unknown hand=(0.115,0.321) filter=(0.500,0.276) target=(820,342) cursor=(815,342)
[2026-06-07 14:14:00] [computeCursor] IN: screenSize=(1920,1080) → OUT: cursor=(819,342) (0ms)
[CURSOR-ABS] handSide=unknown hand=(0.124,0.323) filter=(0.499,0.276) target=(824,342) cursor=(820,342)
[2026-06-07 14:14:00] [computeCursor] IN: screenSize=(1920,1080) → OUT: cursor=(824,342) (0ms)
[CURSOR-ABS] handSide=unknown hand=(0.134,0.321) filter=(0.498,0.276) target=(829,342) cursor=(824,342)
[2026-06-07 14:14:00] [computeCursor] IN: screenSize=(1920,1080) → OUT: cursor=(828,342) (0ms)
[CURSOR-ABS] handSide=unknown hand=(0.139,0.330) filter=(0.497,0.276) target=(833,342) cursor=(829,342)
[2026-06-07 14:14:00] [computeCursor] IN: screenSize=(1920,1080) → OUT: cursor=(833,342) (0ms)
[CURSOR-ABS] handSide=unknown hand=(0.144,0.332) filter=(0.496,0.276) target=(837,343) cursor=(833,342)
[2026-06-07 14:14:00] [computeCursor] IN: screenSize=(1920,1080) → OUT: cursor=(837,342) (0ms)
[CURSOR-ABS] handSide=unknown hand=(0.151,0.333) filter=(0.495,0.276) target=(841,343) cursor=(837,343)
[2026-06-07 14:14:00] [computeCursor] IN: screenSize=(1920,1080) → OUT: cursor=(841,342) (0ms)
[CURSOR-ABS] handSide=unknown hand=(0.156,0.336) filter=(0.494,0.276) target=(845,343) cursor=(841,343)
[2026-06-07 14:14:00] [computeCursor] IN: screenSize=(1920,1080) → OUT: cursor=(845,342) (0ms)
[CURSOR-ABS] handSide=unknown hand=(0.161,0.333) filter=(0.493,0.276) target=(849,343) cursor=(845,343)
[2026-06-07 14:14:00] [computeCursor] IN: screenSize=(1920,1080) → OUT: cursor=(849,342) (0ms)
[CURSOR-ABS] handSide=unknown hand=(0.167,0.334) filter=(0.492,0.277) target=(853,343) cursor=(849,343)
[2026-06-07 14:14:00] [computeCursor] IN: screenSize=(1920,1080) → OUT: cursor=(852,342) (0ms)
[CURSOR-ABS] handSide=unknown hand=(0.172,0.335) filter=(0.491,0.277) target=(856,343) cursor=(853,343)
[2026-06-07 14:14:00] [computeCursor] IN: screenSize=(1920,1080) → OUT: cursor=(856,342) (0ms)
[CURSOR-ABS] handSide=unknown hand=(0.175,0.333) filter=(0.490,0.277) target=(860,343) cursor=(856,343)
[2026-06-07 14:14:00] [computeCursor] IN: screenSize=(1920,1080) → OUT: cursor=(859,343) (0ms)
[CURSOR-ABS] handSide=unknown hand=(0.178,0.334) filter=(0.489,0.277) target=(864,343) cursor=(860,343)
[2026-06-07 14:14:00] [computeCursor] IN: screenSize=(1920,1080) → OUT: cursor=(863,343) (0ms)
[CURSOR-ABS] handSide=unknown hand=(0.181,0.337) filter=(0.488,0.277) target=(867,343) cursor=(863,343)
[2026-06-07 14:14:00] [computeCursor] IN: screenSize=(1920,1080) → OUT: cursor=(866,343) (0ms)
[CURSOR-ABS] handSide=unknown hand=(0.185,0.337) filter=(0.487,0.277) target=(870,343) cursor=(867,343)
[2026-06-07 14:14:00] [computeCursor] IN: screenSize=(1920,1080) → OUT: cursor=(870,343) (0ms)
[CURSOR-ABS] handSide=unknown hand=(0.190,0.335) filter=(0.486,0.277) target=(873,343) cursor=(870,343)
[2026-06-07 14:14:00] [computeCursor] IN: screenSize=(1920,1080) → OUT: cursor=(873,343) (0ms)
[CURSOR-ABS] handSide=unknown hand=(0.192,0.336) filter=(0.485,0.277) target=(877,344) cursor=(873,343)
[2026-06-07 14:14:00] [computeCursor] IN: screenSize=(1920,1080) → OUT: cursor=(876,343) (0ms)
[CURSOR-ABS] handSide=unknown hand=(0.196,0.334) filter=(0.485,0.277) target=(880,344) cursor=(877,344)
[2026-06-07 14:14:00] [computeCursor] IN: screenSize=(1920,1080) → OUT: cursor=(879,343) (0ms)
[CURSOR-ABS] handSide=unknown hand=(0.201,0.335) filter=(0.484,0.277) target=(883,344) cursor=(880,344)
[2026-06-07 14:14:00] [computeCursor] IN: screenSize=(1920,1080) → OUT: cursor=(882,343) (0ms)
[CURSOR-ABS] handSide=unknown hand=(0.205,0.334) filter=(0.483,0.277) target=(886,344) cursor=(883,344)
[2026-06-07 14:14:00] [computeCursor] IN: screenSize=(1920,1080) → OUT: cursor=(885,343) (0ms)
[CURSOR-ABS] handSide=unknown hand=(0.208,0.334) filter=(0.482,0.277) target=(889,344) cursor=(886,344)
[2026-06-07 14:14:00] [computeCursor] IN: screenSize=(1920,1080) → OUT: cursor=(888,343) (0ms)
[CURSOR-ABS] handSide=unknown hand=(0.209,0.334) filter=(0.482,0.277) target=(892,344) cursor=(889,344)
[2026-06-07 14:14:00] [computeCursor] IN: screenSize=(1920,1080) → OUT: cursor=(891,344) (0ms)
[CURSOR-ABS] handSide=unknown hand=(0.212,0.334) filter=(0.481,0.277) target=(894,344) cursor=(892,344)
[2026-06-07 14:14:00] [computeCursor] IN: screenSize=(1920,1080) → OUT: cursor=(894,344) (0ms)
[CURSOR-ABS] handSide=unknown hand=(0.213,0.335) filter=(0.480,0.277) target=(897,344) cursor=(894,344)
[2026-06-07 14:14:00] [computeCursor] IN: screenSize=(1920,1080) → OUT: cursor=(897,344) (0ms)
[CURSOR-ABS] handSide=unknown hand=(0.219,0.335) filter=(0.479,0.277) target=(900,344) cursor=(897,344)
[2026-06-07 14:14:00] [computeCursor] IN: screenSize=(1920,1080) → OUT: cursor=(899,344) (0ms)
[CURSOR-ABS] handSide=unknown hand=(0.223,0.335) filter=(0.479,0.277) target=(902,345) cursor=(900,344)
[2026-06-07 14:14:00] [computeCursor] IN: screenSize=(1920,1080) → OUT: cursor=(902,344) (0ms)
[CURSOR-ABS] handSide=unknown hand=(0.230,0.335) filter=(0.478,0.277) target=(905,345) cursor=(902,345)
[2026-06-07 14:14:00] [computeCursor] IN: screenSize=(1920,1080) → OUT: cursor=(904,344) (0ms)
[CURSOR-ABS] handSide=unknown hand=(0.238,0.336) filter=(0.478,0.277) target=(907,345) cursor=(905,345)
[2026-06-07 14:14:00] [computeCursor] IN: screenSize=(1920,1080) → OUT: cursor=(906,344) (0ms)
[CURSOR-ABS] handSide=unknown hand=(0.241,0.338) filter=(0.477,0.277) target=(909,345) cursor=(907,345)
[2026-06-07 14:14:00] [computeCursor] IN: screenSize=(1920,1080) → OUT: cursor=(909,344) (0ms)
[CURSOR-ABS] handSide=unknown hand=(0.248,0.334) filter=(0.476,0.277) target=(911,345) cursor=(909,345)
[2026-06-07 14:14:00] [computeCursor] IN: screenSize=(1920,1080) → OUT: cursor=(911,344) (0ms)
[CURSOR-ABS] handSide=unknown hand=(0.255,0.334) filter=(0.476,0.278) target=(913,345) cursor=(911,345)
[2026-06-07 14:14:00] [computeCursor] IN: screenSize=(1920,1080) → OUT: cursor=(913,345) (0ms)
[CURSOR-ABS] handSide=unknown hand=(0.262,0.332) filter=(0.475,0.278) target=(915,345) cursor=(913,345)
[2026-06-07 14:14:00] [computeCursor] IN: screenSize=(1920,1080) → OUT: cursor=(915,345) (0ms)
[CURSOR-ABS] handSide=unknown hand=(0.270,0.332) filter=(0.475,0.278) target=(917,345) cursor=(915,345)
[2026-06-07 14:14:00] [computeCursor] IN: screenSize=(1920,1080) → OUT: cursor=(917,345) (0ms)
[CURSOR-ABS] handSide=unknown hand=(0.277,0.332) filter=(0.474,0.278) target=(919,345) cursor=(917,345)
[2026-06-07 14:14:00] [computeCursor] IN: screenSize=(1920,1080) → OUT: cursor=(918,345) (0ms)
[CURSOR-ABS] handSide=unknown hand=(0.285,0.335) filter=(0.474,0.278) target=(921,345) cursor=(919,345)
[2026-06-07 14:14:00] [computeCursor] IN: screenSize=(1920,1080) → OUT: cursor=(920,345) (0ms)
[CURSOR-ABS] handSide=unknown hand=(0.292,0.336) filter=(0.474,0.278) target=(922,346) cursor=(921,345)
[2026-06-07 14:14:00] [computeCursor] IN: screenSize=(1920,1080) → OUT: cursor=(922,345) (0ms)
[CURSOR-ABS] handSide=unknown hand=(0.299,0.337) filter=(0.473,0.278) target=(924,346) cursor=(922,346)
[2026-06-07 14:14:00] [computeCursor] IN: screenSize=(1920,1080) → OUT: cursor=(923,345) (0ms)
[CURSOR-ABS] handSide=unknown hand=(0.307,0.333) filter=(0.473,0.278) target=(925,346) cursor=(924,346)
[2026-06-07 14:14:00] [computeCursor] IN: screenSize=(1920,1080) → OUT: cursor=(925,345) (0ms)
[CURSOR-ABS] handSide=unknown hand=(0.315,0.334) filter=(0.472,0.278) target=(927,346) cursor=(925,346)
[2026-06-07 14:14:00] [computeCursor] IN: screenSize=(1920,1080) → OUT: cursor=(926,345) (0ms)
[CURSOR-ABS] handSide=unknown hand=(0.325,0.335) filter=(0.472,0.278) target=(928,346) cursor=(927,346)
[2026-06-07 14:14:00] [computeCursor] IN: screenSize=(1920,1080) → OUT: cursor=(927,345) (0ms)
[CURSOR-ABS] handSide=unknown hand=(0.338,0.327) filter=(0.472,0.278) target=(929,346) cursor=(928,346)
[2026-06-07 14:14:00] [computeCursor] IN: screenSize=(1920,1080) → OUT: cursor=(929,346) (0ms)
[CURSOR-ABS] handSide=unknown hand=(0.352,0.326) filter=(0.472,0.278) target=(930,346) cursor=(929,346)
[2026-06-07 14:14:00] [computeCursor] IN: screenSize=(1920,1080) → OUT: cursor=(930,346) (0ms)
[CURSOR-ABS] handSide=unknown hand=(0.369,0.326) filter=(0.471,0.278) target=(931,346) cursor=(930,346)
[2026-06-07 14:14:00] [computeCursor] IN: screenSize=(1920,1080) → OUT: cursor=(931,346) (0ms)
[CURSOR-ABS] handSide=unknown hand=(0.392,0.319) filter=(0.471,0.278) target=(932,346) cursor=(931,346)
[2026-06-07 14:14:00] [computeCursor] IN: screenSize=(1920,1080) → OUT: cursor=(931,346) (0ms)
[CURSOR-ABS] handSide=unknown hand=(0.416,0.310) filter=(0.471,0.278) target=(932,346) cursor=(932,346)
[2026-06-07 14:14:00] [computeCursor] IN: screenSize=(1920,1080) → OUT: cursor=(932,346) (0ms)
[CURSOR-ABS] handSide=unknown hand=(0.441,0.313) filter=(0.471,0.278) target=(932,346) cursor=(932,346)
[2026-06-07 14:14:00] [computeCursor] IN: screenSize=(1920,1080) → OUT: cursor=(932,346) (0ms)
[CURSOR-ABS] handSide=unknown hand=(0.473,0.310) filter=(0.471,0.278) target=(932,346) cursor=(932,346)
[2026-06-07 14:14:00] [computeCursor] IN: screenSize=(1920,1080) → OUT: cursor=(932,346) (0ms)
[CURSOR-ABS] handSide=unknown hand=(0.503,0.312) filter=(0.471,0.278) target=(932,347) cursor=(932,346)
[2026-06-07 14:14:00] [computeCursor] IN: screenSize=(1920,1080) → OUT: cursor=(932,346) (0ms)
[CURSOR-ABS] handSide=unknown hand=(0.537,0.303) filter=(0.471,0.278) target=(932,347) cursor=(932,347)
[2026-06-07 14:14:00] [computeCursor] IN: screenSize=(1920,1080) → OUT: cursor=(931,346) (0ms)
[CURSOR-ABS] handSide=unknown hand=(0.563,0.304) filter=(0.471,0.278) target=(931,347) cursor=(932,347)
[2026-06-07 14:14:00] [computeCursor] IN: screenSize=(1920,1080) → OUT: cursor=(930,346) (0ms)
[CURSOR-ABS] handSide=unknown hand=(0.597,0.301) filter=(0.472,0.278) target=(930,347) cursor=(931,347)
[2026-06-07 14:14:00] [computeCursor] IN: screenSize=(1920,1080) → OUT: cursor=(929,346) (0ms)
[CURSOR-ABS] handSide=unknown hand=(0.633,0.299) filter=(0.472,0.278) target=(928,347) cursor=(930,347)
[2026-06-07 14:14:00] [computeCursor] IN: screenSize=(1920,1080) → OUT: cursor=(928,346) (0ms)
[CURSOR-ABS] handSide=unknown hand=(0.663,0.291) filter=(0.472,0.278) target=(927,347) cursor=(928,347)
[2026-06-07 14:14:00] [computeCursor] IN: screenSize=(1920,1080) → OUT: cursor=(926,346) (0ms)
[CURSOR-ABS] handSide=unknown hand=(0.700,0.276) filter=(0.473,0.278) target=(925,347) cursor=(927,347)
[2026-06-07 14:14:00] [computeCursor] IN: screenSize=(1920,1080) → OUT: cursor=(924,346) (0ms)
[CURSOR-ABS] handSide=unknown hand=(0.720,0.258) filter=(0.474,0.278) target=(922,347) cursor=(925,347)
[2026-06-07 14:14:00] [computeCursor] IN: screenSize=(1920,1080) → OUT: cursor=(922,346) (0ms)
[CURSOR-ABS] handSide=unknown hand=(0.748,0.251) filter=(0.474,0.278) target=(920,347) cursor=(922,347)
[2026-06-07 14:14:00] [computeCursor] IN: screenSize=(1920,1080) → OUT: cursor=(919,346) (0ms)
[CURSOR-ABS] handSide=unknown hand=(0.775,0.250) filter=(0.475,0.278) target=(917,347) cursor=(920,347)
[2026-06-07 14:14:00] [computeCursor] IN: screenSize=(1920,1080) → OUT: cursor=(917,346) (0ms)
[CURSOR-ABS] handSide=unknown hand=(0.793,0.237) filter=(0.476,0.278) target=(914,347) cursor=(917,347)
[2026-06-07 14:14:00] [computeCursor] IN: screenSize=(1920,1080) → OUT: cursor=(914,346) (0ms)
[CURSOR-ABS] handSide=unknown hand=(0.807,0.233) filter=(0.476,0.278) target=(911,346) cursor=(914,347)
[2026-06-07 14:14:00] [computeCursor] IN: screenSize=(1920,1080) → OUT: cursor=(911,346) (0ms)
[CURSOR-ABS] handSide=unknown hand=(0.826,0.222) filter=(0.477,0.278) target=(908,346) cursor=(911,346)
[2026-06-07 14:14:00] [computeCursor] IN: screenSize=(1920,1080) → OUT: cursor=(908,346) (0ms)
[CURSOR-ABS] handSide=unknown hand=(0.844,0.234) filter=(0.478,0.278) target=(905,346) cursor=(908,346)
[2026-06-07 14:14:00] [computeCursor] IN: screenSize=(1920,1080) → OUT: cursor=(904,346) (0ms)
[CURSOR-ABS] handSide=unknown hand=(0.848,0.228) filter=(0.479,0.278) target=(901,346) cursor=(905,346)
[2026-06-07 14:14:00] [computeCursor] IN: screenSize=(1920,1080) → OUT: cursor=(900,346) (0ms)
[CURSOR-ABS] handSide=unknown hand=(0.853,0.228) filter=(0.480,0.278) target=(897,346) cursor=(901,346)
[2026-06-07 14:14:00] [computeCursor] IN: screenSize=(1920,1080) → OUT: cursor=(897,346) (0ms)
[CURSOR-ABS] handSide=unknown hand=(0.853,0.230) filter=(0.481,0.278) target=(894,346) cursor=(897,346)
[2026-06-07 14:14:00] [computeCursor] IN: screenSize=(1920,1080) → OUT: cursor=(893,345) (0ms)
[CURSOR-ABS] handSide=unknown hand=(0.848,0.230) filter=(0.482,0.278) target=(890,346) cursor=(894,346)
[2026-06-07 14:14:00] [computeCursor] IN: screenSize=(1920,1080) → OUT: cursor=(889,345) (0ms)
[CURSOR-ABS] handSide=unknown hand=(0.842,0.239) filter=(0.483,0.278) target=(886,346) cursor=(890,346)
[2026-06-07 14:14:00] [computeCursor] IN: screenSize=(1920,1080) → OUT: cursor=(886,345) (0ms)
[CURSOR-ABS] handSide=unknown hand=(0.830,0.247) filter=(0.484,0.278) target=(883,346) cursor=(886,346)
[2026-06-07 14:14:00] [computeCursor] IN: screenSize=(1920,1080) → OUT: cursor=(882,345) (0ms)
[CURSOR-ABS] handSide=unknown hand=(0.818,0.248) filter=(0.485,0.278) target=(879,346) cursor=(883,346)
[2026-06-07 14:14:00] [computeCursor] IN: screenSize=(1920,1080) → OUT: cursor=(879,345) (0ms)
[CURSOR-ABS] handSide=unknown hand=(0.806,0.249) filter=(0.486,0.278) target=(876,346) cursor=(879,346)
[2026-06-07 14:14:00] [computeCursor] IN: screenSize=(1920,1080) → OUT: cursor=(875,345) (0ms)
[CURSOR-ABS] handSide=unknown hand=(0.797,0.247) filter=(0.486,0.278) target=(873,346) cursor=(876,346)
[2026-06-07 14:14:00] [computeCursor] IN: screenSize=(1920,1080) → OUT: cursor=(872,345) (0ms)
[CURSOR-ABS] handSide=unknown hand=(0.789,0.247) filter=(0.487,0.278) target=(870,346) cursor=(873,346)
[2026-06-07 14:14:00] [computeCursor] IN: screenSize=(1920,1080) → OUT: cursor=(869,345) (0ms)
[CURSOR-ABS] handSide=unknown hand=(0.778,0.255) filter=(0.488,0.278) target=(867,345) cursor=(870,346)
[2026-06-07 14:14:00] [computeCursor] IN: screenSize=(1920,1080) → OUT: cursor=(866,345) (0ms)
[CURSOR-ABS] handSide=unknown hand=(0.759,0.262) filter=(0.489,0.278) target=(864,345) cursor=(867,345)
[2026-06-07 14:14:00] [computeCursor] IN: screenSize=(1920,1080) → OUT: cursor=(863,345) (0ms)
[CURSOR-ABS] handSide=unknown hand=(0.750,0.268) filter=(0.490,0.278) target=(861,345) cursor=(864,345)
[2026-06-07 14:14:00] [computeCursor] IN: screenSize=(1920,1080) → OUT: cursor=(861,345) (0ms)
[CURSOR-ABS] handSide=unknown hand=(0.739,0.268) filter=(0.490,0.278) target=(858,345) cursor=(861,345)
[2026-06-07 14:14:00] [computeCursor] IN: screenSize=(1920,1080) → OUT: cursor=(858,345) (0ms)
[CURSOR-ABS] handSide=unknown hand=(0.728,0.274) filter=(0.491,0.278) target=(856,345) cursor=(858,345)
[2026-06-07 14:14:00] [computeCursor] IN: screenSize=(1920,1080) → OUT: cursor=(855,345) (0ms)
[CURSOR-ABS] handSide=unknown hand=(0.716,0.274) filter=(0.492,0.278) target=(853,345) cursor=(856,345)
[2026-06-07 14:14:00] [computeCursor] IN: screenSize=(1920,1080) → OUT: cursor=(853,345) (0ms)
[CURSOR-ABS] handSide=unknown hand=(0.709,0.270) filter=(0.492,0.278) target=(851,345) cursor=(853,345)
[2026-06-07 14:14:00] [computeCursor] IN: screenSize=(1920,1080) → OUT: cursor=(850,345) (0ms)
[CURSOR-ABS] handSide=unknown hand=(0.702,0.272) filter=(0.493,0.278) target=(849,345) cursor=(851,345)
[2026-06-07 14:14:00] [computeCursor] IN: screenSize=(1920,1080) → OUT: cursor=(848,345) (0ms)
[CURSOR-ABS] handSide=unknown hand=(0.694,0.277) filter=(0.493,0.278) target=(846,345) cursor=(849,345)
[2026-06-07 14:14:00] [computeCursor] IN: screenSize=(1920,1080) → OUT: cursor=(846,345) (0ms)
[CURSOR-ABS] handSide=unknown hand=(0.685,0.283) filter=(0.494,0.278) target=(844,345) cursor=(846,345)
[2026-06-07 14:14:00] [computeCursor] IN: screenSize=(1920,1080) → OUT: cursor=(844,345) (0ms)
[CURSOR-ABS] handSide=unknown hand=(0.679,0.284) filter=(0.494,0.278) target=(842,345) cursor=(844,345)
[2026-06-07 14:14:00] [computeCursor] IN: screenSize=(1920,1080) → OUT: cursor=(842,345) (1ms)
[CURSOR-ABS] handSide=unknown hand=(0.675,0.297) filter=(0.495,0.278) target=(840,345) cursor=(842,345)
[2026-06-07 14:14:00] [computeCursor] IN: screenSize=(1920,1080) → OUT: cursor=(840,345) (0ms)
[CURSOR-ABS] handSide=unknown hand=(0.669,0.296) filter=(0.495,0.278) target=(838,345) cursor=(840,345)
[2026-06-07 14:14:00] [computeCursor] IN: screenSize=(1920,1080) → OUT: cursor=(838,345) (0ms)
[CURSOR-ABS] handSide=unknown hand=(0.662,0.298) filter=(0.496,0.278) target=(837,346) cursor=(838,345)
[2026-06-07 14:14:00] [computeCursor] IN: screenSize=(1920,1080) → OUT: cursor=(836,345) (0ms)
[CURSOR-ABS] handSide=unknown hand=(0.657,0.298) filter=(0.496,0.278) target=(835,346) cursor=(837,346)
[2026-06-07 14:14:00] [computeCursor] IN: screenSize=(1920,1080) → OUT: cursor=(834,345) (0ms)
[CURSOR-ABS] handSide=unknown hand=(0.650,0.298) filter=(0.497,0.278) target=(833,346) cursor=(835,346)
[2026-06-07 14:14:00] [computeCursor] IN: screenSize=(1920,1080) → OUT: cursor=(833,345) (0ms)
[CURSOR-ABS] handSide=unknown hand=(0.646,0.299) filter=(0.497,0.278) target=(831,346) cursor=(833,346)
[2026-06-07 14:14:00] [computeCursor] IN: screenSize=(1920,1080) → OUT: cursor=(831,345) (0ms)
[CURSOR-ABS] handSide=unknown hand=(0.641,0.303) filter=(0.498,0.278) target=(830,346) cursor=(831,346)
[2026-06-07 14:14:00] [computeCursor] IN: screenSize=(1920,1080) → OUT: cursor=(829,345) (0ms)
[CURSOR-ABS] handSide=unknown hand=(0.637,0.303) filter=(0.498,0.278) target=(828,346) cursor=(830,346)
[2026-06-07 14:14:00] [computeCursor] IN: screenSize=(1920,1080) → OUT: cursor=(828,345) (0ms)
[CURSOR-ABS] handSide=unknown hand=(0.632,0.305) filter=(0.499,0.278) target=(827,346) cursor=(828,346)
[2026-06-07 14:14:00] [computeCursor] IN: screenSize=(1920,1080) → OUT: cursor=(826,345) (0ms)
[CURSOR-ABS] handSide=unknown hand=(0.631,0.305) filter=(0.499,0.278) target=(825,346) cursor=(827,346)
[2026-06-07 14:14:00] [computeCursor] IN: screenSize=(1920,1080) → OUT: cursor=(825,345) (0ms)
[CURSOR-ABS] handSide=unknown hand=(0.626,0.306) filter=(0.499,0.278) target=(824,346) cursor=(825,346)
[2026-06-07 14:14:00] [computeCursor] IN: screenSize=(1920,1080) → OUT: cursor=(823,345) (0ms)
[CURSOR-ABS] handSide=unknown hand=(0.624,0.308) filter=(0.500,0.278) target=(822,346) cursor=(824,346)
[2026-06-07 14:14:00] [computeCursor] IN: screenSize=(1920,1080) → OUT: cursor=(822,345) (0ms)
[CURSOR-ABS] handSide=unknown hand=(0.620,0.310) filter=(0.500,0.278) target=(821,346) cursor=(822,346)
[2026-06-07 14:14:00] [computeCursor] IN: screenSize=(1920,1080) → OUT: cursor=(820,345) (1ms)
[CURSOR-ABS] handSide=unknown hand=(0.616,0.315) filter=(0.500,0.278) target=(820,346) cursor=(821,346)
[2026-06-07 14:14:00] [computeCursor] IN: screenSize=(1920,1080) → OUT: cursor=(819,346) (0ms)
[CURSOR-ABS] handSide=unknown hand=(0.613,0.315) filter=(0.501,0.278) target=(818,346) cursor=(820,346)
[2026-06-07 14:14:00] [computeCursor] IN: screenSize=(1920,1080) → OUT: cursor=(818,346) (0ms)
[CURSOR-ABS] handSide=unknown hand=(0.611,0.319) filter=(0.501,0.278) target=(817,346) cursor=(818,346)
[2026-06-07 14:14:00] [computeCursor] IN: screenSize=(1920,1080) → OUT: cursor=(816,346) (0ms)
[CURSOR-ABS] handSide=unknown hand=(0.608,0.322) filter=(0.501,0.278) target=(816,346) cursor=(817,346)
[2026-06-07 14:14:00] [computeCursor] IN: screenSize=(1920,1080) → OUT: cursor=(815,346) (0ms)
[CURSOR-ABS] handSide=unknown hand=(0.605,0.324) filter=(0.502,0.278) target=(815,346) cursor=(816,346)
[2026-06-07 14:14:00] [computeCursor] IN: screenSize=(1920,1080) → OUT: cursor=(814,346) (0ms)
[CURSOR-ABS] handSide=unknown hand=(0.603,0.330) filter=(0.502,0.278) target=(813,346) cursor=(815,346)
[2026-06-07 14:14:00] [computeCursor] IN: screenSize=(1920,1080) → OUT: cursor=(813,346) (0ms)
[CURSOR-ABS] handSide=unknown hand=(0.600,0.332) filter=(0.502,0.278) target=(812,347) cursor=(813,346)
[2026-06-07 14:14:00] [computeCursor] IN: screenSize=(1920,1080) → OUT: cursor=(812,346) (0ms)
[CURSOR-ABS] handSide=unknown hand=(0.598,0.332) filter=(0.503,0.278) target=(811,347) cursor=(812,347)
[2026-06-07 14:14:00] [computeCursor] IN: screenSize=(1920,1080) → OUT: cursor=(811,346) (0ms)
[CURSOR-ABS] handSide=unknown hand=(0.595,0.333) filter=(0.503,0.278) target=(810,347) cursor=(811,347)
[2026-06-07 14:14:00] [computeCursor] IN: screenSize=(1920,1080) → OUT: cursor=(809,346) (0ms)
[CURSOR-ABS] handSide=unknown hand=(0.591,0.335) filter=(0.503,0.278) target=(809,347) cursor=(810,347)
[2026-06-07 14:14:00] [computeCursor] IN: screenSize=(1920,1080) → OUT: cursor=(808,346) (0ms)
[CURSOR-ABS] handSide=unknown hand=(0.588,0.337) filter=(0.503,0.278) target=(808,347) cursor=(809,347)
[2026-06-07 14:14:00] [computeCursor] IN: screenSize=(1920,1080) → OUT: cursor=(807,346) (0ms)
[CURSOR-ABS] handSide=unknown hand=(0.583,0.332) filter=(0.504,0.278) target=(807,347) cursor=(808,347)
[2026-06-07 14:14:00] [computeCursor] IN: screenSize=(1920,1080) → OUT: cursor=(806,347) (0ms)
[CURSOR-ABS] handSide=unknown hand=(0.578,0.333) filter=(0.504,0.279) target=(806,347) cursor=(807,347)
[2026-06-07 14:14:00] [computeCursor] IN: screenSize=(1920,1080) → OUT: cursor=(806,347) (0ms)
[CURSOR-ABS] handSide=unknown hand=(0.575,0.332) filter=(0.504,0.279) target=(805,347) cursor=(806,347)
[2026-06-07 14:14:00] [computeCursor] IN: screenSize=(1920,1080) → OUT: cursor=(805,347) (0ms)
[CURSOR-ABS] handSide=unknown hand=(0.571,0.331) filter=(0.504,0.279) target=(804,347) cursor=(805,347)
[2026-06-07 14:14:00] [computeCursor] IN: screenSize=(1920,1080) → OUT: cursor=(804,347) (0ms)
[CURSOR-ABS] handSide=unknown hand=(0.566,0.333) filter=(0.504,0.279) target=(804,347) cursor=(804,347)
[2026-06-07 14:14:00] [computeCursor] IN: screenSize=(1920,1080) → OUT: cursor=(803,347) (0ms)
[CURSOR-ABS] handSide=unknown hand=(0.562,0.334) filter=(0.505,0.279) target=(803,348) cursor=(804,347)
[2026-06-07 14:14:00] [computeCursor] IN: screenSize=(1920,1080) → OUT: cursor=(803,347) (0ms)
[CURSOR-ABS] handSide=unknown hand=(0.560,0.335) filter=(0.505,0.279) target=(802,348) cursor=(803,348)
[2026-06-07 14:14:00] [computeCursor] IN: screenSize=(1920,1080) → OUT: cursor=(802,347) (0ms)
[CURSOR-ABS] handSide=unknown hand=(0.555,0.338) filter=(0.505,0.279) target=(802,348) cursor=(802,348)
[2026-06-07 14:14:00] [computeCursor] IN: screenSize=(1920,1080) → OUT: cursor=(801,347) (0ms)
[CURSOR-ABS] handSide=unknown hand=(0.549,0.339) filter=(0.505,0.279) target=(801,348) cursor=(802,348)
[2026-06-07 14:14:00] [computeCursor] IN: screenSize=(1920,1080) → OUT: cursor=(801,347) (0ms)
[CURSOR-ABS] handSide=unknown hand=(0.545,0.339) filter=(0.505,0.279) target=(801,348) cursor=(801,348)
[2026-06-07 14:14:00] [computeCursor] IN: screenSize=(1920,1080) → OUT: cursor=(800,348) (0ms)
[CURSOR-ABS] handSide=unknown hand=(0.540,0.342) filter=(0.505,0.279) target=(800,348) cursor=(801,348)
[2026-06-07 14:14:00] [computeCursor] IN: screenSize=(1920,1080) → OUT: cursor=(800,348) (0ms)
[CURSOR-ABS] handSide=unknown hand=(0.534,0.344) filter=(0.505,0.279) target=(800,348) cursor=(800,348)
[2026-06-07 14:14:00] [computeCursor] IN: screenSize=(1920,1080) → OUT: cursor=(800,348) (0ms)
[CURSOR-ABS] handSide=unknown hand=(0.526,0.345) filter=(0.506,0.279) target=(800,348) cursor=(800,348)
[2026-06-07 14:14:00] [computeCursor] IN: screenSize=(1920,1080) → OUT: cursor=(799,348) (0ms)
[CURSOR-ABS] handSide=unknown hand=(0.515,0.342) filter=(0.506,0.279) target=(800,349) cursor=(800,348)
[2026-06-07 14:14:00] [computeCursor] IN: screenSize=(1920,1080) → OUT: cursor=(799,348) (0ms)
[CURSOR-ABS] handSide=unknown hand=(0.503,0.338) filter=(0.506,0.279) target=(800,349) cursor=(800,349)
[2026-06-07 14:14:00] [computeCursor] IN: screenSize=(1920,1080) → OUT: cursor=(799,348) (0ms)
[CURSOR-ABS] handSide=unknown hand=(0.487,0.329) filter=(0.505,0.279) target=(800,349) cursor=(800,349)
[2026-06-07 14:14:00] [computeCursor] IN: screenSize=(1920,1080) → OUT: cursor=(799,348) (0ms)
[CURSOR-ABS] handSide=unknown hand=(0.466,0.304) filter=(0.505,0.279) target=(800,349) cursor=(800,349)
[2026-06-07 14:14:00] [computeCursor] IN: screenSize=(1920,1080) → OUT: cursor=(800,348) (0ms)
[CURSOR-ABS] handSide=unknown hand=(0.437,0.271) filter=(0.505,0.279) target=(801,349) cursor=(800,349)
[2026-06-07 14:14:00] [computeCursor] IN: screenSize=(1920,1080) → OUT: cursor=(801,348) (0ms)
[CURSOR-ABS] handSide=unknown hand=(0.412,0.225) filter=(0.505,0.279) target=(802,349) cursor=(801,349)
[2026-06-07 14:14:00] [computeCursor] IN: screenSize=(1920,1080) → OUT: cursor=(802,348) (0ms)
[CURSOR-ABS] handSide=unknown hand=(0.358,0.184) filter=(0.504,0.279) target=(804,349) cursor=(802,349)
[2026-06-07 14:14:00] [computeCursor] IN: screenSize=(1920,1080) → OUT: cursor=(804,348) (0ms)
[CURSOR-ABS] handSide=unknown hand=(0.813,0.394) filter=(0.505,0.279) target=(800,349) cursor=(804,349)
[2026-06-07 14:14:00] [computeCursor] IN: screenSize=(1920,1080) → OUT: cursor=(800,348) (0ms)
[CURSOR-ABS] handSide=unknown hand=(0.835,0.400) filter=(0.506,0.279) target=(796,349) cursor=(800,349)
[2026-06-07 14:14:00] [computeCursor] IN: screenSize=(1920,1080) → OUT: cursor=(796,349) (0ms)
[CURSOR-ABS] handSide=unknown hand=(0.852,0.396) filter=(0.508,0.279) target=(792,349) cursor=(796,349)
[2026-06-07 14:14:00] [computeCursor] IN: screenSize=(1920,1080) → OUT: cursor=(792,349) (0ms)
[CURSOR-ABS] handSide=unknown hand=(0.869,0.395) filter=(0.509,0.280) target=(788,350) cursor=(792,349)
[2026-06-07 14:14:00] [computeCursor] IN: screenSize=(1920,1080) → OUT: cursor=(787,349) (0ms)
[CURSOR-ABS] handSide=unknown hand=(0.883,0.396) filter=(0.510,0.280) target=(783,350) cursor=(788,350)
[2026-06-07 14:14:00] [computeCursor] IN: screenSize=(1920,1080) → OUT: cursor=(783,349) (0ms)
[CURSOR-ABS] handSide=unknown hand=(0.894,0.401) filter=(0.511,0.280) target=(778,350) cursor=(783,350)
[2026-06-07 14:14:00] [computeCursor] IN: screenSize=(1920,1080) → OUT: cursor=(778,350) (0ms)
[CURSOR-ABS] handSide=unknown hand=(0.894,0.405) filter=(0.512,0.280) target=(774,350) cursor=(778,350)
[2026-06-07 14:14:00] [computeCursor] IN: screenSize=(1920,1080) → OUT: cursor=(773,350) (0ms)
[CURSOR-ABS] handSide=unknown hand=(0.889,0.408) filter=(0.514,0.280) target=(769,351) cursor=(774,350)
[2026-06-07 14:14:00] [computeCursor] IN: screenSize=(1920,1080) → OUT: cursor=(768,350) (1ms)
[CURSOR-ABS] handSide=unknown hand=(0.879,0.412) filter=(0.515,0.280) target=(764,351) cursor=(769,351)
[2026-06-07 14:14:00] [computeCursor] IN: screenSize=(1920,1080) → OUT: cursor=(764,350) (0ms)
[CURSOR-ABS] handSide=unknown hand=(0.864,0.417) filter=(0.516,0.280) target=(760,351) cursor=(764,351)
[2026-06-07 14:14:00] [computeCursor] IN: screenSize=(1920,1080) → OUT: cursor=(759,351) (0ms)
[CURSOR-ABS] handSide=unknown hand=(0.848,0.419) filter=(0.517,0.280) target=(755,351) cursor=(760,351)
[2026-06-07 14:14:00] [computeCursor] IN: screenSize=(1920,1080) → OUT: cursor=(755,351) (0ms)
[CURSOR-ABS] handSide=unknown hand=(0.832,0.421) filter=(0.518,0.281) target=(751,352) cursor=(755,351)
[2026-06-07 14:14:00] [computeCursor] IN: screenSize=(1920,1080) → OUT: cursor=(751,351) (0ms)
[CURSOR-ABS] handSide=unknown hand=(0.816,0.429) filter=(0.519,0.281) target=(747,352) cursor=(751,352)
[2026-06-07 14:14:00] [computeCursor] IN: screenSize=(1920,1080) → OUT: cursor=(747,352) (0ms)
[CURSOR-ABS] handSide=unknown hand=(0.802,0.433) filter=(0.520,0.281) target=(744,352) cursor=(747,352)
[2026-06-07 14:14:00] [computeCursor] IN: screenSize=(1920,1080) → OUT: cursor=(743,352) (0ms)
[CURSOR-ABS] handSide=unknown hand=(0.789,0.447) filter=(0.521,0.281) target=(740,353) cursor=(744,352)
[2026-06-07 14:14:00] [computeCursor] IN: screenSize=(1920,1080) → OUT: cursor=(739,352) (0ms)
[CURSOR-ABS] handSide=unknown hand=(0.775,0.460) filter=(0.522,0.281) target=(737,353) cursor=(740,353)
[2026-06-07 14:14:00] [computeCursor] IN: screenSize=(1920,1080) → OUT: cursor=(736,353) (0ms)
[CURSOR-ABS] handSide=unknown hand=(0.755,0.459) filter=(0.523,0.282) target=(733,354) cursor=(737,353)
[2026-06-07 14:14:00] [computeCursor] IN: screenSize=(1920,1080) → OUT: cursor=(733,353) (0ms)
[CURSOR-ABS] handSide=unknown hand=(0.737,0.457) filter=(0.524,0.282) target=(731,354) cursor=(733,354)
[2026-06-07 14:14:00] [computeCursor] IN: screenSize=(1920,1080) → OUT: cursor=(730,354) (0ms)
[CURSOR-ABS] handSide=unknown hand=(0.718,0.448) filter=(0.524,0.282) target=(728,355) cursor=(731,354)
[2026-06-07 14:14:00] [computeCursor] IN: screenSize=(1920,1080) → OUT: cursor=(727,354) (0ms)
[CURSOR-ABS] handSide=unknown hand=(0.699,0.455) filter=(0.525,0.282) target=(726,355) cursor=(728,355)
[2026-06-07 14:14:00] [computeCursor] IN: screenSize=(1920,1080) → OUT: cursor=(725,354) (0ms)
[CURSOR-ABS] handSide=unknown hand=(0.677,0.461) filter=(0.525,0.282) target=(723,355) cursor=(726,355)
[2026-06-07 14:14:00] [computeCursor] IN: screenSize=(1920,1080) → OUT: cursor=(723,355) (0ms)
[CURSOR-ABS] handSide=unknown hand=(0.655,0.463) filter=(0.526,0.283) target=(722,356) cursor=(724,355)
[2026-06-07 14:14:00] [computeCursor] IN: screenSize=(1920,1080) → OUT: cursor=(721,355) (0ms)
[CURSOR-ABS] handSide=unknown hand=(0.630,0.460) filter=(0.526,0.283) target=(720,356) cursor=(722,356)
[2026-06-07 14:14:00] [computeCursor] IN: screenSize=(1920,1080) → OUT: cursor=(720,356) (0ms)
[CURSOR-ABS] handSide=unknown hand=(0.606,0.457) filter=(0.526,0.283) target=(719,357) cursor=(720,356)
[2026-06-07 14:14:00] [computeCursor] IN: screenSize=(1920,1080) → OUT: cursor=(719,356) (0ms)
[CURSOR-ABS] handSide=unknown hand=(0.581,0.454) filter=(0.527,0.283) target=(718,357) cursor=(719,357)
[2026-06-07 14:14:00] [computeCursor] IN: screenSize=(1920,1080) → OUT: cursor=(718,357) (0ms)
[CURSOR-ABS] handSide=unknown hand=(0.560,0.446) filter=(0.527,0.283) target=(718,358) cursor=(718,357)
[2026-06-07 14:14:00] [computeCursor] IN: screenSize=(1920,1080) → OUT: cursor=(717,357) (0ms)
[CURSOR-ABS] handSide=unknown hand=(0.537,0.442) filter=(0.527,0.284) target=(718,358) cursor=(718,358)
[2026-06-07 14:14:00] [computeCursor] IN: screenSize=(1920,1080) → OUT: cursor=(717,358) (0ms)
[CURSOR-ABS] handSide=unknown hand=(0.505,0.435) filter=(0.527,0.284) target=(718,358) cursor=(718,358)
[2026-06-07 14:14:00] [computeCursor] IN: screenSize=(1920,1080) → OUT: cursor=(718,358) (0ms)
[CURSOR-ABS] handSide=unknown hand=(0.475,0.419) filter=(0.527,0.284) target=(719,359) cursor=(718,358)
[2026-06-07 14:14:00] [computeCursor] IN: screenSize=(1920,1080) → OUT: cursor=(718,358) (0ms)
[CURSOR-ABS] handSide=unknown hand=(0.439,0.403) filter=(0.526,0.284) target=(720,359) cursor=(719,359)
[2026-06-07 14:14:00] [computeCursor] IN: screenSize=(1920,1080) → OUT: cursor=(720,359) (0ms)
[CURSOR-ABS] handSide=unknown hand=(0.413,0.381) filter=(0.526,0.284) target=(722,359) cursor=(720,359)
[2026-06-07 14:14:00] [computeCursor] IN: screenSize=(1920,1080) → OUT: cursor=(721,359) (0ms)
[CURSOR-ABS] handSide=unknown hand=(0.387,0.365) filter=(0.525,0.284) target=(723,360) cursor=(722,359)
[2026-06-07 14:14:00] [computeCursor] IN: screenSize=(1920,1080) → OUT: cursor=(723,359) (0ms)
[CURSOR-ABS] handSide=unknown hand=(0.358,0.358) filter=(0.525,0.284) target=(726,360) cursor=(723,360)
[2026-06-07 14:14:00] [computeCursor] IN: screenSize=(1920,1080) → OUT: cursor=(725,359) (0ms)
[CURSOR-ABS] handSide=unknown hand=(0.335,0.341) filter=(0.524,0.284) target=(728,360) cursor=(726,360)
[2026-06-07 14:14:00] [computeCursor] IN: screenSize=(1920,1080) → OUT: cursor=(728,360) (0ms)
[CURSOR-ABS] handSide=unknown hand=(0.317,0.318) filter=(0.523,0.285) target=(731,360) cursor=(728,360)
[2026-06-07 14:14:00] [computeCursor] IN: screenSize=(1920,1080) → OUT: cursor=(731,360) (0ms)
[CURSOR-ABS] handSide=unknown hand=(0.297,0.303) filter=(0.523,0.285) target=(734,360) cursor=(731,360)
[2026-06-07 14:14:00] [computeCursor] IN: screenSize=(1920,1080) → OUT: cursor=(734,360) (0ms)
[CURSOR-ABS] handSide=unknown hand=(0.278,0.289) filter=(0.522,0.285) target=(737,360) cursor=(734,360)
[2026-06-07 14:14:00] [computeCursor] IN: screenSize=(1920,1080) → OUT: cursor=(737,360) (0ms)
[CURSOR-ABS] handSide=unknown hand=(0.257,0.279) filter=(0.521,0.285) target=(741,360) cursor=(737,360)
[2026-06-07 14:14:00] [computeCursor] IN: screenSize=(1920,1080) → OUT: cursor=(740,360) (0ms)
[CURSOR-ABS] handSide=unknown hand=(0.239,0.265) filter=(0.520,0.284) target=(745,360) cursor=(741,360)
[2026-06-07 14:14:00] [computeCursor] IN: screenSize=(1920,1080) → OUT: cursor=(744,360) (0ms)
[CURSOR-ABS] handSide=unknown hand=(0.221,0.260) filter=(0.519,0.284) target=(748,360) cursor=(745,360)
[2026-06-07 14:14:00] [computeCursor] IN: screenSize=(1920,1080) → OUT: cursor=(748,360) (0ms)
[CURSOR-ABS] handSide=unknown hand=(0.208,0.251) filter=(0.518,0.284) target=(752,360) cursor=(748,360)
[2026-06-07 14:14:00] [computeCursor] IN: screenSize=(1920,1080) → OUT: cursor=(752,359) (0ms)
[CURSOR-ABS] handSide=unknown hand=(0.201,0.246) filter=(0.517,0.284) target=(757,360) cursor=(752,360)
[2026-06-07 14:14:00] [computeCursor] IN: screenSize=(1920,1080) → OUT: cursor=(756,359) (0ms)
[CURSOR-ABS] handSide=unknown hand=(0.197,0.241) filter=(0.516,0.284) target=(761,360) cursor=(757,360)
[2026-06-07 14:14:00] [computeCursor] IN: screenSize=(1920,1080) → OUT: cursor=(760,359) (0ms)
[CURSOR-ABS] handSide=unknown hand=(0.199,0.244) filter=(0.515,0.284) target=(765,360) cursor=(761,360)
[2026-06-07 14:14:00] [computeCursor] IN: screenSize=(1920,1080) → OUT: cursor=(764,359) (0ms)
[CURSOR-ABS] handSide=unknown hand=(0.209,0.252) filter=(0.514,0.284) target=(768,360) cursor=(765,360)
[2026-06-07 14:14:00] [computeCursor] IN: screenSize=(1920,1080) → OUT: cursor=(768,359) (0ms)
[CURSOR-ABS] handSide=unknown hand=(0.222,0.271) filter=(0.513,0.284) target=(772,360) cursor=(768,360)
[2026-06-07 14:14:00] [computeCursor] IN: screenSize=(1920,1080) → OUT: cursor=(772,359) (0ms)
[CURSOR-ABS] handSide=unknown hand=(0.239,0.293) filter=(0.512,0.284) target=(775,360) cursor=(772,360)
[2026-06-07 14:14:00] [computeCursor] IN: screenSize=(1920,1080) → OUT: cursor=(775,359) (0ms)
[CURSOR-ABS] handSide=unknown hand=(0.259,0.319) filter=(0.511,0.284) target=(779,360) cursor=(775,360)
[2026-06-07 14:14:00] [computeCursor] IN: screenSize=(1920,1080) → OUT: cursor=(778,359) (0ms)
[CURSOR-ABS] handSide=unknown hand=(0.277,0.338) filter=(0.510,0.284) target=(781,360) cursor=(779,360)
[2026-06-07 14:14:00] [computeCursor] IN: screenSize=(1920,1080) → OUT: cursor=(781,359) (0ms)
[CURSOR-ABS] handSide=unknown hand=(0.298,0.362) filter=(0.510,0.284) target=(784,360) cursor=(781,360)
[2026-06-07 14:14:00] [computeCursor] IN: screenSize=(1920,1080) → OUT: cursor=(784,359) (0ms)
[CURSOR-ABS] handSide=unknown hand=(0.318,0.389) filter=(0.509,0.285) target=(786,360) cursor=(784,360)
[2026-06-07 14:14:00] [computeCursor] IN: screenSize=(1920,1080) → OUT: cursor=(786,360) (0ms)
[CURSOR-ABS] handSide=unknown hand=(0.338,0.414) filter=(0.508,0.285) target=(788,361) cursor=(786,360)
[2026-06-07 14:14:00] [computeCursor] IN: screenSize=(1920,1080) → OUT: cursor=(788,360) (0ms)
[CURSOR-ABS] handSide=unknown hand=(0.354,0.436) filter=(0.508,0.285) target=(790,361) cursor=(788,361)
[2026-06-07 14:14:00] [computeCursor] IN: screenSize=(1920,1080) → OUT: cursor=(790,361) (0ms)
[CURSOR-ABS] handSide=unknown hand=(0.373,0.459) filter=(0.508,0.285) target=(792,362) cursor=(790,361)
[2026-06-07 14:14:00] [computeCursor] IN: screenSize=(1920,1080) → OUT: cursor=(791,361) (0ms)
[CURSOR-ABS] handSide=unknown hand=(0.391,0.475) filter=(0.507,0.285) target=(793,362) cursor=(792,362)
[2026-06-07 14:14:00] [computeCursor] IN: screenSize=(1920,1080) → OUT: cursor=(793,362) (0ms)
[CURSOR-ABS] handSide=unknown hand=(0.409,0.488) filter=(0.507,0.286) target=(794,363) cursor=(793,362)
[2026-06-07 14:14:00] [computeCursor] IN: screenSize=(1920,1080) → OUT: cursor=(794,362) (0ms)
[CURSOR-ABS] handSide=unknown hand=(0.424,0.500) filter=(0.507,0.286) target=(795,363) cursor=(794,363)
[2026-06-07 14:14:00] [computeCursor] IN: screenSize=(1920,1080) → OUT: cursor=(795,363) (0ms)
[CURSOR-ABS] handSide=unknown hand=(0.441,0.513) filter=(0.506,0.286) target=(796,364) cursor=(795,363)
[2026-06-07 14:14:00] [computeCursor] IN: screenSize=(1920,1080) → OUT: cursor=(796,364) (0ms)
[CURSOR-ABS] handSide=unknown hand=(0.454,0.523) filter=(0.506,0.287) target=(797,365) cursor=(796,364)
[2026-06-07 14:14:00] [computeCursor] IN: screenSize=(1920,1080) → OUT: cursor=(796,364) (0ms)
[CURSOR-ABS] handSide=unknown hand=(0.468,0.536) filter=(0.506,0.287) target=(797,365) cursor=(797,365)
[2026-06-07 14:14:00] [computeCursor] IN: screenSize=(1920,1080) → OUT: cursor=(797,365) (0ms)
[CURSOR-ABS] handSide=unknown hand=(0.484,0.540) filter=(0.506,0.287) target=(798,366) cursor=(797,365)
[2026-06-07 14:14:00] [computeCursor] IN: screenSize=(1920,1080) → OUT: cursor=(797,366) (0ms)
[CURSOR-ABS] handSide=unknown hand=(0.498,0.547) filter=(0.506,0.288) target=(798,367) cursor=(798,366)
[2026-06-07 14:14:00] [computeCursor] IN: screenSize=(1920,1080) → OUT: cursor=(797,367) (0ms)
[CURSOR-ABS] handSide=unknown hand=(0.512,0.553) filter=(0.506,0.288) target=(798,368) cursor=(798,367)
[2026-06-07 14:14:00] [computeCursor] IN: screenSize=(1920,1080) → OUT: cursor=(797,367) (0ms)
[CURSOR-ABS] handSide=unknown hand=(0.525,0.555) filter=(0.506,0.289) target=(797,369) cursor=(798,368)
[2026-06-07 14:14:00] [computeCursor] IN: screenSize=(1920,1080) → OUT: cursor=(797,368) (0ms)
[CURSOR-ABS] handSide=unknown hand=(0.540,0.560) filter=(0.506,0.289) target=(797,370) cursor=(797,369)
[2026-06-07 14:14:00] [computeCursor] IN: screenSize=(1920,1080) → OUT: cursor=(796,369) (0ms)
[CURSOR-ABS] handSide=unknown hand=(0.555,0.561) filter=(0.506,0.289) target=(796,371) cursor=(797,370)
[2026-06-07 14:14:00] [computeCursor] IN: screenSize=(1920,1080) → OUT: cursor=(796,370) (0ms)
[CURSOR-ABS] handSide=unknown hand=(0.568,0.565) filter=(0.507,0.290) target=(796,371) cursor=(796,371)
[2026-06-07 14:14:00] [computeCursor] IN: screenSize=(1920,1080) → OUT: cursor=(795,371) (0ms)
[CURSOR-ABS] handSide=unknown hand=(0.582,0.566) filter=(0.507,0.290) target=(795,372) cursor=(796,371)
[2026-06-07 14:14:00] [computeCursor] IN: screenSize=(1920,1080) → OUT: cursor=(794,372) (0ms)
[CURSOR-ABS] handSide=unknown hand=(0.595,0.568) filter=(0.507,0.291) target=(794,373) cursor=(795,372)
[2026-06-07 14:14:00] [computeCursor] IN: screenSize=(1920,1080) → OUT: cursor=(793,373) (0ms)
[CURSOR-ABS] handSide=unknown hand=(0.608,0.565) filter=(0.507,0.291) target=(793,374) cursor=(794,373)
[2026-06-07 14:14:00] [computeCursor] IN: screenSize=(1920,1080) → OUT: cursor=(792,374) (0ms)
[CURSOR-ABS] handSide=unknown hand=(0.620,0.564) filter=(0.508,0.292) target=(791,375) cursor=(793,374)
[2026-06-07 14:14:00] [computeCursor] IN: screenSize=(1920,1080) → OUT: cursor=(791,375) (0ms)
[CURSOR-ABS] handSide=unknown hand=(0.631,0.564) filter=(0.508,0.292) target=(790,376) cursor=(791,375)
[2026-06-07 14:14:00] [computeCursor] IN: screenSize=(1920,1080) → OUT: cursor=(789,376) (0ms)
[CURSOR-ABS] handSide=unknown hand=(0.638,0.565) filter=(0.509,0.292) target=(788,377) cursor=(790,376)
[2026-06-07 14:14:00] [computeCursor] IN: screenSize=(1920,1080) → OUT: cursor=(788,377) (0ms)
[CURSOR-ABS] handSide=unknown hand=(0.646,0.567) filter=(0.509,0.293) target=(787,378) cursor=(788,377)
[2026-06-07 14:14:00] [computeCursor] IN: screenSize=(1920,1080) → OUT: cursor=(786,378) (0ms)
[CURSOR-ABS] handSide=unknown hand=(0.650,0.570) filter=(0.509,0.293) target=(785,379) cursor=(787,378)
[2026-06-07 14:14:00] [computeCursor] IN: screenSize=(1920,1080) → OUT: cursor=(784,379) (0ms)
[CURSOR-ABS] handSide=unknown hand=(0.652,0.573) filter=(0.510,0.294) target=(783,380) cursor=(785,379)
[2026-06-07 14:14:00] [computeCursor] IN: screenSize=(1920,1080) → OUT: cursor=(783,380) (0ms)
[CURSOR-ABS] handSide=unknown hand=(0.653,0.577) filter=(0.510,0.294) target=(781,381) cursor=(783,380)
[2026-06-07 14:14:00] [computeCursor] IN: screenSize=(1920,1080) → OUT: cursor=(781,381) (0ms)
[CURSOR-ABS] handSide=unknown hand=(0.650,0.588) filter=(0.511,0.295) target=(780,383) cursor=(781,381)
[2026-06-07 14:14:00] [computeCursor] IN: screenSize=(1920,1080) → OUT: cursor=(779,382) (0ms)
[CURSOR-ABS] handSide=unknown hand=(0.646,0.594) filter=(0.511,0.295) target=(778,384) cursor=(780,383)
[2026-06-07 14:14:00] [computeCursor] IN: screenSize=(1920,1080) → OUT: cursor=(778,383) (0ms)
[CURSOR-ABS] handSide=unknown hand=(0.642,0.602) filter=(0.512,0.296) target=(776,385) cursor=(778,384)
[2026-06-07 14:14:00] [computeCursor] IN: screenSize=(1920,1080) → OUT: cursor=(776,384) (0ms)
[CURSOR-ABS] handSide=unknown hand=(0.636,0.604) filter=(0.512,0.297) target=(775,386) cursor=(776,385)
[2026-06-07 14:14:00] [computeCursor] IN: screenSize=(1920,1080) → OUT: cursor=(774,386) (0ms)
[CURSOR-ABS] handSide=unknown hand=(0.631,0.606) filter=(0.512,0.297) target=(773,387) cursor=(775,386)
[2026-06-07 14:14:00] [computeCursor] IN: screenSize=(1920,1080) → OUT: cursor=(773,387) (0ms)
[CURSOR-ABS] handSide=unknown hand=(0.624,0.614) filter=(0.513,0.298) target=(772,389) cursor=(773,387)
[2026-06-07 14:14:00] [computeCursor] IN: screenSize=(1920,1080) → OUT: cursor=(772,388) (0ms)
[CURSOR-ABS] handSide=unknown hand=(0.619,0.616) filter=(0.513,0.298) target=(771,390) cursor=(772,389)
[2026-06-07 14:14:00] [computeCursor] IN: screenSize=(1920,1080) → OUT: cursor=(770,390) (0ms)
[CURSOR-ABS] handSide=unknown hand=(0.616,0.618) filter=(0.513,0.299) target=(769,391) cursor=(771,390)
[2026-06-07 14:14:00] [computeCursor] IN: screenSize=(1920,1080) → OUT: cursor=(769,391) (0ms)
[CURSOR-ABS] handSide=unknown hand=(0.612,0.618) filter=(0.514,0.300) target=(768,393) cursor=(769,391)
[2026-06-07 14:14:00] [computeCursor] IN: screenSize=(1920,1080) → OUT: cursor=(768,392) (0ms)
[CURSOR-ABS] handSide=unknown hand=(0.607,0.619) filter=(0.514,0.300) target=(767,394) cursor=(768,393)
[2026-06-07 14:14:00] [computeCursor] IN: screenSize=(1920,1080) → OUT: cursor=(767,394) (0ms)
[CURSOR-ABS] handSide=unknown hand=(0.606,0.623) filter=(0.514,0.301) target=(766,396) cursor=(767,394)
[2026-06-07 14:14:00] [computeCursor] IN: screenSize=(1920,1080) → OUT: cursor=(765,395) (0ms)
[CURSOR-ABS] handSide=unknown hand=(0.605,0.619) filter=(0.515,0.302) target=(765,397) cursor=(766,396)
[2026-06-07 14:14:00] [computeCursor] IN: screenSize=(1920,1080) → OUT: cursor=(764,396) (0ms)
[CURSOR-ABS] handSide=unknown hand=(0.604,0.618) filter=(0.515,0.302) target=(764,398) cursor=(765,397)
[2026-06-07 14:14:00] [computeCursor] IN: screenSize=(1920,1080) → OUT: cursor=(763,398) (0ms)
[CURSOR-ABS] handSide=unknown hand=(0.603,0.618) filter=(0.515,0.303) target=(763,400) cursor=(764,398)
[2026-06-07 14:14:00] [computeCursor] IN: screenSize=(1920,1080) → OUT: cursor=(762,399) (0ms)
[CURSOR-ABS] handSide=unknown hand=(0.602,0.618) filter=(0.515,0.304) target=(761,401) cursor=(763,400)
[2026-06-07 14:14:00] [computeCursor] IN: screenSize=(1920,1080) → OUT: cursor=(761,401) (0ms)
[CURSOR-ABS] handSide=unknown hand=(0.601,0.615) filter=(0.516,0.304) target=(760,403) cursor=(761,401)
[2026-06-07 14:14:00] [computeCursor] IN: screenSize=(1920,1080) → OUT: cursor=(760,402) (0ms)
[CURSOR-ABS] handSide=unknown hand=(0.600,0.609) filter=(0.516,0.305) target=(759,404) cursor=(760,403)
[2026-06-07 14:14:00] [computeCursor] IN: screenSize=(1920,1080) → OUT: cursor=(759,404) (0ms)
[CURSOR-ABS] handSide=unknown hand=(0.600,0.594) filter=(0.516,0.305) target=(758,405) cursor=(759,404)
[2026-06-07 14:14:00] [computeCursor] IN: screenSize=(1920,1080) → OUT: cursor=(758,405) (0ms)
[CURSOR-ABS] handSide=unknown hand=(0.598,0.567) filter=(0.517,0.306) target=(757,407) cursor=(758,405)
[2026-06-07 14:14:00] [computeCursor] IN: screenSize=(1920,1080) → OUT: cursor=(757,406) (0ms)
[CURSOR-ABS] handSide=unknown hand=(0.597,0.534) filter=(0.517,0.307) target=(756,408) cursor=(757,407)
[2026-06-07 14:14:00] [computeCursor] IN: screenSize=(1920,1080) → OUT: cursor=(756,407) (0ms)
[CURSOR-ABS] handSide=unknown hand=(0.595,0.495) filter=(0.517,0.307) target=(755,409) cursor=(756,408)
[2026-06-07 14:14:00] [computeCursor] IN: screenSize=(1920,1080) → OUT: cursor=(755,408) (0ms)
[CURSOR-ABS] handSide=unknown hand=(0.590,0.452) filter=(0.517,0.307) target=(754,409) cursor=(755,409)
[2026-06-07 14:14:00] [computeCursor] IN: screenSize=(1920,1080) → OUT: cursor=(754,409) (0ms)
[CURSOR-ABS] handSide=unknown hand=(0.585,0.415) filter=(0.518,0.308) target=(753,410) cursor=(754,409)
[2026-06-07 14:14:00] [computeCursor] IN: screenSize=(1920,1080) → OUT: cursor=(753,409) (0ms)
[CURSOR-ABS] handSide=unknown hand=(0.580,0.371) filter=(0.518,0.308) target=(753,410) cursor=(753,410)
[2026-06-07 14:14:00] [computeCursor] IN: screenSize=(1920,1080) → OUT: cursor=(752,410) (0ms)
[CURSOR-ABS] handSide=unknown hand=(0.573,0.332) filter=(0.518,0.308) target=(752,410) cursor=(753,410)
[2026-06-07 14:14:00] [computeCursor] IN: screenSize=(1920,1080) → OUT: cursor=(751,410) (0ms)
[CURSOR-ABS] handSide=unknown hand=(0.568,0.292) filter=(0.518,0.308) target=(751,410) cursor=(752,410)
[2026-06-07 14:14:00] [computeCursor] IN: screenSize=(1920,1080) → OUT: cursor=(751,410) (0ms)
[CURSOR-ABS] handSide=unknown hand=(0.563,0.258) filter=(0.518,0.308) target=(751,410) cursor=(751,410)
[2026-06-07 14:14:00] [computeCursor] IN: screenSize=(1920,1080) → OUT: cursor=(750,410) (1ms)
[CURSOR-ABS] handSide=unknown hand=(0.556,0.227) filter=(0.518,0.307) target=(750,410) cursor=(751,410)
[2026-06-07 14:14:00] [computeCursor] IN: screenSize=(1920,1080) → OUT: cursor=(750,409) (0ms)
[CURSOR-ABS] handSide=unknown hand=(0.548,0.194) filter=(0.519,0.307) target=(750,409) cursor=(750,410)
[2026-06-07 14:14:00] [computeCursor] IN: screenSize=(1920,1080) → OUT: cursor=(749,409) (0ms)
[CURSOR-ABS] handSide=unknown hand=(0.543,0.166) filter=(0.519,0.307) target=(750,408) cursor=(750,409)
[2026-06-07 14:14:00] [computeCursor] IN: screenSize=(1920,1080) → OUT: cursor=(749,408) (0ms)
[CURSOR-ABS] handSide=unknown hand=(0.541,0.141) filter=(0.519,0.307) target=(749,408) cursor=(750,408)
[2026-06-07 14:14:00] [computeCursor] IN: screenSize=(1920,1080) → OUT: cursor=(749,407) (0ms)
[CURSOR-ABS] handSide=unknown hand=(0.541,0.117) filter=(0.519,0.306) target=(749,407) cursor=(749,408)
[2026-06-07 14:14:00] [computeCursor] IN: screenSize=(1920,1080) → OUT: cursor=(749,406) (0ms)
[CURSOR-ABS] handSide=unknown hand=(0.462,0.377) filter=(0.519,0.306) target=(750,407) cursor=(749,407)
[2026-06-07 14:14:00] [computeCursor] IN: screenSize=(1920,1080) → OUT: cursor=(749,407) (0ms)
[CURSOR-ABS] handSide=unknown hand=(0.460,0.369) filter=(0.518,0.306) target=(750,407) cursor=(750,407)
[2026-06-07 14:14:00] [computeCursor] IN: screenSize=(1920,1080) → OUT: cursor=(750,407) (0ms)
[CURSOR-ABS] handSide=unknown hand=(0.459,0.361) filter=(0.518,0.307) target=(751,408) cursor=(750,407)
[2026-06-07 14:14:00] [computeCursor] IN: screenSize=(1920,1080) → OUT: cursor=(751,407) (0ms)
[CURSOR-ABS] handSide=unknown hand=(0.464,0.338) filter=(0.518,0.307) target=(752,408) cursor=(751,408)
[2026-06-07 14:14:00] [computeCursor] IN: screenSize=(1920,1080) → OUT: cursor=(751,407) (0ms)
[CURSOR-ABS] handSide=unknown hand=(0.467,0.315) filter=(0.518,0.307) target=(752,408) cursor=(752,408)
[2026-06-07 14:14:00] [computeCursor] IN: screenSize=(1920,1080) → OUT: cursor=(752,407) (0ms)
[CURSOR-ABS] handSide=unknown hand=(0.471,0.290) filter=(0.518,0.307) target=(753,408) cursor=(752,408)
[2026-06-07 14:14:00] [computeCursor] IN: screenSize=(1920,1080) → OUT: cursor=(752,407) (0ms)
[CURSOR-ABS] handSide=unknown hand=(0.479,0.275) filter=(0.518,0.307) target=(753,408) cursor=(753,408)
[2026-06-07 14:14:00] [computeCursor] IN: screenSize=(1920,1080) → OUT: cursor=(753,407) (0ms)
[CURSOR-ABS] handSide=unknown hand=(0.484,0.268) filter=(0.517,0.306) target=(754,408) cursor=(753,408)
[2026-06-07 14:14:00] [computeCursor] IN: screenSize=(1920,1080) → OUT: cursor=(753,407) (0ms)
[CURSOR-ABS] handSide=unknown hand=(0.487,0.265) filter=(0.517,0.306) target=(754,407) cursor=(754,408)
[2026-06-07 14:14:00] [computeCursor] IN: screenSize=(1920,1080) → OUT: cursor=(754,407) (0ms)
[CURSOR-ABS] handSide=unknown hand=(0.491,0.261) filter=(0.517,0.306) target=(754,407) cursor=(754,407)
[2026-06-07 14:14:00] [computeCursor] IN: screenSize=(1920,1080) → OUT: cursor=(754,407) (0ms)
[CURSOR-ABS] handSide=unknown hand=(0.492,0.263) filter=(0.517,0.306) target=(755,407) cursor=(754,407)
[2026-06-07 14:14:00] [computeCursor] IN: screenSize=(1920,1080) → OUT: cursor=(754,406) (0ms)
[CURSOR-ABS] handSide=unknown hand=(0.497,0.265) filter=(0.517,0.306) target=(755,407) cursor=(755,407)
[2026-06-07 14:14:00] [computeCursor] IN: screenSize=(1920,1080) → OUT: cursor=(754,406) (0ms)
[CURSOR-ABS] handSide=unknown hand=(0.503,0.267) filter=(0.517,0.306) target=(755,407) cursor=(755,407)
[2026-06-07 14:14:00] [computeCursor] IN: screenSize=(1920,1080) → OUT: cursor=(755,406) (0ms)
[CURSOR-ABS] handSide=unknown hand=(0.505,0.261) filter=(0.517,0.306) target=(755,406) cursor=(755,407)
[2026-06-07 14:14:00] [computeCursor] IN: screenSize=(1920,1080) → OUT: cursor=(755,406) (0ms)
[CURSOR-ABS] handSide=unknown hand=(0.506,0.253) filter=(0.517,0.306) target=(755,406) cursor=(755,406)
[2026-06-07 14:14:00] [computeCursor] IN: screenSize=(1920,1080) → OUT: cursor=(755,406) (0ms)
[CURSOR-ABS] handSide=unknown hand=(0.510,0.241) filter=(0.517,0.306) target=(756,406) cursor=(755,406)
[2026-06-07 14:14:00] [computeCursor] IN: screenSize=(1920,1080) → OUT: cursor=(755,405) (0ms)
[CURSOR-ABS] handSide=unknown hand=(0.516,0.220) filter=(0.517,0.306) target=(756,405) cursor=(756,406)
[2026-06-07 14:14:00] [computeCursor] IN: screenSize=(1920,1080) → OUT: cursor=(755,405) (0ms)
[CURSOR-ABS] handSide=unknown hand=(0.522,0.193) filter=(0.517,0.305) target=(755,405) cursor=(756,405)
[2026-06-07 14:14:00] [computeCursor] IN: screenSize=(1920,1080) → OUT: cursor=(755,405) (0ms)
[CURSOR-ABS] handSide=unknown hand=(0.525,0.163) filter=(0.517,0.305) target=(755,404) cursor=(755,405)
[2026-06-07 14:14:00] [computeCursor] IN: screenSize=(1920,1080) → OUT: cursor=(755,404) (0ms)
[CURSOR-ABS] handSide=unknown hand=(0.528,0.134) filter=(0.517,0.305) target=(755,404) cursor=(755,404)
[2026-06-07 14:14:00] [computeCursor] IN: screenSize=(1920,1080) → OUT: cursor=(755,403) (0ms)
[CURSOR-ABS] handSide=unknown hand=(0.529,0.106) filter=(0.517,0.304) target=(755,403) cursor=(755,404)
[2026-06-07 14:14:00] [computeCursor] IN: screenSize=(1920,1080) → OUT: cursor=(755,402) (0ms)
[CURSOR-ABS] handSide=unknown hand=(0.555,0.311) filter=(0.517,0.304) target=(755,403) cursor=(755,403)
[2026-06-07 14:14:00] [computeCursor] IN: screenSize=(1920,1080) → OUT: cursor=(754,402) (1ms)
[CURSOR-ABS] handSide=unknown hand=(0.580,0.322) filter=(0.517,0.304) target=(754,403) cursor=(755,403)
[2026-06-07 14:14:00] [computeCursor] IN: screenSize=(1920,1080) → OUT: cursor=(753,402) (0ms)
[CURSOR-ABS] handSide=unknown hand=(0.600,0.337) filter=(0.518,0.304) target=(753,403) cursor=(754,403)
[2026-06-07 14:14:00] [computeCursor] IN: screenSize=(1920,1080) → OUT: cursor=(752,403) (0ms)
[CURSOR-ABS] handSide=unknown hand=(0.623,0.347) filter=(0.518,0.304) target=(752,403) cursor=(753,403)
[2026-06-07 14:14:00] [computeCursor] IN: screenSize=(1920,1080) → OUT: cursor=(751,403) (0ms)
[CURSOR-ABS] handSide=unknown hand=(0.649,0.360) filter=(0.518,0.305) target=(750,403) cursor=(752,403)
[2026-06-07 14:14:00] [computeCursor] IN: screenSize=(1920,1080) → OUT: cursor=(750,403) (0ms)
[CURSOR-ABS] handSide=unknown hand=(0.671,0.371) filter=(0.519,0.305) target=(748,404) cursor=(750,403)
[2026-06-07 14:14:00] [computeCursor] IN: screenSize=(1920,1080) → OUT: cursor=(748,403) (0ms)
[CURSOR-ABS] handSide=unknown hand=(0.698,0.388) filter=(0.519,0.305) target=(746,404) cursor=(748,404)
[2026-06-07 14:14:00] [computeCursor] IN: screenSize=(1920,1080) → OUT: cursor=(746,404) (0ms)
[CURSOR-ABS] handSide=unknown hand=(0.723,0.396) filter=(0.520,0.305) target=(744,405) cursor=(746,404)
[2026-06-07 14:14:00] [computeCursor] IN: screenSize=(1920,1080) → OUT: cursor=(743,404) (0ms)
[CURSOR-ABS] handSide=unknown hand=(0.741,0.397) filter=(0.521,0.305) target=(741,405) cursor=(744,405)
[2026-06-07 14:14:00] [computeCursor] IN: screenSize=(1920,1080) → OUT: cursor=(740,404) (1ms)
[CURSOR-ABS] handSide=unknown hand=(0.759,0.394) filter=(0.522,0.305) target=(738,405) cursor=(741,405)
[2026-06-07 14:14:00] [computeCursor] IN: screenSize=(1920,1080) → OUT: cursor=(737,405) (0ms)
[CURSOR-ABS] handSide=unknown hand=(0.775,0.399) filter=(0.522,0.306) target=(735,406) cursor=(738,405)
[2026-06-07 14:14:00] [computeCursor] IN: screenSize=(1920,1080) → OUT: cursor=(734,405) (0ms)
[CURSOR-ABS] handSide=unknown hand=(0.789,0.399) filter=(0.523,0.306) target=(732,406) cursor=(735,406)
[2026-06-07 14:14:00] [computeCursor] IN: screenSize=(1920,1080) → OUT: cursor=(731,406) (0ms)
[CURSOR-ABS] handSide=unknown hand=(0.798,0.397) filter=(0.524,0.306) target=(728,407) cursor=(732,406)
[2026-06-07 14:14:00] [computeCursor] IN: screenSize=(1920,1080) → OUT: cursor=(728,406) (0ms)
[CURSOR-ABS] handSide=unknown hand=(0.806,0.390) filter=(0.525,0.306) target=(725,407) cursor=(728,407)
[2026-06-07 14:14:00] [computeCursor] IN: screenSize=(1920,1080) → OUT: cursor=(724,406) (0ms)
[CURSOR-ABS] handSide=unknown hand=(0.814,0.386) filter=(0.526,0.306) target=(721,407) cursor=(725,407)
[2026-06-07 14:14:00] [computeCursor] IN: screenSize=(1920,1080) → OUT: cursor=(721,407) (0ms)
[CURSOR-ABS] handSide=unknown hand=(0.820,0.380) filter=(0.527,0.306) target=(717,408) cursor=(721,407)
[2026-06-07 14:14:00] [computeCursor] IN: screenSize=(1920,1080) → OUT: cursor=(717,407) (0ms)
[CURSOR-ABS] handSide=unknown hand=(0.826,0.368) filter=(0.528,0.307) target=(714,408) cursor=(717,408)
[2026-06-07 14:14:00] [computeCursor] IN: screenSize=(1920,1080) → OUT: cursor=(713,407) (0ms)
[CURSOR-ABS] handSide=unknown hand=(0.835,0.356) filter=(0.529,0.307) target=(710,408) cursor=(714,408)
[2026-06-07 14:14:00] [computeCursor] IN: screenSize=(1920,1080) → OUT: cursor=(709,408) (0ms)
[CURSOR-ABS] handSide=unknown hand=(0.841,0.342) filter=(0.530,0.307) target=(705,408) cursor=(710,408)
[2026-06-07 14:14:00] [computeCursor] IN: screenSize=(1920,1080) → OUT: cursor=(705,408) (0ms)
[CURSOR-ABS] handSide=unknown hand=(0.842,0.331) filter=(0.531,0.307) target=(701,408) cursor=(705,408)
[2026-06-07 14:14:00] [computeCursor] IN: screenSize=(1920,1080) → OUT: cursor=(701,408) (0ms)
[CURSOR-ABS] handSide=unknown hand=(0.839,0.326) filter=(0.532,0.307) target=(696,408) cursor=(701,408)
[2026-06-07 14:14:00] [computeCursor] IN: screenSize=(1920,1080) → OUT: cursor=(696,408) (0ms)
[CURSOR-ABS] handSide=unknown hand=(0.842,0.318) filter=(0.534,0.307) target=(692,409) cursor=(696,408)
[2026-06-07 14:14:00] [computeCursor] IN: screenSize=(1920,1080) → OUT: cursor=(691,408) (0ms)
[CURSOR-ABS] handSide=unknown hand=(0.835,0.318) filter=(0.535,0.307) target=(687,409) cursor=(692,409)
[2026-06-07 14:14:00] [computeCursor] IN: screenSize=(1920,1080) → OUT: cursor=(686,408) (0ms)
[CURSOR-ABS] handSide=unknown hand=(0.830,0.322) filter=(0.536,0.307) target=(683,409) cursor=(687,409)
[2026-06-07 14:14:00] [computeCursor] IN: screenSize=(1920,1080) → OUT: cursor=(682,408) (0ms)
[CURSOR-ABS] handSide=unknown hand=(0.819,0.337) filter=(0.537,0.307) target=(679,409) cursor=(683,409)
[2026-06-07 14:14:00] [computeCursor] IN: screenSize=(1920,1080) → OUT: cursor=(678,408) (0ms)
[CURSOR-ABS] handSide=unknown hand=(0.807,0.346) filter=(0.538,0.307) target=(675,409) cursor=(679,409)
[2026-06-07 14:14:00] [computeCursor] IN: screenSize=(1920,1080) → OUT: cursor=(675,408) (0ms)
[CURSOR-ABS] handSide=unknown hand=(0.795,0.362) filter=(0.539,0.307) target=(672,409) cursor=(675,409)
[2026-06-07 14:14:00] [computeCursor] IN: screenSize=(1920,1080) → OUT: cursor=(671,409) (0ms)
[CURSOR-ABS] handSide=unknown hand=(0.780,0.382) filter=(0.540,0.307) target=(668,410) cursor=(672,409)
[2026-06-07 14:14:00] [computeCursor] IN: screenSize=(1920,1080) → OUT: cursor=(668,409) (0ms)
[CURSOR-ABS] handSide=unknown hand=(0.772,0.407) filter=(0.541,0.308) target=(665,410) cursor=(668,410)
[2026-06-07 14:14:00] [computeCursor] IN: screenSize=(1920,1080) → OUT: cursor=(665,410) (0ms)
[CURSOR-ABS] handSide=unknown hand=(0.756,0.423) filter=(0.541,0.308) target=(662,411) cursor=(665,410)
[2026-06-07 14:14:00] [computeCursor] IN: screenSize=(1920,1080) → OUT: cursor=(662,410) (0ms)
[CURSOR-ABS] handSide=unknown hand=(0.741,0.440) filter=(0.542,0.308) target=(660,411) cursor=(662,411)
[2026-06-07 14:14:00] [computeCursor] IN: screenSize=(1920,1080) → OUT: cursor=(659,411) (0ms)
[CURSOR-ABS] handSide=unknown hand=(0.722,0.458) filter=(0.543,0.308) target=(657,412) cursor=(660,411)
[2026-06-07 14:14:00] [computeCursor] IN: screenSize=(1920,1080) → OUT: cursor=(657,411) (0ms)
[CURSOR-ABS] handSide=unknown hand=(0.705,0.467) filter=(0.543,0.309) target=(655,413) cursor=(657,412)
[2026-06-07 14:14:00] [computeCursor] IN: screenSize=(1920,1080) → OUT: cursor=(654,412) (0ms)
[CURSOR-ABS] handSide=unknown hand=(0.690,0.475) filter=(0.544,0.309) target=(653,413) cursor=(655,413)
[2026-06-07 14:14:00] [computeCursor] IN: screenSize=(1920,1080) → OUT: cursor=(652,413) (0ms)
[CURSOR-ABS] handSide=unknown hand=(0.674,0.477) filter=(0.544,0.309) target=(651,414) cursor=(653,413)
[2026-06-07 14:14:00] [computeCursor] IN: screenSize=(1920,1080) → OUT: cursor=(651,414) (0ms)
[CURSOR-ABS] handSide=unknown hand=(0.659,0.478) filter=(0.545,0.310) target=(650,415) cursor=(651,414)
[2026-06-07 14:14:00] [computeCursor] IN: screenSize=(1920,1080) → OUT: cursor=(649,414) (0ms)
[CURSOR-ABS] handSide=unknown hand=(0.644,0.475) filter=(0.545,0.310) target=(648,416) cursor=(650,415)
[2026-06-07 14:14:00] [computeCursor] IN: screenSize=(1920,1080) → OUT: cursor=(648,415) (0ms)
[CURSOR-ABS] handSide=unknown hand=(0.630,0.473) filter=(0.545,0.311) target=(647,416) cursor=(648,416)
[2026-06-07 14:14:00] [computeCursor] IN: screenSize=(1920,1080) → OUT: cursor=(647,416) (0ms)
[CURSOR-ABS] handSide=unknown hand=(0.614,0.469) filter=(0.545,0.311) target=(646,417) cursor=(647,416)
[2026-06-07 14:14:00] [computeCursor] IN: screenSize=(1920,1080) → OUT: cursor=(646,417) (0ms)
[CURSOR-ABS] handSide=unknown hand=(0.600,0.464) filter=(0.546,0.311) target=(645,418) cursor=(646,417)
[2026-06-07 14:14:00] [computeCursor] IN: screenSize=(1920,1080) → OUT: cursor=(645,417) (0ms)
[CURSOR-ABS] handSide=unknown hand=(0.585,0.459) filter=(0.546,0.312) target=(645,418) cursor=(645,418)
[2026-06-07 14:14:00] [computeCursor] IN: screenSize=(1920,1080) → OUT: cursor=(644,418) (0ms)
[CURSOR-ABS] handSide=unknown hand=(0.572,0.455) filter=(0.546,0.312) target=(645,419) cursor=(645,418)
[2026-06-07 14:14:00] [computeCursor] IN: screenSize=(1920,1080) → OUT: cursor=(644,419) (0ms)
[CURSOR-ABS] handSide=unknown hand=(0.557,0.454) filter=(0.546,0.312) target=(644,420) cursor=(645,419)
[2026-06-07 14:14:00] [computeCursor] IN: screenSize=(1920,1080) → OUT: cursor=(644,419) (0ms)
[CURSOR-ABS] handSide=unknown hand=(0.544,0.446) filter=(0.546,0.312) target=(644,420) cursor=(644,420)
[2026-06-07 14:14:00] [computeCursor] IN: screenSize=(1920,1080) → OUT: cursor=(644,420) (0ms)
[CURSOR-ABS] handSide=unknown hand=(0.532,0.442) filter=(0.546,0.313) target=(645,421) cursor=(644,420)
[2026-06-07 14:14:00] [computeCursor] IN: screenSize=(1920,1080) → OUT: cursor=(644,421) (0ms)
[CURSOR-ABS] handSide=unknown hand=(0.520,0.440) filter=(0.546,0.313) target=(645,422) cursor=(645,421)
[2026-06-07 14:14:00] [computeCursor] IN: screenSize=(1920,1080) → OUT: cursor=(644,421) (0ms)
[CURSOR-ABS] handSide=unknown hand=(0.507,0.437) filter=(0.546,0.313) target=(646,422) cursor=(645,422)
[2026-06-07 14:14:00] [computeCursor] IN: screenSize=(1920,1080) → OUT: cursor=(645,422) (0ms)
[CURSOR-ABS] handSide=unknown hand=(0.497,0.432) filter=(0.545,0.314) target=(646,423) cursor=(646,422)
[2026-06-07 14:14:00] [computeCursor] IN: screenSize=(1920,1080) → OUT: cursor=(646,422) (0ms)
[CURSOR-ABS] handSide=unknown hand=(0.484,0.430) filter=(0.545,0.314) target=(647,424) cursor=(646,423)
[2026-06-07 14:14:00] [computeCursor] IN: screenSize=(1920,1080) → OUT: cursor=(647,423) (0ms)
[CURSOR-ABS] handSide=unknown hand=(0.474,0.428) filter=(0.545,0.314) target=(648,424) cursor=(647,424)
[2026-06-07 14:14:00] [computeCursor] IN: screenSize=(1920,1080) → OUT: cursor=(648,424) (0ms)
[CURSOR-ABS] handSide=unknown hand=(0.464,0.424) filter=(0.545,0.314) target=(649,425) cursor=(648,424)
[2026-06-07 14:14:00] [computeCursor] IN: screenSize=(1920,1080) → OUT: cursor=(649,424) (0ms)
[CURSOR-ABS] handSide=unknown hand=(0.454,0.425) filter=(0.544,0.315) target=(651,425) cursor=(649,425)
[2026-06-07 14:14:00] [computeCursor] IN: screenSize=(1920,1080) → OUT: cursor=(650,425) (0ms)
[CURSOR-ABS] handSide=unknown hand=(0.444,0.422) filter=(0.544,0.315) target=(652,426) cursor=(651,425)
[2026-06-07 14:14:00] [computeCursor] IN: screenSize=(1920,1080) → OUT: cursor=(651,425) (0ms)
[CURSOR-ABS] handSide=unknown hand=(0.436,0.421) filter=(0.544,0.315) target=(653,426) cursor=(652,426)
[2026-06-07 14:14:00] [computeCursor] IN: screenSize=(1920,1080) → OUT: cursor=(653,426) (0ms)
[CURSOR-ABS] handSide=unknown hand=(0.427,0.420) filter=(0.543,0.315) target=(655,427) cursor=(653,426)
[2026-06-07 14:14:00] [computeCursor] IN: screenSize=(1920,1080) → OUT: cursor=(654,426) (0ms)
[CURSOR-ABS] handSide=unknown hand=(0.419,0.418) filter=(0.543,0.316) target=(657,427) cursor=(655,427)
[2026-06-07 14:14:00] [computeCursor] IN: screenSize=(1920,1080) → OUT: cursor=(656,427) (0ms)
[CURSOR-ABS] handSide=unknown hand=(0.413,0.415) filter=(0.542,0.316) target=(658,428) cursor=(657,427)
[2026-06-07 14:14:00] [computeCursor] IN: screenSize=(1920,1080) → OUT: cursor=(658,427) (0ms)
[CURSOR-ABS] handSide=unknown hand=(0.404,0.409) filter=(0.542,0.316) target=(660,428) cursor=(658,428)
[2026-06-07 14:14:00] [computeCursor] IN: screenSize=(1920,1080) → OUT: cursor=(660,428) (0ms)
[CURSOR-ABS] handSide=unknown hand=(0.393,0.403) filter=(0.541,0.316) target=(662,429) cursor=(660,428)
[2026-06-07 14:14:00] [computeCursor] IN: screenSize=(1920,1080) → OUT: cursor=(662,428) (0ms)
[CURSOR-ABS] handSide=unknown hand=(0.384,0.394) filter=(0.541,0.316) target=(664,429) cursor=(662,429)
[2026-06-07 14:14:00] [computeCursor] IN: screenSize=(1920,1080) → OUT: cursor=(664,429) (0ms)
[CURSOR-ABS] handSide=unknown hand=(0.373,0.384) filter=(0.540,0.317) target=(667,429) cursor=(664,429)
[2026-06-07 14:14:00] [computeCursor] IN: screenSize=(1920,1080) → OUT: cursor=(666,429) (0ms)
[CURSOR-ABS] handSide=unknown hand=(0.365,0.375) filter=(0.540,0.317) target=(669,430) cursor=(667,429)
[2026-06-07 14:14:00] [computeCursor] IN: screenSize=(1920,1080) → OUT: cursor=(668,429) (0ms)
[CURSOR-ABS] handSide=unknown hand=(0.358,0.364) filter=(0.539,0.317) target=(672,430) cursor=(669,430)
[2026-06-07 14:14:00] [computeCursor] IN: screenSize=(1920,1080) → OUT: cursor=(671,429) (0ms)
[CURSOR-ABS] handSide=unknown hand=(0.353,0.352) filter=(0.538,0.317) target=(674,430) cursor=(672,430)
[2026-06-07 14:14:00] [computeCursor] IN: screenSize=(1920,1080) → OUT: cursor=(674,430) (0ms)
[CURSOR-ABS] handSide=unknown hand=(0.348,0.341) filter=(0.538,0.317) target=(677,430) cursor=(674,430)
[2026-06-07 14:14:00] [computeCursor] IN: screenSize=(1920,1080) → OUT: cursor=(676,430) (0ms)
[CURSOR-ABS] handSide=unknown hand=(0.345,0.325) filter=(0.537,0.317) target=(679,430) cursor=(677,430)
[2026-06-07 14:14:00] [computeCursor] IN: screenSize=(1920,1080) → OUT: cursor=(679,430) (0ms)
[CURSOR-ABS] handSide=unknown hand=(0.343,0.309) filter=(0.536,0.317) target=(682,430) cursor=(679,430)
[2026-06-07 14:14:00] [computeCursor] IN: screenSize=(1920,1080) → OUT: cursor=(681,430) (0ms)
[CURSOR-ABS] handSide=unknown hand=(0.339,0.293) filter=(0.536,0.317) target=(684,430) cursor=(682,430)
[2026-06-07 14:14:00] [computeCursor] IN: screenSize=(1920,1080) → OUT: cursor=(684,430) (0ms)
[CURSOR-ABS] handSide=unknown hand=(0.338,0.278) filter=(0.535,0.317) target=(687,430) cursor=(684,430)
[2026-06-07 14:14:00] [computeCursor] IN: screenSize=(1920,1080) → OUT: cursor=(686,429) (0ms)
[CURSOR-ABS] handSide=unknown hand=(0.335,0.260) filter=(0.534,0.317) target=(689,430) cursor=(687,430)
[2026-06-07 14:14:00] [computeCursor] IN: screenSize=(1920,1080) → OUT: cursor=(689,429) (0ms)
[CURSOR-ABS] handSide=unknown hand=(0.335,0.247) filter=(0.534,0.317) target=(692,429) cursor=(689,430)
[2026-06-07 14:14:00] [computeCursor] IN: screenSize=(1920,1080) → OUT: cursor=(691,429) (0ms)
[CURSOR-ABS] handSide=unknown hand=(0.332,0.234) filter=(0.533,0.316) target=(695,429) cursor=(692,429)
[2026-06-07 14:14:00] [computeCursor] IN: screenSize=(1920,1080) → OUT: cursor=(694,428) (0ms)
[CURSOR-ABS] handSide=unknown hand=(0.329,0.222) filter=(0.532,0.316) target=(697,428) cursor=(695,429)
[2026-06-07 14:14:00] [computeCursor] IN: screenSize=(1920,1080) → OUT: cursor=(697,428) (0ms)
[CURSOR-ABS] handSide=unknown hand=(0.328,0.215) filter=(0.532,0.316) target=(700,428) cursor=(697,428)
[2026-06-07 14:14:00] [computeCursor] IN: screenSize=(1920,1080) → OUT: cursor=(699,427) (0ms)
[CURSOR-ABS] handSide=unknown hand=(0.327,0.206) filter=(0.531,0.316) target=(703,427) cursor=(700,428)
[2026-06-07 14:14:00] [computeCursor] IN: screenSize=(1920,1080) → OUT: cursor=(702,427) (0ms)
[CURSOR-ABS] handSide=unknown hand=(0.326,0.197) filter=(0.530,0.315) target=(705,427) cursor=(703,427)
[2026-06-07 14:14:00] [computeCursor] IN: screenSize=(1920,1080) → OUT: cursor=(705,426) (0ms)
[CURSOR-ABS] handSide=unknown hand=(0.328,0.195) filter=(0.529,0.315) target=(708,426) cursor=(705,427)
[2026-06-07 14:14:00] [computeCursor] IN: screenSize=(1920,1080) → OUT: cursor=(707,426) (0ms)
[CURSOR-ABS] handSide=unknown hand=(0.328,0.194) filter=(0.529,0.315) target=(710,426) cursor=(708,426)
[2026-06-07 14:14:00] [computeCursor] IN: screenSize=(1920,1080) → OUT: cursor=(710,425) (0ms)
[CURSOR-ABS] handSide=unknown hand=(0.331,0.194) filter=(0.528,0.314) target=(713,425) cursor=(710,426)
[2026-06-07 14:14:00] [computeCursor] IN: screenSize=(1920,1080) → OUT: cursor=(712,424) (0ms)
[CURSOR-ABS] handSide=unknown hand=(0.332,0.198) filter=(0.528,0.314) target=(715,424) cursor=(713,425)
[2026-06-07 14:14:00] [computeCursor] IN: screenSize=(1920,1080) → OUT: cursor=(715,424) (0ms)
[CURSOR-ABS] handSide=unknown hand=(0.334,0.200) filter=(0.527,0.314) target=(718,424) cursor=(715,424)
[2026-06-07 14:14:00] [computeCursor] IN: screenSize=(1920,1080) → OUT: cursor=(717,423) (0ms)
[CURSOR-ABS] handSide=unknown hand=(0.339,0.201) filter=(0.526,0.314) target=(720,423) cursor=(718,424)
[2026-06-07 14:14:00] [computeCursor] IN: screenSize=(1920,1080) → OUT: cursor=(719,423) (0ms)
[CURSOR-ABS] handSide=unknown hand=(0.343,0.204) filter=(0.526,0.313) target=(722,423) cursor=(720,423)
[2026-06-07 14:14:00] [computeCursor] IN: screenSize=(1920,1080) → OUT: cursor=(722,422) (0ms)
[CURSOR-ABS] handSide=unknown hand=(0.348,0.204) filter=(0.525,0.313) target=(724,422) cursor=(722,423)
[2026-06-07 14:14:00] [computeCursor] IN: screenSize=(1920,1080) → OUT: cursor=(724,422) (0ms)
[CURSOR-ABS] handSide=unknown hand=(0.352,0.202) filter=(0.525,0.313) target=(726,422) cursor=(724,422)
[2026-06-07 14:14:00] [computeCursor] IN: screenSize=(1920,1080) → OUT: cursor=(726,421) (0ms)
[CURSOR-ABS] handSide=unknown hand=(0.357,0.193) filter=(0.524,0.313) target=(728,421) cursor=(726,422)
[2026-06-07 14:14:00] [computeCursor] IN: screenSize=(1920,1080) → OUT: cursor=(728,421) (1ms)
[CURSOR-ABS] handSide=unknown hand=(0.360,0.185) filter=(0.523,0.312) target=(731,420) cursor=(728,421)
[2026-06-07 14:14:00] [computeCursor] IN: screenSize=(1920,1080) → OUT: cursor=(730,420) (0ms)
[CURSOR-ABS] handSide=unknown hand=(0.362,0.167) filter=(0.523,0.312) target=(733,420) cursor=(731,420)
[2026-06-07 14:14:00] [computeCursor] IN: screenSize=(1920,1080) → OUT: cursor=(732,419) (0ms)
[CURSOR-ABS] handSide=unknown hand=(0.364,0.147) filter=(0.522,0.312) target=(735,419) cursor=(733,420)
[2026-06-07 14:14:00] [computeCursor] IN: screenSize=(1920,1080) → OUT: cursor=(734,418) (0ms)
[CURSOR-ABS] handSide=unknown hand=(0.365,0.127) filter=(0.522,0.311) target=(737,418) cursor=(735,419)
[2026-06-07 14:14:00] [computeCursor] IN: screenSize=(1920,1080) → OUT: cursor=(736,417) (0ms)
[CURSOR-ABS] handSide=unknown hand=(0.383,0.120) filter=(0.522,0.311) target=(738,417) cursor=(737,418)
[2026-06-07 14:14:00] [computeCursor] IN: screenSize=(1920,1080) → OUT: cursor=(738,417) (1ms)
[CURSOR-ABS] handSide=unknown hand=(0.684,0.405) filter=(0.522,0.311) target=(736,418) cursor=(738,417)
[2026-06-07 14:14:00] [computeCursor] IN: screenSize=(1920,1080) → OUT: cursor=(736,417) (0ms)
[CURSOR-ABS] handSide=unknown hand=(0.678,0.410) filter=(0.522,0.311) target=(735,418) cursor=(736,418)
[2026-06-07 14:14:00] [computeCursor] IN: screenSize=(1920,1080) → OUT: cursor=(734,417) (0ms)
[CURSOR-ABS] handSide=unknown hand=(0.675,0.434) filter=(0.523,0.312) target=(733,419) cursor=(735,418)
[2026-06-07 14:14:00] [computeCursor] IN: screenSize=(1920,1080) → OUT: cursor=(732,418) (0ms)
[CURSOR-ABS] handSide=unknown hand=(0.665,0.460) filter=(0.523,0.312) target=(731,419) cursor=(733,419)
[2026-06-07 14:14:00] [computeCursor] IN: screenSize=(1920,1080) → OUT: cursor=(731,419) (0ms)
[CURSOR-ABS] handSide=unknown hand=(0.651,0.477) filter=(0.524,0.312) target=(730,420) cursor=(731,419)
[2026-06-07 14:14:00] [computeCursor] IN: screenSize=(1920,1080) → OUT: cursor=(729,420) (0ms)
[CURSOR-ABS] handSide=unknown hand=(0.637,0.497) filter=(0.524,0.313) target=(728,421) cursor=(730,420)
[2026-06-07 14:14:00] [computeCursor] IN: screenSize=(1920,1080) → OUT: cursor=(728,420) (0ms)
[CURSOR-ABS] handSide=unknown hand=(0.616,0.523) filter=(0.524,0.313) target=(727,422) cursor=(728,421)
[2026-06-07 14:14:00] [computeCursor] IN: screenSize=(1920,1080) → OUT: cursor=(727,421) (0ms)
[CURSOR-ABS] handSide=unknown hand=(0.596,0.541) filter=(0.525,0.314) target=(726,423) cursor=(727,422)
[2026-06-07 14:14:00] [computeCursor] IN: screenSize=(1920,1080) → OUT: cursor=(726,422) (0ms)
[CURSOR-ABS] handSide=unknown hand=(0.574,0.558) filter=(0.525,0.314) target=(726,424) cursor=(726,423)
[2026-06-07 14:14:00] [computeCursor] IN: screenSize=(1920,1080) → OUT: cursor=(725,424) (0ms)
[CURSOR-ABS] handSide=unknown hand=(0.555,0.574) filter=(0.525,0.315) target=(725,425) cursor=(726,424)
[2026-06-07 14:14:00] [computeCursor] IN: screenSize=(1920,1080) → OUT: cursor=(725,425) (0ms)
[CURSOR-ABS] handSide=unknown hand=(0.534,0.583) filter=(0.525,0.315) target=(725,427) cursor=(725,425)
[2026-06-07 14:14:00] [computeCursor] IN: screenSize=(1920,1080) → OUT: cursor=(725,426) (0ms)
[CURSOR-ABS] handSide=unknown hand=(0.512,0.589) filter=(0.525,0.316) target=(725,428) cursor=(725,427)
[2026-06-07 14:14:00] [computeCursor] IN: screenSize=(1920,1080) → OUT: cursor=(725,428) (0ms)
[CURSOR-ABS] handSide=unknown hand=(0.492,0.593) filter=(0.525,0.317) target=(726,430) cursor=(725,428)
[2026-06-07 14:14:00] [computeCursor] IN: screenSize=(1920,1080) → OUT: cursor=(725,429) (0ms)
[CURSOR-ABS] handSide=unknown hand=(0.478,0.591) filter=(0.525,0.317) target=(726,431) cursor=(726,430)
[2026-06-07 14:14:00] [computeCursor] IN: screenSize=(1920,1080) → OUT: cursor=(726,430) (0ms)
[CURSOR-ABS] handSide=unknown hand=(0.462,0.590) filter=(0.524,0.318) target=(727,432) cursor=(726,431)
[2026-06-07 14:14:00] [computeCursor] IN: screenSize=(1920,1080) → OUT: cursor=(726,432) (0ms)
[CURSOR-ABS] handSide=unknown hand=(0.449,0.586) filter=(0.524,0.319) target=(728,434) cursor=(727,432)
[2026-06-07 14:14:00] [computeCursor] IN: screenSize=(1920,1080) → OUT: cursor=(727,433) (0ms)
[CURSOR-ABS] handSide=unknown hand=(0.436,0.577) filter=(0.524,0.319) target=(729,435) cursor=(728,434)
[2026-06-07 14:14:00] [computeCursor] IN: screenSize=(1920,1080) → OUT: cursor=(728,435) (0ms)
[CURSOR-ABS] handSide=unknown hand=(0.426,0.569) filter=(0.524,0.320) target=(730,436) cursor=(729,435)
[2026-06-07 14:14:00] [computeCursor] IN: screenSize=(1920,1080) → OUT: cursor=(730,436) (0ms)
[CURSOR-ABS] handSide=unknown hand=(0.416,0.560) filter=(0.523,0.320) target=(731,438) cursor=(730,436)
[2026-06-07 14:14:00] [computeCursor] IN: screenSize=(1920,1080) → OUT: cursor=(731,437) (0ms)
[CURSOR-ABS] handSide=unknown hand=(0.405,0.555) filter=(0.523,0.321) target=(733,439) cursor=(731,438)
[2026-06-07 14:14:00] [computeCursor] IN: screenSize=(1920,1080) → OUT: cursor=(732,438) (0ms)
[CURSOR-ABS] handSide=unknown hand=(0.395,0.549) filter=(0.523,0.321) target=(734,440) cursor=(733,439)
[2026-06-07 14:14:00] [computeCursor] IN: screenSize=(1920,1080) → OUT: cursor=(734,440) (0ms)
[CURSOR-ABS] handSide=unknown hand=(0.382,0.545) filter=(0.522,0.322) target=(736,441) cursor=(734,440)
[2026-06-07 14:14:00] [computeCursor] IN: screenSize=(1920,1080) → OUT: cursor=(735,441) (0ms)
[CURSOR-ABS] handSide=unknown hand=(0.370,0.537) filter=(0.522,0.323) target=(738,442) cursor=(736,441)
[2026-06-07 14:14:00] [computeCursor] IN: screenSize=(1920,1080) → OUT: cursor=(737,442) (0ms)
[CURSOR-ABS] handSide=unknown hand=(0.359,0.537) filter=(0.521,0.323) target=(740,444) cursor=(738,442)
[2026-06-07 14:14:00] [computeCursor] IN: screenSize=(1920,1080) → OUT: cursor=(739,443) (0ms)
[CURSOR-ABS] handSide=unknown hand=(0.346,0.536) filter=(0.521,0.324) target=(742,445) cursor=(740,444)
[2026-06-07 14:14:00] [computeCursor] IN: screenSize=(1920,1080) → OUT: cursor=(741,444) (0ms)
[CURSOR-ABS] handSide=unknown hand=(0.338,0.529) filter=(0.520,0.324) target=(744,446) cursor=(742,445)
[2026-06-07 14:14:00] [computeCursor] IN: screenSize=(1920,1080) → OUT: cursor=(743,445) (0ms)
[CURSOR-ABS] handSide=unknown hand=(0.328,0.527) filter=(0.520,0.325) target=(746,447) cursor=(744,446)
[2026-06-07 14:14:00] [computeCursor] IN: screenSize=(1920,1080) → OUT: cursor=(745,446) (0ms)
[CURSOR-ABS] handSide=unknown hand=(0.321,0.522) filter=(0.519,0.325) target=(748,448) cursor=(746,447)
[2026-06-07 14:14:00] [computeCursor] IN: screenSize=(1920,1080) → OUT: cursor=(748,447) (0ms)
[CURSOR-ABS] handSide=unknown hand=(0.312,0.517) filter=(0.518,0.326) target=(751,449) cursor=(748,448)
[2026-06-07 14:14:00] [computeCursor] IN: screenSize=(1920,1080) → OUT: cursor=(750,449) (0ms)
[CURSOR-ABS] handSide=unknown hand=(0.304,0.511) filter=(0.518,0.326) target=(753,450) cursor=(751,449)
[2026-06-07 14:14:00] [computeCursor] IN: screenSize=(1920,1080) → OUT: cursor=(753,450) (0ms)
[CURSOR-ABS] handSide=unknown hand=(0.299,0.506) filter=(0.517,0.327) target=(755,451) cursor=(753,450)
[2026-06-07 14:14:00] [computeCursor] IN: screenSize=(1920,1080) → OUT: cursor=(755,451) (0ms)
[CURSOR-ABS] handSide=unknown hand=(0.292,0.498) filter=(0.516,0.327) target=(758,452) cursor=(755,451)
[2026-06-07 14:14:00] [computeCursor] IN: screenSize=(1920,1080) → OUT: cursor=(758,452) (0ms)
[CURSOR-ABS] handSide=unknown hand=(0.285,0.488) filter=(0.516,0.327) target=(761,453) cursor=(758,452)
[2026-06-07 14:14:00] [computeCursor] IN: screenSize=(1920,1080) → OUT: cursor=(760,452) (0ms)
[CURSOR-ABS] handSide=unknown hand=(0.279,0.483) filter=(0.515,0.328) target=(763,454) cursor=(761,453)
[2026-06-07 14:14:00] [computeCursor] IN: screenSize=(1920,1080) → OUT: cursor=(763,453) (0ms)
[CURSOR-ABS] handSide=unknown hand=(0.273,0.477) filter=(0.514,0.328) target=(766,455) cursor=(763,454)
[2026-06-07 14:14:00] [computeCursor] IN: screenSize=(1920,1080) → OUT: cursor=(765,454) (0ms)
[CURSOR-ABS] handSide=unknown hand=(0.269,0.465) filter=(0.514,0.329) target=(769,455) cursor=(766,455)
[2026-06-07 14:14:00] [computeCursor] IN: screenSize=(1920,1080) → OUT: cursor=(768,455) (0ms)
[CURSOR-ABS] handSide=unknown hand=(0.264,0.452) filter=(0.513,0.329) target=(771,456) cursor=(769,455)
[2026-06-07 14:14:00] [computeCursor] IN: screenSize=(1920,1080) → OUT: cursor=(771,456) (0ms)
[CURSOR-ABS] handSide=unknown hand=(0.260,0.435) filter=(0.512,0.329) target=(774,457) cursor=(771,456)
[2026-06-07 14:14:00] [computeCursor] IN: screenSize=(1920,1080) → OUT: cursor=(774,456) (0ms)
[CURSOR-ABS] handSide=unknown hand=(0.257,0.419) filter=(0.511,0.330) target=(777,457) cursor=(774,457)
[2026-06-07 14:14:00] [computeCursor] IN: screenSize=(1920,1080) → OUT: cursor=(776,457) (0ms)
[CURSOR-ABS] handSide=unknown hand=(0.255,0.402) filter=(0.511,0.330) target=(779,458) cursor=(777,457)
[2026-06-07 14:14:00] [computeCursor] IN: screenSize=(1920,1080) → OUT: cursor=(779,457) (0ms)
[CURSOR-ABS] handSide=unknown hand=(0.253,0.384) filter=(0.510,0.330) target=(782,458) cursor=(779,458)
[2026-06-07 14:14:00] [computeCursor] IN: screenSize=(1920,1080) → OUT: cursor=(782,458) (0ms)
[CURSOR-ABS] handSide=unknown hand=(0.254,0.366) filter=(0.509,0.330) target=(785,458) cursor=(782,458)
[2026-06-07 14:14:00] [computeCursor] IN: screenSize=(1920,1080) → OUT: cursor=(784,458) (1ms)
[CURSOR-ABS] handSide=unknown hand=(0.254,0.351) filter=(0.509,0.330) target=(788,458) cursor=(785,458)
[2026-06-07 14:14:00] [computeCursor] IN: screenSize=(1920,1080) → OUT: cursor=(787,458) (0ms)
[CURSOR-ABS] handSide=unknown hand=(0.256,0.336) filter=(0.508,0.330) target=(790,458) cursor=(788,458)
[2026-06-07 14:14:00] [computeCursor] IN: screenSize=(1920,1080) → OUT: cursor=(790,458) (1ms)
[CURSOR-ABS] handSide=unknown hand=(0.260,0.321) filter=(0.507,0.330) target=(793,458) cursor=(790,458)
[2026-06-07 14:14:00] [computeCursor] IN: screenSize=(1920,1080) → OUT: cursor=(792,458) (0ms)
[CURSOR-ABS] handSide=unknown hand=(0.266,0.303) filter=(0.507,0.330) target=(795,458) cursor=(793,458)
[2026-06-07 14:14:00] [computeCursor] IN: screenSize=(1920,1080) → OUT: cursor=(795,458) (0ms)
[CURSOR-ABS] handSide=unknown hand=(0.270,0.285) filter=(0.506,0.330) target=(798,458) cursor=(795,458)
[2026-06-07 14:14:00] [computeCursor] IN: screenSize=(1920,1080) → OUT: cursor=(797,457) (0ms)
[CURSOR-ABS] handSide=unknown hand=(0.275,0.268) filter=(0.505,0.330) target=(800,458) cursor=(798,458)
[2026-06-07 14:14:00] [computeCursor] IN: screenSize=(1920,1080) → OUT: cursor=(800,457) (0ms)
[CURSOR-ABS] handSide=unknown hand=(0.282,0.251) filter=(0.505,0.329) target=(802,457) cursor=(800,458)
[2026-06-07 14:14:00] [computeCursor] IN: screenSize=(1920,1080) → OUT: cursor=(802,457) (0ms)
[CURSOR-ABS] handSide=unknown hand=(0.285,0.236) filter=(0.504,0.329) target=(805,457) cursor=(802,457)
[2026-06-07 14:14:00] [computeCursor] IN: screenSize=(1920,1080) → OUT: cursor=(804,456) (0ms)
[CURSOR-ABS] handSide=unknown hand=(0.291,0.227) filter=(0.504,0.329) target=(807,456) cursor=(804,457)
[2026-06-07 14:14:00] [computeCursor] IN: screenSize=(1920,1080) → OUT: cursor=(806,456) (0ms)
[CURSOR-ABS] handSide=unknown hand=(0.299,0.219) filter=(0.503,0.329) target=(809,455) cursor=(807,456)
[2026-06-07 14:14:00] [computeCursor] IN: screenSize=(1920,1080) → OUT: cursor=(808,455) (0ms)
[CURSOR-ABS] handSide=unknown hand=(0.308,0.218) filter=(0.503,0.328) target=(811,455) cursor=(809,455)
[2026-06-07 14:14:00] [computeCursor] IN: screenSize=(1920,1080) → OUT: cursor=(810,454) (0ms)
[CURSOR-ABS] handSide=unknown hand=(0.320,0.219) filter=(0.502,0.328) target=(812,454) cursor=(811,455)
[2026-06-07 14:14:00] [computeCursor] IN: screenSize=(1920,1080) → OUT: cursor=(812,454) (0ms)
[CURSOR-ABS] handSide=unknown hand=(0.333,0.217) filter=(0.502,0.328) target=(814,454) cursor=(812,454)
[2026-06-07 14:14:00] [computeCursor] IN: screenSize=(1920,1080) → OUT: cursor=(813,453) (0ms)
[CURSOR-ABS] handSide=unknown hand=(0.347,0.217) filter=(0.501,0.327) target=(815,453) cursor=(814,454)
[2026-06-07 14:14:00] [computeCursor] IN: screenSize=(1920,1080) → OUT: cursor=(815,452) (0ms)
[CURSOR-ABS] handSide=unknown hand=(0.360,0.223) filter=(0.501,0.327) target=(817,452) cursor=(815,453)
[2026-06-07 14:14:00] [computeCursor] IN: screenSize=(1920,1080) → OUT: cursor=(816,452) (0ms)
[CURSOR-ABS] handSide=unknown hand=(0.374,0.227) filter=(0.501,0.327) target=(818,452) cursor=(817,452)
[2026-06-07 14:14:00] [computeCursor] IN: screenSize=(1920,1080) → OUT: cursor=(818,451) (0ms)
[CURSOR-ABS] handSide=unknown hand=(0.389,0.228) filter=(0.500,0.327) target=(819,451) cursor=(818,452)
[2026-06-07 14:14:00] [computeCursor] IN: screenSize=(1920,1080) → OUT: cursor=(819,451) (0ms)
[CURSOR-ABS] handSide=unknown hand=(0.403,0.234) filter=(0.500,0.326) target=(820,451) cursor=(819,451)
[2026-06-07 14:14:00] [computeCursor] IN: screenSize=(1920,1080) → OUT: cursor=(820,450) (0ms)
[CURSOR-ABS] handSide=unknown hand=(0.417,0.238) filter=(0.500,0.326) target=(821,450) cursor=(820,451)
[2026-06-07 14:14:00] [computeCursor] IN: screenSize=(1920,1080) → OUT: cursor=(820,450) (0ms)
[CURSOR-ABS] handSide=unknown hand=(0.430,0.240) filter=(0.500,0.326) target=(821,450) cursor=(821,450)
[2026-06-07 14:14:00] [computeCursor] IN: screenSize=(1920,1080) → OUT: cursor=(821,449) (0ms)
[CURSOR-ABS] handSide=unknown hand=(0.445,0.243) filter=(0.500,0.326) target=(822,449) cursor=(821,450)
[2026-06-07 14:14:00] [computeCursor] IN: screenSize=(1920,1080) → OUT: cursor=(822,449) (0ms)
[CURSOR-ABS] handSide=unknown hand=(0.459,0.247) filter=(0.500,0.326) target=(822,449) cursor=(822,449)
[2026-06-07 14:14:00] [computeCursor] IN: screenSize=(1920,1080) → OUT: cursor=(822,448) (0ms)
[CURSOR-ABS] handSide=unknown hand=(0.473,0.252) filter=(0.500,0.325) target=(823,448) cursor=(822,449)
[2026-06-07 14:14:00] [computeCursor] IN: screenSize=(1920,1080) → OUT: cursor=(822,448) (0ms)
[CURSOR-ABS] handSide=unknown hand=(0.487,0.257) filter=(0.500,0.325) target=(823,448) cursor=(823,448)
[2026-06-07 14:14:00] [computeCursor] IN: screenSize=(1920,1080) → OUT: cursor=(822,448) (0ms)
[CURSOR-ABS] handSide=unknown hand=(0.500,0.262) filter=(0.500,0.325) target=(823,448) cursor=(823,448)
[2026-06-07 14:14:00] [computeCursor] IN: screenSize=(1920,1080) → OUT: cursor=(822,447) (0ms)
[CURSOR-ABS] handSide=unknown hand=(0.512,0.268) filter=(0.500,0.325) target=(823,447) cursor=(823,448)
[2026-06-07 14:14:00] [computeCursor] IN: screenSize=(1920,1080) → OUT: cursor=(822,447) (0ms)
[CURSOR-ABS] handSide=unknown hand=(0.525,0.273) filter=(0.500,0.325) target=(822,447) cursor=(823,447)
[2026-06-07 14:14:00] [computeCursor] IN: screenSize=(1920,1080) → OUT: cursor=(822,447) (0ms)
[CURSOR-ABS] handSide=unknown hand=(0.538,0.275) filter=(0.500,0.325) target=(822,447) cursor=(822,447)
[2026-06-07 14:14:00] [computeCursor] IN: screenSize=(1920,1080) → OUT: cursor=(822,446) (0ms)
[CURSOR-ABS] handSide=unknown hand=(0.554,0.280) filter=(0.500,0.325) target=(822,447) cursor=(822,447)
[2026-06-07 14:14:00] [computeCursor] IN: screenSize=(1920,1080) → OUT: cursor=(821,446) (0ms)
[CURSOR-ABS] handSide=unknown hand=(0.573,0.283) filter=(0.500,0.324) target=(821,446) cursor=(822,447)
[2026-06-07 14:14:00] [computeCursor] IN: screenSize=(1920,1080) → OUT: cursor=(820,446) (0ms)
[CURSOR-ABS] handSide=unknown hand=(0.590,0.282) filter=(0.500,0.324) target=(820,446) cursor=(821,446)
[2026-06-07 14:14:00] [computeCursor] IN: screenSize=(1920,1080) → OUT: cursor=(819,446) (0ms)
[CURSOR-ABS] handSide=unknown hand=(0.604,0.280) filter=(0.500,0.324) target=(819,446) cursor=(820,446)
[2026-06-07 14:14:00] [computeCursor] IN: screenSize=(1920,1080) → OUT: cursor=(819,445) (0ms)
[CURSOR-ABS] handSide=unknown hand=(0.622,0.279) filter=(0.501,0.324) target=(818,446) cursor=(819,446)
[2026-06-07 14:14:00] [computeCursor] IN: screenSize=(1920,1080) → OUT: cursor=(817,445) (0ms)
[CURSOR-ABS] handSide=unknown hand=(0.636,0.276) filter=(0.501,0.324) target=(817,445) cursor=(818,446)
[2026-06-07 14:14:00] [computeCursor] IN: screenSize=(1920,1080) → OUT: cursor=(816,445) (0ms)
[CURSOR-ABS] handSide=unknown hand=(0.646,0.269) filter=(0.501,0.324) target=(815,445) cursor=(817,445)
[2026-06-07 14:14:00] [computeCursor] IN: screenSize=(1920,1080) → OUT: cursor=(815,445) (0ms)
[CURSOR-ABS] handSide=unknown hand=(0.656,0.269) filter=(0.502,0.324) target=(814,445) cursor=(815,445)
[2026-06-07 14:14:00] [computeCursor] IN: screenSize=(1920,1080) → OUT: cursor=(813,444) (0ms)
[CURSOR-ABS] handSide=unknown hand=(0.668,0.276) filter=(0.502,0.324) target=(812,445) cursor=(814,445)
[2026-06-07 14:14:00] [computeCursor] IN: screenSize=(1920,1080) → OUT: cursor=(812,444) (0ms)
[CURSOR-ABS] handSide=unknown hand=(0.684,0.270) filter=(0.503,0.323) target=(810,444) cursor=(812,445)
[2026-06-07 14:14:00] [computeCursor] IN: screenSize=(1920,1080) → OUT: cursor=(810,444) (0ms)
[CURSOR-ABS] handSide=unknown hand=(0.693,0.268) filter=(0.503,0.323) target=(808,444) cursor=(810,444)
[2026-06-07 14:14:00] [computeCursor] IN: screenSize=(1920,1080) → OUT: cursor=(808,444) (0ms)
[CURSOR-ABS] handSide=unknown hand=(0.694,0.261) filter=(0.504,0.323) target=(807,444) cursor=(808,444)
[2026-06-07 14:14:00] [computeCursor] IN: screenSize=(1920,1080) → OUT: cursor=(806,443) (0ms)
[CURSOR-ABS] handSide=unknown hand=(0.694,0.255) filter=(0.504,0.323) target=(805,443) cursor=(807,444)
[2026-06-07 14:14:00] [computeCursor] IN: screenSize=(1920,1080) → OUT: cursor=(804,443) (0ms)
[CURSOR-ABS] handSide=unknown hand=(0.686,0.247) filter=(0.505,0.323) target=(803,443) cursor=(805,443)
[2026-06-07 14:14:00] [computeCursor] IN: screenSize=(1920,1080) → OUT: cursor=(802,442) (0ms)
[CURSOR-ABS] handSide=unknown hand=(0.674,0.238) filter=(0.505,0.323) target=(801,442) cursor=(803,443)
[2026-06-07 14:14:00] [computeCursor] IN: screenSize=(1920,1080) → OUT: cursor=(801,442) (0ms)
[CURSOR-ABS] handSide=unknown hand=(0.663,0.217) filter=(0.506,0.322) target=(800,442) cursor=(801,442)
[2026-06-07 14:14:00] [computeCursor] IN: screenSize=(1920,1080) → OUT: cursor=(799,441) (0ms)
[CURSOR-ABS] handSide=unknown hand=(0.654,0.183) filter=(0.506,0.322) target=(798,441) cursor=(800,442)
[2026-06-07 14:14:00] [computeCursor] IN: screenSize=(1920,1080) → OUT: cursor=(798,441) (0ms)
[CURSOR-ABS] handSide=unknown hand=(0.644,0.157) filter=(0.506,0.322) target=(797,440) cursor=(798,441)
[2026-06-07 14:14:00] [computeCursor] IN: screenSize=(1920,1080) → OUT: cursor=(796,440) (0ms)
[CURSOR-ABS] handSide=unknown hand=(0.635,0.133) filter=(0.507,0.321) target=(795,439) cursor=(797,440)
[2026-06-07 14:14:00] [computeCursor] IN: screenSize=(1920,1080) → OUT: cursor=(795,439) (0ms)
[CURSOR-ABS] handSide=unknown hand=(0.541,0.186) filter=(0.507,0.321) target=(795,439) cursor=(795,439)
[2026-06-07 14:14:00] [computeCursor] IN: screenSize=(1920,1080) → OUT: cursor=(794,438) (0ms)
[CURSOR-ABS] handSide=unknown hand=(0.538,0.199) filter=(0.507,0.321) target=(795,438) cursor=(795,439)
[2026-06-07 14:14:00] [computeCursor] IN: screenSize=(1920,1080) → OUT: cursor=(794,437) (1ms)
[CURSOR-ABS] handSide=unknown hand=(0.537,0.209) filter=(0.507,0.320) target=(794,437) cursor=(795,438)
[2026-06-07 14:14:00] [computeCursor] IN: screenSize=(1920,1080) → OUT: cursor=(794,437) (0ms)
[CURSOR-ABS] handSide=unknown hand=(0.535,0.221) filter=(0.507,0.320) target=(794,437) cursor=(794,437)
[2026-06-07 14:14:00] [computeCursor] IN: screenSize=(1920,1080) → OUT: cursor=(794,436) (0ms)
[CURSOR-ABS] handSide=unknown hand=(0.534,0.233) filter=(0.507,0.320) target=(794,436) cursor=(794,437)
[2026-06-07 14:14:00] [computeCursor] IN: screenSize=(1920,1080) → OUT: cursor=(793,436) (0ms)
[CURSOR-ABS] handSide=unknown hand=(0.535,0.240) filter=(0.507,0.320) target=(794,436) cursor=(794,436)
[2026-06-07 14:14:00] [computeCursor] IN: screenSize=(1920,1080) → OUT: cursor=(793,436) (0ms)
[CURSOR-ABS] handSide=unknown hand=(0.533,0.250) filter=(0.507,0.319) target=(793,436) cursor=(794,436)
[2026-06-07 14:14:00] [computeCursor] IN: screenSize=(1920,1080) → OUT: cursor=(793,435) (0ms)
[CURSOR-ABS] handSide=unknown hand=(0.533,0.256) filter=(0.507,0.319) target=(793,435) cursor=(793,436)
[2026-06-07 14:14:00] [computeCursor] IN: screenSize=(1920,1080) → OUT: cursor=(792,435) (0ms)
[CURSOR-ABS] handSide=unknown hand=(0.531,0.267) filter=(0.507,0.319) target=(793,435) cursor=(793,435)
[2026-06-07 14:14:00] [computeCursor] IN: screenSize=(1920,1080) → OUT: cursor=(792,435) (0ms)
[CURSOR-ABS] handSide=unknown hand=(0.531,0.275) filter=(0.507,0.319) target=(793,435) cursor=(793,435)
[2026-06-07 14:14:00] [computeCursor] IN: screenSize=(1920,1080) → OUT: cursor=(792,434) (0ms)
[CURSOR-ABS] handSide=unknown hand=(0.529,0.287) filter=(0.507,0.319) target=(792,435) cursor=(793,435)
[2026-06-07 14:14:00] [computeCursor] IN: screenSize=(1920,1080) → OUT: cursor=(792,434) (0ms)
[CURSOR-ABS] handSide=unknown hand=(0.529,0.298) filter=(0.508,0.319) target=(792,435) cursor=(792,435)
[2026-06-07 14:14:00] [computeCursor] IN: screenSize=(1920,1080) → OUT: cursor=(792,434) (0ms)
[CURSOR-ABS] handSide=unknown hand=(0.528,0.306) filter=(0.508,0.319) target=(792,435) cursor=(792,435)
[2026-06-07 14:14:00] [computeCursor] IN: screenSize=(1920,1080) → OUT: cursor=(791,434) (0ms)
[CURSOR-ABS] handSide=unknown hand=(0.527,0.315) filter=(0.508,0.319) target=(792,435) cursor=(792,435)
[2026-06-07 14:14:00] [computeCursor] IN: screenSize=(1920,1080) → OUT: cursor=(791,434) (0ms)
[CURSOR-ABS] handSide=unknown hand=(0.527,0.323) filter=(0.508,0.319) target=(791,435) cursor=(792,435)
[2026-06-07 14:14:00] [computeCursor] IN: screenSize=(1920,1080) → OUT: cursor=(791,434) (0ms)
[CURSOR-ABS] handSide=unknown hand=(0.525,0.329) filter=(0.508,0.319) target=(791,435) cursor=(791,435)
[2026-06-07 14:14:00] [computeCursor] IN: screenSize=(1920,1080) → OUT: cursor=(791,434) (0ms)
[CURSOR-ABS] handSide=unknown hand=(0.526,0.335) filter=(0.508,0.319) target=(791,435) cursor=(791,435)
[2026-06-07 14:14:00] [computeCursor] IN: screenSize=(1920,1080) → OUT: cursor=(791,434) (0ms)
[CURSOR-ABS] handSide=unknown hand=(0.524,0.339) filter=(0.508,0.319) target=(791,435) cursor=(791,435)
[2026-06-07 14:14:00] [computeCursor] IN: screenSize=(1920,1080) → OUT: cursor=(790,434) (1ms)
[CURSOR-ABS] handSide=unknown hand=(0.525,0.338) filter=(0.508,0.319) target=(791,435) cursor=(791,435)
[2026-06-07 14:14:00] [computeCursor] IN: screenSize=(1920,1080) → OUT: cursor=(790,434) (0ms)
[CURSOR-ABS] handSide=unknown hand=(0.523,0.338) filter=(0.508,0.319) target=(791,435) cursor=(791,435)
[2026-06-07 14:14:00] [computeCursor] IN: screenSize=(1920,1080) → OUT: cursor=(790,434) (0ms)
[CURSOR-ABS] handSide=unknown hand=(0.523,0.340) filter=(0.508,0.319) target=(790,435) cursor=(791,435)
[2026-06-07 14:14:00] [computeCursor] IN: screenSize=(1920,1080) → OUT: cursor=(790,435) (0ms)
[CURSOR-ABS] handSide=unknown hand=(0.524,0.344) filter=(0.508,0.319) target=(790,435) cursor=(790,435)
[2026-06-07 14:14:00] [computeCursor] IN: screenSize=(1920,1080) → OUT: cursor=(790,435) (0ms)
[CURSOR-ABS] handSide=unknown hand=(0.524,0.354) filter=(0.508,0.319) target=(790,435) cursor=(790,435)
[2026-06-07 14:14:00] [computeCursor] IN: screenSize=(1920,1080) → OUT: cursor=(790,435) (0ms)
[CURSOR-ABS] handSide=unknown hand=(0.525,0.373) filter=(0.508,0.319) target=(790,436) cursor=(790,435)
[2026-06-07 14:14:00] [computeCursor] IN: screenSize=(1920,1080) → OUT: cursor=(790,435) (0ms)
[CURSOR-ABS] handSide=unknown hand=(0.525,0.394) filter=(0.508,0.320) target=(790,436) cursor=(790,436)
[2026-06-07 14:14:00] [computeCursor] IN: screenSize=(1920,1080) → OUT: cursor=(789,435) (0ms)
[CURSOR-ABS] handSide=unknown hand=(0.527,0.412) filter=(0.508,0.320) target=(790,436) cursor=(790,436)
[2026-06-07 14:14:00] [computeCursor] IN: screenSize=(1920,1080) → OUT: cursor=(789,436) (0ms)
[CURSOR-ABS] handSide=unknown hand=(0.529,0.425) filter=(0.508,0.320) target=(789,437) cursor=(790,436)
[2026-06-07 14:14:00] [computeCursor] IN: screenSize=(1920,1080) → OUT: cursor=(789,436) (0ms)
[CURSOR-ABS] handSide=unknown hand=(0.532,0.437) filter=(0.508,0.320) target=(789,437) cursor=(789,437)
[2026-06-07 14:14:00] [computeCursor] IN: screenSize=(1920,1080) → OUT: cursor=(789,437) (0ms)
[CURSOR-ABS] handSide=unknown hand=(0.533,0.446) filter=(0.508,0.321) target=(789,438) cursor=(789,437)
[2026-06-07 14:14:00] [computeCursor] IN: screenSize=(1920,1080) → OUT: cursor=(788,438) (0ms)
[CURSOR-ABS] handSide=unknown hand=(0.535,0.454) filter=(0.508,0.321) target=(789,439) cursor=(789,438)
[2026-06-07 14:14:00] [computeCursor] IN: screenSize=(1920,1080) → OUT: cursor=(788,438) (0ms)
[CURSOR-ABS] handSide=unknown hand=(0.537,0.461) filter=(0.508,0.321) target=(788,439) cursor=(789,439)
[2026-06-07 14:14:00] [computeCursor] IN: screenSize=(1920,1080) → OUT: cursor=(788,439) (0ms)
[CURSOR-ABS] handSide=unknown hand=(0.539,0.467) filter=(0.509,0.322) target=(788,440) cursor=(788,439)
[2026-06-07 14:14:00] [computeCursor] IN: screenSize=(1920,1080) → OUT: cursor=(788,440) (0ms)
[CURSOR-ABS] handSide=unknown hand=(0.542,0.471) filter=(0.509,0.322) target=(788,441) cursor=(788,440)
[2026-06-07 14:14:00] [computeCursor] IN: screenSize=(1920,1080) → OUT: cursor=(787,440) (0ms)
[CURSOR-ABS] handSide=unknown hand=(0.543,0.472) filter=(0.509,0.322) target=(787,442) cursor=(788,441)
[2026-06-07 14:14:00] [computeCursor] IN: screenSize=(1920,1080) → OUT: cursor=(787,441) (0ms)
[CURSOR-ABS] handSide=unknown hand=(0.544,0.473) filter=(0.509,0.323) target=(787,442) cursor=(787,442)
[2026-06-07 14:14:00] [computeCursor] IN: screenSize=(1920,1080) → OUT: cursor=(787,442) (0ms)
[CURSOR-ABS] handSide=unknown hand=(0.546,0.473) filter=(0.509,0.323) target=(787,443) cursor=(787,442)
[2026-06-07 14:14:00] [computeCursor] IN: screenSize=(1920,1080) → OUT: cursor=(786,443) (0ms)
[CURSOR-ABS] handSide=unknown hand=(0.547,0.473) filter=(0.509,0.323) target=(786,444) cursor=(787,443)
[2026-06-07 14:14:00] [computeCursor] IN: screenSize=(1920,1080) → OUT: cursor=(786,443) (0ms)
[CURSOR-ABS] handSide=unknown hand=(0.549,0.470) filter=(0.509,0.324) target=(786,445) cursor=(786,444)
[2026-06-07 14:14:00] [computeCursor] IN: screenSize=(1920,1080) → OUT: cursor=(785,444) (0ms)
[CURSOR-ABS] handSide=unknown hand=(0.558,0.468) filter=(0.509,0.324) target=(785,445) cursor=(786,445)
[2026-06-07 14:14:00] [computeCursor] IN: screenSize=(1920,1080) → OUT: cursor=(785,445) (0ms)
[CURSOR-ABS] handSide=unknown hand=(0.569,0.460) filter=(0.509,0.324) target=(785,446) cursor=(785,445)
[2026-06-07 14:14:00] [computeCursor] IN: screenSize=(1920,1080) → OUT: cursor=(784,446) (0ms)
[CURSOR-ABS] handSide=unknown hand=(0.583,0.454) filter=(0.510,0.325) target=(784,447) cursor=(785,446)
[2026-06-07 14:14:00] [computeCursor] IN: screenSize=(1920,1080) → OUT: cursor=(784,446) (0ms)
[CURSOR-ABS] handSide=unknown hand=(0.600,0.447) filter=(0.510,0.325) target=(783,447) cursor=(784,447)
[2026-06-07 14:14:00] [computeCursor] IN: screenSize=(1920,1080) → OUT: cursor=(783,447) (0ms)
[CURSOR-ABS] handSide=unknown hand=(0.616,0.444) filter=(0.510,0.325) target=(782,448) cursor=(783,447)
[2026-06-07 14:14:00] [computeCursor] IN: screenSize=(1920,1080) → OUT: cursor=(782,448) (0ms)
[CURSOR-ABS] handSide=unknown hand=(0.636,0.439) filter=(0.510,0.325) target=(781,449) cursor=(782,448)
[2026-06-07 14:14:00] [computeCursor] IN: screenSize=(1920,1080) → OUT: cursor=(780,448) (0ms)
[CURSOR-ABS] handSide=unknown hand=(0.658,0.436) filter=(0.511,0.326) target=(779,449) cursor=(781,449)
[2026-06-07 14:14:00] [computeCursor] IN: screenSize=(1920,1080) → OUT: cursor=(779,449) (0ms)
[CURSOR-ABS] handSide=unknown hand=(0.677,0.432) filter=(0.511,0.326) target=(778,450) cursor=(779,449)
[2026-06-07 14:14:00] [computeCursor] IN: screenSize=(1920,1080) → OUT: cursor=(777,449) (0ms)
[CURSOR-ABS] handSide=unknown hand=(0.697,0.423) filter=(0.512,0.326) target=(776,450) cursor=(778,450)
[2026-06-07 14:14:00] [computeCursor] IN: screenSize=(1920,1080) → OUT: cursor=(775,450) (0ms)
[CURSOR-ABS] handSide=unknown hand=(0.713,0.411) filter=(0.512,0.326) target=(774,451) cursor=(776,450)
[2026-06-07 14:14:00] [computeCursor] IN: screenSize=(1920,1080) → OUT: cursor=(773,450) (0ms)
[CURSOR-ABS] handSide=unknown hand=(0.731,0.408) filter=(0.513,0.327) target=(771,451) cursor=(774,451)
[2026-06-07 14:14:00] [computeCursor] IN: screenSize=(1920,1080) → OUT: cursor=(771,451) (0ms)
[CURSOR-ABS] handSide=unknown hand=(0.745,0.400) filter=(0.513,0.327) target=(769,452) cursor=(771,451)
[2026-06-07 14:14:00] [computeCursor] IN: screenSize=(1920,1080) → OUT: cursor=(769,451) (0ms)
[CURSOR-ABS] handSide=unknown hand=(0.750,0.382) filter=(0.514,0.327) target=(767,452) cursor=(769,452)
[2026-06-07 14:14:00] [computeCursor] IN: screenSize=(1920,1080) → OUT: cursor=(766,451) (0ms)
[CURSOR-ABS] handSide=unknown hand=(0.762,0.373) filter=(0.515,0.327) target=(764,452) cursor=(767,452)
[2026-06-07 14:14:00] [computeCursor] IN: screenSize=(1920,1080) → OUT: cursor=(764,452) (0ms)
[CURSOR-ABS] handSide=unknown hand=(0.777,0.353) filter=(0.516,0.327) target=(761,452) cursor=(764,452)
[2026-06-07 14:14:00] [computeCursor] IN: screenSize=(1920,1080) → OUT: cursor=(761,452) (0ms)
[CURSOR-ABS] handSide=unknown hand=(0.794,0.336) filter=(0.516,0.327) target=(758,452) cursor=(761,452)
[2026-06-07 14:14:00] [computeCursor] IN: screenSize=(1920,1080) → OUT: cursor=(758,452) (0ms)
[CURSOR-ABS] handSide=unknown hand=(0.802,0.324) filter=(0.517,0.327) target=(755,452) cursor=(758,452)
[2026-06-07 14:14:00] [computeCursor] IN: screenSize=(1920,1080) → OUT: cursor=(755,452) (0ms)
[CURSOR-ABS] handSide=unknown hand=(0.814,0.319) filter=(0.518,0.327) target=(752,452) cursor=(755,452)
[2026-06-07 14:14:00] [computeCursor] IN: screenSize=(1920,1080) → OUT: cursor=(752,452) (0ms)
[CURSOR-ABS] handSide=unknown hand=(0.820,0.305) filter=(0.519,0.327) target=(749,452) cursor=(752,452)
[2026-06-07 14:14:00] [computeCursor] IN: screenSize=(1920,1080) → OUT: cursor=(748,452) (0ms)
[CURSOR-ABS] handSide=unknown hand=(0.828,0.286) filter=(0.520,0.327) target=(746,452) cursor=(749,452)
[2026-06-07 14:14:00] [computeCursor] IN: screenSize=(1920,1080) → OUT: cursor=(745,451) (0ms)
[CURSOR-ABS] handSide=unknown hand=(0.830,0.258) filter=(0.521,0.327) target=(742,452) cursor=(746,452)
[2026-06-07 14:14:00] [computeCursor] IN: screenSize=(1920,1080) → OUT: cursor=(742,451) (0ms)
[CURSOR-ABS] handSide=unknown hand=(0.834,0.236) filter=(0.521,0.327) target=(739,451) cursor=(742,452)
[2026-06-07 14:14:00] [computeCursor] IN: screenSize=(1920,1080) → OUT: cursor=(738,451) (0ms)
[CURSOR-ABS] handSide=unknown hand=(0.836,0.207) filter=(0.522,0.326) target=(735,450) cursor=(739,451)
[2026-06-07 14:14:00] [computeCursor] IN: screenSize=(1920,1080) → OUT: cursor=(735,450) (0ms)
[CURSOR-ABS] handSide=unknown hand=(0.834,0.183) filter=(0.523,0.326) target=(732,450) cursor=(735,450)
[2026-06-07 14:14:00] [computeCursor] IN: screenSize=(1920,1080) → OUT: cursor=(731,449) (0ms)
[CURSOR-ABS] handSide=unknown hand=(0.835,0.164) filter=(0.524,0.326) target=(728,449) cursor=(732,450)
[2026-06-07 14:14:00] [computeCursor] IN: screenSize=(1920,1080) → OUT: cursor=(728,448) (0ms)
[CURSOR-ABS] handSide=unknown hand=(0.831,0.154) filter=(0.525,0.325) target=(725,448) cursor=(728,449)
[2026-06-07 14:14:00] [computeCursor] IN: screenSize=(1920,1080) → OUT: cursor=(724,447) (0ms)
[CURSOR-ABS] handSide=unknown hand=(0.824,0.139) filter=(0.526,0.325) target=(721,447) cursor=(725,448)
[2026-06-07 14:14:00] [computeCursor] IN: screenSize=(1920,1080) → OUT: cursor=(721,447) (0ms)
[CURSOR-ABS] handSide=unknown hand=(0.824,0.131) filter=(0.527,0.324) target=(718,446) cursor=(721,447)
[2026-06-07 14:14:00] [computeCursor] IN: screenSize=(1920,1080) → OUT: cursor=(718,446) (0ms)
[CURSOR-ABS] handSide=unknown hand=(0.815,0.111) filter=(0.528,0.324) target=(715,445) cursor=(718,446)
[2026-06-07 14:14:00] [computeCursor] IN: screenSize=(1920,1080) → OUT: cursor=(714,444) (0ms)
[CURSOR-ABS] handSide=unknown hand=(0.814,0.104) filter=(0.529,0.323) target=(711,444) cursor=(715,445)
[2026-06-07 14:14:00] [computeCursor] IN: screenSize=(1920,1080) → OUT: cursor=(711,443) (0ms)
[CURSOR-ABS] handSide=unknown hand=(0.808,0.096) filter=(0.529,0.323) target=(708,443) cursor=(711,444)
[2026-06-07 14:14:00] [computeCursor] IN: screenSize=(1920,1080) → OUT: cursor=(708,442) (0ms)
[CURSOR-ABS] handSide=unknown hand=(0.804,0.095) filter=(0.530,0.322) target=(705,442) cursor=(708,443)
[2026-06-07 14:14:00] [computeCursor] IN: screenSize=(1920,1080) → OUT: cursor=(704,441) (0ms)
[CURSOR-ABS] handSide=unknown hand=(0.792,0.090) filter=(0.531,0.322) target=(702,440) cursor=(705,442)
[2026-06-07 14:14:00] [computeCursor] IN: screenSize=(1920,1080) → OUT: cursor=(701,440) (0ms)
[CURSOR-ABS] handSide=unknown hand=(0.782,0.075) filter=(0.532,0.321) target=(699,439) cursor=(702,440)
[2026-06-07 14:14:00] [computeCursor] IN: screenSize=(1920,1080) → OUT: cursor=(698,439) (0ms)
[CURSOR-ABS] handSide=unknown hand=(0.775,0.076) filter=(0.533,0.321) target=(696,438) cursor=(699,439)
[2026-06-07 14:14:00] [computeCursor] IN: screenSize=(1920,1080) → OUT: cursor=(695,437) (0ms)
[CURSOR-ABS] handSide=unknown hand=(0.770,0.076) filter=(0.533,0.320) target=(693,437) cursor=(696,438)
[2026-06-07 14:14:00] [computeCursor] IN: screenSize=(1920,1080) → OUT: cursor=(692,436) (0ms)
[CURSOR-ABS] handSide=unknown hand=(0.761,0.078) filter=(0.534,0.319) target=(690,436) cursor=(693,437)
[2026-06-07 14:14:00] [computeCursor] IN: screenSize=(1920,1080) → OUT: cursor=(690,435) (0ms)
[CURSOR-ABS] handSide=unknown hand=(0.651,0.097) filter=(0.534,0.319) target=(689,435) cursor=(690,436)
[2026-06-07 14:14:00] [computeCursor] IN: screenSize=(1920,1080) → OUT: cursor=(688,434) (0ms)
[CURSOR-ABS] handSide=unknown hand=(0.639,0.110) filter=(0.535,0.318) target=(687,434) cursor=(689,435)
[2026-06-07 14:14:00] [computeCursor] IN: screenSize=(1920,1080) → OUT: cursor=(687,433) (0ms)
[CURSOR-ABS] handSide=unknown hand=(0.623,0.108) filter=(0.535,0.318) target=(686,433) cursor=(687,434)
[2026-06-07 14:14:00] [computeCursor] IN: screenSize=(1920,1080) → OUT: cursor=(686,432) (0ms)
[CURSOR-ABS] handSide=unknown hand=(0.608,0.107) filter=(0.535,0.318) target=(685,432) cursor=(686,433)
[2026-06-07 14:14:00] [computeCursor] IN: screenSize=(1920,1080) → OUT: cursor=(685,431) (0ms)
[CURSOR-ABS] handSide=unknown hand=(0.595,0.110) filter=(0.535,0.317) target=(685,431) cursor=(685,432)
[2026-06-07 14:14:00] [computeCursor] IN: screenSize=(1920,1080) → OUT: cursor=(684,430) (0ms)
[CURSOR-ABS] handSide=unknown hand=(0.582,0.118) filter=(0.536,0.317) target=(684,430) cursor=(685,431)
[2026-06-07 14:14:00] [computeCursor] IN: screenSize=(1920,1080) → OUT: cursor=(684,429) (0ms)
[CURSOR-ABS] handSide=unknown hand=(0.570,0.130) filter=(0.536,0.316) target=(684,429) cursor=(684,430)
[2026-06-07 14:14:00] [computeCursor] IN: screenSize=(1920,1080) → OUT: cursor=(683,428) (0ms)
[CURSOR-ABS] handSide=unknown hand=(0.558,0.141) filter=(0.536,0.316) target=(683,428) cursor=(684,429)
[2026-06-07 14:14:00] [computeCursor] IN: screenSize=(1920,1080) → OUT: cursor=(683,427) (0ms)
[CURSOR-ABS] handSide=unknown hand=(0.547,0.145) filter=(0.536,0.316) target=(683,427) cursor=(683,428)
[2026-06-07 14:14:00] [computeCursor] IN: screenSize=(1920,1080) → OUT: cursor=(683,427) (0ms)
[CURSOR-ABS] handSide=unknown hand=(0.538,0.158) filter=(0.536,0.315) target=(683,426) cursor=(683,427)
[2026-06-07 14:14:00] [computeCursor] IN: screenSize=(1920,1080) → OUT: cursor=(683,426) (0ms)
[CURSOR-ABS] handSide=unknown hand=(0.525,0.167) filter=(0.536,0.315) target=(683,426) cursor=(683,426)
[2026-06-07 14:14:00] [computeCursor] IN: screenSize=(1920,1080) → OUT: cursor=(683,425) (0ms)
[CURSOR-ABS] handSide=unknown hand=(0.515,0.177) filter=(0.536,0.315) target=(684,425) cursor=(683,426)
[2026-06-07 14:14:00] [computeCursor] IN: screenSize=(1920,1080) → OUT: cursor=(683,425) (0ms)
[CURSOR-ABS] handSide=unknown hand=(0.503,0.184) filter=(0.536,0.314) target=(684,425) cursor=(684,425)
[2026-06-07 14:14:00] [computeCursor] IN: screenSize=(1920,1080) → OUT: cursor=(684,424) (0ms)
[CURSOR-ABS] handSide=unknown hand=(0.491,0.191) filter=(0.536,0.314) target=(685,424) cursor=(684,425)
[2026-06-07 14:14:00] [computeCursor] IN: screenSize=(1920,1080) → OUT: cursor=(684,424) (0ms)
[CURSOR-ABS] handSide=unknown hand=(0.475,0.189) filter=(0.535,0.314) target=(685,423) cursor=(685,424)
[2026-06-07 14:14:00] [computeCursor] IN: screenSize=(1920,1080) → OUT: cursor=(685,423) (0ms)
[CURSOR-ABS] handSide=unknown hand=(0.465,0.192) filter=(0.535,0.314) target=(686,423) cursor=(685,423)
[2026-06-07 14:14:00] [computeCursor] IN: screenSize=(1920,1080) → OUT: cursor=(686,422) (0ms)
[CURSOR-ABS] handSide=unknown hand=(0.453,0.197) filter=(0.535,0.313) target=(687,422) cursor=(686,423)
[2026-06-07 14:14:00] [computeCursor] IN: screenSize=(1920,1080) → OUT: cursor=(687,422) (0ms)
[CURSOR-ABS] handSide=unknown hand=(0.449,0.198) filter=(0.535,0.313) target=(688,422) cursor=(687,422)
[2026-06-07 14:14:00] [computeCursor] IN: screenSize=(1920,1080) → OUT: cursor=(688,421) (0ms)
[CURSOR-ABS] handSide=unknown hand=(0.447,0.199) filter=(0.534,0.313) target=(689,421) cursor=(688,422)
[2026-06-07 14:14:00] [computeCursor] IN: screenSize=(1920,1080) → OUT: cursor=(689,421) (0ms)
[CURSOR-ABS] handSide=unknown hand=(0.448,0.200) filter=(0.534,0.313) target=(690,421) cursor=(689,421)
[2026-06-07 14:14:00] [computeCursor] IN: screenSize=(1920,1080) → OUT: cursor=(690,420) (0ms)
[CURSOR-ABS] handSide=unknown hand=(0.449,0.199) filter=(0.534,0.312) target=(691,420) cursor=(690,421)
[2026-06-07 14:14:00] [computeCursor] IN: screenSize=(1920,1080) → OUT: cursor=(691,420) (0ms)
[CURSOR-ABS] handSide=unknown hand=(0.454,0.193) filter=(0.534,0.312) target=(692,420) cursor=(691,420)
[2026-06-07 14:14:00] [computeCursor] IN: screenSize=(1920,1080) → OUT: cursor=(692,419) (0ms)
[CURSOR-ABS] handSide=unknown hand=(0.461,0.189) filter=(0.533,0.312) target=(693,419) cursor=(692,420)
[2026-06-07 14:14:00] [computeCursor] IN: screenSize=(1920,1080) → OUT: cursor=(693,419) (0ms)
[CURSOR-ABS] handSide=unknown hand=(0.469,0.181) filter=(0.533,0.312) target=(694,419) cursor=(693,419)
[2026-06-07 14:14:00] [computeCursor] IN: screenSize=(1920,1080) → OUT: cursor=(693,418) (0ms)
[CURSOR-ABS] handSide=unknown hand=(0.479,0.181) filter=(0.533,0.311) target=(694,418) cursor=(694,419)
[2026-06-07 14:14:00] [computeCursor] IN: screenSize=(1920,1080) → OUT: cursor=(694,418) (1ms)
[CURSOR-ABS] handSide=unknown hand=(0.491,0.179) filter=(0.533,0.311) target=(695,418) cursor=(694,418)
[2026-06-07 14:14:00] [computeCursor] IN: screenSize=(1920,1080) → OUT: cursor=(694,417) (0ms)
[CURSOR-ABS] handSide=unknown hand=(0.502,0.175) filter=(0.533,0.311) target=(695,417) cursor=(695,418)
[2026-06-07 14:14:00] [computeCursor] IN: screenSize=(1920,1080) → OUT: cursor=(695,417) (0ms)
[CURSOR-ABS] handSide=unknown hand=(0.518,0.170) filter=(0.533,0.311) target=(695,417) cursor=(695,417)
[2026-06-07 14:14:00] [computeCursor] IN: screenSize=(1920,1080) → OUT: cursor=(695,416) (0ms)
[CURSOR-ABS] handSide=unknown hand=(0.531,0.172) filter=(0.533,0.310) target=(695,416) cursor=(695,417)
[2026-06-07 14:14:00] [computeCursor] IN: screenSize=(1920,1080) → OUT: cursor=(695,416) (0ms)
[CURSOR-ABS] handSide=unknown hand=(0.544,0.165) filter=(0.533,0.310) target=(695,416) cursor=(695,416)
[2026-06-07 14:14:00] [computeCursor] IN: screenSize=(1920,1080) → OUT: cursor=(695,415) (0ms)
[CURSOR-ABS] handSide=unknown hand=(0.558,0.166) filter=(0.533,0.310) target=(695,415) cursor=(695,416)
[2026-06-07 14:14:00] [computeCursor] IN: screenSize=(1920,1080) → OUT: cursor=(695,414) (0ms)
[CURSOR-ABS] handSide=unknown hand=(0.571,0.165) filter=(0.533,0.310) target=(695,414) cursor=(695,415)
[2026-06-07 14:14:00] [computeCursor] IN: screenSize=(1920,1080) → OUT: cursor=(694,414) (0ms)
[CURSOR-ABS] handSide=unknown hand=(0.583,0.161) filter=(0.533,0.309) target=(694,414) cursor=(695,414)
[2026-06-07 14:14:00] [computeCursor] IN: screenSize=(1920,1080) → OUT: cursor=(694,413) (0ms)
[CURSOR-ABS] handSide=unknown hand=(0.597,0.164) filter=(0.533,0.309) target=(693,413) cursor=(694,414)
[2026-06-07 14:14:00] [computeCursor] IN: screenSize=(1920,1080) → OUT: cursor=(693,413) (0ms)
[CURSOR-ABS] handSide=unknown hand=(0.614,0.174) filter=(0.533,0.309) target=(692,413) cursor=(693,413)
[2026-06-07 14:14:00] [computeCursor] IN: screenSize=(1920,1080) → OUT: cursor=(692,412) (0ms)
[CURSOR-ABS] handSide=unknown hand=(0.625,0.176) filter=(0.534,0.309) target=(691,412) cursor=(692,413)
[2026-06-07 14:14:00] [computeCursor] IN: screenSize=(1920,1080) → OUT: cursor=(691,412) (0ms)
[CURSOR-ABS] handSide=unknown hand=(0.640,0.183) filter=(0.534,0.308) target=(690,412) cursor=(691,412)
[2026-06-07 14:14:00] [computeCursor] IN: screenSize=(1920,1080) → OUT: cursor=(690,411) (0ms)
[CURSOR-ABS] handSide=unknown hand=(0.648,0.184) filter=(0.534,0.308) target=(689,411) cursor=(690,412)
[2026-06-07 14:14:00] [computeCursor] IN: screenSize=(1920,1080) → OUT: cursor=(688,411) (0ms)
[CURSOR-ABS] handSide=unknown hand=(0.660,0.186) filter=(0.535,0.308) target=(687,411) cursor=(689,411)
[2026-06-07 14:14:00] [computeCursor] IN: screenSize=(1920,1080) → OUT: cursor=(687,410) (0ms)
[CURSOR-ABS] handSide=unknown hand=(0.678,0.181) filter=(0.535,0.308) target=(685,410) cursor=(687,411)
[2026-06-07 14:14:00] [computeCursor] IN: screenSize=(1920,1080) → OUT: cursor=(685,410) (0ms)
[CURSOR-ABS] handSide=unknown hand=(0.692,0.176) filter=(0.536,0.307) target=(683,410) cursor=(685,410)
[2026-06-07 14:14:00] [computeCursor] IN: screenSize=(1920,1080) → OUT: cursor=(683,409) (0ms)
[CURSOR-ABS] handSide=unknown hand=(0.698,0.175) filter=(0.536,0.307) target=(682,409) cursor=(683,410)
[2026-06-07 14:14:00] [computeCursor] IN: screenSize=(1920,1080) → OUT: cursor=(681,409) (0ms)
[CURSOR-ABS] handSide=unknown hand=(0.704,0.166) filter=(0.537,0.307) target=(679,409) cursor=(682,409)
[2026-06-07 14:14:00] [computeCursor] IN: screenSize=(1920,1080) → OUT: cursor=(679,408) (0ms)
[CURSOR-ABS] handSide=unknown hand=(0.713,0.162) filter=(0.537,0.307) target=(677,408) cursor=(679,409)
[2026-06-07 14:14:00] [computeCursor] IN: screenSize=(1920,1080) → OUT: cursor=(677,407) (0ms)
[CURSOR-ABS] handSide=unknown hand=(0.720,0.148) filter=(0.538,0.306) target=(675,407) cursor=(677,408)
[2026-06-07 14:14:00] [computeCursor] IN: screenSize=(1920,1080) → OUT: cursor=(675,407) (0ms)
[CURSOR-ABS] handSide=unknown hand=(0.723,0.136) filter=(0.539,0.306) target=(673,407) cursor=(675,407)
[2026-06-07 14:14:00] [computeCursor] IN: screenSize=(1920,1080) → OUT: cursor=(672,406) (0ms)
[CURSOR-ABS] handSide=unknown hand=(0.728,0.124) filter=(0.539,0.306) target=(670,406) cursor=(673,407)
[2026-06-07 14:14:00] [computeCursor] IN: screenSize=(1920,1080) → OUT: cursor=(670,406) (0ms)
[CURSOR-ABS] handSide=unknown hand=(0.734,0.118) filter=(0.540,0.305) target=(668,405) cursor=(671,406)
[2026-06-07 14:14:00] [computeCursor] IN: screenSize=(1920,1080) → OUT: cursor=(668,405) (0ms)
[CURSOR-ABS] handSide=unknown hand=(0.732,0.109) filter=(0.540,0.305) target=(666,405) cursor=(668,405)
[2026-06-07 14:14:00] [computeCursor] IN: screenSize=(1920,1080) → OUT: cursor=(665,404) (0ms)
[CURSOR-ABS] handSide=unknown hand=(0.730,0.101) filter=(0.541,0.305) target=(663,404) cursor=(666,405)
[2026-06-07 14:14:00] [computeCursor] IN: screenSize=(1920,1080) → OUT: cursor=(663,403) (0ms)
[CURSOR-ABS] handSide=unknown hand=(0.730,0.097) filter=(0.542,0.304) target=(661,403) cursor=(663,404)
[2026-06-07 14:14:00] [computeCursor] IN: screenSize=(1920,1080) → OUT: cursor=(661,403) (0ms)
[CURSOR-ABS] handSide=unknown hand=(0.570,0.076) filter=(0.542,0.304) target=(661,402) cursor=(661,403)
[2026-06-07 14:14:00] [computeCursor] IN: screenSize=(1920,1080) → OUT: cursor=(660,402) (0ms)
[CURSOR-ABS] handSide=unknown hand=(0.556,0.081) filter=(0.542,0.304) target=(661,402) cursor=(661,402)
[2026-06-07 14:14:00] [computeCursor] IN: screenSize=(1920,1080) → OUT: cursor=(660,401) (0ms)
[CURSOR-ABS] handSide=unknown hand=(0.544,0.090) filter=(0.542,0.303) target=(661,401) cursor=(661,402)
[2026-06-07 14:14:00] [computeCursor] IN: screenSize=(1920,1080) → OUT: cursor=(660,400) (0ms)
[CURSOR-ABS] handSide=unknown hand=(0.529,0.095) filter=(0.542,0.303) target=(661,400) cursor=(661,401)
[2026-06-07 14:14:00] [computeCursor] IN: screenSize=(1920,1080) → OUT: cursor=(660,400) (0ms)
[CURSOR-ABS] handSide=unknown hand=(0.516,0.101) filter=(0.542,0.303) target=(661,399) cursor=(661,400)
[2026-06-07 14:14:00] [computeCursor] IN: screenSize=(1920,1080) → OUT: cursor=(661,399) (0ms)
[CURSOR-ABS] handSide=unknown hand=(0.501,0.111) filter=(0.541,0.302) target=(662,399) cursor=(661,399)
[2026-06-07 14:14:00] [computeCursor] IN: screenSize=(1920,1080) → OUT: cursor=(661,398) (0ms)
[CURSOR-ABS] handSide=unknown hand=(0.485,0.114) filter=(0.541,0.302) target=(662,398) cursor=(662,399)
[2026-06-07 14:14:00] [computeCursor] IN: screenSize=(1920,1080) → OUT: cursor=(662,398) (0ms)
[CURSOR-ABS] handSide=unknown hand=(0.471,0.120) filter=(0.541,0.302) target=(663,398) cursor=(662,398)
[2026-06-07 14:14:00] [computeCursor] IN: screenSize=(1920,1080) → OUT: cursor=(663,397) (0ms)
[CURSOR-ABS] handSide=unknown hand=(0.455,0.127) filter=(0.541,0.302) target=(664,397) cursor=(663,398)
[2026-06-07 14:14:00] [computeCursor] IN: screenSize=(1920,1080) → OUT: cursor=(664,396) (0ms)
[CURSOR-ABS] handSide=unknown hand=(0.440,0.132) filter=(0.540,0.301) target=(665,396) cursor=(664,397)
[2026-06-07 14:14:00] [computeCursor] IN: screenSize=(1920,1080) → OUT: cursor=(665,396) (0ms)
[CURSOR-ABS] handSide=unknown hand=(0.423,0.142) filter=(0.540,0.301) target=(667,396) cursor=(665,396)
[2026-06-07 14:14:00] [computeCursor] IN: screenSize=(1920,1080) → OUT: cursor=(666,395) (0ms)
[CURSOR-ABS] handSide=unknown hand=(0.410,0.152) filter=(0.540,0.301) target=(668,395) cursor=(667,396)
[2026-06-07 14:14:00] [computeCursor] IN: screenSize=(1920,1080) → OUT: cursor=(668,395) (0ms)
[CURSOR-ABS] handSide=unknown hand=(0.398,0.156) filter=(0.539,0.301) target=(670,395) cursor=(668,395)
[2026-06-07 14:14:00] [computeCursor] IN: screenSize=(1920,1080) → OUT: cursor=(670,394) (0ms)
[CURSOR-ABS] handSide=unknown hand=(0.384,0.159) filter=(0.539,0.300) target=(672,394) cursor=(670,395)
[2026-06-07 14:14:00] [computeCursor] IN: screenSize=(1920,1080) → OUT: cursor=(671,394) (0ms)
[CURSOR-ABS] handSide=unknown hand=(0.373,0.163) filter=(0.538,0.300) target=(674,394) cursor=(672,394)
[2026-06-07 14:14:00] [computeCursor] IN: screenSize=(1920,1080) → OUT: cursor=(673,394) (0ms)
[CURSOR-ABS] handSide=unknown hand=(0.361,0.167) filter=(0.538,0.300) target=(676,394) cursor=(674,394)
[2026-06-07 14:14:00] [computeCursor] IN: screenSize=(1920,1080) → OUT: cursor=(676,393) (0ms)
[CURSOR-ABS] handSide=unknown hand=(0.350,0.170) filter=(0.537,0.300) target=(678,393) cursor=(676,394)
[2026-06-07 14:14:00] [computeCursor] IN: screenSize=(1920,1080) → OUT: cursor=(678,393) (0ms)
[CURSOR-ABS] handSide=unknown hand=(0.338,0.170) filter=(0.536,0.300) target=(681,393) cursor=(678,393)
[2026-06-07 14:14:00] [computeCursor] IN: screenSize=(1920,1080) → OUT: cursor=(680,392) (0ms)
[CURSOR-ABS] handSide=unknown hand=(0.329,0.170) filter=(0.536,0.299) target=(683,392) cursor=(681,393)
[2026-06-07 14:14:00] [computeCursor] IN: screenSize=(1920,1080) → OUT: cursor=(683,392) (0ms)
[CURSOR-ABS] handSide=unknown hand=(0.318,0.165) filter=(0.535,0.299) target=(686,392) cursor=(683,392)
[2026-06-07 14:14:00] [computeCursor] IN: screenSize=(1920,1080) → OUT: cursor=(685,391) (0ms)
[CURSOR-ABS] handSide=unknown hand=(0.311,0.158) filter=(0.535,0.299) target=(688,392) cursor=(686,392)
[2026-06-07 14:14:00] [computeCursor] IN: screenSize=(1920,1080) → OUT: cursor=(688,391) (0ms)
[CURSOR-ABS] handSide=unknown hand=(0.307,0.150) filter=(0.534,0.299) target=(691,391) cursor=(688,392)
[2026-06-07 14:14:00] [computeCursor] IN: screenSize=(1920,1080) → OUT: cursor=(691,391) (0ms)
[CURSOR-ABS] handSide=unknown hand=(0.307,0.139) filter=(0.533,0.299) target=(694,391) cursor=(691,391)
[2026-06-07 14:14:00] [computeCursor] IN: screenSize=(1920,1080) → OUT: cursor=(693,390) (1ms)
[CURSOR-ABS] handSide=unknown hand=(0.308,0.133) filter=(0.532,0.298) target=(696,390) cursor=(694,391)
[2026-06-07 14:14:00] [computeCursor] IN: screenSize=(1920,1080) → OUT: cursor=(696,390) (1ms)
[CURSOR-ABS] handSide=unknown hand=(0.313,0.124) filter=(0.532,0.298) target=(699,390) cursor=(696,390)
[2026-06-07 14:14:00] [computeCursor] IN: screenSize=(1920,1080) → OUT: cursor=(698,389) (0ms)
[CURSOR-ABS] handSide=unknown hand=(0.320,0.119) filter=(0.531,0.298) target=(701,389) cursor=(699,390)
[2026-06-07 14:14:00] [computeCursor] IN: screenSize=(1920,1080) → OUT: cursor=(701,389) (0ms)
[CURSOR-ABS] handSide=unknown hand=(0.330,0.113) filter=(0.531,0.298) target=(704,389) cursor=(701,389)
[2026-06-07 14:14:00] [computeCursor] IN: screenSize=(1920,1080) → OUT: cursor=(703,388) (0ms)
[CURSOR-ABS] handSide=unknown hand=(0.341,0.104) filter=(0.530,0.297) target=(706,388) cursor=(704,389)
[2026-06-07 14:14:00] [computeCursor] IN: screenSize=(1920,1080) → OUT: cursor=(705,387) (0ms)
[CURSOR-ABS] handSide=unknown hand=(0.413,0.062) filter=(0.530,0.297) target=(707,387) cursor=(706,388)
[2026-06-07 14:14:00] [computeCursor] IN: screenSize=(1920,1080) → OUT: cursor=(707,387) (0ms)
[CURSOR-ABS] handSide=unknown hand=(0.440,0.056) filter=(0.529,0.297) target=(708,387) cursor=(707,387)
[2026-06-07 14:14:00] [computeCursor] IN: screenSize=(1920,1080) → OUT: cursor=(708,386) (0ms)
[CURSOR-ABS] handSide=unknown hand=(0.746,0.221) filter=(0.530,0.297) target=(706,386) cursor=(708,387)
[2026-06-07 14:14:00] [computeCursor] IN: screenSize=(1920,1080) → OUT: cursor=(705,386) (0ms)
[CURSOR-ABS] handSide=unknown hand=(0.741,0.229) filter=(0.531,0.297) target=(703,386) cursor=(706,386)
[2026-06-07 14:14:00] [computeCursor] IN: screenSize=(1920,1080) → OUT: cursor=(703,386) (0ms)
[CURSOR-ABS] handSide=unknown hand=(0.737,0.237) filter=(0.531,0.296) target=(701,386) cursor=(703,386)
[2026-06-07 14:14:00] [computeCursor] IN: screenSize=(1920,1080) → OUT: cursor=(700,386) (0ms)
[CURSOR-ABS] handSide=unknown hand=(0.726,0.251) filter=(0.532,0.296) target=(699,386) cursor=(701,386)
[2026-06-07 14:14:00] [computeCursor] IN: screenSize=(1920,1080) → OUT: cursor=(698,385) (0ms)
[CURSOR-ABS] handSide=unknown hand=(0.717,0.259) filter=(0.532,0.296) target=(697,386) cursor=(699,386)
[2026-06-07 14:14:00] [computeCursor] IN: screenSize=(1920,1080) → OUT: cursor=(696,385) (0ms)
[CURSOR-ABS] handSide=unknown hand=(0.703,0.273) filter=(0.533,0.296) target=(695,386) cursor=(697,386)
[2026-06-07 14:14:00] [computeCursor] IN: screenSize=(1920,1080) → OUT: cursor=(694,385) (0ms)
[CURSOR-ABS] handSide=unknown hand=(0.689,0.276) filter=(0.533,0.296) target=(693,386) cursor=(695,386)
[2026-06-07 14:14:00] [computeCursor] IN: screenSize=(1920,1080) → OUT: cursor=(692,385) (0ms)
[CURSOR-ABS] handSide=unknown hand=(0.677,0.293) filter=(0.534,0.296) target=(691,386) cursor=(693,386)
[2026-06-07 14:14:00] [computeCursor] IN: screenSize=(1920,1080) → OUT: cursor=(691,385) (0ms)
[CURSOR-ABS] handSide=unknown hand=(0.655,0.299) filter=(0.534,0.296) target=(690,386) cursor=(691,386)
[2026-06-07 14:14:00] [computeCursor] IN: screenSize=(1920,1080) → OUT: cursor=(689,385) (0ms)
[CURSOR-ABS] handSide=unknown hand=(0.640,0.313) filter=(0.534,0.296) target=(688,386) cursor=(690,386)
[2026-06-07 14:14:00] [computeCursor] IN: screenSize=(1920,1080) → OUT: cursor=(688,385) (1ms)
[CURSOR-ABS] handSide=unknown hand=(0.625,0.318) filter=(0.535,0.296) target=(687,386) cursor=(688,386)
[2026-06-07 14:14:00] [computeCursor] IN: screenSize=(1920,1080) → OUT: cursor=(687,385) (0ms)
[CURSOR-ABS] handSide=unknown hand=(0.609,0.322) filter=(0.535,0.296) target=(687,386) cursor=(687,386)
[2026-06-07 14:14:00] [computeCursor] IN: screenSize=(1920,1080) → OUT: cursor=(686,385) (0ms)
[CURSOR-ABS] handSide=unknown hand=(0.591,0.323) filter=(0.535,0.296) target=(686,386) cursor=(687,386)
[2026-06-07 14:14:00] [computeCursor] IN: screenSize=(1920,1080) → OUT: cursor=(685,385) (0ms)
[CURSOR-ABS] handSide=unknown hand=(0.574,0.322) filter=(0.535,0.296) target=(685,386) cursor=(686,386)
[2026-06-07 14:14:00] [computeCursor] IN: screenSize=(1920,1080) → OUT: cursor=(685,386) (0ms)
[CURSOR-ABS] handSide=unknown hand=(0.560,0.311) filter=(0.535,0.296) target=(685,386) cursor=(685,386)
[2026-06-07 14:14:00] [computeCursor] IN: screenSize=(1920,1080) → OUT: cursor=(685,386) (0ms)
[CURSOR-ABS] handSide=unknown hand=(0.545,0.306) filter=(0.535,0.297) target=(685,386) cursor=(685,386)
[2026-06-07 14:14:00] [computeCursor] IN: screenSize=(1920,1080) → OUT: cursor=(684,386) (0ms)
[CURSOR-ABS] handSide=unknown hand=(0.529,0.298) filter=(0.535,0.297) target=(685,386) cursor=(685,386)
[2026-06-07 14:14:00] [computeCursor] IN: screenSize=(1920,1080) → OUT: cursor=(684,386) (0ms)
[CURSOR-ABS] handSide=unknown hand=(0.515,0.286) filter=(0.535,0.296) target=(685,386) cursor=(685,386)
[2026-06-07 14:14:00] [computeCursor] IN: screenSize=(1920,1080) → OUT: cursor=(685,386) (0ms)
[CURSOR-ABS] handSide=unknown hand=(0.503,0.271) filter=(0.535,0.296) target=(686,386) cursor=(685,386)
[2026-06-07 14:14:00] [computeCursor] IN: screenSize=(1920,1080) → OUT: cursor=(685,385) (0ms)
[CURSOR-ABS] handSide=unknown hand=(0.496,0.255) filter=(0.535,0.296) target=(686,386) cursor=(686,386)
[2026-06-07 14:14:00] [computeCursor] IN: screenSize=(1920,1080) → OUT: cursor=(686,385) (0ms)
[CURSOR-ABS] handSide=unknown hand=(0.484,0.236) filter=(0.535,0.296) target=(687,386) cursor=(686,386)
[2026-06-07 14:14:00] [computeCursor] IN: screenSize=(1920,1080) → OUT: cursor=(686,385) (0ms)
[CURSOR-ABS] handSide=unknown hand=(0.471,0.206) filter=(0.535,0.296) target=(687,385) cursor=(687,386)
[2026-06-07 14:14:00] [computeCursor] IN: screenSize=(1920,1080) → OUT: cursor=(687,385) (0ms)
[CURSOR-ABS] handSide=unknown hand=(0.451,0.151) filter=(0.535,0.296) target=(688,385) cursor=(687,385)
[2026-06-07 14:14:00] [computeCursor] IN: screenSize=(1920,1080) → OUT: cursor=(688,385) (0ms)
[CURSOR-ABS] handSide=unknown hand=(0.425,0.098) filter=(0.534,0.296) target=(690,385) cursor=(688,385)
[2026-06-07 14:14:00] [computeCursor] IN: screenSize=(1920,1080) → OUT: cursor=(689,384) (0ms)
✅ 回放完成: 1416帧
📐 target偏差: avg=662px max=1517px
📊 指标: ./scripts/analyze-cursor-log.sh /tmp/replay-v0.5.0-silky.log
📦 入库: /Users/diqibadao/Desktop/vibe项目/MotionControl/Docs/logs/v0.5.0-silky-replay.log

🎬 回放: v0.6.0-trace.tsv (1813帧)
   校准原点: (0.550,0.375)
[CURSOR-ABS] handSide=unknown hand=(0.416,0.338) filter=(0.416,0.338) target=(1495,457) cursor=(960,540)
[CURSOR-ABS] handSide=unknown hand=(0.401,0.334) filter=(0.416,0.338) target=(1495,457) cursor=(960,540)
[CURSOR-ABS] handSide=unknown hand=(0.390,0.332) filter=(0.416,0.338) target=(1495,457) cursor=(960,540)
[CURSOR-ABS] handSide=unknown hand=(0.378,0.326) filter=(0.416,0.338) target=(1495,457) cursor=(960,540)
[CURSOR-ABS] handSide=unknown hand=(0.369,0.321) filter=(0.416,0.338) target=(1495,457) cursor=(960,540)
[CURSOR-ABS] handSide=unknown hand=(0.358,0.310) filter=(0.416,0.338) target=(1495,457) cursor=(960,540)
[CURSOR-ABS] handSide=unknown hand=(0.348,0.302) filter=(0.416,0.338) target=(1495,457) cursor=(960,540)
[CURSOR-ABS] handSide=unknown hand=(0.337,0.301) filter=(0.416,0.338) target=(1495,457) cursor=(960,540)
[CURSOR-ABS] handSide=unknown hand=(0.327,0.297) filter=(0.416,0.338) target=(1495,457) cursor=(960,540)
[CURSOR-ABS] handSide=unknown hand=(0.316,0.295) filter=(0.416,0.338) target=(1495,457) cursor=(960,540)
[CURSOR-ABS] handSide=unknown hand=(0.306,0.295) filter=(0.416,0.338) target=(1495,456) cursor=(960,540)
[CURSOR-ABS] handSide=unknown hand=(0.299,0.295) filter=(0.416,0.338) target=(1495,456) cursor=(960,540)
[CURSOR-ABS] handSide=unknown hand=(0.292,0.299) filter=(0.416,0.338) target=(1496,456) cursor=(960,540)
[CURSOR-ABS] handSide=unknown hand=(0.286,0.300) filter=(0.416,0.338) target=(1496,456) cursor=(960,540)
[CURSOR-ABS] handSide=unknown hand=(0.280,0.305) filter=(0.416,0.338) target=(1496,456) cursor=(960,540)
[CURSOR-ABS] handSide=unknown hand=(0.277,0.313) filter=(0.416,0.338) target=(1496,456) cursor=(960,540)
[CURSOR-ABS] handSide=unknown hand=(0.275,0.319) filter=(0.416,0.338) target=(1496,456) cursor=(960,540)
[CURSOR-ABS] handSide=unknown hand=(0.277,0.330) filter=(0.416,0.338) target=(1496,456) cursor=(960,540)
[CURSOR-ABS] handSide=unknown hand=(0.278,0.339) filter=(0.416,0.338) target=(1496,456) cursor=(960,540)
[CURSOR-ABS] handSide=unknown hand=(0.281,0.349) filter=(0.416,0.338) target=(1496,456) cursor=(960,540)
[CURSOR-ABS] handSide=unknown hand=(0.284,0.360) filter=(0.416,0.338) target=(1497,456) cursor=(960,540)
[CURSOR-ABS] handSide=unknown hand=(0.288,0.369) filter=(0.416,0.338) target=(1497,456) cursor=(960,540)
[CURSOR-ABS] handSide=unknown hand=(0.297,0.377) filter=(0.416,0.338) target=(1497,456) cursor=(960,540)
[CURSOR-ABS] handSide=unknown hand=(0.307,0.386) filter=(0.416,0.338) target=(1497,456) cursor=(960,540)
[CURSOR-ABS] handSide=unknown hand=(0.320,0.396) filter=(0.416,0.338) target=(1497,456) cursor=(960,540)
[CURSOR-ABS] handSide=unknown hand=(0.333,0.407) filter=(0.416,0.338) target=(1497,456) cursor=(960,540)
[CURSOR-ABS] handSide=unknown hand=(0.348,0.413) filter=(0.416,0.338) target=(1497,456) cursor=(960,540)
[CURSOR-ABS] handSide=unknown hand=(0.360,0.419) filter=(0.416,0.338) target=(1497,456) cursor=(960,540)
[CURSOR-ABS] handSide=unknown hand=(0.372,0.424) filter=(0.416,0.338) target=(1497,457) cursor=(960,540)
[CURSOR-ABS] handSide=unknown hand=(0.385,0.421) filter=(0.416,0.338) target=(1497,457) cursor=(960,540)
[CURSOR-ABS] handSide=unknown hand=(0.394,0.416) filter=(0.416,0.338) target=(1497,457) cursor=(960,540)
[2026-06-07 14:14:01] [computeCursor] IN: screenSize=(1920,1080) → OUT: cursor=(1494,456) (0ms)
[CURSOR-ABS] handSide=unknown hand=(0.403,0.410) filter=(0.416,0.338) target=(1497,457) cursor=(1494,457)
[2026-06-07 14:14:01] [computeCursor] IN: screenSize=(1920,1080) → OUT: cursor=(1497,456) (0ms)
[CURSOR-ABS] handSide=unknown hand=(0.410,0.398) filter=(0.416,0.338) target=(1497,457) cursor=(1497,457)
[2026-06-07 14:14:01] [computeCursor] IN: screenSize=(1920,1080) → OUT: cursor=(1497,456) (0ms)
[CURSOR-ABS] handSide=unknown hand=(0.415,0.380) filter=(0.416,0.338) target=(1497,457) cursor=(1497,457)
[2026-06-07 14:14:01] [computeCursor] IN: screenSize=(1920,1080) → OUT: cursor=(1497,456) (0ms)
[CURSOR-ABS] handSide=unknown hand=(0.420,0.359) filter=(0.416,0.338) target=(1497,457) cursor=(1497,457)
[2026-06-07 14:14:01] [computeCursor] IN: screenSize=(1920,1080) → OUT: cursor=(1497,456) (0ms)
[CURSOR-ABS] handSide=unknown hand=(0.423,0.326) filter=(0.416,0.338) target=(1497,457) cursor=(1497,457)
[2026-06-07 14:14:01] [computeCursor] IN: screenSize=(1920,1080) → OUT: cursor=(1497,456) (0ms)
[CURSOR-ABS] handSide=unknown hand=(0.425,0.304) filter=(0.416,0.338) target=(1497,457) cursor=(1497,457)
[2026-06-07 14:14:01] [computeCursor] IN: screenSize=(1920,1080) → OUT: cursor=(1497,456) (0ms)
[CURSOR-ABS] handSide=unknown hand=(0.425,0.279) filter=(0.416,0.338) target=(1497,457) cursor=(1497,457)
[2026-06-07 14:14:01] [computeCursor] IN: screenSize=(1920,1080) → OUT: cursor=(1497,456) (0ms)
[CURSOR-ABS] handSide=unknown hand=(0.426,0.262) filter=(0.416,0.338) target=(1497,457) cursor=(1497,457)
[2026-06-07 14:14:01] [computeCursor] IN: screenSize=(1920,1080) → OUT: cursor=(1497,456) (0ms)
[CURSOR-ABS] handSide=unknown hand=(0.425,0.247) filter=(0.416,0.338) target=(1497,457) cursor=(1497,457)
[2026-06-07 14:14:01] [computeCursor] IN: screenSize=(1920,1080) → OUT: cursor=(1497,456) (0ms)
[CURSOR-ABS] handSide=unknown hand=(0.425,0.227) filter=(0.416,0.338) target=(1497,457) cursor=(1497,457)
[2026-06-07 14:14:01] [computeCursor] IN: screenSize=(1920,1080) → OUT: cursor=(1497,456) (0ms)
[CURSOR-ABS] handSide=unknown hand=(0.424,0.220) filter=(0.416,0.338) target=(1497,456) cursor=(1497,457)
[2026-06-07 14:14:01] [computeCursor] IN: screenSize=(1920,1080) → OUT: cursor=(1497,456) (0ms)
[CURSOR-ABS] handSide=unknown hand=(0.423,0.198) filter=(0.416,0.338) target=(1497,456) cursor=(1497,456)
[2026-06-07 14:14:01] [computeCursor] IN: screenSize=(1920,1080) → OUT: cursor=(1497,456) (0ms)
[CURSOR-ABS] handSide=unknown hand=(0.418,0.192) filter=(0.416,0.338) target=(1497,456) cursor=(1497,456)
[2026-06-07 14:14:01] [computeCursor] IN: screenSize=(1920,1080) → OUT: cursor=(1497,456) (0ms)
[CURSOR-ABS] handSide=unknown hand=(0.415,0.194) filter=(0.416,0.338) target=(1497,456) cursor=(1497,456)
[2026-06-07 14:14:01] [computeCursor] IN: screenSize=(1920,1080) → OUT: cursor=(1497,455) (1ms)
[CURSOR-ABS] handSide=unknown hand=(0.409,0.182) filter=(0.416,0.338) target=(1497,456) cursor=(1497,456)
[2026-06-07 14:14:01] [computeCursor] IN: screenSize=(1920,1080) → OUT: cursor=(1497,455) (0ms)
[CURSOR-ABS] handSide=unknown hand=(0.405,0.191) filter=(0.416,0.338) target=(1497,456) cursor=(1497,456)
[2026-06-07 14:14:01] [computeCursor] IN: screenSize=(1920,1080) → OUT: cursor=(1497,455) (0ms)
[CURSOR-ABS] handSide=unknown hand=(0.401,0.199) filter=(0.416,0.338) target=(1497,455) cursor=(1497,456)
[2026-06-07 14:14:01] [computeCursor] IN: screenSize=(1920,1080) → OUT: cursor=(1497,455) (0ms)
[CURSOR-ABS] handSide=unknown hand=(0.400,0.201) filter=(0.416,0.337) target=(1498,455) cursor=(1497,455)
[2026-06-07 14:14:01] [computeCursor] IN: screenSize=(1920,1080) → OUT: cursor=(1497,455) (0ms)
[CURSOR-ABS] handSide=unknown hand=(0.400,0.205) filter=(0.416,0.337) target=(1498,455) cursor=(1498,455)
[2026-06-07 14:14:01] [computeCursor] IN: screenSize=(1920,1080) → OUT: cursor=(1497,455) (0ms)
[CURSOR-ABS] handSide=unknown hand=(0.404,0.206) filter=(0.416,0.337) target=(1498,455) cursor=(1498,455)
[2026-06-07 14:14:01] [computeCursor] IN: screenSize=(1920,1080) → OUT: cursor=(1497,454) (0ms)
[CURSOR-ABS] handSide=unknown hand=(0.408,0.206) filter=(0.416,0.337) target=(1498,455) cursor=(1498,455)
[2026-06-07 14:14:01] [computeCursor] IN: screenSize=(1920,1080) → OUT: cursor=(1497,454) (0ms)
[CURSOR-ABS] handSide=unknown hand=(0.415,0.204) filter=(0.416,0.337) target=(1498,454) cursor=(1498,455)
[2026-06-07 14:14:01] [computeCursor] IN: screenSize=(1920,1080) → OUT: cursor=(1497,454) (0ms)
[CURSOR-ABS] handSide=unknown hand=(0.425,0.202) filter=(0.416,0.337) target=(1498,454) cursor=(1498,454)
[2026-06-07 14:14:01] [computeCursor] IN: screenSize=(1920,1080) → OUT: cursor=(1497,454) (0ms)
[CURSOR-ABS] handSide=unknown hand=(0.433,0.197) filter=(0.416,0.337) target=(1498,454) cursor=(1498,454)
[2026-06-07 14:14:01] [computeCursor] IN: screenSize=(1920,1080) → OUT: cursor=(1497,454) (0ms)
[CURSOR-ABS] handSide=unknown hand=(0.441,0.193) filter=(0.416,0.337) target=(1498,454) cursor=(1498,454)
[2026-06-07 14:14:01] [computeCursor] IN: screenSize=(1920,1080) → OUT: cursor=(1497,453) (0ms)
[CURSOR-ABS] handSide=unknown hand=(0.448,0.190) filter=(0.416,0.337) target=(1498,454) cursor=(1498,454)
[2026-06-07 14:14:01] [computeCursor] IN: screenSize=(1920,1080) → OUT: cursor=(1497,453) (0ms)
[CURSOR-ABS] handSide=unknown hand=(0.455,0.179) filter=(0.416,0.337) target=(1498,453) cursor=(1498,454)
[2026-06-07 14:14:01] [computeCursor] IN: screenSize=(1920,1080) → OUT: cursor=(1497,453) (0ms)
[CURSOR-ABS] handSide=unknown hand=(0.463,0.176) filter=(0.416,0.337) target=(1497,453) cursor=(1498,453)
[2026-06-07 14:14:01] [computeCursor] IN: screenSize=(1920,1080) → OUT: cursor=(1497,453) (0ms)
[CURSOR-ABS] handSide=unknown hand=(0.479,0.179) filter=(0.416,0.336) target=(1497,453) cursor=(1497,453)
[2026-06-07 14:14:01] [computeCursor] IN: screenSize=(1920,1080) → OUT: cursor=(1497,452) (0ms)
[CURSOR-ABS] handSide=unknown hand=(0.481,0.186) filter=(0.416,0.336) target=(1497,453) cursor=(1497,453)
[2026-06-07 14:14:01] [computeCursor] IN: screenSize=(1920,1080) → OUT: cursor=(1496,452) (0ms)
[CURSOR-ABS] handSide=unknown hand=(0.489,0.198) filter=(0.416,0.336) target=(1497,452) cursor=(1497,453)
[2026-06-07 14:14:01] [computeCursor] IN: screenSize=(1920,1080) → OUT: cursor=(1496,452) (0ms)
[CURSOR-ABS] handSide=unknown hand=(0.500,0.205) filter=(0.416,0.336) target=(1497,452) cursor=(1497,452)
[2026-06-07 14:14:01] [computeCursor] IN: screenSize=(1920,1080) → OUT: cursor=(1496,452) (0ms)
[CURSOR-ABS] handSide=unknown hand=(0.509,0.209) filter=(0.416,0.336) target=(1496,452) cursor=(1497,452)
[2026-06-07 14:14:01] [computeCursor] IN: screenSize=(1920,1080) → OUT: cursor=(1496,451) (0ms)
[CURSOR-ABS] handSide=unknown hand=(0.523,0.216) filter=(0.416,0.336) target=(1496,452) cursor=(1496,452)
[2026-06-07 14:14:01] [computeCursor] IN: screenSize=(1920,1080) → OUT: cursor=(1495,451) (0ms)
[CURSOR-ABS] handSide=unknown hand=(0.539,0.211) filter=(0.416,0.336) target=(1496,451) cursor=(1496,452)
[2026-06-07 14:14:01] [computeCursor] IN: screenSize=(1920,1080) → OUT: cursor=(1495,451) (0ms)
[CURSOR-ABS] handSide=unknown hand=(0.553,0.199) filter=(0.416,0.336) target=(1495,451) cursor=(1496,451)
[2026-06-07 14:14:01] [computeCursor] IN: screenSize=(1920,1080) → OUT: cursor=(1495,451) (0ms)
[CURSOR-ABS] handSide=unknown hand=(0.559,0.178) filter=(0.416,0.336) target=(1495,451) cursor=(1495,451)
[2026-06-07 14:14:01] [computeCursor] IN: screenSize=(1920,1080) → OUT: cursor=(1494,450) (1ms)
[CURSOR-ABS] handSide=unknown hand=(0.560,0.150) filter=(0.416,0.335) target=(1494,451) cursor=(1495,451)
[2026-06-07 14:14:01] [computeCursor] IN: screenSize=(1920,1080) → OUT: cursor=(1494,450) (0ms)
[CURSOR-ABS] handSide=unknown hand=(0.558,0.127) filter=(0.416,0.335) target=(1494,450) cursor=(1494,451)
[2026-06-07 14:14:01] [computeCursor] IN: screenSize=(1920,1080) → OUT: cursor=(1494,450) (0ms)
[CURSOR-ABS] handSide=unknown hand=(0.530,0.285) filter=(0.416,0.335) target=(1494,450) cursor=(1494,450)
[2026-06-07 14:14:01] [computeCursor] IN: screenSize=(1920,1080) → OUT: cursor=(1493,449) (0ms)
[CURSOR-ABS] handSide=unknown hand=(0.534,0.292) filter=(0.416,0.335) target=(1493,450) cursor=(1494,450)
[2026-06-07 14:14:01] [computeCursor] IN: screenSize=(1920,1080) → OUT: cursor=(1493,449) (0ms)
[CURSOR-ABS] handSide=unknown hand=(0.537,0.300) filter=(0.417,0.335) target=(1493,450) cursor=(1493,450)
[2026-06-07 14:14:01] [computeCursor] IN: screenSize=(1920,1080) → OUT: cursor=(1493,449) (0ms)
[CURSOR-ABS] handSide=unknown hand=(0.541,0.313) filter=(0.417,0.335) target=(1493,450) cursor=(1493,450)
[2026-06-07 14:14:01] [computeCursor] IN: screenSize=(1920,1080) → OUT: cursor=(1492,449) (0ms)
[CURSOR-ABS] handSide=unknown hand=(0.548,0.328) filter=(0.417,0.335) target=(1493,450) cursor=(1493,450)
[2026-06-07 14:14:01] [computeCursor] IN: screenSize=(1920,1080) → OUT: cursor=(1492,449) (0ms)
[CURSOR-ABS] handSide=unknown hand=(0.551,0.342) filter=(0.417,0.335) target=(1492,450) cursor=(1493,450)
[2026-06-07 14:14:01] [computeCursor] IN: screenSize=(1920,1080) → OUT: cursor=(1492,449) (0ms)
[CURSOR-ABS] handSide=unknown hand=(0.558,0.359) filter=(0.417,0.335) target=(1492,450) cursor=(1492,450)
[2026-06-07 14:14:01] [computeCursor] IN: screenSize=(1920,1080) → OUT: cursor=(1491,449) (0ms)
[CURSOR-ABS] handSide=unknown hand=(0.562,0.372) filter=(0.417,0.335) target=(1492,450) cursor=(1492,450)
[2026-06-07 14:14:01] [computeCursor] IN: screenSize=(1920,1080) → OUT: cursor=(1491,450) (0ms)
[CURSOR-ABS] handSide=unknown hand=(0.565,0.389) filter=(0.417,0.335) target=(1491,450) cursor=(1492,450)
[2026-06-07 14:14:01] [computeCursor] IN: screenSize=(1920,1080) → OUT: cursor=(1491,450) (0ms)
[CURSOR-ABS] handSide=unknown hand=(0.567,0.398) filter=(0.417,0.335) target=(1491,450) cursor=(1491,450)
[2026-06-07 14:14:01] [computeCursor] IN: screenSize=(1920,1080) → OUT: cursor=(1490,450) (0ms)
[CURSOR-ABS] handSide=unknown hand=(0.566,0.406) filter=(0.417,0.335) target=(1490,451) cursor=(1491,450)
[2026-06-07 14:14:01] [computeCursor] IN: screenSize=(1920,1080) → OUT: cursor=(1489,450) (0ms)
[CURSOR-ABS] handSide=unknown hand=(0.562,0.410) filter=(0.417,0.336) target=(1489,451) cursor=(1490,451)
[2026-06-07 14:14:01] [computeCursor] IN: screenSize=(1920,1080) → OUT: cursor=(1489,451) (0ms)
[CURSOR-ABS] handSide=unknown hand=(0.559,0.416) filter=(0.417,0.336) target=(1489,451) cursor=(1489,451)
[2026-06-07 14:14:01] [computeCursor] IN: screenSize=(1920,1080) → OUT: cursor=(1488,451) (0ms)
[CURSOR-ABS] handSide=unknown hand=(0.554,0.421) filter=(0.417,0.336) target=(1488,452) cursor=(1489,451)
[2026-06-07 14:14:01] [computeCursor] IN: screenSize=(1920,1080) → OUT: cursor=(1488,451) (0ms)
[CURSOR-ABS] handSide=unknown hand=(0.548,0.423) filter=(0.418,0.336) target=(1488,452) cursor=(1488,452)
[2026-06-07 14:14:01] [computeCursor] IN: screenSize=(1920,1080) → OUT: cursor=(1487,451) (0ms)
[CURSOR-ABS] handSide=unknown hand=(0.542,0.428) filter=(0.418,0.336) target=(1487,452) cursor=(1488,452)
[2026-06-07 14:14:01] [computeCursor] IN: screenSize=(1920,1080) → OUT: cursor=(1487,452) (0ms)
[CURSOR-ABS] handSide=unknown hand=(0.535,0.427) filter=(0.418,0.336) target=(1487,452) cursor=(1487,452)
[2026-06-07 14:14:01] [computeCursor] IN: screenSize=(1920,1080) → OUT: cursor=(1487,452) (0ms)
[CURSOR-ABS] handSide=unknown hand=(0.529,0.429) filter=(0.418,0.336) target=(1487,453) cursor=(1487,452)
[2026-06-07 14:14:01] [computeCursor] IN: screenSize=(1920,1080) → OUT: cursor=(1486,452) (0ms)
[CURSOR-ABS] handSide=unknown hand=(0.522,0.427) filter=(0.418,0.336) target=(1486,453) cursor=(1487,453)
[2026-06-07 14:14:01] [computeCursor] IN: screenSize=(1920,1080) → OUT: cursor=(1486,452) (0ms)
[CURSOR-ABS] handSide=unknown hand=(0.516,0.435) filter=(0.418,0.336) target=(1486,453) cursor=(1486,453)
[2026-06-07 14:14:01] [computeCursor] IN: screenSize=(1920,1080) → OUT: cursor=(1486,453) (0ms)
[CURSOR-ABS] handSide=unknown hand=(0.511,0.441) filter=(0.418,0.336) target=(1486,453) cursor=(1486,453)
[2026-06-07 14:14:01] [computeCursor] IN: screenSize=(1920,1080) → OUT: cursor=(1485,453) (0ms)
[CURSOR-ABS] handSide=unknown hand=(0.507,0.451) filter=(0.418,0.337) target=(1485,453) cursor=(1486,453)
[2026-06-07 14:14:01] [computeCursor] IN: screenSize=(1920,1080) → OUT: cursor=(1485,453) (1ms)
[CURSOR-ABS] handSide=unknown hand=(0.503,0.456) filter=(0.418,0.337) target=(1485,454) cursor=(1485,453)
[2026-06-07 14:14:01] [computeCursor] IN: screenSize=(1920,1080) → OUT: cursor=(1485,453) (0ms)
[CURSOR-ABS] handSide=unknown hand=(0.502,0.461) filter=(0.418,0.337) target=(1485,454) cursor=(1485,454)
[2026-06-07 14:14:01] [computeCursor] IN: screenSize=(1920,1080) → OUT: cursor=(1484,453) (0ms)
[CURSOR-ABS] handSide=unknown hand=(0.501,0.461) filter=(0.418,0.337) target=(1484,454) cursor=(1485,454)
[2026-06-07 14:14:01] [computeCursor] IN: screenSize=(1920,1080) → OUT: cursor=(1484,454) (0ms)
[CURSOR-ABS] handSide=unknown hand=(0.503,0.458) filter=(0.418,0.337) target=(1484,454) cursor=(1484,454)
[2026-06-07 14:14:01] [computeCursor] IN: screenSize=(1920,1080) → OUT: cursor=(1484,454) (0ms)
[CURSOR-ABS] handSide=unknown hand=(0.505,0.450) filter=(0.418,0.337) target=(1484,455) cursor=(1484,454)
[2026-06-07 14:14:01] [computeCursor] IN: screenSize=(1920,1080) → OUT: cursor=(1483,454) (0ms)
[CURSOR-ABS] handSide=unknown hand=(0.506,0.438) filter=(0.418,0.337) target=(1483,455) cursor=(1484,455)
[2026-06-07 14:14:01] [computeCursor] IN: screenSize=(1920,1080) → OUT: cursor=(1483,454) (0ms)
[CURSOR-ABS] handSide=unknown hand=(0.507,0.429) filter=(0.418,0.337) target=(1483,455) cursor=(1483,455)
[2026-06-07 14:14:01] [computeCursor] IN: screenSize=(1920,1080) → OUT: cursor=(1483,455) (0ms)
[CURSOR-ABS] handSide=unknown hand=(0.508,0.415) filter=(0.418,0.337) target=(1483,455) cursor=(1483,455)
[2026-06-07 14:14:01] [computeCursor] IN: screenSize=(1920,1080) → OUT: cursor=(1482,455) (0ms)
[CURSOR-ABS] handSide=unknown hand=(0.508,0.403) filter=(0.419,0.337) target=(1482,455) cursor=(1483,455)
[2026-06-07 14:14:01] [computeCursor] IN: screenSize=(1920,1080) → OUT: cursor=(1482,455) (0ms)
[CURSOR-ABS] handSide=unknown hand=(0.507,0.383) filter=(0.419,0.337) target=(1482,455) cursor=(1482,455)
[2026-06-07 14:14:01] [computeCursor] IN: screenSize=(1920,1080) → OUT: cursor=(1481,455) (0ms)
[CURSOR-ABS] handSide=unknown hand=(0.506,0.363) filter=(0.419,0.337) target=(1482,455) cursor=(1482,455)
[2026-06-07 14:14:01] [computeCursor] IN: screenSize=(1920,1080) → OUT: cursor=(1481,455) (0ms)
[CURSOR-ABS] handSide=unknown hand=(0.505,0.339) filter=(0.419,0.337) target=(1481,455) cursor=(1482,455)
[2026-06-07 14:14:01] [computeCursor] IN: screenSize=(1920,1080) → OUT: cursor=(1481,455) (0ms)
[CURSOR-ABS] handSide=unknown hand=(0.504,0.322) filter=(0.419,0.337) target=(1481,455) cursor=(1481,455)
[2026-06-07 14:14:01] [computeCursor] IN: screenSize=(1920,1080) → OUT: cursor=(1481,455) (0ms)
[CURSOR-ABS] handSide=unknown hand=(0.501,0.301) filter=(0.419,0.337) target=(1481,455) cursor=(1481,455)
[2026-06-07 14:14:01] [computeCursor] IN: screenSize=(1920,1080) → OUT: cursor=(1480,455) (0ms)
[CURSOR-ABS] handSide=unknown hand=(0.501,0.283) filter=(0.419,0.337) target=(1480,455) cursor=(1481,455)
[2026-06-07 14:14:01] [computeCursor] IN: screenSize=(1920,1080) → OUT: cursor=(1480,455) (0ms)
[CURSOR-ABS] handSide=unknown hand=(0.500,0.262) filter=(0.419,0.337) target=(1480,455) cursor=(1480,455)
[2026-06-07 14:14:01] [computeCursor] IN: screenSize=(1920,1080) → OUT: cursor=(1480,455) (0ms)
[CURSOR-ABS] handSide=unknown hand=(0.501,0.247) filter=(0.419,0.337) target=(1480,455) cursor=(1480,455)
[2026-06-07 14:14:01] [computeCursor] IN: screenSize=(1920,1080) → OUT: cursor=(1479,455) (0ms)
[CURSOR-ABS] handSide=unknown hand=(0.502,0.228) filter=(0.419,0.337) target=(1480,455) cursor=(1480,455)
[2026-06-07 14:14:01] [computeCursor] IN: screenSize=(1920,1080) → OUT: cursor=(1479,454) (0ms)
[CURSOR-ABS] handSide=unknown hand=(0.503,0.212) filter=(0.419,0.337) target=(1479,455) cursor=(1480,455)
[2026-06-07 14:14:01] [computeCursor] IN: screenSize=(1920,1080) → OUT: cursor=(1479,454) (0ms)
[CURSOR-ABS] handSide=unknown hand=(0.504,0.197) filter=(0.419,0.337) target=(1479,455) cursor=(1479,455)
[2026-06-07 14:14:01] [computeCursor] IN: screenSize=(1920,1080) → OUT: cursor=(1478,454) (0ms)
[CURSOR-ABS] handSide=unknown hand=(0.505,0.183) filter=(0.419,0.337) target=(1479,454) cursor=(1479,455)
[2026-06-07 14:14:01] [computeCursor] IN: screenSize=(1920,1080) → OUT: cursor=(1478,454) (0ms)
[CURSOR-ABS] handSide=unknown hand=(0.507,0.166) filter=(0.419,0.337) target=(1478,454) cursor=(1479,454)
[2026-06-07 14:14:01] [computeCursor] IN: screenSize=(1920,1080) → OUT: cursor=(1478,454) (0ms)
[CURSOR-ABS] handSide=unknown hand=(0.507,0.154) filter=(0.419,0.337) target=(1478,454) cursor=(1478,454)
[2026-06-07 14:14:01] [computeCursor] IN: screenSize=(1920,1080) → OUT: cursor=(1477,453) (0ms)
[CURSOR-ABS] handSide=unknown hand=(0.510,0.147) filter=(0.419,0.336) target=(1478,453) cursor=(1478,454)
[2026-06-07 14:14:01] [computeCursor] IN: screenSize=(1920,1080) → OUT: cursor=(1477,453) (0ms)
[CURSOR-ABS] handSide=unknown hand=(0.511,0.141) filter=(0.420,0.336) target=(1477,453) cursor=(1478,453)
[2026-06-07 14:14:01] [computeCursor] IN: screenSize=(1920,1080) → OUT: cursor=(1477,453) (0ms)
[CURSOR-ABS] handSide=unknown hand=(0.512,0.141) filter=(0.420,0.336) target=(1477,453) cursor=(1477,453)
[2026-06-07 14:14:01] [computeCursor] IN: screenSize=(1920,1080) → OUT: cursor=(1477,452) (0ms)
[CURSOR-ABS] handSide=unknown hand=(0.513,0.141) filter=(0.420,0.336) target=(1477,452) cursor=(1477,453)
[2026-06-07 14:14:01] [computeCursor] IN: screenSize=(1920,1080) → OUT: cursor=(1476,452) (0ms)
[CURSOR-ABS] handSide=unknown hand=(0.513,0.153) filter=(0.420,0.336) target=(1476,452) cursor=(1477,452)
[2026-06-07 14:14:01] [computeCursor] IN: screenSize=(1920,1080) → OUT: cursor=(1476,452) (0ms)
[CURSOR-ABS] handSide=unknown hand=(0.515,0.169) filter=(0.420,0.336) target=(1476,452) cursor=(1476,452)
[2026-06-07 14:14:01] [computeCursor] IN: screenSize=(1920,1080) → OUT: cursor=(1475,451) (0ms)
[CURSOR-ABS] handSide=unknown hand=(0.517,0.190) filter=(0.420,0.335) target=(1476,451) cursor=(1476,452)
[2026-06-07 14:14:01] [computeCursor] IN: screenSize=(1920,1080) → OUT: cursor=(1475,451) (0ms)
[CURSOR-ABS] handSide=unknown hand=(0.518,0.212) filter=(0.420,0.335) target=(1475,451) cursor=(1476,451)
[2026-06-07 14:14:01] [computeCursor] IN: screenSize=(1920,1080) → OUT: cursor=(1475,451) (0ms)
[CURSOR-ABS] handSide=unknown hand=(0.519,0.234) filter=(0.420,0.335) target=(1475,451) cursor=(1475,451)
[2026-06-07 14:14:01] [computeCursor] IN: screenSize=(1920,1080) → OUT: cursor=(1474,450) (0ms)
[CURSOR-ABS] handSide=unknown hand=(0.519,0.259) filter=(0.420,0.335) target=(1474,451) cursor=(1475,451)
[2026-06-07 14:14:01] [computeCursor] IN: screenSize=(1920,1080) → OUT: cursor=(1474,450) (0ms)
[CURSOR-ABS] handSide=unknown hand=(0.520,0.281) filter=(0.420,0.335) target=(1474,451) cursor=(1474,451)
[2026-06-07 14:14:01] [computeCursor] IN: screenSize=(1920,1080) → OUT: cursor=(1473,450) (0ms)
[CURSOR-ABS] handSide=unknown hand=(0.520,0.305) filter=(0.420,0.335) target=(1473,451) cursor=(1474,451)
[2026-06-07 14:14:01] [computeCursor] IN: screenSize=(1920,1080) → OUT: cursor=(1473,450) (0ms)
[CURSOR-ABS] handSide=unknown hand=(0.520,0.320) filter=(0.421,0.335) target=(1473,451) cursor=(1473,451)
[2026-06-07 14:14:01] [computeCursor] IN: screenSize=(1920,1080) → OUT: cursor=(1472,450) (0ms)
[CURSOR-ABS] handSide=unknown hand=(0.520,0.334) filter=(0.421,0.335) target=(1472,451) cursor=(1473,451)
[2026-06-07 14:14:01] [computeCursor] IN: screenSize=(1920,1080) → OUT: cursor=(1472,450) (0ms)
[CURSOR-ABS] handSide=unknown hand=(0.519,0.344) filter=(0.421,0.335) target=(1472,451) cursor=(1472,451)
[2026-06-07 14:14:01] [computeCursor] IN: screenSize=(1920,1080) → OUT: cursor=(1471,450) (0ms)
[CURSOR-ABS] handSide=unknown hand=(0.519,0.355) filter=(0.421,0.335) target=(1471,451) cursor=(1472,451)
[2026-06-07 14:14:01] [computeCursor] IN: screenSize=(1920,1080) → OUT: cursor=(1471,450) (0ms)
[CURSOR-ABS] handSide=unknown hand=(0.517,0.367) filter=(0.421,0.335) target=(1471,451) cursor=(1471,451)
[2026-06-07 14:14:01] [computeCursor] IN: screenSize=(1920,1080) → OUT: cursor=(1470,450) (0ms)
[CURSOR-ABS] handSide=unknown hand=(0.516,0.375) filter=(0.421,0.335) target=(1470,451) cursor=(1471,451)
[2026-06-07 14:14:01] [computeCursor] IN: screenSize=(1920,1080) → OUT: cursor=(1470,450) (0ms)
[CURSOR-ABS] handSide=unknown hand=(0.514,0.384) filter=(0.421,0.335) target=(1470,451) cursor=(1470,451)
[2026-06-07 14:14:01] [computeCursor] IN: screenSize=(1920,1080) → OUT: cursor=(1469,451) (0ms)
[CURSOR-ABS] handSide=unknown hand=(0.514,0.394) filter=(0.421,0.335) target=(1469,451) cursor=(1470,451)
[2026-06-07 14:14:01] [computeCursor] IN: screenSize=(1920,1080) → OUT: cursor=(1469,451) (0ms)
[CURSOR-ABS] handSide=unknown hand=(0.512,0.404) filter=(0.421,0.335) target=(1469,451) cursor=(1469,451)
[2026-06-07 14:14:01] [computeCursor] IN: screenSize=(1920,1080) → OUT: cursor=(1468,451) (0ms)
[CURSOR-ABS] handSide=unknown hand=(0.511,0.411) filter=(0.421,0.335) target=(1469,452) cursor=(1469,451)
[2026-06-07 14:14:01] [computeCursor] IN: screenSize=(1920,1080) → OUT: cursor=(1468,451) (0ms)
[CURSOR-ABS] handSide=unknown hand=(0.511,0.419) filter=(0.421,0.335) target=(1468,452) cursor=(1469,452)
[2026-06-07 14:14:01] [computeCursor] IN: screenSize=(1920,1080) → OUT: cursor=(1468,451) (0ms)
[CURSOR-ABS] handSide=unknown hand=(0.512,0.422) filter=(0.422,0.336) target=(1468,452) cursor=(1468,452)
[2026-06-07 14:14:01] [computeCursor] IN: screenSize=(1920,1080) → OUT: cursor=(1467,451) (0ms)
[CURSOR-ABS] handSide=unknown hand=(0.513,0.424) filter=(0.422,0.336) target=(1467,452) cursor=(1468,452)
[2026-06-07 14:14:01] [computeCursor] IN: screenSize=(1920,1080) → OUT: cursor=(1466,452) (0ms)
[CURSOR-ABS] handSide=unknown hand=(0.513,0.426) filter=(0.422,0.336) target=(1466,452) cursor=(1467,452)
[2026-06-07 14:14:01] [computeCursor] IN: screenSize=(1920,1080) → OUT: cursor=(1466,452) (0ms)
[CURSOR-ABS] handSide=unknown hand=(0.513,0.421) filter=(0.422,0.336) target=(1466,452) cursor=(1466,452)
[2026-06-07 14:14:01] [computeCursor] IN: screenSize=(1920,1080) → OUT: cursor=(1465,452) (0ms)
[CURSOR-ABS] handSide=unknown hand=(0.513,0.416) filter=(0.422,0.336) target=(1465,453) cursor=(1466,452)
[2026-06-07 14:14:01] [computeCursor] IN: screenSize=(1920,1080) → OUT: cursor=(1465,452) (0ms)
[CURSOR-ABS] handSide=unknown hand=(0.512,0.412) filter=(0.422,0.336) target=(1465,453) cursor=(1465,453)
[2026-06-07 14:14:01] [computeCursor] IN: screenSize=(1920,1080) → OUT: cursor=(1464,452) (0ms)
[CURSOR-ABS] handSide=unknown hand=(0.512,0.410) filter=(0.422,0.336) target=(1464,453) cursor=(1465,453)
[2026-06-07 14:14:01] [computeCursor] IN: screenSize=(1920,1080) → OUT: cursor=(1464,452) (0ms)
[CURSOR-ABS] handSide=unknown hand=(0.513,0.408) filter=(0.422,0.336) target=(1464,453) cursor=(1464,453)
[2026-06-07 14:14:01] [computeCursor] IN: screenSize=(1920,1080) → OUT: cursor=(1463,453) (0ms)
[CURSOR-ABS] handSide=unknown hand=(0.517,0.408) filter=(0.422,0.336) target=(1463,453) cursor=(1464,453)
[2026-06-07 14:14:01] [computeCursor] IN: screenSize=(1920,1080) → OUT: cursor=(1463,453) (0ms)
[CURSOR-ABS] handSide=unknown hand=(0.519,0.407) filter=(0.422,0.336) target=(1463,453) cursor=(1463,453)
[2026-06-07 14:14:01] [computeCursor] IN: screenSize=(1920,1080) → OUT: cursor=(1462,453) (0ms)
[CURSOR-ABS] handSide=unknown hand=(0.522,0.408) filter=(0.423,0.336) target=(1462,454) cursor=(1463,453)
[2026-06-07 14:14:01] [computeCursor] IN: screenSize=(1920,1080) → OUT: cursor=(1462,453) (1ms)
[CURSOR-ABS] handSide=unknown hand=(0.522,0.410) filter=(0.423,0.336) target=(1461,454) cursor=(1462,454)
[2026-06-07 14:14:01] [computeCursor] IN: screenSize=(1920,1080) → OUT: cursor=(1461,453) (0ms)
[CURSOR-ABS] handSide=unknown hand=(0.523,0.411) filter=(0.423,0.336) target=(1461,454) cursor=(1461,454)
[2026-06-07 14:14:01] [computeCursor] IN: screenSize=(1920,1080) → OUT: cursor=(1460,453) (0ms)
[CURSOR-ABS] handSide=unknown hand=(0.524,0.409) filter=(0.423,0.336) target=(1460,454) cursor=(1461,454)
[2026-06-07 14:14:01] [computeCursor] IN: screenSize=(1920,1080) → OUT: cursor=(1460,453) (0ms)
[CURSOR-ABS] handSide=unknown hand=(0.523,0.409) filter=(0.423,0.336) target=(1460,454) cursor=(1460,454)
[2026-06-07 14:14:01] [computeCursor] IN: screenSize=(1920,1080) → OUT: cursor=(1459,454) (0ms)
[CURSOR-ABS] handSide=unknown hand=(0.522,0.407) filter=(0.423,0.336) target=(1459,454) cursor=(1460,454)
[2026-06-07 14:14:01] [computeCursor] IN: screenSize=(1920,1080) → OUT: cursor=(1458,454) (0ms)
[CURSOR-ABS] handSide=unknown hand=(0.521,0.405) filter=(0.423,0.336) target=(1458,454) cursor=(1459,454)
[2026-06-07 14:14:01] [computeCursor] IN: screenSize=(1920,1080) → OUT: cursor=(1458,454) (0ms)
[CURSOR-ABS] handSide=unknown hand=(0.520,0.402) filter=(0.423,0.337) target=(1458,455) cursor=(1458,454)
[2026-06-07 14:14:01] [computeCursor] IN: screenSize=(1920,1080) → OUT: cursor=(1457,454) (0ms)
[CURSOR-ABS] handSide=unknown hand=(0.518,0.390) filter=(0.424,0.337) target=(1457,455) cursor=(1458,455)
[2026-06-07 14:14:01] [computeCursor] IN: screenSize=(1920,1080) → OUT: cursor=(1457,454) (0ms)
[CURSOR-ABS] handSide=unknown hand=(0.516,0.361) filter=(0.424,0.337) target=(1456,455) cursor=(1457,455)
[2026-06-07 14:14:01] [computeCursor] IN: screenSize=(1920,1080) → OUT: cursor=(1456,454) (0ms)
[CURSOR-ABS] handSide=unknown hand=(0.515,0.343) filter=(0.424,0.337) target=(1456,455) cursor=(1456,455)
[2026-06-07 14:14:01] [computeCursor] IN: screenSize=(1920,1080) → OUT: cursor=(1455,454) (0ms)
[CURSOR-ABS] handSide=unknown hand=(0.508,0.325) filter=(0.424,0.337) target=(1455,455) cursor=(1456,455)
[2026-06-07 14:14:01] [computeCursor] IN: screenSize=(1920,1080) → OUT: cursor=(1455,454) (0ms)
[CURSOR-ABS] handSide=unknown hand=(0.508,0.293) filter=(0.424,0.337) target=(1455,455) cursor=(1455,455)
[2026-06-07 14:14:01] [computeCursor] IN: screenSize=(1920,1080) → OUT: cursor=(1454,454) (0ms)
[CURSOR-ABS] handSide=unknown hand=(0.507,0.267) filter=(0.424,0.336) target=(1454,455) cursor=(1455,455)
[2026-06-07 14:14:01] [computeCursor] IN: screenSize=(1920,1080) → OUT: cursor=(1454,454) (0ms)
[CURSOR-ABS] handSide=unknown hand=(0.517,0.222) filter=(0.424,0.336) target=(1454,454) cursor=(1454,455)
[2026-06-07 14:14:01] [computeCursor] IN: screenSize=(1920,1080) → OUT: cursor=(1453,454) (0ms)
[CURSOR-ABS] handSide=unknown hand=(0.513,0.167) filter=(0.424,0.336) target=(1453,454) cursor=(1454,454)
[2026-06-07 14:14:01] [computeCursor] IN: screenSize=(1920,1080) → OUT: cursor=(1453,454) (0ms)
[CURSOR-ABS] handSide=unknown hand=(0.516,0.358) filter=(0.424,0.336) target=(1452,454) cursor=(1453,454)
[2026-06-07 14:14:01] [computeCursor] IN: screenSize=(1920,1080) → OUT: cursor=(1452,454) (0ms)
[CURSOR-ABS] handSide=unknown hand=(0.534,0.341) filter=(0.425,0.336) target=(1452,454) cursor=(1452,454)
[2026-06-07 14:14:01] [computeCursor] IN: screenSize=(1920,1080) → OUT: cursor=(1451,454) (0ms)
[CURSOR-ABS] handSide=unknown hand=(0.549,0.325) filter=(0.425,0.336) target=(1451,454) cursor=(1452,454)
[2026-06-07 14:14:01] [computeCursor] IN: screenSize=(1920,1080) → OUT: cursor=(1450,454) (0ms)
[CURSOR-ABS] handSide=unknown hand=(0.562,0.306) filter=(0.425,0.336) target=(1450,454) cursor=(1451,454)
[2026-06-07 14:14:01] [computeCursor] IN: screenSize=(1920,1080) → OUT: cursor=(1449,454) (0ms)
[CURSOR-ABS] handSide=unknown hand=(0.568,0.283) filter=(0.425,0.336) target=(1449,454) cursor=(1450,454)
[2026-06-07 14:14:01] [computeCursor] IN: screenSize=(1920,1080) → OUT: cursor=(1448,454) (0ms)
[CURSOR-ABS] handSide=unknown hand=(0.571,0.257) filter=(0.425,0.336) target=(1448,454) cursor=(1449,454)
[2026-06-07 14:14:01] [computeCursor] IN: screenSize=(1920,1080) → OUT: cursor=(1447,454) (0ms)
[CURSOR-ABS] handSide=unknown hand=(0.565,0.227) filter=(0.426,0.336) target=(1447,454) cursor=(1448,454)
[2026-06-07 14:14:01] [computeCursor] IN: screenSize=(1920,1080) → OUT: cursor=(1446,453) (0ms)
[CURSOR-ABS] handSide=unknown hand=(0.560,0.201) filter=(0.426,0.336) target=(1446,454) cursor=(1447,454)
[2026-06-07 14:14:01] [computeCursor] IN: screenSize=(1920,1080) → OUT: cursor=(1445,453) (0ms)
[CURSOR-ABS] handSide=unknown hand=(0.545,0.171) filter=(0.426,0.336) target=(1445,453) cursor=(1446,454)
[2026-06-07 14:14:01] [computeCursor] IN: screenSize=(1920,1080) → OUT: cursor=(1445,453) (0ms)
[CURSOR-ABS] handSide=unknown hand=(0.531,0.161) filter=(0.426,0.336) target=(1444,453) cursor=(1445,453)
[2026-06-07 14:14:01] [computeCursor] IN: screenSize=(1920,1080) → OUT: cursor=(1444,453) (0ms)
[CURSOR-ABS] handSide=unknown hand=(0.512,0.147) filter=(0.426,0.336) target=(1444,453) cursor=(1444,453)
[2026-06-07 14:14:01] [computeCursor] IN: screenSize=(1920,1080) → OUT: cursor=(1443,452) (0ms)
[CURSOR-ABS] handSide=unknown hand=(0.496,0.133) filter=(0.426,0.335) target=(1443,452) cursor=(1444,453)
[2026-06-07 14:14:01] [computeCursor] IN: screenSize=(1920,1080) → OUT: cursor=(1443,452) (0ms)
[CURSOR-ABS] handSide=unknown hand=(0.482,0.135) filter=(0.426,0.335) target=(1443,452) cursor=(1443,452)
[2026-06-07 14:14:01] [computeCursor] IN: screenSize=(1920,1080) → OUT: cursor=(1442,452) (0ms)
[CURSOR-ABS] handSide=unknown hand=(0.465,0.135) filter=(0.427,0.335) target=(1443,452) cursor=(1443,452)
[2026-06-07 14:14:01] [computeCursor] IN: screenSize=(1920,1080) → OUT: cursor=(1442,451) (0ms)
[CURSOR-ABS] handSide=unknown hand=(0.446,0.153) filter=(0.427,0.335) target=(1443,451) cursor=(1443,452)
[2026-06-07 14:14:01] [computeCursor] IN: screenSize=(1920,1080) → OUT: cursor=(1442,451) (0ms)
[CURSOR-ABS] handSide=unknown hand=(0.430,0.169) filter=(0.427,0.335) target=(1443,451) cursor=(1443,451)
[2026-06-07 14:14:01] [computeCursor] IN: screenSize=(1920,1080) → OUT: cursor=(1442,450) (1ms)
[CURSOR-ABS] handSide=unknown hand=(0.417,0.176) filter=(0.427,0.334) target=(1443,450) cursor=(1443,451)
[2026-06-07 14:14:01] [computeCursor] IN: screenSize=(1920,1080) → OUT: cursor=(1442,450) (0ms)
[CURSOR-ABS] handSide=unknown hand=(0.403,0.192) filter=(0.427,0.334) target=(1443,450) cursor=(1443,450)
[2026-06-07 14:14:01] [computeCursor] IN: screenSize=(1920,1080) → OUT: cursor=(1442,450) (0ms)
[CURSOR-ABS] handSide=unknown hand=(0.392,0.205) filter=(0.426,0.334) target=(1443,450) cursor=(1443,450)
[2026-06-07 14:14:01] [computeCursor] IN: screenSize=(1920,1080) → OUT: cursor=(1443,449) (0ms)
[CURSOR-ABS] handSide=unknown hand=(0.384,0.219) filter=(0.426,0.334) target=(1444,450) cursor=(1443,450)
[2026-06-07 14:14:01] [computeCursor] IN: screenSize=(1920,1080) → OUT: cursor=(1443,449) (0ms)
[CURSOR-ABS] handSide=unknown hand=(0.381,0.237) filter=(0.426,0.334) target=(1444,449) cursor=(1444,450)
[2026-06-07 14:14:01] [computeCursor] IN: screenSize=(1920,1080) → OUT: cursor=(1443,449) (0ms)
[CURSOR-ABS] handSide=unknown hand=(0.380,0.257) filter=(0.426,0.334) target=(1444,449) cursor=(1444,449)
[2026-06-07 14:14:01] [computeCursor] IN: screenSize=(1920,1080) → OUT: cursor=(1444,449) (0ms)
[CURSOR-ABS] handSide=unknown hand=(0.381,0.275) filter=(0.426,0.334) target=(1445,449) cursor=(1444,449)
[2026-06-07 14:14:01] [computeCursor] IN: screenSize=(1920,1080) → OUT: cursor=(1444,448) (0ms)
[CURSOR-ABS] handSide=unknown hand=(0.385,0.291) filter=(0.426,0.334) target=(1445,449) cursor=(1445,449)
[2026-06-07 14:14:01] [computeCursor] IN: screenSize=(1920,1080) → OUT: cursor=(1445,448) (0ms)
[CURSOR-ABS] handSide=unknown hand=(0.388,0.306) filter=(0.426,0.334) target=(1445,449) cursor=(1445,449)
[2026-06-07 14:14:01] [computeCursor] IN: screenSize=(1920,1080) → OUT: cursor=(1445,448) (0ms)
[CURSOR-ABS] handSide=unknown hand=(0.392,0.326) filter=(0.426,0.334) target=(1446,449) cursor=(1445,449)
[2026-06-07 14:14:01] [computeCursor] IN: screenSize=(1920,1080) → OUT: cursor=(1445,448) (0ms)
[CURSOR-ABS] handSide=unknown hand=(0.396,0.345) filter=(0.426,0.334) target=(1446,449) cursor=(1446,449)
[2026-06-07 14:14:01] [computeCursor] IN: screenSize=(1920,1080) → OUT: cursor=(1445,448) (0ms)
[CURSOR-ABS] handSide=unknown hand=(0.403,0.361) filter=(0.426,0.334) target=(1446,449) cursor=(1446,449)
[2026-06-07 14:14:01] [computeCursor] IN: screenSize=(1920,1080) → OUT: cursor=(1445,448) (0ms)
[CURSOR-ABS] handSide=unknown hand=(0.410,0.378) filter=(0.426,0.334) target=(1446,449) cursor=(1446,449)
[2026-06-07 14:14:01] [computeCursor] IN: screenSize=(1920,1080) → OUT: cursor=(1446,448) (0ms)
[CURSOR-ABS] handSide=unknown hand=(0.422,0.396) filter=(0.426,0.334) target=(1446,449) cursor=(1446,449)
[2026-06-07 14:14:01] [computeCursor] IN: screenSize=(1920,1080) → OUT: cursor=(1446,449) (0ms)
[CURSOR-ABS] handSide=unknown hand=(0.435,0.413) filter=(0.426,0.334) target=(1446,449) cursor=(1446,449)
[2026-06-07 14:14:01] [computeCursor] IN: screenSize=(1920,1080) → OUT: cursor=(1445,449) (1ms)
[CURSOR-ABS] handSide=unknown hand=(0.449,0.428) filter=(0.426,0.334) target=(1446,449) cursor=(1446,449)
[2026-06-07 14:14:01] [computeCursor] IN: screenSize=(1920,1080) → OUT: cursor=(1445,449) (0ms)
[CURSOR-ABS] handSide=unknown hand=(0.466,0.443) filter=(0.426,0.334) target=(1445,450) cursor=(1446,449)
[2026-06-07 14:14:01] [computeCursor] IN: screenSize=(1920,1080) → OUT: cursor=(1445,449) (0ms)
[CURSOR-ABS] handSide=unknown hand=(0.484,0.444) filter=(0.426,0.334) target=(1445,450) cursor=(1445,450)
[2026-06-07 14:14:01] [computeCursor] IN: screenSize=(1920,1080) → OUT: cursor=(1444,449) (0ms)
[CURSOR-ABS] handSide=unknown hand=(0.503,0.433) filter=(0.426,0.334) target=(1444,450) cursor=(1445,450)
[2026-06-07 14:14:01] [computeCursor] IN: screenSize=(1920,1080) → OUT: cursor=(1444,450) (0ms)
[CURSOR-ABS] handSide=unknown hand=(0.517,0.410) filter=(0.426,0.334) target=(1444,450) cursor=(1444,450)
[2026-06-07 14:14:01] [computeCursor] IN: screenSize=(1920,1080) → OUT: cursor=(1443,450) (0ms)
[CURSOR-ABS] handSide=unknown hand=(0.530,0.384) filter=(0.427,0.335) target=(1443,451) cursor=(1444,450)
[2026-06-07 14:14:01] [computeCursor] IN: screenSize=(1920,1080) → OUT: cursor=(1442,450) (0ms)
[CURSOR-ABS] handSide=unknown hand=(0.532,0.349) filter=(0.427,0.335) target=(1442,451) cursor=(1443,451)
[2026-06-07 14:14:01] [computeCursor] IN: screenSize=(1920,1080) → OUT: cursor=(1442,450) (0ms)
[CURSOR-ABS] handSide=unknown hand=(0.532,0.319) filter=(0.427,0.335) target=(1441,451) cursor=(1442,451)
[2026-06-07 14:14:01] [computeCursor] IN: screenSize=(1920,1080) → OUT: cursor=(1441,450) (0ms)
[CURSOR-ABS] handSide=unknown hand=(0.524,0.287) filter=(0.427,0.334) target=(1440,451) cursor=(1441,451)
[2026-06-07 14:14:01] [computeCursor] IN: screenSize=(1920,1080) → OUT: cursor=(1440,450) (0ms)
[CURSOR-ABS] handSide=unknown hand=(0.512,0.258) filter=(0.427,0.334) target=(1440,450) cursor=(1440,451)
[2026-06-07 14:14:01] [computeCursor] IN: screenSize=(1920,1080) → OUT: cursor=(1439,450) (0ms)
[CURSOR-ABS] handSide=unknown hand=(0.495,0.232) filter=(0.427,0.334) target=(1439,450) cursor=(1440,450)
[2026-06-07 14:14:01] [computeCursor] IN: screenSize=(1920,1080) → OUT: cursor=(1439,450) (0ms)
[CURSOR-ABS] handSide=unknown hand=(0.472,0.218) filter=(0.427,0.334) target=(1439,450) cursor=(1439,450)
[2026-06-07 14:14:01] [computeCursor] IN: screenSize=(1920,1080) → OUT: cursor=(1439,449) (0ms)
[CURSOR-ABS] handSide=unknown hand=(0.448,0.203) filter=(0.427,0.334) target=(1439,450) cursor=(1439,450)
[2026-06-07 14:14:01] [computeCursor] IN: screenSize=(1920,1080) → OUT: cursor=(1438,449) (0ms)
[CURSOR-ABS] handSide=unknown hand=(0.426,0.195) filter=(0.427,0.334) target=(1439,449) cursor=(1439,450)
[2026-06-07 14:14:01] [computeCursor] IN: screenSize=(1920,1080) → OUT: cursor=(1439,449) (0ms)
[CURSOR-ABS] handSide=unknown hand=(0.405,0.187) filter=(0.427,0.334) target=(1439,449) cursor=(1439,449)
[2026-06-07 14:14:01] [computeCursor] IN: screenSize=(1920,1080) → OUT: cursor=(1439,448) (0ms)
[CURSOR-ABS] handSide=unknown hand=(0.381,0.194) filter=(0.427,0.334) target=(1440,449) cursor=(1439,449)
[2026-06-07 14:14:01] [computeCursor] IN: screenSize=(1920,1080) → OUT: cursor=(1439,448) (0ms)
[CURSOR-ABS] handSide=unknown hand=(0.364,0.196) filter=(0.427,0.333) target=(1440,448) cursor=(1440,449)
[2026-06-07 14:14:01] [computeCursor] IN: screenSize=(1920,1080) → OUT: cursor=(1440,448) (0ms)
[CURSOR-ABS] handSide=unknown hand=(0.345,0.206) filter=(0.427,0.333) target=(1441,448) cursor=(1440,448)
[2026-06-07 14:14:01] [computeCursor] IN: screenSize=(1920,1080) → OUT: cursor=(1440,447) (0ms)
[CURSOR-ABS] handSide=unknown hand=(0.327,0.220) filter=(0.427,0.333) target=(1442,448) cursor=(1441,448)
[2026-06-07 14:14:01] [computeCursor] IN: screenSize=(1920,1080) → OUT: cursor=(1441,447) (0ms)
[CURSOR-ABS] handSide=unknown hand=(0.311,0.232) filter=(0.427,0.333) target=(1443,447) cursor=(1442,448)
[2026-06-07 14:14:01] [computeCursor] IN: screenSize=(1920,1080) → OUT: cursor=(1442,447) (0ms)
[CURSOR-ABS] handSide=unknown hand=(0.294,0.245) filter=(0.427,0.333) target=(1444,447) cursor=(1443,447)
[2026-06-07 14:14:01] [computeCursor] IN: screenSize=(1920,1080) → OUT: cursor=(1443,446) (0ms)
[CURSOR-ABS] handSide=unknown hand=(0.281,0.256) filter=(0.426,0.333) target=(1445,447) cursor=(1444,447)
[2026-06-07 14:14:01] [computeCursor] IN: screenSize=(1920,1080) → OUT: cursor=(1444,446) (0ms)
[CURSOR-ABS] handSide=unknown hand=(0.268,0.261) filter=(0.426,0.333) target=(1446,446) cursor=(1445,447)
[2026-06-07 14:14:01] [computeCursor] IN: screenSize=(1920,1080) → OUT: cursor=(1445,446) (0ms)
[CURSOR-ABS] handSide=unknown hand=(0.258,0.268) filter=(0.426,0.333) target=(1447,446) cursor=(1446,446)
[2026-06-07 14:14:01] [computeCursor] IN: screenSize=(1920,1080) → OUT: cursor=(1447,446) (0ms)
[CURSOR-ABS] handSide=unknown hand=(0.251,0.273) filter=(0.426,0.333) target=(1448,446) cursor=(1447,446)
[2026-06-07 14:14:01] [computeCursor] IN: screenSize=(1920,1080) → OUT: cursor=(1448,446) (0ms)
[CURSOR-ABS] handSide=unknown hand=(0.245,0.279) filter=(0.425,0.333) target=(1449,446) cursor=(1448,446)
[2026-06-07 14:14:01] [computeCursor] IN: screenSize=(1920,1080) → OUT: cursor=(1449,445) (0ms)
[CURSOR-ABS] handSide=unknown hand=(0.242,0.282) filter=(0.425,0.333) target=(1451,446) cursor=(1449,446)
[2026-06-07 14:14:01] [computeCursor] IN: screenSize=(1920,1080) → OUT: cursor=(1450,445) (0ms)
[CURSOR-ABS] handSide=unknown hand=(0.239,0.288) filter=(0.425,0.332) target=(1452,446) cursor=(1451,446)
[2026-06-07 14:14:01] [computeCursor] IN: screenSize=(1920,1080) → OUT: cursor=(1451,445) (0ms)
[CURSOR-ABS] handSide=unknown hand=(0.237,0.292) filter=(0.425,0.332) target=(1453,445) cursor=(1452,446)
[2026-06-07 14:14:01] [computeCursor] IN: screenSize=(1920,1080) → OUT: cursor=(1452,445) (0ms)
[CURSOR-ABS] handSide=unknown hand=(0.237,0.302) filter=(0.424,0.332) target=(1454,445) cursor=(1453,445)
[2026-06-07 14:14:01] [computeCursor] IN: screenSize=(1920,1080) → OUT: cursor=(1453,445) (0ms)
[CURSOR-ABS] handSide=unknown hand=(0.238,0.313) filter=(0.424,0.332) target=(1455,445) cursor=(1454,445)
[2026-06-07 14:14:01] [computeCursor] IN: screenSize=(1920,1080) → OUT: cursor=(1454,445) (0ms)
[CURSOR-ABS] handSide=unknown hand=(0.243,0.323) filter=(0.424,0.332) target=(1456,445) cursor=(1455,445)
[2026-06-07 14:14:01] [computeCursor] IN: screenSize=(1920,1080) → OUT: cursor=(1455,445) (1ms)
[CURSOR-ABS] handSide=unknown hand=(0.249,0.339) filter=(0.424,0.332) target=(1457,445) cursor=(1456,445)
[2026-06-07 14:14:01] [computeCursor] IN: screenSize=(1920,1080) → OUT: cursor=(1456,445) (0ms)
[CURSOR-ABS] handSide=unknown hand=(0.255,0.356) filter=(0.424,0.332) target=(1458,445) cursor=(1457,445)
[2026-06-07 14:14:01] [computeCursor] IN: screenSize=(1920,1080) → OUT: cursor=(1457,445) (0ms)
[CURSOR-ABS] handSide=unknown hand=(0.264,0.373) filter=(0.424,0.332) target=(1458,445) cursor=(1458,445)
[2026-06-07 14:14:01] [computeCursor] IN: screenSize=(1920,1080) → OUT: cursor=(1458,445) (0ms)
[CURSOR-ABS] handSide=unknown hand=(0.275,0.391) filter=(0.423,0.332) target=(1459,445) cursor=(1458,445)
[2026-06-07 14:14:01] [computeCursor] IN: screenSize=(1920,1080) → OUT: cursor=(1459,445) (0ms)
[CURSOR-ABS] handSide=unknown hand=(0.290,0.410) filter=(0.423,0.333) target=(1460,445) cursor=(1459,445)
[2026-06-07 14:14:01] [computeCursor] IN: screenSize=(1920,1080) → OUT: cursor=(1459,445) (0ms)
[CURSOR-ABS] handSide=unknown hand=(0.306,0.423) filter=(0.423,0.333) target=(1460,446) cursor=(1460,445)
[2026-06-07 14:14:01] [computeCursor] IN: screenSize=(1920,1080) → OUT: cursor=(1460,445) (0ms)
[CURSOR-ABS] handSide=unknown hand=(0.324,0.429) filter=(0.423,0.333) target=(1461,446) cursor=(1460,446)
[2026-06-07 14:14:01] [computeCursor] IN: screenSize=(1920,1080) → OUT: cursor=(1460,445) (0ms)
[CURSOR-ABS] handSide=unknown hand=(0.346,0.435) filter=(0.423,0.333) target=(1461,446) cursor=(1461,446)
[2026-06-07 14:14:01] [computeCursor] IN: screenSize=(1920,1080) → OUT: cursor=(1461,446) (0ms)
[CURSOR-ABS] handSide=unknown hand=(0.364,0.440) filter=(0.423,0.333) target=(1461,446) cursor=(1461,446)
[2026-06-07 14:14:01] [computeCursor] IN: screenSize=(1920,1080) → OUT: cursor=(1461,446) (0ms)
[CURSOR-ABS] handSide=unknown hand=(0.382,0.445) filter=(0.423,0.333) target=(1462,447) cursor=(1461,446)
[2026-06-07 14:14:01] [computeCursor] IN: screenSize=(1920,1080) → OUT: cursor=(1461,446) (0ms)
[CURSOR-ABS] handSide=unknown hand=(0.403,0.444) filter=(0.423,0.333) target=(1462,447) cursor=(1462,447)
[2026-06-07 14:14:01] [computeCursor] IN: screenSize=(1920,1080) → OUT: cursor=(1461,446) (0ms)
[CURSOR-ABS] handSide=unknown hand=(0.423,0.444) filter=(0.423,0.333) target=(1462,447) cursor=(1462,447)
[2026-06-07 14:14:01] [computeCursor] IN: screenSize=(1920,1080) → OUT: cursor=(1461,447) (0ms)
[CURSOR-ABS] handSide=unknown hand=(0.443,0.446) filter=(0.423,0.333) target=(1461,447) cursor=(1462,447)
[2026-06-07 14:14:01] [computeCursor] IN: screenSize=(1920,1080) → OUT: cursor=(1461,447) (0ms)
[CURSOR-ABS] handSide=unknown hand=(0.462,0.454) filter=(0.423,0.334) target=(1461,448) cursor=(1461,447)
[2026-06-07 14:14:01] [computeCursor] IN: screenSize=(1920,1080) → OUT: cursor=(1461,447) (0ms)
[CURSOR-ABS] handSide=unknown hand=(0.485,0.453) filter=(0.423,0.334) target=(1461,448) cursor=(1461,448)
[2026-06-07 14:14:01] [computeCursor] IN: screenSize=(1920,1080) → OUT: cursor=(1460,447) (0ms)
[CURSOR-ABS] handSide=unknown hand=(0.504,0.453) filter=(0.423,0.334) target=(1460,448) cursor=(1461,448)
[2026-06-07 14:14:01] [computeCursor] IN: screenSize=(1920,1080) → OUT: cursor=(1460,448) (0ms)
[CURSOR-ABS] handSide=unknown hand=(0.519,0.449) filter=(0.423,0.334) target=(1460,448) cursor=(1460,448)
[2026-06-07 14:14:01] [computeCursor] IN: screenSize=(1920,1080) → OUT: cursor=(1459,448) (0ms)
[CURSOR-ABS] handSide=unknown hand=(0.535,0.443) filter=(0.423,0.334) target=(1459,449) cursor=(1460,448)
[2026-06-07 14:14:01] [computeCursor] IN: screenSize=(1920,1080) → OUT: cursor=(1459,448) (0ms)
[CURSOR-ABS] handSide=unknown hand=(0.550,0.431) filter=(0.423,0.334) target=(1459,449) cursor=(1459,449)
[2026-06-07 14:14:01] [computeCursor] IN: screenSize=(1920,1080) → OUT: cursor=(1458,448) (0ms)
[CURSOR-ABS] handSide=unknown hand=(0.563,0.418) filter=(0.424,0.334) target=(1458,449) cursor=(1459,449)
[2026-06-07 14:14:01] [computeCursor] IN: screenSize=(1920,1080) → OUT: cursor=(1457,449) (0ms)
[CURSOR-ABS] handSide=unknown hand=(0.573,0.401) filter=(0.424,0.334) target=(1457,449) cursor=(1458,449)
[2026-06-07 14:14:01] [computeCursor] IN: screenSize=(1920,1080) → OUT: cursor=(1457,449) (0ms)
[CURSOR-ABS] handSide=unknown hand=(0.577,0.380) filter=(0.424,0.334) target=(1456,449) cursor=(1457,449)
[2026-06-07 14:14:01] [computeCursor] IN: screenSize=(1920,1080) → OUT: cursor=(1456,449) (0ms)
[CURSOR-ABS] handSide=unknown hand=(0.576,0.356) filter=(0.424,0.334) target=(1455,449) cursor=(1456,449)
[2026-06-07 14:14:01] [computeCursor] IN: screenSize=(1920,1080) → OUT: cursor=(1455,449) (0ms)
[CURSOR-ABS] handSide=unknown hand=(0.571,0.327) filter=(0.424,0.334) target=(1455,449) cursor=(1455,449)
[2026-06-07 14:14:01] [computeCursor] IN: screenSize=(1920,1080) → OUT: cursor=(1454,449) (0ms)
[CURSOR-ABS] handSide=unknown hand=(0.563,0.301) filter=(0.424,0.334) target=(1454,449) cursor=(1455,449)
[2026-06-07 14:14:01] [computeCursor] IN: screenSize=(1920,1080) → OUT: cursor=(1453,449) (0ms)
[CURSOR-ABS] handSide=unknown hand=(0.552,0.278) filter=(0.424,0.334) target=(1453,449) cursor=(1454,449)
[2026-06-07 14:14:01] [computeCursor] IN: screenSize=(1920,1080) → OUT: cursor=(1453,449) (0ms)
[CURSOR-ABS] handSide=unknown hand=(0.540,0.255) filter=(0.425,0.334) target=(1453,449) cursor=(1453,449)
[2026-06-07 14:14:01] [computeCursor] IN: screenSize=(1920,1080) → OUT: cursor=(1452,449) (0ms)
[CURSOR-ABS] handSide=unknown hand=(0.523,0.240) filter=(0.425,0.334) target=(1452,449) cursor=(1453,449)
[2026-06-07 14:14:01] [computeCursor] IN: screenSize=(1920,1080) → OUT: cursor=(1452,449) (0ms)
[CURSOR-ABS] handSide=unknown hand=(0.506,0.230) filter=(0.425,0.334) target=(1452,449) cursor=(1452,449)
[2026-06-07 14:14:01] [computeCursor] IN: screenSize=(1920,1080) → OUT: cursor=(1451,448) (0ms)
[CURSOR-ABS] handSide=unknown hand=(0.488,0.221) filter=(0.425,0.334) target=(1451,449) cursor=(1452,449)
[2026-06-07 14:14:01] [computeCursor] IN: screenSize=(1920,1080) → OUT: cursor=(1451,448) (0ms)
[CURSOR-ABS] handSide=unknown hand=(0.467,0.221) filter=(0.425,0.334) target=(1451,448) cursor=(1451,449)
[2026-06-07 14:14:01] [computeCursor] IN: screenSize=(1920,1080) → OUT: cursor=(1451,448) (0ms)
[CURSOR-ABS] handSide=unknown hand=(0.449,0.217) filter=(0.425,0.334) target=(1451,448) cursor=(1451,448)
[2026-06-07 14:14:01] [computeCursor] IN: screenSize=(1920,1080) → OUT: cursor=(1450,448) (0ms)
[CURSOR-ABS] handSide=unknown hand=(0.433,0.214) filter=(0.425,0.333) target=(1451,448) cursor=(1451,448)
[2026-06-07 14:14:01] [computeCursor] IN: screenSize=(1920,1080) → OUT: cursor=(1450,447) (0ms)
[CURSOR-ABS] handSide=unknown hand=(0.416,0.222) filter=(0.425,0.333) target=(1451,448) cursor=(1451,448)
[2026-06-07 14:14:01] [computeCursor] IN: screenSize=(1920,1080) → OUT: cursor=(1451,447) (0ms)
[CURSOR-ABS] handSide=unknown hand=(0.401,0.234) filter=(0.425,0.333) target=(1451,447) cursor=(1451,448)
[2026-06-07 14:14:01] [computeCursor] IN: screenSize=(1920,1080) → OUT: cursor=(1451,447) (0ms)
[CURSOR-ABS] handSide=unknown hand=(0.390,0.246) filter=(0.425,0.333) target=(1451,447) cursor=(1451,447)
[2026-06-07 14:14:01] [computeCursor] IN: screenSize=(1920,1080) → OUT: cursor=(1451,447) (0ms)
[CURSOR-ABS] handSide=unknown hand=(0.384,0.265) filter=(0.425,0.333) target=(1452,447) cursor=(1451,447)
[2026-06-07 14:14:01] [computeCursor] IN: screenSize=(1920,1080) → OUT: cursor=(1451,447) (0ms)
[CURSOR-ABS] handSide=unknown hand=(0.382,0.291) filter=(0.425,0.333) target=(1452,447) cursor=(1452,447)
[2026-06-07 14:14:01] [computeCursor] IN: screenSize=(1920,1080) → OUT: cursor=(1451,446) (0ms)
[CURSOR-ABS] handSide=unknown hand=(0.387,0.315) filter=(0.425,0.333) target=(1452,447) cursor=(1452,447)
[2026-06-07 14:14:01] [computeCursor] IN: screenSize=(1920,1080) → OUT: cursor=(1452,446) (0ms)
[CURSOR-ABS] handSide=unknown hand=(0.397,0.346) filter=(0.425,0.333) target=(1452,447) cursor=(1452,447)
[2026-06-07 14:14:01] [computeCursor] IN: screenSize=(1920,1080) → OUT: cursor=(1452,446) (0ms)
[CURSOR-ABS] handSide=unknown hand=(0.414,0.361) filter=(0.425,0.333) target=(1452,447) cursor=(1452,447)
[2026-06-07 14:14:01] [computeCursor] IN: screenSize=(1920,1080) → OUT: cursor=(1452,446) (0ms)
[CURSOR-ABS] handSide=unknown hand=(0.435,0.372) filter=(0.425,0.333) target=(1452,447) cursor=(1452,447)
[2026-06-07 14:14:01] [computeCursor] IN: screenSize=(1920,1080) → OUT: cursor=(1452,447) (0ms)
[CURSOR-ABS] handSide=unknown hand=(0.454,0.386) filter=(0.425,0.333) target=(1452,447) cursor=(1452,447)
[2026-06-07 14:14:01] [computeCursor] IN: screenSize=(1920,1080) → OUT: cursor=(1452,447) (0ms)
[CURSOR-ABS] handSide=unknown hand=(0.477,0.399) filter=(0.425,0.333) target=(1452,447) cursor=(1452,447)
[2026-06-07 14:14:01] [computeCursor] IN: screenSize=(1920,1080) → OUT: cursor=(1451,447) (0ms)
[CURSOR-ABS] handSide=unknown hand=(0.502,0.396) filter=(0.425,0.333) target=(1451,448) cursor=(1452,447)
[2026-06-07 14:14:01] [computeCursor] IN: screenSize=(1920,1080) → OUT: cursor=(1451,447) (0ms)
[CURSOR-ABS] handSide=unknown hand=(0.528,0.382) filter=(0.425,0.333) target=(1451,448) cursor=(1451,448)
[2026-06-07 14:14:01] [computeCursor] IN: screenSize=(1920,1080) → OUT: cursor=(1450,447) (0ms)
[CURSOR-ABS] handSide=unknown hand=(0.547,0.364) filter=(0.425,0.333) target=(1450,448) cursor=(1451,448)
[2026-06-07 14:14:01] [computeCursor] IN: screenSize=(1920,1080) → OUT: cursor=(1450,447) (0ms)
[CURSOR-ABS] handSide=unknown hand=(0.566,0.337) filter=(0.425,0.333) target=(1449,448) cursor=(1450,448)
[2026-06-07 14:14:01] [computeCursor] IN: screenSize=(1920,1080) → OUT: cursor=(1449,447) (0ms)
[CURSOR-ABS] handSide=unknown hand=(0.576,0.309) filter=(0.426,0.333) target=(1448,448) cursor=(1449,448)
[2026-06-07 14:14:01] [computeCursor] IN: screenSize=(1920,1080) → OUT: cursor=(1448,447) (0ms)
[CURSOR-ABS] handSide=unknown hand=(0.582,0.275) filter=(0.426,0.333) target=(1447,448) cursor=(1448,448)
[2026-06-07 14:14:01] [computeCursor] IN: screenSize=(1920,1080) → OUT: cursor=(1447,447) (0ms)
[CURSOR-ABS] handSide=unknown hand=(0.581,0.245) filter=(0.426,0.333) target=(1446,448) cursor=(1447,448)
[2026-06-07 14:14:01] [computeCursor] IN: screenSize=(1920,1080) → OUT: cursor=(1446,447) (0ms)
[CURSOR-ABS] handSide=unknown hand=(0.573,0.222) filter=(0.426,0.333) target=(1446,447) cursor=(1446,448)
[2026-06-07 14:14:01] [computeCursor] IN: screenSize=(1920,1080) → OUT: cursor=(1445,447) (0ms)
[CURSOR-ABS] handSide=unknown hand=(0.560,0.198) filter=(0.426,0.333) target=(1445,447) cursor=(1446,447)
[2026-06-07 14:14:01] [computeCursor] IN: screenSize=(1920,1080) → OUT: cursor=(1444,447) (0ms)
[CURSOR-ABS] handSide=unknown hand=(0.546,0.188) filter=(0.426,0.333) target=(1444,447) cursor=(1445,447)
[2026-06-07 14:14:01] [computeCursor] IN: screenSize=(1920,1080) → OUT: cursor=(1444,446) (0ms)
[CURSOR-ABS] handSide=unknown hand=(0.527,0.173) filter=(0.427,0.333) target=(1443,446) cursor=(1444,447)
[2026-06-07 14:14:01] [computeCursor] IN: screenSize=(1920,1080) → OUT: cursor=(1443,446) (0ms)
[CURSOR-ABS] handSide=unknown hand=(0.510,0.170) filter=(0.427,0.333) target=(1443,446) cursor=(1443,446)
[2026-06-07 14:14:01] [computeCursor] IN: screenSize=(1920,1080) → OUT: cursor=(1443,446) (0ms)
[CURSOR-ABS] handSide=unknown hand=(0.495,0.174) filter=(0.427,0.332) target=(1443,446) cursor=(1443,446)
[2026-06-07 14:14:01] [computeCursor] IN: screenSize=(1920,1080) → OUT: cursor=(1442,445) (0ms)
[CURSOR-ABS] handSide=unknown hand=(0.476,0.187) filter=(0.427,0.332) target=(1442,445) cursor=(1443,446)
[2026-06-07 14:14:01] [computeCursor] IN: screenSize=(1920,1080) → OUT: cursor=(1442,445) (0ms)
[CURSOR-ABS] handSide=unknown hand=(0.460,0.208) filter=(0.427,0.332) target=(1442,445) cursor=(1442,445)
[2026-06-07 14:14:01] [computeCursor] IN: screenSize=(1920,1080) → OUT: cursor=(1442,445) (1ms)
[CURSOR-ABS] handSide=unknown hand=(0.449,0.232) filter=(0.427,0.332) target=(1442,445) cursor=(1442,445)
[2026-06-07 14:14:01] [computeCursor] IN: screenSize=(1920,1080) → OUT: cursor=(1442,444) (0ms)
[CURSOR-ABS] handSide=unknown hand=(0.440,0.261) filter=(0.427,0.332) target=(1442,445) cursor=(1442,445)
[2026-06-07 14:14:01] [computeCursor] IN: screenSize=(1920,1080) → OUT: cursor=(1442,444) (0ms)
[CURSOR-ABS] handSide=unknown hand=(0.438,0.290) filter=(0.427,0.332) target=(1442,445) cursor=(1442,445)
[2026-06-07 14:14:01] [computeCursor] IN: screenSize=(1920,1080) → OUT: cursor=(1441,444) (0ms)
[CURSOR-ABS] handSide=unknown hand=(0.438,0.323) filter=(0.427,0.332) target=(1442,444) cursor=(1442,445)
[2026-06-07 14:14:01] [computeCursor] IN: screenSize=(1920,1080) → OUT: cursor=(1441,444) (0ms)
[CURSOR-ABS] handSide=unknown hand=(0.445,0.354) filter=(0.427,0.332) target=(1442,445) cursor=(1442,444)
[2026-06-07 14:14:01] [computeCursor] IN: screenSize=(1920,1080) → OUT: cursor=(1441,444) (0ms)
[CURSOR-ABS] handSide=unknown hand=(0.455,0.378) filter=(0.427,0.332) target=(1442,445) cursor=(1442,445)
[2026-06-07 14:14:01] [computeCursor] IN: screenSize=(1920,1080) → OUT: cursor=(1441,444) (0ms)
[CURSOR-ABS] handSide=unknown hand=(0.468,0.402) filter=(0.427,0.332) target=(1441,445) cursor=(1442,445)
[2026-06-07 14:14:01] [computeCursor] IN: screenSize=(1920,1080) → OUT: cursor=(1441,444) (0ms)
[CURSOR-ABS] handSide=unknown hand=(0.487,0.412) filter=(0.427,0.332) target=(1441,445) cursor=(1441,445)
[2026-06-07 14:14:01] [computeCursor] IN: screenSize=(1920,1080) → OUT: cursor=(1440,445) (0ms)
[CURSOR-ABS] handSide=unknown hand=(0.506,0.417) filter=(0.427,0.332) target=(1440,445) cursor=(1441,445)
[2026-06-07 14:14:01] [computeCursor] IN: screenSize=(1920,1080) → OUT: cursor=(1440,445) (0ms)
[CURSOR-ABS] handSide=unknown hand=(0.525,0.415) filter=(0.427,0.332) target=(1440,446) cursor=(1440,445)
[2026-06-07 14:14:01] [computeCursor] IN: screenSize=(1920,1080) → OUT: cursor=(1439,445) (0ms)
[CURSOR-ABS] handSide=unknown hand=(0.544,0.401) filter=(0.428,0.332) target=(1439,446) cursor=(1440,446)
[2026-06-07 14:14:01] [computeCursor] IN: screenSize=(1920,1080) → OUT: cursor=(1438,445) (0ms)
[CURSOR-ABS] handSide=unknown hand=(0.561,0.382) filter=(0.428,0.332) target=(1438,446) cursor=(1439,446)
[2026-06-07 14:14:01] [computeCursor] IN: screenSize=(1920,1080) → OUT: cursor=(1437,445) (0ms)
[CURSOR-ABS] handSide=unknown hand=(0.575,0.356) filter=(0.428,0.332) target=(1437,446) cursor=(1438,446)
[2026-06-07 14:14:01] [computeCursor] IN: screenSize=(1920,1080) → OUT: cursor=(1436,445) (0ms)
[CURSOR-ABS] handSide=unknown hand=(0.586,0.325) filter=(0.428,0.332) target=(1436,446) cursor=(1437,446)
[2026-06-07 14:14:01] [computeCursor] IN: screenSize=(1920,1080) → OUT: cursor=(1435,445) (0ms)
[CURSOR-ABS] handSide=unknown hand=(0.593,0.292) filter=(0.428,0.332) target=(1435,446) cursor=(1436,446)
[2026-06-07 14:14:01] [computeCursor] IN: screenSize=(1920,1080) → OUT: cursor=(1434,445) (0ms)
[CURSOR-ABS] handSide=unknown hand=(0.597,0.258) filter=(0.429,0.332) target=(1433,446) cursor=(1435,446)
[2026-06-07 14:14:01] [computeCursor] IN: screenSize=(1920,1080) → OUT: cursor=(1433,445) (0ms)
[CURSOR-ABS] handSide=unknown hand=(0.598,0.227) filter=(0.429,0.332) target=(1432,446) cursor=(1433,446)
[2026-06-07 14:14:01] [computeCursor] IN: screenSize=(1920,1080) → OUT: cursor=(1432,445) (0ms)
[CURSOR-ABS] handSide=unknown hand=(0.597,0.198) filter=(0.429,0.332) target=(1431,445) cursor=(1432,446)
[2026-06-07 14:14:01] [computeCursor] IN: screenSize=(1920,1080) → OUT: cursor=(1431,445) (0ms)
[CURSOR-ABS] handSide=unknown hand=(0.592,0.163) filter=(0.429,0.332) target=(1430,445) cursor=(1431,445)
[2026-06-07 14:14:01] [computeCursor] IN: screenSize=(1920,1080) → OUT: cursor=(1429,444) (0ms)
[CURSOR-ABS] handSide=unknown hand=(0.590,0.146) filter=(0.430,0.332) target=(1429,445) cursor=(1430,445)
[2026-06-07 14:14:01] [computeCursor] IN: screenSize=(1920,1080) → OUT: cursor=(1428,444) (0ms)
[CURSOR-ABS] handSide=unknown hand=(0.585,0.122) filter=(0.430,0.331) target=(1428,444) cursor=(1429,445)
[2026-06-07 14:14:01] [computeCursor] IN: screenSize=(1920,1080) → OUT: cursor=(1427,444) (0ms)
[CURSOR-ABS] handSide=unknown hand=(0.577,0.107) filter=(0.430,0.331) target=(1427,443) cursor=(1428,444)
[2026-06-07 14:14:01] [computeCursor] IN: screenSize=(1920,1080) → OUT: cursor=(1426,443) (0ms)
[CURSOR-ABS] handSide=unknown hand=(0.558,0.081) filter=(0.430,0.331) target=(1426,443) cursor=(1427,443)
[2026-06-07 14:14:01] [computeCursor] IN: screenSize=(1920,1080) → OUT: cursor=(1425,442) (0ms)
[CURSOR-ABS] handSide=unknown hand=(0.540,0.067) filter=(0.430,0.330) target=(1425,442) cursor=(1426,443)
[2026-06-07 14:14:01] [computeCursor] IN: screenSize=(1920,1080) → OUT: cursor=(1425,442) (0ms)
[CURSOR-ABS] handSide=unknown hand=(0.532,0.062) filter=(0.431,0.330) target=(1424,441) cursor=(1425,442)
[2026-06-07 14:14:01] [computeCursor] IN: screenSize=(1920,1080) → OUT: cursor=(1424,441) (0ms)
[CURSOR-ABS] handSide=unknown hand=(0.527,0.058) filter=(0.431,0.330) target=(1424,441) cursor=(1424,441)
[2026-06-07 14:14:01] [computeCursor] IN: screenSize=(1920,1080) → OUT: cursor=(1423,440) (0ms)
[CURSOR-ABS] handSide=unknown hand=(0.522,0.053) filter=(0.431,0.329) target=(1423,440) cursor=(1424,441)
[2026-06-07 14:14:01] [computeCursor] IN: screenSize=(1920,1080) → OUT: cursor=(1423,439) (0ms)
[CURSOR-ABS] handSide=unknown hand=(0.516,0.052) filter=(0.431,0.329) target=(1423,439) cursor=(1423,440)
[2026-06-07 14:14:01] [computeCursor] IN: screenSize=(1920,1080) → OUT: cursor=(1422,438) (0ms)
[CURSOR-ABS] handSide=unknown hand=(0.472,0.108) filter=(0.431,0.329) target=(1422,438) cursor=(1423,439)
[2026-06-07 14:14:01] [computeCursor] IN: screenSize=(1920,1080) → OUT: cursor=(1422,438) (0ms)
[CURSOR-ABS] handSide=unknown hand=(0.469,0.117) filter=(0.431,0.328) target=(1422,438) cursor=(1422,438)
[2026-06-07 14:14:01] [computeCursor] IN: screenSize=(1920,1080) → OUT: cursor=(1422,437) (0ms)
[CURSOR-ABS] handSide=unknown hand=(0.467,0.128) filter=(0.431,0.328) target=(1422,437) cursor=(1422,438)
[2026-06-07 14:14:01] [computeCursor] IN: screenSize=(1920,1080) → OUT: cursor=(1421,436) (0ms)
[CURSOR-ABS] handSide=unknown hand=(0.467,0.140) filter=(0.431,0.328) target=(1422,436) cursor=(1422,437)
[2026-06-07 14:14:01] [computeCursor] IN: screenSize=(1920,1080) → OUT: cursor=(1421,436) (0ms)
[CURSOR-ABS] handSide=unknown hand=(0.467,0.151) filter=(0.431,0.328) target=(1422,436) cursor=(1422,436)
[2026-06-07 14:14:01] [computeCursor] IN: screenSize=(1920,1080) → OUT: cursor=(1421,435) (0ms)
[CURSOR-ABS] handSide=unknown hand=(0.467,0.175) filter=(0.431,0.327) target=(1421,435) cursor=(1422,436)
[2026-06-07 14:14:01] [computeCursor] IN: screenSize=(1920,1080) → OUT: cursor=(1421,435) (0ms)
[CURSOR-ABS] handSide=unknown hand=(0.465,0.197) filter=(0.432,0.327) target=(1421,435) cursor=(1421,435)
[2026-06-07 14:14:01] [computeCursor] IN: screenSize=(1920,1080) → OUT: cursor=(1421,434) (0ms)
[CURSOR-ABS] handSide=unknown hand=(0.466,0.218) filter=(0.432,0.327) target=(1421,434) cursor=(1421,435)
[2026-06-07 14:14:01] [computeCursor] IN: screenSize=(1920,1080) → OUT: cursor=(1420,434) (0ms)
[CURSOR-ABS] handSide=unknown hand=(0.466,0.233) filter=(0.432,0.327) target=(1421,434) cursor=(1421,434)
[2026-06-07 14:14:01] [computeCursor] IN: screenSize=(1920,1080) → OUT: cursor=(1420,434) (0ms)
[CURSOR-ABS] handSide=unknown hand=(0.466,0.250) filter=(0.432,0.327) target=(1421,434) cursor=(1421,434)
[2026-06-07 14:14:01] [computeCursor] IN: screenSize=(1920,1080) → OUT: cursor=(1420,433) (0ms)
[CURSOR-ABS] handSide=unknown hand=(0.467,0.267) filter=(0.432,0.327) target=(1420,434) cursor=(1421,434)
[2026-06-07 14:14:01] [computeCursor] IN: screenSize=(1920,1080) → OUT: cursor=(1420,433) (0ms)
[CURSOR-ABS] handSide=unknown hand=(0.466,0.282) filter=(0.432,0.327) target=(1420,434) cursor=(1420,434)
[2026-06-07 14:14:01] [computeCursor] IN: screenSize=(1920,1080) → OUT: cursor=(1420,433) (0ms)
[CURSOR-ABS] handSide=unknown hand=(0.465,0.297) filter=(0.432,0.327) target=(1420,433) cursor=(1420,434)
[2026-06-07 14:14:01] [computeCursor] IN: screenSize=(1920,1080) → OUT: cursor=(1419,433) (0ms)
[CURSOR-ABS] handSide=unknown hand=(0.464,0.314) filter=(0.432,0.326) target=(1420,433) cursor=(1420,433)
[2026-06-07 14:14:01] [computeCursor] IN: screenSize=(1920,1080) → OUT: cursor=(1419,433) (1ms)
[CURSOR-ABS] handSide=unknown hand=(0.461,0.331) filter=(0.432,0.327) target=(1419,433) cursor=(1420,433)
[2026-06-07 14:14:01] [computeCursor] IN: screenSize=(1920,1080) → OUT: cursor=(1419,433) (0ms)
[CURSOR-ABS] handSide=unknown hand=(0.457,0.343) filter=(0.432,0.327) target=(1419,433) cursor=(1419,433)
[2026-06-07 14:14:01] [computeCursor] IN: screenSize=(1920,1080) → OUT: cursor=(1419,433) (0ms)
[CURSOR-ABS] handSide=unknown hand=(0.453,0.353) filter=(0.432,0.327) target=(1419,434) cursor=(1419,433)
[2026-06-07 14:14:01] [computeCursor] IN: screenSize=(1920,1080) → OUT: cursor=(1419,433) (0ms)
[CURSOR-ABS] handSide=unknown hand=(0.451,0.358) filter=(0.432,0.327) target=(1419,434) cursor=(1419,434)
[2026-06-07 14:14:01] [computeCursor] IN: screenSize=(1920,1080) → OUT: cursor=(1418,433) (0ms)
[CURSOR-ABS] handSide=unknown hand=(0.452,0.360) filter=(0.432,0.327) target=(1419,434) cursor=(1419,434)
[2026-06-07 14:14:01] [computeCursor] IN: screenSize=(1920,1080) → OUT: cursor=(1418,433) (0ms)
[CURSOR-ABS] handSide=unknown hand=(0.452,0.360) filter=(0.432,0.327) target=(1419,434) cursor=(1419,434)
[2026-06-07 14:14:01] [computeCursor] IN: screenSize=(1920,1080) → OUT: cursor=(1418,433) (0ms)
[CURSOR-ABS] handSide=unknown hand=(0.452,0.353) filter=(0.432,0.327) target=(1418,434) cursor=(1419,434)
[2026-06-07 14:14:01] [computeCursor] IN: screenSize=(1920,1080) → OUT: cursor=(1418,434) (0ms)
[CURSOR-ABS] handSide=unknown hand=(0.455,0.339) filter=(0.432,0.327) target=(1418,434) cursor=(1418,434)
[2026-06-07 14:14:01] [computeCursor] IN: screenSize=(1920,1080) → OUT: cursor=(1418,434) (0ms)
[CURSOR-ABS] handSide=unknown hand=(0.456,0.318) filter=(0.432,0.327) target=(1418,434) cursor=(1418,434)
[2026-06-07 14:14:01] [computeCursor] IN: screenSize=(1920,1080) → OUT: cursor=(1418,434) (0ms)
[CURSOR-ABS] handSide=unknown hand=(0.457,0.293) filter=(0.432,0.327) target=(1418,434) cursor=(1418,434)
[2026-06-07 14:14:01] [computeCursor] IN: screenSize=(1920,1080) → OUT: cursor=(1417,433) (0ms)
[CURSOR-ABS] handSide=unknown hand=(0.456,0.262) filter=(0.432,0.327) target=(1418,434) cursor=(1418,434)
[2026-06-07 14:14:01] [computeCursor] IN: screenSize=(1920,1080) → OUT: cursor=(1417,433) (0ms)
[CURSOR-ABS] handSide=unknown hand=(0.457,0.233) filter=(0.432,0.326) target=(1418,433) cursor=(1418,434)
[2026-06-07 14:14:01] [computeCursor] IN: screenSize=(1920,1080) → OUT: cursor=(1417,433) (0ms)
[CURSOR-ABS] handSide=unknown hand=(0.456,0.208) filter=(0.432,0.326) target=(1417,433) cursor=(1418,433)
[2026-06-07 14:14:01] [computeCursor] IN: screenSize=(1920,1080) → OUT: cursor=(1417,433) (0ms)
[CURSOR-ABS] handSide=unknown hand=(0.457,0.175) filter=(0.432,0.326) target=(1417,433) cursor=(1417,433)
[2026-06-07 14:14:01] [computeCursor] IN: screenSize=(1920,1080) → OUT: cursor=(1417,432) (1ms)
[CURSOR-ABS] handSide=unknown hand=(0.456,0.150) filter=(0.432,0.326) target=(1417,432) cursor=(1417,433)
[2026-06-07 14:14:01] [computeCursor] IN: screenSize=(1920,1080) → OUT: cursor=(1417,432) (0ms)
[CURSOR-ABS] handSide=unknown hand=(0.456,0.129) filter=(0.432,0.326) target=(1417,431) cursor=(1417,432)
[2026-06-07 14:14:01] [computeCursor] IN: screenSize=(1920,1080) → OUT: cursor=(1417,431) (0ms)
[CURSOR-ABS] handSide=unknown hand=(0.453,0.115) filter=(0.432,0.325) target=(1417,431) cursor=(1417,431)
[2026-06-07 14:14:01] [computeCursor] IN: screenSize=(1920,1080) → OUT: cursor=(1417,430) (0ms)
[CURSOR-ABS] handSide=unknown hand=(0.444,0.197) filter=(0.432,0.325) target=(1417,430) cursor=(1417,431)
[2026-06-07 14:14:01] [computeCursor] IN: screenSize=(1920,1080) → OUT: cursor=(1417,430) (0ms)
[CURSOR-ABS] handSide=unknown hand=(0.443,0.219) filter=(0.433,0.325) target=(1417,430) cursor=(1417,430)
[2026-06-07 14:14:01] [computeCursor] IN: screenSize=(1920,1080) → OUT: cursor=(1417,429) (0ms)
[CURSOR-ABS] handSide=unknown hand=(0.445,0.230) filter=(0.433,0.325) target=(1417,430) cursor=(1417,430)
[2026-06-07 14:14:01] [computeCursor] IN: screenSize=(1920,1080) → OUT: cursor=(1417,429) (0ms)
[CURSOR-ABS] handSide=unknown hand=(0.446,0.242) filter=(0.433,0.325) target=(1417,429) cursor=(1417,430)
[2026-06-07 14:14:01] [computeCursor] IN: screenSize=(1920,1080) → OUT: cursor=(1417,429) (0ms)
[CURSOR-ABS] handSide=unknown hand=(0.447,0.249) filter=(0.433,0.325) target=(1417,429) cursor=(1417,429)
[2026-06-07 14:14:01] [computeCursor] IN: screenSize=(1920,1080) → OUT: cursor=(1417,429) (0ms)
[CURSOR-ABS] handSide=unknown hand=(0.450,0.257) filter=(0.433,0.324) target=(1417,429) cursor=(1417,429)
[2026-06-07 14:14:01] [computeCursor] IN: screenSize=(1920,1080) → OUT: cursor=(1416,428) (0ms)
[CURSOR-ABS] handSide=unknown hand=(0.450,0.270) filter=(0.433,0.324) target=(1417,429) cursor=(1417,429)
[2026-06-07 14:14:01] [computeCursor] IN: screenSize=(1920,1080) → OUT: cursor=(1416,428) (0ms)
[CURSOR-ABS] handSide=unknown hand=(0.452,0.281) filter=(0.433,0.324) target=(1417,428) cursor=(1417,429)
[2026-06-07 14:14:01] [computeCursor] IN: screenSize=(1920,1080) → OUT: cursor=(1416,428) (0ms)
[CURSOR-ABS] handSide=unknown hand=(0.452,0.292) filter=(0.433,0.324) target=(1417,428) cursor=(1417,428)
[2026-06-07 14:14:01] [computeCursor] IN: screenSize=(1920,1080) → OUT: cursor=(1416,428) (0ms)
[CURSOR-ABS] handSide=unknown hand=(0.453,0.301) filter=(0.433,0.324) target=(1416,428) cursor=(1417,428)
[2026-06-07 14:14:01] [computeCursor] IN: screenSize=(1920,1080) → OUT: cursor=(1416,428) (0ms)
[CURSOR-ABS] handSide=unknown hand=(0.454,0.305) filter=(0.433,0.324) target=(1416,428) cursor=(1416,428)
[2026-06-07 14:14:01] [computeCursor] IN: screenSize=(1920,1080) → OUT: cursor=(1416,428) (0ms)
[CURSOR-ABS] handSide=unknown hand=(0.456,0.302) filter=(0.433,0.324) target=(1416,428) cursor=(1416,428)
[2026-06-07 14:14:01] [computeCursor] IN: screenSize=(1920,1080) → OUT: cursor=(1416,428) (0ms)
[CURSOR-ABS] handSide=unknown hand=(0.456,0.289) filter=(0.433,0.324) target=(1416,428) cursor=(1416,428)
[2026-06-07 14:14:01] [computeCursor] IN: screenSize=(1920,1080) → OUT: cursor=(1415,428) (0ms)
[CURSOR-ABS] handSide=unknown hand=(0.455,0.268) filter=(0.433,0.324) target=(1416,428) cursor=(1416,428)
[2026-06-07 14:14:01] [computeCursor] IN: screenSize=(1920,1080) → OUT: cursor=(1415,427) (0ms)
[CURSOR-ABS] handSide=unknown hand=(0.456,0.236) filter=(0.433,0.324) target=(1416,428) cursor=(1416,428)
[2026-06-07 14:14:01] [computeCursor] IN: screenSize=(1920,1080) → OUT: cursor=(1415,427) (0ms)
[CURSOR-ABS] handSide=unknown hand=(0.454,0.205) filter=(0.433,0.324) target=(1416,427) cursor=(1416,428)
[2026-06-07 14:14:01] [computeCursor] IN: screenSize=(1920,1080) → OUT: cursor=(1415,427) (1ms)
[CURSOR-ABS] handSide=unknown hand=(0.456,0.163) filter=(0.433,0.323) target=(1416,427) cursor=(1416,427)
[2026-06-07 14:14:01] [computeCursor] IN: screenSize=(1920,1080) → OUT: cursor=(1415,426) (0ms)
[CURSOR-ABS] handSide=unknown hand=(0.432,0.417) filter=(0.433,0.324) target=(1416,427) cursor=(1416,427)
[2026-06-07 14:14:01] [computeCursor] IN: screenSize=(1920,1080) → OUT: cursor=(1415,426) (0ms)
[CURSOR-ABS] handSide=unknown hand=(0.433,0.424) filter=(0.433,0.324) target=(1415,427) cursor=(1416,427)
[2026-06-07 14:14:01] [computeCursor] IN: screenSize=(1920,1080) → OUT: cursor=(1415,427) (0ms)
[CURSOR-ABS] handSide=unknown hand=(0.434,0.437) filter=(0.433,0.324) target=(1415,428) cursor=(1415,427)
[2026-06-07 14:14:01] [computeCursor] IN: screenSize=(1920,1080) → OUT: cursor=(1415,427) (0ms)
[CURSOR-ABS] handSide=unknown hand=(0.435,0.449) filter=(0.433,0.324) target=(1415,428) cursor=(1415,428)
[2026-06-07 14:14:01] [computeCursor] IN: screenSize=(1920,1080) → OUT: cursor=(1415,428) (0ms)
[CURSOR-ABS] handSide=unknown hand=(0.438,0.461) filter=(0.433,0.324) target=(1415,429) cursor=(1415,428)
[2026-06-07 14:14:01] [computeCursor] IN: screenSize=(1920,1080) → OUT: cursor=(1415,428) (0ms)
[CURSOR-ABS] handSide=unknown hand=(0.439,0.469) filter=(0.433,0.324) target=(1415,429) cursor=(1415,429)
[2026-06-07 14:14:01] [computeCursor] IN: screenSize=(1920,1080) → OUT: cursor=(1415,429) (0ms)
[CURSOR-ABS] handSide=unknown hand=(0.442,0.476) filter=(0.433,0.325) target=(1415,430) cursor=(1415,429)
[2026-06-07 14:14:01] [computeCursor] IN: screenSize=(1920,1080) → OUT: cursor=(1414,429) (0ms)
[CURSOR-ABS] handSide=unknown hand=(0.444,0.488) filter=(0.433,0.325) target=(1415,430) cursor=(1415,430)
[2026-06-07 14:14:01] [computeCursor] IN: screenSize=(1920,1080) → OUT: cursor=(1414,430) (0ms)
[CURSOR-ABS] handSide=unknown hand=(0.445,0.497) filter=(0.433,0.325) target=(1415,431) cursor=(1415,430)
[2026-06-07 14:14:01] [computeCursor] IN: screenSize=(1920,1080) → OUT: cursor=(1414,430) (0ms)
[CURSOR-ABS] handSide=unknown hand=(0.447,0.503) filter=(0.433,0.325) target=(1414,431) cursor=(1415,431)
[2026-06-07 14:14:01] [computeCursor] IN: screenSize=(1920,1080) → OUT: cursor=(1414,431) (0ms)
[CURSOR-ABS] handSide=unknown hand=(0.449,0.507) filter=(0.433,0.326) target=(1414,432) cursor=(1414,431)
[2026-06-07 14:14:01] [computeCursor] IN: screenSize=(1920,1080) → OUT: cursor=(1414,431) (0ms)
[CURSOR-ABS] handSide=unknown hand=(0.450,0.510) filter=(0.433,0.326) target=(1414,432) cursor=(1414,432)
[2026-06-07 14:14:01] [computeCursor] IN: screenSize=(1920,1080) → OUT: cursor=(1413,432) (0ms)
[CURSOR-ABS] handSide=unknown hand=(0.451,0.505) filter=(0.433,0.326) target=(1414,433) cursor=(1414,432)
[2026-06-07 14:14:01] [computeCursor] IN: screenSize=(1920,1080) → OUT: cursor=(1413,433) (0ms)
[CURSOR-ABS] handSide=unknown hand=(0.450,0.501) filter=(0.433,0.326) target=(1413,434) cursor=(1414,433)
[2026-06-07 14:14:01] [computeCursor] IN: screenSize=(1920,1080) → OUT: cursor=(1413,433) (0ms)
[CURSOR-ABS] handSide=unknown hand=(0.451,0.496) filter=(0.433,0.327) target=(1413,434) cursor=(1413,434)
[2026-06-07 14:14:01] [computeCursor] IN: screenSize=(1920,1080) → OUT: cursor=(1413,434) (0ms)
[CURSOR-ABS] handSide=unknown hand=(0.450,0.489) filter=(0.433,0.327) target=(1413,435) cursor=(1413,434)
[2026-06-07 14:14:01] [computeCursor] IN: screenSize=(1920,1080) → OUT: cursor=(1412,434) (0ms)
[CURSOR-ABS] handSide=unknown hand=(0.450,0.481) filter=(0.433,0.327) target=(1413,435) cursor=(1413,435)
[2026-06-07 14:14:01] [computeCursor] IN: screenSize=(1920,1080) → OUT: cursor=(1412,435) (0ms)
[CURSOR-ABS] handSide=unknown hand=(0.450,0.470) filter=(0.433,0.327) target=(1413,435) cursor=(1413,435)
[2026-06-07 14:14:01] [computeCursor] IN: screenSize=(1920,1080) → OUT: cursor=(1412,435) (0ms)
[CURSOR-ABS] handSide=unknown hand=(0.449,0.460) filter=(0.433,0.327) target=(1412,436) cursor=(1413,435)
[2026-06-07 14:14:01] [computeCursor] IN: screenSize=(1920,1080) → OUT: cursor=(1412,435) (0ms)
[CURSOR-ABS] handSide=unknown hand=(0.451,0.446) filter=(0.433,0.328) target=(1412,436) cursor=(1412,436)
[2026-06-07 14:14:01] [computeCursor] IN: screenSize=(1920,1080) → OUT: cursor=(1412,436) (0ms)
[CURSOR-ABS] handSide=unknown hand=(0.452,0.431) filter=(0.433,0.328) target=(1412,437) cursor=(1412,436)
[2026-06-07 14:14:01] [computeCursor] IN: screenSize=(1920,1080) → OUT: cursor=(1411,436) (0ms)
[CURSOR-ABS] handSide=unknown hand=(0.455,0.416) filter=(0.433,0.328) target=(1412,437) cursor=(1412,437)
[2026-06-07 14:14:01] [computeCursor] IN: screenSize=(1920,1080) → OUT: cursor=(1411,436) (0ms)
[CURSOR-ABS] handSide=unknown hand=(0.457,0.396) filter=(0.433,0.328) target=(1412,437) cursor=(1412,437)
[2026-06-07 14:14:01] [computeCursor] IN: screenSize=(1920,1080) → OUT: cursor=(1411,436) (0ms)
[CURSOR-ABS] handSide=unknown hand=(0.460,0.373) filter=(0.433,0.328) target=(1411,437) cursor=(1412,437)
[2026-06-07 14:14:01] [computeCursor] IN: screenSize=(1920,1080) → OUT: cursor=(1411,437) (0ms)
[CURSOR-ABS] handSide=unknown hand=(0.463,0.349) filter=(0.434,0.328) target=(1411,437) cursor=(1411,437)
[2026-06-07 14:14:01] [computeCursor] IN: screenSize=(1920,1080) → OUT: cursor=(1411,437) (0ms)
[CURSOR-ABS] handSide=unknown hand=(0.465,0.316) filter=(0.434,0.328) target=(1411,437) cursor=(1411,437)
[2026-06-07 14:14:01] [computeCursor] IN: screenSize=(1920,1080) → OUT: cursor=(1410,437) (0ms)
[CURSOR-ABS] handSide=unknown hand=(0.467,0.286) filter=(0.434,0.328) target=(1411,437) cursor=(1411,437)
[2026-06-07 14:14:01] [computeCursor] IN: screenSize=(1920,1080) → OUT: cursor=(1410,437) (0ms)
[CURSOR-ABS] handSide=unknown hand=(0.467,0.257) filter=(0.434,0.328) target=(1410,437) cursor=(1411,437)
[2026-06-07 14:14:01] [computeCursor] IN: screenSize=(1920,1080) → OUT: cursor=(1410,436) (0ms)
[CURSOR-ABS] handSide=unknown hand=(0.467,0.228) filter=(0.434,0.328) target=(1410,437) cursor=(1410,437)
[2026-06-07 14:14:01] [computeCursor] IN: screenSize=(1920,1080) → OUT: cursor=(1410,436) (0ms)
[CURSOR-ABS] handSide=unknown hand=(0.469,0.203) filter=(0.434,0.328) target=(1410,436) cursor=(1410,437)
[2026-06-07 14:14:01] [computeCursor] IN: screenSize=(1920,1080) → OUT: cursor=(1409,436) (0ms)
[CURSOR-ABS] handSide=unknown hand=(0.470,0.168) filter=(0.434,0.327) target=(1410,436) cursor=(1410,436)
[2026-06-07 14:14:01] [computeCursor] IN: screenSize=(1920,1080) → OUT: cursor=(1409,435) (0ms)
[CURSOR-ABS] handSide=unknown hand=(0.471,0.137) filter=(0.434,0.327) target=(1410,435) cursor=(1410,436)
[2026-06-07 14:14:01] [computeCursor] IN: screenSize=(1920,1080) → OUT: cursor=(1409,435) (0ms)
[CURSOR-ABS] handSide=unknown hand=(0.461,0.143) filter=(0.434,0.327) target=(1409,435) cursor=(1410,435)
[2026-06-07 14:14:01] [computeCursor] IN: screenSize=(1920,1080) → OUT: cursor=(1409,434) (0ms)
[CURSOR-ABS] handSide=unknown hand=(0.462,0.164) filter=(0.434,0.327) target=(1409,434) cursor=(1409,435)
[2026-06-07 14:14:01] [computeCursor] IN: screenSize=(1920,1080) → OUT: cursor=(1409,434) (0ms)
[CURSOR-ABS] handSide=unknown hand=(0.465,0.189) filter=(0.434,0.326) target=(1409,434) cursor=(1409,434)
[2026-06-07 14:14:01] [computeCursor] IN: screenSize=(1920,1080) → OUT: cursor=(1409,433) (0ms)
[CURSOR-ABS] handSide=unknown hand=(0.473,0.209) filter=(0.434,0.326) target=(1409,433) cursor=(1409,434)
[2026-06-07 14:14:01] [computeCursor] IN: screenSize=(1920,1080) → OUT: cursor=(1408,433) (0ms)
[CURSOR-ABS] handSide=unknown hand=(0.488,0.217) filter=(0.434,0.326) target=(1409,433) cursor=(1409,433)
[2026-06-07 14:14:01] [computeCursor] IN: screenSize=(1920,1080) → OUT: cursor=(1408,433) (0ms)
[CURSOR-ABS] handSide=unknown hand=(0.503,0.228) filter=(0.434,0.326) target=(1408,433) cursor=(1409,433)
[2026-06-07 14:14:01] [computeCursor] IN: screenSize=(1920,1080) → OUT: cursor=(1408,432) (0ms)
[CURSOR-ABS] handSide=unknown hand=(0.517,0.235) filter=(0.434,0.326) target=(1407,433) cursor=(1408,433)
[2026-06-07 14:14:01] [computeCursor] IN: screenSize=(1920,1080) → OUT: cursor=(1407,432) (0ms)
[CURSOR-ABS] handSide=unknown hand=(0.536,0.240) filter=(0.435,0.326) target=(1407,432) cursor=(1407,433)
[2026-06-07 14:14:01] [computeCursor] IN: screenSize=(1920,1080) → OUT: cursor=(1406,432) (0ms)
[CURSOR-ABS] handSide=unknown hand=(0.551,0.241) filter=(0.435,0.326) target=(1406,432) cursor=(1407,432)
[2026-06-07 14:14:01] [computeCursor] IN: screenSize=(1920,1080) → OUT: cursor=(1405,432) (0ms)
[CURSOR-ABS] handSide=unknown hand=(0.568,0.236) filter=(0.435,0.326) target=(1405,432) cursor=(1406,432)
[2026-06-07 14:14:01] [computeCursor] IN: screenSize=(1920,1080) → OUT: cursor=(1404,431) (0ms)
[CURSOR-ABS] handSide=unknown hand=(0.586,0.233) filter=(0.435,0.325) target=(1404,432) cursor=(1405,432)
[2026-06-07 14:14:01] [computeCursor] IN: screenSize=(1920,1080) → OUT: cursor=(1403,431) (0ms)
[CURSOR-ABS] handSide=unknown hand=(0.599,0.231) filter=(0.436,0.325) target=(1402,431) cursor=(1404,432)
[2026-06-07 14:14:01] [computeCursor] IN: screenSize=(1920,1080) → OUT: cursor=(1402,431) (0ms)
[CURSOR-ABS] handSide=unknown hand=(0.612,0.229) filter=(0.436,0.325) target=(1401,431) cursor=(1402,431)
[2026-06-07 14:14:01] [computeCursor] IN: screenSize=(1920,1080) → OUT: cursor=(1400,431) (0ms)
[CURSOR-ABS] handSide=unknown hand=(0.623,0.221) filter=(0.436,0.325) target=(1399,431) cursor=(1401,431)
[2026-06-07 14:14:01] [computeCursor] IN: screenSize=(1920,1080) → OUT: cursor=(1399,430) (0ms)
[CURSOR-ABS] handSide=unknown hand=(0.632,0.218) filter=(0.437,0.325) target=(1398,431) cursor=(1399,431)
[2026-06-07 14:14:01] [computeCursor] IN: screenSize=(1920,1080) → OUT: cursor=(1397,430) (0ms)
[CURSOR-ABS] handSide=unknown hand=(0.640,0.212) filter=(0.437,0.325) target=(1396,430) cursor=(1398,431)
[2026-06-07 14:14:01] [computeCursor] IN: screenSize=(1920,1080) → OUT: cursor=(1396,430) (0ms)
[CURSOR-ABS] handSide=unknown hand=(0.647,0.210) filter=(0.437,0.324) target=(1394,430) cursor=(1396,430)
[2026-06-07 14:14:01] [computeCursor] IN: screenSize=(1920,1080) → OUT: cursor=(1394,429) (0ms)
[CURSOR-ABS] handSide=unknown hand=(0.659,0.208) filter=(0.438,0.324) target=(1393,430) cursor=(1394,430)
[2026-06-07 14:14:01] [computeCursor] IN: screenSize=(1920,1080) → OUT: cursor=(1392,429) (0ms)
[CURSOR-ABS] handSide=unknown hand=(0.661,0.215) filter=(0.438,0.324) target=(1391,429) cursor=(1393,430)
[2026-06-07 14:14:01] [computeCursor] IN: screenSize=(1920,1080) → OUT: cursor=(1390,429) (0ms)
[CURSOR-ABS] handSide=unknown hand=(0.670,0.221) filter=(0.439,0.324) target=(1389,429) cursor=(1391,429)
[2026-06-07 14:14:01] [computeCursor] IN: screenSize=(1920,1080) → OUT: cursor=(1388,429) (0ms)
[CURSOR-ABS] handSide=unknown hand=(0.674,0.225) filter=(0.439,0.324) target=(1387,429) cursor=(1389,429)
[2026-06-07 14:14:01] [computeCursor] IN: screenSize=(1920,1080) → OUT: cursor=(1386,428) (0ms)
[CURSOR-ABS] handSide=unknown hand=(0.676,0.227) filter=(0.439,0.324) target=(1385,429) cursor=(1387,429)
[2026-06-07 14:14:01] [computeCursor] IN: screenSize=(1920,1080) → OUT: cursor=(1384,428) (0ms)
[CURSOR-ABS] handSide=unknown hand=(0.683,0.231) filter=(0.440,0.324) target=(1382,428) cursor=(1385,429)
[2026-06-07 14:14:01] [computeCursor] IN: screenSize=(1920,1080) → OUT: cursor=(1382,428) (0ms)
[CURSOR-ABS] handSide=unknown hand=(0.686,0.234) filter=(0.440,0.323) target=(1380,428) cursor=(1382,428)
[2026-06-07 14:14:01] [computeCursor] IN: screenSize=(1920,1080) → OUT: cursor=(1380,428) (0ms)
[CURSOR-ABS] handSide=unknown hand=(0.690,0.238) filter=(0.441,0.323) target=(1378,428) cursor=(1380,428)
[2026-06-07 14:14:01] [computeCursor] IN: screenSize=(1920,1080) → OUT: cursor=(1377,428) (0ms)
[CURSOR-ABS] handSide=unknown hand=(0.693,0.239) filter=(0.441,0.323) target=(1376,428) cursor=(1378,428)
[2026-06-07 14:14:01] [computeCursor] IN: screenSize=(1920,1080) → OUT: cursor=(1375,427) (0ms)
[CURSOR-ABS] handSide=unknown hand=(0.695,0.243) filter=(0.442,0.323) target=(1374,428) cursor=(1376,428)
[2026-06-07 14:14:01] [computeCursor] IN: screenSize=(1920,1080) → OUT: cursor=(1373,427) (0ms)
[CURSOR-ABS] handSide=unknown hand=(0.696,0.247) filter=(0.442,0.323) target=(1372,427) cursor=(1374,428)
[2026-06-07 14:14:01] [computeCursor] IN: screenSize=(1920,1080) → OUT: cursor=(1371,427) (0ms)
[CURSOR-ABS] handSide=unknown hand=(0.695,0.242) filter=(0.443,0.323) target=(1370,427) cursor=(1372,427)
[2026-06-07 14:14:01] [computeCursor] IN: screenSize=(1920,1080) → OUT: cursor=(1369,427) (0ms)
[CURSOR-ABS] handSide=unknown hand=(0.694,0.246) filter=(0.443,0.323) target=(1368,427) cursor=(1370,427)
[2026-06-07 14:14:01] [computeCursor] IN: screenSize=(1920,1080) → OUT: cursor=(1367,426) (0ms)
[CURSOR-ABS] handSide=unknown hand=(0.688,0.248) filter=(0.444,0.323) target=(1366,427) cursor=(1368,427)
[2026-06-07 14:14:01] [computeCursor] IN: screenSize=(1920,1080) → OUT: cursor=(1365,426) (0ms)
[CURSOR-ABS] handSide=unknown hand=(0.683,0.248) filter=(0.444,0.322) target=(1364,426) cursor=(1366,427)
[2026-06-07 14:14:01] [computeCursor] IN: screenSize=(1920,1080) → OUT: cursor=(1363,426) (0ms)
[CURSOR-ABS] handSide=unknown hand=(0.673,0.244) filter=(0.445,0.322) target=(1362,426) cursor=(1364,426)
[2026-06-07 14:14:01] [computeCursor] IN: screenSize=(1920,1080) → OUT: cursor=(1361,425) (0ms)
[CURSOR-ABS] handSide=unknown hand=(0.664,0.249) filter=(0.445,0.322) target=(1360,426) cursor=(1362,426)
[2026-06-07 14:14:01] [computeCursor] IN: screenSize=(1920,1080) → OUT: cursor=(1359,425) (0ms)
[CURSOR-ABS] handSide=unknown hand=(0.647,0.255) filter=(0.446,0.322) target=(1358,426) cursor=(1360,426)
[2026-06-07 14:14:01] [computeCursor] IN: screenSize=(1920,1080) → OUT: cursor=(1358,425) (0ms)
[CURSOR-ABS] handSide=unknown hand=(0.633,0.265) filter=(0.446,0.322) target=(1356,425) cursor=(1358,426)
[2026-06-07 14:14:01] [computeCursor] IN: screenSize=(1920,1080) → OUT: cursor=(1356,425) (0ms)
[CURSOR-ABS] handSide=unknown hand=(0.620,0.273) filter=(0.447,0.322) target=(1355,425) cursor=(1356,425)
[2026-06-07 14:14:01] [computeCursor] IN: screenSize=(1920,1080) → OUT: cursor=(1354,425) (0ms)
[CURSOR-ABS] handSide=unknown hand=(0.605,0.275) filter=(0.447,0.322) target=(1354,425) cursor=(1355,425)
[2026-06-07 14:14:01] [computeCursor] IN: screenSize=(1920,1080) → OUT: cursor=(1353,424) (1ms)
[CURSOR-ABS] handSide=unknown hand=(0.590,0.279) filter=(0.447,0.322) target=(1352,425) cursor=(1354,425)
[2026-06-07 14:14:01] [computeCursor] IN: screenSize=(1920,1080) → OUT: cursor=(1352,424) (0ms)
[CURSOR-ABS] handSide=unknown hand=(0.577,0.280) filter=(0.448,0.322) target=(1351,425) cursor=(1352,425)
[2026-06-07 14:14:01] [computeCursor] IN: screenSize=(1920,1080) → OUT: cursor=(1351,424) (0ms)
[CURSOR-ABS] handSide=unknown hand=(0.565,0.280) filter=(0.448,0.322) target=(1350,425) cursor=(1351,425)
[2026-06-07 14:14:01] [computeCursor] IN: screenSize=(1920,1080) → OUT: cursor=(1350,424) (0ms)
[CURSOR-ABS] handSide=unknown hand=(0.555,0.281) filter=(0.448,0.321) target=(1349,424) cursor=(1350,425)
[2026-06-07 14:14:01] [computeCursor] IN: screenSize=(1920,1080) → OUT: cursor=(1349,424) (0ms)
[CURSOR-ABS] handSide=unknown hand=(0.546,0.279) filter=(0.448,0.321) target=(1348,424) cursor=(1349,424)
[2026-06-07 14:14:01] [computeCursor] IN: screenSize=(1920,1080) → OUT: cursor=(1348,424) (0ms)
[CURSOR-ABS] handSide=unknown hand=(0.538,0.278) filter=(0.449,0.321) target=(1347,424) cursor=(1348,424)
[2026-06-07 14:14:01] [computeCursor] IN: screenSize=(1920,1080) → OUT: cursor=(1347,424) (0ms)
[CURSOR-ABS] handSide=unknown hand=(0.531,0.276) filter=(0.449,0.321) target=(1347,424) cursor=(1348,424)
[2026-06-07 14:14:01] [computeCursor] IN: screenSize=(1920,1080) → OUT: cursor=(1346,423) (0ms)
[CURSOR-ABS] handSide=unknown hand=(0.525,0.273) filter=(0.449,0.321) target=(1346,424) cursor=(1347,424)
[2026-06-07 14:14:01] [computeCursor] IN: screenSize=(1920,1080) → OUT: cursor=(1346,423) (0ms)
[CURSOR-ABS] handSide=unknown hand=(0.518,0.272) filter=(0.449,0.321) target=(1345,424) cursor=(1346,424)
[2026-06-07 14:14:01] [computeCursor] IN: screenSize=(1920,1080) → OUT: cursor=(1345,423) (0ms)
[CURSOR-ABS] handSide=unknown hand=(0.510,0.270) filter=(0.449,0.321) target=(1345,423) cursor=(1345,424)
[2026-06-07 14:14:01] [computeCursor] IN: screenSize=(1920,1080) → OUT: cursor=(1344,423) (0ms)
[CURSOR-ABS] handSide=unknown hand=(0.503,0.266) filter=(0.449,0.321) target=(1344,423) cursor=(1345,423)
[2026-06-07 14:14:01] [computeCursor] IN: screenSize=(1920,1080) → OUT: cursor=(1344,423) (0ms)
[CURSOR-ABS] handSide=unknown hand=(0.495,0.263) filter=(0.450,0.321) target=(1344,423) cursor=(1344,423)
[2026-06-07 14:14:01] [computeCursor] IN: screenSize=(1920,1080) → OUT: cursor=(1344,422) (0ms)
[CURSOR-ABS] handSide=unknown hand=(0.488,0.259) filter=(0.450,0.321) target=(1344,423) cursor=(1344,423)
[2026-06-07 14:14:01] [computeCursor] IN: screenSize=(1920,1080) → OUT: cursor=(1343,422) (0ms)
[CURSOR-ABS] handSide=unknown hand=(0.480,0.257) filter=(0.450,0.321) target=(1343,422) cursor=(1344,423)
[2026-06-07 14:14:01] [computeCursor] IN: screenSize=(1920,1080) → OUT: cursor=(1343,422) (0ms)
[CURSOR-ABS] handSide=unknown hand=(0.471,0.254) filter=(0.450,0.321) target=(1343,422) cursor=(1343,422)
[2026-06-07 14:14:01] [computeCursor] IN: screenSize=(1920,1080) → OUT: cursor=(1343,422) (0ms)
[CURSOR-ABS] handSide=unknown hand=(0.462,0.253) filter=(0.450,0.320) target=(1343,422) cursor=(1343,422)
[2026-06-07 14:14:01] [computeCursor] IN: screenSize=(1920,1080) → OUT: cursor=(1343,422) (0ms)
[CURSOR-ABS] handSide=unknown hand=(0.452,0.251) filter=(0.450,0.320) target=(1343,422) cursor=(1343,422)
[2026-06-07 14:14:01] [computeCursor] IN: screenSize=(1920,1080) → OUT: cursor=(1343,421) (0ms)
[CURSOR-ABS] handSide=unknown hand=(0.444,0.246) filter=(0.450,0.320) target=(1343,421) cursor=(1343,422)
[2026-06-07 14:14:01] [computeCursor] IN: screenSize=(1920,1080) → OUT: cursor=(1343,421) (0ms)
[CURSOR-ABS] handSide=unknown hand=(0.436,0.246) filter=(0.450,0.320) target=(1343,421) cursor=(1343,421)
[2026-06-07 14:14:01] [computeCursor] IN: screenSize=(1920,1080) → OUT: cursor=(1343,421) (0ms)
[CURSOR-ABS] handSide=unknown hand=(0.428,0.245) filter=(0.450,0.320) target=(1343,421) cursor=(1343,421)
[2026-06-07 14:14:01] [computeCursor] IN: screenSize=(1920,1080) → OUT: cursor=(1343,420) (0ms)
[CURSOR-ABS] handSide=unknown hand=(0.419,0.245) filter=(0.450,0.320) target=(1344,421) cursor=(1343,421)
[2026-06-07 14:14:01] [computeCursor] IN: screenSize=(1920,1080) → OUT: cursor=(1343,420) (0ms)
[CURSOR-ABS] handSide=unknown hand=(0.411,0.246) filter=(0.450,0.320) target=(1344,420) cursor=(1344,421)
[2026-06-07 14:14:01] [computeCursor] IN: screenSize=(1920,1080) → OUT: cursor=(1344,420) (0ms)
[CURSOR-ABS] handSide=unknown hand=(0.401,0.246) filter=(0.449,0.320) target=(1345,420) cursor=(1344,420)
[2026-06-07 14:14:01] [computeCursor] IN: screenSize=(1920,1080) → OUT: cursor=(1344,420) (0ms)
[CURSOR-ABS] handSide=unknown hand=(0.394,0.248) filter=(0.449,0.319) target=(1345,420) cursor=(1345,420)
[2026-06-07 14:14:01] [computeCursor] IN: screenSize=(1920,1080) → OUT: cursor=(1344,419) (0ms)
[CURSOR-ABS] handSide=unknown hand=(0.386,0.249) filter=(0.449,0.319) target=(1346,420) cursor=(1345,420)
[2026-06-07 14:14:01] [computeCursor] IN: screenSize=(1920,1080) → OUT: cursor=(1345,419) (0ms)
[CURSOR-ABS] handSide=unknown hand=(0.376,0.248) filter=(0.449,0.319) target=(1346,419) cursor=(1346,420)
[2026-06-07 14:14:01] [computeCursor] IN: screenSize=(1920,1080) → OUT: cursor=(1346,419) (0ms)
[CURSOR-ABS] handSide=unknown hand=(0.366,0.250) filter=(0.449,0.319) target=(1347,419) cursor=(1346,419)
[2026-06-07 14:14:01] [computeCursor] IN: screenSize=(1920,1080) → OUT: cursor=(1346,419) (0ms)
[CURSOR-ABS] handSide=unknown hand=(0.358,0.251) filter=(0.449,0.319) target=(1348,419) cursor=(1347,419)
[2026-06-07 14:14:01] [computeCursor] IN: screenSize=(1920,1080) → OUT: cursor=(1347,418) (0ms)
[CURSOR-ABS] handSide=unknown hand=(0.350,0.252) filter=(0.448,0.319) target=(1349,418) cursor=(1348,419)
[2026-06-07 14:14:01] [computeCursor] IN: screenSize=(1920,1080) → OUT: cursor=(1348,418) (0ms)
[CURSOR-ABS] handSide=unknown hand=(0.341,0.253) filter=(0.448,0.319) target=(1350,418) cursor=(1349,418)
[2026-06-07 14:14:01] [computeCursor] IN: screenSize=(1920,1080) → OUT: cursor=(1349,418) (0ms)
[CURSOR-ABS] handSide=unknown hand=(0.330,0.255) filter=(0.448,0.319) target=(1351,418) cursor=(1350,418)
[2026-06-07 14:14:01] [computeCursor] IN: screenSize=(1920,1080) → OUT: cursor=(1350,417) (0ms)
[CURSOR-ABS] handSide=unknown hand=(0.321,0.258) filter=(0.448,0.318) target=(1352,418) cursor=(1351,418)
[2026-06-07 14:14:01] [computeCursor] IN: screenSize=(1920,1080) → OUT: cursor=(1351,417) (0ms)
[CURSOR-ABS] handSide=unknown hand=(0.312,0.256) filter=(0.447,0.318) target=(1353,418) cursor=(1352,418)
[2026-06-07 14:14:01] [computeCursor] IN: screenSize=(1920,1080) → OUT: cursor=(1352,417) (1ms)
[CURSOR-ABS] handSide=unknown hand=(0.301,0.258) filter=(0.447,0.318) target=(1354,417) cursor=(1353,418)
[2026-06-07 14:14:01] [computeCursor] IN: screenSize=(1920,1080) → OUT: cursor=(1354,417) (0ms)
[CURSOR-ABS] handSide=unknown hand=(0.294,0.261) filter=(0.447,0.318) target=(1355,417) cursor=(1354,417)
[2026-06-07 14:14:01] [computeCursor] IN: screenSize=(1920,1080) → OUT: cursor=(1355,417) (0ms)
[CURSOR-ABS] handSide=unknown hand=(0.290,0.261) filter=(0.446,0.318) target=(1357,417) cursor=(1355,417)
[2026-06-07 14:14:01] [computeCursor] IN: screenSize=(1920,1080) → OUT: cursor=(1356,416) (0ms)
[CURSOR-ABS] handSide=unknown hand=(0.291,0.262) filter=(0.446,0.318) target=(1358,417) cursor=(1357,417)
[2026-06-07 14:14:01] [computeCursor] IN: screenSize=(1920,1080) → OUT: cursor=(1357,416) (0ms)
[CURSOR-ABS] handSide=unknown hand=(0.290,0.267) filter=(0.446,0.318) target=(1359,416) cursor=(1358,417)
[2026-06-07 14:14:01] [computeCursor] IN: screenSize=(1920,1080) → OUT: cursor=(1359,416) (0ms)
[CURSOR-ABS] handSide=unknown hand=(0.290,0.271) filter=(0.445,0.318) target=(1360,416) cursor=(1359,416)
[2026-06-07 14:14:01] [computeCursor] IN: screenSize=(1920,1080) → OUT: cursor=(1360,416) (0ms)
[CURSOR-ABS] handSide=unknown hand=(0.288,0.272) filter=(0.445,0.318) target=(1362,416) cursor=(1360,416)
[2026-06-07 14:14:01] [computeCursor] IN: screenSize=(1920,1080) → OUT: cursor=(1361,416) (0ms)
[CURSOR-ABS] handSide=unknown hand=(0.285,0.274) filter=(0.445,0.318) target=(1363,416) cursor=(1362,416)
[2026-06-07 14:14:01] [computeCursor] IN: screenSize=(1920,1080) → OUT: cursor=(1362,415) (0ms)
[CURSOR-ABS] handSide=unknown hand=(0.284,0.272) filter=(0.444,0.317) target=(1364,416) cursor=(1363,416)
[2026-06-07 14:14:01] [computeCursor] IN: screenSize=(1920,1080) → OUT: cursor=(1364,415) (0ms)
[CURSOR-ABS] handSide=unknown hand=(0.283,0.273) filter=(0.444,0.317) target=(1366,415) cursor=(1364,416)
[2026-06-07 14:14:01] [computeCursor] IN: screenSize=(1920,1080) → OUT: cursor=(1365,415) (0ms)
[CURSOR-ABS] handSide=unknown hand=(0.287,0.272) filter=(0.444,0.317) target=(1367,415) cursor=(1366,415)
[2026-06-07 14:14:01] [computeCursor] IN: screenSize=(1920,1080) → OUT: cursor=(1367,415) (0ms)
[CURSOR-ABS] handSide=unknown hand=(0.295,0.270) filter=(0.443,0.317) target=(1369,415) cursor=(1367,415)
[2026-06-07 14:14:01] [computeCursor] IN: screenSize=(1920,1080) → OUT: cursor=(1368,414) (0ms)
[CURSOR-ABS] handSide=unknown hand=(0.304,0.267) filter=(0.443,0.317) target=(1370,415) cursor=(1369,415)
[2026-06-07 14:14:01] [computeCursor] IN: screenSize=(1920,1080) → OUT: cursor=(1370,414) (0ms)
[CURSOR-ABS] handSide=unknown hand=(0.316,0.264) filter=(0.443,0.317) target=(1371,414) cursor=(1370,415)
[2026-06-07 14:14:01] [computeCursor] IN: screenSize=(1920,1080) → OUT: cursor=(1371,414) (0ms)
[CURSOR-ABS] handSide=unknown hand=(0.327,0.264) filter=(0.443,0.317) target=(1373,414) cursor=(1371,414)
[2026-06-07 14:14:01] [computeCursor] IN: screenSize=(1920,1080) → OUT: cursor=(1372,413) (0ms)
[CURSOR-ABS] handSide=unknown hand=(0.336,0.266) filter=(0.442,0.317) target=(1374,414) cursor=(1373,414)
[2026-06-07 14:14:01] [computeCursor] IN: screenSize=(1920,1080) → OUT: cursor=(1373,413) (0ms)
[CURSOR-ABS] handSide=unknown hand=(0.344,0.275) filter=(0.442,0.317) target=(1374,414) cursor=(1374,414)
[2026-06-07 14:14:01] [computeCursor] IN: screenSize=(1920,1080) → OUT: cursor=(1374,413) (0ms)
[CURSOR-ABS] handSide=unknown hand=(0.356,0.280) filter=(0.442,0.317) target=(1375,413) cursor=(1374,414)
[2026-06-07 14:14:01] [computeCursor] IN: screenSize=(1920,1080) → OUT: cursor=(1375,413) (0ms)
[CURSOR-ABS] handSide=unknown hand=(0.367,0.293) filter=(0.442,0.317) target=(1376,413) cursor=(1375,413)
[2026-06-07 14:14:01] [computeCursor] IN: screenSize=(1920,1080) → OUT: cursor=(1375,413) (0ms)
[CURSOR-ABS] handSide=unknown hand=(0.382,0.307) filter=(0.442,0.317) target=(1376,413) cursor=(1376,413)
[2026-06-07 14:14:01] [computeCursor] IN: screenSize=(1920,1080) → OUT: cursor=(1376,413) (0ms)
[CURSOR-ABS] handSide=unknown hand=(0.401,0.313) filter=(0.442,0.317) target=(1377,413) cursor=(1376,413)
[2026-06-07 14:14:01] [computeCursor] IN: screenSize=(1920,1080) → OUT: cursor=(1376,413) (0ms)
[CURSOR-ABS] handSide=unknown hand=(0.421,0.311) filter=(0.442,0.317) target=(1377,413) cursor=(1377,413)
[2026-06-07 14:14:01] [computeCursor] IN: screenSize=(1920,1080) → OUT: cursor=(1376,413) (0ms)
[CURSOR-ABS] handSide=unknown hand=(0.438,0.297) filter=(0.442,0.317) target=(1377,413) cursor=(1377,413)
[2026-06-07 14:14:01] [computeCursor] IN: screenSize=(1920,1080) → OUT: cursor=(1376,413) (0ms)
[CURSOR-ABS] handSide=unknown hand=(0.450,0.282) filter=(0.442,0.317) target=(1377,413) cursor=(1377,413)
[2026-06-07 14:14:01] [computeCursor] IN: screenSize=(1920,1080) → OUT: cursor=(1376,412) (0ms)
[CURSOR-ABS] handSide=unknown hand=(0.453,0.259) filter=(0.442,0.316) target=(1377,413) cursor=(1377,413)
[2026-06-07 14:14:01] [computeCursor] IN: screenSize=(1920,1080) → OUT: cursor=(1376,412) (0ms)
[CURSOR-ABS] handSide=unknown hand=(0.454,0.234) filter=(0.442,0.316) target=(1377,412) cursor=(1377,413)
[2026-06-07 14:14:01] [computeCursor] IN: screenSize=(1920,1080) → OUT: cursor=(1376,412) (0ms)
[CURSOR-ABS] handSide=unknown hand=(0.447,0.210) filter=(0.442,0.316) target=(1377,412) cursor=(1377,412)
[2026-06-07 14:14:01] [computeCursor] IN: screenSize=(1920,1080) → OUT: cursor=(1376,411) (0ms)
[CURSOR-ABS] handSide=unknown hand=(0.436,0.187) filter=(0.442,0.316) target=(1377,411) cursor=(1377,412)
[2026-06-07 14:14:01] [computeCursor] IN: screenSize=(1920,1080) → OUT: cursor=(1376,411) (0ms)
[CURSOR-ABS] handSide=unknown hand=(0.425,0.167) filter=(0.442,0.316) target=(1377,411) cursor=(1377,411)
[2026-06-07 14:14:01] [computeCursor] IN: screenSize=(1920,1080) → OUT: cursor=(1377,410) (0ms)
[CURSOR-ABS] handSide=unknown hand=(0.412,0.155) filter=(0.442,0.315) target=(1378,410) cursor=(1377,411)
[2026-06-07 14:14:01] [computeCursor] IN: screenSize=(1920,1080) → OUT: cursor=(1377,410) (0ms)
[CURSOR-ABS] handSide=unknown hand=(0.398,0.156) filter=(0.442,0.315) target=(1378,409) cursor=(1378,410)
[2026-06-07 14:14:01] [computeCursor] IN: screenSize=(1920,1080) → OUT: cursor=(1377,409) (0ms)
[CURSOR-ABS] handSide=unknown hand=(0.385,0.163) filter=(0.442,0.315) target=(1379,409) cursor=(1378,409)
[2026-06-07 14:14:01] [computeCursor] IN: screenSize=(1920,1080) → OUT: cursor=(1378,408) (0ms)
[CURSOR-ABS] handSide=unknown hand=(0.372,0.176) filter=(0.441,0.315) target=(1379,408) cursor=(1379,409)
[2026-06-07 14:14:01] [computeCursor] IN: screenSize=(1920,1080) → OUT: cursor=(1379,408) (0ms)
[CURSOR-ABS] handSide=unknown hand=(0.359,0.202) filter=(0.441,0.314) target=(1380,408) cursor=(1379,408)
[2026-06-07 14:14:01] [computeCursor] IN: screenSize=(1920,1080) → OUT: cursor=(1379,407) (0ms)
[CURSOR-ABS] handSide=unknown hand=(0.352,0.225) filter=(0.441,0.314) target=(1381,407) cursor=(1380,408)
[2026-06-07 14:14:01] [computeCursor] IN: screenSize=(1920,1080) → OUT: cursor=(1380,407) (0ms)
[CURSOR-ABS] handSide=unknown hand=(0.351,0.258) filter=(0.441,0.314) target=(1382,407) cursor=(1381,407)
[2026-06-07 14:14:01] [computeCursor] IN: screenSize=(1920,1080) → OUT: cursor=(1381,407) (0ms)
[CURSOR-ABS] handSide=unknown hand=(0.356,0.295) filter=(0.441,0.314) target=(1382,407) cursor=(1382,407)
[2026-06-07 14:14:01] [computeCursor] IN: screenSize=(1920,1080) → OUT: cursor=(1382,406) (0ms)
[CURSOR-ABS] handSide=unknown hand=(0.363,0.332) filter=(0.441,0.314) target=(1383,407) cursor=(1382,407)
[2026-06-07 14:14:01] [computeCursor] IN: screenSize=(1920,1080) → OUT: cursor=(1382,406) (0ms)
[CURSOR-ABS] handSide=unknown hand=(0.383,0.359) filter=(0.441,0.314) target=(1383,407) cursor=(1383,407)
[2026-06-07 14:14:01] [computeCursor] IN: screenSize=(1920,1080) → OUT: cursor=(1383,407) (0ms)
[CURSOR-ABS] handSide=unknown hand=(0.408,0.371) filter=(0.441,0.314) target=(1383,407) cursor=(1383,407)
[2026-06-07 14:14:01] [computeCursor] IN: screenSize=(1920,1080) → OUT: cursor=(1383,407) (0ms)
[CURSOR-ABS] handSide=unknown hand=(0.431,0.376) filter=(0.441,0.314) target=(1383,408) cursor=(1383,407)
[2026-06-07 14:14:01] [computeCursor] IN: screenSize=(1920,1080) → OUT: cursor=(1383,407) (0ms)
[CURSOR-ABS] handSide=unknown hand=(0.456,0.379) filter=(0.441,0.315) target=(1383,408) cursor=(1383,408)
[2026-06-07 14:14:01] [computeCursor] IN: screenSize=(1920,1080) → OUT: cursor=(1383,407) (0ms)
[CURSOR-ABS] handSide=unknown hand=(0.479,0.370) filter=(0.441,0.315) target=(1383,408) cursor=(1383,408)
[2026-06-07 14:14:01] [computeCursor] IN: screenSize=(1920,1080) → OUT: cursor=(1382,408) (0ms)
[CURSOR-ABS] handSide=unknown hand=(0.498,0.347) filter=(0.441,0.315) target=(1382,408) cursor=(1383,408)
[2026-06-07 14:14:01] [computeCursor] IN: screenSize=(1920,1080) → OUT: cursor=(1382,408) (0ms)
[CURSOR-ABS] handSide=unknown hand=(0.514,0.320) filter=(0.441,0.315) target=(1382,408) cursor=(1382,408)
[2026-06-07 14:14:01] [computeCursor] IN: screenSize=(1920,1080) → OUT: cursor=(1381,408) (0ms)
[CURSOR-ABS] handSide=unknown hand=(0.523,0.288) filter=(0.441,0.315) target=(1381,408) cursor=(1382,408)
[2026-06-07 14:14:01] [computeCursor] IN: screenSize=(1920,1080) → OUT: cursor=(1381,408) (0ms)
[CURSOR-ABS] handSide=unknown hand=(0.527,0.259) filter=(0.441,0.315) target=(1381,408) cursor=(1381,408)
[2026-06-07 14:14:01] [computeCursor] IN: screenSize=(1920,1080) → OUT: cursor=(1380,408) (0ms)
[CURSOR-ABS] handSide=unknown hand=(0.521,0.229) filter=(0.441,0.314) target=(1380,408) cursor=(1381,408)
[2026-06-07 14:14:01] [computeCursor] IN: screenSize=(1920,1080) → OUT: cursor=(1379,407) (0ms)
[CURSOR-ABS] handSide=unknown hand=(0.510,0.207) filter=(0.441,0.314) target=(1379,407) cursor=(1380,408)
[2026-06-07 14:14:01] [computeCursor] IN: screenSize=(1920,1080) → OUT: cursor=(1379,407) (0ms)
[CURSOR-ABS] handSide=unknown hand=(0.490,0.190) filter=(0.441,0.314) target=(1379,407) cursor=(1379,407)
[2026-06-07 14:14:01] [computeCursor] IN: screenSize=(1920,1080) → OUT: cursor=(1379,406) (0ms)
[CURSOR-ABS] handSide=unknown hand=(0.467,0.172) filter=(0.442,0.314) target=(1379,406) cursor=(1379,407)
[2026-06-07 14:14:01] [computeCursor] IN: screenSize=(1920,1080) → OUT: cursor=(1379,406) (0ms)
[CURSOR-ABS] handSide=unknown hand=(0.446,0.181) filter=(0.442,0.313) target=(1379,406) cursor=(1379,406)
[2026-06-07 14:14:01] [computeCursor] IN: screenSize=(1920,1080) → OUT: cursor=(1379,405) (0ms)
[CURSOR-ABS] handSide=unknown hand=(0.424,0.194) filter=(0.441,0.313) target=(1379,405) cursor=(1379,406)
[2026-06-07 14:14:01] [computeCursor] IN: screenSize=(1920,1080) → OUT: cursor=(1379,405) (0ms)
[CURSOR-ABS] handSide=unknown hand=(0.408,0.214) filter=(0.441,0.313) target=(1380,405) cursor=(1379,405)
[2026-06-07 14:14:01] [computeCursor] IN: screenSize=(1920,1080) → OUT: cursor=(1379,404) (0ms)
[CURSOR-ABS] handSide=unknown hand=(0.390,0.249) filter=(0.441,0.313) target=(1380,404) cursor=(1380,405)
[2026-06-07 14:14:01] [computeCursor] IN: screenSize=(1920,1080) → OUT: cursor=(1380,404) (0ms)
[CURSOR-ABS] handSide=unknown hand=(0.379,0.280) filter=(0.441,0.313) target=(1381,404) cursor=(1380,404)
[2026-06-07 14:14:01] [computeCursor] IN: screenSize=(1920,1080) → OUT: cursor=(1380,404) (0ms)
[CURSOR-ABS] handSide=unknown hand=(0.374,0.313) filter=(0.441,0.313) target=(1381,404) cursor=(1381,404)
[2026-06-07 14:14:01] [computeCursor] IN: screenSize=(1920,1080) → OUT: cursor=(1381,404) (0ms)
[CURSOR-ABS] handSide=unknown hand=(0.377,0.351) filter=(0.441,0.313) target=(1382,404) cursor=(1381,404)
[2026-06-07 14:14:01] [computeCursor] IN: screenSize=(1920,1080) → OUT: cursor=(1381,404) (0ms)
[CURSOR-ABS] handSide=unknown hand=(0.385,0.386) filter=(0.441,0.313) target=(1382,405) cursor=(1382,404)
[2026-06-07 14:14:01] [computeCursor] IN: screenSize=(1920,1080) → OUT: cursor=(1382,404) (0ms)
[CURSOR-ABS] handSide=unknown hand=(0.403,0.410) filter=(0.441,0.313) target=(1382,405) cursor=(1382,405)
[2026-06-07 14:14:01] [computeCursor] IN: screenSize=(1920,1080) → OUT: cursor=(1382,404) (0ms)
[CURSOR-ABS] handSide=unknown hand=(0.424,0.422) filter=(0.441,0.313) target=(1382,405) cursor=(1382,405)
[2026-06-07 14:14:01] [computeCursor] IN: screenSize=(1920,1080) → OUT: cursor=(1382,405) (0ms)
[CURSOR-ABS] handSide=unknown hand=(0.448,0.433) filter=(0.441,0.314) target=(1382,406) cursor=(1382,405)
[2026-06-07 14:14:01] [computeCursor] IN: screenSize=(1920,1080) → OUT: cursor=(1382,405) (0ms)
[CURSOR-ABS] handSide=unknown hand=(0.472,0.440) filter=(0.441,0.314) target=(1382,406) cursor=(1382,406)
[2026-06-07 14:14:01] [computeCursor] IN: screenSize=(1920,1080) → OUT: cursor=(1381,406) (0ms)
[CURSOR-ABS] handSide=unknown hand=(0.494,0.428) filter=(0.441,0.314) target=(1381,407) cursor=(1382,406)
[2026-06-07 14:14:01] [computeCursor] IN: screenSize=(1920,1080) → OUT: cursor=(1381,406) (0ms)
[CURSOR-ABS] handSide=unknown hand=(0.513,0.421) filter=(0.441,0.314) target=(1381,407) cursor=(1381,407)
[2026-06-07 14:14:01] [computeCursor] IN: screenSize=(1920,1080) → OUT: cursor=(1380,407) (0ms)
[CURSOR-ABS] handSide=unknown hand=(0.532,0.405) filter=(0.441,0.314) target=(1380,408) cursor=(1381,407)
[2026-06-07 14:14:01] [computeCursor] IN: screenSize=(1920,1080) → OUT: cursor=(1379,407) (0ms)
[CURSOR-ABS] handSide=unknown hand=(0.548,0.382) filter=(0.441,0.315) target=(1379,408) cursor=(1380,408)
[2026-06-07 14:14:01] [computeCursor] IN: screenSize=(1920,1080) → OUT: cursor=(1379,408) (0ms)
[CURSOR-ABS] handSide=unknown hand=(0.561,0.350) filter=(0.442,0.315) target=(1378,408) cursor=(1379,408)
[2026-06-07 14:14:01] [computeCursor] IN: screenSize=(1920,1080) → OUT: cursor=(1378,408) (0ms)
[CURSOR-ABS] handSide=unknown hand=(0.575,0.317) filter=(0.442,0.315) target=(1377,408) cursor=(1378,408)
[2026-06-07 14:14:01] [computeCursor] IN: screenSize=(1920,1080) → OUT: cursor=(1376,408) (0ms)
[CURSOR-ABS] handSide=unknown hand=(0.581,0.278) filter=(0.442,0.315) target=(1376,408) cursor=(1377,408)
[2026-06-07 14:14:01] [computeCursor] IN: screenSize=(1920,1080) → OUT: cursor=(1375,408) (0ms)
[CURSOR-ABS] handSide=unknown hand=(0.582,0.243) filter=(0.442,0.314) target=(1375,408) cursor=(1376,408)
[2026-06-07 14:14:01] [computeCursor] IN: screenSize=(1920,1080) → OUT: cursor=(1374,408) (0ms)
[CURSOR-ABS] handSide=unknown hand=(0.580,0.210) filter=(0.443,0.314) target=(1374,408) cursor=(1375,408)
[2026-06-07 14:14:01] [computeCursor] IN: screenSize=(1920,1080) → OUT: cursor=(1373,407) (0ms)
[CURSOR-ABS] handSide=unknown hand=(0.566,0.171) filter=(0.443,0.314) target=(1373,407) cursor=(1374,408)
[2026-06-07 14:14:01] [computeCursor] IN: screenSize=(1920,1080) → OUT: cursor=(1372,407) (0ms)
[CURSOR-ABS] handSide=unknown hand=(0.560,0.147) filter=(0.443,0.314) target=(1372,407) cursor=(1373,407)
[2026-06-07 14:14:01] [computeCursor] IN: screenSize=(1920,1080) → OUT: cursor=(1371,406) (0ms)
[CURSOR-ABS] handSide=unknown hand=(0.551,0.125) filter=(0.443,0.313) target=(1371,406) cursor=(1372,407)
[2026-06-07 14:14:01] [computeCursor] IN: screenSize=(1920,1080) → OUT: cursor=(1371,405) (0ms)
[CURSOR-ABS] handSide=unknown hand=(0.516,0.087) filter=(0.443,0.313) target=(1371,405) cursor=(1371,406)
[2026-06-07 14:14:01] [computeCursor] IN: screenSize=(1920,1080) → OUT: cursor=(1370,404) (0ms)
[CURSOR-ABS] handSide=unknown hand=(0.501,0.080) filter=(0.443,0.312) target=(1371,404) cursor=(1371,405)
[2026-06-07 14:14:01] [computeCursor] IN: screenSize=(1920,1080) → OUT: cursor=(1370,403) (0ms)
[CURSOR-ABS] handSide=unknown hand=(0.484,0.078) filter=(0.444,0.312) target=(1370,403) cursor=(1371,404)
[2026-06-07 14:14:01] [computeCursor] IN: screenSize=(1920,1080) → OUT: cursor=(1370,402) (0ms)
[CURSOR-ABS] handSide=unknown hand=(0.464,0.080) filter=(0.444,0.312) target=(1370,402) cursor=(1370,403)
[2026-06-07 14:14:01] [computeCursor] IN: screenSize=(1920,1080) → OUT: cursor=(1370,401) (0ms)
[CURSOR-ABS] handSide=unknown hand=(0.443,0.083) filter=(0.444,0.311) target=(1371,401) cursor=(1370,402)
[2026-06-07 14:14:01] [computeCursor] IN: screenSize=(1920,1080) → OUT: cursor=(1370,400) (0ms)
[CURSOR-ABS] handSide=unknown hand=(0.425,0.094) filter=(0.444,0.311) target=(1371,400) cursor=(1371,401)
[2026-06-07 14:14:01] [computeCursor] IN: screenSize=(1920,1080) → OUT: cursor=(1371,399) (0ms)
[CURSOR-ABS] handSide=unknown hand=(0.406,0.107) filter=(0.443,0.310) target=(1372,399) cursor=(1371,400)
[2026-06-07 14:14:01] [computeCursor] IN: screenSize=(1920,1080) → OUT: cursor=(1371,398) (0ms)
[CURSOR-ABS] handSide=unknown hand=(0.388,0.122) filter=(0.443,0.310) target=(1372,398) cursor=(1372,399)
[2026-06-07 14:14:01] [computeCursor] IN: screenSize=(1920,1080) → OUT: cursor=(1372,397) (0ms)
[CURSOR-ABS] handSide=unknown hand=(0.372,0.136) filter=(0.443,0.310) target=(1373,397) cursor=(1372,398)
[2026-06-07 14:14:01] [computeCursor] IN: screenSize=(1920,1080) → OUT: cursor=(1372,397) (0ms)
[CURSOR-ABS] handSide=unknown hand=(0.353,0.157) filter=(0.443,0.309) target=(1374,396) cursor=(1373,397)
[2026-06-07 14:14:01] [computeCursor] IN: screenSize=(1920,1080) → OUT: cursor=(1373,396) (1ms)
[CURSOR-ABS] handSide=unknown hand=(0.338,0.169) filter=(0.443,0.309) target=(1375,396) cursor=(1374,396)
[2026-06-07 14:14:01] [computeCursor] IN: screenSize=(1920,1080) → OUT: cursor=(1374,395) (0ms)
[CURSOR-ABS] handSide=unknown hand=(0.325,0.183) filter=(0.443,0.309) target=(1376,395) cursor=(1375,396)
[2026-06-07 14:14:01] [computeCursor] IN: screenSize=(1920,1080) → OUT: cursor=(1375,394) (0ms)
[CURSOR-ABS] handSide=unknown hand=(0.314,0.196) filter=(0.442,0.309) target=(1377,394) cursor=(1376,395)
[2026-06-07 14:14:01] [computeCursor] IN: screenSize=(1920,1080) → OUT: cursor=(1377,394) (0ms)
[CURSOR-ABS] handSide=unknown hand=(0.302,0.218) filter=(0.442,0.308) target=(1378,394) cursor=(1377,394)
[2026-06-07 14:14:01] [computeCursor] IN: screenSize=(1920,1080) → OUT: cursor=(1378,393) (0ms)
[CURSOR-ABS] handSide=unknown hand=(0.296,0.241) filter=(0.442,0.308) target=(1380,393) cursor=(1378,394)
[2026-06-07 14:14:01] [computeCursor] IN: screenSize=(1920,1080) → OUT: cursor=(1379,393) (0ms)
[CURSOR-ABS] handSide=unknown hand=(0.296,0.265) filter=(0.442,0.308) target=(1381,393) cursor=(1380,393)
[2026-06-07 14:14:01] [computeCursor] IN: screenSize=(1920,1080) → OUT: cursor=(1380,393) (0ms)
[CURSOR-ABS] handSide=unknown hand=(0.300,0.293) filter=(0.441,0.308) target=(1382,393) cursor=(1381,393)
[2026-06-07 14:14:01] [computeCursor] IN: screenSize=(1920,1080) → OUT: cursor=(1381,393) (0ms)
[CURSOR-ABS] handSide=unknown hand=(0.312,0.308) filter=(0.441,0.308) target=(1383,393) cursor=(1382,393)
[2026-06-07 14:14:01] [computeCursor] IN: screenSize=(1920,1080) → OUT: cursor=(1382,392) (0ms)
[CURSOR-ABS] handSide=unknown hand=(0.328,0.329) filter=(0.441,0.308) target=(1384,393) cursor=(1383,393)
[2026-06-07 14:14:01] [computeCursor] IN: screenSize=(1920,1080) → OUT: cursor=(1383,393) (0ms)
[CURSOR-ABS] handSide=unknown hand=(0.344,0.353) filter=(0.441,0.308) target=(1385,393) cursor=(1384,393)
[2026-06-07 14:14:01] [computeCursor] IN: screenSize=(1920,1080) → OUT: cursor=(1384,393) (0ms)
[CURSOR-ABS] handSide=unknown hand=(0.359,0.371) filter=(0.441,0.308) target=(1385,393) cursor=(1385,393)
[2026-06-07 14:14:01] [computeCursor] IN: screenSize=(1920,1080) → OUT: cursor=(1385,393) (0ms)
[CURSOR-ABS] handSide=unknown hand=(0.377,0.384) filter=(0.441,0.309) target=(1386,394) cursor=(1385,393)
[2026-06-07 14:14:01] [computeCursor] IN: screenSize=(1920,1080) → OUT: cursor=(1385,393) (0ms)
[CURSOR-ABS] handSide=unknown hand=(0.398,0.390) filter=(0.441,0.309) target=(1386,394) cursor=(1386,394)
[2026-06-07 14:14:01] [computeCursor] IN: screenSize=(1920,1080) → OUT: cursor=(1385,394) (0ms)
[CURSOR-ABS] handSide=unknown hand=(0.418,0.396) filter=(0.441,0.309) target=(1386,395) cursor=(1386,394)
[2026-06-07 14:14:01] [computeCursor] IN: screenSize=(1920,1080) → OUT: cursor=(1385,394) (0ms)
[CURSOR-ABS] handSide=unknown hand=(0.434,0.401) filter=(0.441,0.309) target=(1386,395) cursor=(1386,395)
[2026-06-07 14:14:01] [computeCursor] IN: screenSize=(1920,1080) → OUT: cursor=(1385,394) (0ms)
[CURSOR-ABS] handSide=unknown hand=(0.450,0.404) filter=(0.441,0.309) target=(1386,395) cursor=(1386,395)
[2026-06-07 14:14:01] [computeCursor] IN: screenSize=(1920,1080) → OUT: cursor=(1385,395) (0ms)
[CURSOR-ABS] handSide=unknown hand=(0.464,0.402) filter=(0.441,0.309) target=(1385,396) cursor=(1386,395)
[2026-06-07 14:14:01] [computeCursor] IN: screenSize=(1920,1080) → OUT: cursor=(1385,395) (0ms)
[CURSOR-ABS] handSide=unknown hand=(0.478,0.397) filter=(0.441,0.310) target=(1385,396) cursor=(1385,396)
[2026-06-07 14:14:01] [computeCursor] IN: screenSize=(1920,1080) → OUT: cursor=(1385,396) (0ms)
[CURSOR-ABS] handSide=unknown hand=(0.491,0.391) filter=(0.441,0.310) target=(1385,397) cursor=(1385,396)
[2026-06-07 14:14:01] [computeCursor] IN: screenSize=(1920,1080) → OUT: cursor=(1384,396) (0ms)
[CURSOR-ABS] handSide=unknown hand=(0.500,0.385) filter=(0.441,0.310) target=(1384,397) cursor=(1385,397)
[2026-06-07 14:14:01] [computeCursor] IN: screenSize=(1920,1080) → OUT: cursor=(1384,397) (0ms)
[CURSOR-ABS] handSide=unknown hand=(0.510,0.380) filter=(0.441,0.310) target=(1383,397) cursor=(1384,397)
[2026-06-07 14:14:01] [computeCursor] IN: screenSize=(1920,1080) → OUT: cursor=(1383,397) (0ms)
[CURSOR-ABS] handSide=unknown hand=(0.520,0.375) filter=(0.441,0.310) target=(1383,398) cursor=(1383,397)
[2026-06-07 14:14:01] [computeCursor] IN: screenSize=(1920,1080) → OUT: cursor=(1382,397) (0ms)
[CURSOR-ABS] handSide=unknown hand=(0.527,0.374) filter=(0.441,0.310) target=(1382,398) cursor=(1383,398)
[2026-06-07 14:14:01] [computeCursor] IN: screenSize=(1920,1080) → OUT: cursor=(1382,398) (0ms)
[CURSOR-ABS] handSide=unknown hand=(0.534,0.374) filter=(0.441,0.310) target=(1381,398) cursor=(1382,398)
[2026-06-07 14:14:01] [computeCursor] IN: screenSize=(1920,1080) → OUT: cursor=(1381,398) (0ms)
[CURSOR-ABS] handSide=unknown hand=(0.539,0.374) filter=(0.442,0.311) target=(1380,399) cursor=(1381,398)
[2026-06-07 14:14:01] [computeCursor] IN: screenSize=(1920,1080) → OUT: cursor=(1380,398) (0ms)
[CURSOR-ABS] handSide=unknown hand=(0.546,0.378) filter=(0.442,0.311) target=(1380,399) cursor=(1380,399)
[2026-06-07 14:14:01] [computeCursor] IN: screenSize=(1920,1080) → OUT: cursor=(1379,399) (0ms)
[CURSOR-ABS] handSide=unknown hand=(0.552,0.384) filter=(0.442,0.311) target=(1379,400) cursor=(1380,399)
[2026-06-07 14:14:01] [computeCursor] IN: screenSize=(1920,1080) → OUT: cursor=(1378,399) (0ms)
[CURSOR-ABS] handSide=unknown hand=(0.557,0.390) filter=(0.442,0.311) target=(1378,400) cursor=(1379,400)
[2026-06-07 14:14:01] [computeCursor] IN: screenSize=(1920,1080) → OUT: cursor=(1377,399) (0ms)
[CURSOR-ABS] handSide=unknown hand=(0.561,0.393) filter=(0.442,0.311) target=(1377,400) cursor=(1378,400)
[2026-06-07 14:14:01] [computeCursor] IN: screenSize=(1920,1080) → OUT: cursor=(1376,400) (0ms)
[CURSOR-ABS] handSide=unknown hand=(0.565,0.400) filter=(0.443,0.311) target=(1375,401) cursor=(1377,400)
[2026-06-07 14:14:01] [computeCursor] IN: screenSize=(1920,1080) → OUT: cursor=(1375,400) (0ms)
[CURSOR-ABS] handSide=unknown hand=(0.569,0.408) filter=(0.443,0.311) target=(1374,401) cursor=(1375,401)
[2026-06-07 14:14:01] [computeCursor] IN: screenSize=(1920,1080) → OUT: cursor=(1374,401) (0ms)
[CURSOR-ABS] handSide=unknown hand=(0.572,0.419) filter=(0.443,0.312) target=(1373,402) cursor=(1374,401)
[2026-06-07 14:14:01] [computeCursor] IN: screenSize=(1920,1080) → OUT: cursor=(1373,401) (0ms)
[CURSOR-ABS] handSide=unknown hand=(0.576,0.426) filter=(0.443,0.312) target=(1372,402) cursor=(1373,402)
[2026-06-07 14:14:01] [computeCursor] IN: screenSize=(1920,1080) → OUT: cursor=(1371,402) (1ms)
[CURSOR-ABS] handSide=unknown hand=(0.579,0.435) filter=(0.443,0.312) target=(1371,403) cursor=(1372,402)
[2026-06-07 14:14:01] [computeCursor] IN: screenSize=(1920,1080) → OUT: cursor=(1370,402) (0ms)
[CURSOR-ABS] handSide=unknown hand=(0.585,0.443) filter=(0.444,0.312) target=(1369,404) cursor=(1371,403)
[2026-06-07 14:14:01] [computeCursor] IN: screenSize=(1920,1080) → OUT: cursor=(1369,403) (0ms)
[CURSOR-ABS] handSide=unknown hand=(0.586,0.454) filter=(0.444,0.313) target=(1368,404) cursor=(1369,404)
[2026-06-07 14:14:01] [computeCursor] IN: screenSize=(1920,1080) → OUT: cursor=(1368,404) (0ms)
[CURSOR-ABS] handSide=unknown hand=(0.590,0.465) filter=(0.444,0.313) target=(1367,405) cursor=(1368,404)
[2026-06-07 14:14:01] [computeCursor] IN: screenSize=(1920,1080) → OUT: cursor=(1366,404) (0ms)
[CURSOR-ABS] handSide=unknown hand=(0.592,0.474) filter=(0.444,0.313) target=(1365,406) cursor=(1367,405)
[2026-06-07 14:14:01] [computeCursor] IN: screenSize=(1920,1080) → OUT: cursor=(1365,405) (0ms)
[CURSOR-ABS] handSide=unknown hand=(0.594,0.483) filter=(0.445,0.313) target=(1364,407) cursor=(1365,406)
[2026-06-07 14:14:01] [computeCursor] IN: screenSize=(1920,1080) → OUT: cursor=(1364,406) (0ms)
[CURSOR-ABS] handSide=unknown hand=(0.598,0.486) filter=(0.445,0.314) target=(1363,407) cursor=(1364,407)
[2026-06-07 14:14:01] [computeCursor] IN: screenSize=(1920,1080) → OUT: cursor=(1362,407) (0ms)
[CURSOR-ABS] handSide=unknown hand=(0.600,0.486) filter=(0.445,0.314) target=(1361,408) cursor=(1363,407)
[2026-06-07 14:14:01] [computeCursor] IN: screenSize=(1920,1080) → OUT: cursor=(1361,408) (0ms)
[CURSOR-ABS] handSide=unknown hand=(0.601,0.484) filter=(0.446,0.314) target=(1360,409) cursor=(1361,408)
[2026-06-07 14:14:01] [computeCursor] IN: screenSize=(1920,1080) → OUT: cursor=(1359,408) (0ms)
[CURSOR-ABS] handSide=unknown hand=(0.605,0.478) filter=(0.446,0.315) target=(1358,410) cursor=(1360,409)
[2026-06-07 14:14:01] [computeCursor] IN: screenSize=(1920,1080) → OUT: cursor=(1358,409) (0ms)
[CURSOR-ABS] handSide=unknown hand=(0.605,0.471) filter=(0.446,0.315) target=(1357,410) cursor=(1358,410)
[2026-06-07 14:14:01] [computeCursor] IN: screenSize=(1920,1080) → OUT: cursor=(1356,410) (0ms)
[CURSOR-ABS] handSide=unknown hand=(0.603,0.463) filter=(0.447,0.315) target=(1356,411) cursor=(1357,410)
[2026-06-07 14:14:01] [computeCursor] IN: screenSize=(1920,1080) → OUT: cursor=(1355,410) (0ms)
[CURSOR-ABS] handSide=unknown hand=(0.603,0.455) filter=(0.447,0.315) target=(1355,411) cursor=(1356,411)
[2026-06-07 14:14:01] [computeCursor] IN: screenSize=(1920,1080) → OUT: cursor=(1354,411) (0ms)
[CURSOR-ABS] handSide=unknown hand=(0.600,0.449) filter=(0.447,0.316) target=(1353,412) cursor=(1355,411)
[2026-06-07 14:14:01] [computeCursor] IN: screenSize=(1920,1080) → OUT: cursor=(1353,411) (1ms)
[CURSOR-ABS] handSide=unknown hand=(0.596,0.443) filter=(0.447,0.316) target=(1352,412) cursor=(1353,412)
[2026-06-07 14:14:01] [computeCursor] IN: screenSize=(1920,1080) → OUT: cursor=(1352,412) (0ms)
[CURSOR-ABS] handSide=unknown hand=(0.592,0.438) filter=(0.448,0.316) target=(1351,413) cursor=(1352,412)
[2026-06-07 14:14:01] [computeCursor] IN: screenSize=(1920,1080) → OUT: cursor=(1351,412) (0ms)
[CURSOR-ABS] handSide=unknown hand=(0.585,0.434) filter=(0.448,0.316) target=(1350,413) cursor=(1351,413)
[2026-06-07 14:14:01] [computeCursor] IN: screenSize=(1920,1080) → OUT: cursor=(1350,412) (0ms)
[CURSOR-ABS] handSide=unknown hand=(0.579,0.429) filter=(0.448,0.316) target=(1349,413) cursor=(1350,413)
[2026-06-07 14:14:01] [computeCursor] IN: screenSize=(1920,1080) → OUT: cursor=(1349,413) (0ms)
[CURSOR-ABS] handSide=unknown hand=(0.574,0.426) filter=(0.448,0.317) target=(1348,414) cursor=(1349,413)
[2026-06-07 14:14:01] [computeCursor] IN: screenSize=(1920,1080) → OUT: cursor=(1348,413) (0ms)
[CURSOR-ABS] handSide=unknown hand=(0.565,0.423) filter=(0.449,0.317) target=(1347,414) cursor=(1348,414)
[2026-06-07 14:14:01] [computeCursor] IN: screenSize=(1920,1080) → OUT: cursor=(1347,414) (0ms)
[CURSOR-ABS] handSide=unknown hand=(0.557,0.419) filter=(0.449,0.317) target=(1347,414) cursor=(1347,414)
[2026-06-07 14:14:01] [computeCursor] IN: screenSize=(1920,1080) → OUT: cursor=(1346,414) (0ms)
[CURSOR-ABS] handSide=unknown hand=(0.552,0.420) filter=(0.449,0.317) target=(1346,415) cursor=(1347,414)
[2026-06-07 14:14:01] [computeCursor] IN: screenSize=(1920,1080) → OUT: cursor=(1345,414) (0ms)
[CURSOR-ABS] handSide=unknown hand=(0.545,0.413) filter=(0.449,0.317) target=(1345,415) cursor=(1346,415)
[2026-06-07 14:14:01] [computeCursor] IN: screenSize=(1920,1080) → OUT: cursor=(1345,415) (0ms)
[CURSOR-ABS] handSide=unknown hand=(0.540,0.412) filter=(0.450,0.317) target=(1344,415) cursor=(1345,415)
[2026-06-07 14:14:01] [computeCursor] IN: screenSize=(1920,1080) → OUT: cursor=(1344,415) (0ms)
[CURSOR-ABS] handSide=unknown hand=(0.535,0.407) filter=(0.450,0.318) target=(1344,416) cursor=(1344,415)
[2026-06-07 14:14:01] [computeCursor] IN: screenSize=(1920,1080) → OUT: cursor=(1343,415) (0ms)
[CURSOR-ABS] handSide=unknown hand=(0.528,0.402) filter=(0.450,0.318) target=(1343,416) cursor=(1344,416)
[2026-06-07 14:14:01] [computeCursor] IN: screenSize=(1920,1080) → OUT: cursor=(1342,416) (0ms)
[CURSOR-ABS] handSide=unknown hand=(0.522,0.399) filter=(0.450,0.318) target=(1342,416) cursor=(1343,416)
[2026-06-07 14:14:01] [computeCursor] IN: screenSize=(1920,1080) → OUT: cursor=(1342,416) (0ms)
[CURSOR-ABS] handSide=unknown hand=(0.517,0.392) filter=(0.450,0.318) target=(1342,417) cursor=(1342,416)
[2026-06-07 14:14:01] [computeCursor] IN: screenSize=(1920,1080) → OUT: cursor=(1341,416) (0ms)
[CURSOR-ABS] handSide=unknown hand=(0.512,0.390) filter=(0.450,0.318) target=(1341,417) cursor=(1342,417)
[2026-06-07 14:14:01] [computeCursor] IN: screenSize=(1920,1080) → OUT: cursor=(1341,416) (0ms)
[CURSOR-ABS] handSide=unknown hand=(0.504,0.386) filter=(0.450,0.318) target=(1341,417) cursor=(1341,417)
[2026-06-07 14:14:01] [computeCursor] IN: screenSize=(1920,1080) → OUT: cursor=(1340,417) (0ms)
[CURSOR-ABS] handSide=unknown hand=(0.498,0.382) filter=(0.450,0.318) target=(1341,417) cursor=(1341,417)
[2026-06-07 14:14:01] [computeCursor] IN: screenSize=(1920,1080) → OUT: cursor=(1340,417) (0ms)
[CURSOR-ABS] handSide=unknown hand=(0.493,0.379) filter=(0.451,0.318) target=(1340,417) cursor=(1341,417)
[2026-06-07 14:14:01] [computeCursor] IN: screenSize=(1920,1080) → OUT: cursor=(1340,417) (0ms)
[CURSOR-ABS] handSide=unknown hand=(0.488,0.380) filter=(0.451,0.318) target=(1340,418) cursor=(1340,417)
[2026-06-07 14:14:01] [computeCursor] IN: screenSize=(1920,1080) → OUT: cursor=(1339,417) (0ms)
[CURSOR-ABS] handSide=unknown hand=(0.485,0.379) filter=(0.451,0.318) target=(1340,418) cursor=(1340,418)
[2026-06-07 14:14:01] [computeCursor] IN: screenSize=(1920,1080) → OUT: cursor=(1339,417) (0ms)
[CURSOR-ABS] handSide=unknown hand=(0.481,0.378) filter=(0.451,0.319) target=(1340,418) cursor=(1340,418)
[2026-06-07 14:14:01] [computeCursor] IN: screenSize=(1920,1080) → OUT: cursor=(1339,417) (0ms)
[CURSOR-ABS] handSide=unknown hand=(0.478,0.376) filter=(0.451,0.319) target=(1339,418) cursor=(1340,418)
[2026-06-07 14:14:01] [computeCursor] IN: screenSize=(1920,1080) → OUT: cursor=(1339,418) (0ms)
[CURSOR-ABS] handSide=unknown hand=(0.475,0.372) filter=(0.451,0.319) target=(1339,418) cursor=(1339,418)
[2026-06-07 14:14:01] [computeCursor] IN: screenSize=(1920,1080) → OUT: cursor=(1339,418) (0ms)
[CURSOR-ABS] handSide=unknown hand=(0.474,0.367) filter=(0.451,0.319) target=(1339,418) cursor=(1339,418)
[2026-06-07 14:14:01] [computeCursor] IN: screenSize=(1920,1080) → OUT: cursor=(1338,418) (0ms)
[CURSOR-ABS] handSide=unknown hand=(0.475,0.364) filter=(0.451,0.319) target=(1339,419) cursor=(1339,418)
[2026-06-07 14:14:01] [computeCursor] IN: screenSize=(1920,1080) → OUT: cursor=(1338,418) (0ms)
[CURSOR-ABS] handSide=unknown hand=(0.474,0.357) filter=(0.451,0.319) target=(1339,419) cursor=(1339,419)
[2026-06-07 14:14:01] [computeCursor] IN: screenSize=(1920,1080) → OUT: cursor=(1338,418) (0ms)
[CURSOR-ABS] handSide=unknown hand=(0.475,0.354) filter=(0.451,0.319) target=(1338,419) cursor=(1339,419)
[2026-06-07 14:14:01] [computeCursor] IN: screenSize=(1920,1080) → OUT: cursor=(1338,418) (0ms)
[CURSOR-ABS] handSide=unknown hand=(0.474,0.355) filter=(0.451,0.319) target=(1338,419) cursor=(1338,419)
[2026-06-07 14:14:01] [computeCursor] IN: screenSize=(1920,1080) → OUT: cursor=(1338,418) (0ms)
[CURSOR-ABS] handSide=unknown hand=(0.474,0.357) filter=(0.451,0.319) target=(1338,419) cursor=(1338,419)
[2026-06-07 14:14:01] [computeCursor] IN: screenSize=(1920,1080) → OUT: cursor=(1338,419) (0ms)
[CURSOR-ABS] handSide=unknown hand=(0.475,0.363) filter=(0.451,0.319) target=(1338,419) cursor=(1338,419)
[2026-06-07 14:14:01] [computeCursor] IN: screenSize=(1920,1080) → OUT: cursor=(1337,419) (0ms)
[CURSOR-ABS] handSide=unknown hand=(0.477,0.368) filter=(0.451,0.319) target=(1338,419) cursor=(1338,419)
[2026-06-07 14:14:01] [computeCursor] IN: screenSize=(1920,1080) → OUT: cursor=(1337,419) (0ms)
[CURSOR-ABS] handSide=unknown hand=(0.482,0.370) filter=(0.451,0.319) target=(1338,419) cursor=(1338,419)
[2026-06-07 14:14:01] [computeCursor] IN: screenSize=(1920,1080) → OUT: cursor=(1337,419) (0ms)
[CURSOR-ABS] handSide=unknown hand=(0.488,0.372) filter=(0.451,0.319) target=(1337,420) cursor=(1338,419)
[2026-06-07 14:14:01] [computeCursor] IN: screenSize=(1920,1080) → OUT: cursor=(1337,419) (0ms)
[CURSOR-ABS] handSide=unknown hand=(0.496,0.376) filter=(0.451,0.319) target=(1337,420) cursor=(1337,420)
[2026-06-07 14:14:01] [computeCursor] IN: screenSize=(1920,1080) → OUT: cursor=(1336,419) (0ms)
[CURSOR-ABS] handSide=unknown hand=(0.504,0.379) filter=(0.452,0.319) target=(1337,420) cursor=(1337,420)
[2026-06-07 14:14:01] [computeCursor] IN: screenSize=(1920,1080) → OUT: cursor=(1336,419) (0ms)
[CURSOR-ABS] handSide=unknown hand=(0.515,0.380) filter=(0.452,0.320) target=(1336,420) cursor=(1337,420)
[2026-06-07 14:14:01] [computeCursor] IN: screenSize=(1920,1080) → OUT: cursor=(1336,420) (0ms)
[CURSOR-ABS] handSide=unknown hand=(0.524,0.379) filter=(0.452,0.320) target=(1336,420) cursor=(1336,420)
[2026-06-07 14:14:01] [computeCursor] IN: screenSize=(1920,1080) → OUT: cursor=(1335,420) (0ms)
[CURSOR-ABS] handSide=unknown hand=(0.532,0.378) filter=(0.452,0.320) target=(1335,420) cursor=(1336,420)
[2026-06-07 14:14:01] [computeCursor] IN: screenSize=(1920,1080) → OUT: cursor=(1334,420) (0ms)
[CURSOR-ABS] handSide=unknown hand=(0.540,0.377) filter=(0.452,0.320) target=(1334,421) cursor=(1335,420)
[2026-06-07 14:14:01] [computeCursor] IN: screenSize=(1920,1080) → OUT: cursor=(1334,420) (0ms)
[CURSOR-ABS] handSide=unknown hand=(0.547,0.379) filter=(0.452,0.320) target=(1334,421) cursor=(1334,421)
[2026-06-07 14:14:01] [computeCursor] IN: screenSize=(1920,1080) → OUT: cursor=(1333,420) (0ms)
[CURSOR-ABS] handSide=unknown hand=(0.555,0.375) filter=(0.453,0.320) target=(1333,421) cursor=(1334,421)
[2026-06-07 14:14:01] [computeCursor] IN: screenSize=(1920,1080) → OUT: cursor=(1332,420) (0ms)
[CURSOR-ABS] handSide=unknown hand=(0.561,0.374) filter=(0.453,0.320) target=(1332,421) cursor=(1333,421)
[2026-06-07 14:14:01] [computeCursor] IN: screenSize=(1920,1080) → OUT: cursor=(1331,421) (0ms)
[CURSOR-ABS] handSide=unknown hand=(0.570,0.375) filter=(0.453,0.320) target=(1331,421) cursor=(1332,421)
[2026-06-07 14:14:01] [computeCursor] IN: screenSize=(1920,1080) → OUT: cursor=(1331,421) (0ms)
[CURSOR-ABS] handSide=unknown hand=(0.576,0.372) filter=(0.453,0.320) target=(1330,421) cursor=(1331,421)
[2026-06-07 14:14:01] [computeCursor] IN: screenSize=(1920,1080) → OUT: cursor=(1330,421) (0ms)
[CURSOR-ABS] handSide=unknown hand=(0.580,0.375) filter=(0.453,0.320) target=(1329,421) cursor=(1330,421)
[2026-06-07 14:14:01] [computeCursor] IN: screenSize=(1920,1080) → OUT: cursor=(1329,421) (0ms)
[CURSOR-ABS] handSide=unknown hand=(0.584,0.374) filter=(0.454,0.320) target=(1328,422) cursor=(1329,421)
[2026-06-07 14:14:01] [computeCursor] IN: screenSize=(1920,1080) → OUT: cursor=(1328,421) (0ms)
[CURSOR-ABS] handSide=unknown hand=(0.588,0.377) filter=(0.454,0.320) target=(1327,422) cursor=(1328,422)
[2026-06-07 14:14:01] [computeCursor] IN: screenSize=(1920,1080) → OUT: cursor=(1327,421) (0ms)
[CURSOR-ABS] handSide=unknown hand=(0.590,0.378) filter=(0.454,0.320) target=(1326,422) cursor=(1327,422)
[2026-06-07 14:14:01] [computeCursor] IN: screenSize=(1920,1080) → OUT: cursor=(1325,421) (0ms)
[CURSOR-ABS] handSide=unknown hand=(0.595,0.378) filter=(0.455,0.320) target=(1325,422) cursor=(1326,422)
[2026-06-07 14:14:01] [computeCursor] IN: screenSize=(1920,1080) → OUT: cursor=(1324,422) (0ms)
[CURSOR-ABS] handSide=unknown hand=(0.597,0.383) filter=(0.455,0.321) target=(1324,422) cursor=(1325,422)
[2026-06-07 14:14:01] [computeCursor] IN: screenSize=(1920,1080) → OUT: cursor=(1323,422) (0ms)
[CURSOR-ABS] handSide=unknown hand=(0.600,0.385) filter=(0.455,0.321) target=(1323,422) cursor=(1324,422)
[2026-06-07 14:14:01] [computeCursor] IN: screenSize=(1920,1080) → OUT: cursor=(1322,422) (0ms)
[CURSOR-ABS] handSide=unknown hand=(0.603,0.387) filter=(0.455,0.321) target=(1321,423) cursor=(1323,422)
[2026-06-07 14:14:01] [computeCursor] IN: screenSize=(1920,1080) → OUT: cursor=(1321,422) (0ms)
[CURSOR-ABS] handSide=unknown hand=(0.605,0.389) filter=(0.456,0.321) target=(1320,423) cursor=(1321,423)
[2026-06-07 14:14:01] [computeCursor] IN: screenSize=(1920,1080) → OUT: cursor=(1320,422) (0ms)
[CURSOR-ABS] handSide=unknown hand=(0.607,0.393) filter=(0.456,0.321) target=(1319,423) cursor=(1320,423)
[2026-06-07 14:14:01] [computeCursor] IN: screenSize=(1920,1080) → OUT: cursor=(1318,422) (0ms)
[CURSOR-ABS] handSide=unknown hand=(0.607,0.393) filter=(0.456,0.321) target=(1318,423) cursor=(1319,423)
[2026-06-07 14:14:01] [computeCursor] IN: screenSize=(1920,1080) → OUT: cursor=(1317,423) (0ms)
[CURSOR-ABS] handSide=unknown hand=(0.607,0.394) filter=(0.457,0.321) target=(1316,423) cursor=(1318,423)
[2026-06-07 14:14:01] [computeCursor] IN: screenSize=(1920,1080) → OUT: cursor=(1316,423) (0ms)
[CURSOR-ABS] handSide=unknown hand=(0.605,0.396) filter=(0.457,0.321) target=(1315,424) cursor=(1316,423)
[2026-06-07 14:14:01] [computeCursor] IN: screenSize=(1920,1080) → OUT: cursor=(1315,423) (0ms)
[CURSOR-ABS] handSide=unknown hand=(0.602,0.395) filter=(0.457,0.321) target=(1314,424) cursor=(1315,424)
[2026-06-07 14:14:01] [computeCursor] IN: screenSize=(1920,1080) → OUT: cursor=(1314,423) (0ms)
[CURSOR-ABS] handSide=unknown hand=(0.599,0.394) filter=(0.458,0.321) target=(1313,424) cursor=(1314,424)
[2026-06-07 14:14:01] [computeCursor] IN: screenSize=(1920,1080) → OUT: cursor=(1312,423) (0ms)
[CURSOR-ABS] handSide=unknown hand=(0.595,0.391) filter=(0.458,0.321) target=(1312,424) cursor=(1313,424)
[2026-06-07 14:14:01] [computeCursor] IN: screenSize=(1920,1080) → OUT: cursor=(1311,424) (0ms)
[CURSOR-ABS] handSide=unknown hand=(0.589,0.388) filter=(0.458,0.321) target=(1311,424) cursor=(1312,424)
[2026-06-07 14:14:01] [computeCursor] IN: screenSize=(1920,1080) → OUT: cursor=(1310,424) (0ms)
[CURSOR-ABS] handSide=unknown hand=(0.584,0.386) filter=(0.459,0.322) target=(1310,424) cursor=(1311,424)
[2026-06-07 14:14:01] [computeCursor] IN: screenSize=(1920,1080) → OUT: cursor=(1309,424) (0ms)
[CURSOR-ABS] handSide=unknown hand=(0.580,0.382) filter=(0.459,0.322) target=(1309,425) cursor=(1310,424)
[2026-06-07 14:14:01] [computeCursor] IN: screenSize=(1920,1080) → OUT: cursor=(1308,424) (0ms)
[CURSOR-ABS] handSide=unknown hand=(0.576,0.382) filter=(0.459,0.322) target=(1308,425) cursor=(1309,425)
[2026-06-07 14:14:01] [computeCursor] IN: screenSize=(1920,1080) → OUT: cursor=(1307,424) (0ms)
[CURSOR-ABS] handSide=unknown hand=(0.573,0.382) filter=(0.459,0.322) target=(1307,425) cursor=(1308,425)
[2026-06-07 14:14:01] [computeCursor] IN: screenSize=(1920,1080) → OUT: cursor=(1306,424) (0ms)
[CURSOR-ABS] handSide=unknown hand=(0.568,0.384) filter=(0.460,0.322) target=(1306,425) cursor=(1307,425)
[2026-06-07 14:14:01] [computeCursor] IN: screenSize=(1920,1080) → OUT: cursor=(1305,425) (0ms)
[CURSOR-ABS] handSide=unknown hand=(0.566,0.383) filter=(0.460,0.322) target=(1305,425) cursor=(1306,425)
[2026-06-07 14:14:01] [computeCursor] IN: screenSize=(1920,1080) → OUT: cursor=(1304,425) (0ms)
[CURSOR-ABS] handSide=unknown hand=(0.563,0.385) filter=(0.460,0.322) target=(1304,425) cursor=(1305,425)
[2026-06-07 14:14:01] [computeCursor] IN: screenSize=(1920,1080) → OUT: cursor=(1303,425) (0ms)
[CURSOR-ABS] handSide=unknown hand=(0.561,0.383) filter=(0.460,0.322) target=(1303,426) cursor=(1304,425)
[2026-06-07 14:14:01] [computeCursor] IN: screenSize=(1920,1080) → OUT: cursor=(1302,425) (0ms)
[CURSOR-ABS] handSide=unknown hand=(0.556,0.384) filter=(0.460,0.322) target=(1302,426) cursor=(1303,426)
[2026-06-07 14:14:01] [computeCursor] IN: screenSize=(1920,1080) → OUT: cursor=(1302,425) (0ms)
[CURSOR-ABS] handSide=unknown hand=(0.553,0.385) filter=(0.461,0.322) target=(1301,426) cursor=(1302,426)
[2026-06-07 14:14:01] [computeCursor] IN: screenSize=(1920,1080) → OUT: cursor=(1301,425) (0ms)
[CURSOR-ABS] handSide=unknown hand=(0.550,0.385) filter=(0.461,0.322) target=(1300,426) cursor=(1301,426)
[2026-06-07 14:14:01] [computeCursor] IN: screenSize=(1920,1080) → OUT: cursor=(1300,425) (0ms)
[CURSOR-ABS] handSide=unknown hand=(0.546,0.385) filter=(0.461,0.322) target=(1300,426) cursor=(1300,426)
[2026-06-07 14:14:01] [computeCursor] IN: screenSize=(1920,1080) → OUT: cursor=(1299,426) (0ms)
[CURSOR-ABS] handSide=unknown hand=(0.544,0.384) filter=(0.461,0.322) target=(1299,426) cursor=(1300,426)
[2026-06-07 14:14:01] [computeCursor] IN: screenSize=(1920,1080) → OUT: cursor=(1298,426) (0ms)
[CURSOR-ABS] handSide=unknown hand=(0.541,0.383) filter=(0.461,0.322) target=(1298,426) cursor=(1299,426)
[2026-06-07 14:14:01] [computeCursor] IN: screenSize=(1920,1080) → OUT: cursor=(1298,426) (0ms)
[CURSOR-ABS] handSide=unknown hand=(0.541,0.384) filter=(0.462,0.323) target=(1298,427) cursor=(1298,426)
[2026-06-07 14:14:01] [computeCursor] IN: screenSize=(1920,1080) → OUT: cursor=(1297,426) (0ms)
[CURSOR-ABS] handSide=unknown hand=(0.540,0.381) filter=(0.462,0.323) target=(1297,427) cursor=(1298,427)
[2026-06-07 14:14:01] [computeCursor] IN: screenSize=(1920,1080) → OUT: cursor=(1296,426) (0ms)
[CURSOR-ABS] handSide=unknown hand=(0.539,0.381) filter=(0.462,0.323) target=(1296,427) cursor=(1297,427)
[2026-06-07 14:14:01] [computeCursor] IN: screenSize=(1920,1080) → OUT: cursor=(1296,426) (0ms)
[CURSOR-ABS] handSide=unknown hand=(0.537,0.381) filter=(0.462,0.323) target=(1296,427) cursor=(1296,427)
[2026-06-07 14:14:01] [computeCursor] IN: screenSize=(1920,1080) → OUT: cursor=(1295,426) (0ms)
[CURSOR-ABS] handSide=unknown hand=(0.539,0.381) filter=(0.462,0.323) target=(1295,427) cursor=(1296,427)
[2026-06-07 14:14:01] [computeCursor] IN: screenSize=(1920,1080) → OUT: cursor=(1294,427) (0ms)
[CURSOR-ABS] handSide=unknown hand=(0.539,0.381) filter=(0.463,0.323) target=(1294,427) cursor=(1295,427)
[2026-06-07 14:14:01] [computeCursor] IN: screenSize=(1920,1080) → OUT: cursor=(1294,427) (0ms)
[CURSOR-ABS] handSide=unknown hand=(0.540,0.382) filter=(0.463,0.323) target=(1293,427) cursor=(1294,427)
[2026-06-07 14:14:01] [computeCursor] IN: screenSize=(1920,1080) → OUT: cursor=(1293,427) (0ms)
[CURSOR-ABS] handSide=unknown hand=(0.542,0.383) filter=(0.463,0.323) target=(1293,428) cursor=(1293,427)
[2026-06-07 14:14:01] [computeCursor] IN: screenSize=(1920,1080) → OUT: cursor=(1292,427) (0ms)
[CURSOR-ABS] handSide=unknown hand=(0.543,0.382) filter=(0.463,0.323) target=(1292,428) cursor=(1293,428)
[2026-06-07 14:14:01] [computeCursor] IN: screenSize=(1920,1080) → OUT: cursor=(1292,427) (0ms)
[CURSOR-ABS] handSide=unknown hand=(0.548,0.383) filter=(0.463,0.323) target=(1291,428) cursor=(1292,428)
[2026-06-07 14:14:01] [computeCursor] IN: screenSize=(1920,1080) → OUT: cursor=(1291,427) (0ms)
[CURSOR-ABS] handSide=unknown hand=(0.550,0.381) filter=(0.464,0.323) target=(1290,428) cursor=(1291,428)
[2026-06-07 14:14:01] [computeCursor] IN: screenSize=(1920,1080) → OUT: cursor=(1290,427) (0ms)
[CURSOR-ABS] handSide=unknown hand=(0.555,0.381) filter=(0.464,0.323) target=(1290,428) cursor=(1290,428)
[2026-06-07 14:14:01] [computeCursor] IN: screenSize=(1920,1080) → OUT: cursor=(1289,428) (0ms)
[CURSOR-ABS] handSide=unknown hand=(0.558,0.379) filter=(0.464,0.323) target=(1289,428) cursor=(1290,428)
[2026-06-07 14:14:01] [computeCursor] IN: screenSize=(1920,1080) → OUT: cursor=(1288,428) (0ms)
[CURSOR-ABS] handSide=unknown hand=(0.561,0.380) filter=(0.464,0.323) target=(1288,428) cursor=(1289,428)
[2026-06-07 14:14:01] [computeCursor] IN: screenSize=(1920,1080) → OUT: cursor=(1287,428) (0ms)
[CURSOR-ABS] handSide=unknown hand=(0.563,0.382) filter=(0.464,0.323) target=(1287,428) cursor=(1288,428)
[2026-06-07 14:14:01] [computeCursor] IN: screenSize=(1920,1080) → OUT: cursor=(1286,428) (0ms)
[CURSOR-ABS] handSide=unknown hand=(0.566,0.384) filter=(0.465,0.323) target=(1286,429) cursor=(1287,428)
[2026-06-07 14:14:01] [computeCursor] IN: screenSize=(1920,1080) → OUT: cursor=(1286,428) (0ms)
[CURSOR-ABS] handSide=unknown hand=(0.569,0.385) filter=(0.465,0.324) target=(1285,429) cursor=(1286,429)
[2026-06-07 14:14:01] [computeCursor] IN: screenSize=(1920,1080) → OUT: cursor=(1285,428) (0ms)
[CURSOR-ABS] handSide=unknown hand=(0.572,0.382) filter=(0.465,0.324) target=(1284,429) cursor=(1285,429)
[2026-06-07 14:14:01] [computeCursor] IN: screenSize=(1920,1080) → OUT: cursor=(1283,428) (0ms)
[CURSOR-ABS] handSide=unknown hand=(0.574,0.383) filter=(0.466,0.324) target=(1283,429) cursor=(1284,429)
[2026-06-07 14:14:01] [computeCursor] IN: screenSize=(1920,1080) → OUT: cursor=(1282,429) (0ms)
[CURSOR-ABS] handSide=unknown hand=(0.572,0.383) filter=(0.466,0.324) target=(1282,429) cursor=(1283,429)
[2026-06-07 14:14:01] [computeCursor] IN: screenSize=(1920,1080) → OUT: cursor=(1281,429) (0ms)
[CURSOR-ABS] handSide=unknown hand=(0.569,0.383) filter=(0.466,0.324) target=(1281,429) cursor=(1282,429)
[2026-06-07 14:14:01] [computeCursor] IN: screenSize=(1920,1080) → OUT: cursor=(1280,429) (0ms)
[CURSOR-ABS] handSide=unknown hand=(0.565,0.382) filter=(0.466,0.324) target=(1280,429) cursor=(1281,429)
[2026-06-07 14:14:01] [computeCursor] IN: screenSize=(1920,1080) → OUT: cursor=(1279,429) (0ms)
[CURSOR-ABS] handSide=unknown hand=(0.560,0.378) filter=(0.467,0.324) target=(1279,430) cursor=(1280,429)
[2026-06-07 14:14:01] [computeCursor] IN: screenSize=(1920,1080) → OUT: cursor=(1278,429) (0ms)
[CURSOR-ABS] handSide=unknown hand=(0.554,0.379) filter=(0.467,0.324) target=(1278,430) cursor=(1279,430)
[2026-06-07 14:14:01] [computeCursor] IN: screenSize=(1920,1080) → OUT: cursor=(1278,429) (0ms)
[CURSOR-ABS] handSide=unknown hand=(0.548,0.377) filter=(0.467,0.324) target=(1277,430) cursor=(1278,430)
[2026-06-07 14:14:01] [computeCursor] IN: screenSize=(1920,1080) → OUT: cursor=(1277,429) (0ms)
[CURSOR-ABS] handSide=unknown hand=(0.545,0.375) filter=(0.467,0.324) target=(1277,430) cursor=(1277,430)
[2026-06-07 14:14:01] [computeCursor] IN: screenSize=(1920,1080) → OUT: cursor=(1276,429) (0ms)
[CURSOR-ABS] handSide=unknown hand=(0.542,0.376) filter=(0.467,0.324) target=(1276,430) cursor=(1277,430)
[2026-06-07 14:14:01] [computeCursor] IN: screenSize=(1920,1080) → OUT: cursor=(1275,429) (0ms)
[CURSOR-ABS] handSide=unknown hand=(0.541,0.375) filter=(0.468,0.324) target=(1275,430) cursor=(1276,430)
[2026-06-07 14:14:01] [computeCursor] IN: screenSize=(1920,1080) → OUT: cursor=(1275,430) (0ms)
[CURSOR-ABS] handSide=unknown hand=(0.545,0.378) filter=(0.468,0.324) target=(1274,430) cursor=(1275,430)
[2026-06-07 14:14:01] [computeCursor] IN: screenSize=(1920,1080) → OUT: cursor=(1274,430) (0ms)
[CURSOR-ABS] handSide=unknown hand=(0.549,0.380) filter=(0.468,0.324) target=(1274,430) cursor=(1274,430)
[2026-06-07 14:14:01] [computeCursor] IN: screenSize=(1920,1080) → OUT: cursor=(1273,430) (0ms)
[CURSOR-ABS] handSide=unknown hand=(0.556,0.382) filter=(0.468,0.324) target=(1273,430) cursor=(1274,430)
[2026-06-07 14:14:01] [computeCursor] IN: screenSize=(1920,1080) → OUT: cursor=(1272,430) (0ms)
[CURSOR-ABS] handSide=unknown hand=(0.563,0.384) filter=(0.468,0.324) target=(1272,431) cursor=(1273,430)
[2026-06-07 14:14:01] [computeCursor] IN: screenSize=(1920,1080) → OUT: cursor=(1271,430) (1ms)
[CURSOR-ABS] handSide=unknown hand=(0.570,0.383) filter=(0.469,0.324) target=(1271,431) cursor=(1272,431)
[2026-06-07 14:14:01] [computeCursor] IN: screenSize=(1920,1080) → OUT: cursor=(1270,430) (0ms)
[CURSOR-ABS] handSide=unknown hand=(0.577,0.379) filter=(0.469,0.324) target=(1270,431) cursor=(1271,431)
[2026-06-07 14:14:01] [computeCursor] IN: screenSize=(1920,1080) → OUT: cursor=(1269,430) (0ms)
[CURSOR-ABS] handSide=unknown hand=(0.580,0.378) filter=(0.469,0.325) target=(1269,431) cursor=(1270,431)
[2026-06-07 14:14:01] [computeCursor] IN: screenSize=(1920,1080) → OUT: cursor=(1268,430) (0ms)
[CURSOR-ABS] handSide=unknown hand=(0.579,0.374) filter=(0.469,0.325) target=(1268,431) cursor=(1269,431)
[2026-06-07 14:14:01] [computeCursor] IN: screenSize=(1920,1080) → OUT: cursor=(1267,431) (0ms)
[CURSOR-ABS] handSide=unknown hand=(0.575,0.366) filter=(0.470,0.325) target=(1267,431) cursor=(1268,431)
[2026-06-07 14:14:01] [computeCursor] IN: screenSize=(1920,1080) → OUT: cursor=(1266,431) (0ms)
[CURSOR-ABS] handSide=unknown hand=(0.568,0.353) filter=(0.470,0.325) target=(1266,431) cursor=(1267,431)
[2026-06-07 14:14:01] [computeCursor] IN: screenSize=(1920,1080) → OUT: cursor=(1265,431) (0ms)
[CURSOR-ABS] handSide=unknown hand=(0.564,0.335) filter=(0.470,0.325) target=(1265,431) cursor=(1266,431)
[2026-06-07 14:14:01] [computeCursor] IN: screenSize=(1920,1080) → OUT: cursor=(1264,431) (0ms)
[CURSOR-ABS] handSide=unknown hand=(0.559,0.325) filter=(0.470,0.325) target=(1264,431) cursor=(1265,431)
[2026-06-07 14:14:01] [computeCursor] IN: screenSize=(1920,1080) → OUT: cursor=(1263,431) (0ms)
[CURSOR-ABS] handSide=unknown hand=(0.551,0.330) filter=(0.471,0.325) target=(1263,431) cursor=(1264,431)
[2026-06-07 14:14:01] [computeCursor] IN: screenSize=(1920,1080) → OUT: cursor=(1263,431) (0ms)
[CURSOR-ABS] handSide=unknown hand=(0.542,0.326) filter=(0.471,0.325) target=(1262,431) cursor=(1263,431)
[2026-06-07 14:14:01] [computeCursor] IN: screenSize=(1920,1080) → OUT: cursor=(1262,431) (0ms)
[CURSOR-ABS] handSide=unknown hand=(0.521,0.292) filter=(0.471,0.325) target=(1262,431) cursor=(1262,431)
[2026-06-07 14:14:01] [computeCursor] IN: screenSize=(1920,1080) → OUT: cursor=(1261,431) (0ms)
[CURSOR-ABS] handSide=unknown hand=(0.510,0.257) filter=(0.471,0.325) target=(1262,431) cursor=(1262,431)
[2026-06-07 14:14:01] [computeCursor] IN: screenSize=(1920,1080) → OUT: cursor=(1261,430) (0ms)
[CURSOR-ABS] handSide=unknown hand=(0.505,0.217) filter=(0.471,0.324) target=(1261,431) cursor=(1262,431)
[2026-06-07 14:14:01] [computeCursor] IN: screenSize=(1920,1080) → OUT: cursor=(1261,430) (1ms)
[CURSOR-ABS] handSide=unknown hand=(0.506,0.176) filter=(0.471,0.324) target=(1261,430) cursor=(1261,431)
[2026-06-07 14:14:01] [computeCursor] IN: screenSize=(1920,1080) → OUT: cursor=(1260,430) (0ms)
[CURSOR-ABS] handSide=unknown hand=(0.512,0.132) filter=(0.471,0.324) target=(1260,430) cursor=(1261,430)
[2026-06-07 14:14:01] [computeCursor] IN: screenSize=(1920,1080) → OUT: cursor=(1260,430) (0ms)
[CURSOR-ABS] handSide=unknown hand=(0.520,0.094) filter=(0.471,0.324) target=(1260,430) cursor=(1260,430)
[2026-06-07 14:14:01] [computeCursor] IN: screenSize=(1920,1080) → OUT: cursor=(1259,429) (0ms)
[CURSOR-ABS] handSide=unknown hand=(0.679,0.335) filter=(0.472,0.324) target=(1258,430) cursor=(1260,430)
[2026-06-07 14:14:01] [computeCursor] IN: screenSize=(1920,1080) → OUT: cursor=(1257,429) (0ms)
[CURSOR-ABS] handSide=unknown hand=(0.701,0.343) filter=(0.473,0.324) target=(1256,430) cursor=(1258,430)
[2026-06-07 14:14:01] [computeCursor] IN: screenSize=(1920,1080) → OUT: cursor=(1255,429) (0ms)
[CURSOR-ABS] handSide=unknown hand=(0.722,0.349) filter=(0.473,0.324) target=(1253,430) cursor=(1256,430)
[2026-06-07 14:14:01] [computeCursor] IN: screenSize=(1920,1080) → OUT: cursor=(1253,429) (0ms)
[CURSOR-ABS] handSide=unknown hand=(0.751,0.351) filter=(0.474,0.324) target=(1250,430) cursor=(1253,430)
[2026-06-07 14:14:01] [computeCursor] IN: screenSize=(1920,1080) → OUT: cursor=(1250,429) (0ms)
[CURSOR-ABS] handSide=unknown hand=(0.776,0.349) filter=(0.475,0.324) target=(1247,430) cursor=(1250,430)
[2026-06-07 14:14:01] [computeCursor] IN: screenSize=(1920,1080) → OUT: cursor=(1247,429) (0ms)
[CURSOR-ABS] handSide=unknown hand=(0.803,0.340) filter=(0.476,0.324) target=(1244,430) cursor=(1247,430)
[2026-06-07 14:14:01] [computeCursor] IN: screenSize=(1920,1080) → OUT: cursor=(1243,429) (0ms)
[CURSOR-ABS] handSide=unknown hand=(0.831,0.334) filter=(0.477,0.324) target=(1240,430) cursor=(1244,430)
[2026-06-07 14:14:01] [computeCursor] IN: screenSize=(1920,1080) → OUT: cursor=(1239,429) (0ms)
[CURSOR-ABS] handSide=unknown hand=(0.854,0.328) filter=(0.478,0.324) target=(1236,430) cursor=(1240,430)
[2026-06-07 14:14:01] [computeCursor] IN: screenSize=(1920,1080) → OUT: cursor=(1235,429) (0ms)
[CURSOR-ABS] handSide=unknown hand=(0.875,0.323) filter=(0.479,0.324) target=(1232,430) cursor=(1236,430)
[2026-06-07 14:14:01] [computeCursor] IN: screenSize=(1920,1080) → OUT: cursor=(1231,429) (0ms)
[CURSOR-ABS] handSide=unknown hand=(0.888,0.309) filter=(0.480,0.324) target=(1227,430) cursor=(1232,430)
[2026-06-07 14:14:01] [computeCursor] IN: screenSize=(1920,1080) → OUT: cursor=(1226,429) (0ms)
[CURSOR-ABS] handSide=unknown hand=(0.901,0.306) filter=(0.483,0.324) target=(1214,430) cursor=(1227,430)
[2026-06-07 14:14:01] [computeCursor] IN: screenSize=(1920,1080) → OUT: cursor=(1214,429) (0ms)
[CURSOR-ABS] handSide=unknown hand=(0.907,0.296) filter=(0.485,0.324) target=(1206,430) cursor=(1214,430)
[2026-06-07 14:14:01] [computeCursor] IN: screenSize=(1920,1080) → OUT: cursor=(1206,429) (0ms)
[CURSOR-ABS] handSide=unknown hand=(0.908,0.291) filter=(0.487,0.324) target=(1201,430) cursor=(1206,430)
[2026-06-07 14:14:01] [computeCursor] IN: screenSize=(1920,1080) → OUT: cursor=(1200,429) (0ms)
[CURSOR-ABS] handSide=unknown hand=(0.901,0.290) filter=(0.488,0.324) target=(1195,429) cursor=(1201,430)
[2026-06-07 14:14:01] [computeCursor] IN: screenSize=(1920,1080) → OUT: cursor=(1195,429) (0ms)
[CURSOR-ABS] handSide=unknown hand=(0.891,0.286) filter=(0.490,0.324) target=(1190,429) cursor=(1195,429)
[2026-06-07 14:14:01] [computeCursor] IN: screenSize=(1920,1080) → OUT: cursor=(1190,429) (0ms)
[CURSOR-ABS] handSide=unknown hand=(0.875,0.277) filter=(0.491,0.324) target=(1185,429) cursor=(1190,429)
[2026-06-07 14:14:01] [computeCursor] IN: screenSize=(1920,1080) → OUT: cursor=(1185,429) (0ms)
[CURSOR-ABS] handSide=unknown hand=(0.859,0.278) filter=(0.492,0.324) target=(1181,429) cursor=(1186,429)
[2026-06-07 14:14:01] [computeCursor] IN: screenSize=(1920,1080) → OUT: cursor=(1180,429) (1ms)
[CURSOR-ABS] handSide=unknown hand=(0.837,0.277) filter=(0.493,0.324) target=(1177,429) cursor=(1181,429)
[2026-06-07 14:14:01] [computeCursor] IN: screenSize=(1920,1080) → OUT: cursor=(1176,429) (0ms)
[CURSOR-ABS] handSide=unknown hand=(0.820,0.274) filter=(0.494,0.324) target=(1173,429) cursor=(1177,429)
[2026-06-07 14:14:01] [computeCursor] IN: screenSize=(1920,1080) → OUT: cursor=(1172,428) (0ms)
[CURSOR-ABS] handSide=unknown hand=(0.802,0.268) filter=(0.495,0.324) target=(1169,429) cursor=(1173,429)
[2026-06-07 14:14:01] [computeCursor] IN: screenSize=(1920,1080) → OUT: cursor=(1168,428) (0ms)
[CURSOR-ABS] handSide=unknown hand=(0.788,0.267) filter=(0.496,0.324) target=(1165,429) cursor=(1169,429)
[2026-06-07 14:14:01] [computeCursor] IN: screenSize=(1920,1080) → OUT: cursor=(1165,428) (0ms)
[CURSOR-ABS] handSide=unknown hand=(0.774,0.265) filter=(0.497,0.323) target=(1162,429) cursor=(1165,429)
[2026-06-07 14:14:01] [computeCursor] IN: screenSize=(1920,1080) → OUT: cursor=(1161,428) (0ms)
[CURSOR-ABS] handSide=unknown hand=(0.759,0.265) filter=(0.498,0.323) target=(1158,428) cursor=(1162,429)
[2026-06-07 14:14:01] [computeCursor] IN: screenSize=(1920,1080) → OUT: cursor=(1158,428) (0ms)
[CURSOR-ABS] handSide=unknown hand=(0.746,0.262) filter=(0.499,0.323) target=(1155,428) cursor=(1158,428)
[2026-06-07 14:14:01] [computeCursor] IN: screenSize=(1920,1080) → OUT: cursor=(1155,428) (0ms)
[CURSOR-ABS] handSide=unknown hand=(0.733,0.266) filter=(0.499,0.323) target=(1152,428) cursor=(1155,428)
[2026-06-07 14:14:01] [computeCursor] IN: screenSize=(1920,1080) → OUT: cursor=(1152,428) (0ms)
[CURSOR-ABS] handSide=unknown hand=(0.721,0.273) filter=(0.500,0.323) target=(1149,428) cursor=(1152,428)
[2026-06-07 14:14:01] [computeCursor] IN: screenSize=(1920,1080) → OUT: cursor=(1149,428) (0ms)
[CURSOR-ABS] handSide=unknown hand=(0.709,0.277) filter=(0.501,0.323) target=(1147,428) cursor=(1149,428)
[2026-06-07 14:14:01] [computeCursor] IN: screenSize=(1920,1080) → OUT: cursor=(1146,427) (0ms)
[CURSOR-ABS] handSide=unknown hand=(0.695,0.283) filter=(0.502,0.323) target=(1144,428) cursor=(1147,428)
[2026-06-07 14:14:01] [computeCursor] IN: screenSize=(1920,1080) → OUT: cursor=(1144,427) (0ms)
[CURSOR-ABS] handSide=unknown hand=(0.683,0.289) filter=(0.502,0.323) target=(1142,428) cursor=(1144,428)
[2026-06-07 14:14:01] [computeCursor] IN: screenSize=(1920,1080) → OUT: cursor=(1141,427) (0ms)
[CURSOR-ABS] handSide=unknown hand=(0.671,0.294) filter=(0.503,0.323) target=(1140,428) cursor=(1142,428)
[2026-06-07 14:14:01] [computeCursor] IN: screenSize=(1920,1080) → OUT: cursor=(1139,427) (0ms)
[CURSOR-ABS] handSide=unknown hand=(0.656,0.298) filter=(0.503,0.323) target=(1138,428) cursor=(1140,428)
[2026-06-07 14:14:01] [computeCursor] IN: screenSize=(1920,1080) → OUT: cursor=(1137,427) (0ms)
[CURSOR-ABS] handSide=unknown hand=(0.642,0.302) filter=(0.504,0.323) target=(1136,428) cursor=(1138,428)
[2026-06-07 14:14:01] [computeCursor] IN: screenSize=(1920,1080) → OUT: cursor=(1135,427) (0ms)
[CURSOR-ABS] handSide=unknown hand=(0.631,0.308) filter=(0.504,0.323) target=(1134,428) cursor=(1136,428)
[2026-06-07 14:14:01] [computeCursor] IN: screenSize=(1920,1080) → OUT: cursor=(1134,427) (0ms)
[CURSOR-ABS] handSide=unknown hand=(0.621,0.313) filter=(0.505,0.323) target=(1133,428) cursor=(1134,428)
[2026-06-07 14:14:01] [computeCursor] IN: screenSize=(1920,1080) → OUT: cursor=(1132,427) (0ms)
[CURSOR-ABS] handSide=unknown hand=(0.611,0.319) filter=(0.505,0.323) target=(1131,428) cursor=(1133,428)
[2026-06-07 14:14:01] [computeCursor] IN: screenSize=(1920,1080) → OUT: cursor=(1131,427) (0ms)
[CURSOR-ABS] handSide=unknown hand=(0.600,0.324) filter=(0.505,0.323) target=(1130,428) cursor=(1131,428)
[2026-06-07 14:14:01] [computeCursor] IN: screenSize=(1920,1080) → OUT: cursor=(1129,427) (0ms)
[CURSOR-ABS] handSide=unknown hand=(0.590,0.330) filter=(0.506,0.323) target=(1129,428) cursor=(1130,428)
[2026-06-07 14:14:01] [computeCursor] IN: screenSize=(1920,1080) → OUT: cursor=(1128,427) (0ms)
[CURSOR-ABS] handSide=unknown hand=(0.580,0.335) filter=(0.506,0.323) target=(1128,428) cursor=(1129,428)
[2026-06-07 14:14:01] [computeCursor] IN: screenSize=(1920,1080) → OUT: cursor=(1127,427) (0ms)
[CURSOR-ABS] handSide=unknown hand=(0.570,0.341) filter=(0.506,0.323) target=(1127,428) cursor=(1128,428)
[2026-06-07 14:14:01] [computeCursor] IN: screenSize=(1920,1080) → OUT: cursor=(1127,427) (0ms)
[CURSOR-ABS] handSide=unknown hand=(0.563,0.348) filter=(0.506,0.323) target=(1126,428) cursor=(1127,428)
[2026-06-07 14:14:01] [computeCursor] IN: screenSize=(1920,1080) → OUT: cursor=(1126,427) (0ms)
[CURSOR-ABS] handSide=unknown hand=(0.555,0.355) filter=(0.506,0.323) target=(1126,428) cursor=(1126,428)
[2026-06-07 14:14:01] [computeCursor] IN: screenSize=(1920,1080) → OUT: cursor=(1125,427) (0ms)
[CURSOR-ABS] handSide=unknown hand=(0.547,0.360) filter=(0.507,0.323) target=(1125,428) cursor=(1126,428)
[2026-06-07 14:14:01] [computeCursor] IN: screenSize=(1920,1080) → OUT: cursor=(1125,427) (0ms)
[CURSOR-ABS] handSide=unknown hand=(0.539,0.360) filter=(0.507,0.323) target=(1125,428) cursor=(1125,428)
[2026-06-07 14:14:01] [computeCursor] IN: screenSize=(1920,1080) → OUT: cursor=(1124,427) (0ms)
[CURSOR-ABS] handSide=unknown hand=(0.531,0.360) filter=(0.507,0.323) target=(1125,428) cursor=(1125,428)
[2026-06-07 14:14:01] [computeCursor] IN: screenSize=(1920,1080) → OUT: cursor=(1124,427) (0ms)
[CURSOR-ABS] handSide=unknown hand=(0.525,0.362) filter=(0.507,0.323) target=(1124,428) cursor=(1125,428)
[2026-06-07 14:14:01] [computeCursor] IN: screenSize=(1920,1080) → OUT: cursor=(1124,428) (0ms)
[CURSOR-ABS] handSide=unknown hand=(0.520,0.361) filter=(0.507,0.323) target=(1124,428) cursor=(1124,428)
[2026-06-07 14:14:01] [computeCursor] IN: screenSize=(1920,1080) → OUT: cursor=(1124,428) (0ms)
[CURSOR-ABS] handSide=unknown hand=(0.514,0.363) filter=(0.507,0.323) target=(1124,428) cursor=(1124,428)
[2026-06-07 14:14:01] [computeCursor] IN: screenSize=(1920,1080) → OUT: cursor=(1124,428) (0ms)
[CURSOR-ABS] handSide=unknown hand=(0.509,0.364) filter=(0.507,0.323) target=(1124,428) cursor=(1124,428)
[2026-06-07 14:14:01] [computeCursor] IN: screenSize=(1920,1080) → OUT: cursor=(1124,428) (0ms)
[CURSOR-ABS] handSide=unknown hand=(0.505,0.359) filter=(0.507,0.323) target=(1124,428) cursor=(1124,428)
[2026-06-07 14:14:01] [computeCursor] IN: screenSize=(1920,1080) → OUT: cursor=(1124,428) (0ms)
[CURSOR-ABS] handSide=unknown hand=(0.502,0.353) filter=(0.507,0.323) target=(1124,428) cursor=(1124,428)
[2026-06-07 14:14:01] [computeCursor] IN: screenSize=(1920,1080) → OUT: cursor=(1124,428) (0ms)
[CURSOR-ABS] handSide=unknown hand=(0.500,0.346) filter=(0.507,0.323) target=(1124,429) cursor=(1124,428)
[2026-06-07 14:14:01] [computeCursor] IN: screenSize=(1920,1080) → OUT: cursor=(1124,428) (0ms)
[CURSOR-ABS] handSide=unknown hand=(0.500,0.340) filter=(0.507,0.323) target=(1124,429) cursor=(1124,429)
[2026-06-07 14:14:01] [computeCursor] IN: screenSize=(1920,1080) → OUT: cursor=(1124,428) (1ms)
[CURSOR-ABS] handSide=unknown hand=(0.498,0.335) filter=(0.507,0.323) target=(1124,429) cursor=(1124,429)
[2026-06-07 14:14:01] [computeCursor] IN: screenSize=(1920,1080) → OUT: cursor=(1124,428) (0ms)
[CURSOR-ABS] handSide=unknown hand=(0.497,0.324) filter=(0.507,0.323) target=(1125,429) cursor=(1124,429)
[2026-06-07 14:14:01] [computeCursor] IN: screenSize=(1920,1080) → OUT: cursor=(1124,428) (0ms)
[CURSOR-ABS] handSide=unknown hand=(0.497,0.317) filter=(0.507,0.323) target=(1125,429) cursor=(1125,429)
[2026-06-07 14:14:01] [computeCursor] IN: screenSize=(1920,1080) → OUT: cursor=(1124,428) (0ms)
[CURSOR-ABS] handSide=unknown hand=(0.498,0.309) filter=(0.507,0.323) target=(1125,429) cursor=(1125,429)
[2026-06-07 14:14:01] [computeCursor] IN: screenSize=(1920,1080) → OUT: cursor=(1124,428) (0ms)
[CURSOR-ABS] handSide=unknown hand=(0.503,0.294) filter=(0.507,0.323) target=(1125,428) cursor=(1125,429)
[2026-06-07 14:14:01] [computeCursor] IN: screenSize=(1920,1080) → OUT: cursor=(1124,428) (0ms)
[CURSOR-ABS] handSide=unknown hand=(0.507,0.279) filter=(0.507,0.323) target=(1125,428) cursor=(1125,428)
[2026-06-07 14:14:01] [computeCursor] IN: screenSize=(1920,1080) → OUT: cursor=(1124,428) (0ms)
[CURSOR-ABS] handSide=unknown hand=(0.514,0.263) filter=(0.507,0.323) target=(1125,428) cursor=(1125,428)
[2026-06-07 14:14:01] [computeCursor] IN: screenSize=(1920,1080) → OUT: cursor=(1124,428) (0ms)
[CURSOR-ABS] handSide=unknown hand=(0.524,0.247) filter=(0.507,0.323) target=(1125,428) cursor=(1125,428)
[2026-06-07 14:14:01] [computeCursor] IN: screenSize=(1920,1080) → OUT: cursor=(1124,428) (0ms)
[CURSOR-ABS] handSide=unknown hand=(0.533,0.238) filter=(0.507,0.323) target=(1124,428) cursor=(1125,428)
[2026-06-07 14:14:01] [computeCursor] IN: screenSize=(1920,1080) → OUT: cursor=(1124,427) (0ms)
[CURSOR-ABS] handSide=unknown hand=(0.544,0.229) filter=(0.507,0.323) target=(1124,428) cursor=(1124,428)
[2026-06-07 14:14:01] [computeCursor] IN: screenSize=(1920,1080) → OUT: cursor=(1123,427) (0ms)
[CURSOR-ABS] handSide=unknown hand=(0.554,0.227) filter=(0.507,0.323) target=(1123,427) cursor=(1124,428)
[2026-06-07 14:14:01] [computeCursor] IN: screenSize=(1920,1080) → OUT: cursor=(1123,427) (0ms)
[CURSOR-ABS] handSide=unknown hand=(0.566,0.225) filter=(0.507,0.323) target=(1122,427) cursor=(1123,428)
[2026-06-07 14:14:01] [computeCursor] IN: screenSize=(1920,1080) → OUT: cursor=(1122,427) (0ms)
[CURSOR-ABS] handSide=unknown hand=(0.579,0.224) filter=(0.508,0.323) target=(1122,427) cursor=(1122,427)
[2026-06-07 14:14:01] [computeCursor] IN: screenSize=(1920,1080) → OUT: cursor=(1121,427) (1ms)
[CURSOR-ABS] handSide=unknown hand=(0.593,0.224) filter=(0.508,0.323) target=(1120,427) cursor=(1122,427)
[2026-06-07 14:14:01] [computeCursor] IN: screenSize=(1920,1080) → OUT: cursor=(1120,426) (0ms)
[CURSOR-ABS] handSide=unknown hand=(0.605,0.227) filter=(0.508,0.323) target=(1119,427) cursor=(1120,427)
[2026-06-07 14:14:01] [computeCursor] IN: screenSize=(1920,1080) → OUT: cursor=(1119,426) (0ms)
[CURSOR-ABS] handSide=unknown hand=(0.619,0.229) filter=(0.508,0.322) target=(1118,426) cursor=(1119,427)
[2026-06-07 14:14:01] [computeCursor] IN: screenSize=(1920,1080) → OUT: cursor=(1117,426) (0ms)
[CURSOR-ABS] handSide=unknown hand=(0.629,0.230) filter=(0.509,0.322) target=(1116,426) cursor=(1118,426)
[2026-06-07 14:14:01] [computeCursor] IN: screenSize=(1920,1080) → OUT: cursor=(1116,426) (0ms)
[CURSOR-ABS] handSide=unknown hand=(0.641,0.233) filter=(0.509,0.322) target=(1115,426) cursor=(1116,426)
[2026-06-07 14:14:01] [computeCursor] IN: screenSize=(1920,1080) → OUT: cursor=(1114,426) (0ms)
[CURSOR-ABS] handSide=unknown hand=(0.651,0.235) filter=(0.510,0.322) target=(1113,426) cursor=(1115,426)
[2026-06-07 14:14:01] [computeCursor] IN: screenSize=(1920,1080) → OUT: cursor=(1112,425) (0ms)
[CURSOR-ABS] handSide=unknown hand=(0.664,0.242) filter=(0.510,0.322) target=(1111,426) cursor=(1113,426)
[2026-06-07 14:14:01] [computeCursor] IN: screenSize=(1920,1080) → OUT: cursor=(1110,425) (0ms)
[CURSOR-ABS] handSide=unknown hand=(0.676,0.246) filter=(0.511,0.322) target=(1109,425) cursor=(1111,426)
[2026-06-07 14:14:01] [computeCursor] IN: screenSize=(1920,1080) → OUT: cursor=(1108,425) (0ms)
[CURSOR-ABS] handSide=unknown hand=(0.687,0.254) filter=(0.511,0.322) target=(1107,425) cursor=(1109,425)
[2026-06-07 14:14:01] [computeCursor] IN: screenSize=(1920,1080) → OUT: cursor=(1106,425) (0ms)
[CURSOR-ABS] handSide=unknown hand=(0.700,0.265) filter=(0.512,0.322) target=(1104,425) cursor=(1107,425)
[2026-06-07 14:14:01] [computeCursor] IN: screenSize=(1920,1080) → OUT: cursor=(1104,425) (0ms)
[CURSOR-ABS] handSide=unknown hand=(0.714,0.280) filter=(0.513,0.322) target=(1101,425) cursor=(1104,425)
[2026-06-07 14:14:01] [computeCursor] IN: screenSize=(1920,1080) → OUT: cursor=(1101,425) (0ms)
[CURSOR-ABS] handSide=unknown hand=(0.724,0.299) filter=(0.513,0.322) target=(1099,425) cursor=(1101,425)
[2026-06-07 14:14:01] [computeCursor] IN: screenSize=(1920,1080) → OUT: cursor=(1098,425) (0ms)
[CURSOR-ABS] handSide=unknown hand=(0.732,0.320) filter=(0.514,0.322) target=(1096,425) cursor=(1099,425)
[2026-06-07 14:14:01] [computeCursor] IN: screenSize=(1920,1080) → OUT: cursor=(1095,425) (0ms)
[CURSOR-ABS] handSide=unknown hand=(0.741,0.336) filter=(0.515,0.322) target=(1093,425) cursor=(1096,425)
[2026-06-07 14:14:01] [computeCursor] IN: screenSize=(1920,1080) → OUT: cursor=(1092,425) (0ms)
[CURSOR-ABS] handSide=unknown hand=(0.747,0.358) filter=(0.516,0.322) target=(1090,425) cursor=(1093,425)
[2026-06-07 14:14:01] [computeCursor] IN: screenSize=(1920,1080) → OUT: cursor=(1089,425) (0ms)
[CURSOR-ABS] handSide=unknown hand=(0.752,0.373) filter=(0.517,0.322) target=(1087,425) cursor=(1090,425)
[2026-06-07 14:14:01] [computeCursor] IN: screenSize=(1920,1080) → OUT: cursor=(1086,425) (0ms)
[CURSOR-ABS] handSide=unknown hand=(0.758,0.380) filter=(0.517,0.322) target=(1084,425) cursor=(1087,425)
[2026-06-07 14:14:01] [computeCursor] IN: screenSize=(1920,1080) → OUT: cursor=(1083,425) (0ms)
[CURSOR-ABS] handSide=unknown hand=(0.765,0.379) filter=(0.518,0.322) target=(1080,425) cursor=(1084,425)
[2026-06-07 14:14:01] [computeCursor] IN: screenSize=(1920,1080) → OUT: cursor=(1080,425) (0ms)
[CURSOR-ABS] handSide=unknown hand=(0.772,0.368) filter=(0.519,0.322) target=(1077,426) cursor=(1080,425)
[2026-06-07 14:14:01] [computeCursor] IN: screenSize=(1920,1080) → OUT: cursor=(1077,425) (0ms)
[CURSOR-ABS] handSide=unknown hand=(0.778,0.347) filter=(0.520,0.322) target=(1074,426) cursor=(1077,426)
[2026-06-07 14:14:01] [computeCursor] IN: screenSize=(1920,1080) → OUT: cursor=(1073,425) (0ms)
[CURSOR-ABS] handSide=unknown hand=(0.784,0.325) filter=(0.521,0.322) target=(1070,426) cursor=(1074,426)
[2026-06-07 14:14:01] [computeCursor] IN: screenSize=(1920,1080) → OUT: cursor=(1070,425) (0ms)
[CURSOR-ABS] handSide=unknown hand=(0.788,0.301) filter=(0.522,0.322) target=(1066,426) cursor=(1070,426)
[2026-06-07 14:14:01] [computeCursor] IN: screenSize=(1920,1080) → OUT: cursor=(1066,425) (0ms)
[CURSOR-ABS] handSide=unknown hand=(0.792,0.269) filter=(0.523,0.322) target=(1063,425) cursor=(1066,426)
[2026-06-07 14:14:01] [computeCursor] IN: screenSize=(1920,1080) → OUT: cursor=(1062,425) (0ms)
[CURSOR-ABS] handSide=unknown hand=(0.792,0.246) filter=(0.524,0.322) target=(1059,425) cursor=(1063,425)
[2026-06-07 14:14:01] [computeCursor] IN: screenSize=(1920,1080) → OUT: cursor=(1059,425) (0ms)
[CURSOR-ABS] handSide=unknown hand=(0.790,0.221) filter=(0.525,0.322) target=(1055,425) cursor=(1059,425)
[2026-06-07 14:14:01] [computeCursor] IN: screenSize=(1920,1080) → OUT: cursor=(1055,425) (0ms)
[CURSOR-ABS] handSide=unknown hand=(0.787,0.199) filter=(0.526,0.322) target=(1052,425) cursor=(1055,425)
[2026-06-07 14:14:01] [computeCursor] IN: screenSize=(1920,1080) → OUT: cursor=(1051,424) (0ms)
[CURSOR-ABS] handSide=unknown hand=(0.782,0.180) filter=(0.527,0.322) target=(1048,424) cursor=(1052,425)
[2026-06-07 14:14:01] [computeCursor] IN: screenSize=(1920,1080) → OUT: cursor=(1048,424) (0ms)
[CURSOR-ABS] handSide=unknown hand=(0.777,0.170) filter=(0.528,0.321) target=(1045,424) cursor=(1048,424)
[2026-06-07 14:14:01] [computeCursor] IN: screenSize=(1920,1080) → OUT: cursor=(1044,424) (0ms)
[CURSOR-ABS] handSide=unknown hand=(0.769,0.162) filter=(0.528,0.321) target=(1041,424) cursor=(1045,424)
[2026-06-07 14:14:01] [computeCursor] IN: screenSize=(1920,1080) → OUT: cursor=(1041,423) (0ms)
[CURSOR-ABS] handSide=unknown hand=(0.759,0.153) filter=(0.529,0.321) target=(1038,423) cursor=(1041,424)
[2026-06-07 14:14:01] [computeCursor] IN: screenSize=(1920,1080) → OUT: cursor=(1037,423) (0ms)
[CURSOR-ABS] handSide=unknown hand=(0.749,0.150) filter=(0.530,0.321) target=(1035,423) cursor=(1038,423)
[2026-06-07 14:14:01] [computeCursor] IN: screenSize=(1920,1080) → OUT: cursor=(1034,422) (0ms)
[CURSOR-ABS] handSide=unknown hand=(0.737,0.147) filter=(0.531,0.321) target=(1032,422) cursor=(1035,423)
[2026-06-07 14:14:01] [computeCursor] IN: screenSize=(1920,1080) → OUT: cursor=(1031,422) (0ms)
[CURSOR-ABS] handSide=unknown hand=(0.723,0.143) filter=(0.532,0.320) target=(1029,422) cursor=(1032,422)
[2026-06-07 14:14:01] [computeCursor] IN: screenSize=(1920,1080) → OUT: cursor=(1029,422) (0ms)
[CURSOR-ABS] handSide=unknown hand=(0.710,0.143) filter=(0.532,0.320) target=(1027,422) cursor=(1029,422)
[2026-06-07 14:14:01] [computeCursor] IN: screenSize=(1920,1080) → OUT: cursor=(1026,421) (0ms)
[CURSOR-ABS] handSide=unknown hand=(0.695,0.140) filter=(0.533,0.320) target=(1024,421) cursor=(1027,422)
[2026-06-07 14:14:01] [computeCursor] IN: screenSize=(1920,1080) → OUT: cursor=(1024,421) (0ms)
[CURSOR-ABS] handSide=unknown hand=(0.678,0.144) filter=(0.533,0.320) target=(1022,421) cursor=(1024,421)
[2026-06-07 14:14:01] [computeCursor] IN: screenSize=(1920,1080) → OUT: cursor=(1022,420) (0ms)
[CURSOR-ABS] handSide=unknown hand=(0.661,0.150) filter=(0.534,0.320) target=(1020,420) cursor=(1022,421)
[2026-06-07 14:14:01] [computeCursor] IN: screenSize=(1920,1080) → OUT: cursor=(1020,420) (0ms)
[CURSOR-ABS] handSide=unknown hand=(0.645,0.156) filter=(0.534,0.319) target=(1019,420) cursor=(1020,420)
[2026-06-07 14:14:01] [computeCursor] IN: screenSize=(1920,1080) → OUT: cursor=(1018,419) (0ms)
[CURSOR-ABS] handSide=unknown hand=(0.629,0.168) filter=(0.535,0.319) target=(1017,419) cursor=(1019,420)
[2026-06-07 14:14:01] [computeCursor] IN: screenSize=(1920,1080) → OUT: cursor=(1017,419) (0ms)
[CURSOR-ABS] handSide=unknown hand=(0.615,0.181) filter=(0.535,0.319) target=(1016,419) cursor=(1017,419)
[2026-06-07 14:14:01] [computeCursor] IN: screenSize=(1920,1080) → OUT: cursor=(1016,419) (0ms)
[CURSOR-ABS] handSide=unknown hand=(0.600,0.199) filter=(0.535,0.319) target=(1015,419) cursor=(1016,419)
[2026-06-07 14:14:01] [computeCursor] IN: screenSize=(1920,1080) → OUT: cursor=(1015,418) (0ms)
[CURSOR-ABS] handSide=unknown hand=(0.591,0.216) filter=(0.535,0.319) target=(1015,418) cursor=(1015,419)
[2026-06-07 14:14:01] [computeCursor] IN: screenSize=(1920,1080) → OUT: cursor=(1014,418) (0ms)
[CURSOR-ABS] handSide=unknown hand=(0.580,0.239) filter=(0.536,0.319) target=(1014,418) cursor=(1015,418)
[2026-06-07 14:14:01] [computeCursor] IN: screenSize=(1920,1080) → OUT: cursor=(1013,418) (0ms)
[CURSOR-ABS] handSide=unknown hand=(0.571,0.263) filter=(0.536,0.319) target=(1013,418) cursor=(1014,418)
[2026-06-07 14:14:01] [computeCursor] IN: screenSize=(1920,1080) → OUT: cursor=(1013,418) (0ms)
[CURSOR-ABS] handSide=unknown hand=(0.562,0.287) filter=(0.536,0.319) target=(1013,418) cursor=(1013,418)
[2026-06-07 14:14:01] [computeCursor] IN: screenSize=(1920,1080) → OUT: cursor=(1013,417) (0ms)
[CURSOR-ABS] handSide=unknown hand=(0.558,0.312) filter=(0.536,0.319) target=(1013,418) cursor=(1013,418)
[2026-06-07 14:14:01] [computeCursor] IN: screenSize=(1920,1080) → OUT: cursor=(1012,417) (0ms)
[CURSOR-ABS] handSide=unknown hand=(0.558,0.333) filter=(0.536,0.319) target=(1012,418) cursor=(1013,418)
[2026-06-07 14:14:01] [computeCursor] IN: screenSize=(1920,1080) → OUT: cursor=(1012,417) (0ms)
[CURSOR-ABS] handSide=unknown hand=(0.561,0.352) filter=(0.536,0.319) target=(1012,418) cursor=(1012,418)
[2026-06-07 14:14:01] [computeCursor] IN: screenSize=(1920,1080) → OUT: cursor=(1011,418) (0ms)
[CURSOR-ABS] handSide=unknown hand=(0.566,0.371) filter=(0.536,0.319) target=(1012,418) cursor=(1012,418)
[2026-06-07 14:14:01] [computeCursor] IN: screenSize=(1920,1080) → OUT: cursor=(1011,418) (0ms)
[CURSOR-ABS] handSide=unknown hand=(0.575,0.383) filter=(0.536,0.319) target=(1011,418) cursor=(1012,418)
[2026-06-07 14:14:01] [computeCursor] IN: screenSize=(1920,1080) → OUT: cursor=(1010,418) (0ms)
[CURSOR-ABS] handSide=unknown hand=(0.585,0.393) filter=(0.536,0.319) target=(1010,419) cursor=(1011,418)
[2026-06-07 14:14:01] [computeCursor] IN: screenSize=(1920,1080) → OUT: cursor=(1010,418) (0ms)
[CURSOR-ABS] handSide=unknown hand=(0.595,0.398) filter=(0.537,0.319) target=(1009,419) cursor=(1010,419)
[2026-06-07 14:14:01] [computeCursor] IN: screenSize=(1920,1080) → OUT: cursor=(1009,418) (0ms)
[CURSOR-ABS] handSide=unknown hand=(0.607,0.398) filter=(0.537,0.319) target=(1008,419) cursor=(1009,419)
[2026-06-07 14:14:01] [computeCursor] IN: screenSize=(1920,1080) → OUT: cursor=(1008,419) (0ms)
[CURSOR-ABS] handSide=unknown hand=(0.619,0.396) filter=(0.537,0.319) target=(1007,419) cursor=(1008,419)
[2026-06-07 14:14:01] [computeCursor] IN: screenSize=(1920,1080) → OUT: cursor=(1007,419) (0ms)
[CURSOR-ABS] handSide=unknown hand=(0.630,0.388) filter=(0.538,0.319) target=(1006,419) cursor=(1007,419)
[2026-06-07 14:14:01] [computeCursor] IN: screenSize=(1920,1080) → OUT: cursor=(1005,419) (0ms)
[CURSOR-ABS] handSide=unknown hand=(0.644,0.383) filter=(0.538,0.319) target=(1004,420) cursor=(1006,419)
[2026-06-07 14:14:01] [computeCursor] IN: screenSize=(1920,1080) → OUT: cursor=(1004,419) (0ms)
[CURSOR-ABS] handSide=unknown hand=(0.655,0.375) filter=(0.538,0.319) target=(1003,420) cursor=(1004,420)
[2026-06-07 14:14:01] [computeCursor] IN: screenSize=(1920,1080) → OUT: cursor=(1002,419) (0ms)
[CURSOR-ABS] handSide=unknown hand=(0.667,0.368) filter=(0.539,0.319) target=(1001,420) cursor=(1003,420)
[2026-06-07 14:14:01] [computeCursor] IN: screenSize=(1920,1080) → OUT: cursor=(1000,419) (0ms)
[CURSOR-ABS] handSide=unknown hand=(0.677,0.361) filter=(0.540,0.319) target=(999,420) cursor=(1001,420)
[2026-06-07 14:14:01] [computeCursor] IN: screenSize=(1920,1080) → OUT: cursor=(998,419) (0ms)
[CURSOR-ABS] handSide=unknown hand=(0.690,0.355) filter=(0.540,0.320) target=(996,420) cursor=(999,420)
[2026-06-07 14:14:01] [computeCursor] IN: screenSize=(1920,1080) → OUT: cursor=(996,420) (0ms)
[CURSOR-ABS] handSide=unknown hand=(0.702,0.346) filter=(0.541,0.320) target=(994,420) cursor=(996,420)
[2026-06-07 14:14:01] [computeCursor] IN: screenSize=(1920,1080) → OUT: cursor=(993,420) (0ms)
[CURSOR-ABS] handSide=unknown hand=(0.713,0.337) filter=(0.541,0.320) target=(991,420) cursor=(994,420)
[2026-06-07 14:14:01] [computeCursor] IN: screenSize=(1920,1080) → OUT: cursor=(991,420) (0ms)
[CURSOR-ABS] handSide=unknown hand=(0.723,0.327) filter=(0.542,0.320) target=(989,420) cursor=(991,420)
[2026-06-07 14:14:01] [computeCursor] IN: screenSize=(1920,1080) → OUT: cursor=(988,420) (0ms)
[CURSOR-ABS] handSide=unknown hand=(0.729,0.320) filter=(0.543,0.320) target=(986,420) cursor=(989,420)
[2026-06-07 14:14:01] [computeCursor] IN: screenSize=(1920,1080) → OUT: cursor=(985,420) (0ms)
[CURSOR-ABS] handSide=unknown hand=(0.736,0.305) filter=(0.544,0.320) target=(983,420) cursor=(986,420)
[2026-06-07 14:14:01] [computeCursor] IN: screenSize=(1920,1080) → OUT: cursor=(983,420) (0ms)
[CURSOR-ABS] handSide=unknown hand=(0.739,0.293) filter=(0.544,0.320) target=(980,420) cursor=(983,420)
[2026-06-07 14:14:01] [computeCursor] IN: screenSize=(1920,1080) → OUT: cursor=(980,420) (0ms)
[CURSOR-ABS] handSide=unknown hand=(0.740,0.278) filter=(0.545,0.319) target=(977,420) cursor=(980,420)
[2026-06-07 14:14:01] [computeCursor] IN: screenSize=(1920,1080) → OUT: cursor=(977,419) (0ms)
[CURSOR-ABS] handSide=unknown hand=(0.739,0.266) filter=(0.546,0.319) target=(974,420) cursor=(977,420)
[2026-06-07 14:14:01] [computeCursor] IN: screenSize=(1920,1080) → OUT: cursor=(974,419) (0ms)
[CURSOR-ABS] handSide=unknown hand=(0.734,0.252) filter=(0.547,0.319) target=(971,420) cursor=(974,420)
[2026-06-07 14:14:01] [computeCursor] IN: screenSize=(1920,1080) → OUT: cursor=(971,419) (0ms)
[CURSOR-ABS] handSide=unknown hand=(0.729,0.239) filter=(0.547,0.319) target=(968,419) cursor=(971,420)
[2026-06-07 14:14:01] [computeCursor] IN: screenSize=(1920,1080) → OUT: cursor=(968,419) (0ms)
[CURSOR-ABS] handSide=unknown hand=(0.722,0.230) filter=(0.548,0.319) target=(966,419) cursor=(968,419)
[2026-06-07 14:14:01] [computeCursor] IN: screenSize=(1920,1080) → OUT: cursor=(965,419) (0ms)
[CURSOR-ABS] handSide=unknown hand=(0.717,0.221) filter=(0.549,0.319) target=(963,419) cursor=(966,419)
[2026-06-07 14:14:01] [computeCursor] IN: screenSize=(1920,1080) → OUT: cursor=(963,418) (0ms)
[CURSOR-ABS] handSide=unknown hand=(0.709,0.211) filter=(0.549,0.319) target=(961,419) cursor=(963,419)
[2026-06-07 14:14:01] [computeCursor] IN: screenSize=(1920,1080) → OUT: cursor=(960,418) (0ms)
[CURSOR-ABS] handSide=unknown hand=(0.701,0.196) filter=(0.550,0.319) target=(958,418) cursor=(961,419)
[2026-06-07 14:14:01] [computeCursor] IN: screenSize=(1920,1080) → OUT: cursor=(958,418) (0ms)
[CURSOR-ABS] handSide=unknown hand=(0.692,0.189) filter=(0.551,0.319) target=(956,418) cursor=(958,418)
[2026-06-07 14:14:01] [computeCursor] IN: screenSize=(1920,1080) → OUT: cursor=(956,417) (0ms)
[CURSOR-ABS] handSide=unknown hand=(0.683,0.187) filter=(0.551,0.318) target=(954,418) cursor=(956,418)
[2026-06-07 14:14:01] [computeCursor] IN: screenSize=(1920,1080) → OUT: cursor=(954,417) (0ms)
[CURSOR-ABS] handSide=unknown hand=(0.672,0.187) filter=(0.552,0.318) target=(952,417) cursor=(954,418)
[2026-06-07 14:14:01] [computeCursor] IN: screenSize=(1920,1080) → OUT: cursor=(952,417) (0ms)
[CURSOR-ABS] handSide=unknown hand=(0.658,0.192) filter=(0.552,0.318) target=(951,417) cursor=(952,417)
[2026-06-07 14:14:01] [computeCursor] IN: screenSize=(1920,1080) → OUT: cursor=(950,416) (0ms)
[CURSOR-ABS] handSide=unknown hand=(0.647,0.205) filter=(0.552,0.318) target=(949,417) cursor=(951,417)
[2026-06-07 14:14:01] [computeCursor] IN: screenSize=(1920,1080) → OUT: cursor=(949,416) (1ms)
[CURSOR-ABS] handSide=unknown hand=(0.637,0.221) filter=(0.553,0.318) target=(948,416) cursor=(949,417)
[2026-06-07 14:14:01] [computeCursor] IN: screenSize=(1920,1080) → OUT: cursor=(947,416) (0ms)
[CURSOR-ABS] handSide=unknown hand=(0.629,0.239) filter=(0.553,0.318) target=(947,416) cursor=(948,416)
[2026-06-07 14:14:01] [computeCursor] IN: screenSize=(1920,1080) → OUT: cursor=(946,416) (1ms)
[CURSOR-ABS] handSide=unknown hand=(0.623,0.260) filter=(0.553,0.318) target=(945,416) cursor=(947,416)
[2026-06-07 14:14:01] [computeCursor] IN: screenSize=(1920,1080) → OUT: cursor=(945,415) (0ms)
[CURSOR-ABS] handSide=unknown hand=(0.617,0.283) filter=(0.554,0.318) target=(945,416) cursor=(946,416)
[2026-06-07 14:14:01] [computeCursor] IN: screenSize=(1920,1080) → OUT: cursor=(944,415) (0ms)
[CURSOR-ABS] handSide=unknown hand=(0.612,0.305) filter=(0.554,0.318) target=(944,416) cursor=(945,416)
[2026-06-07 14:14:01] [computeCursor] IN: screenSize=(1920,1080) → OUT: cursor=(943,415) (0ms)
[CURSOR-ABS] handSide=unknown hand=(0.610,0.326) filter=(0.554,0.318) target=(943,416) cursor=(944,416)
[2026-06-07 14:14:01] [computeCursor] IN: screenSize=(1920,1080) → OUT: cursor=(942,415) (0ms)
[CURSOR-ABS] handSide=unknown hand=(0.612,0.348) filter=(0.554,0.318) target=(942,416) cursor=(943,416)
[2026-06-07 14:14:01] [computeCursor] IN: screenSize=(1920,1080) → OUT: cursor=(941,415) (0ms)
[CURSOR-ABS] handSide=unknown hand=(0.615,0.365) filter=(0.555,0.318) target=(941,416) cursor=(942,416)
[2026-06-07 14:14:01] [computeCursor] IN: screenSize=(1920,1080) → OUT: cursor=(940,416) (0ms)
[CURSOR-ABS] handSide=unknown hand=(0.620,0.382) filter=(0.555,0.318) target=(940,416) cursor=(941,416)
[2026-06-07 14:14:01] [computeCursor] IN: screenSize=(1920,1080) → OUT: cursor=(939,416) (0ms)
[CURSOR-ABS] handSide=unknown hand=(0.628,0.393) filter=(0.555,0.318) target=(939,416) cursor=(940,416)
[2026-06-07 14:14:01] [computeCursor] IN: screenSize=(1920,1080) → OUT: cursor=(938,416) (0ms)
[CURSOR-ABS] handSide=unknown hand=(0.640,0.403) filter=(0.555,0.318) target=(937,417) cursor=(939,416)
[2026-06-07 14:14:01] [computeCursor] IN: screenSize=(1920,1080) → OUT: cursor=(937,416) (0ms)
[CURSOR-ABS] handSide=unknown hand=(0.653,0.412) filter=(0.556,0.318) target=(936,417) cursor=(937,417)
[2026-06-07 14:14:01] [computeCursor] IN: screenSize=(1920,1080) → OUT: cursor=(935,416) (0ms)
[CURSOR-ABS] handSide=unknown hand=(0.667,0.418) filter=(0.556,0.318) target=(934,417) cursor=(936,417)
[2026-06-07 14:14:01] [computeCursor] IN: screenSize=(1920,1080) → OUT: cursor=(934,417) (0ms)
[CURSOR-ABS] handSide=unknown hand=(0.680,0.421) filter=(0.557,0.318) target=(932,417) cursor=(934,417)
[2026-06-07 14:14:01] [computeCursor] IN: screenSize=(1920,1080) → OUT: cursor=(932,417) (0ms)
[CURSOR-ABS] handSide=unknown hand=(0.696,0.424) filter=(0.557,0.318) target=(930,418) cursor=(932,417)
[2026-06-07 14:14:01] [computeCursor] IN: screenSize=(1920,1080) → OUT: cursor=(930,417) (0ms)
[CURSOR-ABS] handSide=unknown hand=(0.712,0.422) filter=(0.558,0.319) target=(928,418) cursor=(930,418)
[2026-06-07 14:14:01] [computeCursor] IN: screenSize=(1920,1080) → OUT: cursor=(927,418) (0ms)
[CURSOR-ABS] handSide=unknown hand=(0.729,0.416) filter=(0.559,0.319) target=(925,418) cursor=(928,418)
[2026-06-07 14:14:01] [computeCursor] IN: screenSize=(1920,1080) → OUT: cursor=(924,418) (0ms)
[CURSOR-ABS] handSide=unknown hand=(0.743,0.402) filter=(0.560,0.319) target=(922,419) cursor=(925,418)
[2026-06-07 14:14:01] [computeCursor] IN: screenSize=(1920,1080) → OUT: cursor=(921,418) (0ms)
[CURSOR-ABS] handSide=unknown hand=(0.754,0.382) filter=(0.560,0.319) target=(919,419) cursor=(922,419)
[2026-06-07 14:14:01] [computeCursor] IN: screenSize=(1920,1080) → OUT: cursor=(918,418) (0ms)
[CURSOR-ABS] handSide=unknown hand=(0.760,0.357) filter=(0.561,0.319) target=(916,419) cursor=(919,419)
[2026-06-07 14:14:01] [computeCursor] IN: screenSize=(1920,1080) → OUT: cursor=(915,418) (0ms)
[CURSOR-ABS] handSide=unknown hand=(0.762,0.332) filter=(0.562,0.319) target=(912,419) cursor=(916,419)
[2026-06-07 14:14:01] [computeCursor] IN: screenSize=(1920,1080) → OUT: cursor=(912,418) (0ms)
[CURSOR-ABS] handSide=unknown hand=(0.762,0.310) filter=(0.563,0.319) target=(909,419) cursor=(912,419)
[2026-06-07 14:14:01] [computeCursor] IN: screenSize=(1920,1080) → OUT: cursor=(909,418) (0ms)
[CURSOR-ABS] handSide=unknown hand=(0.762,0.288) filter=(0.564,0.319) target=(906,419) cursor=(909,419)
[2026-06-07 14:14:01] [computeCursor] IN: screenSize=(1920,1080) → OUT: cursor=(905,418) (0ms)
[CURSOR-ABS] handSide=unknown hand=(0.761,0.272) filter=(0.565,0.319) target=(903,419) cursor=(906,419)
[2026-06-07 14:14:01] [computeCursor] IN: screenSize=(1920,1080) → OUT: cursor=(902,418) (0ms)
[CURSOR-ABS] handSide=unknown hand=(0.755,0.264) filter=(0.565,0.319) target=(900,418) cursor=(903,419)
[2026-06-07 14:14:01] [computeCursor] IN: screenSize=(1920,1080) → OUT: cursor=(899,418) (0ms)
[CURSOR-ABS] handSide=unknown hand=(0.748,0.260) filter=(0.566,0.319) target=(897,418) cursor=(900,418)
[2026-06-07 14:14:01] [computeCursor] IN: screenSize=(1920,1080) → OUT: cursor=(896,418) (0ms)
[CURSOR-ABS] handSide=unknown hand=(0.739,0.259) filter=(0.567,0.319) target=(894,418) cursor=(897,418)
[2026-06-07 14:14:01] [computeCursor] IN: screenSize=(1920,1080) → OUT: cursor=(893,418) (0ms)
[CURSOR-ABS] handSide=unknown hand=(0.732,0.231) filter=(0.568,0.319) target=(891,418) cursor=(894,418)
[2026-06-07 14:14:01] [computeCursor] IN: screenSize=(1920,1080) → OUT: cursor=(891,417) (0ms)
[CURSOR-ABS] handSide=unknown hand=(0.721,0.214) filter=(0.568,0.318) target=(888,418) cursor=(891,418)
[2026-06-07 14:14:01] [computeCursor] IN: screenSize=(1920,1080) → OUT: cursor=(888,417) (0ms)
[CURSOR-ABS] handSide=unknown hand=(0.718,0.171) filter=(0.569,0.318) target=(886,417) cursor=(888,418)
[2026-06-07 14:14:01] [computeCursor] IN: screenSize=(1920,1080) → OUT: cursor=(886,417) (0ms)
[CURSOR-ABS] handSide=unknown hand=(0.480,0.206) filter=(0.568,0.318) target=(887,417) cursor=(886,417)
[2026-06-07 14:14:01] [computeCursor] IN: screenSize=(1920,1080) → OUT: cursor=(887,416) (0ms)
[CURSOR-ABS] handSide=unknown hand=(0.479,0.210) filter=(0.568,0.318) target=(889,417) cursor=(887,417)
[2026-06-07 14:14:01] [computeCursor] IN: screenSize=(1920,1080) → OUT: cursor=(888,416) (0ms)
[CURSOR-ABS] handSide=unknown hand=(0.477,0.215) filter=(0.568,0.318) target=(890,416) cursor=(889,417)
[2026-06-07 14:14:01] [computeCursor] IN: screenSize=(1920,1080) → OUT: cursor=(890,416) (0ms)
[CURSOR-ABS] handSide=unknown hand=(0.473,0.232) filter=(0.567,0.318) target=(892,416) cursor=(890,416)
[2026-06-07 14:14:01] [computeCursor] IN: screenSize=(1920,1080) → OUT: cursor=(891,416) (0ms)
[CURSOR-ABS] handSide=unknown hand=(0.469,0.247) filter=(0.567,0.318) target=(894,416) cursor=(892,416)
[2026-06-07 14:14:01] [computeCursor] IN: screenSize=(1920,1080) → OUT: cursor=(893,415) (0ms)
[CURSOR-ABS] handSide=unknown hand=(0.463,0.266) filter=(0.566,0.318) target=(895,416) cursor=(894,416)
[2026-06-07 14:14:01] [computeCursor] IN: screenSize=(1920,1080) → OUT: cursor=(895,415) (0ms)
[CURSOR-ABS] handSide=unknown hand=(0.457,0.282) filter=(0.566,0.317) target=(897,416) cursor=(895,416)
[2026-06-07 14:14:01] [computeCursor] IN: screenSize=(1920,1080) → OUT: cursor=(897,415) (0ms)
[CURSOR-ABS] handSide=unknown hand=(0.451,0.300) filter=(0.565,0.317) target=(899,416) cursor=(897,416)
[2026-06-07 14:14:01] [computeCursor] IN: screenSize=(1920,1080) → OUT: cursor=(898,415) (0ms)
[CURSOR-ABS] handSide=unknown hand=(0.447,0.318) filter=(0.565,0.317) target=(901,416) cursor=(899,416)
[2026-06-07 14:14:01] [computeCursor] IN: screenSize=(1920,1080) → OUT: cursor=(900,415) (0ms)
[CURSOR-ABS] handSide=unknown hand=(0.444,0.338) filter=(0.564,0.317) target=(903,416) cursor=(901,416)
[2026-06-07 14:14:01] [computeCursor] IN: screenSize=(1920,1080) → OUT: cursor=(902,415) (0ms)
[CURSOR-ABS] handSide=unknown hand=(0.443,0.356) filter=(0.564,0.318) target=(905,416) cursor=(903,416)
[2026-06-07 14:14:01] [computeCursor] IN: screenSize=(1920,1080) → OUT: cursor=(904,415) (0ms)
[CURSOR-ABS] handSide=unknown hand=(0.446,0.368) filter=(0.563,0.318) target=(907,416) cursor=(905,416)
[2026-06-07 14:14:01] [computeCursor] IN: screenSize=(1920,1080) → OUT: cursor=(906,415) (0ms)
[CURSOR-ABS] handSide=unknown hand=(0.454,0.383) filter=(0.563,0.318) target=(908,416) cursor=(907,416)
[2026-06-07 14:14:01] [computeCursor] IN: screenSize=(1920,1080) → OUT: cursor=(908,416) (0ms)
[CURSOR-ABS] handSide=unknown hand=(0.461,0.395) filter=(0.563,0.318) target=(910,416) cursor=(908,416)
[2026-06-07 14:14:01] [computeCursor] IN: screenSize=(1920,1080) → OUT: cursor=(910,416) (0ms)
[CURSOR-ABS] handSide=unknown hand=(0.470,0.409) filter=(0.562,0.318) target=(911,417) cursor=(910,416)
[2026-06-07 14:14:01] [computeCursor] IN: screenSize=(1920,1080) → OUT: cursor=(911,416) (0ms)
[CURSOR-ABS] handSide=unknown hand=(0.481,0.423) filter=(0.562,0.318) target=(913,417) cursor=(911,417)
[2026-06-07 14:14:01] [computeCursor] IN: screenSize=(1920,1080) → OUT: cursor=(912,416) (0ms)
[CURSOR-ABS] handSide=unknown hand=(0.493,0.431) filter=(0.562,0.318) target=(914,417) cursor=(913,417)
[2026-06-07 14:14:01] [computeCursor] IN: screenSize=(1920,1080) → OUT: cursor=(913,417) (0ms)
[CURSOR-ABS] handSide=unknown hand=(0.505,0.436) filter=(0.561,0.318) target=(915,417) cursor=(914,417)
[2026-06-07 14:14:01] [computeCursor] IN: screenSize=(1920,1080) → OUT: cursor=(914,417) (0ms)
[CURSOR-ABS] handSide=unknown hand=(0.519,0.436) filter=(0.561,0.318) target=(915,418) cursor=(915,417)
[2026-06-07 14:14:01] [computeCursor] IN: screenSize=(1920,1080) → OUT: cursor=(915,417) (0ms)
[CURSOR-ABS] handSide=unknown hand=(0.531,0.426) filter=(0.561,0.319) target=(916,418) cursor=(915,418)
[2026-06-07 14:14:01] [computeCursor] IN: screenSize=(1920,1080) → OUT: cursor=(915,418) (0ms)
[CURSOR-ABS] handSide=unknown hand=(0.539,0.415) filter=(0.561,0.319) target=(916,418) cursor=(916,418)
[2026-06-07 14:14:01] [computeCursor] IN: screenSize=(1920,1080) → OUT: cursor=(916,418) (0ms)
[CURSOR-ABS] handSide=unknown hand=(0.542,0.392) filter=(0.561,0.319) target=(917,419) cursor=(916,418)
[2026-06-07 14:14:01] [computeCursor] IN: screenSize=(1920,1080) → OUT: cursor=(916,418) (0ms)
[CURSOR-ABS] handSide=unknown hand=(0.538,0.365) filter=(0.561,0.319) target=(917,419) cursor=(917,419)
[2026-06-07 14:14:01] [computeCursor] IN: screenSize=(1920,1080) → OUT: cursor=(916,418) (0ms)
[CURSOR-ABS] handSide=unknown hand=(0.529,0.336) filter=(0.561,0.319) target=(917,419) cursor=(917,419)
[2026-06-07 14:14:01] [computeCursor] IN: screenSize=(1920,1080) → OUT: cursor=(917,418) (0ms)
[CURSOR-ABS] handSide=unknown hand=(0.512,0.299) filter=(0.560,0.319) target=(918,419) cursor=(917,419)
[2026-06-07 14:14:01] [computeCursor] IN: screenSize=(1920,1080) → OUT: cursor=(918,418) (0ms)
[CURSOR-ABS] handSide=unknown hand=(0.493,0.271) filter=(0.560,0.319) target=(919,419) cursor=(918,419)
[2026-06-07 14:14:01] [computeCursor] IN: screenSize=(1920,1080) → OUT: cursor=(919,418) (0ms)
[CURSOR-ABS] handSide=unknown hand=(0.460,0.241) filter=(0.560,0.319) target=(921,418) cursor=(919,419)
[2026-06-07 14:14:01] [computeCursor] IN: screenSize=(1920,1080) → OUT: cursor=(920,418) (0ms)
[CURSOR-ABS] handSide=unknown hand=(0.434,0.212) filter=(0.559,0.319) target=(923,418) cursor=(921,418)
[2026-06-07 14:14:01] [computeCursor] IN: screenSize=(1920,1080) → OUT: cursor=(922,418) (0ms)
[CURSOR-ABS] handSide=unknown hand=(0.410,0.193) filter=(0.559,0.318) target=(925,418) cursor=(923,418)
[2026-06-07 14:14:01] [computeCursor] IN: screenSize=(1920,1080) → OUT: cursor=(925,417) (0ms)
[CURSOR-ABS] handSide=unknown hand=(0.384,0.175) filter=(0.558,0.318) target=(928,417) cursor=(925,418)
[2026-06-07 14:14:01] [computeCursor] IN: screenSize=(1920,1080) → OUT: cursor=(927,417) (0ms)
[CURSOR-ABS] handSide=unknown hand=(0.363,0.168) filter=(0.557,0.318) target=(931,417) cursor=(928,417)
[2026-06-07 14:14:01] [computeCursor] IN: screenSize=(1920,1080) → OUT: cursor=(930,416) (0ms)
[CURSOR-ABS] handSide=unknown hand=(0.340,0.167) filter=(0.556,0.318) target=(934,416) cursor=(931,417)
[2026-06-07 14:14:01] [computeCursor] IN: screenSize=(1920,1080) → OUT: cursor=(934,416) (0ms)
[CURSOR-ABS] handSide=unknown hand=(0.322,0.163) filter=(0.555,0.318) target=(938,416) cursor=(934,416)
[2026-06-07 14:14:01] [computeCursor] IN: screenSize=(1920,1080) → OUT: cursor=(937,416) (0ms)
[CURSOR-ABS] handSide=unknown hand=(0.303,0.169) filter=(0.554,0.317) target=(942,416) cursor=(938,416)
[2026-06-07 14:14:01] [computeCursor] IN: screenSize=(1920,1080) → OUT: cursor=(941,415) (0ms)
[CURSOR-ABS] handSide=unknown hand=(0.288,0.168) filter=(0.553,0.317) target=(946,415) cursor=(942,416)
[2026-06-07 14:14:01] [computeCursor] IN: screenSize=(1920,1080) → OUT: cursor=(945,415) (0ms)
[CURSOR-ABS] handSide=unknown hand=(0.273,0.168) filter=(0.552,0.317) target=(950,415) cursor=(946,415)
[2026-06-07 14:14:01] [computeCursor] IN: screenSize=(1920,1080) → OUT: cursor=(950,414) (0ms)
[CURSOR-ABS] handSide=unknown hand=(0.260,0.167) filter=(0.551,0.317) target=(954,414) cursor=(950,415)
[2026-06-07 14:14:01] [computeCursor] IN: screenSize=(1920,1080) → OUT: cursor=(954,414) (0ms)
[CURSOR-ABS] handSide=unknown hand=(0.249,0.172) filter=(0.550,0.317) target=(959,414) cursor=(954,414)
[2026-06-07 14:14:01] [computeCursor] IN: screenSize=(1920,1080) → OUT: cursor=(958,413) (0ms)
[CURSOR-ABS] handSide=unknown hand=(0.244,0.182) filter=(0.549,0.316) target=(964,414) cursor=(959,414)
[2026-06-07 14:14:01] [computeCursor] IN: screenSize=(1920,1080) → OUT: cursor=(963,413) (0ms)
[CURSOR-ABS] handSide=unknown hand=(0.242,0.196) filter=(0.547,0.316) target=(968,413) cursor=(964,414)
[2026-06-07 14:14:01] [computeCursor] IN: screenSize=(1920,1080) → OUT: cursor=(968,413) (0ms)
[CURSOR-ABS] handSide=unknown hand=(0.247,0.214) filter=(0.546,0.316) target=(973,413) cursor=(968,413)
[2026-06-07 14:14:01] [computeCursor] IN: screenSize=(1920,1080) → OUT: cursor=(972,412) (0ms)
[CURSOR-ABS] handSide=unknown hand=(0.259,0.236) filter=(0.545,0.316) target=(977,413) cursor=(972,413)
[2026-06-07 14:14:01] [computeCursor] IN: screenSize=(1920,1080) → OUT: cursor=(976,412) (0ms)
[CURSOR-ABS] handSide=unknown hand=(0.278,0.256) filter=(0.544,0.316) target=(981,412) cursor=(977,413)
[2026-06-07 14:14:01] [computeCursor] IN: screenSize=(1920,1080) → OUT: cursor=(980,412) (0ms)
[CURSOR-ABS] handSide=unknown hand=(0.295,0.281) filter=(0.543,0.316) target=(984,412) cursor=(981,412)
[2026-06-07 14:14:01] [computeCursor] IN: screenSize=(1920,1080) → OUT: cursor=(984,412) (0ms)
[CURSOR-ABS] handSide=unknown hand=(0.321,0.304) filter=(0.542,0.316) target=(987,412) cursor=(984,412)
[2026-06-07 14:14:01] [computeCursor] IN: screenSize=(1920,1080) → OUT: cursor=(987,412) (0ms)
[CURSOR-ABS] handSide=unknown hand=(0.347,0.317) filter=(0.542,0.316) target=(990,412) cursor=(987,412)
[2026-06-07 14:14:01] [computeCursor] IN: screenSize=(1920,1080) → OUT: cursor=(990,412) (0ms)
[CURSOR-ABS] handSide=unknown hand=(0.378,0.335) filter=(0.541,0.316) target=(993,412) cursor=(990,412)
[2026-06-07 14:14:01] [computeCursor] IN: screenSize=(1920,1080) → OUT: cursor=(992,412) (0ms)
[CURSOR-ABS] handSide=unknown hand=(0.410,0.338) filter=(0.541,0.316) target=(994,412) cursor=(993,412)
[2026-06-07 14:14:01] [computeCursor] IN: screenSize=(1920,1080) → OUT: cursor=(994,412) (0ms)
[CURSOR-ABS] handSide=unknown hand=(0.437,0.338) filter=(0.540,0.316) target=(996,413) cursor=(994,412)
[2026-06-07 14:14:01] [computeCursor] IN: screenSize=(1920,1080) → OUT: cursor=(995,412) (0ms)
[CURSOR-ABS] handSide=unknown hand=(0.458,0.337) filter=(0.540,0.316) target=(997,413) cursor=(996,413)
[2026-06-07 14:14:01] [computeCursor] IN: screenSize=(1920,1080) → OUT: cursor=(997,412) (0ms)
[CURSOR-ABS] handSide=unknown hand=(0.478,0.329) filter=(0.540,0.316) target=(998,413) cursor=(997,413)
[2026-06-07 14:14:01] [computeCursor] IN: screenSize=(1920,1080) → OUT: cursor=(997,412) (0ms)
[CURSOR-ABS] handSide=unknown hand=(0.494,0.314) filter=(0.540,0.316) target=(999,413) cursor=(998,413)
[2026-06-07 14:14:01] [computeCursor] IN: screenSize=(1920,1080) → OUT: cursor=(998,412) (0ms)
[CURSOR-ABS] handSide=unknown hand=(0.507,0.300) filter=(0.539,0.316) target=(999,413) cursor=(999,413)
[2026-06-07 14:14:01] [computeCursor] IN: screenSize=(1920,1080) → OUT: cursor=(999,412) (0ms)
[CURSOR-ABS] handSide=unknown hand=(0.522,0.281) filter=(0.539,0.316) target=(999,412) cursor=(999,413)
[2026-06-07 14:14:01] [computeCursor] IN: screenSize=(1920,1080) → OUT: cursor=(999,412) (0ms)
[CURSOR-ABS] handSide=unknown hand=(0.535,0.263) filter=(0.539,0.316) target=(999,412) cursor=(999,412)
[2026-06-07 14:14:01] [computeCursor] IN: screenSize=(1920,1080) → OUT: cursor=(999,412) (0ms)
[CURSOR-ABS] handSide=unknown hand=(0.545,0.248) filter=(0.539,0.316) target=(999,412) cursor=(999,412)
[2026-06-07 14:14:01] [computeCursor] IN: screenSize=(1920,1080) → OUT: cursor=(999,412) (0ms)
[CURSOR-ABS] handSide=unknown hand=(0.558,0.232) filter=(0.539,0.316) target=(999,412) cursor=(999,412)
[2026-06-07 14:14:01] [computeCursor] IN: screenSize=(1920,1080) → OUT: cursor=(999,411) (0ms)
[CURSOR-ABS] handSide=unknown hand=(0.565,0.219) filter=(0.540,0.316) target=(999,412) cursor=(999,412)
[2026-06-07 14:14:01] [computeCursor] IN: screenSize=(1920,1080) → OUT: cursor=(998,411) (0ms)
[CURSOR-ABS] handSide=unknown hand=(0.566,0.193) filter=(0.540,0.315) target=(998,411) cursor=(999,412)
[2026-06-07 14:14:01] [computeCursor] IN: screenSize=(1920,1080) → OUT: cursor=(998,411) (0ms)
[CURSOR-ABS] handSide=unknown hand=(0.563,0.162) filter=(0.540,0.315) target=(998,411) cursor=(998,411)
[2026-06-07 14:14:01] [computeCursor] IN: screenSize=(1920,1080) → OUT: cursor=(997,410) (0ms)
[CURSOR-ABS] handSide=unknown hand=(0.563,0.135) filter=(0.540,0.315) target=(998,410) cursor=(998,411)
[2026-06-07 14:14:01] [computeCursor] IN: screenSize=(1920,1080) → OUT: cursor=(997,410) (0ms)
[CURSOR-ABS] handSide=unknown hand=(0.437,0.320) filter=(0.539,0.315) target=(999,410) cursor=(998,410)
[2026-06-07 14:14:01] [computeCursor] IN: screenSize=(1920,1080) → OUT: cursor=(999,410) (0ms)
[CURSOR-ABS] handSide=unknown hand=(0.450,0.320) filter=(0.539,0.315) target=(1000,410) cursor=(999,410)
[2026-06-07 14:14:01] [computeCursor] IN: screenSize=(1920,1080) → OUT: cursor=(1000,410) (0ms)
[CURSOR-ABS] handSide=unknown hand=(0.463,0.324) filter=(0.539,0.315) target=(1001,410) cursor=(1000,410)
[2026-06-07 14:14:01] [computeCursor] IN: screenSize=(1920,1080) → OUT: cursor=(1001,410) (0ms)
[CURSOR-ABS] handSide=unknown hand=(0.476,0.318) filter=(0.539,0.315) target=(1002,410) cursor=(1001,410)
[2026-06-07 14:14:01] [computeCursor] IN: screenSize=(1920,1080) → OUT: cursor=(1002,410) (0ms)
[CURSOR-ABS] handSide=unknown hand=(0.490,0.316) filter=(0.538,0.315) target=(1003,410) cursor=(1002,410)
[2026-06-07 14:14:01] [computeCursor] IN: screenSize=(1920,1080) → OUT: cursor=(1002,410) (0ms)
[CURSOR-ABS] handSide=unknown hand=(0.504,0.315) filter=(0.538,0.315) target=(1003,410) cursor=(1003,410)
[2026-06-07 14:14:01] [computeCursor] IN: screenSize=(1920,1080) → OUT: cursor=(1003,410) (0ms)
[CURSOR-ABS] handSide=unknown hand=(0.517,0.312) filter=(0.538,0.315) target=(1004,410) cursor=(1003,410)
[2026-06-07 14:14:01] [computeCursor] IN: screenSize=(1920,1080) → OUT: cursor=(1003,410) (0ms)
[CURSOR-ABS] handSide=unknown hand=(0.530,0.309) filter=(0.538,0.315) target=(1004,410) cursor=(1004,410)
[2026-06-07 14:14:01] [computeCursor] IN: screenSize=(1920,1080) → OUT: cursor=(1003,410) (0ms)
[CURSOR-ABS] handSide=unknown hand=(0.545,0.305) filter=(0.538,0.315) target=(1004,410) cursor=(1004,410)
[2026-06-07 14:14:01] [computeCursor] IN: screenSize=(1920,1080) → OUT: cursor=(1003,410) (0ms)
[CURSOR-ABS] handSide=unknown hand=(0.561,0.296) filter=(0.538,0.315) target=(1003,410) cursor=(1004,410)
[2026-06-07 14:14:01] [computeCursor] IN: screenSize=(1920,1080) → OUT: cursor=(1003,410) (0ms)
[CURSOR-ABS] handSide=unknown hand=(0.580,0.285) filter=(0.538,0.315) target=(1003,410) cursor=(1003,410)
[2026-06-07 14:14:01] [computeCursor] IN: screenSize=(1920,1080) → OUT: cursor=(1002,410) (0ms)
[CURSOR-ABS] handSide=unknown hand=(0.596,0.276) filter=(0.539,0.315) target=(1002,410) cursor=(1003,410)
[2026-06-07 14:14:01] [computeCursor] IN: screenSize=(1920,1080) → OUT: cursor=(1002,409) (0ms)
[CURSOR-ABS] handSide=unknown hand=(0.603,0.257) filter=(0.539,0.315) target=(1001,410) cursor=(1002,410)
[2026-06-07 14:14:01] [computeCursor] IN: screenSize=(1920,1080) → OUT: cursor=(1001,409) (0ms)
[CURSOR-ABS] handSide=unknown hand=(0.618,0.245) filter=(0.539,0.315) target=(1000,410) cursor=(1001,410)
[2026-06-07 14:14:01] [computeCursor] IN: screenSize=(1920,1080) → OUT: cursor=(1000,409) (0ms)
[CURSOR-ABS] handSide=unknown hand=(0.629,0.226) filter=(0.539,0.315) target=(999,409) cursor=(1000,410)
[2026-06-07 14:14:01] [computeCursor] IN: screenSize=(1920,1080) → OUT: cursor=(998,409) (0ms)
[CURSOR-ABS] handSide=unknown hand=(0.628,0.203) filter=(0.540,0.314) target=(998,409) cursor=(999,409)
[2026-06-07 14:14:01] [computeCursor] IN: screenSize=(1920,1080) → OUT: cursor=(997,408) (0ms)
[CURSOR-ABS] handSide=unknown hand=(0.629,0.182) filter=(0.540,0.314) target=(997,409) cursor=(998,409)
[2026-06-07 14:14:01] [computeCursor] IN: screenSize=(1920,1080) → OUT: cursor=(996,408) (0ms)
[CURSOR-ABS] handSide=unknown hand=(0.631,0.162) filter=(0.540,0.314) target=(995,408) cursor=(997,409)
[2026-06-07 14:14:01] [computeCursor] IN: screenSize=(1920,1080) → OUT: cursor=(995,408) (0ms)
[CURSOR-ABS] handSide=unknown hand=(0.627,0.135) filter=(0.541,0.314) target=(994,408) cursor=(995,408)
[2026-06-07 14:14:01] [computeCursor] IN: screenSize=(1920,1080) → OUT: cursor=(994,407) (0ms)
[CURSOR-ABS] handSide=unknown hand=(0.621,0.107) filter=(0.541,0.313) target=(993,407) cursor=(994,408)
[2026-06-07 14:14:01] [computeCursor] IN: screenSize=(1920,1080) → OUT: cursor=(993,406) (0ms)
[CURSOR-ABS] handSide=unknown hand=(0.395,0.062) filter=(0.540,0.313) target=(995,406) cursor=(993,407)
[2026-06-07 14:14:01] [computeCursor] IN: screenSize=(1920,1080) → OUT: cursor=(995,406) (0ms)
[CURSOR-ABS] handSide=unknown hand=(0.372,0.071) filter=(0.540,0.313) target=(997,405) cursor=(995,406)
[2026-06-07 14:14:01] [computeCursor] IN: screenSize=(1920,1080) → OUT: cursor=(997,405) (0ms)
[CURSOR-ABS] handSide=unknown hand=(0.357,0.084) filter=(0.539,0.312) target=(1000,405) cursor=(997,405)
[2026-06-07 14:14:01] [computeCursor] IN: screenSize=(1920,1080) → OUT: cursor=(999,404) (0ms)
[CURSOR-ABS] handSide=unknown hand=(0.330,0.119) filter=(0.539,0.312) target=(1003,404) cursor=(1000,405)
[2026-06-07 14:14:01] [computeCursor] IN: screenSize=(1920,1080) → OUT: cursor=(1002,404) (0ms)
[CURSOR-ABS] handSide=unknown hand=(0.318,0.139) filter=(0.538,0.312) target=(1005,404) cursor=(1002,404)
[2026-06-07 14:14:01] [computeCursor] IN: screenSize=(1920,1080) → OUT: cursor=(1005,403) (0ms)
[CURSOR-ABS] handSide=unknown hand=(0.309,0.153) filter=(0.537,0.312) target=(1008,403) cursor=(1005,404)
[2026-06-07 14:14:01] [computeCursor] IN: screenSize=(1920,1080) → OUT: cursor=(1008,402) (0ms)
[CURSOR-ABS] handSide=unknown hand=(0.302,0.172) filter=(0.536,0.311) target=(1011,403) cursor=(1008,403)
[2026-06-07 14:14:01] [computeCursor] IN: screenSize=(1920,1080) → OUT: cursor=(1011,402) (0ms)
[CURSOR-ABS] handSide=unknown hand=(0.299,0.192) filter=(0.535,0.311) target=(1015,402) cursor=(1011,403)
[2026-06-07 14:14:01] [computeCursor] IN: screenSize=(1920,1080) → OUT: cursor=(1014,402) (0ms)
[CURSOR-ABS] handSide=unknown hand=(0.296,0.216) filter=(0.535,0.311) target=(1018,402) cursor=(1014,402)
[2026-06-07 14:14:01] [computeCursor] IN: screenSize=(1920,1080) → OUT: cursor=(1017,401) (0ms)
[CURSOR-ABS] handSide=unknown hand=(0.297,0.240) filter=(0.534,0.311) target=(1021,402) cursor=(1018,402)
[2026-06-07 14:14:01] [computeCursor] IN: screenSize=(1920,1080) → OUT: cursor=(1020,401) (0ms)
[CURSOR-ABS] handSide=unknown hand=(0.301,0.267) filter=(0.533,0.311) target=(1024,401) cursor=(1021,402)
[2026-06-07 14:14:01] [computeCursor] IN: screenSize=(1920,1080) → OUT: cursor=(1023,401) (0ms)
[CURSOR-ABS] handSide=unknown hand=(0.308,0.292) filter=(0.532,0.311) target=(1027,401) cursor=(1024,401)
[2026-06-07 14:14:01] [computeCursor] IN: screenSize=(1920,1080) → OUT: cursor=(1026,401) (0ms)
[CURSOR-ABS] handSide=unknown hand=(0.320,0.313) filter=(0.531,0.311) target=(1030,401) cursor=(1027,401)
[2026-06-07 14:14:01] [computeCursor] IN: screenSize=(1920,1080) → OUT: cursor=(1029,401) (0ms)
[CURSOR-ABS] handSide=unknown hand=(0.332,0.334) filter=(0.531,0.311) target=(1032,401) cursor=(1030,401)
[2026-06-07 14:14:01] [computeCursor] IN: screenSize=(1920,1080) → OUT: cursor=(1032,401) (0ms)
[CURSOR-ABS] handSide=unknown hand=(0.345,0.350) filter=(0.530,0.311) target=(1034,402) cursor=(1032,401)
[2026-06-07 14:14:01] [computeCursor] IN: screenSize=(1920,1080) → OUT: cursor=(1034,401) (0ms)
[CURSOR-ABS] handSide=unknown hand=(0.361,0.363) filter=(0.530,0.311) target=(1036,402) cursor=(1034,402)
[2026-06-07 14:14:01] [computeCursor] IN: screenSize=(1920,1080) → OUT: cursor=(1036,401) (0ms)
[CURSOR-ABS] handSide=unknown hand=(0.379,0.372) filter=(0.529,0.311) target=(1038,402) cursor=(1036,402)
[2026-06-07 14:14:01] [computeCursor] IN: screenSize=(1920,1080) → OUT: cursor=(1038,401) (0ms)
[CURSOR-ABS] handSide=unknown hand=(0.399,0.382) filter=(0.529,0.311) target=(1040,402) cursor=(1038,402)
[2026-06-07 14:14:01] [computeCursor] IN: screenSize=(1920,1080) → OUT: cursor=(1039,402) (0ms)
[CURSOR-ABS] handSide=unknown hand=(0.418,0.386) filter=(0.528,0.311) target=(1041,402) cursor=(1040,402)
[2026-06-07 14:14:01] [computeCursor] IN: screenSize=(1920,1080) → OUT: cursor=(1041,402) (0ms)
[CURSOR-ABS] handSide=unknown hand=(0.436,0.390) filter=(0.528,0.311) target=(1042,403) cursor=(1041,402)
[2026-06-07 14:14:01] [computeCursor] IN: screenSize=(1920,1080) → OUT: cursor=(1042,402) (0ms)
[CURSOR-ABS] handSide=unknown hand=(0.455,0.388) filter=(0.528,0.312) target=(1043,403) cursor=(1042,403)
[2026-06-07 14:14:01] [computeCursor] IN: screenSize=(1920,1080) → OUT: cursor=(1043,402) (0ms)
[CURSOR-ABS] handSide=unknown hand=(0.474,0.382) filter=(0.528,0.312) target=(1044,403) cursor=(1043,403)
[2026-06-07 14:14:01] [computeCursor] IN: screenSize=(1920,1080) → OUT: cursor=(1043,403) (0ms)
[CURSOR-ABS] handSide=unknown hand=(0.490,0.373) filter=(0.528,0.312) target=(1044,403) cursor=(1044,403)
[2026-06-07 14:14:01] [computeCursor] IN: screenSize=(1920,1080) → OUT: cursor=(1044,403) (0ms)
[CURSOR-ABS] handSide=unknown hand=(0.502,0.362) filter=(0.528,0.312) target=(1045,404) cursor=(1044,403)
[2026-06-07 14:14:01] [computeCursor] IN: screenSize=(1920,1080) → OUT: cursor=(1044,403) (0ms)
[CURSOR-ABS] handSide=unknown hand=(0.509,0.346) filter=(0.527,0.312) target=(1045,404) cursor=(1045,404)
[2026-06-07 14:14:01] [computeCursor] IN: screenSize=(1920,1080) → OUT: cursor=(1045,403) (0ms)
[CURSOR-ABS] handSide=unknown hand=(0.511,0.326) filter=(0.527,0.312) target=(1045,404) cursor=(1045,404)
[2026-06-07 14:14:01] [computeCursor] IN: screenSize=(1920,1080) → OUT: cursor=(1045,403) (0ms)
[CURSOR-ABS] handSide=unknown hand=(0.509,0.306) filter=(0.527,0.312) target=(1045,404) cursor=(1045,404)
[2026-06-07 14:14:01] [computeCursor] IN: screenSize=(1920,1080) → OUT: cursor=(1045,403) (0ms)
[CURSOR-ABS] handSide=unknown hand=(0.501,0.288) filter=(0.527,0.312) target=(1046,404) cursor=(1045,404)
[2026-06-07 14:14:01] [computeCursor] IN: screenSize=(1920,1080) → OUT: cursor=(1045,403) (0ms)
[CURSOR-ABS] handSide=unknown hand=(0.492,0.265) filter=(0.527,0.312) target=(1046,403) cursor=(1046,404)
[2026-06-07 14:14:01] [computeCursor] IN: screenSize=(1920,1080) → OUT: cursor=(1046,403) (0ms)
[CURSOR-ABS] handSide=unknown hand=(0.479,0.243) filter=(0.527,0.312) target=(1047,403) cursor=(1046,403)
[2026-06-07 14:14:01] [computeCursor] IN: screenSize=(1920,1080) → OUT: cursor=(1046,403) (0ms)
[CURSOR-ABS] handSide=unknown hand=(0.464,0.224) filter=(0.527,0.312) target=(1048,403) cursor=(1047,403)
[2026-06-07 14:14:01] [computeCursor] IN: screenSize=(1920,1080) → OUT: cursor=(1047,402) (0ms)
[CURSOR-ABS] handSide=unknown hand=(0.448,0.206) filter=(0.527,0.311) target=(1049,403) cursor=(1048,403)
[2026-06-07 14:14:01] [computeCursor] IN: screenSize=(1920,1080) → OUT: cursor=(1048,402) (0ms)
[CURSOR-ABS] handSide=unknown hand=(0.431,0.189) filter=(0.526,0.311) target=(1050,402) cursor=(1049,403)
[2026-06-07 14:14:01] [computeCursor] IN: screenSize=(1920,1080) → OUT: cursor=(1049,402) (0ms)
[CURSOR-ABS] handSide=unknown hand=(0.416,0.173) filter=(0.526,0.311) target=(1051,402) cursor=(1050,402)
[2026-06-07 14:14:01] [computeCursor] IN: screenSize=(1920,1080) → OUT: cursor=(1050,401) (0ms)
[CURSOR-ABS] handSide=unknown hand=(0.398,0.162) filter=(0.525,0.311) target=(1053,401) cursor=(1051,402)
[2026-06-07 14:14:01] [computeCursor] IN: screenSize=(1920,1080) → OUT: cursor=(1052,401) (0ms)
[CURSOR-ABS] handSide=unknown hand=(0.381,0.153) filter=(0.525,0.311) target=(1054,401) cursor=(1053,401)
[2026-06-07 14:14:01] [computeCursor] IN: screenSize=(1920,1080) → OUT: cursor=(1054,400) (0ms)
[CURSOR-ABS] handSide=unknown hand=(0.364,0.151) filter=(0.525,0.310) target=(1056,400) cursor=(1054,401)
[2026-06-07 14:14:01] [computeCursor] IN: screenSize=(1920,1080) → OUT: cursor=(1056,400) (0ms)
[CURSOR-ABS] handSide=unknown hand=(0.347,0.154) filter=(0.524,0.310) target=(1058,400) cursor=(1056,400)
[2026-06-07 14:14:01] [computeCursor] IN: screenSize=(1920,1080) → OUT: cursor=(1058,399) (0ms)
[CURSOR-ABS] handSide=unknown hand=(0.333,0.157) filter=(0.523,0.310) target=(1061,399) cursor=(1058,400)
[2026-06-07 14:14:01] [computeCursor] IN: screenSize=(1920,1080) → OUT: cursor=(1060,399) (0ms)
[CURSOR-ABS] handSide=unknown hand=(0.318,0.169) filter=(0.523,0.310) target=(1063,399) cursor=(1061,399)
[2026-06-07 14:14:01] [computeCursor] IN: screenSize=(1920,1080) → OUT: cursor=(1063,398) (0ms)
[CURSOR-ABS] handSide=unknown hand=(0.307,0.182) filter=(0.522,0.309) target=(1066,398) cursor=(1063,399)
[2026-06-07 14:14:01] [computeCursor] IN: screenSize=(1920,1080) → OUT: cursor=(1065,398) (0ms)
[CURSOR-ABS] handSide=unknown hand=(0.299,0.197) filter=(0.521,0.309) target=(1068,398) cursor=(1066,398)
[2026-06-07 14:14:01] [computeCursor] IN: screenSize=(1920,1080) → OUT: cursor=(1068,397) (0ms)
[CURSOR-ABS] handSide=unknown hand=(0.292,0.220) filter=(0.521,0.309) target=(1071,397) cursor=(1068,398)
[2026-06-07 14:14:01] [computeCursor] IN: screenSize=(1920,1080) → OUT: cursor=(1070,397) (0ms)
[CURSOR-ABS] handSide=unknown hand=(0.288,0.245) filter=(0.520,0.309) target=(1074,397) cursor=(1071,397)
[2026-06-07 14:14:01] [computeCursor] IN: screenSize=(1920,1080) → OUT: cursor=(1073,397) (0ms)
[CURSOR-ABS] handSide=unknown hand=(0.289,0.270) filter=(0.519,0.309) target=(1076,397) cursor=(1074,397)
[2026-06-07 14:14:01] [computeCursor] IN: screenSize=(1920,1080) → OUT: cursor=(1076,397) (0ms)
[CURSOR-ABS] handSide=unknown hand=(0.294,0.295) filter=(0.519,0.309) target=(1079,397) cursor=(1076,397)
[2026-06-07 14:14:01] [computeCursor] IN: screenSize=(1920,1080) → OUT: cursor=(1078,397) (0ms)
[CURSOR-ABS] handSide=unknown hand=(0.302,0.324) filter=(0.518,0.309) target=(1081,397) cursor=(1079,397)
[2026-06-07 14:14:01] [computeCursor] IN: screenSize=(1920,1080) → OUT: cursor=(1081,397) (0ms)
[CURSOR-ABS] handSide=unknown hand=(0.317,0.343) filter=(0.517,0.309) target=(1083,397) cursor=(1081,397)
[2026-06-07 14:14:01] [computeCursor] IN: screenSize=(1920,1080) → OUT: cursor=(1083,397) (0ms)
[CURSOR-ABS] handSide=unknown hand=(0.330,0.371) filter=(0.517,0.309) target=(1086,397) cursor=(1083,397)
[2026-06-07 14:14:01] [computeCursor] IN: screenSize=(1920,1080) → OUT: cursor=(1085,397) (0ms)
[CURSOR-ABS] handSide=unknown hand=(0.349,0.383) filter=(0.516,0.309) target=(1087,398) cursor=(1086,397)
[2026-06-07 14:14:01] [computeCursor] IN: screenSize=(1920,1080) → OUT: cursor=(1087,397) (0ms)
[CURSOR-ABS] handSide=unknown hand=(0.368,0.395) filter=(0.516,0.309) target=(1089,398) cursor=(1087,398)
[2026-06-07 14:14:01] [computeCursor] IN: screenSize=(1920,1080) → OUT: cursor=(1089,397) (0ms)
[CURSOR-ABS] handSide=unknown hand=(0.391,0.402) filter=(0.516,0.309) target=(1090,398) cursor=(1089,398)
[2026-06-07 14:14:01] [computeCursor] IN: screenSize=(1920,1080) → OUT: cursor=(1090,398) (0ms)
[CURSOR-ABS] handSide=unknown hand=(0.414,0.402) filter=(0.515,0.310) target=(1092,399) cursor=(1090,398)
[2026-06-07 14:14:01] [computeCursor] IN: screenSize=(1920,1080) → OUT: cursor=(1091,398) (0ms)
[CURSOR-ABS] handSide=unknown hand=(0.436,0.393) filter=(0.515,0.310) target=(1092,399) cursor=(1092,399)
[2026-06-07 14:14:01] [computeCursor] IN: screenSize=(1920,1080) → OUT: cursor=(1092,398) (0ms)
[CURSOR-ABS] handSide=unknown hand=(0.459,0.376) filter=(0.515,0.310) target=(1093,399) cursor=(1092,399)
[2026-06-07 14:14:01] [computeCursor] IN: screenSize=(1920,1080) → OUT: cursor=(1093,399) (0ms)
[CURSOR-ABS] handSide=unknown hand=(0.476,0.350) filter=(0.515,0.310) target=(1094,399) cursor=(1093,399)
[2026-06-07 14:14:01] [computeCursor] IN: screenSize=(1920,1080) → OUT: cursor=(1093,399) (0ms)
[CURSOR-ABS] handSide=unknown hand=(0.491,0.321) filter=(0.515,0.310) target=(1094,399) cursor=(1094,399)
[2026-06-07 14:14:01] [computeCursor] IN: screenSize=(1920,1080) → OUT: cursor=(1093,399) (0ms)
[CURSOR-ABS] handSide=unknown hand=(0.502,0.287) filter=(0.515,0.310) target=(1094,399) cursor=(1094,399)
[2026-06-07 14:14:01] [computeCursor] IN: screenSize=(1920,1080) → OUT: cursor=(1093,399) (0ms)
[CURSOR-ABS] handSide=unknown hand=(0.509,0.249) filter=(0.515,0.310) target=(1094,399) cursor=(1094,399)
[2026-06-07 14:14:01] [computeCursor] IN: screenSize=(1920,1080) → OUT: cursor=(1094,399) (0ms)
[CURSOR-ABS] handSide=unknown hand=(0.510,0.213) filter=(0.515,0.310) target=(1094,399) cursor=(1094,399)
[2026-06-07 14:14:01] [computeCursor] IN: screenSize=(1920,1080) → OUT: cursor=(1094,398) (0ms)
[CURSOR-ABS] handSide=unknown hand=(0.508,0.177) filter=(0.515,0.309) target=(1094,398) cursor=(1094,399)
[2026-06-07 14:14:01] [computeCursor] IN: screenSize=(1920,1080) → OUT: cursor=(1094,398) (0ms)
[CURSOR-ABS] handSide=unknown hand=(0.501,0.151) filter=(0.515,0.309) target=(1094,398) cursor=(1094,398)
[2026-06-07 14:14:01] [computeCursor] IN: screenSize=(1920,1080) → OUT: cursor=(1094,397) (0ms)
[CURSOR-ABS] handSide=unknown hand=(0.490,0.122) filter=(0.515,0.309) target=(1095,397) cursor=(1094,398)
[2026-06-07 14:14:01] [computeCursor] IN: screenSize=(1920,1080) → OUT: cursor=(1094,397) (0ms)
[CURSOR-ABS] handSide=unknown hand=(0.477,0.102) filter=(0.514,0.309) target=(1095,396) cursor=(1095,397)
[2026-06-07 14:14:01] [computeCursor] IN: screenSize=(1920,1080) → OUT: cursor=(1094,396) (0ms)
[CURSOR-ABS] handSide=unknown hand=(0.460,0.087) filter=(0.514,0.308) target=(1096,396) cursor=(1095,396)
[2026-06-07 14:14:01] [computeCursor] IN: screenSize=(1920,1080) → OUT: cursor=(1095,395) (0ms)
[CURSOR-ABS] handSide=unknown hand=(0.441,0.075) filter=(0.514,0.308) target=(1096,395) cursor=(1096,396)
[2026-06-07 14:14:01] [computeCursor] IN: screenSize=(1920,1080) → OUT: cursor=(1096,394) (0ms)
[CURSOR-ABS] handSide=unknown hand=(0.423,0.075) filter=(0.514,0.307) target=(1097,394) cursor=(1096,395)
[2026-06-07 14:14:01] [computeCursor] IN: screenSize=(1920,1080) → OUT: cursor=(1097,393) (0ms)
[CURSOR-ABS] handSide=unknown hand=(0.404,0.075) filter=(0.513,0.307) target=(1099,393) cursor=(1097,394)
[2026-06-07 14:14:01] [computeCursor] IN: screenSize=(1920,1080) → OUT: cursor=(1098,392) (0ms)
[CURSOR-ABS] handSide=unknown hand=(0.384,0.082) filter=(0.513,0.307) target=(1100,392) cursor=(1099,393)
[2026-06-07 14:14:01] [computeCursor] IN: screenSize=(1920,1080) → OUT: cursor=(1099,392) (0ms)
[CURSOR-ABS] handSide=unknown hand=(0.367,0.092) filter=(0.513,0.306) target=(1102,391) cursor=(1100,392)
[2026-06-07 14:14:01] [computeCursor] IN: screenSize=(1920,1080) → OUT: cursor=(1101,391) (0ms)
[CURSOR-ABS] handSide=unknown hand=(0.351,0.109) filter=(0.512,0.306) target=(1103,391) cursor=(1102,391)
[2026-06-07 14:14:01] [computeCursor] IN: screenSize=(1920,1080) → OUT: cursor=(1103,390) (0ms)
[CURSOR-ABS] handSide=unknown hand=(0.336,0.127) filter=(0.512,0.306) target=(1105,390) cursor=(1103,391)
[2026-06-07 14:14:01] [computeCursor] IN: screenSize=(1920,1080) → OUT: cursor=(1105,389) (0ms)
[CURSOR-ABS] handSide=unknown hand=(0.319,0.147) filter=(0.511,0.305) target=(1107,389) cursor=(1105,390)
[2026-06-07 14:14:01] [computeCursor] IN: screenSize=(1920,1080) → OUT: cursor=(1107,389) (0ms)
[CURSOR-ABS] handSide=unknown hand=(0.310,0.166) filter=(0.511,0.305) target=(1109,389) cursor=(1107,389)
[2026-06-07 14:14:01] [computeCursor] IN: screenSize=(1920,1080) → OUT: cursor=(1109,388) (0ms)
[CURSOR-ABS] handSide=unknown hand=(0.302,0.193) filter=(0.510,0.305) target=(1112,388) cursor=(1109,389)
[2026-06-07 14:14:01] [computeCursor] IN: screenSize=(1920,1080) → OUT: cursor=(1111,388) (0ms)
[CURSOR-ABS] handSide=unknown hand=(0.298,0.217) filter=(0.510,0.305) target=(1114,388) cursor=(1112,388)
[2026-06-07 14:14:01] [computeCursor] IN: screenSize=(1920,1080) → OUT: cursor=(1113,388) (0ms)
[CURSOR-ABS] handSide=unknown hand=(0.299,0.244) filter=(0.509,0.305) target=(1116,388) cursor=(1114,388)
[2026-06-07 14:14:01] [computeCursor] IN: screenSize=(1920,1080) → OUT: cursor=(1115,387) (0ms)
[CURSOR-ABS] handSide=unknown hand=(0.306,0.278) filter=(0.508,0.305) target=(1118,388) cursor=(1116,388)
[2026-06-07 14:14:01] [computeCursor] IN: screenSize=(1920,1080) → OUT: cursor=(1118,387) (0ms)
[CURSOR-ABS] handSide=unknown hand=(0.314,0.313) filter=(0.508,0.305) target=(1120,388) cursor=(1118,388)
[2026-06-07 14:14:01] [computeCursor] IN: screenSize=(1920,1080) → OUT: cursor=(1120,387) (0ms)
[CURSOR-ABS] handSide=unknown hand=(0.327,0.343) filter=(0.507,0.305) target=(1122,388) cursor=(1120,388)
[2026-06-07 14:14:01] [computeCursor] IN: screenSize=(1920,1080) → OUT: cursor=(1121,387) (0ms)
[CURSOR-ABS] handSide=unknown hand=(0.342,0.372) filter=(0.507,0.305) target=(1124,388) cursor=(1122,388)
[2026-06-07 14:14:01] [computeCursor] IN: screenSize=(1920,1080) → OUT: cursor=(1123,388) (0ms)
[CURSOR-ABS] handSide=unknown hand=(0.357,0.396) filter=(0.507,0.305) target=(1125,388) cursor=(1124,388)
[2026-06-07 14:14:01] [computeCursor] IN: screenSize=(1920,1080) → OUT: cursor=(1125,388) (0ms)
[CURSOR-ABS] handSide=unknown hand=(0.375,0.411) filter=(0.506,0.305) target=(1126,389) cursor=(1125,388)
[2026-06-07 14:14:01] [computeCursor] IN: screenSize=(1920,1080) → OUT: cursor=(1126,388) (0ms)
[CURSOR-ABS] handSide=unknown hand=(0.398,0.421) filter=(0.506,0.305) target=(1128,389) cursor=(1126,389)
[2026-06-07 14:14:01] [computeCursor] IN: screenSize=(1920,1080) → OUT: cursor=(1127,389) (0ms)
[CURSOR-ABS] handSide=unknown hand=(0.425,0.433) filter=(0.506,0.306) target=(1128,390) cursor=(1128,389)
[2026-06-07 14:14:01] [computeCursor] IN: screenSize=(1920,1080) → OUT: cursor=(1128,389) (0ms)
[CURSOR-ABS] handSide=unknown hand=(0.448,0.437) filter=(0.506,0.306) target=(1129,390) cursor=(1128,390)
[2026-06-07 14:14:01] [computeCursor] IN: screenSize=(1920,1080) → OUT: cursor=(1129,390) (0ms)
[CURSOR-ABS] handSide=unknown hand=(0.476,0.431) filter=(0.505,0.306) target=(1129,391) cursor=(1129,390)
[2026-06-07 14:14:01] [computeCursor] IN: screenSize=(1920,1080) → OUT: cursor=(1129,390) (0ms)
[CURSOR-ABS] handSide=unknown hand=(0.499,0.413) filter=(0.505,0.306) target=(1129,391) cursor=(1129,391)
[2026-06-07 14:14:01] [computeCursor] IN: screenSize=(1920,1080) → OUT: cursor=(1129,391) (0ms)
[CURSOR-ABS] handSide=unknown hand=(0.515,0.390) filter=(0.505,0.306) target=(1129,392) cursor=(1129,391)
[2026-06-07 14:14:01] [computeCursor] IN: screenSize=(1920,1080) → OUT: cursor=(1129,391) (0ms)
[CURSOR-ABS] handSide=unknown hand=(0.528,0.365) filter=(0.506,0.306) target=(1129,392) cursor=(1129,392)
[2026-06-07 14:14:01] [computeCursor] IN: screenSize=(1920,1080) → OUT: cursor=(1129,391) (0ms)
[CURSOR-ABS] handSide=unknown hand=(0.534,0.337) filter=(0.506,0.306) target=(1129,392) cursor=(1129,392)
[2026-06-07 14:14:01] [computeCursor] IN: screenSize=(1920,1080) → OUT: cursor=(1128,391) (0ms)
[CURSOR-ABS] handSide=unknown hand=(0.534,0.308) filter=(0.506,0.306) target=(1128,392) cursor=(1129,392)
[2026-06-07 14:14:01] [computeCursor] IN: screenSize=(1920,1080) → OUT: cursor=(1128,391) (0ms)
[CURSOR-ABS] handSide=unknown hand=(0.531,0.275) filter=(0.506,0.306) target=(1128,392) cursor=(1128,392)
[2026-06-07 14:14:01] [computeCursor] IN: screenSize=(1920,1080) → OUT: cursor=(1128,391) (0ms)
[CURSOR-ABS] handSide=unknown hand=(0.521,0.243) filter=(0.506,0.306) target=(1128,392) cursor=(1128,392)
[2026-06-07 14:14:01] [computeCursor] IN: screenSize=(1920,1080) → OUT: cursor=(1128,391) (0ms)
[CURSOR-ABS] handSide=unknown hand=(0.509,0.209) filter=(0.506,0.306) target=(1128,391) cursor=(1128,392)
[2026-06-07 14:14:01] [computeCursor] IN: screenSize=(1920,1080) → OUT: cursor=(1128,391) (0ms)
[CURSOR-ABS] handSide=unknown hand=(0.497,0.180) filter=(0.506,0.306) target=(1128,391) cursor=(1128,391)
[2026-06-07 14:14:01] [computeCursor] IN: screenSize=(1920,1080) → OUT: cursor=(1128,390) (0ms)
[CURSOR-ABS] handSide=unknown hand=(0.485,0.159) filter=(0.506,0.306) target=(1128,390) cursor=(1128,391)
[2026-06-07 14:14:01] [computeCursor] IN: screenSize=(1920,1080) → OUT: cursor=(1128,390) (0ms)
[CURSOR-ABS] handSide=unknown hand=(0.470,0.144) filter=(0.506,0.305) target=(1129,390) cursor=(1128,390)
[2026-06-07 14:14:01] [computeCursor] IN: screenSize=(1920,1080) → OUT: cursor=(1128,389) (0ms)
[CURSOR-ABS] handSide=unknown hand=(0.455,0.131) filter=(0.506,0.305) target=(1129,389) cursor=(1129,390)
[2026-06-07 14:14:01] [computeCursor] IN: screenSize=(1920,1080) → OUT: cursor=(1129,388) (0ms)
[CURSOR-ABS] handSide=unknown hand=(0.438,0.127) filter=(0.505,0.305) target=(1130,388) cursor=(1129,389)
[2026-06-07 14:14:01] [computeCursor] IN: screenSize=(1920,1080) → OUT: cursor=(1129,388) (0ms)
[CURSOR-ABS] handSide=unknown hand=(0.422,0.130) filter=(0.505,0.304) target=(1131,388) cursor=(1130,388)
[2026-06-07 14:14:01] [computeCursor] IN: screenSize=(1920,1080) → OUT: cursor=(1130,387) (0ms)
[CURSOR-ABS] handSide=unknown hand=(0.407,0.140) filter=(0.505,0.304) target=(1132,387) cursor=(1131,388)
[2026-06-07 14:14:01] [computeCursor] IN: screenSize=(1920,1080) → OUT: cursor=(1131,386) (0ms)
[CURSOR-ABS] handSide=unknown hand=(0.396,0.152) filter=(0.505,0.304) target=(1133,386) cursor=(1132,387)
[2026-06-07 14:14:01] [computeCursor] IN: screenSize=(1920,1080) → OUT: cursor=(1132,386) (0ms)
[CURSOR-ABS] handSide=unknown hand=(0.388,0.163) filter=(0.504,0.304) target=(1134,386) cursor=(1133,386)
[2026-06-07 14:14:01] [computeCursor] IN: screenSize=(1920,1080) → OUT: cursor=(1133,385) (0ms)
[CURSOR-ABS] handSide=unknown hand=(0.382,0.181) filter=(0.504,0.303) target=(1135,385) cursor=(1134,386)
[2026-06-07 14:14:01] [computeCursor] IN: screenSize=(1920,1080) → OUT: cursor=(1135,385) (1ms)
[CURSOR-ABS] handSide=unknown hand=(0.374,0.199) filter=(0.504,0.303) target=(1136,385) cursor=(1135,385)
[2026-06-07 14:14:01] [computeCursor] IN: screenSize=(1920,1080) → OUT: cursor=(1136,384) (0ms)
[CURSOR-ABS] handSide=unknown hand=(0.370,0.212) filter=(0.503,0.303) target=(1138,385) cursor=(1136,385)
[2026-06-07 14:14:01] [computeCursor] IN: screenSize=(1920,1080) → OUT: cursor=(1137,384) (0ms)
[CURSOR-ABS] handSide=unknown hand=(0.365,0.231) filter=(0.503,0.303) target=(1139,384) cursor=(1138,385)
[2026-06-07 14:14:01] [computeCursor] IN: screenSize=(1920,1080) → OUT: cursor=(1138,384) (0ms)
[CURSOR-ABS] handSide=unknown hand=(0.365,0.249) filter=(0.503,0.303) target=(1140,384) cursor=(1139,384)
[2026-06-07 14:14:01] [computeCursor] IN: screenSize=(1920,1080) → OUT: cursor=(1140,384) (0ms)
[CURSOR-ABS] handSide=unknown hand=(0.364,0.274) filter=(0.502,0.303) target=(1142,384) cursor=(1140,384)
[2026-06-07 14:14:01] [computeCursor] IN: screenSize=(1920,1080) → OUT: cursor=(1141,383) (0ms)
[CURSOR-ABS] handSide=unknown hand=(0.366,0.296) filter=(0.502,0.303) target=(1143,384) cursor=(1142,384)
[2026-06-07 14:14:01] [computeCursor] IN: screenSize=(1920,1080) → OUT: cursor=(1142,383) (0ms)
[CURSOR-ABS] handSide=unknown hand=(0.366,0.321) filter=(0.502,0.303) target=(1144,384) cursor=(1143,384)
[2026-06-07 14:14:01] [computeCursor] IN: screenSize=(1920,1080) → OUT: cursor=(1144,383) (0ms)
[CURSOR-ABS] handSide=unknown hand=(0.372,0.344) filter=(0.501,0.303) target=(1145,384) cursor=(1144,384)
[2026-06-07 14:14:01] [computeCursor] IN: screenSize=(1920,1080) → OUT: cursor=(1145,384) (0ms)
[CURSOR-ABS] handSide=unknown hand=(0.380,0.362) filter=(0.501,0.303) target=(1147,384) cursor=(1145,384)
[2026-06-07 14:14:01] [computeCursor] IN: screenSize=(1920,1080) → OUT: cursor=(1146,384) (0ms)
[CURSOR-ABS] handSide=unknown hand=(0.390,0.377) filter=(0.501,0.303) target=(1148,385) cursor=(1147,384)
[2026-06-07 14:14:01] [computeCursor] IN: screenSize=(1920,1080) → OUT: cursor=(1147,384) (0ms)
[CURSOR-ABS] handSide=unknown hand=(0.401,0.385) filter=(0.500,0.303) target=(1149,385) cursor=(1148,385)
[2026-06-07 14:14:01] [computeCursor] IN: screenSize=(1920,1080) → OUT: cursor=(1148,384) (0ms)
[CURSOR-ABS] handSide=unknown hand=(0.411,0.396) filter=(0.500,0.303) target=(1149,385) cursor=(1149,385)
[2026-06-07 14:14:01] [computeCursor] IN: screenSize=(1920,1080) → OUT: cursor=(1149,385) (0ms)
[CURSOR-ABS] handSide=unknown hand=(0.422,0.401) filter=(0.500,0.304) target=(1150,386) cursor=(1149,385)
[2026-06-07 14:14:01] [computeCursor] IN: screenSize=(1920,1080) → OUT: cursor=(1150,385) (0ms)
[CURSOR-ABS] handSide=unknown hand=(0.431,0.400) filter=(0.500,0.304) target=(1151,386) cursor=(1150,386)
[2026-06-07 14:14:01] [computeCursor] IN: screenSize=(1920,1080) → OUT: cursor=(1150,386) (0ms)
[CURSOR-ABS] handSide=unknown hand=(0.438,0.399) filter=(0.500,0.304) target=(1151,386) cursor=(1151,386)
[2026-06-07 14:14:01] [computeCursor] IN: screenSize=(1920,1080) → OUT: cursor=(1151,386) (0ms)
[CURSOR-ABS] handSide=unknown hand=(0.445,0.396) filter=(0.500,0.304) target=(1152,387) cursor=(1151,386)
[2026-06-07 14:14:01] [computeCursor] IN: screenSize=(1920,1080) → OUT: cursor=(1151,386) (0ms)
[CURSOR-ABS] handSide=unknown hand=(0.450,0.386) filter=(0.499,0.304) target=(1152,387) cursor=(1152,387)
[2026-06-07 14:14:01] [computeCursor] IN: screenSize=(1920,1080) → OUT: cursor=(1152,387) (0ms)
[CURSOR-ABS] handSide=unknown hand=(0.453,0.370) filter=(0.499,0.304) target=(1153,387) cursor=(1152,387)
[2026-06-07 14:14:01] [computeCursor] IN: screenSize=(1920,1080) → OUT: cursor=(1152,387) (0ms)
[CURSOR-ABS] handSide=unknown hand=(0.453,0.350) filter=(0.499,0.304) target=(1153,388) cursor=(1153,387)
[2026-06-07 14:14:01] [computeCursor] IN: screenSize=(1920,1080) → OUT: cursor=(1153,387) (0ms)
[CURSOR-ABS] handSide=unknown hand=(0.449,0.326) filter=(0.499,0.304) target=(1154,388) cursor=(1153,388)
[2026-06-07 14:14:01] [computeCursor] IN: screenSize=(1920,1080) → OUT: cursor=(1153,387) (0ms)
[CURSOR-ABS] handSide=unknown hand=(0.447,0.305) filter=(0.499,0.304) target=(1154,388) cursor=(1154,388)
[2026-06-07 14:14:01] [computeCursor] IN: screenSize=(1920,1080) → OUT: cursor=(1154,387) (0ms)
[CURSOR-ABS] handSide=unknown hand=(0.444,0.281) filter=(0.499,0.304) target=(1155,388) cursor=(1154,388)
[2026-06-07 14:14:01] [computeCursor] IN: screenSize=(1920,1080) → OUT: cursor=(1154,387) (0ms)
[CURSOR-ABS] handSide=unknown hand=(0.442,0.258) filter=(0.499,0.304) target=(1155,387) cursor=(1155,388)
[2026-06-07 14:14:01] [computeCursor] IN: screenSize=(1920,1080) → OUT: cursor=(1155,387) (0ms)
[CURSOR-ABS] handSide=unknown hand=(0.442,0.239) filter=(0.499,0.304) target=(1156,387) cursor=(1155,387)
[2026-06-07 14:14:01] [computeCursor] IN: screenSize=(1920,1080) → OUT: cursor=(1155,387) (0ms)
[CURSOR-ABS] handSide=unknown hand=(0.441,0.216) filter=(0.498,0.304) target=(1156,387) cursor=(1156,387)
[2026-06-07 14:14:01] [computeCursor] IN: screenSize=(1920,1080) → OUT: cursor=(1156,386) (0ms)
[CURSOR-ABS] handSide=unknown hand=(0.441,0.192) filter=(0.498,0.304) target=(1157,386) cursor=(1156,387)
[2026-06-07 14:14:01] [computeCursor] IN: screenSize=(1920,1080) → OUT: cursor=(1156,386) (0ms)
[CURSOR-ABS] handSide=unknown hand=(0.440,0.174) filter=(0.498,0.304) target=(1157,386) cursor=(1157,386)
[2026-06-07 14:14:01] [computeCursor] IN: screenSize=(1920,1080) → OUT: cursor=(1157,385) (0ms)
[CURSOR-ABS] handSide=unknown hand=(0.439,0.163) filter=(0.498,0.303) target=(1158,385) cursor=(1157,386)
[2026-06-07 14:14:01] [computeCursor] IN: screenSize=(1920,1080) → OUT: cursor=(1157,385) (0ms)
[CURSOR-ABS] handSide=unknown hand=(0.438,0.152) filter=(0.498,0.303) target=(1158,385) cursor=(1158,385)
[2026-06-07 14:14:01] [computeCursor] IN: screenSize=(1920,1080) → OUT: cursor=(1158,384) (0ms)
[CURSOR-ABS] handSide=unknown hand=(0.436,0.143) filter=(0.498,0.303) target=(1159,384) cursor=(1158,385)
[2026-06-07 14:14:01] [computeCursor] IN: screenSize=(1920,1080) → OUT: cursor=(1159,383) (0ms)
[CURSOR-ABS] handSide=unknown hand=(0.434,0.134) filter=(0.498,0.302) target=(1160,383) cursor=(1159,384)
[2026-06-07 14:14:01] [computeCursor] IN: screenSize=(1920,1080) → OUT: cursor=(1159,383) (0ms)
[CURSOR-ABS] handSide=unknown hand=(0.432,0.128) filter=(0.497,0.302) target=(1160,383) cursor=(1160,383)
[2026-06-07 14:14:01] [computeCursor] IN: screenSize=(1920,1080) → OUT: cursor=(1160,382) (0ms)
[CURSOR-ABS] handSide=unknown hand=(0.430,0.122) filter=(0.497,0.302) target=(1161,382) cursor=(1160,383)
[2026-06-07 14:14:01] [computeCursor] IN: screenSize=(1920,1080) → OUT: cursor=(1160,381) (1ms)
[CURSOR-ABS] handSide=unknown hand=(0.427,0.117) filter=(0.497,0.301) target=(1161,381) cursor=(1161,382)
[2026-06-07 14:14:01] [computeCursor] IN: screenSize=(1920,1080) → OUT: cursor=(1161,381) (0ms)
[CURSOR-ABS] handSide=unknown hand=(0.425,0.108) filter=(0.497,0.301) target=(1162,380) cursor=(1161,381)
[2026-06-07 14:14:01] [computeCursor] IN: screenSize=(1920,1080) → OUT: cursor=(1162,380) (0ms)
[CURSOR-ABS] handSide=unknown hand=(0.423,0.103) filter=(0.497,0.301) target=(1163,380) cursor=(1162,380)
[2026-06-07 14:14:01] [computeCursor] IN: screenSize=(1920,1080) → OUT: cursor=(1162,379) (0ms)
[CURSOR-ABS] handSide=unknown hand=(0.420,0.098) filter=(0.497,0.300) target=(1163,379) cursor=(1163,380)
[2026-06-07 14:14:01] [computeCursor] IN: screenSize=(1920,1080) → OUT: cursor=(1163,378) (0ms)
[CURSOR-ABS] handSide=unknown hand=(0.419,0.080) filter=(0.496,0.300) target=(1164,378) cursor=(1163,379)
[2026-06-07 14:14:01] [computeCursor] IN: screenSize=(1920,1080) → OUT: cursor=(1164,377) (1ms)
[CURSOR-ABS] handSide=unknown hand=(0.418,0.070) filter=(0.496,0.299) target=(1165,377) cursor=(1164,378)
[2026-06-07 14:14:01] [computeCursor] IN: screenSize=(1920,1080) → OUT: cursor=(1164,376) (0ms)
[CURSOR-ABS] handSide=unknown hand=(0.420,0.062) filter=(0.496,0.299) target=(1166,376) cursor=(1165,377)
[2026-06-07 14:14:01] [computeCursor] IN: screenSize=(1920,1080) → OUT: cursor=(1165,375) (0ms)
[CURSOR-ABS] handSide=unknown hand=(0.395,0.292) filter=(0.496,0.299) target=(1166,376) cursor=(1166,376)
[2026-06-07 14:14:01] [computeCursor] IN: screenSize=(1920,1080) → OUT: cursor=(1166,375) (0ms)
[CURSOR-ABS] handSide=unknown hand=(0.393,0.307) filter=(0.496,0.299) target=(1167,376) cursor=(1166,376)
[2026-06-07 14:14:01] [computeCursor] IN: screenSize=(1920,1080) → OUT: cursor=(1167,375) (0ms)
[CURSOR-ABS] handSide=unknown hand=(0.393,0.320) filter=(0.495,0.299) target=(1168,376) cursor=(1167,376)
[2026-06-07 14:14:01] [computeCursor] IN: screenSize=(1920,1080) → OUT: cursor=(1168,375) (0ms)
[CURSOR-ABS] handSide=unknown hand=(0.391,0.331) filter=(0.495,0.299) target=(1169,376) cursor=(1168,376)
[2026-06-07 14:14:01] [computeCursor] IN: screenSize=(1920,1080) → OUT: cursor=(1169,375) (0ms)
[CURSOR-ABS] handSide=unknown hand=(0.387,0.342) filter=(0.495,0.299) target=(1170,376) cursor=(1169,376)
[2026-06-07 14:14:01] [computeCursor] IN: screenSize=(1920,1080) → OUT: cursor=(1170,376) (1ms)
[CURSOR-ABS] handSide=unknown hand=(0.388,0.352) filter=(0.495,0.299) target=(1171,376) cursor=(1170,376)
[2026-06-07 14:14:01] [computeCursor] IN: screenSize=(1920,1080) → OUT: cursor=(1171,376) (0ms)
[CURSOR-ABS] handSide=unknown hand=(0.386,0.364) filter=(0.494,0.299) target=(1172,377) cursor=(1171,376)
[2026-06-07 14:14:01] [computeCursor] IN: screenSize=(1920,1080) → OUT: cursor=(1172,376) (0ms)
[CURSOR-ABS] handSide=unknown hand=(0.384,0.374) filter=(0.494,0.300) target=(1173,377) cursor=(1172,377)
[2026-06-07 14:14:01] [computeCursor] IN: screenSize=(1920,1080) → OUT: cursor=(1173,377) (0ms)
[CURSOR-ABS] handSide=unknown hand=(0.383,0.383) filter=(0.494,0.300) target=(1174,377) cursor=(1173,377)
[2026-06-07 14:14:01] [computeCursor] IN: screenSize=(1920,1080) → OUT: cursor=(1174,377) (0ms)
[CURSOR-ABS] handSide=unknown hand=(0.383,0.395) filter=(0.494,0.300) target=(1175,378) cursor=(1174,377)
[2026-06-07 14:14:01] [computeCursor] IN: screenSize=(1920,1080) → OUT: cursor=(1175,377) (0ms)
[CURSOR-ABS] handSide=unknown hand=(0.382,0.402) filter=(0.493,0.300) target=(1176,378) cursor=(1175,378)
[2026-06-07 14:14:01] [computeCursor] IN: screenSize=(1920,1080) → OUT: cursor=(1176,378) (0ms)
[CURSOR-ABS] handSide=unknown hand=(0.381,0.407) filter=(0.493,0.300) target=(1177,379) cursor=(1176,378)
[2026-06-07 14:14:01] [computeCursor] IN: screenSize=(1920,1080) → OUT: cursor=(1176,378) (0ms)
[CURSOR-ABS] handSide=unknown hand=(0.380,0.413) filter=(0.493,0.301) target=(1178,379) cursor=(1177,379)
[2026-06-07 14:14:01] [computeCursor] IN: screenSize=(1920,1080) → OUT: cursor=(1177,379) (0ms)
[CURSOR-ABS] handSide=unknown hand=(0.381,0.412) filter=(0.493,0.301) target=(1179,380) cursor=(1178,379)
[2026-06-07 14:14:01] [computeCursor] IN: screenSize=(1920,1080) → OUT: cursor=(1178,379) (0ms)
[CURSOR-ABS] handSide=unknown hand=(0.382,0.409) filter=(0.492,0.301) target=(1180,380) cursor=(1179,380)
[2026-06-07 14:14:01] [computeCursor] IN: screenSize=(1920,1080) → OUT: cursor=(1179,379) (0ms)
[CURSOR-ABS] handSide=unknown hand=(0.383,0.405) filter=(0.492,0.301) target=(1181,380) cursor=(1180,380)
[2026-06-07 14:14:01] [computeCursor] IN: screenSize=(1920,1080) → OUT: cursor=(1180,380) (0ms)
[CURSOR-ABS] handSide=unknown hand=(0.384,0.392) filter=(0.492,0.301) target=(1182,381) cursor=(1181,380)
[2026-06-07 14:14:01] [computeCursor] IN: screenSize=(1920,1080) → OUT: cursor=(1181,380) (0ms)
[CURSOR-ABS] handSide=unknown hand=(0.385,0.372) filter=(0.492,0.301) target=(1183,381) cursor=(1182,381)
[2026-06-07 14:14:01] [computeCursor] IN: screenSize=(1920,1080) → OUT: cursor=(1182,381) (0ms)
[CURSOR-ABS] handSide=unknown hand=(0.385,0.358) filter=(0.491,0.302) target=(1183,381) cursor=(1182,381)
[2026-06-07 14:14:01] [computeCursor] IN: screenSize=(1920,1080) → OUT: cursor=(1183,381) (0ms)
[CURSOR-ABS] handSide=unknown hand=(0.385,0.339) filter=(0.491,0.302) target=(1184,381) cursor=(1183,381)
[2026-06-07 14:14:01] [computeCursor] IN: screenSize=(1920,1080) → OUT: cursor=(1184,381) (0ms)
[CURSOR-ABS] handSide=unknown hand=(0.386,0.318) filter=(0.491,0.302) target=(1185,381) cursor=(1184,381)
[2026-06-07 14:14:01] [computeCursor] IN: screenSize=(1920,1080) → OUT: cursor=(1185,381) (0ms)
[CURSOR-ABS] handSide=unknown hand=(0.388,0.292) filter=(0.491,0.302) target=(1186,381) cursor=(1185,381)
[2026-06-07 14:14:01] [computeCursor] IN: screenSize=(1920,1080) → OUT: cursor=(1185,381) (0ms)
[CURSOR-ABS] handSide=unknown hand=(0.391,0.264) filter=(0.491,0.302) target=(1187,381) cursor=(1186,381)
[2026-06-07 14:14:01] [computeCursor] IN: screenSize=(1920,1080) → OUT: cursor=(1186,381) (0ms)
[CURSOR-ABS] handSide=unknown hand=(0.394,0.236) filter=(0.490,0.301) target=(1188,381) cursor=(1187,381)
[2026-06-07 14:14:01] [computeCursor] IN: screenSize=(1920,1080) → OUT: cursor=(1187,381) (0ms)
[CURSOR-ABS] handSide=unknown hand=(0.400,0.206) filter=(0.490,0.301) target=(1188,381) cursor=(1188,381)
[2026-06-07 14:14:01] [computeCursor] IN: screenSize=(1920,1080) → OUT: cursor=(1188,380) (0ms)
[CURSOR-ABS] handSide=unknown hand=(0.406,0.173) filter=(0.490,0.301) target=(1189,380) cursor=(1188,381)
[2026-06-07 14:14:01] [computeCursor] IN: screenSize=(1920,1080) → OUT: cursor=(1188,380) (0ms)
[CURSOR-ABS] handSide=unknown hand=(0.410,0.144) filter=(0.490,0.301) target=(1190,379) cursor=(1189,380)
[2026-06-07 14:14:01] [computeCursor] IN: screenSize=(1920,1080) → OUT: cursor=(1189,379) (0ms)
[CURSOR-ABS] handSide=unknown hand=(0.414,0.123) filter=(0.490,0.300) target=(1190,379) cursor=(1190,380)
[2026-06-07 14:14:01] [computeCursor] IN: screenSize=(1920,1080) → OUT: cursor=(1190,378) (1ms)
[CURSOR-ABS] handSide=unknown hand=(0.416,0.103) filter=(0.489,0.300) target=(1191,378) cursor=(1190,379)
[2026-06-07 14:14:01] [computeCursor] IN: screenSize=(1920,1080) → OUT: cursor=(1190,377) (0ms)
[CURSOR-ABS] handSide=unknown hand=(0.416,0.087) filter=(0.489,0.300) target=(1191,377) cursor=(1191,378)
[2026-06-07 14:14:01] [computeCursor] IN: screenSize=(1920,1080) → OUT: cursor=(1191,377) (0ms)
[CURSOR-ABS] handSide=unknown hand=(0.399,0.090) filter=(0.489,0.299) target=(1192,376) cursor=(1191,377)
[2026-06-07 14:14:01] [computeCursor] IN: screenSize=(1920,1080) → OUT: cursor=(1192,376) (0ms)
[CURSOR-ABS] handSide=unknown hand=(0.397,0.106) filter=(0.489,0.299) target=(1193,375) cursor=(1192,376)
[2026-06-07 14:14:01] [computeCursor] IN: screenSize=(1920,1080) → OUT: cursor=(1192,375) (0ms)
[CURSOR-ABS] handSide=unknown hand=(0.399,0.121) filter=(0.489,0.298) target=(1194,375) cursor=(1193,375)
[2026-06-07 14:14:01] [computeCursor] IN: screenSize=(1920,1080) → OUT: cursor=(1193,374) (0ms)
[CURSOR-ABS] handSide=unknown hand=(0.400,0.137) filter=(0.489,0.298) target=(1194,374) cursor=(1194,375)
[2026-06-07 14:14:01] [computeCursor] IN: screenSize=(1920,1080) → OUT: cursor=(1194,373) (0ms)
[CURSOR-ABS] handSide=unknown hand=(0.403,0.153) filter=(0.488,0.298) target=(1195,373) cursor=(1194,374)
[2026-06-07 14:14:01] [computeCursor] IN: screenSize=(1920,1080) → OUT: cursor=(1194,373) (0ms)
[CURSOR-ABS] handSide=unknown hand=(0.403,0.171) filter=(0.488,0.298) target=(1196,373) cursor=(1195,373)
[2026-06-07 14:14:01] [computeCursor] IN: screenSize=(1920,1080) → OUT: cursor=(1195,372) (0ms)
[CURSOR-ABS] handSide=unknown hand=(0.407,0.188) filter=(0.488,0.297) target=(1196,372) cursor=(1196,373)
[2026-06-07 14:14:01] [computeCursor] IN: screenSize=(1920,1080) → OUT: cursor=(1196,372) (0ms)
[CURSOR-ABS] handSide=unknown hand=(0.416,0.195) filter=(0.488,0.297) target=(1197,372) cursor=(1196,372)
[2026-06-07 14:14:01] [computeCursor] IN: screenSize=(1920,1080) → OUT: cursor=(1196,371) (0ms)
[CURSOR-ABS] handSide=unknown hand=(0.429,0.204) filter=(0.488,0.297) target=(1197,371) cursor=(1197,372)
[2026-06-07 14:14:01] [computeCursor] IN: screenSize=(1920,1080) → OUT: cursor=(1197,371) (0ms)
[CURSOR-ABS] handSide=unknown hand=(0.447,0.198) filter=(0.488,0.297) target=(1198,371) cursor=(1197,371)
[2026-06-07 14:14:01] [computeCursor] IN: screenSize=(1920,1080) → OUT: cursor=(1197,370) (0ms)
[CURSOR-ABS] handSide=unknown hand=(0.463,0.188) filter=(0.488,0.297) target=(1198,371) cursor=(1198,371)
[2026-06-07 14:14:01] [computeCursor] IN: screenSize=(1920,1080) → OUT: cursor=(1197,370) (0ms)
[CURSOR-ABS] handSide=unknown hand=(0.466,0.173) filter=(0.488,0.296) target=(1198,370) cursor=(1198,371)
[2026-06-07 14:14:01] [computeCursor] IN: screenSize=(1920,1080) → OUT: cursor=(1197,369) (0ms)
[CURSOR-ABS] handSide=unknown hand=(0.459,0.171) filter=(0.488,0.296) target=(1198,369) cursor=(1198,370)
[2026-06-07 14:14:01] [computeCursor] IN: screenSize=(1920,1080) → OUT: cursor=(1198,369) (0ms)
[CURSOR-ABS] handSide=unknown hand=(0.445,0.173) filter=(0.487,0.296) target=(1198,369) cursor=(1198,369)
[2026-06-07 14:14:01] [computeCursor] IN: screenSize=(1920,1080) → OUT: cursor=(1198,368) (0ms)
[CURSOR-ABS] handSide=unknown hand=(0.432,0.155) filter=(0.487,0.296) target=(1199,368) cursor=(1198,369)
[2026-06-07 14:14:01] [computeCursor] IN: screenSize=(1920,1080) → OUT: cursor=(1198,368) (0ms)
[CURSOR-ABS] handSide=unknown hand=(0.425,0.158) filter=(0.487,0.295) target=(1199,368) cursor=(1199,368)
[2026-06-07 14:14:01] [computeCursor] IN: screenSize=(1920,1080) → OUT: cursor=(1199,367) (0ms)
[CURSOR-ABS] handSide=unknown hand=(0.426,0.165) filter=(0.487,0.295) target=(1200,367) cursor=(1199,368)
[2026-06-07 14:14:01] [computeCursor] IN: screenSize=(1920,1080) → OUT: cursor=(1199,367) (0ms)
[CURSOR-ABS] handSide=unknown hand=(0.439,0.180) filter=(0.487,0.295) target=(1200,367) cursor=(1200,367)
[2026-06-07 14:14:01] [computeCursor] IN: screenSize=(1920,1080) → OUT: cursor=(1200,366) (0ms)
[CURSOR-ABS] handSide=unknown hand=(0.444,0.184) filter=(0.487,0.294) target=(1200,366) cursor=(1200,367)
[2026-06-07 14:14:01] [computeCursor] IN: screenSize=(1920,1080) → OUT: cursor=(1200,366) (0ms)
[CURSOR-ABS] handSide=unknown hand=(0.439,0.202) filter=(0.487,0.294) target=(1201,366) cursor=(1200,366)
[2026-06-07 14:14:01] [computeCursor] IN: screenSize=(1920,1080) → OUT: cursor=(1200,365) (0ms)
[CURSOR-ABS] handSide=unknown hand=(0.432,0.204) filter=(0.487,0.294) target=(1201,365) cursor=(1201,366)
[2026-06-07 14:14:01] [computeCursor] IN: screenSize=(1920,1080) → OUT: cursor=(1201,365) (0ms)
[CURSOR-ABS] handSide=unknown hand=(0.435,0.213) filter=(0.487,0.294) target=(1202,365) cursor=(1201,365)
[2026-06-07 14:14:01] [computeCursor] IN: screenSize=(1920,1080) → OUT: cursor=(1201,364) (1ms)
[CURSOR-ABS] handSide=unknown hand=(0.452,0.202) filter=(0.487,0.294) target=(1202,364) cursor=(1202,365)
[2026-06-07 14:14:01] [computeCursor] IN: screenSize=(1920,1080) → OUT: cursor=(1201,364) (0ms)
[CURSOR-ABS] handSide=unknown hand=(0.465,0.192) filter=(0.487,0.294) target=(1202,364) cursor=(1202,364)
[2026-06-07 14:14:01] [computeCursor] IN: screenSize=(1920,1080) → OUT: cursor=(1202,363) (0ms)
[CURSOR-ABS] handSide=unknown hand=(0.466,0.191) filter=(0.486,0.293) target=(1202,363) cursor=(1202,364)
[2026-06-07 14:14:01] [computeCursor] IN: screenSize=(1920,1080) → OUT: cursor=(1202,363) (0ms)
[CURSOR-ABS] handSide=unknown hand=(0.455,0.198) filter=(0.486,0.293) target=(1202,363) cursor=(1202,363)
[2026-06-07 14:14:01] [computeCursor] IN: screenSize=(1920,1080) → OUT: cursor=(1202,363) (0ms)
[CURSOR-ABS] handSide=unknown hand=(0.447,0.201) filter=(0.486,0.293) target=(1203,363) cursor=(1202,363)
[2026-06-07 14:14:01] [computeCursor] IN: screenSize=(1920,1080) → OUT: cursor=(1202,362) (0ms)
[CURSOR-ABS] handSide=unknown hand=(0.447,0.200) filter=(0.486,0.293) target=(1203,362) cursor=(1203,363)
[2026-06-07 14:14:01] [computeCursor] IN: screenSize=(1920,1080) → OUT: cursor=(1203,362) (0ms)
[CURSOR-ABS] handSide=unknown hand=(0.450,0.198) filter=(0.486,0.293) target=(1203,362) cursor=(1203,362)
[2026-06-07 14:14:01] [computeCursor] IN: screenSize=(1920,1080) → OUT: cursor=(1203,361) (0ms)
[CURSOR-ABS] handSide=unknown hand=(0.446,0.205) filter=(0.486,0.292) target=(1204,361) cursor=(1203,362)
[2026-06-07 14:14:01] [computeCursor] IN: screenSize=(1920,1080) → OUT: cursor=(1203,361) (0ms)
[CURSOR-ABS] handSide=unknown hand=(0.439,0.210) filter=(0.486,0.292) target=(1204,361) cursor=(1204,361)
[2026-06-07 14:14:01] [computeCursor] IN: screenSize=(1920,1080) → OUT: cursor=(1203,361) (0ms)
[CURSOR-ABS] handSide=unknown hand=(0.442,0.213) filter=(0.486,0.292) target=(1204,361) cursor=(1204,361)
[2026-06-07 14:14:01] [computeCursor] IN: screenSize=(1920,1080) → OUT: cursor=(1204,360) (0ms)
[CURSOR-ABS] handSide=unknown hand=(0.453,0.206) filter=(0.486,0.292) target=(1204,360) cursor=(1204,361)
[2026-06-07 14:14:01] [computeCursor] IN: screenSize=(1920,1080) → OUT: cursor=(1204,360) (0ms)
[CURSOR-ABS] handSide=unknown hand=(0.460,0.202) filter=(0.486,0.292) target=(1205,360) cursor=(1204,360)
[2026-06-07 14:14:01] [computeCursor] IN: screenSize=(1920,1080) → OUT: cursor=(1204,359) (0ms)
[CURSOR-ABS] handSide=unknown hand=(0.460,0.195) filter=(0.486,0.291) target=(1205,359) cursor=(1205,360)
[2026-06-07 14:14:01] [computeCursor] IN: screenSize=(1920,1080) → OUT: cursor=(1204,359) (0ms)
[CURSOR-ABS] handSide=unknown hand=(0.463,0.193) filter=(0.486,0.291) target=(1205,359) cursor=(1205,359)
[2026-06-07 14:14:01] [computeCursor] IN: screenSize=(1920,1080) → OUT: cursor=(1205,358) (0ms)
[CURSOR-ABS] handSide=unknown hand=(0.458,0.204) filter=(0.486,0.291) target=(1205,359) cursor=(1205,359)
[2026-06-07 14:14:01] [computeCursor] IN: screenSize=(1920,1080) → OUT: cursor=(1205,358) (0ms)
[CURSOR-ABS] handSide=unknown hand=(0.448,0.213) filter=(0.486,0.291) target=(1205,358) cursor=(1205,359)
[2026-06-07 14:14:01] [computeCursor] IN: screenSize=(1920,1080) → OUT: cursor=(1205,358) (0ms)
[CURSOR-ABS] handSide=unknown hand=(0.437,0.209) filter=(0.486,0.291) target=(1206,358) cursor=(1205,358)
[2026-06-07 14:14:01] [computeCursor] IN: screenSize=(1920,1080) → OUT: cursor=(1205,357) (0ms)
[CURSOR-ABS] handSide=unknown hand=(0.430,0.219) filter=(0.485,0.291) target=(1206,357) cursor=(1206,358)
[2026-06-07 14:14:01] [computeCursor] IN: screenSize=(1920,1080) → OUT: cursor=(1206,357) (0ms)
[CURSOR-ABS] handSide=unknown hand=(0.427,0.227) filter=(0.485,0.290) target=(1207,357) cursor=(1206,357)
[2026-06-07 14:14:01] [computeCursor] IN: screenSize=(1920,1080) → OUT: cursor=(1206,357) (0ms)
[CURSOR-ABS] handSide=unknown hand=(0.424,0.234) filter=(0.485,0.290) target=(1207,357) cursor=(1207,357)
[2026-06-07 14:14:01] [computeCursor] IN: screenSize=(1920,1080) → OUT: cursor=(1207,356) (0ms)
[CURSOR-ABS] handSide=unknown hand=(0.424,0.242) filter=(0.485,0.290) target=(1207,357) cursor=(1207,357)
[2026-06-07 14:14:01] [computeCursor] IN: screenSize=(1920,1080) → OUT: cursor=(1207,356) (0ms)
[CURSOR-ABS] handSide=unknown hand=(0.427,0.239) filter=(0.485,0.290) target=(1208,356) cursor=(1207,357)
[2026-06-07 14:14:01] [computeCursor] IN: screenSize=(1920,1080) → OUT: cursor=(1207,356) (0ms)
[CURSOR-ABS] handSide=unknown hand=(0.428,0.238) filter=(0.485,0.290) target=(1208,356) cursor=(1208,356)
[2026-06-07 14:14:01] [computeCursor] IN: screenSize=(1920,1080) → OUT: cursor=(1208,356) (0ms)
[CURSOR-ABS] handSide=unknown hand=(0.430,0.235) filter=(0.485,0.290) target=(1209,356) cursor=(1208,356)
[2026-06-07 14:14:01] [computeCursor] IN: screenSize=(1920,1080) → OUT: cursor=(1208,355) (0ms)
[CURSOR-ABS] handSide=unknown hand=(0.434,0.232) filter=(0.485,0.290) target=(1209,356) cursor=(1209,356)
[2026-06-07 14:14:01] [computeCursor] IN: screenSize=(1920,1080) → OUT: cursor=(1209,355) (0ms)
[CURSOR-ABS] handSide=unknown hand=(0.439,0.230) filter=(0.485,0.290) target=(1209,355) cursor=(1209,356)
[2026-06-07 14:14:01] [computeCursor] IN: screenSize=(1920,1080) → OUT: cursor=(1209,355) (0ms)
[CURSOR-ABS] handSide=unknown hand=(0.436,0.229) filter=(0.485,0.289) target=(1210,355) cursor=(1209,355)
[2026-06-07 14:14:01] [computeCursor] IN: screenSize=(1920,1080) → OUT: cursor=(1209,355) (0ms)
[CURSOR-ABS] handSide=unknown hand=(0.432,0.232) filter=(0.484,0.289) target=(1210,355) cursor=(1210,355)
[2026-06-07 14:14:01] [computeCursor] IN: screenSize=(1920,1080) → OUT: cursor=(1210,354) (0ms)
[CURSOR-ABS] handSide=unknown hand=(0.425,0.241) filter=(0.484,0.289) target=(1210,355) cursor=(1210,355)
[2026-06-07 14:14:01] [computeCursor] IN: screenSize=(1920,1080) → OUT: cursor=(1210,354) (0ms)
[CURSOR-ABS] handSide=unknown hand=(0.418,0.256) filter=(0.484,0.289) target=(1211,355) cursor=(1210,355)
[2026-06-07 14:14:01] [computeCursor] IN: screenSize=(1920,1080) → OUT: cursor=(1210,354) (0ms)
[CURSOR-ABS] handSide=unknown hand=(0.433,0.283) filter=(0.484,0.289) target=(1211,354) cursor=(1211,355)
[2026-06-07 14:14:01] [computeCursor] IN: screenSize=(1920,1080) → OUT: cursor=(1211,354) (0ms)
[CURSOR-ABS] handSide=unknown hand=(0.457,0.286) filter=(0.484,0.289) target=(1211,354) cursor=(1211,354)
[2026-06-07 14:14:01] [computeCursor] IN: screenSize=(1920,1080) → OUT: cursor=(1211,354) (0ms)
[CURSOR-ABS] handSide=unknown hand=(0.459,0.300) filter=(0.484,0.289) target=(1212,355) cursor=(1211,354)
[2026-06-07 14:14:01] [computeCursor] IN: screenSize=(1920,1080) → OUT: cursor=(1211,354) (0ms)
[CURSOR-ABS] handSide=unknown hand=(0.460,0.312) filter=(0.484,0.289) target=(1212,355) cursor=(1212,355)
[2026-06-07 14:14:01] [computeCursor] IN: screenSize=(1920,1080) → OUT: cursor=(1211,354) (1ms)
[CURSOR-ABS] handSide=unknown hand=(0.460,0.321) filter=(0.484,0.289) target=(1212,355) cursor=(1212,355)
[2026-06-07 14:14:01] [computeCursor] IN: screenSize=(1920,1080) → OUT: cursor=(1211,354) (0ms)
[CURSOR-ABS] handSide=unknown hand=(0.461,0.330) filter=(0.484,0.289) target=(1212,355) cursor=(1212,355)
[2026-06-07 14:14:01] [computeCursor] IN: screenSize=(1920,1080) → OUT: cursor=(1212,354) (0ms)
[CURSOR-ABS] handSide=unknown hand=(0.469,0.330) filter=(0.484,0.289) target=(1212,355) cursor=(1212,355)
[2026-06-07 14:14:01] [computeCursor] IN: screenSize=(1920,1080) → OUT: cursor=(1212,355) (0ms)
[CURSOR-ABS] handSide=unknown hand=(0.465,0.336) filter=(0.484,0.290) target=(1212,355) cursor=(1212,355)
[2026-06-07 14:14:01] [computeCursor] IN: screenSize=(1920,1080) → OUT: cursor=(1212,355) (0ms)
[CURSOR-ABS] handSide=unknown hand=(0.442,0.304) filter=(0.484,0.290) target=(1213,355) cursor=(1212,355)
[2026-06-07 14:14:01] [computeCursor] IN: screenSize=(1920,1080) → OUT: cursor=(1212,355) (0ms)
[CURSOR-ABS] handSide=unknown hand=(0.443,0.306) filter=(0.484,0.290) target=(1213,356) cursor=(1213,355)
[2026-06-07 14:14:01] [computeCursor] IN: screenSize=(1920,1080) → OUT: cursor=(1212,355) (0ms)
[CURSOR-ABS] handSide=unknown hand=(0.443,0.299) filter=(0.484,0.290) target=(1213,356) cursor=(1213,356)
[2026-06-07 14:14:01] [computeCursor] IN: screenSize=(1920,1080) → OUT: cursor=(1213,355) (0ms)
[CURSOR-ABS] handSide=unknown hand=(0.444,0.301) filter=(0.484,0.290) target=(1213,356) cursor=(1213,356)
[2026-06-07 14:14:01] [computeCursor] IN: screenSize=(1920,1080) → OUT: cursor=(1213,355) (0ms)
[CURSOR-ABS] handSide=unknown hand=(0.441,0.299) filter=(0.484,0.290) target=(1214,356) cursor=(1213,356)
[2026-06-07 14:14:01] [computeCursor] IN: screenSize=(1920,1080) → OUT: cursor=(1213,355) (0ms)
[CURSOR-ABS] handSide=unknown hand=(0.444,0.298) filter=(0.483,0.290) target=(1214,356) cursor=(1214,356)
[2026-06-07 14:14:01] [computeCursor] IN: screenSize=(1920,1080) → OUT: cursor=(1213,355) (0ms)
[CURSOR-ABS] handSide=unknown hand=(0.447,0.293) filter=(0.483,0.290) target=(1214,356) cursor=(1214,356)
[2026-06-07 14:14:01] [computeCursor] IN: screenSize=(1920,1080) → OUT: cursor=(1214,355) (0ms)
[CURSOR-ABS] handSide=unknown hand=(0.450,0.289) filter=(0.483,0.290) target=(1214,356) cursor=(1214,356)
[2026-06-07 14:14:01] [computeCursor] IN: screenSize=(1920,1080) → OUT: cursor=(1214,355) (0ms)
[CURSOR-ABS] handSide=unknown hand=(0.450,0.290) filter=(0.483,0.290) target=(1215,356) cursor=(1214,356)
[2026-06-07 14:14:01] [computeCursor] IN: screenSize=(1920,1080) → OUT: cursor=(1214,355) (0ms)
[CURSOR-ABS] handSide=unknown hand=(0.451,0.284) filter=(0.483,0.290) target=(1215,356) cursor=(1215,356)
[2026-06-07 14:14:01] [computeCursor] IN: screenSize=(1920,1080) → OUT: cursor=(1214,355) (0ms)
[CURSOR-ABS] handSide=unknown hand=(0.447,0.276) filter=(0.483,0.290) target=(1215,356) cursor=(1215,356)
[2026-06-07 14:14:01] [computeCursor] IN: screenSize=(1920,1080) → OUT: cursor=(1215,355) (0ms)
[CURSOR-ABS] handSide=unknown hand=(0.442,0.276) filter=(0.483,0.290) target=(1215,356) cursor=(1215,356)
[2026-06-07 14:14:01] [computeCursor] IN: screenSize=(1920,1080) → OUT: cursor=(1215,355) (0ms)
[CURSOR-ABS] handSide=unknown hand=(0.434,0.285) filter=(0.483,0.290) target=(1216,356) cursor=(1215,356)
[2026-06-07 14:14:01] [computeCursor] IN: screenSize=(1920,1080) → OUT: cursor=(1215,355) (0ms)
[CURSOR-ABS] handSide=unknown hand=(0.438,0.295) filter=(0.483,0.290) target=(1216,356) cursor=(1216,356)
[2026-06-07 14:14:01] [computeCursor] IN: screenSize=(1920,1080) → OUT: cursor=(1216,355) (0ms)
[CURSOR-ABS] handSide=unknown hand=(0.449,0.334) filter=(0.483,0.290) target=(1216,356) cursor=(1216,356)
[2026-06-07 14:14:01] [computeCursor] IN: screenSize=(1920,1080) → OUT: cursor=(1216,355) (0ms)
[CURSOR-ABS] handSide=unknown hand=(0.452,0.329) filter=(0.483,0.290) target=(1216,356) cursor=(1216,356)
[2026-06-07 14:14:01] [computeCursor] IN: screenSize=(1920,1080) → OUT: cursor=(1216,355) (0ms)
[CURSOR-ABS] handSide=unknown hand=(0.455,0.335) filter=(0.483,0.290) target=(1217,356) cursor=(1216,356)
[2026-06-07 14:14:01] [computeCursor] IN: screenSize=(1920,1080) → OUT: cursor=(1216,356) (0ms)
[CURSOR-ABS] handSide=unknown hand=(0.462,0.334) filter=(0.483,0.290) target=(1217,356) cursor=(1217,356)
[2026-06-07 14:14:01] [computeCursor] IN: screenSize=(1920,1080) → OUT: cursor=(1216,356) (0ms)
[CURSOR-ABS] handSide=unknown hand=(0.466,0.329) filter=(0.483,0.290) target=(1217,357) cursor=(1217,356)
[2026-06-07 14:14:01] [computeCursor] IN: screenSize=(1920,1080) → OUT: cursor=(1216,356) (0ms)
[CURSOR-ABS] handSide=unknown hand=(0.465,0.327) filter=(0.483,0.290) target=(1217,357) cursor=(1217,357)
[2026-06-07 14:14:01] [computeCursor] IN: screenSize=(1920,1080) → OUT: cursor=(1217,356) (0ms)
[CURSOR-ABS] handSide=unknown hand=(0.463,0.333) filter=(0.483,0.290) target=(1217,357) cursor=(1217,357)
[2026-06-07 14:14:01] [computeCursor] IN: screenSize=(1920,1080) → OUT: cursor=(1217,357) (0ms)
[CURSOR-ABS] handSide=unknown hand=(0.461,0.340) filter=(0.483,0.290) target=(1217,357) cursor=(1217,357)
[2026-06-07 14:14:01] [computeCursor] IN: screenSize=(1920,1080) → OUT: cursor=(1217,357) (0ms)
[CURSOR-ABS] handSide=unknown hand=(0.459,0.350) filter=(0.483,0.291) target=(1218,358) cursor=(1217,357)
[2026-06-07 14:14:01] [computeCursor] IN: screenSize=(1920,1080) → OUT: cursor=(1217,357) (0ms)
[CURSOR-ABS] handSide=unknown hand=(0.458,0.357) filter=(0.482,0.291) target=(1218,358) cursor=(1218,358)
[2026-06-07 14:14:01] [computeCursor] IN: screenSize=(1920,1080) → OUT: cursor=(1217,357) (0ms)
[CURSOR-ABS] handSide=unknown hand=(0.458,0.363) filter=(0.482,0.291) target=(1218,358) cursor=(1218,358)
[2026-06-07 14:14:01] [computeCursor] IN: screenSize=(1920,1080) → OUT: cursor=(1217,358) (0ms)
[CURSOR-ABS] handSide=unknown hand=(0.458,0.361) filter=(0.482,0.291) target=(1218,359) cursor=(1218,358)
[2026-06-07 14:14:01] [computeCursor] IN: screenSize=(1920,1080) → OUT: cursor=(1218,358) (0ms)
[CURSOR-ABS] handSide=unknown hand=(0.456,0.350) filter=(0.482,0.291) target=(1218,359) cursor=(1218,359)
[2026-06-07 14:14:01] [computeCursor] IN: screenSize=(1920,1080) → OUT: cursor=(1218,358) (0ms)
[CURSOR-ABS] handSide=unknown hand=(0.456,0.333) filter=(0.482,0.291) target=(1218,359) cursor=(1218,359)
[2026-06-07 14:14:01] [computeCursor] IN: screenSize=(1920,1080) → OUT: cursor=(1218,359) (0ms)
[CURSOR-ABS] handSide=unknown hand=(0.453,0.307) filter=(0.482,0.291) target=(1219,359) cursor=(1218,359)
[2026-06-07 14:14:01] [computeCursor] IN: screenSize=(1920,1080) → OUT: cursor=(1218,359) (0ms)
[CURSOR-ABS] handSide=unknown hand=(0.448,0.274) filter=(0.482,0.291) target=(1219,359) cursor=(1219,359)
[2026-06-07 14:14:01] [computeCursor] IN: screenSize=(1920,1080) → OUT: cursor=(1218,359) (0ms)
[CURSOR-ABS] handSide=unknown hand=(0.447,0.244) filter=(0.482,0.291) target=(1219,359) cursor=(1219,359)
[2026-06-07 14:14:01] [computeCursor] IN: screenSize=(1920,1080) → OUT: cursor=(1219,358) (0ms)
[CURSOR-ABS] handSide=unknown hand=(0.441,0.210) filter=(0.482,0.291) target=(1219,358) cursor=(1219,359)
[2026-06-07 14:14:01] [computeCursor] IN: screenSize=(1920,1080) → OUT: cursor=(1219,358) (0ms)
[CURSOR-ABS] handSide=unknown hand=(0.433,0.179) filter=(0.482,0.291) target=(1220,358) cursor=(1219,358)
[2026-06-07 14:14:01] [computeCursor] IN: screenSize=(1920,1080) → OUT: cursor=(1219,357) (0ms)
[CURSOR-ABS] handSide=unknown hand=(0.426,0.153) filter=(0.482,0.290) target=(1220,357) cursor=(1220,358)
[2026-06-07 14:14:01] [computeCursor] IN: screenSize=(1920,1080) → OUT: cursor=(1220,357) (0ms)
[CURSOR-ABS] handSide=unknown hand=(0.421,0.122) filter=(0.482,0.290) target=(1220,356) cursor=(1220,357)
[2026-06-07 14:14:01] [computeCursor] IN: screenSize=(1920,1080) → OUT: cursor=(1220,356) (0ms)
[CURSOR-ABS] handSide=unknown hand=(0.414,0.072) filter=(0.482,0.290) target=(1221,356) cursor=(1220,357)
[2026-06-07 14:14:01] [computeCursor] IN: screenSize=(1920,1080) → OUT: cursor=(1220,355) (0ms)
[CURSOR-ABS] handSide=unknown hand=(0.408,0.045) filter=(0.481,0.289) target=(1222,354) cursor=(1221,356)
[2026-06-07 14:14:01] [computeCursor] IN: screenSize=(1920,1080) → OUT: cursor=(1221,354) (0ms)
[CURSOR-ABS] handSide=unknown hand=(0.417,0.313) filter=(0.481,0.289) target=(1222,354) cursor=(1221,354)
[2026-06-07 14:14:01] [computeCursor] IN: screenSize=(1920,1080) → OUT: cursor=(1221,354) (0ms)
[CURSOR-ABS] handSide=unknown hand=(0.417,0.324) filter=(0.481,0.289) target=(1222,354) cursor=(1222,354)
[2026-06-07 14:14:01] [computeCursor] IN: screenSize=(1920,1080) → OUT: cursor=(1222,354) (0ms)
[CURSOR-ABS] handSide=unknown hand=(0.418,0.334) filter=(0.481,0.289) target=(1223,355) cursor=(1222,354)
[2026-06-07 14:14:01] [computeCursor] IN: screenSize=(1920,1080) → OUT: cursor=(1222,354) (0ms)
[CURSOR-ABS] handSide=unknown hand=(0.420,0.345) filter=(0.481,0.289) target=(1223,355) cursor=(1223,355)
[2026-06-07 14:14:01] [computeCursor] IN: screenSize=(1920,1080) → OUT: cursor=(1223,354) (0ms)
[CURSOR-ABS] handSide=unknown hand=(0.419,0.351) filter=(0.481,0.289) target=(1223,355) cursor=(1223,355)
[2026-06-07 14:14:01] [computeCursor] IN: screenSize=(1920,1080) → OUT: cursor=(1223,355) (0ms)
[CURSOR-ABS] handSide=unknown hand=(0.418,0.358) filter=(0.481,0.290) target=(1224,355) cursor=(1223,355)
[2026-06-07 14:14:01] [computeCursor] IN: screenSize=(1920,1080) → OUT: cursor=(1223,355) (0ms)
[CURSOR-ABS] handSide=unknown hand=(0.418,0.362) filter=(0.481,0.290) target=(1224,356) cursor=(1224,355)
[2026-06-07 14:14:01] [computeCursor] IN: screenSize=(1920,1080) → OUT: cursor=(1224,355) (0ms)
[CURSOR-ABS] handSide=unknown hand=(0.419,0.368) filter=(0.481,0.290) target=(1225,356) cursor=(1224,356)
[2026-06-07 14:14:01] [computeCursor] IN: screenSize=(1920,1080) → OUT: cursor=(1224,356) (0ms)
[CURSOR-ABS] handSide=unknown hand=(0.420,0.374) filter=(0.481,0.290) target=(1225,357) cursor=(1225,356)
[2026-06-07 14:14:01] [computeCursor] IN: screenSize=(1920,1080) → OUT: cursor=(1225,356) (0ms)
[CURSOR-ABS] handSide=unknown hand=(0.420,0.380) filter=(0.480,0.290) target=(1225,357) cursor=(1225,357)
[2026-06-07 14:14:01] [computeCursor] IN: screenSize=(1920,1080) → OUT: cursor=(1225,356) (0ms)
[CURSOR-ABS] handSide=unknown hand=(0.421,0.383) filter=(0.480,0.290) target=(1226,357) cursor=(1225,357)
[2026-06-07 14:14:01] [computeCursor] IN: screenSize=(1920,1080) → OUT: cursor=(1225,357) (0ms)
[CURSOR-ABS] handSide=unknown hand=(0.422,0.385) filter=(0.480,0.291) target=(1226,358) cursor=(1226,357)
[2026-06-07 14:14:01] [computeCursor] IN: screenSize=(1920,1080) → OUT: cursor=(1226,357) (0ms)
[CURSOR-ABS] handSide=unknown hand=(0.421,0.379) filter=(0.480,0.291) target=(1227,358) cursor=(1226,358)
[2026-06-07 14:14:01] [computeCursor] IN: screenSize=(1920,1080) → OUT: cursor=(1226,358) (0ms)
[CURSOR-ABS] handSide=unknown hand=(0.424,0.372) filter=(0.480,0.291) target=(1227,359) cursor=(1227,358)
[2026-06-07 14:14:01] [computeCursor] IN: screenSize=(1920,1080) → OUT: cursor=(1226,358) (0ms)
[CURSOR-ABS] handSide=unknown hand=(0.422,0.358) filter=(0.480,0.291) target=(1227,359) cursor=(1227,359)
[2026-06-07 14:14:01] [computeCursor] IN: screenSize=(1920,1080) → OUT: cursor=(1227,358) (0ms)
[CURSOR-ABS] handSide=unknown hand=(0.423,0.339) filter=(0.480,0.291) target=(1228,359) cursor=(1227,359)
[2026-06-07 14:14:01] [computeCursor] IN: screenSize=(1920,1080) → OUT: cursor=(1227,359) (0ms)
[CURSOR-ABS] handSide=unknown hand=(0.422,0.318) filter=(0.480,0.291) target=(1228,359) cursor=(1228,359)
[2026-06-07 14:14:01] [computeCursor] IN: screenSize=(1920,1080) → OUT: cursor=(1228,359) (0ms)
[CURSOR-ABS] handSide=unknown hand=(0.424,0.295) filter=(0.480,0.291) target=(1228,359) cursor=(1228,359)
[2026-06-07 14:14:01] [computeCursor] IN: screenSize=(1920,1080) → OUT: cursor=(1228,359) (0ms)
[CURSOR-ABS] handSide=unknown hand=(0.427,0.276) filter=(0.480,0.291) target=(1229,359) cursor=(1228,359)
[2026-06-07 14:14:01] [computeCursor] IN: screenSize=(1920,1080) → OUT: cursor=(1228,359) (0ms)
[CURSOR-ABS] handSide=unknown hand=(0.430,0.252) filter=(0.480,0.291) target=(1229,359) cursor=(1229,359)
[2026-06-07 14:14:01] [computeCursor] IN: screenSize=(1920,1080) → OUT: cursor=(1229,359) (0ms)
[CURSOR-ABS] handSide=unknown hand=(0.429,0.229) filter=(0.479,0.291) target=(1229,359) cursor=(1229,359)
[2026-06-07 14:14:01] [computeCursor] IN: screenSize=(1920,1080) → OUT: cursor=(1229,358) (0ms)
[CURSOR-ABS] handSide=unknown hand=(0.429,0.208) filter=(0.479,0.291) target=(1230,358) cursor=(1229,359)
[2026-06-07 14:14:01] [computeCursor] IN: screenSize=(1920,1080) → OUT: cursor=(1229,358) (0ms)
[CURSOR-ABS] handSide=unknown hand=(0.431,0.185) filter=(0.479,0.291) target=(1230,358) cursor=(1230,358)
[2026-06-07 14:14:01] [computeCursor] IN: screenSize=(1920,1080) → OUT: cursor=(1229,357) (1ms)
[CURSOR-ABS] handSide=unknown hand=(0.431,0.169) filter=(0.479,0.290) target=(1230,357) cursor=(1230,358)
[2026-06-07 14:14:01] [computeCursor] IN: screenSize=(1920,1080) → OUT: cursor=(1230,357) (0ms)
[CURSOR-ABS] handSide=unknown hand=(0.433,0.149) filter=(0.479,0.290) target=(1231,357) cursor=(1230,357)
[2026-06-07 14:14:01] [computeCursor] IN: screenSize=(1920,1080) → OUT: cursor=(1230,356) (0ms)
[CURSOR-ABS] handSide=unknown hand=(0.434,0.132) filter=(0.479,0.290) target=(1231,356) cursor=(1231,357)
[2026-06-07 14:14:01] [computeCursor] IN: screenSize=(1920,1080) → OUT: cursor=(1230,355) (0ms)
[CURSOR-ABS] handSide=unknown hand=(0.435,0.113) filter=(0.479,0.289) target=(1231,355) cursor=(1231,356)
[2026-06-07 14:14:01] [computeCursor] IN: screenSize=(1920,1080) → OUT: cursor=(1231,355) (0ms)
[CURSOR-ABS] handSide=unknown hand=(0.428,0.275) filter=(0.479,0.289) target=(1231,355) cursor=(1231,355)
[2026-06-07 14:14:01] [computeCursor] IN: screenSize=(1920,1080) → OUT: cursor=(1231,354) (0ms)
[CURSOR-ABS] handSide=unknown hand=(0.426,0.297) filter=(0.479,0.289) target=(1232,355) cursor=(1231,355)
[2026-06-07 14:14:01] [computeCursor] IN: screenSize=(1920,1080) → OUT: cursor=(1231,354) (0ms)
[CURSOR-ABS] handSide=unknown hand=(0.426,0.320) filter=(0.479,0.289) target=(1232,355) cursor=(1232,355)
[2026-06-07 14:14:01] [computeCursor] IN: screenSize=(1920,1080) → OUT: cursor=(1232,355) (0ms)
[CURSOR-ABS] handSide=unknown hand=(0.425,0.341) filter=(0.479,0.290) target=(1232,355) cursor=(1232,355)
[2026-06-07 14:14:01] [computeCursor] IN: screenSize=(1920,1080) → OUT: cursor=(1232,355) (0ms)
[CURSOR-ABS] handSide=unknown hand=(0.425,0.353) filter=(0.479,0.290) target=(1233,356) cursor=(1232,355)
[2026-06-07 14:14:01] [computeCursor] IN: screenSize=(1920,1080) → OUT: cursor=(1232,355) (0ms)
[CURSOR-ABS] handSide=unknown hand=(0.423,0.366) filter=(0.478,0.290) target=(1233,356) cursor=(1233,356)
[2026-06-07 14:14:01] [computeCursor] IN: screenSize=(1920,1080) → OUT: cursor=(1232,355) (0ms)
[CURSOR-ABS] handSide=unknown hand=(0.420,0.369) filter=(0.478,0.290) target=(1233,356) cursor=(1233,356)
[2026-06-07 14:14:01] [computeCursor] IN: screenSize=(1920,1080) → OUT: cursor=(1233,356) (0ms)
[CURSOR-ABS] handSide=unknown hand=(0.419,0.373) filter=(0.478,0.290) target=(1234,357) cursor=(1233,356)
[2026-06-07 14:14:01] [computeCursor] IN: screenSize=(1920,1080) → OUT: cursor=(1233,356) (0ms)
[CURSOR-ABS] handSide=unknown hand=(0.417,0.371) filter=(0.478,0.290) target=(1234,357) cursor=(1234,357)
[2026-06-07 14:14:01] [computeCursor] IN: screenSize=(1920,1080) → OUT: cursor=(1234,357) (0ms)
[CURSOR-ABS] handSide=unknown hand=(0.417,0.365) filter=(0.478,0.291) target=(1234,357) cursor=(1234,357)
[2026-06-07 14:14:01] [computeCursor] IN: screenSize=(1920,1080) → OUT: cursor=(1234,357) (0ms)
[CURSOR-ABS] handSide=unknown hand=(0.418,0.356) filter=(0.478,0.291) target=(1235,358) cursor=(1234,357)
[2026-06-07 14:14:01] [computeCursor] IN: screenSize=(1920,1080) → OUT: cursor=(1234,357) (0ms)
[CURSOR-ABS] handSide=unknown hand=(0.419,0.351) filter=(0.478,0.291) target=(1235,358) cursor=(1235,358)
[2026-06-07 14:14:01] [computeCursor] IN: screenSize=(1920,1080) → OUT: cursor=(1235,357) (0ms)
[CURSOR-ABS] handSide=unknown hand=(0.419,0.349) filter=(0.478,0.291) target=(1235,358) cursor=(1235,358)
[2026-06-07 14:14:01] [computeCursor] IN: screenSize=(1920,1080) → OUT: cursor=(1235,358) (0ms)
[CURSOR-ABS] handSide=unknown hand=(0.419,0.350) filter=(0.478,0.291) target=(1236,358) cursor=(1235,358)
[2026-06-07 14:14:01] [computeCursor] IN: screenSize=(1920,1080) → OUT: cursor=(1235,358) (0ms)
[CURSOR-ABS] handSide=unknown hand=(0.418,0.351) filter=(0.478,0.291) target=(1236,359) cursor=(1236,358)
[2026-06-07 14:14:01] [computeCursor] IN: screenSize=(1920,1080) → OUT: cursor=(1236,358) (0ms)
[CURSOR-ABS] handSide=unknown hand=(0.416,0.358) filter=(0.478,0.291) target=(1236,359) cursor=(1236,359)
[2026-06-07 14:14:01] [computeCursor] IN: screenSize=(1920,1080) → OUT: cursor=(1236,359) (0ms)
[CURSOR-ABS] handSide=unknown hand=(0.415,0.361) filter=(0.478,0.291) target=(1237,359) cursor=(1236,359)
[2026-06-07 14:14:01] [computeCursor] IN: screenSize=(1920,1080) → OUT: cursor=(1236,359) (0ms)
[CURSOR-ABS] handSide=unknown hand=(0.414,0.349) filter=(0.477,0.292) target=(1237,360) cursor=(1237,359)
[2026-06-07 14:14:01] [computeCursor] IN: screenSize=(1920,1080) → OUT: cursor=(1237,359) (0ms)
[CURSOR-ABS] handSide=unknown hand=(0.413,0.319) filter=(0.477,0.292) target=(1237,360) cursor=(1237,360)
[2026-06-07 14:14:01] [computeCursor] IN: screenSize=(1920,1080) → OUT: cursor=(1237,359) (0ms)
[CURSOR-ABS] handSide=unknown hand=(0.412,0.310) filter=(0.477,0.292) target=(1238,360) cursor=(1237,360)
[2026-06-07 14:14:01] [computeCursor] IN: screenSize=(1920,1080) → OUT: cursor=(1237,359) (0ms)
[CURSOR-ABS] handSide=unknown hand=(0.411,0.306) filter=(0.477,0.292) target=(1238,360) cursor=(1238,360)
[2026-06-07 14:14:01] [computeCursor] IN: screenSize=(1920,1080) → OUT: cursor=(1238,359) (0ms)
[CURSOR-ABS] handSide=unknown hand=(0.411,0.308) filter=(0.477,0.292) target=(1239,360) cursor=(1238,360)
[2026-06-07 14:14:01] [computeCursor] IN: screenSize=(1920,1080) → OUT: cursor=(1238,359) (0ms)
[CURSOR-ABS] handSide=unknown hand=(0.411,0.307) filter=(0.477,0.292) target=(1239,360) cursor=(1239,360)
[2026-06-07 14:14:01] [computeCursor] IN: screenSize=(1920,1080) → OUT: cursor=(1238,360) (0ms)
[CURSOR-ABS] handSide=unknown hand=(0.410,0.313) filter=(0.477,0.292) target=(1239,360) cursor=(1239,360)
[2026-06-07 14:14:01] [computeCursor] IN: screenSize=(1920,1080) → OUT: cursor=(1239,360) (0ms)
[CURSOR-ABS] handSide=unknown hand=(0.410,0.318) filter=(0.477,0.292) target=(1240,360) cursor=(1239,360)
[2026-06-07 14:14:01] [computeCursor] IN: screenSize=(1920,1080) → OUT: cursor=(1239,360) (0ms)
[CURSOR-ABS] handSide=unknown hand=(0.411,0.298) filter=(0.477,0.292) target=(1240,360) cursor=(1240,360)
[2026-06-07 14:14:01] [computeCursor] IN: screenSize=(1920,1080) → OUT: cursor=(1240,360) (0ms)
[CURSOR-ABS] handSide=unknown hand=(0.412,0.280) filter=(0.477,0.292) target=(1240,360) cursor=(1240,360)
[2026-06-07 14:14:01] [computeCursor] IN: screenSize=(1920,1080) → OUT: cursor=(1240,360) (1ms)
[CURSOR-ABS] handSide=unknown hand=(0.413,0.270) filter=(0.476,0.292) target=(1241,360) cursor=(1240,360)
[2026-06-07 14:14:01] [computeCursor] IN: screenSize=(1920,1080) → OUT: cursor=(1240,360) (0ms)
[CURSOR-ABS] handSide=unknown hand=(0.415,0.260) filter=(0.476,0.292) target=(1241,360) cursor=(1241,360)
[2026-06-07 14:14:01] [computeCursor] IN: screenSize=(1920,1080) → OUT: cursor=(1241,359) (0ms)
[CURSOR-ABS] handSide=unknown hand=(0.415,0.256) filter=(0.476,0.292) target=(1241,360) cursor=(1241,360)
[2026-06-07 14:14:01] [computeCursor] IN: screenSize=(1920,1080) → OUT: cursor=(1241,359) (0ms)
[CURSOR-ABS] handSide=unknown hand=(0.416,0.259) filter=(0.476,0.292) target=(1242,360) cursor=(1241,360)
[2026-06-07 14:14:01] [computeCursor] IN: screenSize=(1920,1080) → OUT: cursor=(1241,359) (0ms)
[CURSOR-ABS] handSide=unknown hand=(0.416,0.261) filter=(0.476,0.291) target=(1242,360) cursor=(1242,360)
[2026-06-07 14:14:01] [computeCursor] IN: screenSize=(1920,1080) → OUT: cursor=(1242,359) (0ms)
[CURSOR-ABS] handSide=unknown hand=(0.418,0.257) filter=(0.476,0.291) target=(1242,359) cursor=(1242,360)
[2026-06-07 14:14:01] [computeCursor] IN: screenSize=(1920,1080) → OUT: cursor=(1242,359) (0ms)
[CURSOR-ABS] handSide=unknown hand=(0.418,0.255) filter=(0.476,0.291) target=(1243,359) cursor=(1242,359)
[2026-06-07 14:14:01] [computeCursor] IN: screenSize=(1920,1080) → OUT: cursor=(1242,359) (0ms)
[CURSOR-ABS] handSide=unknown hand=(0.421,0.252) filter=(0.476,0.291) target=(1243,359) cursor=(1243,359)
[2026-06-07 14:14:01] [computeCursor] IN: screenSize=(1920,1080) → OUT: cursor=(1242,359) (0ms)
[CURSOR-ABS] handSide=unknown hand=(0.422,0.251) filter=(0.476,0.291) target=(1243,359) cursor=(1243,359)
[2026-06-07 14:14:01] [computeCursor] IN: screenSize=(1920,1080) → OUT: cursor=(1243,358) (0ms)
[CURSOR-ABS] handSide=unknown hand=(0.423,0.250) filter=(0.476,0.291) target=(1244,359) cursor=(1243,359)
[2026-06-07 14:14:01] [computeCursor] IN: screenSize=(1920,1080) → OUT: cursor=(1243,358) (0ms)
[CURSOR-ABS] handSide=unknown hand=(0.424,0.254) filter=(0.476,0.291) target=(1244,358) cursor=(1244,359)
[2026-06-07 14:14:01] [computeCursor] IN: screenSize=(1920,1080) → OUT: cursor=(1243,358) (0ms)
[CURSOR-ABS] handSide=unknown hand=(0.424,0.256) filter=(0.476,0.291) target=(1244,358) cursor=(1244,358)
[2026-06-07 14:14:01] [computeCursor] IN: screenSize=(1920,1080) → OUT: cursor=(1244,358) (0ms)
[CURSOR-ABS] handSide=unknown hand=(0.424,0.255) filter=(0.476,0.291) target=(1244,358) cursor=(1244,358)
[2026-06-07 14:14:01] [computeCursor] IN: screenSize=(1920,1080) → OUT: cursor=(1244,358) (0ms)
[CURSOR-ABS] handSide=unknown hand=(0.427,0.255) filter=(0.475,0.291) target=(1245,358) cursor=(1244,358)
[2026-06-07 14:14:01] [computeCursor] IN: screenSize=(1920,1080) → OUT: cursor=(1244,358) (0ms)
[CURSOR-ABS] handSide=unknown hand=(0.428,0.251) filter=(0.475,0.291) target=(1245,358) cursor=(1245,358)
[2026-06-07 14:14:01] [computeCursor] IN: screenSize=(1920,1080) → OUT: cursor=(1244,357) (0ms)
[CURSOR-ABS] handSide=unknown hand=(0.429,0.250) filter=(0.475,0.291) target=(1245,358) cursor=(1245,358)
[2026-06-07 14:14:01] [computeCursor] IN: screenSize=(1920,1080) → OUT: cursor=(1245,357) (0ms)
[CURSOR-ABS] handSide=unknown hand=(0.431,0.249) filter=(0.475,0.291) target=(1245,357) cursor=(1245,358)
[2026-06-07 14:14:01] [computeCursor] IN: screenSize=(1920,1080) → OUT: cursor=(1245,357) (0ms)
[CURSOR-ABS] handSide=unknown hand=(0.430,0.248) filter=(0.475,0.290) target=(1246,357) cursor=(1245,357)
[2026-06-07 14:14:01] [computeCursor] IN: screenSize=(1920,1080) → OUT: cursor=(1245,357) (0ms)
[CURSOR-ABS] handSide=unknown hand=(0.430,0.249) filter=(0.475,0.290) target=(1246,357) cursor=(1246,357)
[2026-06-07 14:14:01] [computeCursor] IN: screenSize=(1920,1080) → OUT: cursor=(1245,357) (0ms)
[CURSOR-ABS] handSide=unknown hand=(0.431,0.247) filter=(0.475,0.290) target=(1246,357) cursor=(1246,357)
[2026-06-07 14:14:01] [computeCursor] IN: screenSize=(1920,1080) → OUT: cursor=(1246,356) (0ms)
[CURSOR-ABS] handSide=unknown hand=(0.429,0.240) filter=(0.475,0.290) target=(1246,357) cursor=(1246,357)
[2026-06-07 14:14:01] [computeCursor] IN: screenSize=(1920,1080) → OUT: cursor=(1246,356) (0ms)
[CURSOR-ABS] handSide=unknown hand=(0.436,0.222) filter=(0.475,0.290) target=(1247,356) cursor=(1246,357)
[2026-06-07 14:14:01] [computeCursor] IN: screenSize=(1920,1080) → OUT: cursor=(1246,356) (0ms)
[CURSOR-ABS] handSide=unknown hand=(0.438,0.199) filter=(0.475,0.290) target=(1247,356) cursor=(1247,356)
[2026-06-07 14:14:01] [computeCursor] IN: screenSize=(1920,1080) → OUT: cursor=(1246,355) (0ms)
[CURSOR-ABS] handSide=unknown hand=(0.440,0.196) filter=(0.475,0.290) target=(1247,356) cursor=(1247,356)
[2026-06-07 14:14:01] [computeCursor] IN: screenSize=(1920,1080) → OUT: cursor=(1246,355) (0ms)
[CURSOR-ABS] handSide=unknown hand=(0.441,0.200) filter=(0.475,0.289) target=(1247,355) cursor=(1247,356)
[2026-06-07 14:14:01] [computeCursor] IN: screenSize=(1920,1080) → OUT: cursor=(1247,355) (0ms)
[CURSOR-ABS] handSide=unknown hand=(0.441,0.207) filter=(0.475,0.289) target=(1247,355) cursor=(1247,355)
[2026-06-07 14:14:01] [computeCursor] IN: screenSize=(1920,1080) → OUT: cursor=(1247,354) (0ms)
[CURSOR-ABS] handSide=unknown hand=(0.441,0.206) filter=(0.475,0.289) target=(1247,354) cursor=(1247,355)
[2026-06-07 14:14:01] [computeCursor] IN: screenSize=(1920,1080) → OUT: cursor=(1247,354) (0ms)
[CURSOR-ABS] handSide=unknown hand=(0.440,0.206) filter=(0.475,0.289) target=(1248,354) cursor=(1247,354)
[2026-06-07 14:14:01] [computeCursor] IN: screenSize=(1920,1080) → OUT: cursor=(1247,353) (0ms)
[CURSOR-ABS] handSide=unknown hand=(0.442,0.216) filter=(0.475,0.289) target=(1248,354) cursor=(1248,354)
[2026-06-07 14:14:01] [computeCursor] IN: screenSize=(1920,1080) → OUT: cursor=(1247,353) (0ms)
[CURSOR-ABS] handSide=unknown hand=(0.442,0.219) filter=(0.475,0.289) target=(1248,353) cursor=(1248,354)
[2026-06-07 14:14:01] [computeCursor] IN: screenSize=(1920,1080) → OUT: cursor=(1247,353) (0ms)
[CURSOR-ABS] handSide=unknown hand=(0.442,0.220) filter=(0.475,0.288) target=(1248,353) cursor=(1248,353)
[2026-06-07 14:14:01] [computeCursor] IN: screenSize=(1920,1080) → OUT: cursor=(1248,353) (0ms)
[CURSOR-ABS] handSide=unknown hand=(0.442,0.223) filter=(0.475,0.288) target=(1248,353) cursor=(1248,353)
[2026-06-07 14:14:01] [computeCursor] IN: screenSize=(1920,1080) → OUT: cursor=(1248,352) (0ms)
[CURSOR-ABS] handSide=unknown hand=(0.444,0.228) filter=(0.474,0.288) target=(1248,352) cursor=(1248,353)
[2026-06-07 14:14:01] [computeCursor] IN: screenSize=(1920,1080) → OUT: cursor=(1248,352) (0ms)
[CURSOR-ABS] handSide=unknown hand=(0.447,0.235) filter=(0.474,0.288) target=(1249,352) cursor=(1248,352)
[2026-06-07 14:14:01] [computeCursor] IN: screenSize=(1920,1080) → OUT: cursor=(1248,352) (0ms)
[CURSOR-ABS] handSide=unknown hand=(0.447,0.243) filter=(0.474,0.288) target=(1249,352) cursor=(1249,352)
[2026-06-07 14:14:01] [computeCursor] IN: screenSize=(1920,1080) → OUT: cursor=(1248,351) (0ms)
[CURSOR-ABS] handSide=unknown hand=(0.448,0.246) filter=(0.474,0.288) target=(1249,352) cursor=(1249,352)
[2026-06-07 14:14:01] [computeCursor] IN: screenSize=(1920,1080) → OUT: cursor=(1248,351) (0ms)
[CURSOR-ABS] handSide=unknown hand=(0.448,0.254) filter=(0.474,0.288) target=(1249,352) cursor=(1249,352)
[2026-06-07 14:14:01] [computeCursor] IN: screenSize=(1920,1080) → OUT: cursor=(1248,351) (0ms)
[CURSOR-ABS] handSide=unknown hand=(0.449,0.261) filter=(0.474,0.288) target=(1249,352) cursor=(1249,352)
[2026-06-07 14:14:01] [computeCursor] IN: screenSize=(1920,1080) → OUT: cursor=(1249,351) (0ms)
[CURSOR-ABS] handSide=unknown hand=(0.450,0.266) filter=(0.474,0.288) target=(1249,351) cursor=(1249,352)
[2026-06-07 14:14:01] [computeCursor] IN: screenSize=(1920,1080) → OUT: cursor=(1249,351) (0ms)
[CURSOR-ABS] handSide=unknown hand=(0.451,0.273) filter=(0.474,0.288) target=(1249,351) cursor=(1249,351)
[2026-06-07 14:14:01] [computeCursor] IN: screenSize=(1920,1080) → OUT: cursor=(1249,351) (0ms)
[CURSOR-ABS] handSide=unknown hand=(0.451,0.278) filter=(0.474,0.288) target=(1249,351) cursor=(1249,351)
[2026-06-07 14:14:01] [computeCursor] IN: screenSize=(1920,1080) → OUT: cursor=(1249,351) (0ms)
[CURSOR-ABS] handSide=unknown hand=(0.450,0.285) filter=(0.474,0.288) target=(1250,351) cursor=(1249,351)
[2026-06-07 14:14:01] [computeCursor] IN: screenSize=(1920,1080) → OUT: cursor=(1249,351) (0ms)
[CURSOR-ABS] handSide=unknown hand=(0.451,0.294) filter=(0.474,0.288) target=(1250,351) cursor=(1250,351)
[2026-06-07 14:14:01] [computeCursor] IN: screenSize=(1920,1080) → OUT: cursor=(1249,351) (0ms)
[CURSOR-ABS] handSide=unknown hand=(0.451,0.304) filter=(0.474,0.288) target=(1250,351) cursor=(1250,351)
[2026-06-07 14:14:01] [computeCursor] IN: screenSize=(1920,1080) → OUT: cursor=(1249,351) (0ms)
[CURSOR-ABS] handSide=unknown hand=(0.451,0.311) filter=(0.474,0.288) target=(1250,352) cursor=(1250,351)
[2026-06-07 14:14:01] [computeCursor] IN: screenSize=(1920,1080) → OUT: cursor=(1249,351) (0ms)
[CURSOR-ABS] handSide=unknown hand=(0.453,0.317) filter=(0.474,0.288) target=(1250,352) cursor=(1250,352)
[2026-06-07 14:14:01] [computeCursor] IN: screenSize=(1920,1080) → OUT: cursor=(1250,351) (0ms)
[CURSOR-ABS] handSide=unknown hand=(0.453,0.317) filter=(0.474,0.288) target=(1250,352) cursor=(1250,352)
[2026-06-07 14:14:01] [computeCursor] IN: screenSize=(1920,1080) → OUT: cursor=(1250,351) (0ms)
[CURSOR-ABS] handSide=unknown hand=(0.452,0.310) filter=(0.474,0.288) target=(1250,352) cursor=(1250,352)
[2026-06-07 14:14:01] [computeCursor] IN: screenSize=(1920,1080) → OUT: cursor=(1250,351) (0ms)
[CURSOR-ABS] handSide=unknown hand=(0.451,0.301) filter=(0.474,0.288) target=(1250,352) cursor=(1250,352)
[2026-06-07 14:14:01] [computeCursor] IN: screenSize=(1920,1080) → OUT: cursor=(1250,351) (0ms)
[CURSOR-ABS] handSide=unknown hand=(0.449,0.287) filter=(0.474,0.288) target=(1250,352) cursor=(1250,352)
[2026-06-07 14:14:01] [computeCursor] IN: screenSize=(1920,1080) → OUT: cursor=(1250,351) (0ms)
[CURSOR-ABS] handSide=unknown hand=(0.449,0.282) filter=(0.474,0.288) target=(1251,352) cursor=(1250,352)
[2026-06-07 14:14:01] [computeCursor] IN: screenSize=(1920,1080) → OUT: cursor=(1250,351) (0ms)
[CURSOR-ABS] handSide=unknown hand=(0.446,0.280) filter=(0.474,0.288) target=(1251,352) cursor=(1251,352)
[2026-06-07 14:14:01] [computeCursor] IN: screenSize=(1920,1080) → OUT: cursor=(1250,351) (0ms)
[CURSOR-ABS] handSide=unknown hand=(0.445,0.281) filter=(0.474,0.288) target=(1251,352) cursor=(1251,352)
[2026-06-07 14:14:01] [computeCursor] IN: screenSize=(1920,1080) → OUT: cursor=(1250,351) (0ms)
[CURSOR-ABS] handSide=unknown hand=(0.444,0.285) filter=(0.474,0.288) target=(1251,352) cursor=(1251,352)
[2026-06-07 14:14:01] [computeCursor] IN: screenSize=(1920,1080) → OUT: cursor=(1251,351) (0ms)
[CURSOR-ABS] handSide=unknown hand=(0.445,0.288) filter=(0.474,0.288) target=(1251,352) cursor=(1251,352)
[2026-06-07 14:14:01] [computeCursor] IN: screenSize=(1920,1080) → OUT: cursor=(1251,351) (0ms)
[CURSOR-ABS] handSide=unknown hand=(0.446,0.287) filter=(0.474,0.288) target=(1251,352) cursor=(1251,352)
[2026-06-07 14:14:01] [computeCursor] IN: screenSize=(1920,1080) → OUT: cursor=(1251,351) (0ms)
[CURSOR-ABS] handSide=unknown hand=(0.451,0.275) filter=(0.474,0.288) target=(1251,352) cursor=(1251,352)
[2026-06-07 14:14:01] [computeCursor] IN: screenSize=(1920,1080) → OUT: cursor=(1251,351) (0ms)
[CURSOR-ABS] handSide=unknown hand=(0.457,0.255) filter=(0.474,0.288) target=(1251,352) cursor=(1251,352)
[2026-06-07 14:14:01] [computeCursor] IN: screenSize=(1920,1080) → OUT: cursor=(1251,351) (0ms)
[CURSOR-ABS] handSide=unknown hand=(0.464,0.211) filter=(0.474,0.288) target=(1252,351) cursor=(1251,352)
[2026-06-07 14:14:01] [computeCursor] IN: screenSize=(1920,1080) → OUT: cursor=(1251,351) (0ms)
[CURSOR-ABS] handSide=unknown hand=(0.466,0.159) filter=(0.474,0.287) target=(1252,351) cursor=(1252,351)
[2026-06-07 14:14:01] [computeCursor] IN: screenSize=(1920,1080) → OUT: cursor=(1251,350) (0ms)
[CURSOR-ABS] handSide=unknown hand=(0.464,0.112) filter=(0.474,0.287) target=(1252,350) cursor=(1252,351)
[2026-06-07 14:14:01] [computeCursor] IN: screenSize=(1920,1080) → OUT: cursor=(1251,349) (0ms)
[CURSOR-ABS] handSide=unknown hand=(0.429,0.373) filter=(0.474,0.287) target=(1252,350) cursor=(1252,350)
[2026-06-07 14:14:01] [computeCursor] IN: screenSize=(1920,1080) → OUT: cursor=(1251,350) (0ms)
[CURSOR-ABS] handSide=unknown hand=(0.429,0.379) filter=(0.474,0.287) target=(1252,351) cursor=(1252,350)
[2026-06-07 14:14:01] [computeCursor] IN: screenSize=(1920,1080) → OUT: cursor=(1251,350) (0ms)
[CURSOR-ABS] handSide=unknown hand=(0.428,0.384) filter=(0.473,0.288) target=(1252,351) cursor=(1252,351)
[2026-06-07 14:14:01] [computeCursor] IN: screenSize=(1920,1080) → OUT: cursor=(1252,351) (0ms)
[CURSOR-ABS] handSide=unknown hand=(0.427,0.384) filter=(0.473,0.288) target=(1252,352) cursor=(1252,351)
[2026-06-07 14:14:01] [computeCursor] IN: screenSize=(1920,1080) → OUT: cursor=(1252,351) (0ms)
[CURSOR-ABS] handSide=unknown hand=(0.431,0.374) filter=(0.473,0.288) target=(1253,352) cursor=(1252,352)
[2026-06-07 14:14:01] [computeCursor] IN: screenSize=(1920,1080) → OUT: cursor=(1252,351) (0ms)
[CURSOR-ABS] handSide=unknown hand=(0.433,0.347) filter=(0.473,0.288) target=(1253,352) cursor=(1253,352)
[2026-06-07 14:14:01] [computeCursor] IN: screenSize=(1920,1080) → OUT: cursor=(1252,352) (0ms)
[CURSOR-ABS] handSide=unknown hand=(0.437,0.308) filter=(0.473,0.288) target=(1253,352) cursor=(1253,352)
[2026-06-07 14:14:01] [computeCursor] IN: screenSize=(1920,1080) → OUT: cursor=(1252,352) (0ms)
[CURSOR-ABS] handSide=unknown hand=(0.438,0.259) filter=(0.473,0.288) target=(1253,352) cursor=(1253,352)
[2026-06-07 14:14:01] [computeCursor] IN: screenSize=(1920,1080) → OUT: cursor=(1253,352) (0ms)
[CURSOR-ABS] handSide=unknown hand=(0.439,0.196) filter=(0.473,0.288) target=(1253,352) cursor=(1253,352)
[2026-06-07 14:14:01] [computeCursor] IN: screenSize=(1920,1080) → OUT: cursor=(1253,351) (0ms)
[CURSOR-ABS] handSide=unknown hand=(0.466,0.444) filter=(0.473,0.288) target=(1253,352) cursor=(1253,352)
[2026-06-07 14:14:01] [computeCursor] IN: screenSize=(1920,1080) → OUT: cursor=(1253,352) (0ms)
[CURSOR-ABS] handSide=unknown hand=(0.485,0.440) filter=(0.473,0.288) target=(1253,353) cursor=(1253,352)
[2026-06-07 14:14:01] [computeCursor] IN: screenSize=(1920,1080) → OUT: cursor=(1253,353) (0ms)
[CURSOR-ABS] handSide=unknown hand=(0.505,0.429) filter=(0.473,0.289) target=(1253,354) cursor=(1253,353)
[2026-06-07 14:14:01] [computeCursor] IN: screenSize=(1920,1080) → OUT: cursor=(1253,353) (0ms)
[CURSOR-ABS] handSide=unknown hand=(0.521,0.417) filter=(0.473,0.289) target=(1253,354) cursor=(1253,354)
[2026-06-07 14:14:01] [computeCursor] IN: screenSize=(1920,1080) → OUT: cursor=(1252,354) (0ms)
[CURSOR-ABS] handSide=unknown hand=(0.537,0.399) filter=(0.473,0.289) target=(1253,355) cursor=(1253,354)
[2026-06-07 14:14:01] [computeCursor] IN: screenSize=(1920,1080) → OUT: cursor=(1252,354) (0ms)
[CURSOR-ABS] handSide=unknown hand=(0.552,0.371) filter=(0.473,0.289) target=(1252,355) cursor=(1253,355)
[2026-06-07 14:14:01] [computeCursor] IN: screenSize=(1920,1080) → OUT: cursor=(1252,355) (0ms)
[CURSOR-ABS] handSide=unknown hand=(0.566,0.345) filter=(0.474,0.290) target=(1252,355) cursor=(1252,355)
[2026-06-07 14:14:01] [computeCursor] IN: screenSize=(1920,1080) → OUT: cursor=(1251,355) (0ms)
[CURSOR-ABS] handSide=unknown hand=(0.577,0.321) filter=(0.474,0.290) target=(1251,355) cursor=(1252,355)
[2026-06-07 14:14:01] [computeCursor] IN: screenSize=(1920,1080) → OUT: cursor=(1251,355) (0ms)
[CURSOR-ABS] handSide=unknown hand=(0.586,0.296) filter=(0.474,0.290) target=(1251,355) cursor=(1251,355)
[2026-06-07 14:14:01] [computeCursor] IN: screenSize=(1920,1080) → OUT: cursor=(1250,355) (0ms)
[CURSOR-ABS] handSide=unknown hand=(0.592,0.269) filter=(0.474,0.290) target=(1250,355) cursor=(1251,355)
[2026-06-07 14:14:01] [computeCursor] IN: screenSize=(1920,1080) → OUT: cursor=(1250,355) (0ms)
[CURSOR-ABS] handSide=unknown hand=(0.596,0.240) filter=(0.474,0.289) target=(1250,355) cursor=(1250,355)
[2026-06-07 14:14:01] [computeCursor] IN: screenSize=(1920,1080) → OUT: cursor=(1249,355) (0ms)
[CURSOR-ABS] handSide=unknown hand=(0.590,0.201) filter=(0.474,0.289) target=(1249,355) cursor=(1250,355)
[2026-06-07 14:14:01] [computeCursor] IN: screenSize=(1920,1080) → OUT: cursor=(1249,354) (0ms)
[CURSOR-ABS] handSide=unknown hand=(0.583,0.176) filter=(0.474,0.289) target=(1249,354) cursor=(1249,355)
[2026-06-07 14:14:01] [computeCursor] IN: screenSize=(1920,1080) → OUT: cursor=(1248,354) (0ms)
[CURSOR-ABS] handSide=unknown hand=(0.379,0.064) filter=(0.474,0.289) target=(1249,353) cursor=(1249,354)
[2026-06-07 14:14:01] [computeCursor] IN: screenSize=(1920,1080) → OUT: cursor=(1249,353) (0ms)
[CURSOR-ABS] handSide=unknown hand=(0.355,0.082) filter=(0.474,0.288) target=(1250,352) cursor=(1249,353)
[2026-06-07 14:14:01] [computeCursor] IN: screenSize=(1920,1080) → OUT: cursor=(1249,352) (1ms)
[CURSOR-ABS] handSide=unknown hand=(0.323,0.122) filter=(0.474,0.288) target=(1250,352) cursor=(1250,352)
[2026-06-07 14:14:01] [computeCursor] IN: screenSize=(1920,1080) → OUT: cursor=(1250,351) (0ms)
[CURSOR-ABS] handSide=unknown hand=(0.312,0.141) filter=(0.474,0.288) target=(1251,351) cursor=(1250,352)
[2026-06-07 14:14:01] [computeCursor] IN: screenSize=(1920,1080) → OUT: cursor=(1251,350) (0ms)
[CURSOR-ABS] handSide=unknown hand=(0.302,0.164) filter=(0.474,0.287) target=(1252,350) cursor=(1251,351)
[2026-06-07 14:14:01] [computeCursor] IN: screenSize=(1920,1080) → OUT: cursor=(1251,350) (0ms)
[CURSOR-ABS] handSide=unknown hand=(0.298,0.186) filter=(0.473,0.287) target=(1253,350) cursor=(1252,350)
[2026-06-07 14:14:01] [computeCursor] IN: screenSize=(1920,1080) → OUT: cursor=(1252,349) (0ms)
[CURSOR-ABS] handSide=unknown hand=(0.297,0.210) filter=(0.473,0.287) target=(1253,350) cursor=(1253,350)
[2026-06-07 14:14:01] [computeCursor] IN: screenSize=(1920,1080) → OUT: cursor=(1253,349) (0ms)
[CURSOR-ABS] handSide=unknown hand=(0.296,0.232) filter=(0.473,0.287) target=(1254,349) cursor=(1253,350)
[2026-06-07 14:14:01] [computeCursor] IN: screenSize=(1920,1080) → OUT: cursor=(1254,349) (0ms)
[CURSOR-ABS] handSide=unknown hand=(0.298,0.258) filter=(0.473,0.287) target=(1255,349) cursor=(1254,349)
[2026-06-07 14:14:01] [computeCursor] IN: screenSize=(1920,1080) → OUT: cursor=(1255,349) (0ms)
[CURSOR-ABS] handSide=unknown hand=(0.302,0.282) filter=(0.473,0.287) target=(1256,349) cursor=(1255,349)
[2026-06-07 14:14:01] [computeCursor] IN: screenSize=(1920,1080) → OUT: cursor=(1255,349) (0ms)
[CURSOR-ABS] handSide=unknown hand=(0.309,0.312) filter=(0.472,0.287) target=(1257,349) cursor=(1256,349)
[2026-06-07 14:14:01] [computeCursor] IN: screenSize=(1920,1080) → OUT: cursor=(1256,349) (0ms)
[CURSOR-ABS] handSide=unknown hand=(0.321,0.341) filter=(0.472,0.287) target=(1257,350) cursor=(1257,349)
[2026-06-07 14:14:01] [computeCursor] IN: screenSize=(1920,1080) → OUT: cursor=(1257,349) (0ms)
[CURSOR-ABS] handSide=unknown hand=(0.336,0.363) filter=(0.472,0.287) target=(1258,350) cursor=(1257,350)
[2026-06-07 14:14:01] [computeCursor] IN: screenSize=(1920,1080) → OUT: cursor=(1257,349) (0ms)
[CURSOR-ABS] handSide=unknown hand=(0.355,0.382) filter=(0.472,0.287) target=(1258,350) cursor=(1258,350)
[2026-06-07 14:14:01] [computeCursor] IN: screenSize=(1920,1080) → OUT: cursor=(1258,350) (0ms)
[CURSOR-ABS] handSide=unknown hand=(0.373,0.399) filter=(0.472,0.287) target=(1259,351) cursor=(1258,350)
[2026-06-07 14:14:01] [computeCursor] IN: screenSize=(1920,1080) → OUT: cursor=(1258,350) (0ms)
[CURSOR-ABS] handSide=unknown hand=(0.391,0.415) filter=(0.472,0.288) target=(1259,351) cursor=(1259,351)
[2026-06-07 14:14:01] [computeCursor] IN: screenSize=(1920,1080) → OUT: cursor=(1258,351) (0ms)
[CURSOR-ABS] handSide=unknown hand=(0.409,0.424) filter=(0.472,0.288) target=(1259,352) cursor=(1259,351)
[2026-06-07 14:14:01] [computeCursor] IN: screenSize=(1920,1080) → OUT: cursor=(1259,351) (0ms)
[CURSOR-ABS] handSide=unknown hand=(0.428,0.434) filter=(0.472,0.288) target=(1259,353) cursor=(1259,352)
[2026-06-07 14:14:01] [computeCursor] IN: screenSize=(1920,1080) → OUT: cursor=(1259,352) (0ms)
[CURSOR-ABS] handSide=unknown hand=(0.443,0.440) filter=(0.472,0.289) target=(1260,353) cursor=(1259,353)
[2026-06-07 14:14:01] [computeCursor] IN: screenSize=(1920,1080) → OUT: cursor=(1259,353) (0ms)
[CURSOR-ABS] handSide=unknown hand=(0.458,0.441) filter=(0.472,0.289) target=(1260,354) cursor=(1260,353)
[2026-06-07 14:14:01] [computeCursor] IN: screenSize=(1920,1080) → OUT: cursor=(1259,353) (0ms)
[CURSOR-ABS] handSide=unknown hand=(0.474,0.436) filter=(0.472,0.289) target=(1260,355) cursor=(1260,354)
[2026-06-07 14:14:01] [computeCursor] IN: screenSize=(1920,1080) → OUT: cursor=(1259,354) (0ms)
[CURSOR-ABS] handSide=unknown hand=(0.486,0.424) filter=(0.472,0.289) target=(1260,355) cursor=(1260,355)
[2026-06-07 14:14:01] [computeCursor] IN: screenSize=(1920,1080) → OUT: cursor=(1259,355) (0ms)
[CURSOR-ABS] handSide=unknown hand=(0.498,0.408) filter=(0.472,0.290) target=(1259,356) cursor=(1260,355)
[2026-06-07 14:14:01] [computeCursor] IN: screenSize=(1920,1080) → OUT: cursor=(1259,355) (0ms)
[CURSOR-ABS] handSide=unknown hand=(0.506,0.389) filter=(0.472,0.290) target=(1259,356) cursor=(1259,356)
[2026-06-07 14:14:01] [computeCursor] IN: screenSize=(1920,1080) → OUT: cursor=(1259,356) (0ms)
[CURSOR-ABS] handSide=unknown hand=(0.509,0.367) filter=(0.472,0.290) target=(1259,356) cursor=(1259,356)
[2026-06-07 14:14:01] [computeCursor] IN: screenSize=(1920,1080) → OUT: cursor=(1259,356) (0ms)
[CURSOR-ABS] handSide=unknown hand=(0.505,0.344) filter=(0.472,0.290) target=(1259,357) cursor=(1259,356)
[2026-06-07 14:14:01] [computeCursor] IN: screenSize=(1920,1080) → OUT: cursor=(1258,356) (0ms)
[CURSOR-ABS] handSide=unknown hand=(0.501,0.323) filter=(0.472,0.290) target=(1259,357) cursor=(1259,357)
[2026-06-07 14:14:01] [computeCursor] IN: screenSize=(1920,1080) → OUT: cursor=(1258,356) (0ms)
[CURSOR-ABS] handSide=unknown hand=(0.492,0.304) filter=(0.472,0.290) target=(1259,357) cursor=(1259,357)
[2026-06-07 14:14:01] [computeCursor] IN: screenSize=(1920,1080) → OUT: cursor=(1258,356) (0ms)
[CURSOR-ABS] handSide=unknown hand=(0.479,0.288) filter=(0.472,0.290) target=(1259,357) cursor=(1259,357)
[2026-06-07 14:14:01] [computeCursor] IN: screenSize=(1920,1080) → OUT: cursor=(1258,356) (0ms)
[CURSOR-ABS] handSide=unknown hand=(0.466,0.274) filter=(0.472,0.290) target=(1259,357) cursor=(1259,357)
[2026-06-07 14:14:01] [computeCursor] IN: screenSize=(1920,1080) → OUT: cursor=(1258,356) (0ms)
[CURSOR-ABS] handSide=unknown hand=(0.451,0.262) filter=(0.472,0.290) target=(1259,357) cursor=(1259,357)
[2026-06-07 14:14:01] [computeCursor] IN: screenSize=(1920,1080) → OUT: cursor=(1258,356) (0ms)
[CURSOR-ABS] handSide=unknown hand=(0.432,0.254) filter=(0.472,0.290) target=(1259,356) cursor=(1259,357)
[2026-06-07 14:14:01] [computeCursor] IN: screenSize=(1920,1080) → OUT: cursor=(1259,356) (0ms)
[CURSOR-ABS] handSide=unknown hand=(0.414,0.257) filter=(0.472,0.290) target=(1259,356) cursor=(1259,356)
[2026-06-07 14:14:01] [computeCursor] IN: screenSize=(1920,1080) → OUT: cursor=(1259,356) (0ms)
[CURSOR-ABS] handSide=unknown hand=(0.394,0.258) filter=(0.472,0.290) target=(1260,356) cursor=(1259,356)
[2026-06-07 14:14:01] [computeCursor] IN: screenSize=(1920,1080) → OUT: cursor=(1259,356) (0ms)
[CURSOR-ABS] handSide=unknown hand=(0.377,0.284) filter=(0.471,0.290) target=(1260,356) cursor=(1260,356)
[2026-06-07 14:14:01] [computeCursor] IN: screenSize=(1920,1080) → OUT: cursor=(1260,356) (0ms)
[CURSOR-ABS] handSide=unknown hand=(0.364,0.316) filter=(0.471,0.290) target=(1260,356) cursor=(1260,356)
[2026-06-07 14:14:01] [computeCursor] IN: screenSize=(1920,1080) → OUT: cursor=(1260,356) (0ms)
[CURSOR-ABS] handSide=unknown hand=(0.361,0.363) filter=(0.471,0.290) target=(1261,357) cursor=(1260,356)
[2026-06-07 14:14:01] [computeCursor] IN: screenSize=(1920,1080) → OUT: cursor=(1260,356) (0ms)
[CURSOR-ABS] handSide=unknown hand=(0.369,0.408) filter=(0.471,0.290) target=(1261,357) cursor=(1261,357)
[2026-06-07 14:14:01] [computeCursor] IN: screenSize=(1920,1080) → OUT: cursor=(1261,357) (0ms)
[CURSOR-ABS] handSide=unknown hand=(0.387,0.446) filter=(0.471,0.291) target=(1262,358) cursor=(1261,357)
[2026-06-07 14:14:01] [computeCursor] IN: screenSize=(1920,1080) → OUT: cursor=(1261,357) (0ms)
[CURSOR-ABS] handSide=unknown hand=(0.412,0.478) filter=(0.471,0.291) target=(1262,358) cursor=(1262,358)
[2026-06-07 14:14:01] [computeCursor] IN: screenSize=(1920,1080) → OUT: cursor=(1261,358) (0ms)
[CURSOR-ABS] handSide=unknown hand=(0.437,0.490) filter=(0.471,0.291) target=(1262,359) cursor=(1262,358)
[2026-06-07 14:14:01] [computeCursor] IN: screenSize=(1920,1080) → OUT: cursor=(1262,359) (0ms)
[CURSOR-ABS] handSide=unknown hand=(0.461,0.486) filter=(0.471,0.292) target=(1262,360) cursor=(1262,359)
[2026-06-07 14:14:01] [computeCursor] IN: screenSize=(1920,1080) → OUT: cursor=(1262,360) (0ms)
[CURSOR-ABS] handSide=unknown hand=(0.484,0.463) filter=(0.471,0.292) target=(1262,361) cursor=(1262,360)
[2026-06-07 14:14:01] [computeCursor] IN: screenSize=(1920,1080) → OUT: cursor=(1262,360) (0ms)
[CURSOR-ABS] handSide=unknown hand=(0.501,0.426) filter=(0.471,0.292) target=(1262,361) cursor=(1262,361)
[2026-06-07 14:14:01] [computeCursor] IN: screenSize=(1920,1080) → OUT: cursor=(1261,361) (0ms)
[CURSOR-ABS] handSide=unknown hand=(0.507,0.386) filter=(0.471,0.292) target=(1262,362) cursor=(1262,361)
[2026-06-07 14:14:01] [computeCursor] IN: screenSize=(1920,1080) → OUT: cursor=(1261,361) (0ms)
[CURSOR-ABS] handSide=unknown hand=(0.502,0.336) filter=(0.471,0.293) target=(1262,362) cursor=(1262,362)
[2026-06-07 14:14:01] [computeCursor] IN: screenSize=(1920,1080) → OUT: cursor=(1261,361) (0ms)
[CURSOR-ABS] handSide=unknown hand=(0.486,0.292) filter=(0.471,0.293) target=(1262,362) cursor=(1262,362)
[2026-06-07 14:14:01] [computeCursor] IN: screenSize=(1920,1080) → OUT: cursor=(1261,361) (0ms)
[CURSOR-ABS] handSide=unknown hand=(0.465,0.260) filter=(0.471,0.292) target=(1262,362) cursor=(1262,362)
[2026-06-07 14:14:01] [computeCursor] IN: screenSize=(1920,1080) → OUT: cursor=(1261,361) (1ms)
[CURSOR-ABS] handSide=unknown hand=(0.441,0.238) filter=(0.471,0.292) target=(1262,361) cursor=(1262,362)
[2026-06-07 14:14:01] [computeCursor] IN: screenSize=(1920,1080) → OUT: cursor=(1261,361) (0ms)
[CURSOR-ABS] handSide=unknown hand=(0.417,0.226) filter=(0.471,0.292) target=(1262,361) cursor=(1262,361)
[2026-06-07 14:14:01] [computeCursor] IN: screenSize=(1920,1080) → OUT: cursor=(1261,361) (0ms)
[CURSOR-ABS] handSide=unknown hand=(0.398,0.229) filter=(0.471,0.292) target=(1262,361) cursor=(1262,361)
[2026-06-07 14:14:01] [computeCursor] IN: screenSize=(1920,1080) → OUT: cursor=(1262,360) (0ms)
[CURSOR-ABS] handSide=unknown hand=(0.378,0.258) filter=(0.471,0.292) target=(1263,361) cursor=(1262,361)
[2026-06-07 14:14:01] [computeCursor] IN: screenSize=(1920,1080) → OUT: cursor=(1262,360) (0ms)
[CURSOR-ABS] handSide=unknown hand=(0.364,0.300) filter=(0.471,0.292) target=(1263,361) cursor=(1263,361)
[2026-06-07 14:14:01] [computeCursor] IN: screenSize=(1920,1080) → OUT: cursor=(1263,360) (0ms)
[CURSOR-ABS] handSide=unknown hand=(0.363,0.349) filter=(0.471,0.292) target=(1263,361) cursor=(1263,361)
[2026-06-07 14:14:01] [computeCursor] IN: screenSize=(1920,1080) → OUT: cursor=(1263,361) (1ms)
[CURSOR-ABS] handSide=unknown hand=(0.368,0.405) filter=(0.470,0.292) target=(1264,362) cursor=(1263,361)
[2026-06-07 14:14:01] [computeCursor] IN: screenSize=(1920,1080) → OUT: cursor=(1263,361) (0ms)
[CURSOR-ABS] handSide=unknown hand=(0.383,0.461) filter=(0.470,0.293) target=(1264,362) cursor=(1264,362)
[2026-06-07 14:14:01] [computeCursor] IN: screenSize=(1920,1080) → OUT: cursor=(1264,362) (0ms)
[CURSOR-ABS] handSide=unknown hand=(0.412,0.505) filter=(0.470,0.293) target=(1264,363) cursor=(1264,362)
[2026-06-07 14:14:01] [computeCursor] IN: screenSize=(1920,1080) → OUT: cursor=(1264,363) (0ms)
[CURSOR-ABS] handSide=unknown hand=(0.441,0.532) filter=(0.470,0.294) target=(1265,364) cursor=(1264,363)
[2026-06-07 14:14:01] [computeCursor] IN: screenSize=(1920,1080) → OUT: cursor=(1264,364) (0ms)
[CURSOR-ABS] handSide=unknown hand=(0.467,0.554) filter=(0.470,0.294) target=(1265,365) cursor=(1265,364)
[2026-06-07 14:14:01] [computeCursor] IN: screenSize=(1920,1080) → OUT: cursor=(1264,365) (0ms)
[CURSOR-ABS] handSide=unknown hand=(0.497,0.561) filter=(0.470,0.294) target=(1264,366) cursor=(1265,365)
[2026-06-07 14:14:01] [computeCursor] IN: screenSize=(1920,1080) → OUT: cursor=(1264,366) (0ms)
[CURSOR-ABS] handSide=unknown hand=(0.524,0.557) filter=(0.470,0.295) target=(1264,367) cursor=(1264,366)
[2026-06-07 14:14:01] [computeCursor] IN: screenSize=(1920,1080) → OUT: cursor=(1264,367) (0ms)
[CURSOR-ABS] handSide=unknown hand=(0.550,0.540) filter=(0.470,0.295) target=(1264,368) cursor=(1264,367)
[2026-06-07 14:14:01] [computeCursor] IN: screenSize=(1920,1080) → OUT: cursor=(1263,367) (0ms)
[CURSOR-ABS] handSide=unknown hand=(0.563,0.513) filter=(0.471,0.296) target=(1264,369) cursor=(1264,368)
[2026-06-07 14:14:01] [computeCursor] IN: screenSize=(1920,1080) → OUT: cursor=(1263,368) (0ms)
[CURSOR-ABS] handSide=unknown hand=(0.575,0.481) filter=(0.471,0.296) target=(1263,369) cursor=(1264,369)
[2026-06-07 14:14:01] [computeCursor] IN: screenSize=(1920,1080) → OUT: cursor=(1263,369) (0ms)
[CURSOR-ABS] handSide=unknown hand=(0.576,0.445) filter=(0.471,0.296) target=(1263,370) cursor=(1263,369)
[2026-06-07 14:14:01] [computeCursor] IN: screenSize=(1920,1080) → OUT: cursor=(1262,369) (0ms)
[CURSOR-ABS] handSide=unknown hand=(0.565,0.404) filter=(0.471,0.297) target=(1262,370) cursor=(1263,370)
[2026-06-07 14:14:01] [computeCursor] IN: screenSize=(1920,1080) → OUT: cursor=(1262,370) (0ms)
[CURSOR-ABS] handSide=unknown hand=(0.551,0.374) filter=(0.471,0.297) target=(1262,371) cursor=(1262,370)
[2026-06-07 14:14:01] [computeCursor] IN: screenSize=(1920,1080) → OUT: cursor=(1261,370) (0ms)
[CURSOR-ABS] handSide=unknown hand=(0.526,0.347) filter=(0.471,0.297) target=(1262,371) cursor=(1262,371)
[2026-06-07 14:14:01] [computeCursor] IN: screenSize=(1920,1080) → OUT: cursor=(1261,370) (0ms)
[CURSOR-ABS] handSide=unknown hand=(0.493,0.334) filter=(0.471,0.297) target=(1262,371) cursor=(1262,371)
[2026-06-07 14:14:01] [computeCursor] IN: screenSize=(1920,1080) → OUT: cursor=(1261,371) (0ms)
[CURSOR-ABS] handSide=unknown hand=(0.460,0.328) filter=(0.471,0.297) target=(1262,371) cursor=(1262,371)
[2026-06-07 14:14:01] [computeCursor] IN: screenSize=(1920,1080) → OUT: cursor=(1261,371) (0ms)
[CURSOR-ABS] handSide=unknown hand=(0.431,0.319) filter=(0.471,0.297) target=(1262,371) cursor=(1262,371)
[2026-06-07 14:14:01] [computeCursor] IN: screenSize=(1920,1080) → OUT: cursor=(1261,371) (0ms)
[CURSOR-ABS] handSide=unknown hand=(0.408,0.325) filter=(0.471,0.297) target=(1262,371) cursor=(1262,371)
[2026-06-07 14:14:01] [computeCursor] IN: screenSize=(1920,1080) → OUT: cursor=(1262,371) (0ms)
[CURSOR-ABS] handSide=unknown hand=(0.391,0.346) filter=(0.471,0.297) target=(1262,372) cursor=(1262,371)
[2026-06-07 14:14:01] [computeCursor] IN: screenSize=(1920,1080) → OUT: cursor=(1262,371) (0ms)
[CURSOR-ABS] handSide=unknown hand=(0.387,0.370) filter=(0.471,0.297) target=(1263,372) cursor=(1262,372)
[2026-06-07 14:14:01] [computeCursor] IN: screenSize=(1920,1080) → OUT: cursor=(1262,371) (0ms)
[CURSOR-ABS] handSide=unknown hand=(0.386,0.403) filter=(0.471,0.297) target=(1263,372) cursor=(1263,372)
[2026-06-07 14:14:01] [computeCursor] IN: screenSize=(1920,1080) → OUT: cursor=(1263,372) (0ms)
[CURSOR-ABS] handSide=unknown hand=(0.395,0.425) filter=(0.471,0.298) target=(1263,373) cursor=(1263,372)
[2026-06-07 14:14:01] [computeCursor] IN: screenSize=(1920,1080) → OUT: cursor=(1263,372) (0ms)
[CURSOR-ABS] handSide=unknown hand=(0.406,0.447) filter=(0.471,0.298) target=(1264,373) cursor=(1263,373)
[2026-06-07 14:14:01] [computeCursor] IN: screenSize=(1920,1080) → OUT: cursor=(1263,373) (0ms)
[CURSOR-ABS] handSide=unknown hand=(0.419,0.464) filter=(0.470,0.298) target=(1264,374) cursor=(1264,373)
[2026-06-07 14:14:01] [computeCursor] IN: screenSize=(1920,1080) → OUT: cursor=(1263,373) (0ms)
[CURSOR-ABS] handSide=unknown hand=(0.436,0.482) filter=(0.470,0.298) target=(1264,374) cursor=(1264,374)
[2026-06-07 14:14:01] [computeCursor] IN: screenSize=(1920,1080) → OUT: cursor=(1263,374) (0ms)
[CURSOR-ABS] handSide=unknown hand=(0.456,0.494) filter=(0.470,0.299) target=(1264,375) cursor=(1264,374)
[2026-06-07 14:14:01] [computeCursor] IN: screenSize=(1920,1080) → OUT: cursor=(1264,375) (0ms)
[CURSOR-ABS] handSide=unknown hand=(0.472,0.497) filter=(0.470,0.299) target=(1264,376) cursor=(1264,375)
[2026-06-07 14:14:01] [computeCursor] IN: screenSize=(1920,1080) → OUT: cursor=(1264,375) (0ms)
[CURSOR-ABS] handSide=unknown hand=(0.491,0.494) filter=(0.470,0.299) target=(1264,376) cursor=(1264,376)
[2026-06-07 14:14:01] [computeCursor] IN: screenSize=(1920,1080) → OUT: cursor=(1263,376) (0ms)
[CURSOR-ABS] handSide=unknown hand=(0.506,0.488) filter=(0.470,0.300) target=(1264,377) cursor=(1264,376)
[2026-06-07 14:14:01] [computeCursor] IN: screenSize=(1920,1080) → OUT: cursor=(1263,377) (0ms)
[CURSOR-ABS] handSide=unknown hand=(0.518,0.471) filter=(0.471,0.300) target=(1264,378) cursor=(1264,377)
[2026-06-07 14:14:01] [computeCursor] IN: screenSize=(1920,1080) → OUT: cursor=(1263,377) (0ms)
[CURSOR-ABS] handSide=unknown hand=(0.531,0.441) filter=(0.471,0.300) target=(1263,378) cursor=(1264,378)
[2026-06-07 14:14:01] [computeCursor] IN: screenSize=(1920,1080) → OUT: cursor=(1263,378) (0ms)
[CURSOR-ABS] handSide=unknown hand=(0.540,0.405) filter=(0.471,0.300) target=(1263,378) cursor=(1263,378)
[2026-06-07 14:14:01] [computeCursor] IN: screenSize=(1920,1080) → OUT: cursor=(1263,378) (0ms)
[CURSOR-ABS] handSide=unknown hand=(0.547,0.358) filter=(0.471,0.300) target=(1263,379) cursor=(1263,378)
[2026-06-07 14:14:01] [computeCursor] IN: screenSize=(1920,1080) → OUT: cursor=(1262,378) (0ms)
[CURSOR-ABS] handSide=unknown hand=(0.545,0.305) filter=(0.471,0.300) target=(1263,379) cursor=(1263,379)
[2026-06-07 14:14:01] [computeCursor] IN: screenSize=(1920,1080) → OUT: cursor=(1262,378) (0ms)
[CURSOR-ABS] handSide=unknown hand=(0.534,0.257) filter=(0.471,0.300) target=(1262,379) cursor=(1263,379)
[2026-06-07 14:14:01] [computeCursor] IN: screenSize=(1920,1080) → OUT: cursor=(1262,378) (0ms)
[CURSOR-ABS] handSide=unknown hand=(0.514,0.214) filter=(0.471,0.300) target=(1262,378) cursor=(1262,379)
[2026-06-07 14:14:01] [computeCursor] IN: screenSize=(1920,1080) → OUT: cursor=(1262,378) (0ms)
[CURSOR-ABS] handSide=unknown hand=(0.490,0.180) filter=(0.471,0.300) target=(1262,378) cursor=(1262,378)
[2026-06-07 14:14:01] [computeCursor] IN: screenSize=(1920,1080) → OUT: cursor=(1262,377) (0ms)
[CURSOR-ABS] handSide=unknown hand=(0.459,0.173) filter=(0.471,0.300) target=(1262,377) cursor=(1262,378)
[2026-06-07 14:14:01] [computeCursor] IN: screenSize=(1920,1080) → OUT: cursor=(1262,377) (0ms)
[CURSOR-ABS] handSide=unknown hand=(0.431,0.173) filter=(0.471,0.300) target=(1262,377) cursor=(1262,377)
[2026-06-07 14:14:01] [computeCursor] IN: screenSize=(1920,1080) → OUT: cursor=(1262,376) (0ms)
[CURSOR-ABS] handSide=unknown hand=(0.406,0.183) filter=(0.471,0.299) target=(1262,377) cursor=(1262,377)
[2026-06-07 14:14:01] [computeCursor] IN: screenSize=(1920,1080) → OUT: cursor=(1262,376) (0ms)
[CURSOR-ABS] handSide=unknown hand=(0.384,0.214) filter=(0.471,0.299) target=(1263,376) cursor=(1262,377)
[2026-06-07 14:14:01] [computeCursor] IN: screenSize=(1920,1080) → OUT: cursor=(1262,376) (0ms)
[CURSOR-ABS] handSide=unknown hand=(0.370,0.258) filter=(0.471,0.299) target=(1263,376) cursor=(1263,376)
[2026-06-07 14:14:01] [computeCursor] IN: screenSize=(1920,1080) → OUT: cursor=(1263,376) (0ms)
[CURSOR-ABS] handSide=unknown hand=(0.360,0.306) filter=(0.471,0.299) target=(1264,376) cursor=(1263,376)
[2026-06-07 14:14:01] [computeCursor] IN: screenSize=(1920,1080) → OUT: cursor=(1263,376) (0ms)
[CURSOR-ABS] handSide=unknown hand=(0.358,0.351) filter=(0.470,0.299) target=(1264,376) cursor=(1264,376)
[2026-06-07 14:14:01] [computeCursor] IN: screenSize=(1920,1080) → OUT: cursor=(1264,376) (0ms)
[CURSOR-ABS] handSide=unknown hand=(0.361,0.395) filter=(0.470,0.299) target=(1264,377) cursor=(1264,376)
[2026-06-07 14:14:01] [computeCursor] IN: screenSize=(1920,1080) → OUT: cursor=(1264,376) (0ms)
[CURSOR-ABS] handSide=unknown hand=(0.371,0.437) filter=(0.470,0.300) target=(1265,377) cursor=(1264,377)
[2026-06-07 14:14:01] [computeCursor] IN: screenSize=(1920,1080) → OUT: cursor=(1264,377) (0ms)
[CURSOR-ABS] handSide=unknown hand=(0.387,0.466) filter=(0.470,0.300) target=(1265,378) cursor=(1265,377)
[2026-06-07 14:14:01] [computeCursor] IN: screenSize=(1920,1080) → OUT: cursor=(1265,377) (0ms)
[CURSOR-ABS] handSide=unknown hand=(0.408,0.484) filter=(0.470,0.300) target=(1265,378) cursor=(1265,378)
[2026-06-07 14:14:01] [computeCursor] IN: screenSize=(1920,1080) → OUT: cursor=(1265,378) (0ms)
[CURSOR-ABS] handSide=unknown hand=(0.430,0.495) filter=(0.470,0.300) target=(1266,379) cursor=(1265,378)
[2026-06-07 14:14:01] [computeCursor] IN: screenSize=(1920,1080) → OUT: cursor=(1265,378) (0ms)
[CURSOR-ABS] handSide=unknown hand=(0.454,0.503) filter=(0.470,0.301) target=(1266,380) cursor=(1266,379)
[2026-06-07 14:14:01] [computeCursor] IN: screenSize=(1920,1080) → OUT: cursor=(1265,379) (0ms)
[CURSOR-ABS] handSide=unknown hand=(0.477,0.498) filter=(0.470,0.301) target=(1266,380) cursor=(1266,380)
[2026-06-07 14:14:01] [computeCursor] IN: screenSize=(1920,1080) → OUT: cursor=(1265,380) (0ms)
[CURSOR-ABS] handSide=unknown hand=(0.500,0.477) filter=(0.470,0.301) target=(1265,381) cursor=(1266,380)
[2026-06-07 14:14:01] [computeCursor] IN: screenSize=(1920,1080) → OUT: cursor=(1265,380) (0ms)
[CURSOR-ABS] handSide=unknown hand=(0.522,0.449) filter=(0.470,0.302) target=(1265,381) cursor=(1265,381)
[2026-06-07 14:14:01] [computeCursor] IN: screenSize=(1920,1080) → OUT: cursor=(1265,381) (0ms)
[CURSOR-ABS] handSide=unknown hand=(0.537,0.412) filter=(0.470,0.302) target=(1265,382) cursor=(1265,381)
[2026-06-07 14:14:01] [computeCursor] IN: screenSize=(1920,1080) → OUT: cursor=(1264,381) (0ms)
[CURSOR-ABS] handSide=unknown hand=(0.549,0.368) filter=(0.470,0.302) target=(1265,382) cursor=(1265,382)
[2026-06-07 14:14:01] [computeCursor] IN: screenSize=(1920,1080) → OUT: cursor=(1264,381) (0ms)
[CURSOR-ABS] handSide=unknown hand=(0.552,0.323) filter=(0.470,0.302) target=(1264,382) cursor=(1265,382)
[2026-06-07 14:14:01] [computeCursor] IN: screenSize=(1920,1080) → OUT: cursor=(1264,381) (0ms)
[CURSOR-ABS] handSide=unknown hand=(0.548,0.278) filter=(0.470,0.302) target=(1264,382) cursor=(1264,382)
[2026-06-07 14:14:01] [computeCursor] IN: screenSize=(1920,1080) → OUT: cursor=(1264,381) (0ms)
[CURSOR-ABS] handSide=unknown hand=(0.540,0.235) filter=(0.470,0.302) target=(1264,382) cursor=(1264,382)
[2026-06-07 14:14:01] [computeCursor] IN: screenSize=(1920,1080) → OUT: cursor=(1263,381) (0ms)
[CURSOR-ABS] handSide=unknown hand=(0.525,0.197) filter=(0.471,0.302) target=(1264,381) cursor=(1264,382)
[2026-06-07 14:14:01] [computeCursor] IN: screenSize=(1920,1080) → OUT: cursor=(1263,381) (0ms)
[CURSOR-ABS] handSide=unknown hand=(0.509,0.171) filter=(0.471,0.301) target=(1263,381) cursor=(1264,381)
[2026-06-07 14:14:01] [computeCursor] IN: screenSize=(1920,1080) → OUT: cursor=(1263,380) (0ms)
[CURSOR-ABS] handSide=unknown hand=(0.487,0.153) filter=(0.471,0.301) target=(1263,380) cursor=(1263,381)
[2026-06-07 14:14:01] [computeCursor] IN: screenSize=(1920,1080) → OUT: cursor=(1263,380) (0ms)
[CURSOR-ABS] handSide=unknown hand=(0.462,0.143) filter=(0.471,0.301) target=(1263,380) cursor=(1263,380)
[2026-06-07 14:14:01] [computeCursor] IN: screenSize=(1920,1080) → OUT: cursor=(1263,379) (0ms)
[CURSOR-ABS] handSide=unknown hand=(0.435,0.144) filter=(0.471,0.301) target=(1264,379) cursor=(1263,380)
[2026-06-07 14:14:01] [computeCursor] IN: screenSize=(1920,1080) → OUT: cursor=(1263,379) (0ms)
[CURSOR-ABS] handSide=unknown hand=(0.412,0.152) filter=(0.470,0.300) target=(1264,379) cursor=(1264,379)
[2026-06-07 14:14:01] [computeCursor] IN: screenSize=(1920,1080) → OUT: cursor=(1263,378) (0ms)
[CURSOR-ABS] handSide=unknown hand=(0.384,0.163) filter=(0.470,0.300) target=(1264,378) cursor=(1264,379)
[2026-06-07 14:14:01] [computeCursor] IN: screenSize=(1920,1080) → OUT: cursor=(1264,378) (0ms)
[CURSOR-ABS] handSide=unknown hand=(0.364,0.180) filter=(0.470,0.300) target=(1264,378) cursor=(1264,378)
[2026-06-07 14:14:01] [computeCursor] IN: screenSize=(1920,1080) → OUT: cursor=(1264,378) (0ms)
[CURSOR-ABS] handSide=unknown hand=(0.349,0.202) filter=(0.470,0.300) target=(1265,378) cursor=(1264,378)
[2026-06-07 14:14:01] [computeCursor] IN: screenSize=(1920,1080) → OUT: cursor=(1264,377) (0ms)
[CURSOR-ABS] handSide=unknown hand=(0.335,0.238) filter=(0.470,0.300) target=(1265,378) cursor=(1265,378)
[2026-06-07 14:14:01] [computeCursor] IN: screenSize=(1920,1080) → OUT: cursor=(1265,377) (0ms)
[CURSOR-ABS] handSide=unknown hand=(0.324,0.274) filter=(0.470,0.300) target=(1266,377) cursor=(1265,378)
[2026-06-07 14:14:01] [computeCursor] IN: screenSize=(1920,1080) → OUT: cursor=(1265,377) (0ms)
[CURSOR-ABS] handSide=unknown hand=(0.323,0.315) filter=(0.470,0.300) target=(1267,377) cursor=(1266,377)
[2026-06-07 14:14:01] [computeCursor] IN: screenSize=(1920,1080) → OUT: cursor=(1266,377) (0ms)
[CURSOR-ABS] handSide=unknown hand=(0.325,0.353) filter=(0.470,0.300) target=(1267,378) cursor=(1267,377)
[2026-06-07 14:14:01] [computeCursor] IN: screenSize=(1920,1080) → OUT: cursor=(1267,377) (0ms)
[CURSOR-ABS] handSide=unknown hand=(0.334,0.385) filter=(0.469,0.300) target=(1268,378) cursor=(1267,378)
[2026-06-07 14:14:01] [computeCursor] IN: screenSize=(1920,1080) → OUT: cursor=(1267,377) (0ms)
[CURSOR-ABS] handSide=unknown hand=(0.347,0.421) filter=(0.469,0.300) target=(1268,378) cursor=(1268,378)
[2026-06-07 14:14:01] [computeCursor] IN: screenSize=(1920,1080) → OUT: cursor=(1267,378) (0ms)
[CURSOR-ABS] handSide=unknown hand=(0.363,0.441) filter=(0.469,0.300) target=(1268,379) cursor=(1268,378)
[2026-06-07 14:14:01] [computeCursor] IN: screenSize=(1920,1080) → OUT: cursor=(1268,378) (0ms)
[CURSOR-ABS] handSide=unknown hand=(0.388,0.455) filter=(0.469,0.301) target=(1269,379) cursor=(1268,379)
[2026-06-07 14:14:01] [computeCursor] IN: screenSize=(1920,1080) → OUT: cursor=(1268,379) (0ms)
[CURSOR-ABS] handSide=unknown hand=(0.411,0.466) filter=(0.469,0.301) target=(1269,380) cursor=(1269,379)
[2026-06-07 14:14:01] [computeCursor] IN: screenSize=(1920,1080) → OUT: cursor=(1268,379) (0ms)
[CURSOR-ABS] handSide=unknown hand=(0.433,0.473) filter=(0.469,0.301) target=(1269,380) cursor=(1269,380)
[2026-06-07 14:14:01] [computeCursor] IN: screenSize=(1920,1080) → OUT: cursor=(1268,380) (0ms)
[CURSOR-ABS] handSide=unknown hand=(0.451,0.472) filter=(0.469,0.301) target=(1269,381) cursor=(1269,380)
[2026-06-07 14:14:01] [computeCursor] IN: screenSize=(1920,1080) → OUT: cursor=(1269,380) (0ms)
[CURSOR-ABS] handSide=unknown hand=(0.473,0.470) filter=(0.469,0.302) target=(1269,382) cursor=(1269,381)
[2026-06-07 14:14:01] [computeCursor] IN: screenSize=(1920,1080) → OUT: cursor=(1269,381) (0ms)
[CURSOR-ABS] handSide=unknown hand=(0.492,0.461) filter=(0.469,0.302) target=(1269,382) cursor=(1269,381)
[2026-06-07 14:14:01] [computeCursor] IN: screenSize=(1920,1080) → OUT: cursor=(1268,381) (0ms)
[CURSOR-ABS] handSide=unknown hand=(0.510,0.445) filter=(0.469,0.302) target=(1269,382) cursor=(1269,382)
[2026-06-07 14:14:01] [computeCursor] IN: screenSize=(1920,1080) → OUT: cursor=(1268,382) (0ms)
[CURSOR-ABS] handSide=unknown hand=(0.526,0.428) filter=(0.469,0.302) target=(1269,383) cursor=(1269,382)
[2026-06-07 14:14:01] [computeCursor] IN: screenSize=(1920,1080) → OUT: cursor=(1268,382) (0ms)
[CURSOR-ABS] handSide=unknown hand=(0.539,0.413) filter=(0.469,0.302) target=(1268,383) cursor=(1269,383)
[2026-06-07 14:14:01] [computeCursor] IN: screenSize=(1920,1080) → OUT: cursor=(1268,383) (0ms)
[CURSOR-ABS] handSide=unknown hand=(0.547,0.389) filter=(0.469,0.303) target=(1268,383) cursor=(1268,383)
[2026-06-07 14:14:01] [computeCursor] IN: screenSize=(1920,1080) → OUT: cursor=(1268,383) (0ms)
[CURSOR-ABS] handSide=unknown hand=(0.551,0.368) filter=(0.469,0.303) target=(1268,384) cursor=(1268,383)
[2026-06-07 14:14:01] [computeCursor] IN: screenSize=(1920,1080) → OUT: cursor=(1267,383) (0ms)
[CURSOR-ABS] handSide=unknown hand=(0.550,0.341) filter=(0.469,0.303) target=(1268,384) cursor=(1268,384)
[2026-06-07 14:14:01] [computeCursor] IN: screenSize=(1920,1080) → OUT: cursor=(1267,383) (0ms)
[CURSOR-ABS] handSide=unknown hand=(0.543,0.318) filter=(0.470,0.303) target=(1267,384) cursor=(1268,384)
[2026-06-07 14:14:01] [computeCursor] IN: screenSize=(1920,1080) → OUT: cursor=(1267,383) (0ms)
[CURSOR-ABS] handSide=unknown hand=(0.534,0.294) filter=(0.470,0.303) target=(1267,384) cursor=(1267,384)
[2026-06-07 14:14:01] [computeCursor] IN: screenSize=(1920,1080) → OUT: cursor=(1267,383) (0ms)
[CURSOR-ABS] handSide=unknown hand=(0.522,0.277) filter=(0.470,0.303) target=(1267,384) cursor=(1267,384)
[2026-06-07 14:14:01] [computeCursor] IN: screenSize=(1920,1080) → OUT: cursor=(1266,383) (0ms)
[CURSOR-ABS] handSide=unknown hand=(0.504,0.259) filter=(0.470,0.303) target=(1267,384) cursor=(1267,384)
[2026-06-07 14:14:01] [computeCursor] IN: screenSize=(1920,1080) → OUT: cursor=(1266,383) (0ms)
[CURSOR-ABS] handSide=unknown hand=(0.485,0.248) filter=(0.470,0.303) target=(1267,383) cursor=(1267,384)
[2026-06-07 14:14:01] [computeCursor] IN: screenSize=(1920,1080) → OUT: cursor=(1266,383) (0ms)
[CURSOR-ABS] handSide=unknown hand=(0.463,0.243) filter=(0.470,0.302) target=(1267,383) cursor=(1267,383)
[2026-06-07 14:14:01] [computeCursor] IN: screenSize=(1920,1080) → OUT: cursor=(1266,383) (0ms)
[CURSOR-ABS] handSide=unknown hand=(0.442,0.243) filter=(0.470,0.302) target=(1267,383) cursor=(1267,383)
[2026-06-07 14:14:01] [computeCursor] IN: screenSize=(1920,1080) → OUT: cursor=(1266,383) (0ms)
[CURSOR-ABS] handSide=unknown hand=(0.421,0.246) filter=(0.470,0.302) target=(1267,383) cursor=(1267,383)
[2026-06-07 14:14:01] [computeCursor] IN: screenSize=(1920,1080) → OUT: cursor=(1266,382) (0ms)
[CURSOR-ABS] handSide=unknown hand=(0.402,0.252) filter=(0.470,0.302) target=(1267,383) cursor=(1267,383)
[2026-06-07 14:14:01] [computeCursor] IN: screenSize=(1920,1080) → OUT: cursor=(1267,382) (0ms)
[CURSOR-ABS] handSide=unknown hand=(0.382,0.275) filter=(0.469,0.302) target=(1268,383) cursor=(1267,383)
[2026-06-07 14:14:01] [computeCursor] IN: screenSize=(1920,1080) → OUT: cursor=(1267,382) (0ms)
[CURSOR-ABS] handSide=unknown hand=(0.366,0.298) filter=(0.469,0.302) target=(1268,383) cursor=(1268,383)
[2026-06-07 14:14:01] [computeCursor] IN: screenSize=(1920,1080) → OUT: cursor=(1267,382) (0ms)
[CURSOR-ABS] handSide=unknown hand=(0.360,0.331) filter=(0.469,0.302) target=(1268,383) cursor=(1268,383)
[2026-06-07 14:14:01] [computeCursor] IN: screenSize=(1920,1080) → OUT: cursor=(1268,382) (0ms)
[CURSOR-ABS] handSide=unknown hand=(0.359,0.370) filter=(0.469,0.302) target=(1269,383) cursor=(1268,383)
[2026-06-07 14:14:01] [computeCursor] IN: screenSize=(1920,1080) → OUT: cursor=(1268,382) (0ms)
[CURSOR-ABS] handSide=unknown hand=(0.365,0.409) filter=(0.469,0.302) target=(1269,383) cursor=(1269,383)
[2026-06-07 14:14:01] [computeCursor] IN: screenSize=(1920,1080) → OUT: cursor=(1269,383) (0ms)
[CURSOR-ABS] handSide=unknown hand=(0.372,0.442) filter=(0.469,0.303) target=(1269,384) cursor=(1269,383)
[2026-06-07 14:14:01] [computeCursor] IN: screenSize=(1920,1080) → OUT: cursor=(1269,383) (0ms)
[CURSOR-ABS] handSide=unknown hand=(0.389,0.469) filter=(0.469,0.303) target=(1270,384) cursor=(1269,384)
[2026-06-07 14:14:01] [computeCursor] IN: screenSize=(1920,1080) → OUT: cursor=(1269,384) (0ms)
[CURSOR-ABS] handSide=unknown hand=(0.409,0.494) filter=(0.469,0.303) target=(1270,385) cursor=(1270,384)
[2026-06-07 14:14:01] [computeCursor] IN: screenSize=(1920,1080) → OUT: cursor=(1269,384) (0ms)
[CURSOR-ABS] handSide=unknown hand=(0.432,0.504) filter=(0.469,0.303) target=(1270,385) cursor=(1270,385)
[2026-06-07 14:14:01] [computeCursor] IN: screenSize=(1920,1080) → OUT: cursor=(1269,385) (0ms)
[CURSOR-ABS] handSide=unknown hand=(0.455,0.509) filter=(0.469,0.304) target=(1270,386) cursor=(1270,385)
[2026-06-07 14:14:01] [computeCursor] IN: screenSize=(1920,1080) → OUT: cursor=(1270,385) (0ms)
[CURSOR-ABS] handSide=unknown hand=(0.480,0.502) filter=(0.469,0.304) target=(1270,387) cursor=(1270,386)
[2026-06-07 14:14:01] [computeCursor] IN: screenSize=(1920,1080) → OUT: cursor=(1269,386) (0ms)
[CURSOR-ABS] handSide=unknown hand=(0.503,0.478) filter=(0.469,0.304) target=(1270,387) cursor=(1270,387)
[2026-06-07 14:14:01] [computeCursor] IN: screenSize=(1920,1080) → OUT: cursor=(1269,387) (0ms)
[CURSOR-ABS] handSide=unknown hand=(0.522,0.451) filter=(0.469,0.304) target=(1270,387) cursor=(1270,387)
[2026-06-07 14:14:01] [computeCursor] IN: screenSize=(1920,1080) → OUT: cursor=(1269,387) (0ms)
[CURSOR-ABS] handSide=unknown hand=(0.534,0.416) filter=(0.469,0.305) target=(1269,388) cursor=(1270,387)
[2026-06-07 14:14:01] [computeCursor] IN: screenSize=(1920,1080) → OUT: cursor=(1269,387) (0ms)
[CURSOR-ABS] handSide=unknown hand=(0.541,0.369) filter=(0.469,0.305) target=(1269,388) cursor=(1269,388)
[2026-06-07 14:14:01] [computeCursor] IN: screenSize=(1920,1080) → OUT: cursor=(1269,387) (0ms)
[CURSOR-ABS] handSide=unknown hand=(0.538,0.324) filter=(0.469,0.305) target=(1269,388) cursor=(1269,388)
[2026-06-07 14:14:01] [computeCursor] IN: screenSize=(1920,1080) → OUT: cursor=(1268,388) (0ms)
[CURSOR-ABS] handSide=unknown hand=(0.529,0.283) filter=(0.469,0.305) target=(1269,388) cursor=(1269,388)
[2026-06-07 14:14:01] [computeCursor] IN: screenSize=(1920,1080) → OUT: cursor=(1268,387) (0ms)
[CURSOR-ABS] handSide=unknown hand=(0.509,0.250) filter=(0.469,0.305) target=(1269,388) cursor=(1269,388)
[2026-06-07 14:14:01] [computeCursor] IN: screenSize=(1920,1080) → OUT: cursor=(1268,387) (0ms)
[CURSOR-ABS] handSide=unknown hand=(0.485,0.228) filter=(0.469,0.304) target=(1269,388) cursor=(1269,388)
[2026-06-07 14:14:01] [computeCursor] IN: screenSize=(1920,1080) → OUT: cursor=(1268,387) (0ms)
[CURSOR-ABS] handSide=unknown hand=(0.456,0.214) filter=(0.469,0.304) target=(1269,387) cursor=(1269,388)
[2026-06-07 14:14:01] [computeCursor] IN: screenSize=(1920,1080) → OUT: cursor=(1268,387) (0ms)
[CURSOR-ABS] handSide=unknown hand=(0.425,0.213) filter=(0.469,0.304) target=(1269,387) cursor=(1269,387)
[2026-06-07 14:14:01] [computeCursor] IN: screenSize=(1920,1080) → OUT: cursor=(1268,387) (0ms)
[CURSOR-ABS] handSide=unknown hand=(0.395,0.213) filter=(0.469,0.304) target=(1269,387) cursor=(1269,387)
[2026-06-07 14:14:01] [computeCursor] IN: screenSize=(1920,1080) → OUT: cursor=(1269,386) (0ms)
[CURSOR-ABS] handSide=unknown hand=(0.370,0.234) filter=(0.469,0.304) target=(1269,387) cursor=(1269,387)
[2026-06-07 14:14:01] [computeCursor] IN: screenSize=(1920,1080) → OUT: cursor=(1269,386) (0ms)
[CURSOR-ABS] handSide=unknown hand=(0.348,0.274) filter=(0.469,0.304) target=(1270,387) cursor=(1269,387)
[2026-06-07 14:14:01] [computeCursor] IN: screenSize=(1920,1080) → OUT: cursor=(1269,386) (0ms)
[CURSOR-ABS] handSide=unknown hand=(0.339,0.322) filter=(0.469,0.304) target=(1270,387) cursor=(1270,387)
[2026-06-07 14:14:01] [computeCursor] IN: screenSize=(1920,1080) → OUT: cursor=(1270,386) (0ms)
[CURSOR-ABS] handSide=unknown hand=(0.344,0.375) filter=(0.469,0.304) target=(1271,387) cursor=(1270,387)
[2026-06-07 14:14:01] [computeCursor] IN: screenSize=(1920,1080) → OUT: cursor=(1270,386) (0ms)
[CURSOR-ABS] handSide=unknown hand=(0.357,0.427) filter=(0.469,0.304) target=(1271,387) cursor=(1271,387)
[2026-06-07 14:14:01] [computeCursor] IN: screenSize=(1920,1080) → OUT: cursor=(1270,387) (0ms)
[CURSOR-ABS] handSide=unknown hand=(0.382,0.464) filter=(0.469,0.304) target=(1271,388) cursor=(1271,387)
[2026-06-07 14:14:01] [computeCursor] IN: screenSize=(1920,1080) → OUT: cursor=(1271,387) (0ms)
[CURSOR-ABS] handSide=unknown hand=(0.411,0.485) filter=(0.468,0.305) target=(1271,388) cursor=(1271,388)
[2026-06-07 14:14:01] [computeCursor] IN: screenSize=(1920,1080) → OUT: cursor=(1271,388) (0ms)
[CURSOR-ABS] handSide=unknown hand=(0.440,0.504) filter=(0.468,0.305) target=(1272,389) cursor=(1271,388)
[2026-06-07 14:14:01] [computeCursor] IN: screenSize=(1920,1080) → OUT: cursor=(1271,388) (0ms)
[CURSOR-ABS] handSide=unknown hand=(0.468,0.503) filter=(0.468,0.305) target=(1272,389) cursor=(1272,389)
[2026-06-07 14:14:01] [computeCursor] IN: screenSize=(1920,1080) → OUT: cursor=(1271,389) (0ms)
[CURSOR-ABS] handSide=unknown hand=(0.503,0.488) filter=(0.468,0.306) target=(1271,390) cursor=(1272,389)
[2026-06-07 14:14:01] [computeCursor] IN: screenSize=(1920,1080) → OUT: cursor=(1271,389) (0ms)
[CURSOR-ABS] handSide=unknown hand=(0.530,0.463) filter=(0.469,0.306) target=(1271,390) cursor=(1271,390)
[2026-06-07 14:14:01] [computeCursor] IN: screenSize=(1920,1080) → OUT: cursor=(1271,390) (0ms)
[CURSOR-ABS] handSide=unknown hand=(0.552,0.426) filter=(0.469,0.306) target=(1271,391) cursor=(1271,390)
[2026-06-07 14:14:01] [computeCursor] IN: screenSize=(1920,1080) → OUT: cursor=(1270,390) (0ms)
[CURSOR-ABS] handSide=unknown hand=(0.567,0.375) filter=(0.469,0.306) target=(1271,391) cursor=(1271,391)
[2026-06-07 14:14:01] [computeCursor] IN: screenSize=(1920,1080) → OUT: cursor=(1270,390) (0ms)
[CURSOR-ABS] handSide=unknown hand=(0.573,0.314) filter=(0.469,0.306) target=(1270,391) cursor=(1271,391)
[2026-06-07 14:14:01] [computeCursor] IN: screenSize=(1920,1080) → OUT: cursor=(1270,390) (0ms)
[CURSOR-ABS] handSide=unknown hand=(0.566,0.258) filter=(0.469,0.306) target=(1270,391) cursor=(1270,391)
[2026-06-07 14:14:01] [computeCursor] IN: screenSize=(1920,1080) → OUT: cursor=(1269,390) (0ms)
[CURSOR-ABS] handSide=unknown hand=(0.548,0.202) filter=(0.469,0.306) target=(1270,390) cursor=(1270,391)
[2026-06-07 14:14:01] [computeCursor] IN: screenSize=(1920,1080) → OUT: cursor=(1269,390) (0ms)
[CURSOR-ABS] handSide=unknown hand=(0.518,0.170) filter=(0.469,0.306) target=(1269,390) cursor=(1270,390)
[2026-06-07 14:14:01] [computeCursor] IN: screenSize=(1920,1080) → OUT: cursor=(1269,390) (0ms)
[CURSOR-ABS] handSide=unknown hand=(0.494,0.150) filter=(0.469,0.305) target=(1269,390) cursor=(1269,390)
[2026-06-07 14:14:01] [computeCursor] IN: screenSize=(1920,1080) → OUT: cursor=(1269,389) (0ms)
[CURSOR-ABS] handSide=unknown hand=(0.459,0.165) filter=(0.469,0.305) target=(1269,389) cursor=(1269,390)
[2026-06-07 14:14:01] [computeCursor] IN: screenSize=(1920,1080) → OUT: cursor=(1269,389) (0ms)
[CURSOR-ABS] handSide=unknown hand=(0.431,0.173) filter=(0.469,0.305) target=(1270,389) cursor=(1269,389)
[2026-06-07 14:14:01] [computeCursor] IN: screenSize=(1920,1080) → OUT: cursor=(1269,388) (0ms)
[CURSOR-ABS] handSide=unknown hand=(0.404,0.198) filter=(0.469,0.305) target=(1270,389) cursor=(1270,389)
[2026-06-07 14:14:01] [computeCursor] IN: screenSize=(1920,1080) → OUT: cursor=(1269,388) (0ms)
[CURSOR-ABS] handSide=unknown hand=(0.381,0.237) filter=(0.469,0.305) target=(1270,388) cursor=(1270,389)
[2026-06-07 14:14:01] [computeCursor] IN: screenSize=(1920,1080) → OUT: cursor=(1270,388) (0ms)
[CURSOR-ABS] handSide=unknown hand=(0.365,0.306) filter=(0.469,0.305) target=(1270,388) cursor=(1270,388)
[2026-06-07 14:14:01] [computeCursor] IN: screenSize=(1920,1080) → OUT: cursor=(1270,388) (0ms)
[CURSOR-ABS] handSide=unknown hand=(0.362,0.370) filter=(0.469,0.305) target=(1271,389) cursor=(1270,388)
[2026-06-07 14:14:01] [computeCursor] IN: screenSize=(1920,1080) → OUT: cursor=(1270,388) (0ms)
[CURSOR-ABS] handSide=unknown hand=(0.377,0.434) filter=(0.469,0.305) target=(1271,389) cursor=(1271,389)
[2026-06-07 14:14:01] [computeCursor] IN: screenSize=(1920,1080) → OUT: cursor=(1271,388) (0ms)
[CURSOR-ABS] handSide=unknown hand=(0.408,0.481) filter=(0.469,0.305) target=(1271,389) cursor=(1271,389)
[2026-06-07 14:14:01] [computeCursor] IN: screenSize=(1920,1080) → OUT: cursor=(1271,389) (0ms)
[CURSOR-ABS] handSide=unknown hand=(0.447,0.509) filter=(0.469,0.306) target=(1271,390) cursor=(1271,389)
[2026-06-07 14:14:01] [computeCursor] IN: screenSize=(1920,1080) → OUT: cursor=(1271,389) (0ms)
[CURSOR-ABS] handSide=unknown hand=(0.484,0.520) filter=(0.469,0.306) target=(1271,391) cursor=(1271,390)
[2026-06-07 14:14:01] [computeCursor] IN: screenSize=(1920,1080) → OUT: cursor=(1271,390) (0ms)
[CURSOR-ABS] handSide=unknown hand=(0.526,0.507) filter=(0.469,0.306) target=(1271,391) cursor=(1271,391)
[2026-06-07 14:14:01] [computeCursor] IN: screenSize=(1920,1080) → OUT: cursor=(1271,391) (0ms)
[CURSOR-ABS] handSide=unknown hand=(0.556,0.476) filter=(0.469,0.306) target=(1271,392) cursor=(1271,391)
[2026-06-07 14:14:01] [computeCursor] IN: screenSize=(1920,1080) → OUT: cursor=(1270,391) (0ms)
[CURSOR-ABS] handSide=unknown hand=(0.570,0.431) filter=(0.469,0.306) target=(1270,392) cursor=(1271,392)
[2026-06-07 14:14:01] [computeCursor] IN: screenSize=(1920,1080) → OUT: cursor=(1270,391) (0ms)
[CURSOR-ABS] handSide=unknown hand=(0.580,0.374) filter=(0.469,0.307) target=(1270,392) cursor=(1270,392)
[2026-06-07 14:14:01] [computeCursor] IN: screenSize=(1920,1080) → OUT: cursor=(1270,392) (0ms)
[CURSOR-ABS] handSide=unknown hand=(0.571,0.321) filter=(0.469,0.307) target=(1270,392) cursor=(1270,392)
[2026-06-07 14:14:01] [computeCursor] IN: screenSize=(1920,1080) → OUT: cursor=(1269,392) (0ms)
[CURSOR-ABS] handSide=unknown hand=(0.550,0.281) filter=(0.469,0.307) target=(1270,392) cursor=(1270,392)
[2026-06-07 14:14:01] [computeCursor] IN: screenSize=(1920,1080) → OUT: cursor=(1269,391) (0ms)
[CURSOR-ABS] handSide=unknown hand=(0.514,0.250) filter=(0.469,0.306) target=(1269,392) cursor=(1270,392)
[2026-06-07 14:14:01] [computeCursor] IN: screenSize=(1920,1080) → OUT: cursor=(1269,391) (0ms)
[CURSOR-ABS] handSide=unknown hand=(0.465,0.245) filter=(0.469,0.306) target=(1269,392) cursor=(1269,392)
[2026-06-07 14:14:01] [computeCursor] IN: screenSize=(1920,1080) → OUT: cursor=(1269,391) (0ms)
[CURSOR-ABS] handSide=unknown hand=(0.425,0.267) filter=(0.469,0.306) target=(1270,392) cursor=(1269,392)
[2026-06-07 14:14:01] [computeCursor] IN: screenSize=(1920,1080) → OUT: cursor=(1269,391) (0ms)
[CURSOR-ABS] handSide=unknown hand=(0.394,0.297) filter=(0.469,0.306) target=(1270,392) cursor=(1270,392)
[2026-06-07 14:14:01] [computeCursor] IN: screenSize=(1920,1080) → OUT: cursor=(1269,391) (0ms)
[CURSOR-ABS] handSide=unknown hand=(0.379,0.355) filter=(0.469,0.306) target=(1270,392) cursor=(1270,392)
[2026-06-07 14:14:01] [computeCursor] IN: screenSize=(1920,1080) → OUT: cursor=(1270,391) (0ms)
[CURSOR-ABS] handSide=unknown hand=(0.382,0.418) filter=(0.469,0.306) target=(1270,392) cursor=(1270,392)
[2026-06-07 14:14:01] [computeCursor] IN: screenSize=(1920,1080) → OUT: cursor=(1270,391) (0ms)
[CURSOR-ABS] handSide=unknown hand=(0.413,0.478) filter=(0.469,0.307) target=(1271,392) cursor=(1270,392)
[2026-06-07 14:14:01] [computeCursor] IN: screenSize=(1920,1080) → OUT: cursor=(1270,392) (0ms)
[CURSOR-ABS] handSide=unknown hand=(0.451,0.513) filter=(0.469,0.307) target=(1271,393) cursor=(1271,392)
[2026-06-07 14:14:01] [computeCursor] IN: screenSize=(1920,1080) → OUT: cursor=(1270,392) (0ms)
[CURSOR-ABS] handSide=unknown hand=(0.499,0.529) filter=(0.469,0.307) target=(1270,393) cursor=(1271,393)
[2026-06-07 14:14:01] [computeCursor] IN: screenSize=(1920,1080) → OUT: cursor=(1270,393) (0ms)
[CURSOR-ABS] handSide=unknown hand=(0.545,0.508) filter=(0.469,0.307) target=(1270,394) cursor=(1270,393)
[2026-06-07 14:14:01] [computeCursor] IN: screenSize=(1920,1080) → OUT: cursor=(1270,393) (0ms)
[CURSOR-ABS] handSide=unknown hand=(0.579,0.473) filter=(0.469,0.308) target=(1270,394) cursor=(1270,394)
[2026-06-07 14:14:01] [computeCursor] IN: screenSize=(1920,1080) → OUT: cursor=(1269,394) (0ms)
[CURSOR-ABS] handSide=unknown hand=(0.602,0.414) filter=(0.469,0.308) target=(1269,395) cursor=(1270,394)
[2026-06-07 14:14:01] [computeCursor] IN: screenSize=(1920,1080) → OUT: cursor=(1269,394) (0ms)
[CURSOR-ABS] handSide=unknown hand=(0.604,0.360) filter=(0.469,0.308) target=(1269,395) cursor=(1269,395)
[2026-06-07 14:14:01] [computeCursor] IN: screenSize=(1920,1080) → OUT: cursor=(1268,394) (0ms)
[CURSOR-ABS] handSide=unknown hand=(0.583,0.316) filter=(0.469,0.308) target=(1269,395) cursor=(1269,395)
[2026-06-07 14:14:01] [computeCursor] IN: screenSize=(1920,1080) → OUT: cursor=(1268,394) (0ms)
[CURSOR-ABS] handSide=unknown hand=(0.560,0.292) filter=(0.469,0.308) target=(1268,395) cursor=(1269,395)
[2026-06-07 14:14:01] [computeCursor] IN: screenSize=(1920,1080) → OUT: cursor=(1268,394) (0ms)
[CURSOR-ABS] handSide=unknown hand=(0.506,0.265) filter=(0.469,0.308) target=(1268,395) cursor=(1268,395)
[2026-06-07 14:14:01] [computeCursor] IN: screenSize=(1920,1080) → OUT: cursor=(1268,394) (0ms)
[CURSOR-ABS] handSide=unknown hand=(0.459,0.279) filter=(0.469,0.308) target=(1268,395) cursor=(1268,395)
[2026-06-07 14:14:01] [computeCursor] IN: screenSize=(1920,1080) → OUT: cursor=(1268,394) (0ms)
[CURSOR-ABS] handSide=unknown hand=(0.422,0.299) filter=(0.469,0.308) target=(1268,395) cursor=(1268,395)
[2026-06-07 14:14:01] [computeCursor] IN: screenSize=(1920,1080) → OUT: cursor=(1268,394) (0ms)
[CURSOR-ABS] handSide=unknown hand=(0.394,0.345) filter=(0.469,0.308) target=(1269,395) cursor=(1268,395)
[2026-06-07 14:14:01] [computeCursor] IN: screenSize=(1920,1080) → OUT: cursor=(1268,394) (0ms)
[CURSOR-ABS] handSide=unknown hand=(0.386,0.399) filter=(0.469,0.308) target=(1269,395) cursor=(1269,395)
[2026-06-07 14:14:01] [computeCursor] IN: screenSize=(1920,1080) → OUT: cursor=(1268,394) (0ms)
[CURSOR-ABS] handSide=unknown hand=(0.392,0.461) filter=(0.469,0.308) target=(1269,395) cursor=(1269,395)
[2026-06-07 14:14:01] [computeCursor] IN: screenSize=(1920,1080) → OUT: cursor=(1269,395) (0ms)
[CURSOR-ABS] handSide=unknown hand=(0.419,0.516) filter=(0.469,0.308) target=(1269,396) cursor=(1269,395)
[2026-06-07 14:14:01] [computeCursor] IN: screenSize=(1920,1080) → OUT: cursor=(1269,395) (0ms)
[CURSOR-ABS] handSide=unknown hand=(0.453,0.553) filter=(0.469,0.308) target=(1269,396) cursor=(1269,396)
[2026-06-07 14:14:01] [computeCursor] IN: screenSize=(1920,1080) → OUT: cursor=(1269,396) (0ms)
[CURSOR-ABS] handSide=unknown hand=(0.501,0.562) filter=(0.469,0.309) target=(1269,397) cursor=(1269,396)
[2026-06-07 14:14:01] [computeCursor] IN: screenSize=(1920,1080) → OUT: cursor=(1269,396) (0ms)
[CURSOR-ABS] handSide=unknown hand=(0.542,0.516) filter=(0.469,0.309) target=(1269,397) cursor=(1269,397)
[2026-06-07 14:14:01] [computeCursor] IN: screenSize=(1920,1080) → OUT: cursor=(1269,397) (0ms)
[CURSOR-ABS] handSide=unknown hand=(0.575,0.451) filter=(0.469,0.309) target=(1269,398) cursor=(1269,397)
[2026-06-07 14:14:01] [computeCursor] IN: screenSize=(1920,1080) → OUT: cursor=(1268,397) (0ms)
[CURSOR-ABS] handSide=unknown hand=(0.586,0.361) filter=(0.469,0.309) target=(1268,398) cursor=(1269,398)
[2026-06-07 14:14:01] [computeCursor] IN: screenSize=(1920,1080) → OUT: cursor=(1268,397) (0ms)
[CURSOR-ABS] handSide=unknown hand=(0.575,0.275) filter=(0.469,0.309) target=(1268,398) cursor=(1268,398)
[2026-06-07 14:14:01] [computeCursor] IN: screenSize=(1920,1080) → OUT: cursor=(1267,397) (0ms)
[CURSOR-ABS] handSide=unknown hand=(0.550,0.239) filter=(0.469,0.309) target=(1268,397) cursor=(1268,398)
[2026-06-07 14:14:01] [computeCursor] IN: screenSize=(1920,1080) → OUT: cursor=(1267,397) (0ms)
[CURSOR-ABS] handSide=unknown hand=(0.500,0.222) filter=(0.470,0.309) target=(1267,397) cursor=(1268,397)
[2026-06-07 14:14:01] [computeCursor] IN: screenSize=(1920,1080) → OUT: cursor=(1267,397) (0ms)
[CURSOR-ABS] handSide=unknown hand=(0.464,0.266) filter=(0.470,0.309) target=(1268,397) cursor=(1267,397)
[2026-06-07 14:14:01] [computeCursor] IN: screenSize=(1920,1080) → OUT: cursor=(1267,397) (0ms)
[CURSOR-ABS] handSide=unknown hand=(0.430,0.307) filter=(0.469,0.309) target=(1268,397) cursor=(1268,397)
[2026-06-07 14:14:01] [computeCursor] IN: screenSize=(1920,1080) → OUT: cursor=(1267,397) (0ms)
[CURSOR-ABS] handSide=unknown hand=(0.413,0.375) filter=(0.469,0.309) target=(1268,397) cursor=(1268,397)
[2026-06-07 14:14:01] [computeCursor] IN: screenSize=(1920,1080) → OUT: cursor=(1267,397) (0ms)
[CURSOR-ABS] handSide=unknown hand=(0.412,0.442) filter=(0.469,0.309) target=(1268,398) cursor=(1268,397)
[2026-06-07 14:14:01] [computeCursor] IN: screenSize=(1920,1080) → OUT: cursor=(1268,397) (0ms)
[CURSOR-ABS] handSide=unknown hand=(0.426,0.489) filter=(0.469,0.309) target=(1268,398) cursor=(1268,398)
[2026-06-07 14:14:01] [computeCursor] IN: screenSize=(1920,1080) → OUT: cursor=(1268,398) (0ms)
[CURSOR-ABS] handSide=unknown hand=(0.448,0.520) filter=(0.469,0.310) target=(1268,398) cursor=(1268,398)
[2026-06-07 14:14:01] [computeCursor] IN: screenSize=(1920,1080) → OUT: cursor=(1268,398) (0ms)
[CURSOR-ABS] handSide=unknown hand=(0.477,0.527) filter=(0.469,0.310) target=(1268,399) cursor=(1268,398)
[2026-06-07 14:14:01] [computeCursor] IN: screenSize=(1920,1080) → OUT: cursor=(1268,398) (0ms)
[CURSOR-ABS] handSide=unknown hand=(0.514,0.498) filter=(0.469,0.310) target=(1268,399) cursor=(1268,399)
[2026-06-07 14:14:01] [computeCursor] IN: screenSize=(1920,1080) → OUT: cursor=(1268,399) (0ms)
[CURSOR-ABS] handSide=unknown hand=(0.546,0.446) filter=(0.469,0.310) target=(1268,400) cursor=(1268,399)
[2026-06-07 14:14:01] [computeCursor] IN: screenSize=(1920,1080) → OUT: cursor=(1267,399) (0ms)
[CURSOR-ABS] handSide=unknown hand=(0.559,0.373) filter=(0.469,0.310) target=(1268,400) cursor=(1268,400)
[2026-06-07 14:14:01] [computeCursor] IN: screenSize=(1920,1080) → OUT: cursor=(1267,399) (0ms)
[CURSOR-ABS] handSide=unknown hand=(0.562,0.289) filter=(0.470,0.310) target=(1267,400) cursor=(1268,400)
[2026-06-07 14:14:01] [computeCursor] IN: screenSize=(1920,1080) → OUT: cursor=(1267,399) (0ms)
[CURSOR-ABS] handSide=unknown hand=(0.550,0.211) filter=(0.470,0.310) target=(1267,399) cursor=(1267,400)
[2026-06-07 14:14:01] [computeCursor] IN: screenSize=(1920,1080) → OUT: cursor=(1266,399) (0ms)
[CURSOR-ABS] handSide=unknown hand=(0.520,0.140) filter=(0.470,0.310) target=(1267,399) cursor=(1267,399)
[2026-06-07 14:14:01] [computeCursor] IN: screenSize=(1920,1080) → OUT: cursor=(1266,399) (0ms)
[CURSOR-ABS] handSide=unknown hand=(0.468,0.106) filter=(0.470,0.310) target=(1267,399) cursor=(1267,399)
[2026-06-07 14:14:01] [computeCursor] IN: screenSize=(1920,1080) → OUT: cursor=(1266,398) (0ms)
[CURSOR-ABS] handSide=unknown hand=(0.426,0.091) filter=(0.470,0.309) target=(1267,398) cursor=(1267,399)
[2026-06-07 14:14:01] [computeCursor] IN: screenSize=(1920,1080) → OUT: cursor=(1266,398) (0ms)
[CURSOR-ABS] handSide=unknown hand=(0.399,0.113) filter=(0.470,0.309) target=(1267,398) cursor=(1267,398)
[2026-06-07 14:14:01] [computeCursor] IN: screenSize=(1920,1080) → OUT: cursor=(1267,397) (0ms)
[CURSOR-ABS] handSide=unknown hand=(0.373,0.150) filter=(0.470,0.309) target=(1267,397) cursor=(1267,398)
[2026-06-07 14:14:01] [computeCursor] IN: screenSize=(1920,1080) → OUT: cursor=(1267,397) (0ms)
[CURSOR-ABS] handSide=unknown hand=(0.354,0.185) filter=(0.469,0.309) target=(1268,397) cursor=(1267,397)
[2026-06-07 14:14:01] [computeCursor] IN: screenSize=(1920,1080) → OUT: cursor=(1267,397) (0ms)
[CURSOR-ABS] handSide=unknown hand=(0.338,0.238) filter=(0.469,0.309) target=(1268,397) cursor=(1268,397)
[2026-06-07 14:14:01] [computeCursor] IN: screenSize=(1920,1080) → OUT: cursor=(1268,397) (0ms)
[CURSOR-ABS] handSide=unknown hand=(0.335,0.293) filter=(0.469,0.309) target=(1269,397) cursor=(1268,397)
[2026-06-07 14:14:01] [computeCursor] IN: screenSize=(1920,1080) → OUT: cursor=(1268,396) (0ms)
[CURSOR-ABS] handSide=unknown hand=(0.341,0.357) filter=(0.469,0.309) target=(1269,397) cursor=(1269,397)
[2026-06-07 14:14:01] [computeCursor] IN: screenSize=(1920,1080) → OUT: cursor=(1269,397) (1ms)
[CURSOR-ABS] handSide=unknown hand=(0.357,0.407) filter=(0.469,0.309) target=(1270,397) cursor=(1269,397)
[2026-06-07 14:14:01] [computeCursor] IN: screenSize=(1920,1080) → OUT: cursor=(1269,397) (0ms)
[CURSOR-ABS] handSide=unknown hand=(0.382,0.439) filter=(0.469,0.309) target=(1270,398) cursor=(1270,397)
[2026-06-07 14:14:01] [computeCursor] IN: screenSize=(1920,1080) → OUT: cursor=(1269,397) (0ms)
[CURSOR-ABS] handSide=unknown hand=(0.411,0.449) filter=(0.469,0.309) target=(1270,398) cursor=(1270,398)
[2026-06-07 14:14:01] [computeCursor] IN: screenSize=(1920,1080) → OUT: cursor=(1270,397) (1ms)
[CURSOR-ABS] handSide=unknown hand=(0.433,0.453) filter=(0.469,0.309) target=(1270,398) cursor=(1270,398)
[2026-06-07 14:14:01] [computeCursor] IN: screenSize=(1920,1080) → OUT: cursor=(1270,398) (0ms)
[CURSOR-ABS] handSide=unknown hand=(0.445,0.436) filter=(0.469,0.310) target=(1270,398) cursor=(1270,398)
[2026-06-07 14:14:01] [computeCursor] IN: screenSize=(1920,1080) → OUT: cursor=(1270,398) (0ms)
[CURSOR-ABS] handSide=unknown hand=(0.453,0.420) filter=(0.469,0.310) target=(1270,399) cursor=(1270,398)
[2026-06-07 14:14:01] [computeCursor] IN: screenSize=(1920,1080) → OUT: cursor=(1270,398) (0ms)
[CURSOR-ABS] handSide=unknown hand=(0.463,0.407) filter=(0.469,0.310) target=(1270,399) cursor=(1270,399)
[2026-06-07 14:14:01] [computeCursor] IN: screenSize=(1920,1080) → OUT: cursor=(1270,398) (0ms)
[CURSOR-ABS] handSide=unknown hand=(0.478,0.400) filter=(0.469,0.310) target=(1270,399) cursor=(1270,399)
[2026-06-07 14:14:01] [computeCursor] IN: screenSize=(1920,1080) → OUT: cursor=(1270,399) (0ms)
[CURSOR-ABS] handSide=unknown hand=(0.495,0.400) filter=(0.469,0.310) target=(1270,399) cursor=(1270,399)
[2026-06-07 14:14:01] [computeCursor] IN: screenSize=(1920,1080) → OUT: cursor=(1270,399) (0ms)
[CURSOR-ABS] handSide=unknown hand=(0.505,0.405) filter=(0.469,0.310) target=(1270,400) cursor=(1270,399)
[2026-06-07 14:14:01] [computeCursor] IN: screenSize=(1920,1080) → OUT: cursor=(1270,399) (0ms)
[CURSOR-ABS] handSide=unknown hand=(0.511,0.422) filter=(0.469,0.310) target=(1270,400) cursor=(1270,400)
[2026-06-07 14:14:01] [computeCursor] IN: screenSize=(1920,1080) → OUT: cursor=(1269,399) (0ms)
[CURSOR-ABS] handSide=unknown hand=(0.508,0.453) filter=(0.469,0.310) target=(1270,400) cursor=(1270,400)
[2026-06-07 14:14:01] [computeCursor] IN: screenSize=(1920,1080) → OUT: cursor=(1269,400) (0ms)
[CURSOR-ABS] handSide=unknown hand=(0.495,0.481) filter=(0.469,0.310) target=(1270,400) cursor=(1270,400)
[2026-06-07 14:14:01] [computeCursor] IN: screenSize=(1920,1080) → OUT: cursor=(1269,400) (0ms)
[CURSOR-ABS] handSide=unknown hand=(0.470,0.511) filter=(0.469,0.311) target=(1270,401) cursor=(1270,400)
[2026-06-07 14:14:01] [computeCursor] IN: screenSize=(1920,1080) → OUT: cursor=(1269,400) (0ms)
[CURSOR-ABS] handSide=unknown hand=(0.426,0.528) filter=(0.469,0.311) target=(1270,401) cursor=(1270,401)
[2026-06-07 14:14:01] [computeCursor] IN: screenSize=(1920,1080) → OUT: cursor=(1269,401) (0ms)
[CURSOR-ABS] handSide=unknown hand=(0.390,0.532) filter=(0.469,0.311) target=(1270,402) cursor=(1270,401)
[2026-06-07 14:14:01] [computeCursor] IN: screenSize=(1920,1080) → OUT: cursor=(1270,401) (0ms)
[CURSOR-ABS] handSide=unknown hand=(0.349,0.520) filter=(0.469,0.311) target=(1271,402) cursor=(1270,402)
[2026-06-07 14:14:01] [computeCursor] IN: screenSize=(1920,1080) → OUT: cursor=(1270,402) (0ms)
[CURSOR-ABS] handSide=unknown hand=(0.313,0.510) filter=(0.469,0.311) target=(1271,402) cursor=(1271,402)
[2026-06-07 14:14:01] [computeCursor] IN: screenSize=(1920,1080) → OUT: cursor=(1271,402) (0ms)
[CURSOR-ABS] handSide=unknown hand=(0.287,0.483) filter=(0.468,0.312) target=(1272,403) cursor=(1271,402)
[2026-06-07 14:14:01] [computeCursor] IN: screenSize=(1920,1080) → OUT: cursor=(1271,402) (0ms)
[CURSOR-ABS] handSide=unknown hand=(0.263,0.451) filter=(0.468,0.312) target=(1272,403) cursor=(1272,403)
[2026-06-07 14:14:01] [computeCursor] IN: screenSize=(1920,1080) → OUT: cursor=(1272,403) (0ms)
[CURSOR-ABS] handSide=unknown hand=(0.247,0.404) filter=(0.468,0.312) target=(1273,403) cursor=(1272,403)
[2026-06-07 14:14:01] [computeCursor] IN: screenSize=(1920,1080) → OUT: cursor=(1272,403) (0ms)
[CURSOR-ABS] handSide=unknown hand=(0.241,0.365) filter=(0.468,0.312) target=(1274,403) cursor=(1273,403)
[2026-06-07 14:14:01] [computeCursor] IN: screenSize=(1920,1080) → OUT: cursor=(1273,403) (0ms)
[CURSOR-ABS] handSide=unknown hand=(0.247,0.301) filter=(0.468,0.312) target=(1274,403) cursor=(1274,403)
[2026-06-07 14:14:01] [computeCursor] IN: screenSize=(1920,1080) → OUT: cursor=(1274,403) (0ms)
[CURSOR-ABS] handSide=unknown hand=(0.263,0.244) filter=(0.468,0.312) target=(1275,403) cursor=(1274,403)
[2026-06-07 14:14:01] [computeCursor] IN: screenSize=(1920,1080) → OUT: cursor=(1274,403) (0ms)
[CURSOR-ABS] handSide=unknown hand=(0.287,0.191) filter=(0.467,0.312) target=(1275,403) cursor=(1275,403)
[2026-06-07 14:14:01] [computeCursor] IN: screenSize=(1920,1080) → OUT: cursor=(1275,402) (0ms)
[CURSOR-ABS] handSide=unknown hand=(0.317,0.147) filter=(0.467,0.311) target=(1276,403) cursor=(1275,403)
[2026-06-07 14:14:01] [computeCursor] IN: screenSize=(1920,1080) → OUT: cursor=(1275,402) (0ms)
[CURSOR-ABS] handSide=unknown hand=(0.352,0.117) filter=(0.467,0.311) target=(1276,402) cursor=(1276,403)
[2026-06-07 14:14:01] [computeCursor] IN: screenSize=(1920,1080) → OUT: cursor=(1275,402) (0ms)
[CURSOR-ABS] handSide=unknown hand=(0.448,0.122) filter=(0.467,0.311) target=(1276,402) cursor=(1276,402)
[2026-06-07 14:14:01] [computeCursor] IN: screenSize=(1920,1080) → OUT: cursor=(1276,401) (0ms)
[CURSOR-ABS] handSide=unknown hand=(0.476,0.175) filter=(0.467,0.311) target=(1276,402) cursor=(1276,402)
[2026-06-07 14:14:01] [computeCursor] IN: screenSize=(1920,1080) → OUT: cursor=(1276,401) (0ms)
[CURSOR-ABS] handSide=unknown hand=(0.601,0.129) filter=(0.467,0.311) target=(1276,401) cursor=(1276,402)
[2026-06-07 14:14:01] [computeCursor] IN: screenSize=(1920,1080) → OUT: cursor=(1275,401) (1ms)
[CURSOR-ABS] handSide=unknown hand=(0.634,0.123) filter=(0.468,0.311) target=(1275,401) cursor=(1276,401)
[2026-06-07 14:14:01] [computeCursor] IN: screenSize=(1920,1080) → OUT: cursor=(1275,400) (0ms)
[CURSOR-ABS] handSide=unknown hand=(0.669,0.159) filter=(0.468,0.311) target=(1275,401) cursor=(1275,401)
[2026-06-07 14:14:01] [computeCursor] IN: screenSize=(1920,1080) → OUT: cursor=(1274,400) (0ms)
[CURSOR-ABS] handSide=unknown hand=(0.699,0.210) filter=(0.468,0.310) target=(1274,400) cursor=(1275,401)
[2026-06-07 14:14:01] [computeCursor] IN: screenSize=(1920,1080) → OUT: cursor=(1273,400) (0ms)
[CURSOR-ABS] handSide=unknown hand=(0.718,0.252) filter=(0.468,0.310) target=(1273,400) cursor=(1274,400)
[2026-06-07 14:14:01] [computeCursor] IN: screenSize=(1920,1080) → OUT: cursor=(1273,400) (0ms)
[CURSOR-ABS] handSide=unknown hand=(0.723,0.300) filter=(0.468,0.310) target=(1272,400) cursor=(1273,400)
[2026-06-07 14:14:01] [computeCursor] IN: screenSize=(1920,1080) → OUT: cursor=(1272,400) (0ms)
[CURSOR-ABS] handSide=unknown hand=(0.721,0.361) filter=(0.468,0.310) target=(1272,400) cursor=(1272,400)
[2026-06-07 14:14:01] [computeCursor] IN: screenSize=(1920,1080) → OUT: cursor=(1271,400) (0ms)
[CURSOR-ABS] handSide=unknown hand=(0.703,0.403) filter=(0.469,0.310) target=(1271,401) cursor=(1272,400)
[2026-06-07 14:14:01] [computeCursor] IN: screenSize=(1920,1080) → OUT: cursor=(1270,400) (0ms)
[CURSOR-ABS] handSide=unknown hand=(0.686,0.447) filter=(0.469,0.311) target=(1270,401) cursor=(1271,401)
[2026-06-07 14:14:01] [computeCursor] IN: screenSize=(1920,1080) → OUT: cursor=(1270,400) (0ms)
[CURSOR-ABS] handSide=unknown hand=(0.656,0.475) filter=(0.469,0.311) target=(1270,401) cursor=(1270,401)
[2026-06-07 14:14:01] [computeCursor] IN: screenSize=(1920,1080) → OUT: cursor=(1269,401) (0ms)
[CURSOR-ABS] handSide=unknown hand=(0.612,0.498) filter=(0.469,0.311) target=(1269,402) cursor=(1270,401)
[2026-06-07 14:14:01] [computeCursor] IN: screenSize=(1920,1080) → OUT: cursor=(1269,401) (0ms)
[CURSOR-ABS] handSide=unknown hand=(0.569,0.505) filter=(0.469,0.311) target=(1269,402) cursor=(1269,402)
[2026-06-07 14:14:01] [computeCursor] IN: screenSize=(1920,1080) → OUT: cursor=(1268,401) (0ms)
[CURSOR-ABS] handSide=unknown hand=(0.528,0.505) filter=(0.469,0.311) target=(1269,402) cursor=(1269,402)
[2026-06-07 14:14:01] [computeCursor] IN: screenSize=(1920,1080) → OUT: cursor=(1268,402) (0ms)
[CURSOR-ABS] handSide=unknown hand=(0.493,0.508) filter=(0.469,0.311) target=(1269,403) cursor=(1269,402)
[2026-06-07 14:14:01] [computeCursor] IN: screenSize=(1920,1080) → OUT: cursor=(1268,402) (0ms)
[CURSOR-ABS] handSide=unknown hand=(0.442,0.499) filter=(0.469,0.312) target=(1269,403) cursor=(1269,403)
[2026-06-07 14:14:01] [computeCursor] IN: screenSize=(1920,1080) → OUT: cursor=(1268,402) (0ms)
[CURSOR-ABS] handSide=unknown hand=(0.411,0.485) filter=(0.469,0.312) target=(1269,403) cursor=(1269,403)
[2026-06-07 14:14:01] [computeCursor] IN: screenSize=(1920,1080) → OUT: cursor=(1268,403) (0ms)
[CURSOR-ABS] handSide=unknown hand=(0.381,0.469) filter=(0.469,0.312) target=(1269,404) cursor=(1269,403)
[2026-06-07 14:14:01] [computeCursor] IN: screenSize=(1920,1080) → OUT: cursor=(1269,403) (0ms)
[CURSOR-ABS] handSide=unknown hand=(0.350,0.463) filter=(0.469,0.312) target=(1270,404) cursor=(1269,404)
[2026-06-07 14:14:01] [computeCursor] IN: screenSize=(1920,1080) → OUT: cursor=(1269,403) (0ms)
[CURSOR-ABS] handSide=unknown hand=(0.328,0.446) filter=(0.469,0.312) target=(1270,404) cursor=(1270,404)
[2026-06-07 14:14:01] [computeCursor] IN: screenSize=(1920,1080) → OUT: cursor=(1269,404) (0ms)
[CURSOR-ABS] handSide=unknown hand=(0.310,0.422) filter=(0.469,0.312) target=(1270,404) cursor=(1270,404)
[2026-06-07 14:14:01] [computeCursor] IN: screenSize=(1920,1080) → OUT: cursor=(1270,404) (0ms)
[CURSOR-ABS] handSide=unknown hand=(0.290,0.404) filter=(0.469,0.312) target=(1271,404) cursor=(1270,404)
[2026-06-07 14:14:01] [computeCursor] IN: screenSize=(1920,1080) → OUT: cursor=(1271,404) (0ms)
[CURSOR-ABS] handSide=unknown hand=(0.277,0.370) filter=(0.468,0.312) target=(1272,405) cursor=(1271,404)
[2026-06-07 14:14:01] [computeCursor] IN: screenSize=(1920,1080) → OUT: cursor=(1271,404) (0ms)
[CURSOR-ABS] handSide=unknown hand=(0.266,0.345) filter=(0.468,0.312) target=(1272,405) cursor=(1272,405)
[2026-06-07 14:14:01] [computeCursor] IN: screenSize=(1920,1080) → OUT: cursor=(1272,404) (0ms)
[CURSOR-ABS] handSide=unknown hand=(0.259,0.311) filter=(0.468,0.312) target=(1273,405) cursor=(1272,405)
[2026-06-07 14:14:01] [computeCursor] IN: screenSize=(1920,1080) → OUT: cursor=(1272,404) (0ms)
[CURSOR-ABS] handSide=unknown hand=(0.260,0.265) filter=(0.468,0.312) target=(1273,404) cursor=(1273,405)
[2026-06-07 14:14:01] [computeCursor] IN: screenSize=(1920,1080) → OUT: cursor=(1273,404) (0ms)
[CURSOR-ABS] handSide=unknown hand=(0.262,0.226) filter=(0.468,0.312) target=(1274,404) cursor=(1273,404)
[2026-06-07 14:14:01] [computeCursor] IN: screenSize=(1920,1080) → OUT: cursor=(1274,404) (0ms)
[CURSOR-ABS] handSide=unknown hand=(0.267,0.192) filter=(0.468,0.312) target=(1275,404) cursor=(1274,404)
[2026-06-07 14:14:01] [computeCursor] IN: screenSize=(1920,1080) → OUT: cursor=(1274,404) (0ms)
[CURSOR-ABS] handSide=unknown hand=(0.273,0.165) filter=(0.468,0.312) target=(1275,404) cursor=(1275,404)
[2026-06-07 14:14:01] [computeCursor] IN: screenSize=(1920,1080) → OUT: cursor=(1275,403) (0ms)
[CURSOR-ABS] handSide=unknown hand=(0.302,0.100) filter=(0.467,0.312) target=(1276,403) cursor=(1275,404)
[2026-06-07 14:14:01] [computeCursor] IN: screenSize=(1920,1080) → OUT: cursor=(1275,403) (0ms)
[CURSOR-ABS] handSide=unknown hand=(0.325,0.076) filter=(0.467,0.312) target=(1276,403) cursor=(1276,403)
[2026-06-07 14:14:01] [computeCursor] IN: screenSize=(1920,1080) → OUT: cursor=(1275,403) (0ms)
[CURSOR-ABS] handSide=unknown hand=(0.557,0.080) filter=(0.467,0.311) target=(1276,403) cursor=(1276,403)
[2026-06-07 14:14:01] [computeCursor] IN: screenSize=(1920,1080) → OUT: cursor=(1275,402) (0ms)
[CURSOR-ABS] handSide=unknown hand=(0.592,0.117) filter=(0.467,0.311) target=(1275,402) cursor=(1276,403)
[2026-06-07 14:14:01] [computeCursor] IN: screenSize=(1920,1080) → OUT: cursor=(1275,402) (0ms)
[CURSOR-ABS] handSide=unknown hand=(0.618,0.159) filter=(0.468,0.311) target=(1275,402) cursor=(1275,402)
[2026-06-07 14:14:01] [computeCursor] IN: screenSize=(1920,1080) → OUT: cursor=(1274,401) (0ms)
[CURSOR-ABS] handSide=unknown hand=(0.641,0.201) filter=(0.468,0.311) target=(1275,402) cursor=(1275,402)
[2026-06-07 14:14:01] [computeCursor] IN: screenSize=(1920,1080) → OUT: cursor=(1274,401) (0ms)
[CURSOR-ABS] handSide=unknown hand=(0.652,0.244) filter=(0.468,0.311) target=(1274,402) cursor=(1275,402)
[2026-06-07 14:14:01] [computeCursor] IN: screenSize=(1920,1080) → OUT: cursor=(1273,401) (0ms)
[CURSOR-ABS] handSide=unknown hand=(0.659,0.297) filter=(0.468,0.311) target=(1273,402) cursor=(1274,402)
[2026-06-07 14:14:01] [computeCursor] IN: screenSize=(1920,1080) → OUT: cursor=(1273,401) (0ms)
[CURSOR-ABS] handSide=unknown hand=(0.664,0.352) filter=(0.468,0.311) target=(1273,402) cursor=(1273,402)
[2026-06-07 14:14:01] [computeCursor] IN: screenSize=(1920,1080) → OUT: cursor=(1272,401) (0ms)
[CURSOR-ABS] handSide=unknown hand=(0.663,0.399) filter=(0.468,0.311) target=(1272,402) cursor=(1273,402)
[2026-06-07 14:14:01] [computeCursor] IN: screenSize=(1920,1080) → OUT: cursor=(1272,401) (0ms)
[CURSOR-ABS] handSide=unknown hand=(0.658,0.434) filter=(0.468,0.311) target=(1272,402) cursor=(1272,402)
[2026-06-07 14:14:01] [computeCursor] IN: screenSize=(1920,1080) → OUT: cursor=(1271,402) (0ms)
[CURSOR-ABS] handSide=unknown hand=(0.651,0.472) filter=(0.469,0.311) target=(1271,402) cursor=(1272,402)
[2026-06-07 14:14:01] [computeCursor] IN: screenSize=(1920,1080) → OUT: cursor=(1271,402) (0ms)
[CURSOR-ABS] handSide=unknown hand=(0.638,0.505) filter=(0.469,0.311) target=(1271,403) cursor=(1271,402)
[2026-06-07 14:14:01] [computeCursor] IN: screenSize=(1920,1080) → OUT: cursor=(1270,402) (0ms)
[CURSOR-ABS] handSide=unknown hand=(0.629,0.543) filter=(0.469,0.312) target=(1270,403) cursor=(1271,403)
[2026-06-07 14:14:01] [computeCursor] IN: screenSize=(1920,1080) → OUT: cursor=(1270,403) (0ms)
[CURSOR-ABS] handSide=unknown hand=(0.616,0.575) filter=(0.469,0.312) target=(1270,404) cursor=(1270,403)
[2026-06-07 14:14:01] [computeCursor] IN: screenSize=(1920,1080) → OUT: cursor=(1269,403) (0ms)
[CURSOR-ABS] handSide=unknown hand=(0.599,0.599) filter=(0.469,0.312) target=(1269,404) cursor=(1270,404)
[2026-06-07 14:14:01] [computeCursor] IN: screenSize=(1920,1080) → OUT: cursor=(1268,404) (0ms)
[CURSOR-ABS] handSide=unknown hand=(0.580,0.617) filter=(0.469,0.313) target=(1269,405) cursor=(1269,404)
[2026-06-07 14:14:01] [computeCursor] IN: screenSize=(1920,1080) → OUT: cursor=(1268,404) (0ms)
[CURSOR-ABS] handSide=unknown hand=(0.558,0.638) filter=(0.469,0.313) target=(1268,406) cursor=(1269,405)
[2026-06-07 14:14:01] [computeCursor] IN: screenSize=(1920,1080) → OUT: cursor=(1268,405) (0ms)
[CURSOR-ABS] handSide=unknown hand=(0.538,0.650) filter=(0.469,0.313) target=(1268,406) cursor=(1268,406)
[2026-06-07 14:14:01] [computeCursor] IN: screenSize=(1920,1080) → OUT: cursor=(1267,406) (0ms)
[CURSOR-ABS] handSide=unknown hand=(0.513,0.658) filter=(0.469,0.313) target=(1268,407) cursor=(1268,406)
[2026-06-07 14:14:01] [computeCursor] IN: screenSize=(1920,1080) → OUT: cursor=(1267,406) (0ms)
[CURSOR-ABS] handSide=unknown hand=(0.484,0.662) filter=(0.469,0.314) target=(1268,407) cursor=(1268,407)
[2026-06-07 14:14:01] [computeCursor] IN: screenSize=(1920,1080) → OUT: cursor=(1267,407) (0ms)
[CURSOR-ABS] handSide=unknown hand=(0.456,0.658) filter=(0.469,0.314) target=(1268,408) cursor=(1268,407)
[2026-06-07 14:14:01] [computeCursor] IN: screenSize=(1920,1080) → OUT: cursor=(1267,407) (0ms)
[CURSOR-ABS] handSide=unknown hand=(0.431,0.651) filter=(0.469,0.314) target=(1268,408) cursor=(1268,408)
[2026-06-07 14:14:01] [computeCursor] IN: screenSize=(1920,1080) → OUT: cursor=(1267,408) (0ms)
[CURSOR-ABS] handSide=unknown hand=(0.408,0.635) filter=(0.469,0.314) target=(1268,409) cursor=(1268,408)
[2026-06-07 14:14:01] [computeCursor] IN: screenSize=(1920,1080) → OUT: cursor=(1268,408) (0ms)
[CURSOR-ABS] handSide=unknown hand=(0.386,0.625) filter=(0.469,0.314) target=(1268,409) cursor=(1268,409)
[2026-06-07 14:14:01] [computeCursor] IN: screenSize=(1920,1080) → OUT: cursor=(1268,409) (0ms)
[CURSOR-ABS] handSide=unknown hand=(0.357,0.610) filter=(0.469,0.315) target=(1269,410) cursor=(1268,409)
[2026-06-07 14:14:01] [computeCursor] IN: screenSize=(1920,1080) → OUT: cursor=(1268,409) (0ms)
[CURSOR-ABS] handSide=unknown hand=(0.333,0.578) filter=(0.469,0.315) target=(1269,410) cursor=(1269,410)
[2026-06-07 14:14:01] [computeCursor] IN: screenSize=(1920,1080) → OUT: cursor=(1269,409) (0ms)
[CURSOR-ABS] handSide=unknown hand=(0.312,0.542) filter=(0.469,0.315) target=(1270,410) cursor=(1269,410)
[2026-06-07 14:14:01] [computeCursor] IN: screenSize=(1920,1080) → OUT: cursor=(1269,410) (0ms)
[CURSOR-ABS] handSide=unknown hand=(0.290,0.514) filter=(0.469,0.315) target=(1270,410) cursor=(1270,410)
[2026-06-07 14:14:01] [computeCursor] IN: screenSize=(1920,1080) → OUT: cursor=(1270,410) (0ms)
[CURSOR-ABS] handSide=unknown hand=(0.277,0.460) filter=(0.469,0.315) target=(1271,411) cursor=(1270,410)
[2026-06-07 14:14:01] [computeCursor] IN: screenSize=(1920,1080) → OUT: cursor=(1270,410) (0ms)
[CURSOR-ABS] handSide=unknown hand=(0.266,0.418) filter=(0.468,0.315) target=(1271,411) cursor=(1271,411)
[2026-06-07 14:14:01] [computeCursor] IN: screenSize=(1920,1080) → OUT: cursor=(1271,410) (0ms)
[CURSOR-ABS] handSide=unknown hand=(0.256,0.371) filter=(0.468,0.315) target=(1272,411) cursor=(1271,411)
[2026-06-07 14:14:01] [computeCursor] IN: screenSize=(1920,1080) → OUT: cursor=(1272,410) (0ms)
[CURSOR-ABS] handSide=unknown hand=(0.254,0.327) filter=(0.468,0.315) target=(1273,411) cursor=(1272,411)
[2026-06-07 14:14:01] [computeCursor] IN: screenSize=(1920,1080) → OUT: cursor=(1272,410) (0ms)
[CURSOR-ABS] handSide=unknown hand=(0.256,0.275) filter=(0.468,0.315) target=(1273,411) cursor=(1273,411)
[2026-06-07 14:14:01] [computeCursor] IN: screenSize=(1920,1080) → OUT: cursor=(1273,410) (0ms)
[CURSOR-ABS] handSide=unknown hand=(0.268,0.225) filter=(0.468,0.315) target=(1274,411) cursor=(1273,411)
[2026-06-07 14:14:01] [computeCursor] IN: screenSize=(1920,1080) → OUT: cursor=(1274,410) (0ms)
[CURSOR-ABS] handSide=unknown hand=(0.279,0.189) filter=(0.468,0.315) target=(1275,410) cursor=(1274,411)
[2026-06-07 14:14:01] [computeCursor] IN: screenSize=(1920,1080) → OUT: cursor=(1274,410) (0ms)
[CURSOR-ABS] handSide=unknown hand=(0.302,0.142) filter=(0.468,0.315) target=(1275,410) cursor=(1275,410)
[2026-06-07 14:14:01] [computeCursor] IN: screenSize=(1920,1080) → OUT: cursor=(1275,410) (0ms)
[CURSOR-ABS] handSide=unknown hand=(0.384,0.032) filter=(0.467,0.315) target=(1275,410) cursor=(1275,410)
[2026-06-07 14:14:01] [computeCursor] IN: screenSize=(1920,1080) → OUT: cursor=(1275,409) (0ms)
[CURSOR-ABS] handSide=unknown hand=(0.673,0.106) filter=(0.468,0.315) target=(1275,410) cursor=(1275,410)
[2026-06-07 14:14:01] [computeCursor] IN: screenSize=(1920,1080) → OUT: cursor=(1274,409) (0ms)
[CURSOR-ABS] handSide=unknown hand=(0.682,0.180) filter=(0.468,0.315) target=(1274,409) cursor=(1275,410)
[2026-06-07 14:14:01] [computeCursor] IN: screenSize=(1920,1080) → OUT: cursor=(1274,409) (0ms)
[CURSOR-ABS] handSide=unknown hand=(0.683,0.223) filter=(0.468,0.315) target=(1273,409) cursor=(1274,409)
[2026-06-07 14:14:01] [computeCursor] IN: screenSize=(1920,1080) → OUT: cursor=(1273,409) (0ms)
[CURSOR-ABS] handSide=unknown hand=(0.662,0.268) filter=(0.468,0.315) target=(1273,409) cursor=(1273,409)
[2026-06-07 14:14:01] [computeCursor] IN: screenSize=(1920,1080) → OUT: cursor=(1272,409) (0ms)
[CURSOR-ABS] handSide=unknown hand=(0.653,0.321) filter=(0.468,0.315) target=(1272,409) cursor=(1273,409)
[2026-06-07 14:14:01] [computeCursor] IN: screenSize=(1920,1080) → OUT: cursor=(1272,409) (0ms)
[CURSOR-ABS] handSide=unknown hand=(0.622,0.377) filter=(0.468,0.315) target=(1272,409) cursor=(1272,409)
[2026-06-07 14:14:01] [computeCursor] IN: screenSize=(1920,1080) → OUT: cursor=(1271,409) (0ms)
[CURSOR-ABS] handSide=unknown hand=(0.589,0.420) filter=(0.468,0.315) target=(1272,409) cursor=(1272,409)
[2026-06-07 14:14:01] [computeCursor] IN: screenSize=(1920,1080) → OUT: cursor=(1271,409) (0ms)
[CURSOR-ABS] handSide=unknown hand=(0.550,0.450) filter=(0.469,0.315) target=(1271,410) cursor=(1272,409)
[2026-06-07 14:14:01] [computeCursor] IN: screenSize=(1920,1080) → OUT: cursor=(1271,409) (0ms)
[CURSOR-ABS] handSide=unknown hand=(0.521,0.485) filter=(0.469,0.315) target=(1271,410) cursor=(1271,410)
[2026-06-07 14:14:01] [computeCursor] IN: screenSize=(1920,1080) → OUT: cursor=(1271,409) (0ms)
[CURSOR-ABS] handSide=unknown hand=(0.480,0.512) filter=(0.469,0.315) target=(1271,410) cursor=(1271,410)
[2026-06-07 14:14:01] [computeCursor] IN: screenSize=(1920,1080) → OUT: cursor=(1271,410) (0ms)
[CURSOR-ABS] handSide=unknown hand=(0.444,0.531) filter=(0.469,0.315) target=(1271,410) cursor=(1271,410)
[2026-06-07 14:14:01] [computeCursor] IN: screenSize=(1920,1080) → OUT: cursor=(1271,410) (0ms)
[CURSOR-ABS] handSide=unknown hand=(0.411,0.539) filter=(0.468,0.315) target=(1271,411) cursor=(1271,410)
[2026-06-07 14:14:01] [computeCursor] IN: screenSize=(1920,1080) → OUT: cursor=(1271,410) (0ms)
[CURSOR-ABS] handSide=unknown hand=(0.376,0.535) filter=(0.468,0.315) target=(1272,411) cursor=(1271,411)
[2026-06-07 14:14:01] [computeCursor] IN: screenSize=(1920,1080) → OUT: cursor=(1271,410) (0ms)
[CURSOR-ABS] handSide=unknown hand=(0.344,0.515) filter=(0.468,0.315) target=(1272,411) cursor=(1272,411)
[2026-06-07 14:14:01] [computeCursor] IN: screenSize=(1920,1080) → OUT: cursor=(1272,411) (0ms)
[CURSOR-ABS] handSide=unknown hand=(0.319,0.488) filter=(0.468,0.315) target=(1272,411) cursor=(1272,411)
[2026-06-07 14:14:01] [computeCursor] IN: screenSize=(1920,1080) → OUT: cursor=(1272,411) (0ms)
[CURSOR-ABS] handSide=unknown hand=(0.292,0.453) filter=(0.468,0.316) target=(1273,411) cursor=(1272,411)
[2026-06-07 14:14:01] [computeCursor] IN: screenSize=(1920,1080) → OUT: cursor=(1272,411) (0ms)
[CURSOR-ABS] handSide=unknown hand=(0.269,0.419) filter=(0.468,0.316) target=(1274,412) cursor=(1273,411)
[2026-06-07 14:14:01] [computeCursor] IN: screenSize=(1920,1080) → OUT: cursor=(1273,411) (0ms)
[CURSOR-ABS] handSide=unknown hand=(0.251,0.382) filter=(0.468,0.316) target=(1274,412) cursor=(1274,412)
[2026-06-07 14:14:01] [computeCursor] IN: screenSize=(1920,1080) → OUT: cursor=(1274,411) (0ms)
[CURSOR-ABS] handSide=unknown hand=(0.235,0.341) filter=(0.468,0.316) target=(1275,412) cursor=(1274,412)
[2026-06-07 14:14:01] [computeCursor] IN: screenSize=(1920,1080) → OUT: cursor=(1274,411) (0ms)
[CURSOR-ABS] handSide=unknown hand=(0.225,0.286) filter=(0.467,0.316) target=(1275,412) cursor=(1275,412)
[2026-06-07 14:14:01] [computeCursor] IN: screenSize=(1920,1080) → OUT: cursor=(1275,411) (0ms)
[CURSOR-ABS] handSide=unknown hand=(0.228,0.209) filter=(0.467,0.316) target=(1276,412) cursor=(1275,412)
[2026-06-07 14:14:01] [computeCursor] IN: screenSize=(1920,1080) → OUT: cursor=(1276,411) (0ms)
[CURSOR-ABS] handSide=unknown hand=(0.249,0.130) filter=(0.467,0.315) target=(1277,411) cursor=(1276,412)
[2026-06-07 14:14:01] [computeCursor] IN: screenSize=(1920,1080) → OUT: cursor=(1276,411) (0ms)
[CURSOR-ABS] handSide=unknown hand=(0.287,0.046) filter=(0.467,0.315) target=(1277,411) cursor=(1277,411)
[2026-06-07 14:14:01] [computeCursor] IN: screenSize=(1920,1080) → OUT: cursor=(1277,411) (0ms)
[CURSOR-ABS] handSide=unknown hand=(0.323,0.034) filter=(0.467,0.315) target=(1277,411) cursor=(1277,411)
[2026-06-07 14:14:01] [computeCursor] IN: screenSize=(1920,1080) → OUT: cursor=(1277,410) (0ms)
[CURSOR-ABS] handSide=unknown hand=(0.359,0.018) filter=(0.467,0.315) target=(1278,410) cursor=(1277,411)
[2026-06-07 14:14:01] [computeCursor] IN: screenSize=(1920,1080) → OUT: cursor=(1277,410) (0ms)
[CURSOR-ABS] handSide=unknown hand=(0.419,0.018) filter=(0.467,0.315) target=(1278,410) cursor=(1278,410)
[2026-06-07 14:14:01] [computeCursor] IN: screenSize=(1920,1080) → OUT: cursor=(1277,410) (0ms)
[CURSOR-ABS] handSide=unknown hand=(0.448,0.014) filter=(0.467,0.315) target=(1278,410) cursor=(1278,410)
[2026-06-07 14:14:01] [computeCursor] IN: screenSize=(1920,1080) → OUT: cursor=(1277,409) (0ms)
[CURSOR-ABS] handSide=unknown hand=(0.493,0.031) filter=(0.467,0.315) target=(1278,409) cursor=(1278,410)
[2026-06-07 14:14:01] [computeCursor] IN: screenSize=(1920,1080) → OUT: cursor=(1277,409) (0ms)
[CURSOR-ABS] handSide=unknown hand=(0.619,0.019) filter=(0.467,0.314) target=(1277,409) cursor=(1278,409)
[2026-06-07 14:14:01] [computeCursor] IN: screenSize=(1920,1080) → OUT: cursor=(1277,408) (0ms)
[CURSOR-ABS] handSide=unknown hand=(0.683,0.121) filter=(0.467,0.314) target=(1277,409) cursor=(1277,409)
[2026-06-07 14:14:01] [computeCursor] IN: screenSize=(1920,1080) → OUT: cursor=(1276,408) (0ms)
[CURSOR-ABS] handSide=unknown hand=(0.698,0.216) filter=(0.467,0.314) target=(1276,408) cursor=(1277,409)
[2026-06-07 14:14:01] [computeCursor] IN: screenSize=(1920,1080) → OUT: cursor=(1276,408) (0ms)
[CURSOR-ABS] handSide=unknown hand=(0.682,0.265) filter=(0.467,0.314) target=(1276,408) cursor=(1276,408)
[2026-06-07 14:14:01] [computeCursor] IN: screenSize=(1920,1080) → OUT: cursor=(1275,408) (0ms)
[CURSOR-ABS] handSide=unknown hand=(0.673,0.338) filter=(0.468,0.314) target=(1275,408) cursor=(1276,408)
[2026-06-07 14:14:01] [computeCursor] IN: screenSize=(1920,1080) → OUT: cursor=(1275,408) (0ms)
[CURSOR-ABS] handSide=unknown hand=(0.651,0.411) filter=(0.468,0.314) target=(1275,409) cursor=(1275,408)
[2026-06-07 14:14:01] [computeCursor] IN: screenSize=(1920,1080) → OUT: cursor=(1274,408) (0ms)
[CURSOR-ABS] handSide=unknown hand=(0.610,0.478) filter=(0.468,0.314) target=(1274,409) cursor=(1275,409)
[2026-06-07 14:14:01] [computeCursor] IN: screenSize=(1920,1080) → OUT: cursor=(1274,408) (0ms)
[CURSOR-ABS] handSide=unknown hand=(0.572,0.510) filter=(0.468,0.314) target=(1274,409) cursor=(1274,409)
[2026-06-07 14:14:01] [computeCursor] IN: screenSize=(1920,1080) → OUT: cursor=(1273,409) (0ms)
[CURSOR-ABS] handSide=unknown hand=(0.532,0.548) filter=(0.468,0.315) target=(1274,409) cursor=(1274,409)
[2026-06-07 14:14:01] [computeCursor] IN: screenSize=(1920,1080) → OUT: cursor=(1273,409) (0ms)
[CURSOR-ABS] handSide=unknown hand=(0.491,0.564) filter=(0.468,0.315) target=(1274,410) cursor=(1274,409)
[2026-06-07 14:14:01] [computeCursor] IN: screenSize=(1920,1080) → OUT: cursor=(1273,409) (0ms)
[CURSOR-ABS] handSide=unknown hand=(0.431,0.561) filter=(0.468,0.315) target=(1274,410) cursor=(1274,410)
[2026-06-07 14:14:01] [computeCursor] IN: screenSize=(1920,1080) → OUT: cursor=(1273,409) (0ms)
[CURSOR-ABS] handSide=unknown hand=(0.394,0.541) filter=(0.468,0.315) target=(1274,410) cursor=(1274,410)
[2026-06-07 14:14:01] [computeCursor] IN: screenSize=(1920,1080) → OUT: cursor=(1274,410) (0ms)
[CURSOR-ABS] handSide=unknown hand=(0.356,0.511) filter=(0.468,0.315) target=(1274,410) cursor=(1274,410)
[2026-06-07 14:14:01] [computeCursor] IN: screenSize=(1920,1080) → OUT: cursor=(1274,410) (0ms)
[CURSOR-ABS] handSide=unknown hand=(0.324,0.462) filter=(0.468,0.315) target=(1275,411) cursor=(1274,410)
[2026-06-07 14:14:01] [computeCursor] IN: screenSize=(1920,1080) → OUT: cursor=(1274,410) (0ms)
[CURSOR-ABS] handSide=unknown hand=(0.293,0.399) filter=(0.468,0.315) target=(1275,411) cursor=(1275,411)
[2026-06-07 14:14:01] [computeCursor] IN: screenSize=(1920,1080) → OUT: cursor=(1275,410) (0ms)
[CURSOR-ABS] handSide=unknown hand=(0.272,0.331) filter=(0.467,0.315) target=(1276,411) cursor=(1275,411)
[2026-06-07 14:14:01] [computeCursor] IN: screenSize=(1920,1080) → OUT: cursor=(1275,410) (0ms)
[CURSOR-ABS] handSide=unknown hand=(0.257,0.288) filter=(0.467,0.315) target=(1276,411) cursor=(1276,411)
[2026-06-07 14:14:01] [computeCursor] IN: screenSize=(1920,1080) → OUT: cursor=(1276,410) (0ms)
[CURSOR-ABS] handSide=unknown hand=(0.262,0.183) filter=(0.467,0.315) target=(1277,411) cursor=(1276,411)
[2026-06-07 14:14:01] [computeCursor] IN: screenSize=(1920,1080) → OUT: cursor=(1276,410) (0ms)
[CURSOR-ABS] handSide=unknown hand=(0.280,0.063) filter=(0.467,0.315) target=(1277,410) cursor=(1277,411)
[2026-06-07 14:14:01] [computeCursor] IN: screenSize=(1920,1080) → OUT: cursor=(1277,410) (0ms)
[CURSOR-ABS] handSide=unknown hand=(0.277,0.005) filter=(0.467,0.315) target=(1278,410) cursor=(1277,410)
[2026-06-07 14:14:01] [computeCursor] IN: screenSize=(1920,1080) → OUT: cursor=(1277,409) (0ms)
✅ 回放完成: 1753帧
📐 target偏差: avg=638px max=1523px
📊 指标: ./scripts/analyze-cursor-log.sh /tmp/replay-v0.6.0.log
📦 入库: /Users/diqibadao/Desktop/vibe项目/MotionControl/Docs/logs/v0.6.0-replay.log

💡 同一trace对比不同版本 → 纯算法差异
✔ Test replayTrace_comparesOutput() passed after 1.937 seconds.
✔ Test run with 9 tests in 0 suites passed after 1.938 seconds.
