[2026-07-01 11:24:25] [axHelper] IN: register failed, fallback to spawn → OUT: 未能完成该操作。Codesigning failure loading plist: com.motioncontrol.axhelper code: -67028 (0ms)
[2026-07-01 11:24:25] [axHelper] IN: spawned → OUT: pid=87347 (0ms)
[2026-07-01 11:24:26] [hand_detect] IN: hand_detect 1920x1080 → OUT: detected=true landmarks=21 confidence=0.6640625
[2026-07-01 11:24:26] [gesture_analyze] IN: gesture_analyze type=none → OUT: gesture=none confidence=0.00 isRepeat=false
[2026-07-01 11:24:26] [KEYPOINTS] IN: handSide=unknown palmCenter=0.42051152388254803,0.07009257872899373 → OUT: 
[2026-07-01 11:24:26] [face_detect] IN: face_detect → OUT: detected=true landmarks=76 roll=0.15339808 pitch=-0.20632042 yaw=-0.030679615 (64376ms)
[2026-07-01 11:24:26] [mouth_detect] IN: mouth_detect ratio=0.5206674 → OUT: status=CLOSED confirmed=CLOSED
[2026-07-01 11:24:26] [gaze_estimate] IN: yaw=-0.030679615 pitch=-0.20632042 → OUT: yawOffset=0.0 pitchOffset=0.0 hasFace=true
[2026-07-01 11:24:26] [hand_detect] IN: hand_detect 1920x1080 → OUT: detected=true landmarks=21 confidence=0.6582031
[2026-07-01 11:24:26] [gesture_analyze] IN: gesture_analyze type=none → OUT: gesture=none confidence=0.00 isRepeat=false
[2026-07-01 11:24:26] [KEYPOINTS] IN: handSide=unknown palmCenter=0.42019203305244446,0.06880897283554077 → OUT: 
[2026-07-01 11:24:26] [face_detect] IN: face_detect → OUT: detected=true landmarks=76 roll=0.15339808 pitch=-0.20632042 yaw=-0.030679615 (4956ms)
[2026-07-01 11:24:26] [mouth_detect] IN: mouth_detect ratio=0.5070055 → OUT: status=CLOSED confirmed=CLOSED
[2026-07-01 11:24:26] [gaze_estimate] IN: yaw=-0.030679615 pitch=-0.20632042 → OUT: yawOffset=0.0 pitchOffset=0.0 hasFace=true
[2026-07-01 11:24:26] [hand_detect] IN: hand_detect 1920x1080 → OUT: detected=true landmarks=21 confidence=0.6503906
[2026-07-01 11:24:26] [gesture_analyze] IN: gesture_analyze type=none → OUT: gesture=none confidence=0.00 isRepeat=false
[2026-07-01 11:24:26] [KEYPOINTS] IN: handSide=left palmCenter=0.4197135667006175,0.06895224253336589 → OUT: 
[2026-07-01 11:24:26] [face_detect] IN: face_detect → OUT: detected=true landmarks=76 roll=0.15339808 pitch=-0.20632042 yaw=-0.030679615 (5698ms)
[2026-07-01 11:24:26] [mouth_detect] IN: mouth_detect ratio=0.5026548 → OUT: status=CLOSED confirmed=CLOSED
[2026-07-01 11:24:26] [gaze_estimate] IN: yaw=-0.030679615 pitch=-0.20632042 → OUT: yawOffset=0.0 pitchOffset=0.0 hasFace=true
[2026-07-01 11:24:26] [hand_detect] IN: hand_detect 1920x1080 → OUT: detected=true landmarks=21 confidence=0.60302734
[2026-07-01 11:24:26] [gesture_analyze] IN: gesture_analyze type=none → OUT: gesture=none confidence=0.00 isRepeat=false
[2026-07-01 11:24:26] [KEYPOINTS] IN: handSide=left palmCenter=0.4196689228216807,0.07112401723861694 → OUT: 
[2026-07-01 11:24:26] [face_detect] IN: face_detect → OUT: detected=true landmarks=76 roll=0.15339808 pitch=-0.20632042 yaw=-0.030679615 (5553ms)
[2026-07-01 11:24:26] [mouth_detect] IN: mouth_detect ratio=0.50963616 → OUT: status=CLOSED confirmed=CLOSED
[2026-07-01 11:24:26] [gaze_estimate] IN: yaw=-0.030679615 pitch=-0.20632042 → OUT: yawOffset=0.0 pitchOffset=0.0 hasFace=true
[2026-07-01 11:24:26] [hand_detect] IN: hand_detect 1920x1080 → OUT: detected=true landmarks=21 confidence=0.640625
[2026-07-01 11:24:26] [gesture_analyze] IN: gesture_analyze type=none → OUT: gesture=none confidence=0.00 isRepeat=false
[2026-07-01 11:24:26] [KEYPOINTS] IN: handSide=left palmCenter=0.41976990302403766,0.07026747862497966 → OUT: 
[2026-07-01 11:24:26] [face_detect] IN: face_detect → OUT: detected=true landmarks=76 roll=0.15339808 pitch=-0.20632042 yaw=-0.030679615 (9250ms)
[2026-07-01 11:24:26] [mouth_detect] IN: mouth_detect ratio=0.48865882 → OUT: status=CLOSED confirmed=CLOSED
[2026-07-01 11:24:26] [gaze_estimate] IN: yaw=-0.030679615 pitch=-0.20632042 → OUT: yawOffset=0.0 pitchOffset=0.0 hasFace=true
[2026-07-01 11:24:26] [hand_detect] IN: hand_detect 1920x1080 → OUT: detected=true landmarks=21 confidence=0.68896484
[2026-07-01 11:24:26] [gesture_analyze] IN: gesture_analyze type=none → OUT: gesture=none confidence=0.00 isRepeat=false
[2026-07-01 11:24:26] [KEYPOINTS] IN: handSide=left palmCenter=0.4189789096514384,0.07070358594258626 → OUT: 
[2026-07-01 11:24:26] [face_detect] IN: face_detect → OUT: detected=true landmarks=76 roll=0.15339808 pitch=-0.20632042 yaw=-0.030679615 (4585ms)
[2026-07-01 11:24:26] [mouth_detect] IN: mouth_detect ratio=0.49040335 → OUT: status=CLOSED confirmed=CLOSED
[2026-07-01 11:24:26] [gaze_estimate] IN: yaw=-0.030679615 pitch=-0.20632042 → OUT: yawOffset=0.0 pitchOffset=0.0 hasFace=true
[2026-07-01 11:24:26] [axScan] IN: windows=5 → OUT: raw=432 visible=416 [pid79582=346 pid2478=30 pid2480=9 pid61336=30 pid2479=1] (728ms)
[2026-07-01 11:24:26] [axEl] IN: pid=61336 role=AXButton → OUT: title= frame=(901,117,20,20) (0ms)
[2026-07-01 11:24:26] [axEl] IN: pid=61336 role=AXScrollBar → OUT: title= frame=(901,135,19,338) (0ms)
[2026-07-01 11:24:26] [axEl] IN: pid=61336 role=AXButton → OUT: title= frame=(410,95,16,16) (0ms)
[2026-07-01 11:24:26] [axEl] IN: pid=61336 role=AXButton → OUT: title= frame=(456,95,16,16) (0ms)
[2026-07-01 11:24:26] [axEl] IN: pid=61336 role=AXButton → OUT: title= frame=(433,95,16,16) (0ms)
[2026-07-01 11:24:26] [axEl] IN: pid=61336 role=AXImage → OUT: title=diqibadao frame=(483,93,18,18) (0ms)
[2026-07-01 11:24:26] [axEl] IN: pid=61336 role=AXStaticText → OUT: title= frame=(502,95,407,16) (0ms)
[2026-07-01 11:24:26] [axEl] IN: pid=61336 role=AXButton → OUT: title= frame=(918,674,20,20) (0ms)
[2026-07-01 11:24:26] [axEl] IN: pid=61336 role=AXScrollBar → OUT: title= frame=(918,692,19,338) (0ms)
[2026-07-01 11:24:26] [axEl] IN: pid=61336 role=AXButton → OUT: title= frame=(922,696,11,310) (0ms)
[2026-07-01 11:24:26] [axEl] IN: pid=61336 role=AXButton → OUT: title= frame=(427,652,16,16) (0ms)
[2026-07-01 11:24:26] [axEl] IN: pid=61336 role=AXButton → OUT: title= frame=(473,652,16,16) (0ms)
[2026-07-01 11:24:26] [axEl] IN: pid=61336 role=AXButton → OUT: title= frame=(450,652,16,16) (0ms)
[2026-07-01 11:24:26] [axEl] IN: pid=61336 role=AXImage → OUT: title=diqibadao frame=(500,650,18,18) (0ms)
[2026-07-01 11:24:26] [axEl] IN: pid=61336 role=AXStaticText → OUT: title= frame=(519,652,241,16) (0ms)
[2026-07-01 11:24:26] [axEl] IN: pid=61336 role=AXButton → OUT: title= frame=(872,88,20,20) (0ms)
[2026-07-01 11:24:26] [axEl] IN: pid=61336 role=AXScrollBar → OUT: title= frame=(872,106,19,338) (0ms)
[2026-07-01 11:24:26] [axEl] IN: pid=61336 role=AXButton → OUT: title= frame=(876,110,11,310) (0ms)
[2026-07-01 11:24:26] [axEl] IN: pid=61336 role=AXButton → OUT: title= frame=(381,66,16,16) (0ms)
[2026-07-01 11:24:26] [axEl] IN: pid=61336 role=AXButton → OUT: title= frame=(427,66,16,16) (0ms)
[2026-07-01 11:24:26] [axEl] IN: pid=61336 role=AXButton → OUT: title= frame=(404,66,16,16) (0ms)
[2026-07-01 11:24:26] [axEl] IN: pid=61336 role=AXImage → OUT: title=diqibadao frame=(454,64,18,18) (0ms)
[2026-07-01 11:24:26] [axEl] IN: pid=61336 role=AXStaticText → OUT: title= frame=(473,66,241,16) (0ms)
[2026-07-01 11:24:26] [axEl] IN: pid=61336 role=AXMenuBarItem → OUT: title=Apple frame=(10,0,34,30) (0ms)
[2026-07-01 11:24:26] [axEl] IN: pid=61336 role=AXMenuBarItem → OUT: title=终端 frame=(43,0,47,30) (0ms)
[2026-07-01 11:24:26] [axEl] IN: pid=61336 role=AXMenuBarItem → OUT: title=Shell frame=(89,0,50,30) (0ms)
[2026-07-01 11:24:26] [axEl] IN: pid=61336 role=AXMenuBarItem → OUT: title=编辑 frame=(138,0,47,30) (0ms)
[2026-07-01 11:24:26] [axEl] IN: pid=61336 role=AXMenuBarItem → OUT: title=显示 frame=(184,0,47,30) (0ms)
[2026-07-01 11:24:26] [axEl] IN: pid=61336 role=AXMenuBarItem → OUT: title=窗口 frame=(230,0,47,30) (0ms)
[2026-07-01 11:24:26] [axEl] IN: pid=61336 role=AXMenuBarItem → OUT: title=帮助 frame=(276,0,47,30) (0ms)
[2026-07-01 11:24:26] [axEl] IN: pid=79582 role=AXLink → OUT: title=跳到输入框 frame=(1390,36,83,35) (0ms)
[2026-07-01 11:24:26] [axEl] IN: pid=79582 role=AXStaticText → OUT: title= frame=(1402,45,59,17) (0ms)
[2026-07-01 11:24:26] [axEl] IN: pid=79582 role=AXImage → OUT: title= frame=(1019,123,118,28) (0ms)
[2026-07-01 11:24:26] [axEl] IN: pid=79582 role=AXButton → OUT: title=新建对话 frame=(1026,173,240,38) (0ms)
[2026-07-01 11:24:26] [axEl] IN: pid=79582 role=AXStaticText → OUT: title= frame=(1032,226,25,18) (0ms)
[2026-07-01 11:24:26] [axEl] IN: pid=79582 role=AXButton → OUT: title=技能 frame=(1026,255,240,30) (0ms)
[2026-07-01 11:24:26] [axEl] IN: pid=79582 role=AXButton → OUT: title=记忆 frame=(1026,289,240,30) (0ms)
[2026-07-01 11:24:26] [axEl] IN: pid=79582 role=AXButton → OUT: title=消息通道 frame=(1026,323,240,30) (0ms)
[2026-07-01 11:24:26] [axEl] IN: pid=79582 role=AXButton → OUT: title=自动化 frame=(1026,357,240,30) (0ms)
[2026-07-01 11:24:26] [axEl] IN: pid=79582 role=AXStaticText → OUT: title= frame=(1032,411,26,18) (0ms)
[2026-07-01 11:24:26] [axEl] IN: pid=79582 role=AXPopUpButton → OUT: title=按时间筛选 frame=(1174,408,24,22) (0ms)
[2026-07-01 11:24:26] [axEl] IN: pid=79582 role=AXCheckBox → OUT: title=收起所有项目 frame=(1204,408,22,22) (0ms)
[2026-07-01 11:24:26] [axEl] IN: pid=79582 role=AXButton → OUT: title=添加新项目 frame=(1235,408,22,22) (0ms)
[2026-07-01 11:24:26] [axEl] IN: pid=79582 role=AXButton → OUT: title=Global frame=(1028,446,204,32) (0ms)
[2026-07-01 11:24:26] [axEl] IN: pid=79582 role=AXButton → OUT: title=新建会话 frame=(1238,450,24,24) (0ms)
[2026-07-01 11:24:26] [axEl] IN: pid=79582 role=AXButton → OUT: title=已粘贴文本 #3 · 71 行] … frame=(1044,483,219,23) (0ms)
[2026-07-01 11:24:26] [axEl] IN: pid=79582 role=AXButton → OUT: title=调研技术方案 @.reasonix… frame=(1044,508,219,23) (0ms)
[2026-07-01 11:24:26] [axEl] IN: pid=79582 role=AXButton → OUT: title=光标控制和手势控制的启动关闭按钮呢 … frame=(1044,533,219,23) (0ms)
[2026-07-01 11:24:26] [axEl] IN: pid=79582 role=AXButton → OUT: title=光标控制和手势控制的启动关闭按钮呢 … frame=(1044,558,219,23) (0ms)
[2026-07-01 11:24:26] [axEl] IN: pid=79582 role=AXButton → OUT: title=新的会话 frame=(1044,583,219,28) (0ms)
[2026-07-01 11:24:26] [axEl] IN: pid=79582 role=AXButton → OUT: title=嗨 你好啊 frame=(1044,613,219,24) (0ms)
[2026-07-01 11:24:26] [axEl] IN: pid=79582 role=AXButton → OUT: title=global会话卡住了 看看啥情况 frame=(1044,638,219,24) (0ms)
[2026-07-01 11:24:26] [axEl] IN: pid=79582 role=AXButton → OUT: title=<memory-compiler-e… frame=(1044,663,219,24) (0ms)
[2026-07-01 11:24:26] [axEl] IN: pid=79582 role=AXButton → OUT: title=自然识别App调研，你看看我的桌面这… frame=(1044,688,219,24) (0ms)
[2026-07-01 11:24:26] [axEl] IN: pid=79582 role=AXButton → OUT: title=我使用的飞鸟加速外网好慢啊 检查下可… frame=(1044,713,219,24) (0ms)
[2026-07-01 11:24:26] [axEl] IN: pid=79582 role=AXButton → OUT: title=<active-goal> 我感觉c… frame=(1044,738,219,24) (0ms)
[2026-07-01 11:24:26] [axEl] IN: pid=79582 role=AXCheckBox → OUT: title=搜索项目或会话 frame=(1026,956,56,30) (0ms)
[2026-07-01 11:24:26] [axEl] IN: pid=79582 role=AXButton → OUT: title= frame=(1087,956,56,30) (0ms)
[2026-07-01 11:24:26] [axEl] IN: pid=79582 role=AXButton → OUT: title= frame=(1149,956,56,30) (0ms)
[2026-07-01 11:24:26] [axEl] IN: pid=79582 role=AXButton → OUT: title= frame=(1210,956,56,30) (0ms)
[2026-07-01 11:24:26] [axEl] IN: pid=79582 role=AXCheckBox → OUT: title=收起导航 frame=(1265,517,26,47) (0ms)
[2026-07-01 11:24:26] [axEl] IN: pid=79582 role=AXHeading → OUT: title=重命名会话 frame=(1296,103,176,19) (0ms)
[2026-07-01 11:24:26] [axEl] IN: pid=79582 role=AXButton → OUT: title=重命名会话 frame=(1296,103,176,19) (0ms)
[2026-07-01 11:24:26] [axEl] IN: pid=79582 role=AXButton → OUT: title=复制会话 frame=(1621,102,30,28) (0ms)
[2026-07-01 11:24:26] [axEl] IN: pid=79582 role=AXPopUpButton → OUT: title=导出会话 frame=(1657,102,30,28) (0ms)
[2026-07-01 11:24:26] [axEl] IN: pid=79582 role=AXCheckBox → OUT: title=改动 frame=(1693,102,30,28) (0ms)
[2026-07-01 11:24:26] [axEl] IN: pid=79582 role=AXButton → OUT: title=键盘快捷键 frame=(1729,102,30,28) (0ms)
[2026-07-01 11:24:26] [axEl] IN: pid=79582 role=AXButton → OUT: title=命令 frame=(1765,102,30,28) (0ms)
[2026-07-01 11:24:26] [axEl] IN: pid=79582 role=AXCheckBox → OUT: title=展开工作区 frame=(1801,102,30,28) (0ms)
[2026-07-01 11:24:26] [axEl] IN: pid=79582 role=AXStaticText → OUT: title= frame=(1362,1,24,16) (0ms)
[2026-07-01 11:24:26] [axEl] IN: pid=79582 role=AXStaticText → OUT: title= frame=(1428,1,9,16) (0ms)
[2026-07-01 11:24:26] [axEl] IN: pid=79582 role=AXStaticText → OUT: title= frame=(1453,1,264,16) (0ms)
[2026-07-01 11:24:26] [axEl] IN: pid=79582 role=AXStaticText → OUT: title= frame=(1362,21,24,15) (0ms)
[2026-07-01 11:24:26] [axEl] IN: pid=79582 role=AXStaticText → OUT: title= frame=(1399,21,24,15) (0ms)
[2026-07-01 11:24:26] [axEl] IN: pid=79582 role=AXStaticText → OUT: title= frame=(1453,21,102,15) (0ms)
[2026-07-01 11:24:26] [axEl] IN: pid=79582 role=AXStaticText → OUT: title= frame=(1362,40,24,16) (0ms)
[2026-07-01 11:24:26] [axEl] IN: pid=79582 role=AXStaticText → OUT: title= frame=(1399,40,24,16) (0ms)
[2026-07-01 11:24:26] [axEl] IN: pid=79582 role=AXStaticText → OUT: title= frame=(1453,40,233,16) (0ms)
[2026-07-01 11:24:26] [axEl] IN: pid=79582 role=AXStaticText → OUT: title= frame=(1362,59,24,16) (0ms)
[2026-07-01 11:24:26] [axEl] IN: pid=79582 role=AXStaticText → OUT: title= frame=(1399,59,24,16) (0ms)
[2026-07-01 11:24:26] [axEl] IN: pid=79582 role=AXButton → OUT: title= frame=(1342,7,234,28) (0ms)
[2026-07-01 11:24:26] [axEl] IN: pid=79582 role=AXButton → OUT: title= frame=(1342,37,514,28) (0ms)
[2026-07-01 11:24:26] [axEl] IN: pid=79582 role=AXButton → OUT: title= frame=(1316,13,495,18) (0ms)
[2026-07-01 11:24:26] [axEl] IN: pid=79582 role=AXButton → OUT: title= frame=(1342,41,507,29) (0ms)
[2026-07-01 11:24:26] [axEl] IN: pid=79582 role=AXStaticText → OUT: title= frame=(1362,76,24,16) (0ms)
[2026-07-01 11:24:26] [axEl] IN: pid=79582 role=AXStaticText → OUT: title= frame=(1399,76,24,16) (0ms)
[2026-07-01 11:24:26] [axEl] IN: pid=79582 role=AXStaticText → OUT: title= frame=(1362,95,24,16) (0ms)
[2026-07-01 11:24:26] [axEl] IN: pid=79582 role=AXStaticText → OUT: title= frame=(1399,95,24,16) (0ms)
[2026-07-01 11:24:26] [axEl] IN: pid=79582 role=AXStaticText → OUT: title= frame=(1453,95,387,16) (0ms)
[2026-07-01 11:24:26] [axEl] IN: pid=79582 role=AXStaticText → OUT: title= frame=(1362,115,24,15) (0ms)
[2026-07-01 11:24:26] [axEl] IN: pid=79582 role=AXStaticText → OUT: title= frame=(1399,115,24,15) (0ms)
[2026-07-01 11:24:26] [axEl] IN: pid=79582 role=AXStaticText → OUT: title= frame=(1453,115,217,15) (0ms)
[2026-07-01 11:24:26] [axEl] IN: pid=79582 role=AXStaticText → OUT: title= frame=(1362,134,24,16) (0ms)
[2026-07-01 11:24:26] [axEl] IN: pid=79582 role=AXStaticText → OUT: title= frame=(1428,134,9,16) (0ms)
[2026-07-01 11:24:26] [axEl] IN: pid=79582 role=AXStaticText → OUT: title= frame=(1453,134,432,16) (0ms)
[2026-07-01 11:24:26] [axEl] IN: pid=79582 role=AXStaticText → OUT: title= frame=(1362,154,24,15) (0ms)
[2026-07-01 11:24:26] [axEl] IN: pid=79582 role=AXStaticText → OUT: title= frame=(1428,154,9,15) (0ms)
[2026-07-01 11:24:26] [axEl] IN: pid=79582 role=AXStaticText → OUT: title= frame=(1453,154,295,15) (0ms)
[2026-07-01 11:24:26] [axEl] IN: pid=79582 role=AXStaticText → OUT: title= frame=(1362,173,24,16) (0ms)
[2026-07-01 11:24:26] [axEl] IN: pid=79582 role=AXStaticText → OUT: title= frame=(1428,173,9,16) (0ms)
[2026-07-01 11:24:26] [axEl] IN: pid=79582 role=AXStaticText → OUT: title= frame=(1453,173,264,16) (0ms)
[2026-07-01 11:24:26] [axEl] IN: pid=79582 role=AXStaticText → OUT: title= frame=(1362,192,24,16) (0ms)
[2026-07-01 11:24:26] [axEl] IN: pid=79582 role=AXStaticText → OUT: title= frame=(1428,192,9,16) (0ms)
[2026-07-01 11:24:26] [axEl] IN: pid=79582 role=AXStaticText → OUT: title= frame=(1453,192,727,16) (0ms)
[2026-07-01 11:24:26] [axEl] IN: pid=79582 role=AXStaticText → OUT: title= frame=(1362,212,24,15) (0ms)
[2026-07-01 11:24:26] [axEl] IN: pid=79582 role=AXStaticText → OUT: title= frame=(1428,212,9,15) (0ms)
[2026-07-01 11:24:26] [axEl] IN: pid=79582 role=AXStaticText → OUT: title= frame=(1453,212,836,15) (0ms)
[2026-07-01 11:24:26] [axEl] IN: pid=79582 role=AXStaticText → OUT: title= frame=(1362,231,24,16) (0ms)
[2026-07-01 11:24:26] [axEl] IN: pid=79582 role=AXStaticText → OUT: title= frame=(1428,231,9,16) (0ms)
[2026-07-01 11:24:26] [axEl] IN: pid=79582 role=AXStaticText → OUT: title= frame=(1453,231,187,16) (0ms)
[2026-07-01 11:24:26] [axEl] IN: pid=79582 role=AXStaticText → OUT: title= frame=(1362,250,24,16) (0ms)
[2026-07-01 11:24:26] [axEl] IN: pid=79582 role=AXStaticText → OUT: title= frame=(1428,250,9,16) (0ms)
[2026-07-01 11:24:26] [axEl] IN: pid=79582 role=AXStaticText → OUT: title= frame=(1453,250,310,16) (0ms)
[2026-07-01 11:24:26] [axEl] IN: pid=79582 role=AXStaticText → OUT: title= frame=(1362,270,24,15) (0ms)
[2026-07-01 11:24:26] [axEl] IN: pid=79582 role=AXStaticText → OUT: title= frame=(1428,270,9,15) (0ms)
[2026-07-01 11:24:26] [axEl] IN: pid=79582 role=AXStaticText → OUT: title= frame=(1453,270,295,15) (0ms)
[2026-07-01 11:24:26] [axEl] IN: pid=79582 role=AXStaticText → OUT: title= frame=(1362,289,24,16) (0ms)
[2026-07-01 11:24:26] [axEl] IN: pid=79582 role=AXStaticText → OUT: title= frame=(1428,289,9,16) (0ms)
[2026-07-01 11:24:26] [axEl] IN: pid=79582 role=AXStaticText → OUT: title= frame=(1453,289,295,16) (0ms)
[2026-07-01 11:24:26] [axEl] IN: pid=79582 role=AXStaticText → OUT: title= frame=(1362,309,24,15) (0ms)
[2026-07-01 11:24:26] [axEl] IN: pid=79582 role=AXStaticText → OUT: title= frame=(1428,309,9,15) (0ms)
[2026-07-01 11:24:26] [axEl] IN: pid=79582 role=AXStaticText → OUT: title= frame=(1453,309,132,15) (0ms)
[2026-07-01 11:24:26] [axEl] IN: pid=79582 role=AXStaticText → OUT: title= frame=(1362,328,24,16) (0ms)
[2026-07-01 11:24:26] [axEl] IN: pid=79582 role=AXStaticText → OUT: title= frame=(1428,328,9,16) (0ms)
[2026-07-01 11:24:26] [axEl] IN: pid=79582 role=AXStaticText → OUT: title= frame=(1453,328,102,16) (0ms)
[2026-07-01 11:24:26] [axEl] IN: pid=79582 role=AXStaticText → OUT: title= frame=(1362,347,24,16) (0ms)
[2026-07-01 11:24:26] [axEl] IN: pid=79582 role=AXStaticText → OUT: title= frame=(1399,347,24,16) (0ms)
[2026-07-01 11:24:26] [axEl] IN: pid=79582 role=AXStaticText → OUT: title= frame=(1453,347,626,16) (0ms)
[2026-07-01 11:24:26] [axEl] IN: pid=79582 role=AXStaticText → OUT: title= frame=(1362,367,24,15) (0ms)
[2026-07-01 11:24:26] [axEl] IN: pid=79582 role=AXStaticText → OUT: title= frame=(1399,367,24,15) (0ms)
[2026-07-01 11:24:26] [axEl] IN: pid=79582 role=AXStaticText → OUT: title= frame=(1453,367,489,15) (0ms)
[2026-07-01 11:24:26] [axEl] IN: pid=79582 role=AXStaticText → OUT: title= frame=(1362,386,24,16) (0ms)
[2026-07-01 11:24:26] [axEl] IN: pid=79582 role=AXStaticText → OUT: title= frame=(1399,386,24,16) (0ms)
[2026-07-01 11:24:26] [axEl] IN: pid=79582 role=AXStaticText → OUT: title= frame=(1453,386,341,16) (0ms)
[2026-07-01 11:24:26] [axEl] IN: pid=79582 role=AXButton → OUT: title=深度思考 frame=(1316,56,69,19) (0ms)
[2026-07-01 11:24:26] [axEl] IN: pid=79582 role=AXButton → OUT: title= frame=(1316,86,167,25) (0ms)
[2026-07-01 11:24:26] [axEl] IN: pid=79582 role=AXButton → OUT: title= frame=(1316,131,495,19) (0ms)
[2026-07-01 11:24:26] [axEl] IN: pid=79582 role=AXButton → OUT: title= frame=(1342,159,513,29) (0ms)
[2026-07-01 11:24:26] [axEl] IN: pid=79582 role=AXButton → OUT: title=深度思考 frame=(1316,174,69,19) (0ms)
[2026-07-01 11:24:26] [axEl] IN: pid=79582 role=AXStaticText → OUT: title= frame=(1316,204,449,21) (0ms)
[2026-07-01 11:24:26] [axEl] IN: pid=79582 role=AXButton → OUT: title= frame=(1316,246,167,25) (0ms)
[2026-07-01 11:24:26] [axEl] IN: pid=79582 role=AXButton → OUT: title= frame=(1316,249,495,19) (0ms)
[2026-07-01 11:24:26] [axEl] IN: pid=79582 role=AXButton → OUT: title= frame=(1342,277,165,29) (0ms)
[2026-07-01 11:24:26] [axEl] IN: pid=79582 role=AXButton → OUT: title=深度思考 frame=(1316,293,69,19) (0ms)
[2026-07-01 11:24:26] [axEl] IN: pid=79582 role=AXButton → OUT: title= frame=(1316,322,167,25) (0ms)
[2026-07-01 11:24:26] [axEl] IN: pid=79582 role=AXButton → OUT: title= frame=(1316,367,495,19) (0ms)
[2026-07-01 11:24:26] [axEl] IN: pid=79582 role=AXButton → OUT: title= frame=(1342,395,290,29) (0ms)
[2026-07-01 11:24:26] [axEl] IN: pid=79582 role=AXButton → OUT: title=深度思考 frame=(1316,411,69,19) (0ms)
[2026-07-01 11:24:26] [axEl] IN: pid=79582 role=AXButton → OUT: title= frame=(1316,440,167,25) (0ms)
[2026-07-01 11:24:26] [axEl] IN: pid=79582 role=AXButton → OUT: title= frame=(1316,485,495,19) (0ms)
[2026-07-01 11:24:26] [axEl] IN: pid=79582 role=AXButton → OUT: title= frame=(1342,513,507,29) (0ms)
[2026-07-01 11:24:26] [axEl] IN: pid=79582 role=AXStaticText → OUT: title= frame=(1370,549,16,15) (0ms)
[2026-07-01 11:24:26] [axEl] IN: pid=79582 role=AXStaticText → OUT: title= frame=(1407,549,16,15) (0ms)
[2026-07-01 11:24:26] [axEl] IN: pid=79582 role=AXStaticText → OUT: title= frame=(1453,549,426,15) (0ms)
[2026-07-01 11:24:26] [axEl] IN: pid=79582 role=AXStaticText → OUT: title= frame=(1370,568,16,16) (0ms)
[2026-07-01 11:24:26] [axEl] IN: pid=79582 role=AXStaticText → OUT: title= frame=(1407,568,16,16) (0ms)
[2026-07-01 11:24:26] [axEl] IN: pid=79582 role=AXStaticText → OUT: title= frame=(1453,568,449,16) (0ms)
[2026-07-01 11:24:26] [axEl] IN: pid=79582 role=AXStaticText → OUT: title= frame=(1370,588,16,15) (0ms)
[2026-07-01 11:24:26] [axEl] IN: pid=79582 role=AXStaticText → OUT: title= frame=(1407,588,16,15) (0ms)
[2026-07-01 11:24:26] [axEl] IN: pid=79582 role=AXStaticText → OUT: title= frame=(1453,588,380,15) (0ms)
[2026-07-01 11:24:26] [axEl] IN: pid=79582 role=AXStaticText → OUT: title= frame=(1370,607,16,16) (0ms)
[2026-07-01 11:24:26] [axEl] IN: pid=79582 role=AXStaticText → OUT: title= frame=(1428,607,9,16) (0ms)
[2026-07-01 11:24:26] [axEl] IN: pid=79582 role=AXStaticText → OUT: title= frame=(1453,607,380,16) (0ms)
[2026-07-01 11:24:26] [axEl] IN: pid=79582 role=AXStaticText → OUT: title= frame=(1362,626,24,16) (0ms)
[2026-07-01 11:24:26] [axEl] IN: pid=79582 role=AXStaticText → OUT: title= frame=(1407,626,16,16) (0ms)
[2026-07-01 11:24:26] [axEl] IN: pid=79582 role=AXStaticText → OUT: title= frame=(1453,626,380,16) (0ms)
[2026-07-01 11:24:26] [axEl] IN: pid=79582 role=AXStaticText → OUT: title= frame=(1362,646,24,15) (0ms)
[2026-07-01 11:24:26] [axEl] IN: pid=79582 role=AXStaticText → OUT: title= frame=(1399,646,24,15) (0ms)
[2026-07-01 11:24:26] [axEl] IN: pid=79582 role=AXStaticText → OUT: title= frame=(1453,646,434,15) (0ms)
[2026-07-01 11:24:26] [axEl] IN: pid=79582 role=AXStaticText → OUT: title= frame=(1362,665,24,16) (0ms)
[2026-07-01 11:24:26] [axEl] IN: pid=79582 role=AXStaticText → OUT: title= frame=(1399,665,24,16) (0ms)
[2026-07-01 11:24:26] [axEl] IN: pid=79582 role=AXStaticText → OUT: title= frame=(1453,665,349,16) (0ms)
[2026-07-01 11:24:26] [axEl] IN: pid=79582 role=AXButton → OUT: title=深度思考 frame=(1316,529,69,19) (0ms)
[2026-07-01 11:24:26] [axEl] IN: pid=79582 role=AXButton → OUT: title= frame=(1316,558,167,25) (0ms)
[2026-07-01 11:24:26] [axEl] IN: pid=79582 role=AXButton → OUT: title= frame=(1316,603,495,19) (0ms)
[2026-07-01 11:24:26] [axEl] IN: pid=79582 role=AXButton → OUT: title= frame=(1342,632,514,29) (0ms)
[2026-07-01 11:24:26] [axEl] IN: pid=79582 role=AXStaticText → OUT: title= frame=(1362,0,24,15) (0ms)
[2026-07-01 11:24:26] [axEl] IN: pid=79582 role=AXStaticText → OUT: title= frame=(1428,0,9,15) (0ms)
[2026-07-01 11:24:26] [axEl] IN: pid=79582 role=AXStaticText → OUT: title= frame=(1453,0,496,15) (0ms)
[2026-07-01 11:24:26] [axEl] IN: pid=79582 role=AXStaticText → OUT: title= frame=(1362,19,24,16) (0ms)
[2026-07-01 11:24:26] [axEl] IN: pid=79582 role=AXStaticText → OUT: title= frame=(1428,19,9,16) (0ms)
[2026-07-01 11:24:26] [axEl] IN: pid=79582 role=AXStaticText → OUT: title= frame=(1453,19,71,16) (0ms)
[2026-07-01 11:24:26] [axEl] IN: pid=79582 role=AXStaticText → OUT: title= frame=(1399,38,24,16) (0ms)
[2026-07-01 11:24:26] [axEl] IN: pid=79582 role=AXStaticText → OUT: title= frame=(1428,38,9,16) (0ms)
[2026-07-01 11:24:26] [axEl] IN: pid=79582 role=AXStaticText → OUT: title= frame=(1453,38,256,16) (0ms)
[2026-07-01 11:24:26] [axEl] IN: pid=79582 role=AXStaticText → OUT: title= frame=(1399,58,24,15) (0ms)
[2026-07-01 11:24:26] [axEl] IN: pid=79582 role=AXStaticText → OUT: title= frame=(1428,58,9,15) (0ms)
[2026-07-01 11:24:26] [axEl] IN: pid=79582 role=AXStaticText → OUT: title= frame=(1453,58,233,15) (0ms)
[2026-07-01 11:24:26] [axEl] IN: pid=79582 role=AXStaticText → OUT: title= frame=(1362,77,24,16) (0ms)
[2026-07-01 11:24:26] [axEl] IN: pid=79582 role=AXStaticText → OUT: title= frame=(1399,77,24,16) (0ms)
[2026-07-01 11:24:26] [axEl] IN: pid=79582 role=AXStaticText → OUT: title= frame=(1453,77,202,16) (0ms)
[2026-07-01 11:24:26] [axEl] IN: pid=79582 role=AXStaticText → OUT: title= frame=(1362,97,24,15) (0ms)
[2026-07-01 11:24:26] [axEl] IN: pid=79582 role=AXStaticText → OUT: title= frame=(1399,97,24,15) (0ms)
[2026-07-01 11:24:26] [axEl] IN: pid=79582 role=AXStaticText → OUT: title= frame=(1453,97,40,15) (0ms)
[2026-07-01 11:24:26] [axEl] IN: pid=79582 role=AXStaticText → OUT: title= frame=(1362,116,24,16) (0ms)
[2026-07-01 11:24:26] [axEl] IN: pid=79582 role=AXStaticText → OUT: title= frame=(1399,116,24,16) (0ms)
[2026-07-01 11:24:26] [axEl] IN: pid=79582 role=AXStaticText → OUT: title= frame=(1362,-3,24,16) (0ms)
[2026-07-01 11:24:26] [axEl] IN: pid=79582 role=AXStaticText → OUT: title= frame=(1428,-3,9,16) (0ms)
[2026-07-01 11:24:26] [axEl] IN: pid=79582 role=AXStaticText → OUT: title= frame=(1362,16,24,16) (0ms)
[2026-07-01 11:24:26] [axEl] IN: pid=79582 role=AXStaticText → OUT: title= frame=(1399,16,24,16) (0ms)
[2026-07-01 11:24:26] [axEl] IN: pid=79582 role=AXStaticText → OUT: title= frame=(1453,16,426,16) (0ms)
[2026-07-01 11:24:26] [axEl] IN: pid=79582 role=AXStaticText → OUT: title= frame=(1362,36,24,15) (0ms)
[2026-07-01 11:24:26] [axEl] IN: pid=79582 role=AXStaticText → OUT: title= frame=(1399,36,24,15) (0ms)
[2026-07-01 11:24:26] [axEl] IN: pid=79582 role=AXStaticText → OUT: title= frame=(1453,36,140,15) (0ms)
[2026-07-01 11:24:26] [axEl] IN: pid=79582 role=AXStaticText → OUT: title= frame=(1362,55,24,16) (0ms)
[2026-07-01 11:24:26] [axEl] IN: pid=79582 role=AXStaticText → OUT: title= frame=(1399,55,24,16) (0ms)
[2026-07-01 11:24:26] [axEl] IN: pid=79582 role=AXStaticText → OUT: title= frame=(1453,55,411,16) (0ms)
[2026-07-01 11:24:26] [axEl] IN: pid=79582 role=AXStaticText → OUT: title= frame=(1370,7,16,15) (0ms)
[2026-07-01 11:24:26] [axEl] IN: pid=79582 role=AXStaticText → OUT: title= frame=(1407,7,16,15) (0ms)
[2026-07-01 11:24:26] [axEl] IN: pid=79582 role=AXStaticText → OUT: title= frame=(1453,7,196,15) (0ms)
[2026-07-01 11:24:26] [axEl] IN: pid=79582 role=AXStaticText → OUT: title= frame=(1370,26,16,16) (0ms)
[2026-07-01 11:24:26] [axEl] IN: pid=79582 role=AXStaticText → OUT: title= frame=(1407,26,16,16) (0ms)
[2026-07-01 11:24:26] [axEl] IN: pid=79582 role=AXStaticText → OUT: title= frame=(1453,26,196,16) (0ms)
[2026-07-01 11:24:26] [axEl] IN: pid=79582 role=AXStaticText → OUT: title= frame=(1370,45,16,16) (0ms)
[2026-07-01 11:24:26] [axEl] IN: pid=79582 role=AXStaticText → OUT: title= frame=(1407,45,16,16) (0ms)
[2026-07-01 11:24:26] [axEl] IN: pid=79582 role=AXButton → OUT: title= frame=(1316,39,495,19) (0ms)
[2026-07-01 11:24:26] [axEl] IN: pid=79582 role=AXButton → OUT: title= frame=(1342,67,469,10) (0ms)
[2026-07-01 11:24:26] [axEl] IN: pid=79582 role=AXButton → OUT: title= frame=(1342,97,469,10) (0ms)
[2026-07-01 11:24:26] [axEl] IN: pid=79582 role=AXStaticText → OUT: title= frame=(1316,-5,259,20) (0ms)
[2026-07-01 11:24:26] [axEl] IN: pid=79582 role=AXButton → OUT: title= frame=(1316,36,167,25) (0ms)
[2026-07-01 11:24:26] [axEl] IN: pid=79582 role=AXButton → OUT: title=复制 frame=(1312,66,28,25) (0ms)
[2026-07-01 11:24:26] [axEl] IN: pid=79582 role=AXButton → OUT: title= frame=(1342,66,28,25) (0ms)
[2026-07-01 11:24:26] [axEl] IN: pid=79582 role=AXPopUpButton → OUT: title= frame=(1372,66,28,25) (0ms)
[2026-07-01 11:24:26] [axEl] IN: pid=79582 role=AXPopUpButton → OUT: title= frame=(1402,66,28,25) (0ms)
[2026-07-01 11:24:26] [axEl] IN: pid=79582 role=AXStaticText → OUT: title= frame=(1434,115,363,20) (0ms)
[2026-07-01 11:24:26] [axEl] IN: pid=79582 role=AXStaticText → OUT: title= frame=(1720,146,27,18) (0ms)
[2026-07-01 11:24:26] [axEl] IN: pid=79582 role=AXButton → OUT: title=复制 frame=(1755,143,22,23) (0ms)
[2026-07-01 11:24:26] [axEl] IN: pid=79582 role=AXButton → OUT: title=编辑 frame=(1785,143,22,23) (0ms)
[2026-07-01 11:24:26] [axEl] IN: pid=79582 role=AXStaticText → OUT: title= frame=(1419,190,376,55) (0ms)
[2026-07-01 11:24:26] [axEl] IN: pid=79582 role=AXStaticText → OUT: title= frame=(1720,256,27,18) (0ms)
[2026-07-01 11:24:26] [axEl] IN: pid=79582 role=AXButton → OUT: title=复制 frame=(1755,253,22,23) (0ms)
[2026-07-01 11:24:26] [axEl] IN: pid=79582 role=AXButton → OUT: title=编辑 frame=(1785,253,22,23) (0ms)
[2026-07-01 11:24:26] [axEl] IN: pid=79582 role=AXButton → OUT: title=工具调用已处理 21s frame=(1316,295,69,19) (0ms)
[2026-07-01 11:24:26] [axEl] IN: pid=79582 role=AXButton → OUT: title=深度思考 frame=(1316,331,495,10) (0ms)
[2026-07-01 11:24:26] [axEl] IN: pid=79582 role=AXButton → OUT: title= frame=(1316,331,495,10) (0ms)
[2026-07-01 11:24:26] [axEl] IN: pid=79582 role=AXButton → OUT: title=已探索 1 次搜索 frame=(1316,407,495,19) (0ms)
[2026-07-01 11:24:26] [axEl] IN: pid=79582 role=AXButton → OUT: title= frame=(1342,435,469,10) (0ms)
[2026-07-01 11:24:26] [axEl] IN: pid=79582 role=AXButton → OUT: title=深度思考 frame=(1316,449,495,10) (0ms)
[2026-07-01 11:24:26] [axEl] IN: pid=79582 role=AXButton → OUT: title= frame=(1316,449,495,10) (0ms)
[2026-07-01 11:24:26] [axEl] IN: pid=79582 role=AXButton → OUT: title=Shell 1 次命令 frame=(1316,525,495,19) (0ms)
[2026-07-01 11:24:26] [axEl] IN: pid=79582 role=AXButton → OUT: title= frame=(1342,553,469,10) (0ms)
[2026-07-01 11:24:26] [axEl] IN: pid=79582 role=AXButton → OUT: title=深度思考 frame=(1316,567,495,10) (0ms)
[2026-07-01 11:24:26] [axEl] IN: pid=79582 role=AXButton → OUT: title= frame=(1316,567,495,10) (0ms)
[2026-07-01 11:24:26] [axEl] IN: pid=79582 role=AXButton → OUT: title=Shell 1 次命令 frame=(1316,643,495,19) (0ms)
[2026-07-01 11:24:26] [axEl] IN: pid=79582 role=AXButton → OUT: title= frame=(1342,671,469,10) (0ms)
[2026-07-01 11:24:26] [axEl] IN: pid=79582 role=AXButton → OUT: title=深度思考 frame=(1316,685,495,10) (0ms)
[2026-07-01 11:24:26] [axEl] IN: pid=79582 role=AXButton → OUT: title= frame=(1316,685,495,10) (0ms)
[2026-07-01 11:24:26] [axEl] IN: pid=79582 role=AXButton → OUT: title=Shell 1 次命令 frame=(1316,761,495,19) (0ms)
[2026-07-01 11:24:26] [axEl] IN: pid=79582 role=AXButton → OUT: title= frame=(1342,789,469,10) (0ms)
[2026-07-01 11:24:26] [axEl] IN: pid=79582 role=AXButton → OUT: title=深度思考 frame=(1316,803,495,10) (0ms)
[2026-07-01 11:24:26] [axEl] IN: pid=79582 role=AXButton → OUT: title= frame=(1316,803,495,10) (0ms)
[2026-07-01 11:24:26] [axEl] IN: pid=79582 role=AXButton → OUT: title=Shell 1 次命令 frame=(1316,879,495,19) (0ms)
[2026-07-01 11:24:26] [axEl] IN: pid=79582 role=AXButton → OUT: title= frame=(1342,907,469,10) (0ms)
[2026-07-01 11:24:26] [axEl] IN: pid=79582 role=AXButton → OUT: title=深度思考 frame=(1316,921,495,10) (0ms)
[2026-07-01 11:24:26] [axEl] IN: pid=79582 role=AXButton → OUT: title= frame=(1316,921,495,10) (0ms)
[2026-07-01 11:24:26] [axEl] IN: pid=79582 role=AXButton → OUT: title=已探索 1 次读取 frame=(1316,997,495,19) (0ms)
[2026-07-01 11:24:26] [axEl] IN: pid=79582 role=AXButton → OUT: title= frame=(1342,1026,469,10) (0ms)
[2026-07-01 11:24:26] [axEl] IN: pid=79582 role=AXButton → OUT: title=深度思考 frame=(1316,1040,495,10) (0ms)
[2026-07-01 11:24:26] [axEl] IN: pid=79582 role=AXButton → OUT: title= frame=(1316,1040,495,10) (0ms)
[2026-07-01 11:24:26] [axEl] IN: pid=79582 role=AXStaticText → OUT: title= frame=(1316,333,494,69) (0ms)
[2026-07-01 11:24:26] [axEl] IN: pid=79582 role=AXButton → OUT: title=5 条 Memory v5 编译引用 frame=(1316,424,167,25) (0ms)
[2026-07-01 11:24:26] [axEl] IN: pid=79582 role=AXButton → OUT: title=复制 frame=(1312,454,28,25) (0ms)
[2026-07-01 11:24:26] [axEl] IN: pid=79582 role=AXButton → OUT: title= frame=(1342,454,28,25) (0ms)
[2026-07-01 11:24:26] [axEl] IN: pid=79582 role=AXPopUpButton → OUT: title= frame=(1372,454,28,25) (0ms)
[2026-07-01 11:24:26] [axEl] IN: pid=79582 role=AXPopUpButton → OUT: title= frame=(1402,454,28,25) (0ms)
[2026-07-01 11:24:26] [axEl] IN: pid=79582 role=AXStaticText → OUT: title= frame=(1419,502,364,37) (0ms)
[2026-07-01 11:24:26] [axEl] IN: pid=79582 role=AXStaticText → OUT: title= frame=(1718,551,29,17) (0ms)
[2026-07-01 11:24:26] [axEl] IN: pid=79582 role=AXButton → OUT: title=复制 frame=(1755,548,22,23) (0ms)
[2026-07-01 11:24:26] [axEl] IN: pid=79582 role=AXButton → OUT: title=编辑 frame=(1785,548,22,23) (0ms)
[2026-07-01 11:24:26] [axEl] IN: pid=79582 role=AXButton → OUT: title=工具调用已处理 4s frame=(1316,590,69,19) (0ms)
[2026-07-01 11:24:26] [axEl] IN: pid=79582 role=AXButton → OUT: title=深度思考 frame=(1316,627,69,19) (0ms)
[2026-07-01 11:24:26] [axEl] IN: pid=79582 role=AXStaticText → OUT: title= frame=(1316,657,349,20) (0ms)
[2026-07-01 11:24:26] [axEl] IN: pid=79582 role=AXButton → OUT: title= frame=(1316,699,167,25) (0ms)
[2026-07-01 11:24:26] [axEl] IN: pid=79582 role=AXButton → OUT: title=已修改 1 次编辑 frame=(1316,701,495,19) (0ms)
[2026-07-01 11:24:26] [axEl] IN: pid=79582 role=AXButton → OUT: title= frame=(1342,729,92,29) (0ms)
[2026-07-01 11:24:26] [axEl] IN: pid=79582 role=AXStaticText → OUT: title= frame=(1370,765,16,15) (0ms)
[2026-07-01 11:24:26] [axEl] IN: pid=79582 role=AXStaticText → OUT: title= frame=(1407,765,16,15) (0ms)
[2026-07-01 11:24:26] [axEl] IN: pid=79582 role=AXStaticText → OUT: title= frame=(1453,765,318,15) (0ms)
[2026-07-01 11:24:26] [axEl] IN: pid=79582 role=AXStaticText → OUT: title= frame=(1370,784,16,16) (0ms)
[2026-07-01 11:24:26] [axEl] IN: pid=79582 role=AXStaticText → OUT: title= frame=(1407,784,16,16) (0ms)
[2026-07-01 11:24:26] [axEl] IN: pid=79582 role=AXStaticText → OUT: title= frame=(1453,784,217,16) (0ms)
[2026-07-01 11:24:26] [axEl] IN: pid=79582 role=AXStaticText → OUT: title= frame=(1370,803,16,16) (0ms)
[2026-07-01 11:24:26] [axEl] IN: pid=79582 role=AXStaticText → OUT: title= frame=(1407,803,16,16) (0ms)
[2026-07-01 11:24:26] [axEl] IN: pid=79582 role=AXStaticText → OUT: title= frame=(1453,803,364,16) (0ms)
[2026-07-01 11:24:26] [axEl] IN: pid=79582 role=AXStaticText → OUT: title= frame=(1407,823,16,15) (0ms)
[2026-07-01 11:24:26] [axEl] IN: pid=79582 role=AXStaticText → OUT: title= frame=(1428,823,9,15) (0ms)
[2026-07-01 11:24:26] [axEl] IN: pid=79582 role=AXStaticText → OUT: title= frame=(1453,823,225,15) (0ms)
[2026-07-01 11:24:26] [axEl] IN: pid=79582 role=AXStaticText → OUT: title= frame=(1370,842,16,16) (0ms)
[2026-07-01 11:24:26] [axEl] IN: pid=79582 role=AXStaticText → OUT: title= frame=(1407,842,16,16) (0ms)
[2026-07-01 11:24:26] [axEl] IN: pid=79582 role=AXStaticText → OUT: title= frame=(1453,842,395,16) (0ms)
[2026-07-01 11:24:26] [axEl] IN: pid=79582 role=AXStaticText → OUT: title= frame=(1370,862,16,15) (0ms)
[2026-07-01 11:24:26] [axEl] IN: pid=79582 role=AXStaticText → OUT: title= frame=(1428,862,9,15) (0ms)
[2026-07-01 11:24:26] [axEl] IN: pid=79582 role=AXStaticText → OUT: title= frame=(1453,862,519,15) (0ms)
[2026-07-01 11:24:26] [axEl] IN: pid=79582 role=AXStaticText → OUT: title= frame=(1370,881,16,16) (0ms)
[2026-07-01 11:24:26] [axEl] IN: pid=79582 role=AXStaticText → OUT: title= frame=(1428,881,9,16) (0ms)
[2026-07-01 11:24:26] [axEl] IN: pid=79582 role=AXStaticText → OUT: title= frame=(1453,881,326,16) (0ms)
[2026-07-01 11:24:26] [axEl] IN: pid=79582 role=AXStaticText → OUT: title= frame=(1370,900,16,16) (0ms)
[2026-07-01 11:24:26] [axEl] IN: pid=79582 role=AXStaticText → OUT: title= frame=(1428,900,9,16) (0ms)
[2026-07-01 11:24:26] [axEl] IN: pid=79582 role=AXStaticText → OUT: title= frame=(1453,900,380,16) (0ms)
[2026-07-01 11:24:26] [axEl] IN: pid=79582 role=AXStaticText → OUT: title= frame=(1370,920,16,15) (0ms)
[2026-07-01 11:24:26] [axEl] IN: pid=79582 role=AXStaticText → OUT: title= frame=(1428,920,9,15) (0ms)
[2026-07-01 11:24:26] [axEl] IN: pid=79582 role=AXStaticText → OUT: title= frame=(1453,920,132,15) (0ms)
[2026-07-01 11:24:26] [axEl] IN: pid=79582 role=AXStaticText → OUT: title= frame=(1407,939,16,16) (0ms)
[2026-07-01 11:24:26] [axEl] IN: pid=79582 role=AXStaticText → OUT: title= frame=(1428,939,9,16) (0ms)
[2026-07-01 11:24:26] [axEl] IN: pid=79582 role=AXStaticText → OUT: title= frame=(1453,939,380,16) (0ms)
[2026-07-01 11:24:26] [axEl] IN: pid=79582 role=AXStaticText → OUT: title= frame=(1407,958,16,16) (0ms)
[2026-07-01 11:24:26] [axEl] IN: pid=79582 role=AXStaticText → OUT: title= frame=(1428,958,9,16) (0ms)
[2026-07-01 11:24:26] [axEl] IN: pid=79582 role=AXStaticText → OUT: title= frame=(1453,958,372,16) (0ms)
[2026-07-01 11:24:26] [axEl] IN: pid=79582 role=AXStaticText → OUT: title= frame=(1370,978,16,15) (0ms)
[2026-07-01 11:24:26] [axEl] IN: pid=79582 role=AXStaticText → OUT: title= frame=(1407,978,16,15) (0ms)
[2026-07-01 11:24:26] [axEl] IN: pid=79582 role=AXStaticText → OUT: title= frame=(1453,978,102,15) (0ms)
[2026-07-01 11:24:26] [axEl] IN: pid=79582 role=AXStaticText → OUT: title= frame=(1370,997,16,16) (0ms)
[2026-07-01 11:24:26] [axEl] IN: pid=79582 role=AXStaticText → OUT: title= frame=(1407,997,16,16) (0ms)
[2026-07-01 11:24:26] [axEl] IN: pid=79582 role=AXStaticText → OUT: title= frame=(1453,997,71,16) (0ms)
[2026-07-01 11:24:26] [axEl] IN: pid=79582 role=AXStaticText → OUT: title= frame=(1370,1017,16,15) (0ms)
[2026-07-01 11:24:26] [axEl] IN: pid=79582 role=AXStaticText → OUT: title= frame=(1407,1017,16,15) (0ms)
[2026-07-01 11:24:26] [axEl] IN: pid=79582 role=AXStaticText → OUT: title= frame=(1453,1017,457,15) (0ms)
[2026-07-01 11:24:26] [axEl] IN: pid=79582 role=AXButton → OUT: title=深度思考 frame=(1316,743,495,10) (0ms)
[2026-07-01 11:24:26] [axEl] IN: pid=79582 role=AXButton → OUT: title= frame=(1316,743,495,10) (0ms)
[2026-07-01 11:24:26] [axEl] IN: pid=79582 role=AXButton → OUT: title=Shell 1 次命令 frame=(1316,819,495,19) (0ms)
[2026-07-01 11:24:26] [axEl] IN: pid=79582 role=AXButton → OUT: title= frame=(1342,848,469,10) (0ms)
[2026-07-01 11:24:26] [axEl] IN: pid=79582 role=AXStaticText → OUT: title= frame=(1316,628,469,69) (0ms)
[2026-07-01 11:24:26] [axEl] IN: pid=79582 role=AXButton → OUT: title=5 条 Memory v5 编译引用 frame=(1316,718,167,25) (0ms)
[2026-07-01 11:24:26] [axEl] IN: pid=79582 role=AXButton → OUT: title=跳转到问题 16 frame=(1805,7,32,15) (0ms)
[2026-07-01 11:24:26] [axEl] IN: pid=79582 role=AXButton → OUT: title=跳转到问题 17 frame=(1805,27,32,15) (0ms)
[2026-07-01 11:24:26] [axEl] IN: pid=79582 role=AXButton → OUT: title=跳转到问题 18 frame=(1805,47,32,15) (0ms)
[2026-07-01 11:24:26] [axEl] IN: pid=79582 role=AXButton → OUT: title=跳转到问题 19 frame=(1805,67,32,15) (0ms)
[2026-07-01 11:24:26] [axEl] IN: pid=79582 role=AXButton → OUT: title=跳转到问题 20 frame=(1805,87,32,15) (0ms)
[2026-07-01 11:24:26] [axEl] IN: pid=79582 role=AXButton → OUT: title=跳转到问题 21 frame=(1805,107,32,15) (0ms)
[2026-07-01 11:24:26] [axEl] IN: pid=79582 role=AXButton → OUT: title=跳转到问题 22 frame=(1805,127,32,15) (0ms)
[2026-07-01 11:24:26] [axEl] IN: pid=79582 role=AXButton → OUT: title=跳转到问题 23 frame=(1805,147,32,15) (0ms)
[2026-07-01 11:24:26] [axEl] IN: pid=79582 role=AXButton → OUT: title=跳转到问题 24 frame=(1805,167,32,15) (0ms)
[2026-07-01 11:24:26] [axEl] IN: pid=79582 role=AXButton → OUT: title=跳转到问题 25 frame=(1805,187,32,15) (0ms)
[2026-07-01 11:24:26] [axEl] IN: pid=79582 role=AXButton → OUT: title=跳转到问题 26 frame=(1805,207,32,15) (0ms)
[2026-07-01 11:24:26] [axEl] IN: pid=79582 role=AXButton → OUT: title=跳转到问题 27 frame=(1805,227,32,15) (0ms)
[2026-07-01 11:24:26] [axEl] IN: pid=79582 role=AXButton → OUT: title=跳转到问题 28 frame=(1805,247,32,15) (0ms)
[2026-07-01 11:24:26] [axEl] IN: pid=79582 role=AXButton → OUT: title=跳转到问题 29 frame=(1805,267,32,15) (0ms)
[2026-07-01 11:24:26] [axEl] IN: pid=79582 role=AXButton → OUT: title=跳转到问题 30 frame=(1805,287,32,15) (0ms)
[2026-07-01 11:24:26] [axEl] IN: pid=79582 role=AXButton → OUT: title=跳转到问题 31 frame=(1805,307,32,15) (0ms)
[2026-07-01 11:24:26] [axEl] IN: pid=79582 role=AXButton → OUT: title=跳转到问题 32 frame=(1805,327,32,15) (0ms)
[2026-07-01 11:24:26] [axEl] IN: pid=79582 role=AXButton → OUT: title=跳转到问题 33 frame=(1805,347,32,15) (0ms)
[2026-07-01 11:24:26] [axEl] IN: pid=79582 role=AXButton → OUT: title=跳转到问题 34 frame=(1805,367,32,15) (0ms)
[2026-07-01 11:24:26] [axEl] IN: pid=79582 role=AXButton → OUT: title=跳转到问题 35 frame=(1805,387,32,15) (0ms)
[2026-07-01 11:24:26] [axEl] IN: pid=79582 role=AXButton → OUT: title=跳转到问题 36 frame=(1805,407,32,15) (0ms)
[2026-07-01 11:24:26] [axEl] IN: pid=79582 role=AXButton → OUT: title=跳转到问题 37 frame=(1805,427,32,15) (0ms)
[2026-07-01 11:24:26] [axEl] IN: pid=79582 role=AXButton → OUT: title=跳转到问题 38 frame=(1805,447,32,15) (0ms)
[2026-07-01 11:24:26] [axEl] IN: pid=79582 role=AXButton → OUT: title=跳转到问题 39 frame=(1805,467,32,15) (0ms)
[2026-07-01 11:24:26] [axEl] IN: pid=79582 role=AXButton → OUT: title=跳转到问题 40 frame=(1805,487,32,15) (0ms)
[2026-07-01 11:24:26] [axEl] IN: pid=79582 role=AXButton → OUT: title=跳转到问题 41 frame=(1805,507,32,15) (0ms)
[2026-07-01 11:24:26] [axEl] IN: pid=79582 role=AXButton → OUT: title=跳转到问题 42 frame=(1805,527,32,15) (0ms)
[2026-07-01 11:24:26] [axEl] IN: pid=79582 role=AXButton → OUT: title=跳转到问题 43 frame=(1805,547,32,15) (0ms)
[2026-07-01 11:24:26] [axEl] IN: pid=79582 role=AXButton → OUT: title=跳转到问题 44 frame=(1805,567,32,15) (0ms)
[2026-07-01 11:24:26] [axEl] IN: pid=79582 role=AXStaticText → OUT: title= frame=(1330,796,27,19) (0ms)
[2026-07-01 11:24:26] [axEl] IN: pid=79582 role=AXStaticText → OUT: title= frame=(1371,800,8,17) (0ms)
[2026-07-01 11:24:26] [axEl] IN: pid=79582 role=AXStaticText → OUT: title= frame=(1378,800,7,17) (0ms)
[2026-07-01 11:24:26] [axEl] IN: pid=79582 role=AXStaticText → OUT: title= frame=(1384,800,8,17) (0ms)
[2026-07-01 11:24:26] [axEl] IN: pid=79582 role=AXStaticText → OUT: title= frame=(1330,822,87,18) (0ms)
[2026-07-01 11:24:26] [axEl] IN: pid=79582 role=AXButton → OUT: title=展开 frame=(1709,797,41,25) (0ms)
[2026-07-01 11:24:26] [axEl] IN: pid=79582 role=AXButton → OUT: title=关闭 frame=(1755,797,42,25) (0ms)
[2026-07-01 11:24:26] [axEl] IN: pid=79582 role=AXTextArea → OUT: title=给 Reasonix 发消息… ( / 命令 · @ 文件 · ! 终端 ) frame=(1337,874,409,38) (0ms)
[2026-07-01 11:24:26] [axEl] IN: pid=79582 role=AXStaticText → OUT: title= frame=(1339,877,344,21) (0ms)
[2026-07-01 11:24:26] [axEl] IN: pid=79582 role=AXButton → OUT: title= frame=(1753,874,35,34) (0ms)
[2026-07-01 11:24:26] [axEl] IN: pid=79582 role=AXPopUpButton → OUT: title=协作方式 frame=(1332,929,29,28) (0ms)
[2026-07-01 11:24:26] [axEl] IN: pid=79582 role=AXCheckBox → OUT: title= frame=(1374,932,25,24) (0ms)
[2026-07-01 11:24:26] [axEl] IN: pid=79582 role=AXCheckBox → OUT: title= frame=(1402,932,25,24) (0ms)
[2026-07-01 11:24:26] [axEl] IN: pid=79582 role=AXCheckBox → OUT: title= frame=(1430,932,25,24) (0ms)
[2026-07-01 11:24:26] [axEl] IN: pid=79582 role=AXButton → OUT: title=deepseek-v4-pro · DeepSeek 官方 frame=(1571,929,141,28) (0ms)
[2026-07-01 11:24:26] [axEl] IN: pid=79582 role=AXPopUpButton → OUT: title=更多控制 frame=(1724,927,66,32) (0ms)
[2026-07-01 11:24:26] [axEl] IN: pid=79582 role=AXButton → OUT: title= frame=(1027,93,12,14) (0ms)
[2026-07-01 11:24:26] [axEl] IN: pid=79582 role=AXButton → OUT: title= frame=(1067,93,12,14) (0ms)
[2026-07-01 11:24:26] [axEl] IN: pid=79582 role=AXButton → OUT: title= frame=(1047,93,12,14) (0ms)
[2026-07-01 11:24:26] [axEl] IN: pid=79582 role=AXMenuBarItem → OUT: title=Apple frame=(10,0,34,30) (0ms)
[2026-07-01 11:24:26] [axEl] IN: pid=79582 role=AXMenuBarItem → OUT: title=Reasonix frame=(43,0,79,30) (0ms)
[2026-07-01 11:24:26] [axEl] IN: pid=79582 role=AXMenuBarItem → OUT: title=File frame=(121,0,43,30) (0ms)
[2026-07-01 11:24:26] [axEl] IN: pid=79582 role=AXMenuBarItem → OUT: title=Edit frame=(163,0,44,30) (0ms)
[2026-07-01 11:24:26] [axEl] IN: pid=79582 role=AXMenuBarItem → OUT: title=Window frame=(206,0,69,30) (0ms)
[2026-07-01 11:24:26] [axEl] IN: pid=2480 role=AXMenuBarItem → OUT: title=Apple frame=(10,0,34,30) (0ms)
[2026-07-01 11:24:26] [axEl] IN: pid=2480 role=AXMenuBarItem → OUT: title=访达 frame=(43,0,47,30) (0ms)
[2026-07-01 11:24:26] [axEl] IN: pid=2480 role=AXMenuBarItem → OUT: title=文件 frame=(89,0,47,30) (0ms)
[2026-07-01 11:24:26] [axEl] IN: pid=2480 role=AXMenuBarItem → OUT: title=编辑 frame=(135,0,46,30) (0ms)
[2026-07-01 11:24:26] [axEl] IN: pid=2480 role=AXMenuBarItem → OUT: title=显示 frame=(180,0,47,30) (0ms)
[2026-07-01 11:24:26] [axEl] IN: pid=2480 role=AXMenuBarItem → OUT: title=前往 frame=(226,0,47,30) (0ms)
[2026-07-01 11:24:26] [axEl] IN: pid=2480 role=AXMenuBarItem → OUT: title=窗口 frame=(272,0,47,30) (0ms)
[2026-07-01 11:24:26] [axEl] IN: pid=2480 role=AXMenuBarItem → OUT: title=帮助 frame=(318,0,47,30) (0ms)
[2026-07-01 11:24:26] [axEl] IN: pid=2480 role=AXImage → OUT: title=vibe项目 frame=(77,469,64,64) (0ms)
[2026-07-01 11:24:26] [axEl] IN: pid=2478 role=AXDockItem → OUT: title=访达 frame=(295,1017,46,58) (0ms)
[2026-07-01 11:24:26] [axEl] IN: pid=2478 role=AXDockItem → OUT: title=App frame=(341,1017,46,58) (0ms)
[2026-07-01 11:24:26] [axEl] IN: pid=2478 role=AXDockItem → OUT: title=地图 frame=(387,1017,46,58) (0ms)
[2026-07-01 11:24:26] [axEl] IN: pid=2478 role=AXDockItem → OUT: title=App Store frame=(433,1017,46,58) (0ms)
[2026-07-01 11:24:26] [axEl] IN: pid=2478 role=AXDockItem → OUT: title=iPhone镜像 frame=(479,1017,46,58) (0ms)
[2026-07-01 11:24:26] [axEl] IN: pid=2478 role=AXDockItem → OUT: title=tntcloud_Lite frame=(525,1017,46,58) (0ms)
[2026-07-01 11:24:26] [axEl] IN: pid=2478 role=AXDockItem → OUT: title=豆包 frame=(571,1017,46,58) (0ms)
[2026-07-01 11:24:26] [axEl] IN: pid=2478 role=AXDockItem → OUT: title=微信 frame=(617,1017,46,58) (0ms)
[2026-07-01 11:24:26] [axEl] IN: pid=2478 role=AXDockItem → OUT: title=ima.copilot frame=(663,1017,46,58) (0ms)
[2026-07-01 11:24:26] [axEl] IN: pid=2478 role=AXDockItem → OUT: title=Google Chrome frame=(709,1017,46,58) (0ms)
[2026-07-01 11:24:26] [axEl] IN: pid=2478 role=AXDockItem → OUT: title=Claude frame=(755,1017,46,58) (0ms)
[2026-07-01 11:24:26] [axEl] IN: pid=2478 role=AXDockItem → OUT: title=飞书 frame=(801,1017,46,58) (0ms)
[2026-07-01 11:24:26] [axEl] IN: pid=2478 role=AXDockItem → OUT: title=终端 frame=(847,1017,46,58) (0ms)
[2026-07-01 11:24:26] [axEl] IN: pid=2478 role=AXDockItem → OUT: title=Visual Studio Code frame=(893,1017,46,58) (0ms)
[2026-07-01 11:24:26] [axEl] IN: pid=2478 role=AXDockItem → OUT: title=Codex frame=(939,1017,46,58) (0ms)
[2026-07-01 11:24:26] [axEl] IN: pid=2478 role=AXDockItem → OUT: title=Reasonix frame=(985,1017,46,58) (0ms)
[2026-07-01 11:24:26] [axEl] IN: pid=2478 role=AXDockItem → OUT: title= frame=(1031,1017,20,58) (0ms)
[2026-07-01 11:24:26] [axEl] IN: pid=2478 role=AXDockItem → OUT: title=屏幕共享 frame=(1052,1017,46,58) (0ms)
[2026-07-01 11:24:26] [axEl] IN: pid=2478 role=AXDockItem → OUT: title=飞鸟加速 frame=(1098,1017,46,58) (0ms)
[2026-07-01 11:24:26] [axEl] IN: pid=2478 role=AXDockItem → OUT: title=预览 frame=(1144,1017,46,58) (0ms)
[2026-07-01 11:24:26] [axEl] IN: pid=2478 role=AXDockItem → OUT: title=网易云音乐 frame=(1190,1017,46,58) (0ms)
[2026-07-01 11:24:26] [axEl] IN: pid=2478 role=AXDockItem → OUT: title=抖音 frame=(1236,1017,46,58) (0ms)
[2026-07-01 11:24:26] [axEl] IN: pid=2478 role=AXDockItem → OUT: title= frame=(1282,1017,20,58) (0ms)
[2026-07-01 11:24:26] [axEl] IN: pid=2478 role=AXDockItem → OUT: title=下载 frame=(1302,1017,46,58) (0ms)
[2026-07-01 11:24:26] [axEl] IN: pid=2478 role=AXDockItem → OUT: title=所有连接 frame=(1348,1017,46,58) (0ms)
[2026-07-01 11:24:26] [axEl] IN: pid=2478 role=AXDockItem → OUT: title=网易云音乐 frame=(1394,1017,46,58) (0ms)
[2026-07-01 11:24:26] [axEl] IN: pid=2478 role=AXDockItem → OUT: title=飞鸟加速 frame=(1440,1017,46,58) (0ms)
[2026-07-01 11:24:26] [axEl] IN: pid=2478 role=AXDockItem → OUT: title=MotionControl Toggle Buttons frame=(1486,1017,46,58) (0ms)
[2026-07-01 11:24:26] [axEl] IN: pid=2478 role=AXDockItem → OUT: title=douyin frame=(1532,1017,46,58) (0ms)
[2026-07-01 11:24:26] [axEl] IN: pid=2478 role=AXDockItem → OUT: title=废纸篓 frame=(1578,1017,46,58) (0ms)
[2026-07-01 11:24:26] [axEl] IN: pid=2479 role=AXMenuBarItem → OUT: title=Siri frame=(1752,3,16,24) (0ms)
[2026-07-01 11:24:26] [hand_detect] IN: hand_detect 1920x1080 → OUT: detected=true landmarks=21 confidence=0.69433594
[2026-07-01 11:24:26] [gesture_analyze] IN: gesture_analyze type=none → OUT: gesture=none confidence=0.00 isRepeat=false
[2026-07-01 11:24:26] [KEYPOINTS] IN: handSide=left palmCenter=0.4199589391549428,0.07060873508453369 → OUT: 
[2026-07-01 11:24:26] [face_detect] IN: face_detect → OUT: detected=true landmarks=76 roll=0.15339808 pitch=-0.20632042 yaw=-0.030679615 (4743ms)
[2026-07-01 11:24:26] [mouth_detect] IN: mouth_detect ratio=0.49922952 → OUT: status=CLOSED confirmed=CLOSED
[2026-07-01 11:24:26] [gaze_estimate] IN: yaw=-0.030679615 pitch=-0.20632042 → OUT: yawOffset=0.0 pitchOffset=0.0 hasFace=true
[2026-07-01 11:24:26] [hand_detect] IN: hand_detect 1920x1080 → OUT: detected=true landmarks=21 confidence=0.65771484
[2026-07-01 11:24:26] [gesture_analyze] IN: gesture_analyze type=none → OUT: gesture=none confidence=0.00 isRepeat=false
[2026-07-01 11:24:26] [KEYPOINTS] IN: handSide=left palmCenter=0.42042215665181476,0.07304209470748901 → OUT: 
[2026-07-01 11:24:26] [face_detect] IN: face_detect → OUT: detected=true landmarks=76 roll=0.15339808 pitch=-0.20632042 yaw=-0.030679615 (4577ms)
[2026-07-01 11:24:26] [mouth_detect] IN: mouth_detect ratio=0.47527283 → OUT: status=CLOSED confirmed=CLOSED
[2026-07-01 11:24:26] [gaze_estimate] IN: yaw=-0.030679615 pitch=-0.20632042 → OUT: yawOffset=0.0 pitchOffset=0.0 hasFace=true
[2026-07-01 11:24:26] [hand_detect] IN: hand_detect 1920x1080 → OUT: detected=true landmarks=21 confidence=0.6503906
[2026-07-01 11:24:26] [gesture_analyze] IN: gesture_analyze type=none → OUT: gesture=none confidence=0.00 isRepeat=false
[2026-07-01 11:24:26] [KEYPOINTS] IN: handSide=left palmCenter=0.41978295644124347,0.07004986206690471 → OUT: 
[2026-07-01 11:24:26] [face_detect] IN: face_detect → OUT: detected=true landmarks=76 roll=0.15339808 pitch=-0.20632042 yaw=-0.030679615 (4711ms)
[2026-07-01 11:24:26] [mouth_detect] IN: mouth_detect ratio=0.47249877 → OUT: status=CLOSED confirmed=CLOSED
[2026-07-01 11:24:26] [gaze_estimate] IN: yaw=-0.030679615 pitch=-0.20632042 → OUT: yawOffset=0.0 pitchOffset=0.0 hasFace=true
[2026-07-01 11:24:27] [hand_detect] IN: hand_detect 1920x1080 → OUT: detected=true landmarks=21 confidence=0.68310547
[2026-07-01 11:24:27] [gesture_analyze] IN: gesture_analyze type=none → OUT: gesture=none confidence=0.00 isRepeat=false
[2026-07-01 11:24:27] [KEYPOINTS] IN: handSide=left palmCenter=0.4197896122932434,0.0683814287185669 → OUT: 
[2026-07-01 11:24:27] [face_detect] IN: face_detect → OUT: detected=true landmarks=76 roll=0.15339808 pitch=-0.20632042 yaw=-0.030679615 (4945ms)
[2026-07-01 11:24:27] [mouth_detect] IN: mouth_detect ratio=0.47124967 → OUT: status=CLOSED confirmed=CLOSED
[2026-07-01 11:24:27] [gaze_estimate] IN: yaw=-0.030679615 pitch=-0.20632042 → OUT: yawOffset=0.0 pitchOffset=0.0 hasFace=true
[2026-07-01 11:24:27] [hand_detect] IN: hand_detect 1920x1080 → OUT: detected=true landmarks=21 confidence=0.6035156
[2026-07-01 11:24:27] [gesture_analyze] IN: gesture_analyze type=none → OUT: gesture=none confidence=0.00 isRepeat=false
[2026-07-01 11:24:27] [KEYPOINTS] IN: handSide=left palmCenter=0.41880276799201965,0.06897677977879842 → OUT: 
[2026-07-01 11:24:27] [face_detect] IN: face_detect → OUT: detected=true landmarks=76 roll=0.15339808 pitch=-0.20632042 yaw=-0.030679615 (6281ms)
[2026-07-01 11:24:27] [mouth_detect] IN: mouth_detect ratio=0.47032556 → OUT: status=CLOSED confirmed=CLOSED
[2026-07-01 11:24:27] [gaze_estimate] IN: yaw=-0.030679615 pitch=-0.20632042 → OUT: yawOffset=0.0 pitchOffset=0.0 hasFace=true
[2026-07-01 11:24:27] [hand_detect] IN: hand_detect 1920x1080 → OUT: detected=true landmarks=21 confidence=0.60839844
[2026-07-01 11:24:27] [gesture_analyze] IN: gesture_analyze type=none → OUT: gesture=none confidence=0.00 isRepeat=false
[2026-07-01 11:24:27] [KEYPOINTS] IN: handSide=left palmCenter=0.41937633355458576,0.0692256490389506 → OUT: 
[2026-07-01 11:24:27] [face_detect] IN: face_detect → OUT: detected=true landmarks=76 roll=0.15339808 pitch=-0.20632042 yaw=-0.030679615 (5759ms)
[2026-07-01 11:24:27] [mouth_detect] IN: mouth_detect ratio=0.4793344 → OUT: status=CLOSED confirmed=CLOSED
[2026-07-01 11:24:27] [gaze_estimate] IN: yaw=-0.030679615 pitch=-0.20632042 → OUT: yawOffset=0.0 pitchOffset=0.0 hasFace=true
[2026-07-01 11:24:27] [axMatch] IN: cursor=(1509,174) → OUT: role=AXStaticText title= (0ms)
[2026-07-01 11:24:27] [hand_detect] IN: hand_detect 1920x1080 → OUT: detected=true landmarks=21 confidence=0.67285156
[2026-07-01 11:24:27] [gesture_analyze] IN: gesture_analyze type=none → OUT: gesture=none confidence=0.00 isRepeat=false
[2026-07-01 11:24:27] [KEYPOINTS] IN: handSide=left palmCenter=0.41984445850054425,0.07093576590220134 → OUT: 
[2026-07-01 11:24:27] [face_detect] IN: face_detect → OUT: detected=true landmarks=76 roll=0.15339808 pitch=-0.20632042 yaw=-0.030679615 (4999ms)
[2026-07-01 11:24:27] [mouth_detect] IN: mouth_detect ratio=0.46336886 → OUT: status=CLOSED confirmed=CLOSED
[2026-07-01 11:24:27] [gaze_estimate] IN: yaw=-0.030679615 pitch=-0.20632042 → OUT: yawOffset=0.0 pitchOffset=0.0 hasFace=true
[2026-07-01 11:24:27] [hand_detect] IN: hand_detect 1920x1080 → OUT: detected=true landmarks=21 confidence=0.5991211
[2026-07-01 11:24:27] [gesture_analyze] IN: gesture_analyze type=none → OUT: gesture=none confidence=0.00 isRepeat=false
[2026-07-01 11:24:27] [KEYPOINTS] IN: handSide=left palmCenter=0.42001286149024963,0.07135782639185588 → OUT: 
[2026-07-01 11:24:27] [face_detect] IN: face_detect → OUT: detected=true landmarks=76 roll=0.15339808 pitch=-0.20632042 yaw=-0.030679615 (4188ms)
[2026-07-01 11:24:27] [mouth_detect] IN: mouth_detect ratio=0.4632272 → OUT: status=CLOSED confirmed=CLOSED
[2026-07-01 11:24:27] [gaze_estimate] IN: yaw=-0.030679615 pitch=-0.20632042 → OUT: yawOffset=0.0 pitchOffset=0.0 hasFace=true
[2026-07-01 11:24:27] [hand_detect] IN: hand_detect 1920x1080 → OUT: detected=true landmarks=21 confidence=0.5942383
[2026-07-01 11:24:27] [gesture_analyze] IN: gesture_analyze type=none → OUT: gesture=none confidence=0.00 isRepeat=false
[2026-07-01 11:24:27] [KEYPOINTS] IN: handSide=left palmCenter=0.4190818866093953,0.07126053174336751 → OUT: 
[2026-07-01 11:24:27] [face_detect] IN: face_detect → OUT: detected=true landmarks=76 roll=0.15339808 pitch=-0.20632042 yaw=-0.030679615 (5363ms)
[2026-07-01 11:24:27] [mouth_detect] IN: mouth_detect ratio=0.44614467 → OUT: status=CLOSED confirmed=CLOSED
[2026-07-01 11:24:27] [gaze_estimate] IN: yaw=-0.030679615 pitch=-0.20632042 → OUT: yawOffset=0.0 pitchOffset=0.0 hasFace=true
[2026-07-01 11:24:27] [hand_detect] IN: hand_detect 1920x1080 → OUT: detected=true landmarks=21 confidence=0.67333984
[2026-07-01 11:24:27] [gesture_analyze] IN: gesture_analyze type=none → OUT: gesture=none confidence=0.00 isRepeat=false
[2026-07-01 11:24:27] [KEYPOINTS] IN: handSide=left palmCenter=0.42063329617182416,0.06906680266062419 → OUT: 
[2026-07-01 11:24:27] [face_detect] IN: face_detect → OUT: detected=true landmarks=76 roll=0.049087387 pitch=-0.21399032 yaw=-0.03528156 (9141ms)
[2026-07-01 11:24:27] [mouth_detect] IN: mouth_detect ratio=0.43859 → OUT: status=CLOSED confirmed=CLOSED
[2026-07-01 11:24:27] [gaze_estimate] IN: yaw=-0.03528156 pitch=-0.21399032 → OUT: yawOffset=0.0 pitchOffset=0.0 hasFace=true
[2026-07-01 11:24:27] [hand_detect] IN: hand_detect 1920x1080 → OUT: detected=true landmarks=21 confidence=0.6201172
[2026-07-01 11:24:27] [gesture_analyze] IN: gesture_analyze type=none → OUT: gesture=none confidence=0.00 isRepeat=false
[2026-07-01 11:24:27] [KEYPOINTS] IN: handSide=left palmCenter=0.4186717967192332,0.0709616740544637 → OUT: 
[2026-07-01 11:24:27] [face_detect] IN: face_detect → OUT: detected=true landmarks=76 roll=0.049087387 pitch=-0.21399032 yaw=-0.03528156 (5614ms)
[2026-07-01 11:24:27] [mouth_detect] IN: mouth_detect ratio=0.45633057 → OUT: status=CLOSED confirmed=CLOSED
[2026-07-01 11:24:27] [gaze_estimate] IN: yaw=-0.03528156 pitch=-0.21399032 → OUT: yawOffset=0.0 pitchOffset=0.0 hasFace=true
[2026-07-01 11:24:27] [hand_detect] IN: hand_detect 1920x1080 → OUT: detected=true landmarks=21 confidence=0.6357422
[2026-07-01 11:24:27] [gesture_analyze] IN: gesture_analyze type=none → OUT: gesture=none confidence=0.00 isRepeat=false
[2026-07-01 11:24:27] [KEYPOINTS] IN: handSide=left palmCenter=0.4199989338715871,0.07134640216827393 → OUT: 
[2026-07-01 11:24:27] [face_detect] IN: face_detect → OUT: detected=true landmarks=76 roll=0.049087387 pitch=-0.21399032 yaw=-0.03528156 (4598ms)
[2026-07-01 11:24:27] [mouth_detect] IN: mouth_detect ratio=0.4304996 → OUT: status=CLOSED confirmed=CLOSED
[2026-07-01 11:24:27] [gaze_estimate] IN: yaw=-0.03528156 pitch=-0.21399032 → OUT: yawOffset=0.0 pitchOffset=0.0 hasFace=true
[2026-07-01 11:24:27] [hand_detect] IN: hand_detect 1920x1080 → OUT: detected=true landmarks=21 confidence=0.62939453
[2026-07-01 11:24:27] [gesture_analyze] IN: gesture_analyze type=none → OUT: gesture=none confidence=0.00 isRepeat=false
[2026-07-01 11:24:27] [KEYPOINTS] IN: handSide=left palmCenter=0.4194156030813853,0.07168259223302205 → OUT: 
[2026-07-01 11:24:27] [face_detect] IN: face_detect → OUT: detected=true landmarks=76 roll=0.049087387 pitch=-0.21399032 yaw=-0.03528156 (5035ms)
[2026-07-01 11:24:27] [mouth_detect] IN: mouth_detect ratio=0.44979742 → OUT: status=CLOSED confirmed=CLOSED
[2026-07-01 11:24:27] [gaze_estimate] IN: yaw=-0.03528156 pitch=-0.21399032 → OUT: yawOffset=0.0 pitchOffset=0.0 hasFace=true
[2026-07-01 11:24:27] [hand_detect] IN: hand_detect 1920x1080 → OUT: detected=true landmarks=21 confidence=0.6357422
[2026-07-01 11:24:27] [gesture_analyze] IN: gesture_analyze type=none → OUT: gesture=none confidence=0.00 isRepeat=false
[2026-07-01 11:24:27] [KEYPOINTS] IN: handSide=left palmCenter=0.4192721446355184,0.07196537653605144 → OUT: 
[2026-07-01 11:24:27] [face_detect] IN: face_detect → OUT: detected=true landmarks=76 roll=0.049087387 pitch=-0.21399032 yaw=-0.03528156 (5059ms)
[2026-07-01 11:24:27] [mouth_detect] IN: mouth_detect ratio=0.43948454 → OUT: status=CLOSED confirmed=CLOSED
[2026-07-01 11:24:27] [gaze_estimate] IN: yaw=-0.03528156 pitch=-0.21399032 → OUT: yawOffset=0.0 pitchOffset=0.0 hasFace=true
[2026-07-01 11:24:27] [hand_detect] IN: hand_detect 1920x1080 → OUT: detected=true landmarks=21 confidence=0.66503906
[2026-07-01 11:24:27] [gesture_analyze] IN: gesture_analyze type=none → OUT: gesture=none confidence=0.00 isRepeat=false
[2026-07-01 11:24:27] [KEYPOINTS] IN: handSide=left palmCenter=0.4187486966451009,0.06808173656463623 → OUT: 
[2026-07-01 11:24:27] [face_detect] IN: face_detect → OUT: detected=true landmarks=76 roll=0.049087387 pitch=-0.21399032 yaw=-0.03528156 (5652ms)
[2026-07-01 11:24:27] [mouth_detect] IN: mouth_detect ratio=0.43629485 → OUT: status=CLOSED confirmed=CLOSED
[2026-07-01 11:24:27] [gaze_estimate] IN: yaw=-0.03528156 pitch=-0.21399032 → OUT: yawOffset=0.0 pitchOffset=0.0 hasFace=true
[2026-07-01 11:24:27] [hand_detect] IN: hand_detect 1920x1080 → OUT: detected=true landmarks=21 confidence=0.68066406
[2026-07-01 11:24:27] [gesture_analyze] IN: gesture_analyze type=none → OUT: gesture=none confidence=0.00 isRepeat=false
[2026-07-01 11:24:27] [KEYPOINTS] IN: handSide=left palmCenter=0.4194323619206746,0.06775877873102824 → OUT: 
[2026-07-01 11:24:27] [face_detect] IN: face_detect → OUT: detected=true landmarks=76 roll=0.049087387 pitch=-0.21399032 yaw=-0.03528156 (5298ms)
[2026-07-01 11:24:27] [mouth_detect] IN: mouth_detect ratio=0.43633455 → OUT: status=CLOSED confirmed=CLOSED
[2026-07-01 11:24:27] [gaze_estimate] IN: yaw=-0.03528156 pitch=-0.21399032 → OUT: yawOffset=0.0 pitchOffset=0.0 hasFace=true
[2026-07-01 11:24:27] [hand_detect] IN: hand_detect 1920x1080 → OUT: detected=true landmarks=21 confidence=0.6635742
[2026-07-01 11:24:27] [gesture_analyze] IN: gesture_analyze type=none → OUT: gesture=none confidence=0.00 isRepeat=false
[2026-07-01 11:24:27] [KEYPOINTS] IN: handSide=left palmCenter=0.41967854897181195,0.06891169150670369 → OUT: 
[2026-07-01 11:24:27] [face_detect] IN: face_detect → OUT: detected=true landmarks=76 roll=0.049087387 pitch=-0.21399032 yaw=-0.03528156 (5039ms)
[2026-07-01 11:24:27] [mouth_detect] IN: mouth_detect ratio=0.44353926 → OUT: status=CLOSED confirmed=CLOSED
[2026-07-01 11:24:27] [gaze_estimate] IN: yaw=-0.03528156 pitch=-0.21399032 → OUT: yawOffset=0.0 pitchOffset=0.0 hasFace=true
[2026-07-01 11:24:27] [hand_detect] IN: hand_detect 1920x1080 → OUT: detected=true landmarks=21 confidence=0.6298828
[2026-07-01 11:24:27] [gesture_analyze] IN: gesture_analyze type=none → OUT: gesture=none confidence=0.00 isRepeat=false
[2026-07-01 11:24:27] [KEYPOINTS] IN: handSide=left palmCenter=0.4190008342266083,0.06823454300562541 → OUT: 
[2026-07-01 11:24:27] [face_detect] IN: face_detect → OUT: detected=true landmarks=76 roll=0.049087387 pitch=-0.21399032 yaw=-0.03528156 (4876ms)
[2026-07-01 11:24:27] [mouth_detect] IN: mouth_detect ratio=0.4376833 → OUT: status=CLOSED confirmed=CLOSED
[2026-07-01 11:24:27] [gaze_estimate] IN: yaw=-0.03528156 pitch=-0.21399032 → OUT: yawOffset=0.0 pitchOffset=0.0 hasFace=true
[2026-07-01 11:24:27] [hand_detect] IN: hand_detect 1920x1080 → OUT: detected=true landmarks=21 confidence=0.64990234
[2026-07-01 11:24:27] [gesture_analyze] IN: gesture_analyze type=none → OUT: gesture=none confidence=0.00 isRepeat=false
[2026-07-01 11:24:27] [KEYPOINTS] IN: handSide=left palmCenter=0.41962718963623047,0.06925511360168457 → OUT: 
[2026-07-01 11:24:27] [face_detect] IN: face_detect → OUT: detected=true landmarks=76 roll=0.049087387 pitch=-0.21399032 yaw=-0.03528156 (6207ms)
[2026-07-01 11:24:27] [mouth_detect] IN: mouth_detect ratio=0.43208593 → OUT: status=CLOSED confirmed=CLOSED
[2026-07-01 11:24:27] [gaze_estimate] IN: yaw=-0.03528156 pitch=-0.21399032 → OUT: yawOffset=0.0 pitchOffset=0.0 hasFace=true
[2026-07-01 11:24:27] [hand_detect] IN: hand_detect 1920x1080 → OUT: detected=true landmarks=21 confidence=0.6582031
[2026-07-01 11:24:27] [gesture_analyze] IN: gesture_analyze type=none → OUT: gesture=none confidence=0.00 isRepeat=false
[2026-07-01 11:24:27] [KEYPOINTS] IN: handSide=left palmCenter=0.41973962386449176,0.06864507993062337 → OUT: 
[2026-07-01 11:24:27] [face_detect] IN: face_detect → OUT: detected=true landmarks=76 roll=0.049087387 pitch=-0.21399032 yaw=-0.03528156 (4557ms)
[2026-07-01 11:24:27] [mouth_detect] IN: mouth_detect ratio=0.452245 → OUT: status=CLOSED confirmed=CLOSED
[2026-07-01 11:24:27] [gaze_estimate] IN: yaw=-0.03528156 pitch=-0.21399032 → OUT: yawOffset=0.0 pitchOffset=0.0 hasFace=true
[2026-07-01 11:24:27] [hand_detect] IN: hand_detect 1920x1080 → OUT: detected=true landmarks=21 confidence=0.65527344
[2026-07-01 11:24:27] [gesture_analyze] IN: gesture_analyze type=none → OUT: gesture=none confidence=0.00 isRepeat=false
[2026-07-01 11:24:27] [KEYPOINTS] IN: handSide=left palmCenter=0.4198577205340068,0.07076404492060344 → OUT: 
[2026-07-01 11:24:27] [face_detect] IN: face_detect → OUT: detected=true landmarks=76 roll=0.049087387 pitch=-0.21399032 yaw=-0.03528156 (4405ms)
[2026-07-01 11:24:27] [mouth_detect] IN: mouth_detect ratio=0.44200397 → OUT: status=CLOSED confirmed=CLOSED
[2026-07-01 11:24:27] [gaze_estimate] IN: yaw=-0.03528156 pitch=-0.21399032 → OUT: yawOffset=0.0 pitchOffset=0.0 hasFace=true
[2026-07-01 11:24:27] [hand_detect] IN: hand_detect 1920x1080 → OUT: detected=true landmarks=21 confidence=0.6767578
[2026-07-01 11:24:27] [gesture_analyze] IN: gesture_analyze type=none → OUT: gesture=none confidence=0.00 isRepeat=false
[2026-07-01 11:24:27] [KEYPOINTS] IN: handSide=left palmCenter=0.4197947084903717,0.07238368193308513 → OUT: 
[2026-07-01 11:24:27] [face_detect] IN: face_detect → OUT: detected=true landmarks=76 roll=0.049087387 pitch=-0.21399032 yaw=-0.03528156 (4782ms)
[2026-07-01 11:24:27] [mouth_detect] IN: mouth_detect ratio=0.43403226 → OUT: status=CLOSED confirmed=CLOSED
[2026-07-01 11:24:27] [gaze_estimate] IN: yaw=-0.03528156 pitch=-0.21399032 → OUT: yawOffset=0.0 pitchOffset=0.0 hasFace=true
[2026-07-01 11:24:27] [axScan] IN: windows=5 → OUT: raw=433 visible=417 [pid2479=1 pid2480=9 pid61336=31 pid79582=346 pid2478=30] (662ms)
[2026-07-01 11:24:27] [axEl] IN: pid=61336 role=AXButton → OUT: title= frame=(901,117,20,20) (0ms)
[2026-07-01 11:24:27] [axEl] IN: pid=61336 role=AXScrollBar → OUT: title= frame=(901,135,19,338) (0ms)
[2026-07-01 11:24:27] [axEl] IN: pid=61336 role=AXButton → OUT: title= frame=(905,139,11,310) (0ms)
[2026-07-01 11:24:27] [axEl] IN: pid=61336 role=AXButton → OUT: title= frame=(410,95,16,16) (0ms)
[2026-07-01 11:24:27] [axEl] IN: pid=61336 role=AXButton → OUT: title= frame=(456,95,16,16) (0ms)
[2026-07-01 11:24:27] [axEl] IN: pid=61336 role=AXButton → OUT: title= frame=(433,95,16,16) (0ms)
[2026-07-01 11:24:27] [axEl] IN: pid=61336 role=AXImage → OUT: title=diqibadao frame=(483,93,18,18) (0ms)
[2026-07-01 11:24:27] [axEl] IN: pid=61336 role=AXStaticText → OUT: title= frame=(502,95,407,16) (0ms)
[2026-07-01 11:24:27] [axEl] IN: pid=61336 role=AXButton → OUT: title= frame=(918,674,20,20) (0ms)
[2026-07-01 11:24:27] [axEl] IN: pid=61336 role=AXScrollBar → OUT: title= frame=(918,692,19,338) (0ms)
[2026-07-01 11:24:27] [axEl] IN: pid=61336 role=AXButton → OUT: title= frame=(922,696,11,310) (0ms)
[2026-07-01 11:24:27] [axEl] IN: pid=61336 role=AXButton → OUT: title= frame=(427,652,16,16) (0ms)
[2026-07-01 11:24:27] [axEl] IN: pid=61336 role=AXButton → OUT: title= frame=(473,652,16,16) (0ms)
[2026-07-01 11:24:27] [axEl] IN: pid=61336 role=AXButton → OUT: title= frame=(450,652,16,16) (0ms)
[2026-07-01 11:24:27] [axEl] IN: pid=61336 role=AXImage → OUT: title=diqibadao frame=(500,650,18,18) (0ms)
[2026-07-01 11:24:27] [axEl] IN: pid=61336 role=AXStaticText → OUT: title= frame=(519,652,241,16) (0ms)
[2026-07-01 11:24:27] [axEl] IN: pid=61336 role=AXButton → OUT: title= frame=(872,88,20,20) (0ms)
[2026-07-01 11:24:27] [axEl] IN: pid=61336 role=AXScrollBar → OUT: title= frame=(872,106,19,338) (0ms)
[2026-07-01 11:24:27] [axEl] IN: pid=61336 role=AXButton → OUT: title= frame=(876,110,11,310) (0ms)
[2026-07-01 11:24:27] [axEl] IN: pid=61336 role=AXButton → OUT: title= frame=(381,66,16,16) (0ms)
[2026-07-01 11:24:27] [axEl] IN: pid=61336 role=AXButton → OUT: title= frame=(427,66,16,16) (0ms)
[2026-07-01 11:24:27] [axEl] IN: pid=61336 role=AXButton → OUT: title= frame=(404,66,16,16) (0ms)
[2026-07-01 11:24:27] [axEl] IN: pid=61336 role=AXImage → OUT: title=diqibadao frame=(454,64,18,18) (0ms)
[2026-07-01 11:24:27] [axEl] IN: pid=61336 role=AXStaticText → OUT: title= frame=(473,66,241,16) (0ms)
[2026-07-01 11:24:27] [axEl] IN: pid=61336 role=AXMenuBarItem → OUT: title=Apple frame=(10,0,34,30) (0ms)
[2026-07-01 11:24:27] [axEl] IN: pid=61336 role=AXMenuBarItem → OUT: title=终端 frame=(43,0,47,30) (0ms)
[2026-07-01 11:24:27] [axEl] IN: pid=61336 role=AXMenuBarItem → OUT: title=Shell frame=(89,0,50,30) (0ms)
[2026-07-01 11:24:27] [axEl] IN: pid=61336 role=AXMenuBarItem → OUT: title=编辑 frame=(138,0,47,30) (0ms)
[2026-07-01 11:24:27] [axEl] IN: pid=61336 role=AXMenuBarItem → OUT: title=显示 frame=(184,0,47,30) (0ms)
[2026-07-01 11:24:27] [axEl] IN: pid=61336 role=AXMenuBarItem → OUT: title=窗口 frame=(230,0,47,30) (0ms)
[2026-07-01 11:24:27] [axEl] IN: pid=61336 role=AXMenuBarItem → OUT: title=帮助 frame=(276,0,47,30) (0ms)
[2026-07-01 11:24:27] [axEl] IN: pid=79582 role=AXLink → OUT: title=跳到输入框 frame=(1390,36,83,35) (0ms)
[2026-07-01 11:24:27] [axEl] IN: pid=79582 role=AXStaticText → OUT: title= frame=(1402,45,59,17) (0ms)
[2026-07-01 11:24:27] [axEl] IN: pid=79582 role=AXImage → OUT: title= frame=(1019,123,118,28) (0ms)
[2026-07-01 11:24:27] [axEl] IN: pid=79582 role=AXButton → OUT: title=新建对话 frame=(1026,173,240,38) (0ms)
[2026-07-01 11:24:27] [axEl] IN: pid=79582 role=AXStaticText → OUT: title= frame=(1032,226,25,18) (0ms)
[2026-07-01 11:24:27] [axEl] IN: pid=79582 role=AXButton → OUT: title=技能 frame=(1026,255,240,30) (0ms)
[2026-07-01 11:24:27] [axEl] IN: pid=79582 role=AXButton → OUT: title=记忆 frame=(1026,289,240,30) (0ms)
[2026-07-01 11:24:27] [axEl] IN: pid=79582 role=AXButton → OUT: title=消息通道 frame=(1026,323,240,30) (0ms)
[2026-07-01 11:24:27] [axEl] IN: pid=79582 role=AXButton → OUT: title=自动化 frame=(1026,357,240,30) (0ms)
[2026-07-01 11:24:27] [axEl] IN: pid=79582 role=AXStaticText → OUT: title= frame=(1032,411,26,18) (0ms)
[2026-07-01 11:24:27] [axEl] IN: pid=79582 role=AXPopUpButton → OUT: title=按时间筛选 frame=(1174,408,24,22) (0ms)
[2026-07-01 11:24:27] [axEl] IN: pid=79582 role=AXCheckBox → OUT: title=收起所有项目 frame=(1204,408,22,22) (0ms)
[2026-07-01 11:24:27] [axEl] IN: pid=79582 role=AXButton → OUT: title=添加新项目 frame=(1235,408,22,22) (0ms)
[2026-07-01 11:24:27] [axEl] IN: pid=79582 role=AXButton → OUT: title=Global frame=(1028,446,204,32) (0ms)
[2026-07-01 11:24:27] [axEl] IN: pid=79582 role=AXButton → OUT: title=新建会话 frame=(1238,450,24,24) (0ms)
[2026-07-01 11:24:27] [axEl] IN: pid=79582 role=AXButton → OUT: title=已粘贴文本 #3 · 71 行] … frame=(1044,483,219,23) (0ms)
[2026-07-01 11:24:27] [axEl] IN: pid=79582 role=AXButton → OUT: title=调研技术方案 @.reasonix… frame=(1044,508,219,23) (0ms)
[2026-07-01 11:24:27] [axEl] IN: pid=79582 role=AXButton → OUT: title=光标控制和手势控制的启动关闭按钮呢 … frame=(1044,533,219,23) (0ms)
[2026-07-01 11:24:27] [axEl] IN: pid=79582 role=AXButton → OUT: title=光标控制和手势控制的启动关闭按钮呢 … frame=(1044,558,219,23) (0ms)
[2026-07-01 11:24:27] [axEl] IN: pid=79582 role=AXButton → OUT: title=新的会话 frame=(1044,583,219,28) (0ms)
[2026-07-01 11:24:27] [axEl] IN: pid=79582 role=AXButton → OUT: title=嗨 你好啊 frame=(1044,613,219,24) (0ms)
[2026-07-01 11:24:27] [axEl] IN: pid=79582 role=AXButton → OUT: title=global会话卡住了 看看啥情况 frame=(1044,638,219,24) (0ms)
[2026-07-01 11:24:27] [axEl] IN: pid=79582 role=AXButton → OUT: title=<memory-compiler-e… frame=(1044,663,219,24) (0ms)
[2026-07-01 11:24:27] [axEl] IN: pid=79582 role=AXButton → OUT: title=自然识别App调研，你看看我的桌面这… frame=(1044,688,219,24) (0ms)
[2026-07-01 11:24:27] [axEl] IN: pid=79582 role=AXButton → OUT: title=我使用的飞鸟加速外网好慢啊 检查下可… frame=(1044,713,219,24) (0ms)
[2026-07-01 11:24:27] [axEl] IN: pid=79582 role=AXButton → OUT: title=<active-goal> 我感觉c… frame=(1044,738,219,24) (0ms)
[2026-07-01 11:24:27] [axEl] IN: pid=79582 role=AXCheckBox → OUT: title=搜索项目或会话 frame=(1026,956,56,30) (0ms)
[2026-07-01 11:24:27] [axEl] IN: pid=79582 role=AXButton → OUT: title= frame=(1087,956,56,30) (0ms)
[2026-07-01 11:24:27] [axEl] IN: pid=79582 role=AXButton → OUT: title= frame=(1149,956,56,30) (0ms)
[2026-07-01 11:24:27] [axEl] IN: pid=79582 role=AXButton → OUT: title= frame=(1210,956,56,30) (0ms)
[2026-07-01 11:24:27] [axEl] IN: pid=79582 role=AXCheckBox → OUT: title=收起导航 frame=(1265,517,26,47) (0ms)
[2026-07-01 11:24:27] [axEl] IN: pid=79582 role=AXHeading → OUT: title=重命名会话 frame=(1296,103,176,19) (0ms)
[2026-07-01 11:24:27] [axEl] IN: pid=79582 role=AXButton → OUT: title=重命名会话 frame=(1296,103,176,19) (0ms)
[2026-07-01 11:24:27] [axEl] IN: pid=79582 role=AXButton → OUT: title=复制会话 frame=(1621,102,30,28) (0ms)
[2026-07-01 11:24:27] [axEl] IN: pid=79582 role=AXPopUpButton → OUT: title=导出会话 frame=(1657,102,30,28) (0ms)
[2026-07-01 11:24:27] [axEl] IN: pid=79582 role=AXCheckBox → OUT: title=改动 frame=(1693,102,30,28) (0ms)
[2026-07-01 11:24:27] [axEl] IN: pid=79582 role=AXButton → OUT: title=键盘快捷键 frame=(1729,102,30,28) (0ms)
[2026-07-01 11:24:27] [axEl] IN: pid=79582 role=AXButton → OUT: title=命令 frame=(1765,102,30,28) (0ms)
[2026-07-01 11:24:27] [axEl] IN: pid=79582 role=AXCheckBox → OUT: title=展开工作区 frame=(1801,102,30,28) (0ms)
[2026-07-01 11:24:27] [axEl] IN: pid=79582 role=AXStaticText → OUT: title= frame=(1362,1,24,16) (0ms)
[2026-07-01 11:24:27] [axEl] IN: pid=79582 role=AXStaticText → OUT: title= frame=(1428,1,9,16) (0ms)
[2026-07-01 11:24:27] [axEl] IN: pid=79582 role=AXStaticText → OUT: title= frame=(1453,1,264,16) (0ms)
[2026-07-01 11:24:27] [axEl] IN: pid=79582 role=AXStaticText → OUT: title= frame=(1362,21,24,15) (0ms)
[2026-07-01 11:24:27] [axEl] IN: pid=79582 role=AXStaticText → OUT: title= frame=(1399,21,24,15) (0ms)
[2026-07-01 11:24:27] [axEl] IN: pid=79582 role=AXStaticText → OUT: title= frame=(1453,21,102,15) (0ms)
[2026-07-01 11:24:27] [axEl] IN: pid=79582 role=AXStaticText → OUT: title= frame=(1362,40,24,16) (0ms)
[2026-07-01 11:24:27] [axEl] IN: pid=79582 role=AXStaticText → OUT: title= frame=(1399,40,24,16) (0ms)
[2026-07-01 11:24:27] [axEl] IN: pid=79582 role=AXStaticText → OUT: title= frame=(1453,40,233,16) (0ms)
[2026-07-01 11:24:27] [axEl] IN: pid=79582 role=AXStaticText → OUT: title= frame=(1362,59,24,16) (0ms)
[2026-07-01 11:24:27] [axEl] IN: pid=79582 role=AXStaticText → OUT: title= frame=(1399,59,24,16) (0ms)
[2026-07-01 11:24:27] [axEl] IN: pid=79582 role=AXButton → OUT: title= frame=(1342,7,234,28) (0ms)
[2026-07-01 11:24:27] [axEl] IN: pid=79582 role=AXButton → OUT: title= frame=(1342,37,514,28) (0ms)
[2026-07-01 11:24:27] [axEl] IN: pid=79582 role=AXButton → OUT: title= frame=(1316,13,495,18) (0ms)
[2026-07-01 11:24:27] [axEl] IN: pid=79582 role=AXButton → OUT: title= frame=(1342,41,507,29) (0ms)
[2026-07-01 11:24:27] [axEl] IN: pid=79582 role=AXStaticText → OUT: title= frame=(1362,76,24,16) (0ms)
[2026-07-01 11:24:27] [axEl] IN: pid=79582 role=AXStaticText → OUT: title= frame=(1399,76,24,16) (0ms)
[2026-07-01 11:24:27] [axEl] IN: pid=79582 role=AXStaticText → OUT: title= frame=(1362,95,24,16) (0ms)
[2026-07-01 11:24:27] [axEl] IN: pid=79582 role=AXStaticText → OUT: title= frame=(1399,95,24,16) (0ms)
[2026-07-01 11:24:27] [axEl] IN: pid=79582 role=AXStaticText → OUT: title= frame=(1453,95,387,16) (0ms)
[2026-07-01 11:24:27] [axEl] IN: pid=79582 role=AXStaticText → OUT: title= frame=(1362,115,24,15) (0ms)
[2026-07-01 11:24:27] [axEl] IN: pid=79582 role=AXStaticText → OUT: title= frame=(1399,115,24,15) (0ms)
[2026-07-01 11:24:27] [axEl] IN: pid=79582 role=AXStaticText → OUT: title= frame=(1453,115,217,15) (0ms)
[2026-07-01 11:24:27] [axEl] IN: pid=79582 role=AXStaticText → OUT: title= frame=(1362,134,24,16) (0ms)
[2026-07-01 11:24:27] [axEl] IN: pid=79582 role=AXStaticText → OUT: title= frame=(1428,134,9,16) (0ms)
[2026-07-01 11:24:27] [axEl] IN: pid=79582 role=AXStaticText → OUT: title= frame=(1453,134,432,16) (0ms)
[2026-07-01 11:24:27] [axEl] IN: pid=79582 role=AXStaticText → OUT: title= frame=(1362,154,24,15) (0ms)
[2026-07-01 11:24:27] [axEl] IN: pid=79582 role=AXStaticText → OUT: title= frame=(1428,154,9,15) (0ms)
[2026-07-01 11:24:27] [axEl] IN: pid=79582 role=AXStaticText → OUT: title= frame=(1453,154,295,15) (0ms)
[2026-07-01 11:24:27] [axEl] IN: pid=79582 role=AXStaticText → OUT: title= frame=(1362,173,24,16) (0ms)
[2026-07-01 11:24:27] [axEl] IN: pid=79582 role=AXStaticText → OUT: title= frame=(1428,173,9,16) (0ms)
[2026-07-01 11:24:27] [axEl] IN: pid=79582 role=AXStaticText → OUT: title= frame=(1453,173,264,16) (0ms)
[2026-07-01 11:24:27] [axEl] IN: pid=79582 role=AXStaticText → OUT: title= frame=(1362,192,24,16) (0ms)
[2026-07-01 11:24:27] [axEl] IN: pid=79582 role=AXStaticText → OUT: title= frame=(1428,192,9,16) (0ms)
[2026-07-01 11:24:27] [axEl] IN: pid=79582 role=AXStaticText → OUT: title= frame=(1453,192,727,16) (0ms)
[2026-07-01 11:24:27] [axEl] IN: pid=79582 role=AXStaticText → OUT: title= frame=(1362,212,24,15) (0ms)
[2026-07-01 11:24:27] [axEl] IN: pid=79582 role=AXStaticText → OUT: title= frame=(1428,212,9,15) (0ms)
[2026-07-01 11:24:27] [axEl] IN: pid=79582 role=AXStaticText → OUT: title= frame=(1453,212,836,15) (0ms)
[2026-07-01 11:24:27] [axEl] IN: pid=79582 role=AXStaticText → OUT: title= frame=(1362,231,24,16) (0ms)
[2026-07-01 11:24:27] [axEl] IN: pid=79582 role=AXStaticText → OUT: title= frame=(1428,231,9,16) (0ms)
[2026-07-01 11:24:27] [axEl] IN: pid=79582 role=AXStaticText → OUT: title= frame=(1453,231,187,16) (0ms)
[2026-07-01 11:24:27] [axEl] IN: pid=79582 role=AXStaticText → OUT: title= frame=(1362,250,24,16) (0ms)
[2026-07-01 11:24:27] [axEl] IN: pid=79582 role=AXStaticText → OUT: title= frame=(1428,250,9,16) (0ms)
[2026-07-01 11:24:27] [axEl] IN: pid=79582 role=AXStaticText → OUT: title= frame=(1453,250,310,16) (0ms)
[2026-07-01 11:24:27] [axEl] IN: pid=79582 role=AXStaticText → OUT: title= frame=(1362,270,24,15) (0ms)
[2026-07-01 11:24:27] [axEl] IN: pid=79582 role=AXStaticText → OUT: title= frame=(1428,270,9,15) (0ms)
[2026-07-01 11:24:27] [axEl] IN: pid=79582 role=AXStaticText → OUT: title= frame=(1453,270,295,15) (0ms)
[2026-07-01 11:24:27] [axEl] IN: pid=79582 role=AXStaticText → OUT: title= frame=(1362,289,24,16) (0ms)
[2026-07-01 11:24:27] [axEl] IN: pid=79582 role=AXStaticText → OUT: title= frame=(1428,289,9,16) (0ms)
[2026-07-01 11:24:27] [axEl] IN: pid=79582 role=AXStaticText → OUT: title= frame=(1453,289,295,16) (0ms)
[2026-07-01 11:24:27] [axEl] IN: pid=79582 role=AXStaticText → OUT: title= frame=(1362,309,24,15) (0ms)
[2026-07-01 11:24:27] [axEl] IN: pid=79582 role=AXStaticText → OUT: title= frame=(1428,309,9,15) (0ms)
[2026-07-01 11:24:27] [axEl] IN: pid=79582 role=AXStaticText → OUT: title= frame=(1453,309,132,15) (0ms)
[2026-07-01 11:24:27] [axEl] IN: pid=79582 role=AXStaticText → OUT: title= frame=(1362,328,24,16) (0ms)
[2026-07-01 11:24:27] [axEl] IN: pid=79582 role=AXStaticText → OUT: title= frame=(1428,328,9,16) (0ms)
[2026-07-01 11:24:27] [axEl] IN: pid=79582 role=AXStaticText → OUT: title= frame=(1453,328,102,16) (0ms)
[2026-07-01 11:24:27] [axEl] IN: pid=79582 role=AXStaticText → OUT: title= frame=(1362,347,24,16) (0ms)
[2026-07-01 11:24:27] [axEl] IN: pid=79582 role=AXStaticText → OUT: title= frame=(1399,347,24,16) (0ms)
[2026-07-01 11:24:27] [axEl] IN: pid=79582 role=AXStaticText → OUT: title= frame=(1453,347,626,16) (0ms)
[2026-07-01 11:24:27] [axEl] IN: pid=79582 role=AXStaticText → OUT: title= frame=(1362,367,24,15) (0ms)
[2026-07-01 11:24:27] [axEl] IN: pid=79582 role=AXStaticText → OUT: title= frame=(1399,367,24,15) (0ms)
[2026-07-01 11:24:27] [axEl] IN: pid=79582 role=AXStaticText → OUT: title= frame=(1453,367,489,15) (0ms)
[2026-07-01 11:24:27] [axEl] IN: pid=79582 role=AXStaticText → OUT: title= frame=(1362,386,24,16) (0ms)
[2026-07-01 11:24:27] [axEl] IN: pid=79582 role=AXStaticText → OUT: title= frame=(1399,386,24,16) (0ms)
[2026-07-01 11:24:27] [axEl] IN: pid=79582 role=AXStaticText → OUT: title= frame=(1453,386,341,16) (0ms)
[2026-07-01 11:24:27] [axEl] IN: pid=79582 role=AXButton → OUT: title=深度思考 frame=(1316,56,69,19) (0ms)
[2026-07-01 11:24:27] [axEl] IN: pid=79582 role=AXButton → OUT: title= frame=(1316,86,167,25) (0ms)
[2026-07-01 11:24:27] [axEl] IN: pid=79582 role=AXButton → OUT: title= frame=(1316,131,495,19) (0ms)
[2026-07-01 11:24:27] [axEl] IN: pid=79582 role=AXButton → OUT: title= frame=(1342,159,513,29) (0ms)
[2026-07-01 11:24:27] [axEl] IN: pid=79582 role=AXButton → OUT: title=深度思考 frame=(1316,174,69,19) (0ms)
[2026-07-01 11:24:27] [axEl] IN: pid=79582 role=AXStaticText → OUT: title= frame=(1316,204,449,21) (0ms)
[2026-07-01 11:24:27] [axEl] IN: pid=79582 role=AXButton → OUT: title= frame=(1316,246,167,25) (0ms)
[2026-07-01 11:24:27] [axEl] IN: pid=79582 role=AXButton → OUT: title= frame=(1316,249,495,19) (0ms)
[2026-07-01 11:24:27] [axEl] IN: pid=79582 role=AXButton → OUT: title= frame=(1342,277,165,29) (0ms)
[2026-07-01 11:24:27] [axEl] IN: pid=79582 role=AXButton → OUT: title=深度思考 frame=(1316,293,69,19) (0ms)
[2026-07-01 11:24:27] [axEl] IN: pid=79582 role=AXButton → OUT: title= frame=(1316,322,167,25) (0ms)
[2026-07-01 11:24:27] [axEl] IN: pid=79582 role=AXButton → OUT: title= frame=(1316,367,495,19) (0ms)
[2026-07-01 11:24:27] [axEl] IN: pid=79582 role=AXButton → OUT: title= frame=(1342,395,290,29) (0ms)
[2026-07-01 11:24:27] [axEl] IN: pid=79582 role=AXButton → OUT: title=深度思考 frame=(1316,411,69,19) (0ms)
[2026-07-01 11:24:27] [axEl] IN: pid=79582 role=AXButton → OUT: title= frame=(1316,440,167,25) (0ms)
[2026-07-01 11:24:27] [axEl] IN: pid=79582 role=AXButton → OUT: title= frame=(1316,485,495,19) (0ms)
[2026-07-01 11:24:27] [axEl] IN: pid=79582 role=AXButton → OUT: title= frame=(1342,513,507,29) (0ms)
[2026-07-01 11:24:27] [axEl] IN: pid=79582 role=AXStaticText → OUT: title= frame=(1370,549,16,15) (0ms)
[2026-07-01 11:24:27] [axEl] IN: pid=79582 role=AXStaticText → OUT: title= frame=(1407,549,16,15) (0ms)
[2026-07-01 11:24:27] [axEl] IN: pid=79582 role=AXStaticText → OUT: title= frame=(1453,549,426,15) (0ms)
[2026-07-01 11:24:27] [axEl] IN: pid=79582 role=AXStaticText → OUT: title= frame=(1370,568,16,16) (0ms)
[2026-07-01 11:24:27] [axEl] IN: pid=79582 role=AXStaticText → OUT: title= frame=(1407,568,16,16) (0ms)
[2026-07-01 11:24:27] [axEl] IN: pid=79582 role=AXStaticText → OUT: title= frame=(1453,568,449,16) (0ms)
[2026-07-01 11:24:27] [axEl] IN: pid=79582 role=AXStaticText → OUT: title= frame=(1370,588,16,15) (0ms)
[2026-07-01 11:24:27] [axEl] IN: pid=79582 role=AXStaticText → OUT: title= frame=(1407,588,16,15) (0ms)
[2026-07-01 11:24:27] [axEl] IN: pid=79582 role=AXStaticText → OUT: title= frame=(1453,588,380,15) (0ms)
[2026-07-01 11:24:27] [axEl] IN: pid=79582 role=AXStaticText → OUT: title= frame=(1370,607,16,16) (0ms)
[2026-07-01 11:24:27] [axEl] IN: pid=79582 role=AXStaticText → OUT: title= frame=(1428,607,9,16) (0ms)
[2026-07-01 11:24:27] [axEl] IN: pid=79582 role=AXStaticText → OUT: title= frame=(1453,607,380,16) (0ms)
[2026-07-01 11:24:27] [axEl] IN: pid=79582 role=AXStaticText → OUT: title= frame=(1362,626,24,16) (0ms)
[2026-07-01 11:24:27] [axEl] IN: pid=79582 role=AXStaticText → OUT: title= frame=(1407,626,16,16) (0ms)
[2026-07-01 11:24:27] [axEl] IN: pid=79582 role=AXStaticText → OUT: title= frame=(1453,626,380,16) (0ms)
[2026-07-01 11:24:27] [axEl] IN: pid=79582 role=AXStaticText → OUT: title= frame=(1362,646,24,15) (0ms)
[2026-07-01 11:24:27] [axEl] IN: pid=79582 role=AXStaticText → OUT: title= frame=(1399,646,24,15) (0ms)
[2026-07-01 11:24:27] [axEl] IN: pid=79582 role=AXStaticText → OUT: title= frame=(1453,646,434,15) (0ms)
[2026-07-01 11:24:27] [axEl] IN: pid=79582 role=AXStaticText → OUT: title= frame=(1362,665,24,16) (0ms)
[2026-07-01 11:24:27] [axEl] IN: pid=79582 role=AXStaticText → OUT: title= frame=(1399,665,24,16) (0ms)
[2026-07-01 11:24:27] [axEl] IN: pid=79582 role=AXStaticText → OUT: title= frame=(1453,665,349,16) (0ms)
[2026-07-01 11:24:27] [axEl] IN: pid=79582 role=AXButton → OUT: title=深度思考 frame=(1316,529,69,19) (0ms)
[2026-07-01 11:24:27] [axEl] IN: pid=79582 role=AXButton → OUT: title= frame=(1316,558,167,25) (0ms)
[2026-07-01 11:24:27] [axEl] IN: pid=79582 role=AXButton → OUT: title= frame=(1316,603,495,19) (0ms)
[2026-07-01 11:24:27] [axEl] IN: pid=79582 role=AXButton → OUT: title= frame=(1342,632,514,29) (0ms)
[2026-07-01 11:24:27] [axEl] IN: pid=79582 role=AXStaticText → OUT: title= frame=(1362,0,24,15) (0ms)
[2026-07-01 11:24:27] [axEl] IN: pid=79582 role=AXStaticText → OUT: title= frame=(1428,0,9,15) (0ms)
[2026-07-01 11:24:27] [axEl] IN: pid=79582 role=AXStaticText → OUT: title= frame=(1453,0,496,15) (0ms)
[2026-07-01 11:24:27] [axEl] IN: pid=79582 role=AXStaticText → OUT: title= frame=(1362,19,24,16) (0ms)
[2026-07-01 11:24:27] [axEl] IN: pid=79582 role=AXStaticText → OUT: title= frame=(1428,19,9,16) (0ms)
[2026-07-01 11:24:27] [axEl] IN: pid=79582 role=AXStaticText → OUT: title= frame=(1453,19,71,16) (0ms)
[2026-07-01 11:24:27] [axEl] IN: pid=79582 role=AXStaticText → OUT: title= frame=(1399,38,24,16) (0ms)
[2026-07-01 11:24:27] [axEl] IN: pid=79582 role=AXStaticText → OUT: title= frame=(1428,38,9,16) (0ms)
[2026-07-01 11:24:27] [axEl] IN: pid=79582 role=AXStaticText → OUT: title= frame=(1453,38,256,16) (0ms)
[2026-07-01 11:24:27] [axEl] IN: pid=79582 role=AXStaticText → OUT: title= frame=(1399,58,24,15) (0ms)
[2026-07-01 11:24:27] [axEl] IN: pid=79582 role=AXStaticText → OUT: title= frame=(1428,58,9,15) (0ms)
[2026-07-01 11:24:27] [axEl] IN: pid=79582 role=AXStaticText → OUT: title= frame=(1453,58,233,15) (0ms)
[2026-07-01 11:24:27] [axEl] IN: pid=79582 role=AXStaticText → OUT: title= frame=(1362,77,24,16) (0ms)
[2026-07-01 11:24:27] [axEl] IN: pid=79582 role=AXStaticText → OUT: title= frame=(1399,77,24,16) (0ms)
[2026-07-01 11:24:27] [axEl] IN: pid=79582 role=AXStaticText → OUT: title= frame=(1453,77,202,16) (0ms)
[2026-07-01 11:24:27] [axEl] IN: pid=79582 role=AXStaticText → OUT: title= frame=(1362,97,24,15) (0ms)
[2026-07-01 11:24:27] [axEl] IN: pid=79582 role=AXStaticText → OUT: title= frame=(1399,97,24,15) (0ms)
[2026-07-01 11:24:27] [axEl] IN: pid=79582 role=AXStaticText → OUT: title= frame=(1453,97,40,15) (0ms)
[2026-07-01 11:24:27] [axEl] IN: pid=79582 role=AXStaticText → OUT: title= frame=(1362,116,24,16) (0ms)
[2026-07-01 11:24:27] [axEl] IN: pid=79582 role=AXStaticText → OUT: title= frame=(1399,116,24,16) (0ms)
[2026-07-01 11:24:27] [axEl] IN: pid=79582 role=AXStaticText → OUT: title= frame=(1362,-3,24,16) (0ms)
[2026-07-01 11:24:27] [axEl] IN: pid=79582 role=AXStaticText → OUT: title= frame=(1428,-3,9,16) (0ms)
[2026-07-01 11:24:27] [axEl] IN: pid=79582 role=AXStaticText → OUT: title= frame=(1362,16,24,16) (0ms)
[2026-07-01 11:24:27] [axEl] IN: pid=79582 role=AXStaticText → OUT: title= frame=(1399,16,24,16) (0ms)
[2026-07-01 11:24:27] [axEl] IN: pid=79582 role=AXStaticText → OUT: title= frame=(1453,16,426,16) (0ms)
[2026-07-01 11:24:27] [axEl] IN: pid=79582 role=AXStaticText → OUT: title= frame=(1362,36,24,15) (0ms)
[2026-07-01 11:24:27] [axEl] IN: pid=79582 role=AXStaticText → OUT: title= frame=(1399,36,24,15) (0ms)
[2026-07-01 11:24:27] [axEl] IN: pid=79582 role=AXStaticText → OUT: title= frame=(1453,36,140,15) (0ms)
[2026-07-01 11:24:27] [axEl] IN: pid=79582 role=AXStaticText → OUT: title= frame=(1362,55,24,16) (0ms)
[2026-07-01 11:24:27] [axEl] IN: pid=79582 role=AXStaticText → OUT: title= frame=(1399,55,24,16) (0ms)
[2026-07-01 11:24:27] [axEl] IN: pid=79582 role=AXStaticText → OUT: title= frame=(1453,55,411,16) (0ms)
[2026-07-01 11:24:27] [axEl] IN: pid=79582 role=AXStaticText → OUT: title= frame=(1370,7,16,15) (0ms)
[2026-07-01 11:24:27] [axEl] IN: pid=79582 role=AXStaticText → OUT: title= frame=(1407,7,16,15) (0ms)
[2026-07-01 11:24:27] [axEl] IN: pid=79582 role=AXStaticText → OUT: title= frame=(1453,7,196,15) (0ms)
[2026-07-01 11:24:27] [axEl] IN: pid=79582 role=AXStaticText → OUT: title= frame=(1370,26,16,16) (0ms)
[2026-07-01 11:24:27] [axEl] IN: pid=79582 role=AXStaticText → OUT: title= frame=(1407,26,16,16) (0ms)
[2026-07-01 11:24:27] [axEl] IN: pid=79582 role=AXStaticText → OUT: title= frame=(1453,26,196,16) (0ms)
[2026-07-01 11:24:27] [axEl] IN: pid=79582 role=AXStaticText → OUT: title= frame=(1370,45,16,16) (0ms)
[2026-07-01 11:24:27] [axEl] IN: pid=79582 role=AXStaticText → OUT: title= frame=(1407,45,16,16) (0ms)
[2026-07-01 11:24:27] [axEl] IN: pid=79582 role=AXButton → OUT: title= frame=(1316,39,495,19) (0ms)
[2026-07-01 11:24:27] [axEl] IN: pid=79582 role=AXButton → OUT: title= frame=(1342,67,469,10) (0ms)
[2026-07-01 11:24:27] [axEl] IN: pid=79582 role=AXButton → OUT: title= frame=(1342,97,469,10) (0ms)
[2026-07-01 11:24:27] [axEl] IN: pid=79582 role=AXStaticText → OUT: title= frame=(1316,-5,259,20) (0ms)
[2026-07-01 11:24:27] [axEl] IN: pid=79582 role=AXButton → OUT: title= frame=(1316,36,167,25) (0ms)
[2026-07-01 11:24:27] [axEl] IN: pid=79582 role=AXButton → OUT: title=复制 frame=(1312,66,28,25) (0ms)
[2026-07-01 11:24:27] [axEl] IN: pid=79582 role=AXButton → OUT: title= frame=(1342,66,28,25) (0ms)
[2026-07-01 11:24:27] [axEl] IN: pid=79582 role=AXPopUpButton → OUT: title= frame=(1372,66,28,25) (0ms)
[2026-07-01 11:24:27] [axEl] IN: pid=79582 role=AXPopUpButton → OUT: title= frame=(1402,66,28,25) (0ms)
[2026-07-01 11:24:27] [axEl] IN: pid=79582 role=AXStaticText → OUT: title= frame=(1434,115,363,20) (0ms)
[2026-07-01 11:24:27] [axEl] IN: pid=79582 role=AXStaticText → OUT: title= frame=(1720,146,27,18) (0ms)
[2026-07-01 11:24:27] [axEl] IN: pid=79582 role=AXButton → OUT: title=复制 frame=(1755,143,22,23) (0ms)
[2026-07-01 11:24:27] [axEl] IN: pid=79582 role=AXButton → OUT: title=编辑 frame=(1785,143,22,23) (0ms)
[2026-07-01 11:24:27] [axEl] IN: pid=79582 role=AXStaticText → OUT: title= frame=(1419,190,376,55) (0ms)
[2026-07-01 11:24:27] [axEl] IN: pid=79582 role=AXStaticText → OUT: title= frame=(1720,256,27,18) (0ms)
[2026-07-01 11:24:27] [axEl] IN: pid=79582 role=AXButton → OUT: title=复制 frame=(1755,253,22,23) (0ms)
[2026-07-01 11:24:27] [axEl] IN: pid=79582 role=AXButton → OUT: title=编辑 frame=(1785,253,22,23) (0ms)
[2026-07-01 11:24:27] [axEl] IN: pid=79582 role=AXButton → OUT: title=工具调用已处理 21s frame=(1316,295,69,19) (0ms)
[2026-07-01 11:24:27] [axEl] IN: pid=79582 role=AXButton → OUT: title=深度思考 frame=(1316,331,495,10) (0ms)
[2026-07-01 11:24:27] [axEl] IN: pid=79582 role=AXButton → OUT: title= frame=(1316,331,495,10) (0ms)
[2026-07-01 11:24:27] [axEl] IN: pid=79582 role=AXButton → OUT: title=已探索 1 次搜索 frame=(1316,407,495,19) (0ms)
[2026-07-01 11:24:27] [axEl] IN: pid=79582 role=AXButton → OUT: title= frame=(1342,435,469,10) (0ms)
[2026-07-01 11:24:27] [axEl] IN: pid=79582 role=AXButton → OUT: title=深度思考 frame=(1316,449,495,10) (0ms)
[2026-07-01 11:24:27] [axEl] IN: pid=79582 role=AXButton → OUT: title= frame=(1316,449,495,10) (0ms)
[2026-07-01 11:24:27] [axEl] IN: pid=79582 role=AXButton → OUT: title=Shell 1 次命令 frame=(1316,525,495,19) (0ms)
[2026-07-01 11:24:27] [axEl] IN: pid=79582 role=AXButton → OUT: title= frame=(1342,553,469,10) (0ms)
[2026-07-01 11:24:27] [axEl] IN: pid=79582 role=AXButton → OUT: title=深度思考 frame=(1316,567,495,10) (0ms)
[2026-07-01 11:24:27] [axEl] IN: pid=79582 role=AXButton → OUT: title= frame=(1316,567,495,10) (0ms)
[2026-07-01 11:24:27] [axEl] IN: pid=79582 role=AXButton → OUT: title=Shell 1 次命令 frame=(1316,643,495,19) (0ms)
[2026-07-01 11:24:27] [axEl] IN: pid=79582 role=AXButton → OUT: title= frame=(1342,671,469,10) (0ms)
[2026-07-01 11:24:27] [axEl] IN: pid=79582 role=AXButton → OUT: title=深度思考 frame=(1316,685,495,10) (0ms)
[2026-07-01 11:24:27] [axEl] IN: pid=79582 role=AXButton → OUT: title= frame=(1316,685,495,10) (0ms)
[2026-07-01 11:24:27] [axEl] IN: pid=79582 role=AXButton → OUT: title=Shell 1 次命令 frame=(1316,761,495,19) (0ms)
[2026-07-01 11:24:27] [axEl] IN: pid=79582 role=AXButton → OUT: title= frame=(1342,789,469,10) (0ms)
[2026-07-01 11:24:27] [axEl] IN: pid=79582 role=AXButton → OUT: title=深度思考 frame=(1316,803,495,10) (0ms)
[2026-07-01 11:24:27] [axEl] IN: pid=79582 role=AXButton → OUT: title= frame=(1316,803,495,10) (0ms)
[2026-07-01 11:24:27] [axEl] IN: pid=79582 role=AXButton → OUT: title=Shell 1 次命令 frame=(1316,879,495,19) (0ms)
[2026-07-01 11:24:27] [axEl] IN: pid=79582 role=AXButton → OUT: title= frame=(1342,907,469,10) (0ms)
[2026-07-01 11:24:27] [axEl] IN: pid=79582 role=AXButton → OUT: title=深度思考 frame=(1316,921,495,10) (0ms)
[2026-07-01 11:24:27] [axEl] IN: pid=79582 role=AXButton → OUT: title= frame=(1316,921,495,10) (0ms)
[2026-07-01 11:24:27] [axEl] IN: pid=79582 role=AXButton → OUT: title=已探索 1 次读取 frame=(1316,997,495,19) (0ms)
[2026-07-01 11:24:27] [axEl] IN: pid=79582 role=AXButton → OUT: title= frame=(1342,1026,469,10) (0ms)
[2026-07-01 11:24:27] [axEl] IN: pid=79582 role=AXButton → OUT: title=深度思考 frame=(1316,1040,495,10) (0ms)
[2026-07-01 11:24:27] [axEl] IN: pid=79582 role=AXButton → OUT: title= frame=(1316,1040,495,10) (0ms)
[2026-07-01 11:24:27] [axEl] IN: pid=79582 role=AXStaticText → OUT: title= frame=(1316,333,494,69) (0ms)
[2026-07-01 11:24:27] [axEl] IN: pid=79582 role=AXButton → OUT: title=5 条 Memory v5 编译引用 frame=(1316,424,167,25) (0ms)
[2026-07-01 11:24:27] [axEl] IN: pid=79582 role=AXButton → OUT: title=复制 frame=(1312,454,28,25) (0ms)
[2026-07-01 11:24:27] [axEl] IN: pid=79582 role=AXButton → OUT: title= frame=(1342,454,28,25) (0ms)
[2026-07-01 11:24:27] [axEl] IN: pid=79582 role=AXPopUpButton → OUT: title= frame=(1372,454,28,25) (0ms)
[2026-07-01 11:24:27] [axEl] IN: pid=79582 role=AXPopUpButton → OUT: title= frame=(1402,454,28,25) (0ms)
[2026-07-01 11:24:27] [axEl] IN: pid=79582 role=AXStaticText → OUT: title= frame=(1419,502,364,37) (0ms)
[2026-07-01 11:24:27] [axEl] IN: pid=79582 role=AXStaticText → OUT: title= frame=(1718,551,29,17) (0ms)
[2026-07-01 11:24:27] [axEl] IN: pid=79582 role=AXButton → OUT: title=复制 frame=(1755,548,22,23) (0ms)
[2026-07-01 11:24:27] [axEl] IN: pid=79582 role=AXButton → OUT: title=编辑 frame=(1785,548,22,23) (0ms)
[2026-07-01 11:24:27] [axEl] IN: pid=79582 role=AXButton → OUT: title=工具调用已处理 4s frame=(1316,590,69,19) (0ms)
[2026-07-01 11:24:27] [axEl] IN: pid=79582 role=AXButton → OUT: title=深度思考 frame=(1316,627,69,19) (0ms)
[2026-07-01 11:24:27] [axEl] IN: pid=79582 role=AXStaticText → OUT: title= frame=(1316,657,349,20) (0ms)
[2026-07-01 11:24:27] [axEl] IN: pid=79582 role=AXButton → OUT: title= frame=(1316,699,167,25) (0ms)
[2026-07-01 11:24:27] [axEl] IN: pid=79582 role=AXButton → OUT: title=已修改 1 次编辑 frame=(1316,701,495,19) (0ms)
[2026-07-01 11:24:27] [axEl] IN: pid=79582 role=AXButton → OUT: title= frame=(1342,729,92,29) (0ms)
[2026-07-01 11:24:27] [axEl] IN: pid=79582 role=AXStaticText → OUT: title= frame=(1370,765,16,15) (0ms)
[2026-07-01 11:24:27] [axEl] IN: pid=79582 role=AXStaticText → OUT: title= frame=(1407,765,16,15) (0ms)
[2026-07-01 11:24:27] [axEl] IN: pid=79582 role=AXStaticText → OUT: title= frame=(1453,765,318,15) (0ms)
[2026-07-01 11:24:27] [axEl] IN: pid=79582 role=AXStaticText → OUT: title= frame=(1370,784,16,16) (0ms)
[2026-07-01 11:24:27] [axEl] IN: pid=79582 role=AXStaticText → OUT: title= frame=(1407,784,16,16) (0ms)
[2026-07-01 11:24:27] [axEl] IN: pid=79582 role=AXStaticText → OUT: title= frame=(1453,784,217,16) (0ms)
[2026-07-01 11:24:27] [axEl] IN: pid=79582 role=AXStaticText → OUT: title= frame=(1370,803,16,16) (0ms)
[2026-07-01 11:24:27] [axEl] IN: pid=79582 role=AXStaticText → OUT: title= frame=(1407,803,16,16) (0ms)
[2026-07-01 11:24:27] [axEl] IN: pid=79582 role=AXStaticText → OUT: title= frame=(1453,803,364,16) (0ms)
[2026-07-01 11:24:27] [axEl] IN: pid=79582 role=AXStaticText → OUT: title= frame=(1407,823,16,15) (0ms)
[2026-07-01 11:24:27] [axEl] IN: pid=79582 role=AXStaticText → OUT: title= frame=(1428,823,9,15) (0ms)
[2026-07-01 11:24:27] [axEl] IN: pid=79582 role=AXStaticText → OUT: title= frame=(1453,823,225,15) (0ms)
[2026-07-01 11:24:27] [axEl] IN: pid=79582 role=AXStaticText → OUT: title= frame=(1370,842,16,16) (0ms)
[2026-07-01 11:24:27] [axEl] IN: pid=79582 role=AXStaticText → OUT: title= frame=(1407,842,16,16) (0ms)
[2026-07-01 11:24:27] [axEl] IN: pid=79582 role=AXStaticText → OUT: title= frame=(1453,842,395,16) (0ms)
[2026-07-01 11:24:27] [axEl] IN: pid=79582 role=AXStaticText → OUT: title= frame=(1370,862,16,15) (0ms)
[2026-07-01 11:24:27] [axEl] IN: pid=79582 role=AXStaticText → OUT: title= frame=(1428,862,9,15) (0ms)
[2026-07-01 11:24:27] [axEl] IN: pid=79582 role=AXStaticText → OUT: title= frame=(1453,862,519,15) (0ms)
[2026-07-01 11:24:27] [axEl] IN: pid=79582 role=AXStaticText → OUT: title= frame=(1370,881,16,16) (0ms)
[2026-07-01 11:24:27] [axEl] IN: pid=79582 role=AXStaticText → OUT: title= frame=(1428,881,9,16) (0ms)
[2026-07-01 11:24:27] [axEl] IN: pid=79582 role=AXStaticText → OUT: title= frame=(1453,881,326,16) (0ms)
[2026-07-01 11:24:27] [axEl] IN: pid=79582 role=AXStaticText → OUT: title= frame=(1370,900,16,16) (0ms)
[2026-07-01 11:24:27] [axEl] IN: pid=79582 role=AXStaticText → OUT: title= frame=(1428,900,9,16) (0ms)
[2026-07-01 11:24:27] [axEl] IN: pid=79582 role=AXStaticText → OUT: title= frame=(1453,900,380,16) (0ms)
[2026-07-01 11:24:27] [axEl] IN: pid=79582 role=AXStaticText → OUT: title= frame=(1370,920,16,15) (0ms)
[2026-07-01 11:24:27] [axEl] IN: pid=79582 role=AXStaticText → OUT: title= frame=(1428,920,9,15) (0ms)
[2026-07-01 11:24:27] [axEl] IN: pid=79582 role=AXStaticText → OUT: title= frame=(1453,920,132,15) (0ms)
[2026-07-01 11:24:27] [axEl] IN: pid=79582 role=AXStaticText → OUT: title= frame=(1407,939,16,16) (0ms)
[2026-07-01 11:24:27] [axEl] IN: pid=79582 role=AXStaticText → OUT: title= frame=(1428,939,9,16) (0ms)
[2026-07-01 11:24:27] [axEl] IN: pid=79582 role=AXStaticText → OUT: title= frame=(1453,939,380,16) (0ms)
[2026-07-01 11:24:27] [axEl] IN: pid=79582 role=AXStaticText → OUT: title= frame=(1407,958,16,16) (0ms)
[2026-07-01 11:24:27] [axEl] IN: pid=79582 role=AXStaticText → OUT: title= frame=(1428,958,9,16) (0ms)
[2026-07-01 11:24:27] [axEl] IN: pid=79582 role=AXStaticText → OUT: title= frame=(1453,958,372,16) (0ms)
[2026-07-01 11:24:27] [axEl] IN: pid=79582 role=AXStaticText → OUT: title= frame=(1370,978,16,15) (0ms)
[2026-07-01 11:24:27] [axEl] IN: pid=79582 role=AXStaticText → OUT: title= frame=(1407,978,16,15) (0ms)
[2026-07-01 11:24:27] [axEl] IN: pid=79582 role=AXStaticText → OUT: title= frame=(1453,978,102,15) (0ms)
[2026-07-01 11:24:27] [axEl] IN: pid=79582 role=AXStaticText → OUT: title= frame=(1370,997,16,16) (0ms)
[2026-07-01 11:24:27] [axEl] IN: pid=79582 role=AXStaticText → OUT: title= frame=(1407,997,16,16) (0ms)
[2026-07-01 11:24:27] [axEl] IN: pid=79582 role=AXStaticText → OUT: title= frame=(1453,997,71,16) (0ms)
[2026-07-01 11:24:27] [axEl] IN: pid=79582 role=AXStaticText → OUT: title= frame=(1370,1017,16,15) (0ms)
[2026-07-01 11:24:27] [axEl] IN: pid=79582 role=AXStaticText → OUT: title= frame=(1407,1017,16,15) (0ms)
[2026-07-01 11:24:27] [axEl] IN: pid=79582 role=AXStaticText → OUT: title= frame=(1453,1017,457,15) (0ms)
[2026-07-01 11:24:27] [axEl] IN: pid=79582 role=AXButton → OUT: title=深度思考 frame=(1316,743,495,10) (0ms)
[2026-07-01 11:24:27] [axEl] IN: pid=79582 role=AXButton → OUT: title= frame=(1316,743,495,10) (0ms)
[2026-07-01 11:24:27] [axEl] IN: pid=79582 role=AXButton → OUT: title=Shell 1 次命令 frame=(1316,819,495,19) (0ms)
[2026-07-01 11:24:27] [axEl] IN: pid=79582 role=AXButton → OUT: title= frame=(1342,848,469,10) (0ms)
[2026-07-01 11:24:27] [axEl] IN: pid=79582 role=AXStaticText → OUT: title= frame=(1316,628,469,69) (0ms)
[2026-07-01 11:24:27] [axEl] IN: pid=79582 role=AXButton → OUT: title=5 条 Memory v5 编译引用 frame=(1316,718,167,25) (0ms)
[2026-07-01 11:24:27] [axEl] IN: pid=79582 role=AXButton → OUT: title=跳转到问题 16 frame=(1805,7,32,15) (0ms)
[2026-07-01 11:24:27] [axEl] IN: pid=79582 role=AXButton → OUT: title=跳转到问题 17 frame=(1805,27,32,15) (0ms)
[2026-07-01 11:24:27] [axEl] IN: pid=79582 role=AXButton → OUT: title=跳转到问题 18 frame=(1805,47,32,15) (0ms)
[2026-07-01 11:24:27] [axEl] IN: pid=79582 role=AXButton → OUT: title=跳转到问题 19 frame=(1805,67,32,15) (0ms)
[2026-07-01 11:24:27] [axEl] IN: pid=79582 role=AXButton → OUT: title=跳转到问题 20 frame=(1805,87,32,15) (0ms)
[2026-07-01 11:24:27] [axEl] IN: pid=79582 role=AXButton → OUT: title=跳转到问题 21 frame=(1805,107,32,15) (0ms)
[2026-07-01 11:24:27] [axEl] IN: pid=79582 role=AXButton → OUT: title=跳转到问题 22 frame=(1805,127,32,15) (0ms)
[2026-07-01 11:24:27] [axEl] IN: pid=79582 role=AXButton → OUT: title=跳转到问题 23 frame=(1805,147,32,15) (0ms)
[2026-07-01 11:24:27] [axEl] IN: pid=79582 role=AXButton → OUT: title=跳转到问题 24 frame=(1805,167,32,15) (0ms)
[2026-07-01 11:24:27] [axEl] IN: pid=79582 role=AXButton → OUT: title=跳转到问题 25 frame=(1805,187,32,15) (0ms)
[2026-07-01 11:24:27] [axEl] IN: pid=79582 role=AXButton → OUT: title=跳转到问题 26 frame=(1805,207,32,15) (0ms)
[2026-07-01 11:24:27] [axEl] IN: pid=79582 role=AXButton → OUT: title=跳转到问题 27 frame=(1805,227,32,15) (0ms)
[2026-07-01 11:24:27] [axEl] IN: pid=79582 role=AXButton → OUT: title=跳转到问题 28 frame=(1805,247,32,15) (0ms)
[2026-07-01 11:24:27] [axEl] IN: pid=79582 role=AXButton → OUT: title=跳转到问题 29 frame=(1805,267,32,15) (0ms)
[2026-07-01 11:24:27] [axEl] IN: pid=79582 role=AXButton → OUT: title=跳转到问题 30 frame=(1805,287,32,15) (0ms)
[2026-07-01 11:24:27] [axEl] IN: pid=79582 role=AXButton → OUT: title=跳转到问题 31 frame=(1805,307,32,15) (0ms)
[2026-07-01 11:24:27] [axEl] IN: pid=79582 role=AXButton → OUT: title=跳转到问题 32 frame=(1805,327,32,15) (0ms)
[2026-07-01 11:24:27] [axEl] IN: pid=79582 role=AXButton → OUT: title=跳转到问题 33 frame=(1805,347,32,15) (0ms)
[2026-07-01 11:24:27] [axEl] IN: pid=79582 role=AXButton → OUT: title=跳转到问题 34 frame=(1805,367,32,15) (0ms)
[2026-07-01 11:24:27] [axEl] IN: pid=79582 role=AXButton → OUT: title=跳转到问题 35 frame=(1805,387,32,15) (0ms)
[2026-07-01 11:24:27] [axEl] IN: pid=79582 role=AXButton → OUT: title=跳转到问题 36 frame=(1805,407,32,15) (0ms)
[2026-07-01 11:24:27] [axEl] IN: pid=79582 role=AXButton → OUT: title=跳转到问题 37 frame=(1805,427,32,15) (0ms)
[2026-07-01 11:24:27] [axEl] IN: pid=79582 role=AXButton → OUT: title=跳转到问题 38 frame=(1805,447,32,15) (0ms)
[2026-07-01 11:24:27] [axEl] IN: pid=79582 role=AXButton → OUT: title=跳转到问题 39 frame=(1805,467,32,15) (0ms)
[2026-07-01 11:24:27] [axEl] IN: pid=79582 role=AXButton → OUT: title=跳转到问题 40 frame=(1805,487,32,15) (0ms)
[2026-07-01 11:24:27] [axEl] IN: pid=79582 role=AXButton → OUT: title=跳转到问题 41 frame=(1805,507,32,15) (0ms)
[2026-07-01 11:24:27] [axEl] IN: pid=79582 role=AXButton → OUT: title=跳转到问题 42 frame=(1805,527,32,15) (0ms)
[2026-07-01 11:24:27] [axEl] IN: pid=79582 role=AXButton → OUT: title=跳转到问题 43 frame=(1805,547,32,15) (0ms)
[2026-07-01 11:24:27] [axEl] IN: pid=79582 role=AXButton → OUT: title=跳转到问题 44 frame=(1805,567,32,15) (0ms)
[2026-07-01 11:24:27] [axEl] IN: pid=79582 role=AXStaticText → OUT: title= frame=(1330,796,27,19) (0ms)
[2026-07-01 11:24:27] [axEl] IN: pid=79582 role=AXStaticText → OUT: title= frame=(1371,800,8,17) (0ms)
[2026-07-01 11:24:27] [axEl] IN: pid=79582 role=AXStaticText → OUT: title= frame=(1378,800,7,17) (0ms)
[2026-07-01 11:24:27] [axEl] IN: pid=79582 role=AXStaticText → OUT: title= frame=(1384,800,8,17) (0ms)
[2026-07-01 11:24:27] [axEl] IN: pid=79582 role=AXStaticText → OUT: title= frame=(1330,822,87,18) (0ms)
[2026-07-01 11:24:27] [axEl] IN: pid=79582 role=AXButton → OUT: title=展开 frame=(1709,797,41,25) (0ms)
[2026-07-01 11:24:27] [axEl] IN: pid=79582 role=AXButton → OUT: title=关闭 frame=(1755,797,42,25) (0ms)
[2026-07-01 11:24:27] [axEl] IN: pid=79582 role=AXTextArea → OUT: title=给 Reasonix 发消息… ( / 命令 · @ 文件 · ! 终端 ) frame=(1337,874,409,38) (0ms)
[2026-07-01 11:24:27] [axEl] IN: pid=79582 role=AXStaticText → OUT: title= frame=(1339,877,344,21) (0ms)
[2026-07-01 11:24:27] [axEl] IN: pid=79582 role=AXButton → OUT: title= frame=(1753,874,35,34) (0ms)
[2026-07-01 11:24:27] [axEl] IN: pid=79582 role=AXPopUpButton → OUT: title=协作方式 frame=(1332,929,29,28) (0ms)
[2026-07-01 11:24:27] [axEl] IN: pid=79582 role=AXCheckBox → OUT: title= frame=(1374,932,25,24) (0ms)
[2026-07-01 11:24:27] [axEl] IN: pid=79582 role=AXCheckBox → OUT: title= frame=(1402,932,25,24) (0ms)
[2026-07-01 11:24:27] [axEl] IN: pid=79582 role=AXCheckBox → OUT: title= frame=(1430,932,25,24) (0ms)
[2026-07-01 11:24:27] [axEl] IN: pid=79582 role=AXButton → OUT: title=deepseek-v4-pro · DeepSeek 官方 frame=(1571,929,141,28) (0ms)
[2026-07-01 11:24:27] [axEl] IN: pid=79582 role=AXPopUpButton → OUT: title=更多控制 frame=(1724,927,66,32) (0ms)
[2026-07-01 11:24:27] [axEl] IN: pid=79582 role=AXButton → OUT: title= frame=(1027,93,12,14) (0ms)
[2026-07-01 11:24:27] [axEl] IN: pid=79582 role=AXButton → OUT: title= frame=(1067,93,12,14) (0ms)
[2026-07-01 11:24:27] [axEl] IN: pid=79582 role=AXButton → OUT: title= frame=(1047,93,12,14) (0ms)
[2026-07-01 11:24:27] [axEl] IN: pid=79582 role=AXMenuBarItem → OUT: title=Apple frame=(10,0,34,30) (0ms)
[2026-07-01 11:24:27] [axEl] IN: pid=79582 role=AXMenuBarItem → OUT: title=Reasonix frame=(43,0,79,30) (0ms)
[2026-07-01 11:24:27] [axEl] IN: pid=79582 role=AXMenuBarItem → OUT: title=File frame=(121,0,43,30) (0ms)
[2026-07-01 11:24:27] [axEl] IN: pid=79582 role=AXMenuBarItem → OUT: title=Edit frame=(163,0,44,30) (0ms)
[2026-07-01 11:24:27] [axEl] IN: pid=79582 role=AXMenuBarItem → OUT: title=Window frame=(206,0,69,30) (0ms)
[2026-07-01 11:24:27] [axEl] IN: pid=2480 role=AXMenuBarItem → OUT: title=Apple frame=(10,0,34,30) (0ms)
[2026-07-01 11:24:27] [axEl] IN: pid=2480 role=AXMenuBarItem → OUT: title=访达 frame=(43,0,47,30) (0ms)
[2026-07-01 11:24:27] [axEl] IN: pid=2480 role=AXMenuBarItem → OUT: title=文件 frame=(89,0,47,30) (0ms)
[2026-07-01 11:24:27] [axEl] IN: pid=2480 role=AXMenuBarItem → OUT: title=编辑 frame=(135,0,46,30) (0ms)
[2026-07-01 11:24:27] [axEl] IN: pid=2480 role=AXMenuBarItem → OUT: title=显示 frame=(180,0,47,30) (0ms)
[2026-07-01 11:24:27] [axEl] IN: pid=2480 role=AXMenuBarItem → OUT: title=前往 frame=(226,0,47,30) (0ms)
[2026-07-01 11:24:27] [axEl] IN: pid=2480 role=AXMenuBarItem → OUT: title=窗口 frame=(272,0,47,30) (0ms)
[2026-07-01 11:24:27] [axEl] IN: pid=2480 role=AXMenuBarItem → OUT: title=帮助 frame=(318,0,47,30) (0ms)
[2026-07-01 11:24:27] [axEl] IN: pid=2480 role=AXImage → OUT: title=vibe项目 frame=(77,469,64,64) (0ms)
[2026-07-01 11:24:27] [axEl] IN: pid=2478 role=AXDockItem → OUT: title=访达 frame=(295,1017,46,58) (0ms)
[2026-07-01 11:24:27] [axEl] IN: pid=2478 role=AXDockItem → OUT: title=App frame=(341,1017,46,58) (0ms)
[2026-07-01 11:24:27] [axEl] IN: pid=2478 role=AXDockItem → OUT: title=地图 frame=(387,1017,46,58) (0ms)
[2026-07-01 11:24:27] [axEl] IN: pid=2478 role=AXDockItem → OUT: title=App Store frame=(433,1017,46,58) (0ms)
[2026-07-01 11:24:27] [axEl] IN: pid=2478 role=AXDockItem → OUT: title=iPhone镜像 frame=(479,1017,46,58) (0ms)
[2026-07-01 11:24:27] [axEl] IN: pid=2478 role=AXDockItem → OUT: title=tntcloud_Lite frame=(525,1017,46,58) (0ms)
[2026-07-01 11:24:27] [axEl] IN: pid=2478 role=AXDockItem → OUT: title=豆包 frame=(571,1017,46,58) (0ms)
[2026-07-01 11:24:27] [axEl] IN: pid=2478 role=AXDockItem → OUT: title=微信 frame=(617,1017,46,58) (0ms)
[2026-07-01 11:24:27] [axEl] IN: pid=2478 role=AXDockItem → OUT: title=ima.copilot frame=(663,1017,46,58) (0ms)
[2026-07-01 11:24:27] [axEl] IN: pid=2478 role=AXDockItem → OUT: title=Google Chrome frame=(709,1017,46,58) (0ms)
[2026-07-01 11:24:27] [axEl] IN: pid=2478 role=AXDockItem → OUT: title=Claude frame=(755,1017,46,58) (0ms)
[2026-07-01 11:24:27] [axEl] IN: pid=2478 role=AXDockItem → OUT: title=飞书 frame=(801,1017,46,58) (0ms)
[2026-07-01 11:24:27] [axEl] IN: pid=2478 role=AXDockItem → OUT: title=终端 frame=(847,1017,46,58) (0ms)
[2026-07-01 11:24:27] [axEl] IN: pid=2478 role=AXDockItem → OUT: title=Visual Studio Code frame=(893,1017,46,58) (0ms)
[2026-07-01 11:24:27] [axEl] IN: pid=2478 role=AXDockItem → OUT: title=Codex frame=(939,1017,46,58) (0ms)
[2026-07-01 11:24:27] [axEl] IN: pid=2478 role=AXDockItem → OUT: title=Reasonix frame=(985,1017,46,58) (0ms)
[2026-07-01 11:24:27] [axEl] IN: pid=2478 role=AXDockItem → OUT: title= frame=(1031,1017,20,58) (0ms)
[2026-07-01 11:24:27] [axEl] IN: pid=2478 role=AXDockItem → OUT: title=屏幕共享 frame=(1052,1017,46,58) (0ms)
[2026-07-01 11:24:27] [axEl] IN: pid=2478 role=AXDockItem → OUT: title=飞鸟加速 frame=(1098,1017,46,58) (0ms)
[2026-07-01 11:24:27] [axEl] IN: pid=2478 role=AXDockItem → OUT: title=预览 frame=(1144,1017,46,58) (0ms)
[2026-07-01 11:24:27] [axEl] IN: pid=2478 role=AXDockItem → OUT: title=网易云音乐 frame=(1190,1017,46,58) (0ms)
[2026-07-01 11:24:27] [axEl] IN: pid=2478 role=AXDockItem → OUT: title=抖音 frame=(1236,1017,46,58) (0ms)
[2026-07-01 11:24:27] [axEl] IN: pid=2478 role=AXDockItem → OUT: title= frame=(1282,1017,20,58) (0ms)
[2026-07-01 11:24:27] [axEl] IN: pid=2478 role=AXDockItem → OUT: title=下载 frame=(1302,1017,46,58) (0ms)
[2026-07-01 11:24:27] [axEl] IN: pid=2478 role=AXDockItem → OUT: title=所有连接 frame=(1348,1017,46,58) (0ms)
[2026-07-01 11:24:27] [axEl] IN: pid=2478 role=AXDockItem → OUT: title=网易云音乐 frame=(1394,1017,46,58) (0ms)
[2026-07-01 11:24:27] [axEl] IN: pid=2478 role=AXDockItem → OUT: title=飞鸟加速 frame=(1440,1017,46,58) (0ms)
[2026-07-01 11:24:27] [axEl] IN: pid=2478 role=AXDockItem → OUT: title=MotionControl Toggle Buttons frame=(1486,1017,46,58) (0ms)
[2026-07-01 11:24:27] [axEl] IN: pid=2478 role=AXDockItem → OUT: title=douyin frame=(1532,1017,46,58) (0ms)
[2026-07-01 11:24:27] [axEl] IN: pid=2478 role=AXDockItem → OUT: title=废纸篓 frame=(1578,1017,46,58) (0ms)
[2026-07-01 11:24:27] [axEl] IN: pid=2479 role=AXMenuBarItem → OUT: title=Siri frame=(1752,3,16,24) (0ms)
[2026-07-01 11:24:27] [hand_detect] IN: hand_detect 1920x1080 → OUT: detected=true landmarks=21 confidence=0.6616211
[2026-07-01 11:24:27] [gesture_analyze] IN: gesture_analyze type=none → OUT: gesture=none confidence=0.00 isRepeat=false
[2026-07-01 11:24:27] [KEYPOINTS] IN: handSide=left palmCenter=0.41989488403002423,0.06995362043380737 → OUT: 
[2026-07-01 11:24:27] [face_detect] IN: face_detect → OUT: detected=true landmarks=76 roll=0.049087387 pitch=-0.21399032 yaw=-0.03528156 (4417ms)
[2026-07-01 11:24:27] [mouth_detect] IN: mouth_detect ratio=0.4577898 → OUT: status=CLOSED confirmed=CLOSED
[2026-07-01 11:24:27] [gaze_estimate] IN: yaw=-0.03528156 pitch=-0.21399032 → OUT: yawOffset=0.0 pitchOffset=0.0 hasFace=true
[2026-07-01 11:24:27] [hand_detect] IN: hand_detect 1920x1080 → OUT: detected=true landmarks=21 confidence=0.65722656
[2026-07-01 11:24:27] [gesture_analyze] IN: gesture_analyze type=none → OUT: gesture=none confidence=0.00 isRepeat=false
[2026-07-01 11:24:27] [KEYPOINTS] IN: handSide=left palmCenter=0.4198612968126933,0.07165869077046712 → OUT: 
[2026-07-01 11:24:27] [face_detect] IN: face_detect → OUT: detected=true landmarks=76 roll=0.049087387 pitch=-0.21399032 yaw=-0.03528156 (4772ms)
[2026-07-01 11:24:27] [mouth_detect] IN: mouth_detect ratio=0.44313073 → OUT: status=CLOSED confirmed=CLOSED
[2026-07-01 11:24:27] [gaze_estimate] IN: yaw=-0.03528156 pitch=-0.21399032 → OUT: yawOffset=0.0 pitchOffset=0.0 hasFace=true
[2026-07-01 11:24:27] [hand_detect] IN: hand_detect 1920x1080 → OUT: detected=true landmarks=21 confidence=0.6791992
[2026-07-01 11:24:27] [gesture_analyze] IN: gesture_analyze type=none → OUT: gesture=none confidence=0.00 isRepeat=false
[2026-07-01 11:24:27] [KEYPOINTS] IN: handSide=left palmCenter=0.41979772845904034,0.07114571332931519 → OUT: 
[2026-07-01 11:24:27] [face_detect] IN: face_detect → OUT: detected=true landmarks=76 roll=0.012271847 pitch=-0.23623306 yaw=-0.025310684 (10309ms)
[2026-07-01 11:24:27] [mouth_detect] IN: mouth_detect ratio=0.44853005 → OUT: status=CLOSED confirmed=CLOSED
[2026-07-01 11:24:27] [gaze_estimate] IN: yaw=-0.025310684 pitch=-0.23623306 → OUT: yawOffset=0.0023009689 pitchOffset=-0.007823315 hasFace=true
[2026-07-01 11:24:27] [hand_detect] IN: hand_detect 1920x1080 → OUT: detected=true landmarks=21 confidence=0.6586914
[2026-07-01 11:24:27] [gesture_analyze] IN: gesture_analyze type=none → OUT: gesture=none confidence=0.00 isRepeat=false
[2026-07-01 11:24:27] [KEYPOINTS] IN: handSide=left palmCenter=0.4211310048898061,0.07030572493871053 → OUT: 
[2026-07-01 11:24:27] [face_detect] IN: face_detect → OUT: detected=true landmarks=76 roll=0.012271847 pitch=-0.23623306 yaw=-0.025310684 (6201ms)
[2026-07-01 11:24:27] [mouth_detect] IN: mouth_detect ratio=0.43963715 → OUT: status=CLOSED confirmed=CLOSED
[2026-07-01 11:24:27] [gaze_estimate] IN: yaw=-0.025310684 pitch=-0.23623306 → OUT: yawOffset=0.003911647 pitchOffset=-0.013299637 hasFace=true
[2026-07-01 11:24:27] [hand_detect] IN: hand_detect 1920x1080 → OUT: detected=true landmarks=21 confidence=0.62939453
[2026-07-01 11:24:27] [gesture_analyze] IN: gesture_analyze type=none → OUT: gesture=none confidence=0.00 isRepeat=false
[2026-07-01 11:24:27] [KEYPOINTS] IN: handSide=left palmCenter=0.41932423909505206,0.06983578205108643 → OUT: 
[2026-07-01 11:24:27] [face_detect] IN: face_detect → OUT: detected=true landmarks=76 roll=0.012271847 pitch=-0.23623306 yaw=-0.025310684 (6399ms)
[2026-07-01 11:24:27] [mouth_detect] IN: mouth_detect ratio=0.44248635 → OUT: status=CLOSED confirmed=CLOSED
[2026-07-01 11:24:27] [gaze_estimate] IN: yaw=-0.025310684 pitch=-0.23623306 → OUT: yawOffset=0.0050391215 pitchOffset=-0.01713306 hasFace=true
[2026-07-01 11:24:28] [hand_detect] IN: hand_detect 1920x1080 → OUT: detected=true landmarks=21 confidence=0.671875
[2026-07-01 11:24:28] [gesture_analyze] IN: gesture_analyze type=none → OUT: gesture=none confidence=0.00 isRepeat=false
[2026-07-01 11:24:28] [KEYPOINTS] IN: handSide=left palmCenter=0.4200359086195628,0.07155720392862956 → OUT: 
[2026-07-01 11:24:28] [face_detect] IN: face_detect → OUT: detected=true landmarks=76 roll=0.012271847 pitch=-0.23623306 yaw=-0.025310684 (7233ms)
[2026-07-01 11:24:28] [mouth_detect] IN: mouth_detect ratio=0.44161385 → OUT: status=CLOSED confirmed=CLOSED
[2026-07-01 11:24:28] [gaze_estimate] IN: yaw=-0.025310684 pitch=-0.23623306 → OUT: yawOffset=0.005828354 pitchOffset=-0.019816458 hasFace=true
[2026-07-01 11:24:28] [hand_detect] IN: hand_detect 1920x1080 → OUT: detected=true landmarks=21 confidence=0.63378906
[2026-07-01 11:24:28] [gesture_analyze] IN: gesture_analyze type=none → OUT: gesture=none confidence=0.00 isRepeat=false
[2026-07-01 11:24:28] [KEYPOINTS] IN: handSide=left palmCenter=0.4197409947713216,0.06919407844543457 → OUT: 
[2026-07-01 11:24:28] [face_detect] IN: face_detect → OUT: detected=true landmarks=76 roll=0.012271847 pitch=-0.23623306 yaw=-0.025310684 (7535ms)
[2026-07-01 11:24:28] [mouth_detect] IN: mouth_detect ratio=0.46557248 → OUT: status=CLOSED confirmed=CLOSED
[2026-07-01 11:24:28] [gaze_estimate] IN: yaw=-0.025310684 pitch=-0.23623306 → OUT: yawOffset=0.0063808165 pitchOffset=-0.021694835 hasFace=true
[2026-07-01 11:24:28] [hand_detect] IN: hand_detect 1920x1080 → OUT: detected=true landmarks=21 confidence=0.6791992
[2026-07-01 11:24:28] [gesture_analyze] IN: gesture_analyze type=none → OUT: gesture=none confidence=0.00 isRepeat=false
[2026-07-01 11:24:28] [KEYPOINTS] IN: handSide=left palmCenter=0.4194359282652537,0.06880080699920654 → OUT: 
[2026-07-01 11:24:28] [face_detect] IN: face_detect → OUT: detected=true landmarks=76 roll=0.012271847 pitch=-0.23623306 yaw=-0.025310684 (8291ms)
[2026-07-01 11:24:28] [mouth_detect] IN: mouth_detect ratio=0.445935 → OUT: status=CLOSED confirmed=CLOSED
[2026-07-01 11:24:28] [gaze_estimate] IN: yaw=-0.025310684 pitch=-0.23623306 → OUT: yawOffset=0.0067675402 pitchOffset=-0.0230097 hasFace=true
[2026-07-01 11:24:28] [hand_detect] IN: hand_detect 1920x1080 → OUT: detected=true landmarks=21 confidence=0.6953125
[2026-07-01 11:24:28] [gesture_analyze] IN: gesture_analyze type=none → OUT: gesture=none confidence=0.00 isRepeat=false
[2026-07-01 11:24:28] [KEYPOINTS] IN: handSide=left palmCenter=0.4188616673151652,0.07073519627253215 → OUT: 
[2026-07-01 11:24:28] [face_detect] IN: face_detect → OUT: detected=true landmarks=76 roll=0.012271847 pitch=-0.23623306 yaw=-0.025310684 (8046ms)
[2026-07-01 11:24:28] [mouth_detect] IN: mouth_detect ratio=0.45750478 → OUT: status=CLOSED confirmed=CLOSED
[2026-07-01 11:24:28] [gaze_estimate] IN: yaw=-0.025310684 pitch=-0.23623306 → OUT: yawOffset=0.007038247 pitchOffset=-0.023930106 hasFace=true
[2026-07-01 11:24:28] [hand_detect] IN: hand_detect 1920x1080 → OUT: detected=true landmarks=21 confidence=0.65185547
[2026-07-01 11:24:28] [gesture_analyze] IN: gesture_analyze type=none → OUT: gesture=none confidence=0.00 isRepeat=false
[2026-07-01 11:24:28] [KEYPOINTS] IN: handSide=left palmCenter=0.41984474658966064,0.07062635819117229 → OUT: 
[2026-07-01 11:24:28] [face_detect] IN: face_detect → OUT: detected=true landmarks=76 roll=0.012271847 pitch=-0.23623306 yaw=-0.025310684 (6013ms)
[2026-07-01 11:24:28] [mouth_detect] IN: mouth_detect ratio=0.4690661 → OUT: status=CLOSED confirmed=CLOSED
[2026-07-01 11:24:28] [gaze_estimate] IN: yaw=-0.025310684 pitch=-0.23623306 → OUT: yawOffset=0.0072277416 pitchOffset=-0.02457439 hasFace=true
[2026-07-01 11:24:28] [hand_detect] IN: hand_detect 1920x1080 → OUT: detected=true landmarks=21 confidence=0.6870117
[2026-07-01 11:24:28] [gesture_analyze] IN: gesture_analyze type=none → OUT: gesture=none confidence=0.00 isRepeat=false
[2026-07-01 11:24:28] [KEYPOINTS] IN: handSide=left palmCenter=0.41866592566172284,0.07172516981760661 → OUT: 
[2026-07-01 11:24:28] [face_detect] IN: face_detect → OUT: detected=true landmarks=76 roll=0.012271847 pitch=-0.23623306 yaw=-0.025310684 (5730ms)
[2026-07-01 11:24:28] [mouth_detect] IN: mouth_detect ratio=0.4594912 → OUT: status=CLOSED confirmed=CLOSED
[2026-07-01 11:24:28] [gaze_estimate] IN: yaw=-0.025310684 pitch=-0.23623306 → OUT: yawOffset=0.007360388 pitchOffset=-0.025025388 hasFace=true
[2026-07-01 11:24:28] [hand_detect] IN: hand_detect 1920x1080 → OUT: detected=true landmarks=21 confidence=0.5527344
[2026-07-01 11:24:28] [gesture_analyze] IN: gesture_analyze type=none → OUT: gesture=none confidence=0.00 isRepeat=false
[2026-07-01 11:24:28] [KEYPOINTS] IN: handSide=left palmCenter=0.41991910338401794,0.07306148608525594 → OUT: 
[2026-07-01 11:24:28] [face_detect] IN: face_detect → OUT: detected=true landmarks=76 roll=0.012271847 pitch=-0.23623306 yaw=-0.025310684 (4842ms)
[2026-07-01 11:24:28] [mouth_detect] IN: mouth_detect ratio=0.4441964 → OUT: status=CLOSED confirmed=CLOSED
[2026-07-01 11:24:28] [gaze_estimate] IN: yaw=-0.025310684 pitch=-0.23623306 → OUT: yawOffset=0.0074532405 pitchOffset=-0.025341088 hasFace=true
[2026-07-01 11:24:28] [hand_detect] IN: hand_detect 1920x1080 → OUT: detected=true landmarks=21 confidence=0.5571289
[2026-07-01 11:24:28] [gesture_analyze] IN: gesture_analyze type=none → OUT: gesture=none confidence=0.00 isRepeat=false
[2026-07-01 11:24:28] [KEYPOINTS] IN: handSide=left palmCenter=0.42004892230033875,0.07314554850260417 → OUT: 
[2026-07-01 11:24:28] [face_detect] IN: face_detect → OUT: detected=true landmarks=76 roll=0.012271847 pitch=-0.23623306 yaw=-0.025310684 (4940ms)
[2026-07-01 11:24:28] [mouth_detect] IN: mouth_detect ratio=0.4720119 → OUT: status=CLOSED confirmed=CLOSED
[2026-07-01 11:24:28] [gaze_estimate] IN: yaw=-0.025310684 pitch=-0.23623306 → OUT: yawOffset=0.007518237 pitchOffset=-0.025562078 hasFace=true
[2026-07-01 11:24:28] [hand_detect] IN: hand_detect 1920x1080 → OUT: detected=true landmarks=21 confidence=0.5625
[2026-07-01 11:24:28] [gesture_analyze] IN: gesture_analyze type=none → OUT: gesture=none confidence=0.00 isRepeat=false
[2026-07-01 11:24:28] [KEYPOINTS] IN: handSide=left palmCenter=0.4191285967826843,0.07161188125610352 → OUT: 
[2026-07-01 11:24:28] [face_detect] IN: face_detect → OUT: detected=true landmarks=76 roll=0.012271847 pitch=-0.23623306 yaw=-0.025310684 (4994ms)
[2026-07-01 11:24:28] [mouth_detect] IN: mouth_detect ratio=0.48020056 → OUT: status=CLOSED confirmed=CLOSED
[2026-07-01 11:24:28] [gaze_estimate] IN: yaw=-0.025310684 pitch=-0.23623306 → OUT: yawOffset=0.007563735 pitchOffset=-0.02571677 hasFace=true
[2026-07-01 11:24:28] [hand_detect] IN: hand_detect 1920x1080 → OUT: detected=true landmarks=21 confidence=0.59033203
[2026-07-01 11:24:28] [gesture_analyze] IN: gesture_analyze type=none → OUT: gesture=none confidence=0.00 isRepeat=false
[2026-07-01 11:24:28] [KEYPOINTS] IN: handSide=left palmCenter=0.4203936258951823,0.07142245769500732 → OUT: 
[2026-07-01 11:24:28] [face_detect] IN: face_detect → OUT: detected=true landmarks=76 roll=0.012271847 pitch=-0.23623306 yaw=-0.025310684 (4650ms)
[2026-07-01 11:24:28] [mouth_detect] IN: mouth_detect ratio=0.48114035 → OUT: status=CLOSED confirmed=CLOSED
[2026-07-01 11:24:28] [gaze_estimate] IN: yaw=-0.025310684 pitch=-0.23623306 → OUT: yawOffset=0.0075955833 pitchOffset=-0.025825055 hasFace=true
[2026-07-01 11:24:28] [hand_detect] IN: hand_detect 1920x1080 → OUT: detected=true landmarks=21 confidence=0.5854492
[2026-07-01 11:24:28] [gesture_analyze] IN: gesture_analyze type=none → OUT: gesture=none confidence=0.00 isRepeat=false
[2026-07-01 11:24:28] [KEYPOINTS] IN: handSide=left palmCenter=0.4195231298605601,0.07231807708740234 → OUT: 
[2026-07-01 11:24:28] [face_detect] IN: face_detect → OUT: detected=true landmarks=76 roll=0.012271847 pitch=-0.23623306 yaw=-0.025310684 (4727ms)
[2026-07-01 11:24:28] [mouth_detect] IN: mouth_detect ratio=0.48626888 → OUT: status=CLOSED confirmed=CLOSED
[2026-07-01 11:24:28] [gaze_estimate] IN: yaw=-0.025310684 pitch=-0.23623306 → OUT: yawOffset=0.0076178773 pitchOffset=-0.025900854 hasFace=true
[2026-07-01 11:24:28] [hand_detect] IN: hand_detect 1920x1080 → OUT: detected=true landmarks=21 confidence=0.5649414
[2026-07-01 11:24:28] [gesture_analyze] IN: gesture_analyze type=none → OUT: gesture=none confidence=0.00 isRepeat=false
[2026-07-01 11:24:28] [KEYPOINTS] IN: handSide=left palmCenter=0.41930808623631793,0.07127056519190471 → OUT: 
[2026-07-01 11:24:28] [face_detect] IN: face_detect → OUT: detected=true landmarks=76 roll=0.012271847 pitch=-0.23623306 yaw=-0.025310684 (4811ms)
[2026-07-01 11:24:28] [mouth_detect] IN: mouth_detect ratio=0.4811404 → OUT: status=CLOSED confirmed=CLOSED
[2026-07-01 11:24:28] [gaze_estimate] IN: yaw=-0.025310684 pitch=-0.23623306 → OUT: yawOffset=0.007633483 pitchOffset=-0.025953913 hasFace=true
[2026-07-01 11:24:28] [hand_detect] IN: hand_detect 1920x1080 → OUT: detected=true landmarks=21 confidence=0.57421875
[2026-07-01 11:24:28] [gesture_analyze] IN: gesture_analyze type=none → OUT: gesture=none confidence=0.00 isRepeat=false
[2026-07-01 11:24:28] [KEYPOINTS] IN: handSide=left palmCenter=0.41931482156117755,0.07184060414632161 → OUT: 
[2026-07-01 11:24:28] [face_detect] IN: face_detect → OUT: detected=true landmarks=76 roll=0.049087387 pitch=-0.26921365 yaw=-0.10891264 (9490ms)
[2026-07-01 11:24:28] [mouth_detect] IN: mouth_detect ratio=0.48558247 → OUT: status=CLOSED confirmed=CLOSED
[2026-07-01 11:24:28] [gaze_estimate] IN: yaw=-0.10891264 pitch=-0.26921365 → OUT: yawOffset=-0.01743618 pitchOffset=-0.035885233 hasFace=true
[2026-07-01 11:24:28] [hand_detect] IN: hand_detect 1920x1080 → OUT: detected=true landmarks=21 confidence=0.57421875
[2026-07-01 11:24:28] [gesture_analyze] IN: gesture_analyze type=none → OUT: gesture=none confidence=0.00 isRepeat=false
[2026-07-01 11:24:28] [KEYPOINTS] IN: handSide=left palmCenter=0.4193233946959178,0.07197125752766927 → OUT: 
[2026-07-01 11:24:28] [face_detect] IN: face_detect → OUT: detected=true landmarks=76 roll=0.049087387 pitch=-0.26921365 yaw=-0.10891264 (4770ms)
[2026-07-01 11:24:28] [mouth_detect] IN: mouth_detect ratio=0.48248917 → OUT: status=CLOSED confirmed=CLOSED
[2026-07-01 11:24:28] [gaze_estimate] IN: yaw=-0.10891264 pitch=-0.26921365 → OUT: yawOffset=-0.034984943 pitchOffset=-0.042837158 hasFace=true
[2026-07-01 11:24:28] [hand_detect] IN: hand_detect 1920x1080 → OUT: detected=true landmarks=21 confidence=0.56396484
[2026-07-01 11:24:28] [gesture_analyze] IN: gesture_analyze type=none → OUT: gesture=none confidence=0.00 isRepeat=false
[2026-07-01 11:24:28] [KEYPOINTS] IN: handSide=left palmCenter=0.4188992877801259,0.07137755552927653 → OUT: 
[2026-07-01 11:24:28] [face_detect] IN: face_detect → OUT: detected=true landmarks=76 roll=0.049087387 pitch=-0.26921365 yaw=-0.10891264 (4818ms)
[2026-07-01 11:24:28] [mouth_detect] IN: mouth_detect ratio=0.48552707 → OUT: status=CLOSED confirmed=CLOSED
[2026-07-01 11:24:28] [gaze_estimate] IN: yaw=-0.10891264 pitch=-0.26921365 → OUT: yawOffset=-0.047269076 pitchOffset=-0.047703505 hasFace=true
[2026-07-01 11:24:28] [hand_detect] IN: hand_detect 1920x1080 → OUT: detected=true landmarks=21 confidence=0.58203125
[2026-07-01 11:24:28] [gesture_analyze] IN: gesture_analyze type=none → OUT: gesture=none confidence=0.00 isRepeat=false
[2026-07-01 11:24:28] [KEYPOINTS] IN: handSide=left palmCenter=0.4188159604867299,0.07108207543690999 → OUT: 
[2026-07-01 11:24:28] [face_detect] IN: face_detect → OUT: detected=true landmarks=76 roll=0.049087387 pitch=-0.26921365 yaw=-0.10891264 (4840ms)
[2026-07-01 11:24:28] [mouth_detect] IN: mouth_detect ratio=0.49003646 → OUT: status=CLOSED confirmed=CLOSED
[2026-07-01 11:24:28] [gaze_estimate] IN: yaw=-0.10891264 pitch=-0.26921365 → OUT: yawOffset=-0.05586797 pitchOffset=-0.051109947 hasFace=true
[2026-07-01 11:24:28] [hand_detect] IN: hand_detect 1920x1080 → OUT: detected=true landmarks=21 confidence=0.50390625
[2026-07-01 11:24:28] [gesture_analyze] IN: gesture_analyze type=none → OUT: gesture=none confidence=0.00 isRepeat=false
[2026-07-01 11:24:28] [KEYPOINTS] IN: handSide=left palmCenter=0.41734466950098675,0.07158339023590088 → OUT: 
[2026-07-01 11:24:28] [face_detect] IN: face_detect → OUT: detected=true landmarks=76 roll=0.049087387 pitch=-0.26921365 yaw=-0.10891264 (4614ms)
[2026-07-01 11:24:28] [mouth_detect] IN: mouth_detect ratio=0.4830963 → OUT: status=CLOSED confirmed=CLOSED
[2026-07-01 11:24:28] [gaze_estimate] IN: yaw=-0.10891264 pitch=-0.26921365 → OUT: yawOffset=-0.061887197 pitchOffset=-0.053494457 hasFace=true
[2026-07-01 11:24:28] [hand_detect] IN: hand_detect 1920x1080 → OUT: detected=true landmarks=21 confidence=0.5830078
[2026-07-01 11:24:28] [gesture_analyze] IN: gesture_analyze type=none → OUT: gesture=none confidence=0.00 isRepeat=false
[2026-07-01 11:24:28] [KEYPOINTS] IN: handSide=left palmCenter=0.4186165928840637,0.07081151008605957 → OUT: 
[2026-07-01 11:24:28] [face_detect] IN: face_detect → OUT: detected=true landmarks=76 roll=0.049087387 pitch=-0.26921365 yaw=-0.10891264 (5472ms)
[2026-07-01 11:24:28] [mouth_detect] IN: mouth_detect ratio=0.49126804 → OUT: status=CLOSED confirmed=CLOSED
[2026-07-01 11:24:28] [gaze_estimate] IN: yaw=-0.10891264 pitch=-0.26921365 → OUT: yawOffset=-0.06610066 pitchOffset=-0.055163614 hasFace=true
[2026-07-01 11:24:28] [hand_detect] IN: hand_detect 1920x1080 → OUT: detected=true landmarks=21 confidence=0.57177734
[2026-07-01 11:24:28] [gesture_analyze] IN: gesture_analyze type=none → OUT: gesture=none confidence=0.00 isRepeat=false
[2026-07-01 11:24:28] [KEYPOINTS] IN: handSide=left palmCenter=0.41829825441042584,0.07204608122507732 → OUT: 
[2026-07-01 11:24:28] [face_detect] IN: face_detect → OUT: detected=true landmarks=76 roll=0.049087387 pitch=-0.26921365 yaw=-0.10891264 (4696ms)
[2026-07-01 11:24:28] [mouth_detect] IN: mouth_detect ratio=0.5077164 → OUT: status=CLOSED confirmed=CLOSED
[2026-07-01 11:24:28] [gaze_estimate] IN: yaw=-0.10891264 pitch=-0.26921365 → OUT: yawOffset=-0.06905007 pitchOffset=-0.056332022 hasFace=true
[2026-07-01 11:24:28] [hand_detect] IN: hand_detect 1920x1080 → OUT: detected=true landmarks=21 confidence=0.5708008
[2026-07-01 11:24:28] [gesture_analyze] IN: gesture_analyze type=none → OUT: gesture=none confidence=0.00 isRepeat=false
[2026-07-01 11:24:28] [KEYPOINTS] IN: handSide=left palmCenter=0.4184563060601552,0.07094796498616536 → OUT: 
[2026-07-01 11:24:28] [axScan] IN: windows=5 → OUT: raw=433 visible=417 [pid2479=1 pid2480=9 pid61336=31 pid79582=346 pid2478=30] (659ms)
[2026-07-01 11:24:28] [axEl] IN: pid=61336 role=AXButton → OUT: title= frame=(901,117,20,20) (0ms)
[2026-07-01 11:24:28] [axEl] IN: pid=61336 role=AXScrollBar → OUT: title= frame=(901,135,19,338) (0ms)
[2026-07-01 11:24:28] [axEl] IN: pid=61336 role=AXButton → OUT: title= frame=(905,139,11,310) (0ms)
[2026-07-01 11:24:28] [axEl] IN: pid=61336 role=AXButton → OUT: title= frame=(410,95,16,16) (0ms)
[2026-07-01 11:24:28] [axEl] IN: pid=61336 role=AXButton → OUT: title= frame=(456,95,16,16) (0ms)
[2026-07-01 11:24:28] [axEl] IN: pid=61336 role=AXButton → OUT: title= frame=(433,95,16,16) (0ms)
[2026-07-01 11:24:28] [axEl] IN: pid=61336 role=AXImage → OUT: title=diqibadao frame=(483,93,18,18) (0ms)
[2026-07-01 11:24:28] [axEl] IN: pid=61336 role=AXStaticText → OUT: title= frame=(502,95,407,16) (0ms)
[2026-07-01 11:24:28] [axEl] IN: pid=61336 role=AXButton → OUT: title= frame=(918,674,20,20) (0ms)
[2026-07-01 11:24:28] [axEl] IN: pid=61336 role=AXScrollBar → OUT: title= frame=(918,692,19,338) (0ms)
[2026-07-01 11:24:28] [axEl] IN: pid=61336 role=AXButton → OUT: title= frame=(922,696,11,310) (0ms)
[2026-07-01 11:24:28] [axEl] IN: pid=61336 role=AXButton → OUT: title= frame=(427,652,16,16) (0ms)
[2026-07-01 11:24:28] [axEl] IN: pid=61336 role=AXButton → OUT: title= frame=(473,652,16,16) (0ms)
[2026-07-01 11:24:28] [axEl] IN: pid=61336 role=AXButton → OUT: title= frame=(450,652,16,16) (0ms)
[2026-07-01 11:24:28] [axEl] IN: pid=61336 role=AXImage → OUT: title=diqibadao frame=(500,650,18,18) (0ms)
[2026-07-01 11:24:28] [axEl] IN: pid=61336 role=AXStaticText → OUT: title= frame=(519,652,241,16) (0ms)
[2026-07-01 11:24:28] [axEl] IN: pid=61336 role=AXButton → OUT: title= frame=(872,88,20,20) (0ms)
[2026-07-01 11:24:28] [axEl] IN: pid=61336 role=AXScrollBar → OUT: title= frame=(872,106,19,338) (0ms)
[2026-07-01 11:24:28] [axEl] IN: pid=61336 role=AXButton → OUT: title= frame=(876,110,11,310) (0ms)
[2026-07-01 11:24:28] [axEl] IN: pid=61336 role=AXButton → OUT: title= frame=(381,66,16,16) (0ms)
[2026-07-01 11:24:28] [axEl] IN: pid=61336 role=AXButton → OUT: title= frame=(427,66,16,16) (0ms)
[2026-07-01 11:24:28] [axEl] IN: pid=61336 role=AXButton → OUT: title= frame=(404,66,16,16) (0ms)
[2026-07-01 11:24:28] [axEl] IN: pid=61336 role=AXImage → OUT: title=diqibadao frame=(454,64,18,18) (0ms)
[2026-07-01 11:24:28] [axEl] IN: pid=61336 role=AXStaticText → OUT: title= frame=(473,66,241,16) (0ms)
[2026-07-01 11:24:28] [axEl] IN: pid=61336 role=AXMenuBarItem → OUT: title=Apple frame=(10,0,34,30) (0ms)
[2026-07-01 11:24:28] [axEl] IN: pid=61336 role=AXMenuBarItem → OUT: title=终端 frame=(43,0,47,30) (0ms)
[2026-07-01 11:24:28] [axEl] IN: pid=61336 role=AXMenuBarItem → OUT: title=Shell frame=(89,0,50,30) (0ms)
[2026-07-01 11:24:28] [axEl] IN: pid=61336 role=AXMenuBarItem → OUT: title=编辑 frame=(138,0,47,30) (0ms)
[2026-07-01 11:24:28] [axEl] IN: pid=61336 role=AXMenuBarItem → OUT: title=显示 frame=(184,0,47,30) (0ms)
[2026-07-01 11:24:28] [axEl] IN: pid=61336 role=AXMenuBarItem → OUT: title=窗口 frame=(230,0,47,30) (0ms)
[2026-07-01 11:24:28] [axEl] IN: pid=61336 role=AXMenuBarItem → OUT: title=帮助 frame=(276,0,47,30) (0ms)
[2026-07-01 11:24:28] [axEl] IN: pid=79582 role=AXLink → OUT: title=跳到输入框 frame=(1390,36,83,35) (0ms)
[2026-07-01 11:24:28] [axEl] IN: pid=79582 role=AXStaticText → OUT: title= frame=(1402,45,59,17) (0ms)
[2026-07-01 11:24:28] [axEl] IN: pid=79582 role=AXImage → OUT: title= frame=(1019,123,118,28) (0ms)
[2026-07-01 11:24:28] [axEl] IN: pid=79582 role=AXButton → OUT: title=新建对话 frame=(1026,173,240,38) (0ms)
[2026-07-01 11:24:28] [axEl] IN: pid=79582 role=AXStaticText → OUT: title= frame=(1032,226,25,18) (0ms)
[2026-07-01 11:24:28] [axEl] IN: pid=79582 role=AXButton → OUT: title=技能 frame=(1026,255,240,30) (0ms)
[2026-07-01 11:24:28] [axEl] IN: pid=79582 role=AXButton → OUT: title=记忆 frame=(1026,289,240,30) (0ms)
[2026-07-01 11:24:28] [axEl] IN: pid=79582 role=AXButton → OUT: title=消息通道 frame=(1026,323,240,30) (0ms)
[2026-07-01 11:24:28] [axEl] IN: pid=79582 role=AXButton → OUT: title=自动化 frame=(1026,357,240,30) (0ms)
[2026-07-01 11:24:28] [axEl] IN: pid=79582 role=AXStaticText → OUT: title= frame=(1032,411,26,18) (0ms)
[2026-07-01 11:24:28] [axEl] IN: pid=79582 role=AXPopUpButton → OUT: title=按时间筛选 frame=(1174,408,24,22) (0ms)
[2026-07-01 11:24:28] [axEl] IN: pid=79582 role=AXCheckBox → OUT: title=收起所有项目 frame=(1204,408,22,22) (0ms)
[2026-07-01 11:24:28] [axEl] IN: pid=79582 role=AXButton → OUT: title=添加新项目 frame=(1235,408,22,22) (0ms)
[2026-07-01 11:24:28] [axEl] IN: pid=79582 role=AXButton → OUT: title=Global frame=(1028,446,204,32) (0ms)
[2026-07-01 11:24:28] [axEl] IN: pid=79582 role=AXButton → OUT: title=新建会话 frame=(1238,450,24,24) (0ms)
[2026-07-01 11:24:28] [axEl] IN: pid=79582 role=AXButton → OUT: title=已粘贴文本 #3 · 71 行] … frame=(1044,483,219,23) (0ms)
[2026-07-01 11:24:28] [axEl] IN: pid=79582 role=AXButton → OUT: title=调研技术方案 @.reasonix… frame=(1044,508,219,23) (0ms)
[2026-07-01 11:24:28] [axEl] IN: pid=79582 role=AXButton → OUT: title=光标控制和手势控制的启动关闭按钮呢 … frame=(1044,533,219,23) (0ms)
[2026-07-01 11:24:28] [axEl] IN: pid=79582 role=AXButton → OUT: title=光标控制和手势控制的启动关闭按钮呢 … frame=(1044,558,219,23) (0ms)
[2026-07-01 11:24:28] [axEl] IN: pid=79582 role=AXButton → OUT: title=新的会话 frame=(1044,583,219,28) (0ms)
[2026-07-01 11:24:28] [axEl] IN: pid=79582 role=AXButton → OUT: title=嗨 你好啊 frame=(1044,613,219,24) (0ms)
[2026-07-01 11:24:28] [axEl] IN: pid=79582 role=AXButton → OUT: title=global会话卡住了 看看啥情况 frame=(1044,638,219,24) (0ms)
[2026-07-01 11:24:28] [axEl] IN: pid=79582 role=AXButton → OUT: title=<memory-compiler-e… frame=(1044,663,219,24) (0ms)
[2026-07-01 11:24:28] [axEl] IN: pid=79582 role=AXButton → OUT: title=自然识别App调研，你看看我的桌面这… frame=(1044,688,219,24) (0ms)
[2026-07-01 11:24:28] [axEl] IN: pid=79582 role=AXButton → OUT: title=我使用的飞鸟加速外网好慢啊 检查下可… frame=(1044,713,219,24) (0ms)
[2026-07-01 11:24:28] [axEl] IN: pid=79582 role=AXButton → OUT: title=<active-goal> 我感觉c… frame=(1044,738,219,24) (0ms)
[2026-07-01 11:24:28] [axEl] IN: pid=79582 role=AXCheckBox → OUT: title=搜索项目或会话 frame=(1026,956,56,30) (0ms)
[2026-07-01 11:24:28] [axEl] IN: pid=79582 role=AXButton → OUT: title= frame=(1087,956,56,30) (0ms)
[2026-07-01 11:24:28] [axEl] IN: pid=79582 role=AXButton → OUT: title= frame=(1149,956,56,30) (0ms)
[2026-07-01 11:24:28] [axEl] IN: pid=79582 role=AXButton → OUT: title= frame=(1210,956,56,30) (0ms)
[2026-07-01 11:24:28] [axEl] IN: pid=79582 role=AXCheckBox → OUT: title=收起导航 frame=(1265,517,26,47) (0ms)
[2026-07-01 11:24:28] [axEl] IN: pid=79582 role=AXHeading → OUT: title=重命名会话 frame=(1296,103,176,19) (0ms)
[2026-07-01 11:24:28] [axEl] IN: pid=79582 role=AXButton → OUT: title=重命名会话 frame=(1296,103,176,19) (0ms)
[2026-07-01 11:24:28] [axEl] IN: pid=79582 role=AXButton → OUT: title=复制会话 frame=(1621,102,30,28) (0ms)
[2026-07-01 11:24:28] [axEl] IN: pid=79582 role=AXPopUpButton → OUT: title=导出会话 frame=(1657,102,30,28) (0ms)
[2026-07-01 11:24:28] [axEl] IN: pid=79582 role=AXCheckBox → OUT: title=改动 frame=(1693,102,30,28) (0ms)
[2026-07-01 11:24:28] [axEl] IN: pid=79582 role=AXButton → OUT: title=键盘快捷键 frame=(1729,102,30,28) (0ms)
[2026-07-01 11:24:28] [axEl] IN: pid=79582 role=AXButton → OUT: title=命令 frame=(1765,102,30,28) (0ms)
[2026-07-01 11:24:28] [axEl] IN: pid=79582 role=AXCheckBox → OUT: title=展开工作区 frame=(1801,102,30,28) (0ms)
[2026-07-01 11:24:28] [axEl] IN: pid=79582 role=AXStaticText → OUT: title= frame=(1362,1,24,16) (0ms)
[2026-07-01 11:24:28] [axEl] IN: pid=79582 role=AXStaticText → OUT: title= frame=(1428,1,9,16) (0ms)
[2026-07-01 11:24:28] [axEl] IN: pid=79582 role=AXStaticText → OUT: title= frame=(1453,1,264,16) (0ms)
[2026-07-01 11:24:28] [axEl] IN: pid=79582 role=AXStaticText → OUT: title= frame=(1362,21,24,15) (0ms)
[2026-07-01 11:24:28] [axEl] IN: pid=79582 role=AXStaticText → OUT: title= frame=(1399,21,24,15) (0ms)
[2026-07-01 11:24:28] [axEl] IN: pid=79582 role=AXStaticText → OUT: title= frame=(1453,21,102,15) (0ms)
[2026-07-01 11:24:28] [axEl] IN: pid=79582 role=AXStaticText → OUT: title= frame=(1362,40,24,16) (0ms)
[2026-07-01 11:24:28] [axEl] IN: pid=79582 role=AXStaticText → OUT: title= frame=(1399,40,24,16) (0ms)
[2026-07-01 11:24:28] [axEl] IN: pid=79582 role=AXStaticText → OUT: title= frame=(1453,40,233,16) (0ms)
[2026-07-01 11:24:28] [axEl] IN: pid=79582 role=AXStaticText → OUT: title= frame=(1362,59,24,16) (0ms)
[2026-07-01 11:24:28] [axEl] IN: pid=79582 role=AXStaticText → OUT: title= frame=(1399,59,24,16) (0ms)
[2026-07-01 11:24:28] [axEl] IN: pid=79582 role=AXButton → OUT: title= frame=(1342,7,234,28) (0ms)
[2026-07-01 11:24:28] [axEl] IN: pid=79582 role=AXButton → OUT: title= frame=(1342,37,514,28) (0ms)
[2026-07-01 11:24:28] [axEl] IN: pid=79582 role=AXButton → OUT: title= frame=(1316,13,495,18) (0ms)
[2026-07-01 11:24:28] [axEl] IN: pid=79582 role=AXButton → OUT: title= frame=(1342,41,507,29) (0ms)
[2026-07-01 11:24:28] [axEl] IN: pid=79582 role=AXStaticText → OUT: title= frame=(1362,76,24,16) (0ms)
[2026-07-01 11:24:28] [axEl] IN: pid=79582 role=AXStaticText → OUT: title= frame=(1399,76,24,16) (0ms)
[2026-07-01 11:24:28] [axEl] IN: pid=79582 role=AXStaticText → OUT: title= frame=(1362,95,24,16) (0ms)
[2026-07-01 11:24:28] [axEl] IN: pid=79582 role=AXStaticText → OUT: title= frame=(1399,95,24,16) (0ms)
[2026-07-01 11:24:28] [axEl] IN: pid=79582 role=AXStaticText → OUT: title= frame=(1453,95,387,16) (0ms)
[2026-07-01 11:24:28] [axEl] IN: pid=79582 role=AXStaticText → OUT: title= frame=(1362,115,24,15) (0ms)
[2026-07-01 11:24:28] [axEl] IN: pid=79582 role=AXStaticText → OUT: title= frame=(1399,115,24,15) (0ms)
[2026-07-01 11:24:28] [axEl] IN: pid=79582 role=AXStaticText → OUT: title= frame=(1453,115,217,15) (0ms)
[2026-07-01 11:24:28] [axEl] IN: pid=79582 role=AXStaticText → OUT: title= frame=(1362,134,24,16) (0ms)
[2026-07-01 11:24:28] [axEl] IN: pid=79582 role=AXStaticText → OUT: title= frame=(1428,134,9,16) (0ms)
[2026-07-01 11:24:28] [axEl] IN: pid=79582 role=AXStaticText → OUT: title= frame=(1453,134,432,16) (0ms)
[2026-07-01 11:24:28] [axEl] IN: pid=79582 role=AXStaticText → OUT: title= frame=(1362,154,24,15) (0ms)
[2026-07-01 11:24:28] [axEl] IN: pid=79582 role=AXStaticText → OUT: title= frame=(1428,154,9,15) (0ms)
[2026-07-01 11:24:28] [axEl] IN: pid=79582 role=AXStaticText → OUT: title= frame=(1453,154,295,15) (0ms)
[2026-07-01 11:24:28] [axEl] IN: pid=79582 role=AXStaticText → OUT: title= frame=(1362,173,24,16) (0ms)
[2026-07-01 11:24:28] [axEl] IN: pid=79582 role=AXStaticText → OUT: title= frame=(1428,173,9,16) (0ms)
[2026-07-01 11:24:28] [axEl] IN: pid=79582 role=AXStaticText → OUT: title= frame=(1453,173,264,16) (0ms)
[2026-07-01 11:24:28] [axEl] IN: pid=79582 role=AXStaticText → OUT: title= frame=(1362,192,24,16) (0ms)
[2026-07-01 11:24:28] [axEl] IN: pid=79582 role=AXStaticText → OUT: title= frame=(1428,192,9,16) (0ms)
[2026-07-01 11:24:28] [axEl] IN: pid=79582 role=AXStaticText → OUT: title= frame=(1453,192,727,16) (0ms)
[2026-07-01 11:24:28] [axEl] IN: pid=79582 role=AXStaticText → OUT: title= frame=(1362,212,24,15) (0ms)
[2026-07-01 11:24:28] [axEl] IN: pid=79582 role=AXStaticText → OUT: title= frame=(1428,212,9,15) (0ms)
[2026-07-01 11:24:28] [axEl] IN: pid=79582 role=AXStaticText → OUT: title= frame=(1453,212,836,15) (0ms)
[2026-07-01 11:24:28] [axEl] IN: pid=79582 role=AXStaticText → OUT: title= frame=(1362,231,24,16) (0ms)
[2026-07-01 11:24:28] [axEl] IN: pid=79582 role=AXStaticText → OUT: title= frame=(1428,231,9,16) (0ms)
[2026-07-01 11:24:28] [axEl] IN: pid=79582 role=AXStaticText → OUT: title= frame=(1453,231,187,16) (0ms)
[2026-07-01 11:24:28] [axEl] IN: pid=79582 role=AXStaticText → OUT: title= frame=(1362,250,24,16) (0ms)
[2026-07-01 11:24:28] [axEl] IN: pid=79582 role=AXStaticText → OUT: title= frame=(1428,250,9,16) (0ms)
[2026-07-01 11:24:28] [axEl] IN: pid=79582 role=AXStaticText → OUT: title= frame=(1453,250,310,16) (0ms)
[2026-07-01 11:24:28] [axEl] IN: pid=79582 role=AXStaticText → OUT: title= frame=(1362,270,24,15) (0ms)
[2026-07-01 11:24:28] [axEl] IN: pid=79582 role=AXStaticText → OUT: title= frame=(1428,270,9,15) (0ms)
[2026-07-01 11:24:28] [axEl] IN: pid=79582 role=AXStaticText → OUT: title= frame=(1453,270,295,15) (0ms)
[2026-07-01 11:24:28] [axEl] IN: pid=79582 role=AXStaticText → OUT: title= frame=(1362,289,24,16) (0ms)
[2026-07-01 11:24:28] [axEl] IN: pid=79582 role=AXStaticText → OUT: title= frame=(1428,289,9,16) (0ms)
[2026-07-01 11:24:28] [axEl] IN: pid=79582 role=AXStaticText → OUT: title= frame=(1453,289,295,16) (0ms)
[2026-07-01 11:24:28] [axEl] IN: pid=79582 role=AXStaticText → OUT: title= frame=(1362,309,24,15) (0ms)
[2026-07-01 11:24:28] [axEl] IN: pid=79582 role=AXStaticText → OUT: title= frame=(1428,309,9,15) (0ms)
[2026-07-01 11:24:28] [axEl] IN: pid=79582 role=AXStaticText → OUT: title= frame=(1453,309,132,15) (0ms)
[2026-07-01 11:24:28] [axEl] IN: pid=79582 role=AXStaticText → OUT: title= frame=(1362,328,24,16) (0ms)
[2026-07-01 11:24:28] [axEl] IN: pid=79582 role=AXStaticText → OUT: title= frame=(1428,328,9,16) (0ms)
[2026-07-01 11:24:28] [axEl] IN: pid=79582 role=AXStaticText → OUT: title= frame=(1453,328,102,16) (0ms)
[2026-07-01 11:24:28] [axEl] IN: pid=79582 role=AXStaticText → OUT: title= frame=(1362,347,24,16) (0ms)
[2026-07-01 11:24:28] [axEl] IN: pid=79582 role=AXStaticText → OUT: title= frame=(1399,347,24,16) (0ms)
[2026-07-01 11:24:28] [axEl] IN: pid=79582 role=AXStaticText → OUT: title= frame=(1453,347,626,16) (0ms)
[2026-07-01 11:24:28] [axEl] IN: pid=79582 role=AXStaticText → OUT: title= frame=(1362,367,24,15) (0ms)
[2026-07-01 11:24:28] [axEl] IN: pid=79582 role=AXStaticText → OUT: title= frame=(1399,367,24,15) (0ms)
[2026-07-01 11:24:28] [axEl] IN: pid=79582 role=AXStaticText → OUT: title= frame=(1453,367,489,15) (0ms)
[2026-07-01 11:24:28] [axEl] IN: pid=79582 role=AXStaticText → OUT: title= frame=(1362,386,24,16) (0ms)
[2026-07-01 11:24:28] [axEl] IN: pid=79582 role=AXStaticText → OUT: title= frame=(1399,386,24,16) (0ms)
[2026-07-01 11:24:28] [axEl] IN: pid=79582 role=AXStaticText → OUT: title= frame=(1453,386,341,16) (0ms)
[2026-07-01 11:24:28] [axEl] IN: pid=79582 role=AXButton → OUT: title=深度思考 frame=(1316,56,69,19) (0ms)
[2026-07-01 11:24:28] [axEl] IN: pid=79582 role=AXButton → OUT: title= frame=(1316,86,167,25) (0ms)
[2026-07-01 11:24:28] [axEl] IN: pid=79582 role=AXButton → OUT: title= frame=(1316,131,495,19) (0ms)
[2026-07-01 11:24:28] [axEl] IN: pid=79582 role=AXButton → OUT: title= frame=(1342,159,513,29) (0ms)
[2026-07-01 11:24:28] [axEl] IN: pid=79582 role=AXButton → OUT: title=深度思考 frame=(1316,174,69,19) (0ms)
[2026-07-01 11:24:28] [axEl] IN: pid=79582 role=AXStaticText → OUT: title= frame=(1316,204,449,21) (0ms)
[2026-07-01 11:24:28] [axEl] IN: pid=79582 role=AXButton → OUT: title= frame=(1316,246,167,25) (0ms)
[2026-07-01 11:24:28] [axEl] IN: pid=79582 role=AXButton → OUT: title= frame=(1316,249,495,19) (0ms)
[2026-07-01 11:24:28] [axEl] IN: pid=79582 role=AXButton → OUT: title= frame=(1342,277,165,29) (0ms)
[2026-07-01 11:24:28] [axEl] IN: pid=79582 role=AXButton → OUT: title=深度思考 frame=(1316,293,69,19) (0ms)
[2026-07-01 11:24:28] [axEl] IN: pid=79582 role=AXButton → OUT: title= frame=(1316,322,167,25) (0ms)
[2026-07-01 11:24:28] [axEl] IN: pid=79582 role=AXButton → OUT: title= frame=(1316,367,495,19) (0ms)
[2026-07-01 11:24:28] [axEl] IN: pid=79582 role=AXButton → OUT: title= frame=(1342,395,290,29) (0ms)
[2026-07-01 11:24:28] [axEl] IN: pid=79582 role=AXButton → OUT: title=深度思考 frame=(1316,411,69,19) (0ms)
[2026-07-01 11:24:28] [axEl] IN: pid=79582 role=AXButton → OUT: title= frame=(1316,440,167,25) (0ms)
[2026-07-01 11:24:28] [axEl] IN: pid=79582 role=AXButton → OUT: title= frame=(1316,485,495,19) (0ms)
[2026-07-01 11:24:28] [axEl] IN: pid=79582 role=AXButton → OUT: title= frame=(1342,513,507,29) (0ms)
[2026-07-01 11:24:28] [axEl] IN: pid=79582 role=AXStaticText → OUT: title= frame=(1370,549,16,15) (0ms)
[2026-07-01 11:24:28] [axEl] IN: pid=79582 role=AXStaticText → OUT: title= frame=(1407,549,16,15) (0ms)
[2026-07-01 11:24:28] [axEl] IN: pid=79582 role=AXStaticText → OUT: title= frame=(1453,549,426,15) (0ms)
[2026-07-01 11:24:28] [axEl] IN: pid=79582 role=AXStaticText → OUT: title= frame=(1370,568,16,16) (0ms)
[2026-07-01 11:24:28] [axEl] IN: pid=79582 role=AXStaticText → OUT: title= frame=(1407,568,16,16) (0ms)
[2026-07-01 11:24:28] [axEl] IN: pid=79582 role=AXStaticText → OUT: title= frame=(1453,568,449,16) (0ms)
[2026-07-01 11:24:28] [axEl] IN: pid=79582 role=AXStaticText → OUT: title= frame=(1370,588,16,15) (0ms)
[2026-07-01 11:24:28] [axEl] IN: pid=79582 role=AXStaticText → OUT: title= frame=(1407,588,16,15) (0ms)
[2026-07-01 11:24:28] [axEl] IN: pid=79582 role=AXStaticText → OUT: title= frame=(1453,588,380,15) (0ms)
[2026-07-01 11:24:28] [axEl] IN: pid=79582 role=AXStaticText → OUT: title= frame=(1370,607,16,16) (0ms)
[2026-07-01 11:24:28] [axEl] IN: pid=79582 role=AXStaticText → OUT: title= frame=(1428,607,9,16) (0ms)
[2026-07-01 11:24:28] [axEl] IN: pid=79582 role=AXStaticText → OUT: title= frame=(1453,607,380,16) (0ms)
[2026-07-01 11:24:28] [axEl] IN: pid=79582 role=AXStaticText → OUT: title= frame=(1362,626,24,16) (0ms)
[2026-07-01 11:24:28] [axEl] IN: pid=79582 role=AXStaticText → OUT: title= frame=(1407,626,16,16) (0ms)
[2026-07-01 11:24:28] [axEl] IN: pid=79582 role=AXStaticText → OUT: title= frame=(1453,626,380,16) (0ms)
[2026-07-01 11:24:28] [axEl] IN: pid=79582 role=AXStaticText → OUT: title= frame=(1362,646,24,15) (0ms)
[2026-07-01 11:24:28] [axEl] IN: pid=79582 role=AXStaticText → OUT: title= frame=(1399,646,24,15) (0ms)
[2026-07-01 11:24:28] [axEl] IN: pid=79582 role=AXStaticText → OUT: title= frame=(1453,646,434,15) (0ms)
[2026-07-01 11:24:28] [axEl] IN: pid=79582 role=AXStaticText → OUT: title= frame=(1362,665,24,16) (0ms)
[2026-07-01 11:24:28] [axEl] IN: pid=79582 role=AXStaticText → OUT: title= frame=(1399,665,24,16) (0ms)
[2026-07-01 11:24:28] [axEl] IN: pid=79582 role=AXStaticText → OUT: title= frame=(1453,665,349,16) (0ms)
[2026-07-01 11:24:28] [axEl] IN: pid=79582 role=AXButton → OUT: title=深度思考 frame=(1316,529,69,19) (0ms)
[2026-07-01 11:24:28] [axEl] IN: pid=79582 role=AXButton → OUT: title= frame=(1316,558,167,25) (0ms)
[2026-07-01 11:24:28] [axEl] IN: pid=79582 role=AXButton → OUT: title= frame=(1316,603,495,19) (0ms)
[2026-07-01 11:24:28] [axEl] IN: pid=79582 role=AXButton → OUT: title= frame=(1342,632,514,29) (0ms)
[2026-07-01 11:24:28] [axEl] IN: pid=79582 role=AXStaticText → OUT: title= frame=(1362,0,24,15) (0ms)
[2026-07-01 11:24:28] [axEl] IN: pid=79582 role=AXStaticText → OUT: title= frame=(1428,0,9,15) (0ms)
[2026-07-01 11:24:28] [axEl] IN: pid=79582 role=AXStaticText → OUT: title= frame=(1453,0,496,15) (0ms)
[2026-07-01 11:24:28] [axEl] IN: pid=79582 role=AXStaticText → OUT: title= frame=(1362,19,24,16) (0ms)
[2026-07-01 11:24:28] [axEl] IN: pid=79582 role=AXStaticText → OUT: title= frame=(1428,19,9,16) (0ms)
[2026-07-01 11:24:28] [axEl] IN: pid=79582 role=AXStaticText → OUT: title= frame=(1453,19,71,16) (0ms)
[2026-07-01 11:24:28] [axEl] IN: pid=79582 role=AXStaticText → OUT: title= frame=(1399,38,24,16) (0ms)
[2026-07-01 11:24:28] [axEl] IN: pid=79582 role=AXStaticText → OUT: title= frame=(1428,38,9,16) (0ms)
[2026-07-01 11:24:28] [axEl] IN: pid=79582 role=AXStaticText → OUT: title= frame=(1453,38,256,16) (0ms)
[2026-07-01 11:24:28] [axEl] IN: pid=79582 role=AXStaticText → OUT: title= frame=(1399,58,24,15) (0ms)
[2026-07-01 11:24:28] [axEl] IN: pid=79582 role=AXStaticText → OUT: title= frame=(1428,58,9,15) (0ms)
[2026-07-01 11:24:28] [axEl] IN: pid=79582 role=AXStaticText → OUT: title= frame=(1453,58,233,15) (0ms)
[2026-07-01 11:24:28] [axEl] IN: pid=79582 role=AXStaticText → OUT: title= frame=(1362,77,24,16) (0ms)
[2026-07-01 11:24:28] [axEl] IN: pid=79582 role=AXStaticText → OUT: title= frame=(1399,77,24,16) (0ms)
[2026-07-01 11:24:28] [axEl] IN: pid=79582 role=AXStaticText → OUT: title= frame=(1453,77,202,16) (0ms)
[2026-07-01 11:24:28] [axEl] IN: pid=79582 role=AXStaticText → OUT: title= frame=(1362,97,24,15) (0ms)
[2026-07-01 11:24:28] [axEl] IN: pid=79582 role=AXStaticText → OUT: title= frame=(1399,97,24,15) (0ms)
[2026-07-01 11:24:28] [axEl] IN: pid=79582 role=AXStaticText → OUT: title= frame=(1453,97,40,15) (0ms)
[2026-07-01 11:24:28] [axEl] IN: pid=79582 role=AXStaticText → OUT: title= frame=(1362,116,24,16) (0ms)
[2026-07-01 11:24:28] [axEl] IN: pid=79582 role=AXStaticText → OUT: title= frame=(1399,116,24,16) (0ms)
[2026-07-01 11:24:28] [axEl] IN: pid=79582 role=AXStaticText → OUT: title= frame=(1362,-3,24,16) (0ms)
[2026-07-01 11:24:28] [axEl] IN: pid=79582 role=AXStaticText → OUT: title= frame=(1428,-3,9,16) (0ms)
[2026-07-01 11:24:28] [axEl] IN: pid=79582 role=AXStaticText → OUT: title= frame=(1362,16,24,16) (0ms)
[2026-07-01 11:24:28] [axEl] IN: pid=79582 role=AXStaticText → OUT: title= frame=(1399,16,24,16) (0ms)
[2026-07-01 11:24:28] [axEl] IN: pid=79582 role=AXStaticText → OUT: title= frame=(1453,16,426,16) (0ms)
[2026-07-01 11:24:28] [axEl] IN: pid=79582 role=AXStaticText → OUT: title= frame=(1362,36,24,15) (0ms)
[2026-07-01 11:24:28] [axEl] IN: pid=79582 role=AXStaticText → OUT: title= frame=(1399,36,24,15) (0ms)
[2026-07-01 11:24:28] [axEl] IN: pid=79582 role=AXStaticText → OUT: title= frame=(1453,36,140,15) (0ms)
[2026-07-01 11:24:28] [axEl] IN: pid=79582 role=AXStaticText → OUT: title= frame=(1362,55,24,16) (0ms)
[2026-07-01 11:24:28] [axEl] IN: pid=79582 role=AXStaticText → OUT: title= frame=(1399,55,24,16) (0ms)
[2026-07-01 11:24:28] [axEl] IN: pid=79582 role=AXStaticText → OUT: title= frame=(1453,55,411,16) (0ms)
[2026-07-01 11:24:28] [axEl] IN: pid=79582 role=AXStaticText → OUT: title= frame=(1370,7,16,15) (0ms)
[2026-07-01 11:24:28] [axEl] IN: pid=79582 role=AXStaticText → OUT: title= frame=(1407,7,16,15) (0ms)
[2026-07-01 11:24:28] [axEl] IN: pid=79582 role=AXStaticText → OUT: title= frame=(1453,7,196,15) (0ms)
[2026-07-01 11:24:28] [axEl] IN: pid=79582 role=AXStaticText → OUT: title= frame=(1370,26,16,16) (0ms)
[2026-07-01 11:24:28] [axEl] IN: pid=79582 role=AXStaticText → OUT: title= frame=(1407,26,16,16) (0ms)
[2026-07-01 11:24:28] [axEl] IN: pid=79582 role=AXStaticText → OUT: title= frame=(1453,26,196,16) (0ms)
[2026-07-01 11:24:28] [axEl] IN: pid=79582 role=AXStaticText → OUT: title= frame=(1370,45,16,16) (0ms)
[2026-07-01 11:24:28] [axEl] IN: pid=79582 role=AXStaticText → OUT: title= frame=(1407,45,16,16) (0ms)
[2026-07-01 11:24:28] [axEl] IN: pid=79582 role=AXButton → OUT: title= frame=(1316,39,495,19) (0ms)
[2026-07-01 11:24:28] [axEl] IN: pid=79582 role=AXButton → OUT: title= frame=(1342,67,469,10) (0ms)
[2026-07-01 11:24:28] [axEl] IN: pid=79582 role=AXButton → OUT: title= frame=(1342,97,469,10) (0ms)
[2026-07-01 11:24:28] [axEl] IN: pid=79582 role=AXStaticText → OUT: title= frame=(1316,-5,259,20) (0ms)
[2026-07-01 11:24:28] [axEl] IN: pid=79582 role=AXButton → OUT: title= frame=(1316,36,167,25) (0ms)
[2026-07-01 11:24:28] [axEl] IN: pid=79582 role=AXButton → OUT: title=复制 frame=(1312,66,28,25) (0ms)
[2026-07-01 11:24:28] [axEl] IN: pid=79582 role=AXButton → OUT: title= frame=(1342,66,28,25) (0ms)
[2026-07-01 11:24:28] [axEl] IN: pid=79582 role=AXPopUpButton → OUT: title= frame=(1372,66,28,25) (0ms)
[2026-07-01 11:24:28] [axEl] IN: pid=79582 role=AXPopUpButton → OUT: title= frame=(1402,66,28,25) (0ms)
[2026-07-01 11:24:28] [axEl] IN: pid=79582 role=AXStaticText → OUT: title= frame=(1434,115,363,20) (0ms)
[2026-07-01 11:24:28] [axEl] IN: pid=79582 role=AXStaticText → OUT: title= frame=(1720,146,27,18) (0ms)
[2026-07-01 11:24:28] [axEl] IN: pid=79582 role=AXButton → OUT: title=复制 frame=(1755,143,22,23) (0ms)
[2026-07-01 11:24:28] [axEl] IN: pid=79582 role=AXButton → OUT: title=编辑 frame=(1785,143,22,23) (0ms)
[2026-07-01 11:24:28] [axEl] IN: pid=79582 role=AXStaticText → OUT: title= frame=(1419,190,376,55) (0ms)
[2026-07-01 11:24:28] [axEl] IN: pid=79582 role=AXStaticText → OUT: title= frame=(1720,256,27,18) (0ms)
[2026-07-01 11:24:28] [axEl] IN: pid=79582 role=AXButton → OUT: title=复制 frame=(1755,253,22,23) (0ms)
[2026-07-01 11:24:28] [axEl] IN: pid=79582 role=AXButton → OUT: title=编辑 frame=(1785,253,22,23) (0ms)
[2026-07-01 11:24:28] [axEl] IN: pid=79582 role=AXButton → OUT: title=工具调用已处理 21s frame=(1316,295,69,19) (0ms)
[2026-07-01 11:24:28] [axEl] IN: pid=79582 role=AXButton → OUT: title=深度思考 frame=(1316,331,495,10) (0ms)
[2026-07-01 11:24:28] [axEl] IN: pid=79582 role=AXButton → OUT: title= frame=(1316,331,495,10) (0ms)
[2026-07-01 11:24:28] [axEl] IN: pid=79582 role=AXButton → OUT: title=已探索 1 次搜索 frame=(1316,407,495,19) (0ms)
[2026-07-01 11:24:28] [axEl] IN: pid=79582 role=AXButton → OUT: title= frame=(1342,435,469,10) (0ms)
[2026-07-01 11:24:28] [axEl] IN: pid=79582 role=AXButton → OUT: title=深度思考 frame=(1316,449,495,10) (0ms)
[2026-07-01 11:24:28] [axEl] IN: pid=79582 role=AXButton → OUT: title= frame=(1316,449,495,10) (0ms)
[2026-07-01 11:24:28] [axEl] IN: pid=79582 role=AXButton → OUT: title=Shell 1 次命令 frame=(1316,525,495,19) (0ms)
[2026-07-01 11:24:28] [axEl] IN: pid=79582 role=AXButton → OUT: title= frame=(1342,553,469,10) (0ms)
[2026-07-01 11:24:28] [axEl] IN: pid=79582 role=AXButton → OUT: title=深度思考 frame=(1316,567,495,10) (0ms)
[2026-07-01 11:24:28] [axEl] IN: pid=79582 role=AXButton → OUT: title= frame=(1316,567,495,10) (0ms)
[2026-07-01 11:24:28] [axEl] IN: pid=79582 role=AXButton → OUT: title=Shell 1 次命令 frame=(1316,643,495,19) (0ms)
[2026-07-01 11:24:28] [axEl] IN: pid=79582 role=AXButton → OUT: title= frame=(1342,671,469,10) (0ms)
[2026-07-01 11:24:28] [axEl] IN: pid=79582 role=AXButton → OUT: title=深度思考 frame=(1316,685,495,10) (0ms)
[2026-07-01 11:24:28] [axEl] IN: pid=79582 role=AXButton → OUT: title= frame=(1316,685,495,10) (0ms)
[2026-07-01 11:24:28] [axEl] IN: pid=79582 role=AXButton → OUT: title=Shell 1 次命令 frame=(1316,761,495,19) (0ms)
[2026-07-01 11:24:28] [axEl] IN: pid=79582 role=AXButton → OUT: title= frame=(1342,789,469,10) (0ms)
[2026-07-01 11:24:28] [axEl] IN: pid=79582 role=AXButton → OUT: title=深度思考 frame=(1316,803,495,10) (0ms)
[2026-07-01 11:24:28] [axEl] IN: pid=79582 role=AXButton → OUT: title= frame=(1316,803,495,10) (0ms)
[2026-07-01 11:24:28] [axEl] IN: pid=79582 role=AXButton → OUT: title=Shell 1 次命令 frame=(1316,879,495,19) (0ms)
[2026-07-01 11:24:28] [axEl] IN: pid=79582 role=AXButton → OUT: title= frame=(1342,907,469,10) (0ms)
[2026-07-01 11:24:28] [axEl] IN: pid=79582 role=AXButton → OUT: title=深度思考 frame=(1316,921,495,10) (0ms)
[2026-07-01 11:24:28] [axEl] IN: pid=79582 role=AXButton → OUT: title= frame=(1316,921,495,10) (0ms)
[2026-07-01 11:24:28] [axEl] IN: pid=79582 role=AXButton → OUT: title=已探索 1 次读取 frame=(1316,997,495,19) (0ms)
[2026-07-01 11:24:28] [axEl] IN: pid=79582 role=AXButton → OUT: title= frame=(1342,1026,469,10) (0ms)
[2026-07-01 11:24:28] [axEl] IN: pid=79582 role=AXButton → OUT: title=深度思考 frame=(1316,1040,495,10) (0ms)
[2026-07-01 11:24:28] [axEl] IN: pid=79582 role=AXButton → OUT: title= frame=(1316,1040,495,10) (0ms)
[2026-07-01 11:24:28] [axEl] IN: pid=79582 role=AXStaticText → OUT: title= frame=(1316,333,494,69) (0ms)
[2026-07-01 11:24:28] [axEl] IN: pid=79582 role=AXButton → OUT: title=5 条 Memory v5 编译引用 frame=(1316,424,167,25) (0ms)
[2026-07-01 11:24:28] [axEl] IN: pid=79582 role=AXButton → OUT: title=复制 frame=(1312,454,28,25) (0ms)
[2026-07-01 11:24:28] [axEl] IN: pid=79582 role=AXButton → OUT: title= frame=(1342,454,28,25) (0ms)
[2026-07-01 11:24:28] [axEl] IN: pid=79582 role=AXPopUpButton → OUT: title= frame=(1372,454,28,25) (0ms)
[2026-07-01 11:24:28] [axEl] IN: pid=79582 role=AXPopUpButton → OUT: title= frame=(1402,454,28,25) (0ms)
[2026-07-01 11:24:28] [axEl] IN: pid=79582 role=AXStaticText → OUT: title= frame=(1419,502,364,37) (0ms)
[2026-07-01 11:24:28] [axEl] IN: pid=79582 role=AXStaticText → OUT: title= frame=(1718,551,29,17) (0ms)
[2026-07-01 11:24:28] [axEl] IN: pid=79582 role=AXButton → OUT: title=复制 frame=(1755,548,22,23) (0ms)
[2026-07-01 11:24:28] [axEl] IN: pid=79582 role=AXButton → OUT: title=编辑 frame=(1785,548,22,23) (0ms)
[2026-07-01 11:24:28] [axEl] IN: pid=79582 role=AXButton → OUT: title=工具调用已处理 4s frame=(1316,590,69,19) (0ms)
[2026-07-01 11:24:28] [axEl] IN: pid=79582 role=AXButton → OUT: title=深度思考 frame=(1316,627,69,19) (0ms)
[2026-07-01 11:24:28] [axEl] IN: pid=79582 role=AXStaticText → OUT: title= frame=(1316,657,349,20) (0ms)
[2026-07-01 11:24:28] [axEl] IN: pid=79582 role=AXButton → OUT: title= frame=(1316,699,167,25) (0ms)
[2026-07-01 11:24:28] [axEl] IN: pid=79582 role=AXButton → OUT: title=已修改 1 次编辑 frame=(1316,701,495,19) (0ms)
[2026-07-01 11:24:28] [axEl] IN: pid=79582 role=AXButton → OUT: title= frame=(1342,729,92,29) (0ms)
[2026-07-01 11:24:28] [axEl] IN: pid=79582 role=AXStaticText → OUT: title= frame=(1370,765,16,15) (0ms)
[2026-07-01 11:24:28] [axEl] IN: pid=79582 role=AXStaticText → OUT: title= frame=(1407,765,16,15) (0ms)
[2026-07-01 11:24:28] [axEl] IN: pid=79582 role=AXStaticText → OUT: title= frame=(1453,765,318,15) (0ms)
[2026-07-01 11:24:28] [axEl] IN: pid=79582 role=AXStaticText → OUT: title= frame=(1370,784,16,16) (0ms)
[2026-07-01 11:24:28] [axEl] IN: pid=79582 role=AXStaticText → OUT: title= frame=(1407,784,16,16) (0ms)
[2026-07-01 11:24:28] [axEl] IN: pid=79582 role=AXStaticText → OUT: title= frame=(1453,784,217,16) (0ms)
[2026-07-01 11:24:28] [axEl] IN: pid=79582 role=AXStaticText → OUT: title= frame=(1370,803,16,16) (0ms)
[2026-07-01 11:24:28] [axEl] IN: pid=79582 role=AXStaticText → OUT: title= frame=(1407,803,16,16) (0ms)
[2026-07-01 11:24:28] [axEl] IN: pid=79582 role=AXStaticText → OUT: title= frame=(1453,803,364,16) (0ms)
[2026-07-01 11:24:28] [axEl] IN: pid=79582 role=AXStaticText → OUT: title= frame=(1407,823,16,15) (0ms)
[2026-07-01 11:24:28] [axEl] IN: pid=79582 role=AXStaticText → OUT: title= frame=(1428,823,9,15) (0ms)
[2026-07-01 11:24:28] [axEl] IN: pid=79582 role=AXStaticText → OUT: title= frame=(1453,823,225,15) (0ms)
[2026-07-01 11:24:28] [axEl] IN: pid=79582 role=AXStaticText → OUT: title= frame=(1370,842,16,16) (0ms)
[2026-07-01 11:24:28] [axEl] IN: pid=79582 role=AXStaticText → OUT: title= frame=(1407,842,16,16) (0ms)
[2026-07-01 11:24:28] [axEl] IN: pid=79582 role=AXStaticText → OUT: title= frame=(1453,842,395,16) (0ms)
[2026-07-01 11:24:28] [axEl] IN: pid=79582 role=AXStaticText → OUT: title= frame=(1370,862,16,15) (0ms)
[2026-07-01 11:24:28] [axEl] IN: pid=79582 role=AXStaticText → OUT: title= frame=(1428,862,9,15) (0ms)
[2026-07-01 11:24:28] [axEl] IN: pid=79582 role=AXStaticText → OUT: title= frame=(1453,862,519,15) (0ms)
[2026-07-01 11:24:28] [axEl] IN: pid=79582 role=AXStaticText → OUT: title= frame=(1370,881,16,16) (0ms)
[2026-07-01 11:24:28] [axEl] IN: pid=79582 role=AXStaticText → OUT: title= frame=(1428,881,9,16) (0ms)
[2026-07-01 11:24:28] [axEl] IN: pid=79582 role=AXStaticText → OUT: title= frame=(1453,881,326,16) (0ms)
[2026-07-01 11:24:28] [axEl] IN: pid=79582 role=AXStaticText → OUT: title= frame=(1370,900,16,16) (0ms)
[2026-07-01 11:24:28] [axEl] IN: pid=79582 role=AXStaticText → OUT: title= frame=(1428,900,9,16) (0ms)
[2026-07-01 11:24:28] [axEl] IN: pid=79582 role=AXStaticText → OUT: title= frame=(1453,900,380,16) (0ms)
[2026-07-01 11:24:28] [axEl] IN: pid=79582 role=AXStaticText → OUT: title= frame=(1370,920,16,15) (0ms)
[2026-07-01 11:24:28] [axEl] IN: pid=79582 role=AXStaticText → OUT: title= frame=(1428,920,9,15) (0ms)
[2026-07-01 11:24:28] [axEl] IN: pid=79582 role=AXStaticText → OUT: title= frame=(1453,920,132,15) (0ms)
[2026-07-01 11:24:28] [axEl] IN: pid=79582 role=AXStaticText → OUT: title= frame=(1407,939,16,16) (0ms)
[2026-07-01 11:24:28] [axEl] IN: pid=79582 role=AXStaticText → OUT: title= frame=(1428,939,9,16) (0ms)
[2026-07-01 11:24:28] [axEl] IN: pid=79582 role=AXStaticText → OUT: title= frame=(1453,939,380,16) (0ms)
[2026-07-01 11:24:28] [axEl] IN: pid=79582 role=AXStaticText → OUT: title= frame=(1407,958,16,16) (0ms)
[2026-07-01 11:24:28] [axEl] IN: pid=79582 role=AXStaticText → OUT: title= frame=(1428,958,9,16) (0ms)
[2026-07-01 11:24:28] [axEl] IN: pid=79582 role=AXStaticText → OUT: title= frame=(1453,958,372,16) (0ms)
[2026-07-01 11:24:28] [axEl] IN: pid=79582 role=AXStaticText → OUT: title= frame=(1370,978,16,15) (0ms)
[2026-07-01 11:24:28] [axEl] IN: pid=79582 role=AXStaticText → OUT: title= frame=(1407,978,16,15) (0ms)
[2026-07-01 11:24:28] [axEl] IN: pid=79582 role=AXStaticText → OUT: title= frame=(1453,978,102,15) (0ms)
[2026-07-01 11:24:28] [axEl] IN: pid=79582 role=AXStaticText → OUT: title= frame=(1370,997,16,16) (0ms)
[2026-07-01 11:24:28] [axEl] IN: pid=79582 role=AXStaticText → OUT: title= frame=(1407,997,16,16) (0ms)
[2026-07-01 11:24:28] [axEl] IN: pid=79582 role=AXStaticText → OUT: title= frame=(1453,997,71,16) (0ms)
[2026-07-01 11:24:28] [axEl] IN: pid=79582 role=AXStaticText → OUT: title= frame=(1370,1017,16,15) (0ms)
[2026-07-01 11:24:28] [axEl] IN: pid=79582 role=AXStaticText → OUT: title= frame=(1407,1017,16,15) (0ms)
[2026-07-01 11:24:28] [axEl] IN: pid=79582 role=AXStaticText → OUT: title= frame=(1453,1017,457,15) (0ms)
[2026-07-01 11:24:28] [axEl] IN: pid=79582 role=AXButton → OUT: title=深度思考 frame=(1316,743,495,10) (0ms)
[2026-07-01 11:24:28] [axEl] IN: pid=79582 role=AXButton → OUT: title= frame=(1316,743,495,10) (0ms)
[2026-07-01 11:24:28] [axEl] IN: pid=79582 role=AXButton → OUT: title=Shell 1 次命令 frame=(1316,819,495,19) (0ms)
[2026-07-01 11:24:28] [axEl] IN: pid=79582 role=AXButton → OUT: title= frame=(1342,848,469,10) (0ms)
[2026-07-01 11:24:28] [axEl] IN: pid=79582 role=AXStaticText → OUT: title= frame=(1316,628,469,69) (0ms)
[2026-07-01 11:24:28] [axEl] IN: pid=79582 role=AXButton → OUT: title=5 条 Memory v5 编译引用 frame=(1316,718,167,25) (0ms)
[2026-07-01 11:24:28] [axEl] IN: pid=79582 role=AXButton → OUT: title=跳转到问题 16 frame=(1805,7,32,15) (0ms)
[2026-07-01 11:24:28] [axEl] IN: pid=79582 role=AXButton → OUT: title=跳转到问题 17 frame=(1805,27,32,15) (0ms)
[2026-07-01 11:24:28] [axEl] IN: pid=79582 role=AXButton → OUT: title=跳转到问题 18 frame=(1805,47,32,15) (0ms)
[2026-07-01 11:24:28] [axEl] IN: pid=79582 role=AXButton → OUT: title=跳转到问题 19 frame=(1805,67,32,15) (0ms)
[2026-07-01 11:24:28] [axEl] IN: pid=79582 role=AXButton → OUT: title=跳转到问题 20 frame=(1805,87,32,15) (0ms)
[2026-07-01 11:24:28] [axEl] IN: pid=79582 role=AXButton → OUT: title=跳转到问题 21 frame=(1805,107,32,15) (0ms)
[2026-07-01 11:24:28] [axEl] IN: pid=79582 role=AXButton → OUT: title=跳转到问题 22 frame=(1805,127,32,15) (0ms)
[2026-07-01 11:24:28] [axEl] IN: pid=79582 role=AXButton → OUT: title=跳转到问题 23 frame=(1805,147,32,15) (0ms)
[2026-07-01 11:24:28] [axEl] IN: pid=79582 role=AXButton → OUT: title=跳转到问题 24 frame=(1805,167,32,15) (0ms)
[2026-07-01 11:24:28] [axEl] IN: pid=79582 role=AXButton → OUT: title=跳转到问题 25 frame=(1805,187,32,15) (0ms)
[2026-07-01 11:24:28] [axEl] IN: pid=79582 role=AXButton → OUT: title=跳转到问题 26 frame=(1805,207,32,15) (0ms)
[2026-07-01 11:24:28] [axEl] IN: pid=79582 role=AXButton → OUT: title=跳转到问题 27 frame=(1805,227,32,15) (0ms)
[2026-07-01 11:24:28] [axEl] IN: pid=79582 role=AXButton → OUT: title=跳转到问题 28 frame=(1805,247,32,15) (0ms)
[2026-07-01 11:24:28] [axEl] IN: pid=79582 role=AXButton → OUT: title=跳转到问题 29 frame=(1805,267,32,15) (0ms)
[2026-07-01 11:24:28] [axEl] IN: pid=79582 role=AXButton → OUT: title=跳转到问题 30 frame=(1805,287,32,15) (0ms)
[2026-07-01 11:24:28] [axEl] IN: pid=79582 role=AXButton → OUT: title=跳转到问题 31 frame=(1805,307,32,15) (0ms)
[2026-07-01 11:24:28] [axEl] IN: pid=79582 role=AXButton → OUT: title=跳转到问题 32 frame=(1805,327,32,15) (0ms)
[2026-07-01 11:24:28] [axEl] IN: pid=79582 role=AXButton → OUT: title=跳转到问题 33 frame=(1805,347,32,15) (0ms)
[2026-07-01 11:24:28] [axEl] IN: pid=79582 role=AXButton → OUT: title=跳转到问题 34 frame=(1805,367,32,15) (0ms)
[2026-07-01 11:24:28] [axEl] IN: pid=79582 role=AXButton → OUT: title=跳转到问题 35 frame=(1805,387,32,15) (0ms)
[2026-07-01 11:24:28] [axEl] IN: pid=79582 role=AXButton → OUT: title=跳转到问题 36 frame=(1805,407,32,15) (0ms)
[2026-07-01 11:24:28] [axEl] IN: pid=79582 role=AXButton → OUT: title=跳转到问题 37 frame=(1805,427,32,15) (0ms)
[2026-07-01 11:24:28] [axEl] IN: pid=79582 role=AXButton → OUT: title=跳转到问题 38 frame=(1805,447,32,15) (0ms)
[2026-07-01 11:24:28] [axEl] IN: pid=79582 role=AXButton → OUT: title=跳转到问题 39 frame=(1805,467,32,15) (0ms)
[2026-07-01 11:24:28] [axEl] IN: pid=79582 role=AXButton → OUT: title=跳转到问题 40 frame=(1805,487,32,15) (0ms)
[2026-07-01 11:24:28] [axEl] IN: pid=79582 role=AXButton → OUT: title=跳转到问题 41 frame=(1805,507,32,15) (0ms)
[2026-07-01 11:24:28] [axEl] IN: pid=79582 role=AXButton → OUT: title=跳转到问题 42 frame=(1805,527,32,15) (0ms)
[2026-07-01 11:24:28] [axEl] IN: pid=79582 role=AXButton → OUT: title=跳转到问题 43 frame=(1805,547,32,15) (0ms)
[2026-07-01 11:24:28] [axEl] IN: pid=79582 role=AXButton → OUT: title=跳转到问题 44 frame=(1805,567,32,15) (0ms)
[2026-07-01 11:24:28] [axEl] IN: pid=79582 role=AXStaticText → OUT: title= frame=(1330,796,27,19) (0ms)
[2026-07-01 11:24:28] [axEl] IN: pid=79582 role=AXStaticText → OUT: title= frame=(1371,800,8,17) (0ms)
[2026-07-01 11:24:28] [axEl] IN: pid=79582 role=AXStaticText → OUT: title= frame=(1378,800,7,17) (0ms)
[2026-07-01 11:24:28] [axEl] IN: pid=79582 role=AXStaticText → OUT: title= frame=(1384,800,8,17) (0ms)
[2026-07-01 11:24:28] [axEl] IN: pid=79582 role=AXStaticText → OUT: title= frame=(1330,822,87,18) (0ms)
[2026-07-01 11:24:28] [axEl] IN: pid=79582 role=AXButton → OUT: title=展开 frame=(1709,797,41,25) (0ms)
[2026-07-01 11:24:28] [axEl] IN: pid=79582 role=AXButton → OUT: title=关闭 frame=(1755,797,42,25) (0ms)
[2026-07-01 11:24:28] [axEl] IN: pid=79582 role=AXTextArea → OUT: title=给 Reasonix 发消息… ( / 命令 · @ 文件 · ! 终端 ) frame=(1337,874,409,38) (0ms)
[2026-07-01 11:24:28] [axEl] IN: pid=79582 role=AXStaticText → OUT: title= frame=(1339,877,344,21) (0ms)
[2026-07-01 11:24:28] [axEl] IN: pid=79582 role=AXButton → OUT: title= frame=(1753,874,35,34) (0ms)
[2026-07-01 11:24:28] [axEl] IN: pid=79582 role=AXPopUpButton → OUT: title=协作方式 frame=(1332,929,29,28) (0ms)
[2026-07-01 11:24:28] [axEl] IN: pid=79582 role=AXCheckBox → OUT: title= frame=(1374,932,25,24) (0ms)
[2026-07-01 11:24:28] [axEl] IN: pid=79582 role=AXCheckBox → OUT: title= frame=(1402,932,25,24) (0ms)
[2026-07-01 11:24:28] [axEl] IN: pid=79582 role=AXCheckBox → OUT: title= frame=(1430,932,25,24) (0ms)
[2026-07-01 11:24:28] [axEl] IN: pid=79582 role=AXButton → OUT: title=deepseek-v4-pro · DeepSeek 官方 frame=(1571,929,141,28) (0ms)
[2026-07-01 11:24:28] [axEl] IN: pid=79582 role=AXPopUpButton → OUT: title=更多控制 frame=(1724,927,66,32) (0ms)
[2026-07-01 11:24:28] [axEl] IN: pid=79582 role=AXButton → OUT: title= frame=(1027,93,12,14) (0ms)
[2026-07-01 11:24:28] [axEl] IN: pid=79582 role=AXButton → OUT: title= frame=(1067,93,12,14) (0ms)
[2026-07-01 11:24:28] [axEl] IN: pid=79582 role=AXButton → OUT: title= frame=(1047,93,12,14) (0ms)
[2026-07-01 11:24:28] [axEl] IN: pid=79582 role=AXMenuBarItem → OUT: title=Apple frame=(10,0,34,30) (0ms)
[2026-07-01 11:24:28] [axEl] IN: pid=79582 role=AXMenuBarItem → OUT: title=Reasonix frame=(43,0,79,30) (0ms)
[2026-07-01 11:24:28] [axEl] IN: pid=79582 role=AXMenuBarItem → OUT: title=File frame=(121,0,43,30) (0ms)
[2026-07-01 11:24:28] [axEl] IN: pid=79582 role=AXMenuBarItem → OUT: title=Edit frame=(163,0,44,30) (0ms)
[2026-07-01 11:24:28] [axEl] IN: pid=79582 role=AXMenuBarItem → OUT: title=Window frame=(206,0,69,30) (0ms)
[2026-07-01 11:24:28] [axEl] IN: pid=2480 role=AXMenuBarItem → OUT: title=Apple frame=(10,0,34,30) (0ms)
[2026-07-01 11:24:28] [axEl] IN: pid=2480 role=AXMenuBarItem → OUT: title=访达 frame=(43,0,47,30) (0ms)
[2026-07-01 11:24:28] [axEl] IN: pid=2480 role=AXMenuBarItem → OUT: title=文件 frame=(89,0,47,30) (0ms)
[2026-07-01 11:24:28] [axEl] IN: pid=2480 role=AXMenuBarItem → OUT: title=编辑 frame=(135,0,46,30) (0ms)
[2026-07-01 11:24:28] [axEl] IN: pid=2480 role=AXMenuBarItem → OUT: title=显示 frame=(180,0,47,30) (0ms)
[2026-07-01 11:24:28] [axEl] IN: pid=2480 role=AXMenuBarItem → OUT: title=前往 frame=(226,0,47,30) (0ms)
[2026-07-01 11:24:28] [axEl] IN: pid=2480 role=AXMenuBarItem → OUT: title=窗口 frame=(272,0,47,30) (0ms)
[2026-07-01 11:24:28] [axEl] IN: pid=2480 role=AXMenuBarItem → OUT: title=帮助 frame=(318,0,47,30) (0ms)
[2026-07-01 11:24:28] [axEl] IN: pid=2480 role=AXImage → OUT: title=vibe项目 frame=(77,469,64,64) (0ms)
[2026-07-01 11:24:28] [axEl] IN: pid=2478 role=AXDockItem → OUT: title=访达 frame=(295,1017,46,58) (0ms)
[2026-07-01 11:24:28] [axEl] IN: pid=2478 role=AXDockItem → OUT: title=App frame=(341,1017,46,58) (0ms)
[2026-07-01 11:24:28] [axEl] IN: pid=2478 role=AXDockItem → OUT: title=地图 frame=(387,1017,46,58) (0ms)
[2026-07-01 11:24:28] [axEl] IN: pid=2478 role=AXDockItem → OUT: title=App Store frame=(433,1017,46,58) (0ms)
[2026-07-01 11:24:28] [axEl] IN: pid=2478 role=AXDockItem → OUT: title=iPhone镜像 frame=(479,1017,46,58) (0ms)
[2026-07-01 11:24:28] [axEl] IN: pid=2478 role=AXDockItem → OUT: title=tntcloud_Lite frame=(525,1017,46,58) (0ms)
[2026-07-01 11:24:28] [axEl] IN: pid=2478 role=AXDockItem → OUT: title=豆包 frame=(571,1017,46,58) (0ms)
[2026-07-01 11:24:28] [axEl] IN: pid=2478 role=AXDockItem → OUT: title=微信 frame=(617,1017,46,58) (0ms)
[2026-07-01 11:24:28] [axEl] IN: pid=2478 role=AXDockItem → OUT: title=ima.copilot frame=(663,1017,46,58) (0ms)
[2026-07-01 11:24:28] [axEl] IN: pid=2478 role=AXDockItem → OUT: title=Google Chrome frame=(709,1017,46,58) (0ms)
[2026-07-01 11:24:28] [axEl] IN: pid=2478 role=AXDockItem → OUT: title=Claude frame=(755,1017,46,58) (0ms)
[2026-07-01 11:24:28] [axEl] IN: pid=2478 role=AXDockItem → OUT: title=飞书 frame=(801,1017,46,58) (0ms)
[2026-07-01 11:24:28] [axEl] IN: pid=2478 role=AXDockItem → OUT: title=终端 frame=(847,1017,46,58) (0ms)
[2026-07-01 11:24:28] [axEl] IN: pid=2478 role=AXDockItem → OUT: title=Visual Studio Code frame=(893,1017,46,58) (0ms)
[2026-07-01 11:24:28] [axEl] IN: pid=2478 role=AXDockItem → OUT: title=Codex frame=(939,1017,46,58) (0ms)
[2026-07-01 11:24:28] [axEl] IN: pid=2478 role=AXDockItem → OUT: title=Reasonix frame=(985,1017,46,58) (0ms)
[2026-07-01 11:24:28] [axEl] IN: pid=2478 role=AXDockItem → OUT: title= frame=(1031,1017,20,58) (0ms)
[2026-07-01 11:24:28] [axEl] IN: pid=2478 role=AXDockItem → OUT: title=屏幕共享 frame=(1052,1017,46,58) (0ms)
[2026-07-01 11:24:28] [axEl] IN: pid=2478 role=AXDockItem → OUT: title=飞鸟加速 frame=(1098,1017,46,58) (0ms)
[2026-07-01 11:24:28] [axEl] IN: pid=2478 role=AXDockItem → OUT: title=预览 frame=(1144,1017,46,58) (0ms)
[2026-07-01 11:24:28] [axEl] IN: pid=2478 role=AXDockItem → OUT: title=网易云音乐 frame=(1190,1017,46,58) (0ms)
[2026-07-01 11:24:28] [axEl] IN: pid=2478 role=AXDockItem → OUT: title=抖音 frame=(1236,1017,46,58) (0ms)
[2026-07-01 11:24:28] [axEl] IN: pid=2478 role=AXDockItem → OUT: title= frame=(1282,1017,20,58) (0ms)
[2026-07-01 11:24:28] [axEl] IN: pid=2478 role=AXDockItem → OUT: title=下载 frame=(1302,1017,46,58) (0ms)
[2026-07-01 11:24:28] [axEl] IN: pid=2478 role=AXDockItem → OUT: title=所有连接 frame=(1348,1017,46,58) (0ms)
[2026-07-01 11:24:28] [axEl] IN: pid=2478 role=AXDockItem → OUT: title=网易云音乐 frame=(1394,1017,46,58) (0ms)
[2026-07-01 11:24:28] [axEl] IN: pid=2478 role=AXDockItem → OUT: title=飞鸟加速 frame=(1440,1017,46,58) (0ms)
[2026-07-01 11:24:28] [axEl] IN: pid=2478 role=AXDockItem → OUT: title=MotionControl Toggle Buttons frame=(1486,1017,46,58) (0ms)
[2026-07-01 11:24:28] [axEl] IN: pid=2478 role=AXDockItem → OUT: title=douyin frame=(1532,1017,46,58) (0ms)
[2026-07-01 11:24:28] [axEl] IN: pid=2478 role=AXDockItem → OUT: title=废纸篓 frame=(1578,1017,46,58) (0ms)
[2026-07-01 11:24:28] [axEl] IN: pid=2479 role=AXMenuBarItem → OUT: title=Siri frame=(1752,3,16,24) (0ms)
[2026-07-01 11:24:28] [face_detect] IN: face_detect → OUT: detected=true landmarks=76 roll=0.049087387 pitch=-0.26921365 yaw=-0.10891264 (4647ms)
[2026-07-01 11:24:28] [mouth_detect] IN: mouth_detect ratio=0.49679866 → OUT: status=CLOSED confirmed=CLOSED
[2026-07-01 11:24:28] [gaze_estimate] IN: yaw=-0.10891264 pitch=-0.26921365 → OUT: yawOffset=-0.07111467 pitchOffset=-0.05714991 hasFace=true
[2026-07-01 11:24:28] [hand_detect] IN: hand_detect 1920x1080 → OUT: detected=true landmarks=21 confidence=0.57177734
[2026-07-01 11:24:28] [gesture_analyze] IN: gesture_analyze type=none → OUT: gesture=none confidence=0.00 isRepeat=false
[2026-07-01 11:24:28] [KEYPOINTS] IN: handSide=left palmCenter=0.41774676243464154,0.07206185658772786 → OUT: 
[2026-07-01 11:24:28] [face_detect] IN: face_detect → OUT: detected=true landmarks=76 roll=0.049087387 pitch=-0.26921365 yaw=-0.10891264 (4580ms)
[2026-07-01 11:24:28] [mouth_detect] IN: mouth_detect ratio=0.49182034 → OUT: status=CLOSED confirmed=CLOSED
[2026-07-01 11:24:28] [gaze_estimate] IN: yaw=-0.10891264 pitch=-0.26921365 → OUT: yawOffset=-0.072559886 pitchOffset=-0.05772243 hasFace=true
[2026-07-01 11:24:28] [hand_detect] IN: hand_detect 1920x1080 → OUT: detected=true landmarks=21 confidence=0.58691406
[2026-07-01 11:24:28] [gesture_analyze] IN: gesture_analyze type=none → OUT: gesture=none confidence=0.00 isRepeat=false
[2026-07-01 11:24:28] [KEYPOINTS] IN: handSide=left palmCenter=0.41741592685381573,0.0715226133664449 → OUT: 
[2026-07-01 11:24:28] [face_detect] IN: face_detect → OUT: detected=true landmarks=76 roll=0.049087387 pitch=-0.26921365 yaw=-0.10891264 (5491ms)
[2026-07-01 11:24:28] [mouth_detect] IN: mouth_detect ratio=0.49185133 → OUT: status=CLOSED confirmed=CLOSED
[2026-07-01 11:24:28] [gaze_estimate] IN: yaw=-0.10891264 pitch=-0.26921365 → OUT: yawOffset=-0.07357154 pitchOffset=-0.058123194 hasFace=true
[2026-07-01 11:24:28] [hand_detect] IN: hand_detect 1920x1080 → OUT: detected=true landmarks=21 confidence=0.578125
[2026-07-01 11:24:28] [gesture_analyze] IN: gesture_analyze type=none → OUT: gesture=none confidence=0.00 isRepeat=false
[2026-07-01 11:24:28] [KEYPOINTS] IN: handSide=left palmCenter=0.4174465537071228,0.0716382662455241 → OUT: 
[2026-07-01 11:24:28] [face_detect] IN: face_detect → OUT: detected=true landmarks=76 roll=0.049087387 pitch=-0.26921365 yaw=-0.10891264 (6087ms)
[2026-07-01 11:24:28] [mouth_detect] IN: mouth_detect ratio=0.48621503 → OUT: status=CLOSED confirmed=CLOSED
[2026-07-01 11:24:28] [gaze_estimate] IN: yaw=-0.10891264 pitch=-0.26921365 → OUT: yawOffset=-0.074279696 pitchOffset=-0.058403727 hasFace=true
[2026-07-01 11:24:28] [hand_detect] IN: hand_detect 1920x1080 → OUT: detected=true landmarks=21 confidence=0.68652344
[2026-07-01 11:24:28] [gesture_analyze] IN: gesture_analyze type=none → OUT: gesture=none confidence=0.00 isRepeat=false
[2026-07-01 11:24:28] [KEYPOINTS] IN: handSide=left palmCenter=0.41727837920188904,0.07164466381072998 → OUT: 
[2026-07-01 11:24:28] [face_detect] IN: face_detect → OUT: detected=true landmarks=76 roll=0.049087387 pitch=-0.26921365 yaw=-0.10891264 (6311ms)
[2026-07-01 11:24:28] [mouth_detect] IN: mouth_detect ratio=0.49483138 → OUT: status=CLOSED confirmed=CLOSED
[2026-07-01 11:24:28] [gaze_estimate] IN: yaw=-0.10891264 pitch=-0.26921365 → OUT: yawOffset=-0.074775405 pitchOffset=-0.0586001 hasFace=true
[2026-07-01 11:24:28] [hand_detect] IN: hand_detect 1920x1080 → OUT: detected=true landmarks=21 confidence=0.6171875
[2026-07-01 11:24:28] [gesture_analyze] IN: gesture_analyze type=none → OUT: gesture=none confidence=0.00 isRepeat=false
[2026-07-01 11:24:28] [KEYPOINTS] IN: handSide=left palmCenter=0.4174261192480723,0.07036695877710979 → OUT: 
[2026-07-01 11:24:28] [face_detect] IN: face_detect → OUT: detected=true landmarks=76 roll=0.049087387 pitch=-0.26921365 yaw=-0.10891264 (8594ms)
[2026-07-01 11:24:28] [mouth_detect] IN: mouth_detect ratio=0.50071454 → OUT: status=CLOSED confirmed=CLOSED
[2026-07-01 11:24:28] [gaze_estimate] IN: yaw=-0.10891264 pitch=-0.26921365 → OUT: yawOffset=-0.0751224 pitchOffset=-0.058737565 hasFace=true
[2026-07-01 11:24:29] [hand_detect] IN: hand_detect 1920x1080 → OUT: detected=true landmarks=21 confidence=0.640625
[2026-07-01 11:24:29] [gesture_analyze] IN: gesture_analyze type=none → OUT: gesture=none confidence=0.00 isRepeat=false
[2026-07-01 11:24:29] [KEYPOINTS] IN: handSide=left palmCenter=0.4176333248615265,0.07245602210362752 → OUT: 
[2026-07-01 11:24:29] [face_detect] IN: face_detect → OUT: detected=true landmarks=76 roll=0.049087387 pitch=-0.26921365 yaw=-0.10891264 (11337ms)
[2026-07-01 11:24:29] [mouth_detect] IN: mouth_detect ratio=0.49922562 → OUT: status=CLOSED confirmed=CLOSED
[2026-07-01 11:24:29] [gaze_estimate] IN: yaw=-0.10891264 pitch=-0.26921365 → OUT: yawOffset=-0.0753653 pitchOffset=-0.05883379 hasFace=true
[2026-07-01 11:24:29] [hand_detect] IN: hand_detect 1920x1080 → OUT: detected=true landmarks=21 confidence=0.6401367
[2026-07-01 11:24:29] [gesture_analyze] IN: gesture_analyze type=none → OUT: gesture=none confidence=0.00 isRepeat=false
[2026-07-01 11:24:29] [KEYPOINTS] IN: handSide=left palmCenter=0.41708633303642273,0.07238656282424927 → OUT: 
[2026-07-01 11:24:29] [face_detect] IN: face_detect → OUT: detected=true landmarks=76 roll=0.049087387 pitch=-0.26921365 yaw=-0.10891264 (9718ms)
[2026-07-01 11:24:29] [mouth_detect] IN: mouth_detect ratio=0.49224752 → OUT: status=CLOSED confirmed=CLOSED
[2026-07-01 11:24:29] [gaze_estimate] IN: yaw=-0.10891264 pitch=-0.26921365 → OUT: yawOffset=-0.07553533 pitchOffset=-0.058901146 hasFace=true
[2026-07-01 11:24:29] [hand_detect] IN: hand_detect 1920x1080 → OUT: detected=true landmarks=21 confidence=0.73779297
[2026-07-01 11:24:29] [gesture_analyze] IN: gesture_analyze type=none → OUT: gesture=none confidence=0.00 isRepeat=false
[2026-07-01 11:24:29] [KEYPOINTS] IN: handSide=left palmCenter=0.41730446616808575,0.07107412815093994 → OUT: 
[2026-07-01 11:24:29] [face_detect] IN: face_detect → OUT: detected=true landmarks=76 roll=0.049087387 pitch=-0.27611655 yaw=-0.14649518 (10812ms)
[2026-07-01 11:24:29] [mouth_detect] IN: mouth_detect ratio=0.49774593 → OUT: status=CLOSED confirmed=CLOSED
[2026-07-01 11:24:29] [gaze_estimate] IN: yaw=-0.14649518 pitch=-0.27611655 → OUT: yawOffset=-0.08692911 pitchOffset=-0.061019167 hasFace=true
[2026-07-01 11:24:29] [hand_detect] IN: hand_detect 1920x1080 → OUT: detected=true landmarks=21 confidence=0.5810547
[2026-07-01 11:24:29] [gesture_analyze] IN: gesture_analyze type=none → OUT: gesture=none confidence=0.00 isRepeat=false
[2026-07-01 11:24:29] [KEYPOINTS] IN: handSide=left palmCenter=0.41865764061609906,0.07114650805791219 → OUT: 
[2026-07-01 11:24:29] [face_detect] IN: face_detect → OUT: detected=true landmarks=76 roll=0.049087387 pitch=-0.27611655 yaw=-0.14649518 (5272ms)
[2026-07-01 11:24:29] [mouth_detect] IN: mouth_detect ratio=0.50762165 → OUT: status=CLOSED confirmed=CLOSED
[2026-07-01 11:24:29] [gaze_estimate] IN: yaw=-0.14649518 pitch=-0.27611655 → OUT: yawOffset=-0.09490476 pitchOffset=-0.06250178 hasFace=true
[2026-07-01 11:24:29] [hand_detect] IN: hand_detect 1920x1080 → OUT: detected=true landmarks=21 confidence=0.5698242
[2026-07-01 11:24:29] [gesture_analyze] IN: gesture_analyze type=none → OUT: gesture=none confidence=0.00 isRepeat=false
[2026-07-01 11:24:29] [KEYPOINTS] IN: handSide=left palmCenter=0.41944218675295514,0.07111142079035442 → OUT: 
[2026-07-01 11:24:29] [face_detect] IN: face_detect → OUT: detected=true landmarks=76 roll=0.049087387 pitch=-0.27611655 yaw=-0.14649518 (5471ms)
[2026-07-01 11:24:29] [mouth_detect] IN: mouth_detect ratio=0.49531606 → OUT: status=CLOSED confirmed=CLOSED
[2026-07-01 11:24:29] [gaze_estimate] IN: yaw=-0.14649518 pitch=-0.27611655 → OUT: yawOffset=-0.10048771 pitchOffset=-0.06353961 hasFace=true
[2026-07-01 11:24:29] [hand_detect] IN: hand_detect 1920x1080 → OUT: detected=true landmarks=21 confidence=0.5444336
[2026-07-01 11:24:29] [gesture_analyze] IN: gesture_analyze type=none → OUT: gesture=none confidence=0.00 isRepeat=false
[2026-07-01 11:24:29] [KEYPOINTS] IN: handSide=left palmCenter=0.41994528969128925,0.07043129205703735 → OUT: 
[2026-07-01 11:24:29] [face_detect] IN: face_detect → OUT: detected=true landmarks=76 roll=0.049087387 pitch=-0.27611655 yaw=-0.14649518 (4853ms)
[2026-07-01 11:24:29] [mouth_detect] IN: mouth_detect ratio=0.4933582 → OUT: status=CLOSED confirmed=CLOSED
[2026-07-01 11:24:29] [gaze_estimate] IN: yaw=-0.14649518 pitch=-0.27611655 → OUT: yawOffset=-0.10439578 pitchOffset=-0.06426609 hasFace=true
[2026-07-01 11:24:29] [hand_detect] IN: hand_detect 1920x1080 → OUT: detected=true landmarks=21 confidence=0.5629883
[2026-07-01 11:24:29] [gesture_analyze] IN: gesture_analyze type=none → OUT: gesture=none confidence=0.00 isRepeat=false
[2026-07-01 11:24:29] [KEYPOINTS] IN: handSide=left palmCenter=0.41958457231521606,0.07130469878514607 → OUT: 
[2026-07-01 11:24:29] [face_detect] IN: face_detect → OUT: detected=true landmarks=76 roll=0.049087387 pitch=-0.27611655 yaw=-0.14649518 (4860ms)
[2026-07-01 11:24:29] [mouth_detect] IN: mouth_detect ratio=0.4933332 → OUT: status=CLOSED confirmed=CLOSED
[2026-07-01 11:24:29] [gaze_estimate] IN: yaw=-0.14649518 pitch=-0.27611655 → OUT: yawOffset=-0.10713142 pitchOffset=-0.06477463 hasFace=true
[2026-07-01 11:24:29] [hand_detect] IN: hand_detect 1920x1080 → OUT: detected=true landmarks=21 confidence=0.55908203
[2026-07-01 11:24:29] [gesture_analyze] IN: gesture_analyze type=none → OUT: gesture=none confidence=0.00 isRepeat=false
[2026-07-01 11:24:29] [KEYPOINTS] IN: handSide=left palmCenter=0.42094958821932477,0.07212710380554199 → OUT: 
[2026-07-01 11:24:29] [face_detect] IN: face_detect → OUT: detected=true landmarks=76 roll=0.049087387 pitch=-0.27611655 yaw=-0.14649518 (4931ms)
[2026-07-01 11:24:29] [mouth_detect] IN: mouth_detect ratio=0.5026779 → OUT: status=CLOSED confirmed=CLOSED
[2026-07-01 11:24:29] [gaze_estimate] IN: yaw=-0.14649518 pitch=-0.27611655 → OUT: yawOffset=-0.10904638 pitchOffset=-0.06513061 hasFace=true
[2026-07-01 11:24:29] [hand_detect] IN: hand_detect 1920x1080 → OUT: detected=true landmarks=21 confidence=0.6591797
[2026-07-01 11:24:29] [gesture_analyze] IN: gesture_analyze type=none → OUT: gesture=none confidence=0.00 isRepeat=false
[2026-07-01 11:24:29] [KEYPOINTS] IN: handSide=left palmCenter=0.41959909598032635,0.06827050447463989 → OUT: 
[2026-07-01 11:24:29] [face_detect] IN: face_detect → OUT: detected=true landmarks=76 roll=0.049087387 pitch=-0.27611655 yaw=-0.14649518 (4649ms)
[2026-07-01 11:24:29] [mouth_detect] IN: mouth_detect ratio=0.49146515 → OUT: status=CLOSED confirmed=CLOSED
[2026-07-01 11:24:29] [gaze_estimate] IN: yaw=-0.14649518 pitch=-0.27611655 → OUT: yawOffset=-0.11038685 pitchOffset=-0.06537979 hasFace=true
[2026-07-01 11:24:29] [hand_detect] IN: hand_detect 1920x1080 → OUT: detected=true landmarks=21 confidence=0.63916016
[2026-07-01 11:24:29] [gesture_analyze] IN: gesture_analyze type=none → OUT: gesture=none confidence=0.00 isRepeat=false
[2026-07-01 11:24:29] [KEYPOINTS] IN: handSide=left palmCenter=0.4217139383157094,0.0706755518913269 → OUT: 
[2026-07-01 11:24:29] [face_detect] IN: face_detect → OUT: detected=true landmarks=76 roll=0.049087387 pitch=-0.27611655 yaw=-0.14649518 (4667ms)
[2026-07-01 11:24:29] [mouth_detect] IN: mouth_detect ratio=0.5123845 → OUT: status=CLOSED confirmed=CLOSED
[2026-07-01 11:24:29] [gaze_estimate] IN: yaw=-0.14649518 pitch=-0.27611655 → OUT: yawOffset=-0.111325175 pitchOffset=-0.06555422 hasFace=true
[2026-07-01 11:24:29] [hand_detect] IN: hand_detect 1920x1080 → OUT: detected=true landmarks=21 confidence=0.61621094
[2026-07-01 11:24:29] [gesture_analyze] IN: gesture_analyze type=none → OUT: gesture=none confidence=0.00 isRepeat=false
[2026-07-01 11:24:29] [KEYPOINTS] IN: handSide=left palmCenter=0.4229332009951274,0.0740943153699239 → OUT: 
[2026-07-01 11:24:29] [face_detect] IN: face_detect → OUT: detected=true landmarks=76 roll=0.049087387 pitch=-0.27611655 yaw=-0.14649518 (4732ms)
[2026-07-01 11:24:29] [mouth_detect] IN: mouth_detect ratio=0.4977536 → OUT: status=CLOSED confirmed=CLOSED
[2026-07-01 11:24:29] [gaze_estimate] IN: yaw=-0.14649518 pitch=-0.27611655 → OUT: yawOffset=-0.111982 pitchOffset=-0.06567632 hasFace=true
[2026-07-01 11:24:29] [hand_detect] IN: hand_detect 1920x1080 → OUT: detected=true landmarks=21 confidence=0.65478516
[2026-07-01 11:24:29] [gesture_analyze] IN: gesture_analyze type=none → OUT: gesture=none confidence=0.00 isRepeat=false
[2026-07-01 11:24:29] [KEYPOINTS] IN: handSide=left palmCenter=0.42511656880378723,0.07666703065236409 → OUT: 
[2026-07-01 11:24:29] [face_detect] IN: face_detect → OUT: detected=true landmarks=76 roll=0.049087387 pitch=-0.27611655 yaw=-0.14649518 (5578ms)
[2026-07-01 11:24:29] [mouth_detect] IN: mouth_detect ratio=0.51399875 → OUT: status=CLOSED confirmed=CLOSED
[2026-07-01 11:24:29] [gaze_estimate] IN: yaw=-0.14649518 pitch=-0.27611655 → OUT: yawOffset=-0.112441786 pitchOffset=-0.06576178 hasFace=true
[2026-07-01 11:24:29] [hand_detect] IN: hand_detect 1920x1080 → OUT: detected=true landmarks=21 confidence=0.65966797
[2026-07-01 11:24:29] [gesture_analyze] IN: gesture_analyze type=none → OUT: gesture=none confidence=0.00 isRepeat=false
[2026-07-01 11:24:29] [KEYPOINTS] IN: handSide=left palmCenter=0.4273143510023753,0.08136139313379924 → OUT: 
[2026-07-01 11:24:29] [face_detect] IN: face_detect → OUT: detected=true landmarks=76 roll=0.049087387 pitch=-0.27611655 yaw=-0.14649518 (4803ms)
[2026-07-01 11:24:29] [mouth_detect] IN: mouth_detect ratio=0.50866234 → OUT: status=CLOSED confirmed=CLOSED
[2026-07-01 11:24:29] [gaze_estimate] IN: yaw=-0.14649518 pitch=-0.27611655 → OUT: yawOffset=-0.11276363 pitchOffset=-0.06582161 hasFace=true
[2026-07-01 11:24:29] [hand_detect] IN: hand_detect 1920x1080 → OUT: detected=true landmarks=21 confidence=0.67529297
[2026-07-01 11:24:29] [gesture_analyze] IN: gesture_analyze type=none → OUT: gesture=none confidence=0.00 isRepeat=false
[2026-07-01 11:24:29] [KEYPOINTS] IN: handSide=left palmCenter=0.43158505360285443,0.08883504072825114 → OUT: 
[2026-07-01 11:24:29] [face_detect] IN: face_detect → OUT: detected=true landmarks=76 roll=0.049087387 pitch=-0.27611655 yaw=-0.14649518 (4848ms)
[2026-07-01 11:24:29] [mouth_detect] IN: mouth_detect ratio=0.50612146 → OUT: status=CLOSED confirmed=CLOSED
[2026-07-01 11:24:29] [gaze_estimate] IN: yaw=-0.14649518 pitch=-0.27611655 → OUT: yawOffset=-0.11298892 pitchOffset=-0.06586349 hasFace=true
[2026-07-01 11:24:29] [hand_detect] IN: hand_detect 1920x1080 → OUT: detected=true landmarks=21 confidence=0.6879883
[2026-07-01 11:24:29] [gesture_analyze] IN: gesture_analyze type=none → OUT: gesture=none confidence=0.00 isRepeat=false
[2026-07-01 11:24:29] [KEYPOINTS] IN: handSide=left palmCenter=0.4421052237351735,0.0988888144493103 → OUT: 
[2026-07-01 11:24:29] [face_detect] IN: face_detect → OUT: detected=true landmarks=76 roll=0.049087387 pitch=-0.27611655 yaw=-0.14649518 (4871ms)
[2026-07-01 11:24:29] [mouth_detect] IN: mouth_detect ratio=0.49678716 → OUT: status=CLOSED confirmed=CLOSED
[2026-07-01 11:24:29] [gaze_estimate] IN: yaw=-0.14649518 pitch=-0.27611655 → OUT: yawOffset=-0.113146625 pitchOffset=-0.06589281 hasFace=true
[2026-07-01 11:24:29] [hand_detect] IN: hand_detect 1920x1080 → OUT: detected=true landmarks=21 confidence=0.69628906
[2026-07-01 11:24:29] [gesture_analyze] IN: gesture_analyze type=none → OUT: gesture=none confidence=0.00 isRepeat=false
[2026-07-01 11:24:29] [KEYPOINTS] IN: handSide=left palmCenter=0.4597272078196208,0.11259551843007405 → OUT: 
[2026-07-01 11:24:29] [face_detect] IN: face_detect → OUT: detected=true landmarks=76 roll=0.049087387 pitch=-0.27611655 yaw=-0.14649518 (4408ms)
[2026-07-01 11:24:29] [mouth_detect] IN: mouth_detect ratio=0.49972093 → OUT: status=CLOSED confirmed=CLOSED
[2026-07-01 11:24:29] [gaze_estimate] IN: yaw=-0.14649518 pitch=-0.27611655 → OUT: yawOffset=-0.11325702 pitchOffset=-0.06591333 hasFace=true
[2026-07-01 11:24:29] [hand_detect] IN: hand_detect 1920x1080 → OUT: detected=true landmarks=21 confidence=0.68066406
[2026-07-01 11:24:29] [gesture_analyze] IN: gesture_analyze type=none → OUT: gesture=none confidence=0.00 isRepeat=false
[2026-07-01 11:24:29] [KEYPOINTS] IN: handSide=left palmCenter=0.4803035457928975,0.11894679069519043 → OUT: 
[2026-07-01 11:24:29] [face_detect] IN: face_detect → OUT: detected=true landmarks=76 roll=0.049087387 pitch=-0.27611655 yaw=-0.14649518 (4246ms)
[2026-07-01 11:24:29] [mouth_detect] IN: mouth_detect ratio=0.48663414 → OUT: status=CLOSED confirmed=CLOSED
[2026-07-01 11:24:29] [gaze_estimate] IN: yaw=-0.14649518 pitch=-0.27611655 → OUT: yawOffset=-0.1133343 pitchOffset=-0.06592769 hasFace=true
[2026-07-01 11:24:29] [hand_detect] IN: hand_detect 1920x1080 → OUT: detected=true landmarks=21 confidence=0.7006836
[2026-07-01 11:24:29] [gesture_analyze] IN: gesture_analyze type=none → OUT: gesture=none confidence=0.00 isRepeat=false
[2026-07-01 11:24:29] [KEYPOINTS] IN: handSide=left palmCenter=0.5092834830284119,0.08583482106526692 → OUT: 
[2026-07-01 11:24:29] [face_detect] IN: face_detect → OUT: detected=true landmarks=76 roll=0.06135923 pitch=-0.30296123 yaw=-0.19941752 (8850ms)
[2026-07-01 11:24:29] [mouth_detect] IN: mouth_detect ratio=0.46287948 → OUT: status=CLOSED confirmed=CLOSED
[2026-07-01 11:24:29] [gaze_estimate] IN: yaw=-0.19941752 pitch=-0.30296123 → OUT: yawOffset=-0.12926508 pitchOffset=-0.07399115 hasFace=true
[2026-07-01 11:24:29] [axScan] IN: windows=5 → OUT: raw=433 visible=417 [pid2479=1 pid2480=9 pid61336=31 pid79582=346 pid2478=30] (678ms)
[2026-07-01 11:24:29] [axEl] IN: pid=61336 role=AXButton → OUT: title= frame=(901,117,20,20) (0ms)
[2026-07-01 11:24:29] [axEl] IN: pid=61336 role=AXScrollBar → OUT: title= frame=(901,135,19,338) (0ms)
[2026-07-01 11:24:29] [axEl] IN: pid=61336 role=AXButton → OUT: title= frame=(905,139,11,310) (0ms)
[2026-07-01 11:24:29] [axEl] IN: pid=61336 role=AXButton → OUT: title= frame=(410,95,16,16) (0ms)
[2026-07-01 11:24:29] [axEl] IN: pid=61336 role=AXButton → OUT: title= frame=(456,95,16,16) (0ms)
[2026-07-01 11:24:29] [axEl] IN: pid=61336 role=AXButton → OUT: title= frame=(433,95,16,16) (0ms)
[2026-07-01 11:24:29] [axEl] IN: pid=61336 role=AXImage → OUT: title=diqibadao frame=(483,93,18,18) (0ms)
[2026-07-01 11:24:29] [axEl] IN: pid=61336 role=AXStaticText → OUT: title= frame=(502,95,407,16) (0ms)
[2026-07-01 11:24:29] [axEl] IN: pid=61336 role=AXButton → OUT: title= frame=(918,674,20,20) (0ms)
[2026-07-01 11:24:29] [axEl] IN: pid=61336 role=AXScrollBar → OUT: title= frame=(918,692,19,338) (0ms)
[2026-07-01 11:24:29] [axEl] IN: pid=61336 role=AXButton → OUT: title= frame=(922,696,11,310) (0ms)
[2026-07-01 11:24:29] [axEl] IN: pid=61336 role=AXButton → OUT: title= frame=(427,652,16,16) (0ms)
[2026-07-01 11:24:29] [axEl] IN: pid=61336 role=AXButton → OUT: title= frame=(473,652,16,16) (0ms)
[2026-07-01 11:24:29] [axEl] IN: pid=61336 role=AXButton → OUT: title= frame=(450,652,16,16) (0ms)
[2026-07-01 11:24:29] [axEl] IN: pid=61336 role=AXImage → OUT: title=diqibadao frame=(500,650,18,18) (0ms)
[2026-07-01 11:24:29] [axEl] IN: pid=61336 role=AXStaticText → OUT: title= frame=(519,652,241,16) (0ms)
[2026-07-01 11:24:29] [axEl] IN: pid=61336 role=AXButton → OUT: title= frame=(872,88,20,20) (0ms)
[2026-07-01 11:24:29] [axEl] IN: pid=61336 role=AXScrollBar → OUT: title= frame=(872,106,19,338) (0ms)
[2026-07-01 11:24:29] [axEl] IN: pid=61336 role=AXButton → OUT: title= frame=(876,110,11,310) (0ms)
[2026-07-01 11:24:29] [axEl] IN: pid=61336 role=AXButton → OUT: title= frame=(381,66,16,16) (0ms)
[2026-07-01 11:24:29] [axEl] IN: pid=61336 role=AXButton → OUT: title= frame=(427,66,16,16) (0ms)
[2026-07-01 11:24:29] [axEl] IN: pid=61336 role=AXButton → OUT: title= frame=(404,66,16,16) (0ms)
[2026-07-01 11:24:29] [axEl] IN: pid=61336 role=AXImage → OUT: title=diqibadao frame=(454,64,18,18) (0ms)
[2026-07-01 11:24:29] [axEl] IN: pid=61336 role=AXStaticText → OUT: title= frame=(473,66,241,16) (0ms)
[2026-07-01 11:24:29] [axEl] IN: pid=61336 role=AXMenuBarItem → OUT: title=Apple frame=(10,0,34,30) (0ms)
[2026-07-01 11:24:29] [axEl] IN: pid=61336 role=AXMenuBarItem → OUT: title=终端 frame=(43,0,47,30) (0ms)
[2026-07-01 11:24:29] [axEl] IN: pid=61336 role=AXMenuBarItem → OUT: title=Shell frame=(89,0,50,30) (0ms)
[2026-07-01 11:24:29] [axEl] IN: pid=61336 role=AXMenuBarItem → OUT: title=编辑 frame=(138,0,47,30) (0ms)
[2026-07-01 11:24:29] [axEl] IN: pid=61336 role=AXMenuBarItem → OUT: title=显示 frame=(184,0,47,30) (0ms)
[2026-07-01 11:24:29] [axEl] IN: pid=61336 role=AXMenuBarItem → OUT: title=窗口 frame=(230,0,47,30) (0ms)
[2026-07-01 11:24:29] [axEl] IN: pid=61336 role=AXMenuBarItem → OUT: title=帮助 frame=(276,0,47,30) (0ms)
[2026-07-01 11:24:29] [axEl] IN: pid=79582 role=AXLink → OUT: title=跳到输入框 frame=(1390,36,83,35) (0ms)
[2026-07-01 11:24:29] [axEl] IN: pid=79582 role=AXStaticText → OUT: title= frame=(1402,45,59,17) (0ms)
[2026-07-01 11:24:29] [axEl] IN: pid=79582 role=AXImage → OUT: title= frame=(1019,123,118,28) (0ms)
[2026-07-01 11:24:29] [axEl] IN: pid=79582 role=AXButton → OUT: title=新建对话 frame=(1026,173,240,38) (0ms)
[2026-07-01 11:24:29] [axEl] IN: pid=79582 role=AXStaticText → OUT: title= frame=(1032,226,25,18) (0ms)
[2026-07-01 11:24:29] [axEl] IN: pid=79582 role=AXButton → OUT: title=技能 frame=(1026,255,240,30) (0ms)
[2026-07-01 11:24:29] [axEl] IN: pid=79582 role=AXButton → OUT: title=记忆 frame=(1026,289,240,30) (0ms)
[2026-07-01 11:24:29] [axEl] IN: pid=79582 role=AXButton → OUT: title=消息通道 frame=(1026,323,240,30) (0ms)
[2026-07-01 11:24:29] [axEl] IN: pid=79582 role=AXButton → OUT: title=自动化 frame=(1026,357,240,30) (0ms)
[2026-07-01 11:24:29] [axEl] IN: pid=79582 role=AXStaticText → OUT: title= frame=(1032,411,26,18) (0ms)
[2026-07-01 11:24:29] [axEl] IN: pid=79582 role=AXPopUpButton → OUT: title=按时间筛选 frame=(1174,408,24,22) (0ms)
[2026-07-01 11:24:29] [axEl] IN: pid=79582 role=AXCheckBox → OUT: title=收起所有项目 frame=(1204,408,22,22) (0ms)
[2026-07-01 11:24:29] [axEl] IN: pid=79582 role=AXButton → OUT: title=添加新项目 frame=(1235,408,22,22) (0ms)
[2026-07-01 11:24:29] [axEl] IN: pid=79582 role=AXButton → OUT: title=Global frame=(1028,446,204,32) (0ms)
[2026-07-01 11:24:29] [axEl] IN: pid=79582 role=AXButton → OUT: title=新建会话 frame=(1238,450,24,24) (0ms)
[2026-07-01 11:24:29] [axEl] IN: pid=79582 role=AXButton → OUT: title=已粘贴文本 #3 · 71 行] … frame=(1044,483,219,23) (0ms)
[2026-07-01 11:24:29] [axEl] IN: pid=79582 role=AXButton → OUT: title=调研技术方案 @.reasonix… frame=(1044,508,219,23) (0ms)
[2026-07-01 11:24:29] [axEl] IN: pid=79582 role=AXButton → OUT: title=光标控制和手势控制的启动关闭按钮呢 … frame=(1044,533,219,23) (0ms)
[2026-07-01 11:24:29] [axEl] IN: pid=79582 role=AXButton → OUT: title=光标控制和手势控制的启动关闭按钮呢 … frame=(1044,558,219,23) (0ms)
[2026-07-01 11:24:29] [axEl] IN: pid=79582 role=AXButton → OUT: title=新的会话 frame=(1044,583,219,28) (0ms)
[2026-07-01 11:24:29] [axEl] IN: pid=79582 role=AXButton → OUT: title=嗨 你好啊 frame=(1044,613,219,24) (0ms)
[2026-07-01 11:24:29] [axEl] IN: pid=79582 role=AXButton → OUT: title=global会话卡住了 看看啥情况 frame=(1044,638,219,24) (0ms)
[2026-07-01 11:24:29] [axEl] IN: pid=79582 role=AXButton → OUT: title=<memory-compiler-e… frame=(1044,663,219,24) (0ms)
[2026-07-01 11:24:29] [axEl] IN: pid=79582 role=AXButton → OUT: title=自然识别App调研，你看看我的桌面这… frame=(1044,688,219,24) (0ms)
[2026-07-01 11:24:29] [axEl] IN: pid=79582 role=AXButton → OUT: title=我使用的飞鸟加速外网好慢啊 检查下可… frame=(1044,713,219,24) (0ms)
[2026-07-01 11:24:29] [axEl] IN: pid=79582 role=AXButton → OUT: title=<active-goal> 我感觉c… frame=(1044,738,219,24) (0ms)
[2026-07-01 11:24:29] [axEl] IN: pid=79582 role=AXCheckBox → OUT: title=搜索项目或会话 frame=(1026,956,56,30) (0ms)
[2026-07-01 11:24:29] [axEl] IN: pid=79582 role=AXButton → OUT: title= frame=(1087,956,56,30) (0ms)
[2026-07-01 11:24:29] [axEl] IN: pid=79582 role=AXButton → OUT: title= frame=(1149,956,56,30) (0ms)
[2026-07-01 11:24:29] [axEl] IN: pid=79582 role=AXButton → OUT: title= frame=(1210,956,56,30) (0ms)
[2026-07-01 11:24:29] [axEl] IN: pid=79582 role=AXCheckBox → OUT: title=收起导航 frame=(1265,517,26,47) (0ms)
[2026-07-01 11:24:29] [axEl] IN: pid=79582 role=AXHeading → OUT: title=重命名会话 frame=(1296,103,176,19) (0ms)
[2026-07-01 11:24:29] [axEl] IN: pid=79582 role=AXButton → OUT: title=重命名会话 frame=(1296,103,176,19) (0ms)
[2026-07-01 11:24:29] [axEl] IN: pid=79582 role=AXButton → OUT: title=复制会话 frame=(1621,102,30,28) (0ms)
[2026-07-01 11:24:29] [axEl] IN: pid=79582 role=AXPopUpButton → OUT: title=导出会话 frame=(1657,102,30,28) (0ms)
[2026-07-01 11:24:29] [axEl] IN: pid=79582 role=AXCheckBox → OUT: title=改动 frame=(1693,102,30,28) (0ms)
[2026-07-01 11:24:29] [axEl] IN: pid=79582 role=AXButton → OUT: title=键盘快捷键 frame=(1729,102,30,28) (0ms)
[2026-07-01 11:24:29] [axEl] IN: pid=79582 role=AXButton → OUT: title=命令 frame=(1765,102,30,28) (0ms)
[2026-07-01 11:24:29] [axEl] IN: pid=79582 role=AXCheckBox → OUT: title=展开工作区 frame=(1801,102,30,28) (0ms)
[2026-07-01 11:24:29] [axEl] IN: pid=79582 role=AXStaticText → OUT: title= frame=(1362,1,24,16) (0ms)
[2026-07-01 11:24:29] [axEl] IN: pid=79582 role=AXStaticText → OUT: title= frame=(1428,1,9,16) (0ms)
[2026-07-01 11:24:29] [axEl] IN: pid=79582 role=AXStaticText → OUT: title= frame=(1453,1,264,16) (0ms)
[2026-07-01 11:24:29] [axEl] IN: pid=79582 role=AXStaticText → OUT: title= frame=(1362,21,24,15) (0ms)
[2026-07-01 11:24:29] [axEl] IN: pid=79582 role=AXStaticText → OUT: title= frame=(1399,21,24,15) (0ms)
[2026-07-01 11:24:29] [axEl] IN: pid=79582 role=AXStaticText → OUT: title= frame=(1453,21,102,15) (0ms)
[2026-07-01 11:24:29] [axEl] IN: pid=79582 role=AXStaticText → OUT: title= frame=(1362,40,24,16) (0ms)
[2026-07-01 11:24:29] [axEl] IN: pid=79582 role=AXStaticText → OUT: title= frame=(1399,40,24,16) (0ms)
[2026-07-01 11:24:29] [axEl] IN: pid=79582 role=AXStaticText → OUT: title= frame=(1453,40,233,16) (0ms)
[2026-07-01 11:24:29] [axEl] IN: pid=79582 role=AXStaticText → OUT: title= frame=(1362,59,24,16) (0ms)
[2026-07-01 11:24:29] [axEl] IN: pid=79582 role=AXStaticText → OUT: title= frame=(1399,59,24,16) (0ms)
[2026-07-01 11:24:29] [axEl] IN: pid=79582 role=AXButton → OUT: title= frame=(1342,7,234,28) (0ms)
[2026-07-01 11:24:29] [axEl] IN: pid=79582 role=AXButton → OUT: title= frame=(1342,37,514,28) (0ms)
[2026-07-01 11:24:29] [axEl] IN: pid=79582 role=AXButton → OUT: title= frame=(1316,13,495,18) (0ms)
[2026-07-01 11:24:29] [axEl] IN: pid=79582 role=AXButton → OUT: title= frame=(1342,41,507,29) (0ms)
[2026-07-01 11:24:29] [axEl] IN: pid=79582 role=AXStaticText → OUT: title= frame=(1362,76,24,16) (0ms)
[2026-07-01 11:24:29] [axEl] IN: pid=79582 role=AXStaticText → OUT: title= frame=(1399,76,24,16) (0ms)
[2026-07-01 11:24:29] [axEl] IN: pid=79582 role=AXStaticText → OUT: title= frame=(1362,95,24,16) (0ms)
[2026-07-01 11:24:29] [axEl] IN: pid=79582 role=AXStaticText → OUT: title= frame=(1399,95,24,16) (0ms)
[2026-07-01 11:24:29] [axEl] IN: pid=79582 role=AXStaticText → OUT: title= frame=(1453,95,387,16) (0ms)
[2026-07-01 11:24:29] [axEl] IN: pid=79582 role=AXStaticText → OUT: title= frame=(1362,115,24,15) (0ms)
[2026-07-01 11:24:29] [axEl] IN: pid=79582 role=AXStaticText → OUT: title= frame=(1399,115,24,15) (0ms)
[2026-07-01 11:24:29] [axEl] IN: pid=79582 role=AXStaticText → OUT: title= frame=(1453,115,217,15) (0ms)
[2026-07-01 11:24:29] [axEl] IN: pid=79582 role=AXStaticText → OUT: title= frame=(1362,134,24,16) (0ms)
[2026-07-01 11:24:29] [axEl] IN: pid=79582 role=AXStaticText → OUT: title= frame=(1428,134,9,16) (0ms)
[2026-07-01 11:24:29] [axEl] IN: pid=79582 role=AXStaticText → OUT: title= frame=(1453,134,432,16) (0ms)
[2026-07-01 11:24:29] [axEl] IN: pid=79582 role=AXStaticText → OUT: title= frame=(1362,154,24,15) (0ms)
[2026-07-01 11:24:29] [axEl] IN: pid=79582 role=AXStaticText → OUT: title= frame=(1428,154,9,15) (0ms)
[2026-07-01 11:24:29] [axEl] IN: pid=79582 role=AXStaticText → OUT: title= frame=(1453,154,295,15) (0ms)
[2026-07-01 11:24:29] [axEl] IN: pid=79582 role=AXStaticText → OUT: title= frame=(1362,173,24,16) (0ms)
[2026-07-01 11:24:29] [axEl] IN: pid=79582 role=AXStaticText → OUT: title= frame=(1428,173,9,16) (0ms)
[2026-07-01 11:24:29] [axEl] IN: pid=79582 role=AXStaticText → OUT: title= frame=(1453,173,264,16) (0ms)
[2026-07-01 11:24:29] [axEl] IN: pid=79582 role=AXStaticText → OUT: title= frame=(1362,192,24,16) (0ms)
[2026-07-01 11:24:29] [axEl] IN: pid=79582 role=AXStaticText → OUT: title= frame=(1428,192,9,16) (0ms)
[2026-07-01 11:24:29] [axEl] IN: pid=79582 role=AXStaticText → OUT: title= frame=(1453,192,727,16) (0ms)
[2026-07-01 11:24:29] [axEl] IN: pid=79582 role=AXStaticText → OUT: title= frame=(1362,212,24,15) (0ms)
[2026-07-01 11:24:29] [axEl] IN: pid=79582 role=AXStaticText → OUT: title= frame=(1428,212,9,15) (0ms)
[2026-07-01 11:24:29] [axEl] IN: pid=79582 role=AXStaticText → OUT: title= frame=(1453,212,836,15) (0ms)
[2026-07-01 11:24:29] [axEl] IN: pid=79582 role=AXStaticText → OUT: title= frame=(1362,231,24,16) (0ms)
[2026-07-01 11:24:29] [axEl] IN: pid=79582 role=AXStaticText → OUT: title= frame=(1428,231,9,16) (0ms)
[2026-07-01 11:24:29] [axEl] IN: pid=79582 role=AXStaticText → OUT: title= frame=(1453,231,187,16) (0ms)
[2026-07-01 11:24:29] [axEl] IN: pid=79582 role=AXStaticText → OUT: title= frame=(1362,250,24,16) (0ms)
[2026-07-01 11:24:29] [axEl] IN: pid=79582 role=AXStaticText → OUT: title= frame=(1428,250,9,16) (0ms)
[2026-07-01 11:24:29] [axEl] IN: pid=79582 role=AXStaticText → OUT: title= frame=(1453,250,310,16) (0ms)
[2026-07-01 11:24:29] [axEl] IN: pid=79582 role=AXStaticText → OUT: title= frame=(1362,270,24,15) (0ms)
[2026-07-01 11:24:29] [axEl] IN: pid=79582 role=AXStaticText → OUT: title= frame=(1428,270,9,15) (0ms)
[2026-07-01 11:24:29] [axEl] IN: pid=79582 role=AXStaticText → OUT: title= frame=(1453,270,295,15) (0ms)
[2026-07-01 11:24:29] [axEl] IN: pid=79582 role=AXStaticText → OUT: title= frame=(1362,289,24,16) (0ms)
[2026-07-01 11:24:29] [axEl] IN: pid=79582 role=AXStaticText → OUT: title= frame=(1428,289,9,16) (0ms)
[2026-07-01 11:24:29] [axEl] IN: pid=79582 role=AXStaticText → OUT: title= frame=(1453,289,295,16) (0ms)
[2026-07-01 11:24:29] [axEl] IN: pid=79582 role=AXStaticText → OUT: title= frame=(1362,309,24,15) (0ms)
[2026-07-01 11:24:29] [axEl] IN: pid=79582 role=AXStaticText → OUT: title= frame=(1428,309,9,15) (0ms)
[2026-07-01 11:24:29] [axEl] IN: pid=79582 role=AXStaticText → OUT: title= frame=(1453,309,132,15) (0ms)
[2026-07-01 11:24:29] [axEl] IN: pid=79582 role=AXStaticText → OUT: title= frame=(1362,328,24,16) (0ms)
[2026-07-01 11:24:29] [axEl] IN: pid=79582 role=AXStaticText → OUT: title= frame=(1428,328,9,16) (0ms)
[2026-07-01 11:24:29] [axEl] IN: pid=79582 role=AXStaticText → OUT: title= frame=(1453,328,102,16) (0ms)
[2026-07-01 11:24:29] [axEl] IN: pid=79582 role=AXStaticText → OUT: title= frame=(1362,347,24,16) (0ms)
[2026-07-01 11:24:29] [axEl] IN: pid=79582 role=AXStaticText → OUT: title= frame=(1399,347,24,16) (0ms)
[2026-07-01 11:24:29] [axEl] IN: pid=79582 role=AXStaticText → OUT: title= frame=(1453,347,626,16) (0ms)
[2026-07-01 11:24:29] [axEl] IN: pid=79582 role=AXStaticText → OUT: title= frame=(1362,367,24,15) (0ms)
[2026-07-01 11:24:29] [axEl] IN: pid=79582 role=AXStaticText → OUT: title= frame=(1399,367,24,15) (0ms)
[2026-07-01 11:24:29] [axEl] IN: pid=79582 role=AXStaticText → OUT: title= frame=(1453,367,489,15) (0ms)
[2026-07-01 11:24:29] [axEl] IN: pid=79582 role=AXStaticText → OUT: title= frame=(1362,386,24,16) (0ms)
[2026-07-01 11:24:29] [axEl] IN: pid=79582 role=AXStaticText → OUT: title= frame=(1399,386,24,16) (0ms)
[2026-07-01 11:24:29] [axEl] IN: pid=79582 role=AXStaticText → OUT: title= frame=(1453,386,341,16) (0ms)
[2026-07-01 11:24:29] [axEl] IN: pid=79582 role=AXButton → OUT: title=深度思考 frame=(1316,56,69,19) (0ms)
[2026-07-01 11:24:29] [axEl] IN: pid=79582 role=AXButton → OUT: title= frame=(1316,86,167,25) (0ms)
[2026-07-01 11:24:29] [axEl] IN: pid=79582 role=AXButton → OUT: title= frame=(1316,131,495,19) (0ms)
[2026-07-01 11:24:29] [axEl] IN: pid=79582 role=AXButton → OUT: title= frame=(1342,159,513,29) (0ms)
[2026-07-01 11:24:29] [axEl] IN: pid=79582 role=AXButton → OUT: title=深度思考 frame=(1316,174,69,19) (0ms)
[2026-07-01 11:24:29] [axEl] IN: pid=79582 role=AXStaticText → OUT: title= frame=(1316,204,449,21) (0ms)
[2026-07-01 11:24:29] [axEl] IN: pid=79582 role=AXButton → OUT: title= frame=(1316,246,167,25) (0ms)
[2026-07-01 11:24:29] [axEl] IN: pid=79582 role=AXButton → OUT: title= frame=(1316,249,495,19) (0ms)
[2026-07-01 11:24:29] [axEl] IN: pid=79582 role=AXButton → OUT: title= frame=(1342,277,165,29) (0ms)
[2026-07-01 11:24:29] [axEl] IN: pid=79582 role=AXButton → OUT: title=深度思考 frame=(1316,293,69,19) (0ms)
[2026-07-01 11:24:29] [axEl] IN: pid=79582 role=AXButton → OUT: title= frame=(1316,322,167,25) (0ms)
[2026-07-01 11:24:29] [axEl] IN: pid=79582 role=AXButton → OUT: title= frame=(1316,367,495,19) (0ms)
[2026-07-01 11:24:29] [axEl] IN: pid=79582 role=AXButton → OUT: title= frame=(1342,395,290,29) (0ms)
[2026-07-01 11:24:29] [axEl] IN: pid=79582 role=AXButton → OUT: title=深度思考 frame=(1316,411,69,19) (0ms)
[2026-07-01 11:24:29] [axEl] IN: pid=79582 role=AXButton → OUT: title= frame=(1316,440,167,25) (0ms)
[2026-07-01 11:24:29] [axEl] IN: pid=79582 role=AXButton → OUT: title= frame=(1316,485,495,19) (0ms)
[2026-07-01 11:24:29] [axEl] IN: pid=79582 role=AXButton → OUT: title= frame=(1342,513,507,29) (0ms)
[2026-07-01 11:24:29] [axEl] IN: pid=79582 role=AXStaticText → OUT: title= frame=(1370,549,16,15) (0ms)
[2026-07-01 11:24:29] [axEl] IN: pid=79582 role=AXStaticText → OUT: title= frame=(1407,549,16,15) (0ms)
[2026-07-01 11:24:29] [axEl] IN: pid=79582 role=AXStaticText → OUT: title= frame=(1453,549,426,15) (0ms)
[2026-07-01 11:24:29] [axEl] IN: pid=79582 role=AXStaticText → OUT: title= frame=(1370,568,16,16) (0ms)
[2026-07-01 11:24:29] [axEl] IN: pid=79582 role=AXStaticText → OUT: title= frame=(1407,568,16,16) (0ms)
[2026-07-01 11:24:29] [axEl] IN: pid=79582 role=AXStaticText → OUT: title= frame=(1453,568,449,16) (0ms)
[2026-07-01 11:24:29] [axEl] IN: pid=79582 role=AXStaticText → OUT: title= frame=(1370,588,16,15) (0ms)
[2026-07-01 11:24:29] [axEl] IN: pid=79582 role=AXStaticText → OUT: title= frame=(1407,588,16,15) (0ms)
[2026-07-01 11:24:29] [axEl] IN: pid=79582 role=AXStaticText → OUT: title= frame=(1453,588,380,15) (0ms)
[2026-07-01 11:24:29] [axEl] IN: pid=79582 role=AXStaticText → OUT: title= frame=(1370,607,16,16) (0ms)
[2026-07-01 11:24:29] [axEl] IN: pid=79582 role=AXStaticText → OUT: title= frame=(1428,607,9,16) (0ms)
[2026-07-01 11:24:29] [axEl] IN: pid=79582 role=AXStaticText → OUT: title= frame=(1453,607,380,16) (0ms)
[2026-07-01 11:24:29] [axEl] IN: pid=79582 role=AXStaticText → OUT: title= frame=(1362,626,24,16) (0ms)
[2026-07-01 11:24:29] [axEl] IN: pid=79582 role=AXStaticText → OUT: title= frame=(1407,626,16,16) (0ms)
[2026-07-01 11:24:29] [axEl] IN: pid=79582 role=AXStaticText → OUT: title= frame=(1453,626,380,16) (0ms)
[2026-07-01 11:24:29] [axEl] IN: pid=79582 role=AXStaticText → OUT: title= frame=(1362,646,24,15) (0ms)
[2026-07-01 11:24:29] [axEl] IN: pid=79582 role=AXStaticText → OUT: title= frame=(1399,646,24,15) (0ms)
[2026-07-01 11:24:29] [axEl] IN: pid=79582 role=AXStaticText → OUT: title= frame=(1453,646,434,15) (0ms)
[2026-07-01 11:24:29] [axEl] IN: pid=79582 role=AXStaticText → OUT: title= frame=(1362,665,24,16) (0ms)
[2026-07-01 11:24:29] [axEl] IN: pid=79582 role=AXStaticText → OUT: title= frame=(1399,665,24,16) (0ms)
[2026-07-01 11:24:29] [axEl] IN: pid=79582 role=AXStaticText → OUT: title= frame=(1453,665,349,16) (0ms)
[2026-07-01 11:24:29] [axEl] IN: pid=79582 role=AXButton → OUT: title=深度思考 frame=(1316,529,69,19) (0ms)
[2026-07-01 11:24:29] [axEl] IN: pid=79582 role=AXButton → OUT: title= frame=(1316,558,167,25) (0ms)
[2026-07-01 11:24:29] [axEl] IN: pid=79582 role=AXButton → OUT: title= frame=(1316,603,495,19) (0ms)
[2026-07-01 11:24:29] [axEl] IN: pid=79582 role=AXButton → OUT: title= frame=(1342,632,514,29) (0ms)
[2026-07-01 11:24:29] [axEl] IN: pid=79582 role=AXStaticText → OUT: title= frame=(1362,0,24,15) (0ms)
[2026-07-01 11:24:29] [axEl] IN: pid=79582 role=AXStaticText → OUT: title= frame=(1428,0,9,15) (0ms)
[2026-07-01 11:24:29] [axEl] IN: pid=79582 role=AXStaticText → OUT: title= frame=(1453,0,496,15) (0ms)
[2026-07-01 11:24:29] [axEl] IN: pid=79582 role=AXStaticText → OUT: title= frame=(1362,19,24,16) (0ms)
[2026-07-01 11:24:29] [axEl] IN: pid=79582 role=AXStaticText → OUT: title= frame=(1428,19,9,16) (0ms)
[2026-07-01 11:24:29] [axEl] IN: pid=79582 role=AXStaticText → OUT: title= frame=(1453,19,71,16) (0ms)
[2026-07-01 11:24:29] [axEl] IN: pid=79582 role=AXStaticText → OUT: title= frame=(1399,38,24,16) (0ms)
[2026-07-01 11:24:29] [axEl] IN: pid=79582 role=AXStaticText → OUT: title= frame=(1428,38,9,16) (0ms)
[2026-07-01 11:24:29] [axEl] IN: pid=79582 role=AXStaticText → OUT: title= frame=(1453,38,256,16) (0ms)
[2026-07-01 11:24:29] [axEl] IN: pid=79582 role=AXStaticText → OUT: title= frame=(1399,58,24,15) (0ms)
[2026-07-01 11:24:29] [axEl] IN: pid=79582 role=AXStaticText → OUT: title= frame=(1428,58,9,15) (0ms)
[2026-07-01 11:24:29] [axEl] IN: pid=79582 role=AXStaticText → OUT: title= frame=(1453,58,233,15) (0ms)
[2026-07-01 11:24:29] [axEl] IN: pid=79582 role=AXStaticText → OUT: title= frame=(1362,77,24,16) (0ms)
[2026-07-01 11:24:29] [axEl] IN: pid=79582 role=AXStaticText → OUT: title= frame=(1399,77,24,16) (0ms)
[2026-07-01 11:24:29] [axEl] IN: pid=79582 role=AXStaticText → OUT: title= frame=(1453,77,202,16) (0ms)
[2026-07-01 11:24:29] [axEl] IN: pid=79582 role=AXStaticText → OUT: title= frame=(1362,97,24,15) (0ms)
[2026-07-01 11:24:29] [axEl] IN: pid=79582 role=AXStaticText → OUT: title= frame=(1399,97,24,15) (0ms)
[2026-07-01 11:24:29] [axEl] IN: pid=79582 role=AXStaticText → OUT: title= frame=(1453,97,40,15) (0ms)
[2026-07-01 11:24:29] [axEl] IN: pid=79582 role=AXStaticText → OUT: title= frame=(1362,116,24,16) (0ms)
[2026-07-01 11:24:29] [axEl] IN: pid=79582 role=AXStaticText → OUT: title= frame=(1399,116,24,16) (0ms)
[2026-07-01 11:24:29] [axEl] IN: pid=79582 role=AXStaticText → OUT: title= frame=(1362,-3,24,16) (0ms)
[2026-07-01 11:24:29] [axEl] IN: pid=79582 role=AXStaticText → OUT: title= frame=(1428,-3,9,16) (0ms)
[2026-07-01 11:24:29] [axEl] IN: pid=79582 role=AXStaticText → OUT: title= frame=(1362,16,24,16) (0ms)
[2026-07-01 11:24:29] [axEl] IN: pid=79582 role=AXStaticText → OUT: title= frame=(1399,16,24,16) (0ms)
[2026-07-01 11:24:29] [axEl] IN: pid=79582 role=AXStaticText → OUT: title= frame=(1453,16,426,16) (0ms)
[2026-07-01 11:24:29] [axEl] IN: pid=79582 role=AXStaticText → OUT: title= frame=(1362,36,24,15) (0ms)
[2026-07-01 11:24:29] [axEl] IN: pid=79582 role=AXStaticText → OUT: title= frame=(1399,36,24,15) (0ms)
[2026-07-01 11:24:29] [axEl] IN: pid=79582 role=AXStaticText → OUT: title= frame=(1453,36,140,15) (0ms)
[2026-07-01 11:24:29] [axEl] IN: pid=79582 role=AXStaticText → OUT: title= frame=(1362,55,24,16) (0ms)
[2026-07-01 11:24:29] [axEl] IN: pid=79582 role=AXStaticText → OUT: title= frame=(1399,55,24,16) (0ms)
[2026-07-01 11:24:29] [axEl] IN: pid=79582 role=AXStaticText → OUT: title= frame=(1453,55,411,16) (0ms)
[2026-07-01 11:24:29] [axEl] IN: pid=79582 role=AXStaticText → OUT: title= frame=(1370,7,16,15) (0ms)
[2026-07-01 11:24:29] [axEl] IN: pid=79582 role=AXStaticText → OUT: title= frame=(1407,7,16,15) (0ms)
[2026-07-01 11:24:29] [axEl] IN: pid=79582 role=AXStaticText → OUT: title= frame=(1453,7,196,15) (0ms)
[2026-07-01 11:24:29] [axEl] IN: pid=79582 role=AXStaticText → OUT: title= frame=(1370,26,16,16) (0ms)
[2026-07-01 11:24:29] [axEl] IN: pid=79582 role=AXStaticText → OUT: title= frame=(1407,26,16,16) (0ms)
[2026-07-01 11:24:29] [axEl] IN: pid=79582 role=AXStaticText → OUT: title= frame=(1453,26,196,16) (0ms)
[2026-07-01 11:24:29] [axEl] IN: pid=79582 role=AXStaticText → OUT: title= frame=(1370,45,16,16) (0ms)
[2026-07-01 11:24:29] [axEl] IN: pid=79582 role=AXStaticText → OUT: title= frame=(1407,45,16,16) (0ms)
[2026-07-01 11:24:29] [axEl] IN: pid=79582 role=AXButton → OUT: title= frame=(1316,39,495,19) (0ms)
[2026-07-01 11:24:29] [axEl] IN: pid=79582 role=AXButton → OUT: title= frame=(1342,67,469,10) (0ms)
[2026-07-01 11:24:29] [axEl] IN: pid=79582 role=AXButton → OUT: title= frame=(1342,97,469,10) (0ms)
[2026-07-01 11:24:29] [axEl] IN: pid=79582 role=AXStaticText → OUT: title= frame=(1316,-5,259,20) (0ms)
[2026-07-01 11:24:29] [axEl] IN: pid=79582 role=AXButton → OUT: title= frame=(1316,36,167,25) (0ms)
[2026-07-01 11:24:29] [axEl] IN: pid=79582 role=AXButton → OUT: title=复制 frame=(1312,66,28,25) (0ms)
[2026-07-01 11:24:29] [axEl] IN: pid=79582 role=AXButton → OUT: title= frame=(1342,66,28,25) (0ms)
[2026-07-01 11:24:29] [axEl] IN: pid=79582 role=AXPopUpButton → OUT: title= frame=(1372,66,28,25) (0ms)
[2026-07-01 11:24:29] [axEl] IN: pid=79582 role=AXPopUpButton → OUT: title= frame=(1402,66,28,25) (0ms)
[2026-07-01 11:24:29] [axEl] IN: pid=79582 role=AXStaticText → OUT: title= frame=(1434,115,363,20) (0ms)
[2026-07-01 11:24:29] [axEl] IN: pid=79582 role=AXStaticText → OUT: title= frame=(1720,146,27,18) (0ms)
[2026-07-01 11:24:29] [axEl] IN: pid=79582 role=AXButton → OUT: title=复制 frame=(1755,143,22,23) (0ms)
[2026-07-01 11:24:29] [axEl] IN: pid=79582 role=AXButton → OUT: title=编辑 frame=(1785,143,22,23) (0ms)
[2026-07-01 11:24:29] [axEl] IN: pid=79582 role=AXStaticText → OUT: title= frame=(1419,190,376,55) (0ms)
[2026-07-01 11:24:29] [axEl] IN: pid=79582 role=AXStaticText → OUT: title= frame=(1720,256,27,18) (0ms)
[2026-07-01 11:24:29] [axEl] IN: pid=79582 role=AXButton → OUT: title=复制 frame=(1755,253,22,23) (0ms)
[2026-07-01 11:24:29] [axEl] IN: pid=79582 role=AXButton → OUT: title=编辑 frame=(1785,253,22,23) (0ms)
[2026-07-01 11:24:29] [axEl] IN: pid=79582 role=AXButton → OUT: title=工具调用已处理 21s frame=(1316,295,69,19) (0ms)
[2026-07-01 11:24:29] [axEl] IN: pid=79582 role=AXButton → OUT: title=深度思考 frame=(1316,331,495,10) (0ms)
[2026-07-01 11:24:29] [axEl] IN: pid=79582 role=AXButton → OUT: title= frame=(1316,331,495,10) (0ms)
[2026-07-01 11:24:29] [axEl] IN: pid=79582 role=AXButton → OUT: title=已探索 1 次搜索 frame=(1316,407,495,19) (0ms)
[2026-07-01 11:24:29] [axEl] IN: pid=79582 role=AXButton → OUT: title= frame=(1342,435,469,10) (0ms)
[2026-07-01 11:24:29] [axEl] IN: pid=79582 role=AXButton → OUT: title=深度思考 frame=(1316,449,495,10) (0ms)
[2026-07-01 11:24:29] [axEl] IN: pid=79582 role=AXButton → OUT: title= frame=(1316,449,495,10) (0ms)
[2026-07-01 11:24:29] [axEl] IN: pid=79582 role=AXButton → OUT: title=Shell 1 次命令 frame=(1316,525,495,19) (0ms)
[2026-07-01 11:24:29] [axEl] IN: pid=79582 role=AXButton → OUT: title= frame=(1342,553,469,10) (0ms)
[2026-07-01 11:24:29] [axEl] IN: pid=79582 role=AXButton → OUT: title=深度思考 frame=(1316,567,495,10) (0ms)
[2026-07-01 11:24:29] [axEl] IN: pid=79582 role=AXButton → OUT: title= frame=(1316,567,495,10) (0ms)
[2026-07-01 11:24:29] [axEl] IN: pid=79582 role=AXButton → OUT: title=Shell 1 次命令 frame=(1316,643,495,19) (0ms)
[2026-07-01 11:24:29] [axEl] IN: pid=79582 role=AXButton → OUT: title= frame=(1342,671,469,10) (0ms)
[2026-07-01 11:24:29] [axEl] IN: pid=79582 role=AXButton → OUT: title=深度思考 frame=(1316,685,495,10) (0ms)
[2026-07-01 11:24:29] [axEl] IN: pid=79582 role=AXButton → OUT: title= frame=(1316,685,495,10) (0ms)
[2026-07-01 11:24:29] [axEl] IN: pid=79582 role=AXButton → OUT: title=Shell 1 次命令 frame=(1316,761,495,19) (0ms)
[2026-07-01 11:24:29] [axEl] IN: pid=79582 role=AXButton → OUT: title= frame=(1342,789,469,10) (0ms)
[2026-07-01 11:24:29] [axEl] IN: pid=79582 role=AXButton → OUT: title=深度思考 frame=(1316,803,495,10) (0ms)
[2026-07-01 11:24:29] [axEl] IN: pid=79582 role=AXButton → OUT: title= frame=(1316,803,495,10) (0ms)
[2026-07-01 11:24:29] [axEl] IN: pid=79582 role=AXButton → OUT: title=Shell 1 次命令 frame=(1316,879,495,19) (0ms)
[2026-07-01 11:24:29] [axEl] IN: pid=79582 role=AXButton → OUT: title= frame=(1342,907,469,10) (0ms)
[2026-07-01 11:24:29] [axEl] IN: pid=79582 role=AXButton → OUT: title=深度思考 frame=(1316,921,495,10) (0ms)
[2026-07-01 11:24:29] [axEl] IN: pid=79582 role=AXButton → OUT: title= frame=(1316,921,495,10) (0ms)
[2026-07-01 11:24:29] [axEl] IN: pid=79582 role=AXButton → OUT: title=已探索 1 次读取 frame=(1316,997,495,19) (0ms)
[2026-07-01 11:24:29] [axEl] IN: pid=79582 role=AXButton → OUT: title= frame=(1342,1026,469,10) (0ms)
[2026-07-01 11:24:29] [axEl] IN: pid=79582 role=AXButton → OUT: title=深度思考 frame=(1316,1040,495,10) (0ms)
[2026-07-01 11:24:29] [axEl] IN: pid=79582 role=AXButton → OUT: title= frame=(1316,1040,495,10) (0ms)
[2026-07-01 11:24:29] [axEl] IN: pid=79582 role=AXStaticText → OUT: title= frame=(1316,333,494,69) (0ms)
[2026-07-01 11:24:29] [axEl] IN: pid=79582 role=AXButton → OUT: title=5 条 Memory v5 编译引用 frame=(1316,424,167,25) (0ms)
[2026-07-01 11:24:29] [axEl] IN: pid=79582 role=AXButton → OUT: title=复制 frame=(1312,454,28,25) (0ms)
[2026-07-01 11:24:29] [axEl] IN: pid=79582 role=AXButton → OUT: title= frame=(1342,454,28,25) (0ms)
[2026-07-01 11:24:29] [axEl] IN: pid=79582 role=AXPopUpButton → OUT: title= frame=(1372,454,28,25) (0ms)
[2026-07-01 11:24:29] [axEl] IN: pid=79582 role=AXPopUpButton → OUT: title= frame=(1402,454,28,25) (0ms)
[2026-07-01 11:24:29] [axEl] IN: pid=79582 role=AXStaticText → OUT: title= frame=(1419,502,364,37) (0ms)
[2026-07-01 11:24:29] [axEl] IN: pid=79582 role=AXStaticText → OUT: title= frame=(1718,551,29,17) (0ms)
[2026-07-01 11:24:29] [axEl] IN: pid=79582 role=AXButton → OUT: title=复制 frame=(1755,548,22,23) (0ms)
[2026-07-01 11:24:29] [axEl] IN: pid=79582 role=AXButton → OUT: title=编辑 frame=(1785,548,22,23) (0ms)
[2026-07-01 11:24:29] [axEl] IN: pid=79582 role=AXButton → OUT: title=工具调用已处理 4s frame=(1316,590,69,19) (0ms)
[2026-07-01 11:24:29] [axEl] IN: pid=79582 role=AXButton → OUT: title=深度思考 frame=(1316,627,69,19) (0ms)
[2026-07-01 11:24:29] [axEl] IN: pid=79582 role=AXStaticText → OUT: title= frame=(1316,657,349,20) (0ms)
[2026-07-01 11:24:29] [axEl] IN: pid=79582 role=AXButton → OUT: title= frame=(1316,699,167,25) (0ms)
[2026-07-01 11:24:29] [axEl] IN: pid=79582 role=AXButton → OUT: title=已修改 1 次编辑 frame=(1316,701,495,19) (0ms)
[2026-07-01 11:24:29] [axEl] IN: pid=79582 role=AXButton → OUT: title= frame=(1342,729,92,29) (0ms)
[2026-07-01 11:24:29] [axEl] IN: pid=79582 role=AXStaticText → OUT: title= frame=(1370,765,16,15) (0ms)
[2026-07-01 11:24:29] [axEl] IN: pid=79582 role=AXStaticText → OUT: title= frame=(1407,765,16,15) (0ms)
[2026-07-01 11:24:29] [axEl] IN: pid=79582 role=AXStaticText → OUT: title= frame=(1453,765,318,15) (0ms)
[2026-07-01 11:24:29] [axEl] IN: pid=79582 role=AXStaticText → OUT: title= frame=(1370,784,16,16) (0ms)
[2026-07-01 11:24:29] [axEl] IN: pid=79582 role=AXStaticText → OUT: title= frame=(1407,784,16,16) (0ms)
[2026-07-01 11:24:29] [axEl] IN: pid=79582 role=AXStaticText → OUT: title= frame=(1453,784,217,16) (0ms)
[2026-07-01 11:24:29] [axEl] IN: pid=79582 role=AXStaticText → OUT: title= frame=(1370,803,16,16) (0ms)
[2026-07-01 11:24:29] [axEl] IN: pid=79582 role=AXStaticText → OUT: title= frame=(1407,803,16,16) (0ms)
[2026-07-01 11:24:29] [axEl] IN: pid=79582 role=AXStaticText → OUT: title= frame=(1453,803,364,16) (0ms)
[2026-07-01 11:24:29] [axEl] IN: pid=79582 role=AXStaticText → OUT: title= frame=(1407,823,16,15) (0ms)
[2026-07-01 11:24:29] [axEl] IN: pid=79582 role=AXStaticText → OUT: title= frame=(1428,823,9,15) (0ms)
[2026-07-01 11:24:29] [axEl] IN: pid=79582 role=AXStaticText → OUT: title= frame=(1453,823,225,15) (0ms)
[2026-07-01 11:24:29] [axEl] IN: pid=79582 role=AXStaticText → OUT: title= frame=(1370,842,16,16) (0ms)
[2026-07-01 11:24:29] [axEl] IN: pid=79582 role=AXStaticText → OUT: title= frame=(1407,842,16,16) (0ms)
[2026-07-01 11:24:29] [axEl] IN: pid=79582 role=AXStaticText → OUT: title= frame=(1453,842,395,16) (0ms)
[2026-07-01 11:24:29] [axEl] IN: pid=79582 role=AXStaticText → OUT: title= frame=(1370,862,16,15) (0ms)
[2026-07-01 11:24:29] [axEl] IN: pid=79582 role=AXStaticText → OUT: title= frame=(1428,862,9,15) (0ms)
[2026-07-01 11:24:29] [axEl] IN: pid=79582 role=AXStaticText → OUT: title= frame=(1453,862,519,15) (0ms)
[2026-07-01 11:24:29] [axEl] IN: pid=79582 role=AXStaticText → OUT: title= frame=(1370,881,16,16) (0ms)
[2026-07-01 11:24:29] [axEl] IN: pid=79582 role=AXStaticText → OUT: title= frame=(1428,881,9,16) (0ms)
[2026-07-01 11:24:29] [axEl] IN: pid=79582 role=AXStaticText → OUT: title= frame=(1453,881,326,16) (0ms)
[2026-07-01 11:24:29] [axEl] IN: pid=79582 role=AXStaticText → OUT: title= frame=(1370,900,16,16) (0ms)
[2026-07-01 11:24:29] [axEl] IN: pid=79582 role=AXStaticText → OUT: title= frame=(1428,900,9,16) (0ms)
[2026-07-01 11:24:29] [axEl] IN: pid=79582 role=AXStaticText → OUT: title= frame=(1453,900,380,16) (0ms)
[2026-07-01 11:24:29] [axEl] IN: pid=79582 role=AXStaticText → OUT: title= frame=(1370,920,16,15) (0ms)
[2026-07-01 11:24:29] [axEl] IN: pid=79582 role=AXStaticText → OUT: title= frame=(1428,920,9,15) (0ms)
[2026-07-01 11:24:29] [axEl] IN: pid=79582 role=AXStaticText → OUT: title= frame=(1453,920,132,15) (0ms)
[2026-07-01 11:24:29] [axEl] IN: pid=79582 role=AXStaticText → OUT: title= frame=(1407,939,16,16) (0ms)
[2026-07-01 11:24:29] [axEl] IN: pid=79582 role=AXStaticText → OUT: title= frame=(1428,939,9,16) (0ms)
[2026-07-01 11:24:29] [axEl] IN: pid=79582 role=AXStaticText → OUT: title= frame=(1453,939,380,16) (0ms)
[2026-07-01 11:24:29] [axEl] IN: pid=79582 role=AXStaticText → OUT: title= frame=(1407,958,16,16) (0ms)
[2026-07-01 11:24:29] [axEl] IN: pid=79582 role=AXStaticText → OUT: title= frame=(1428,958,9,16) (0ms)
[2026-07-01 11:24:29] [axEl] IN: pid=79582 role=AXStaticText → OUT: title= frame=(1453,958,372,16) (0ms)
[2026-07-01 11:24:29] [axEl] IN: pid=79582 role=AXStaticText → OUT: title= frame=(1370,978,16,15) (0ms)
[2026-07-01 11:24:29] [axEl] IN: pid=79582 role=AXStaticText → OUT: title= frame=(1407,978,16,15) (0ms)
[2026-07-01 11:24:29] [axEl] IN: pid=79582 role=AXStaticText → OUT: title= frame=(1453,978,102,15) (0ms)
[2026-07-01 11:24:29] [axEl] IN: pid=79582 role=AXStaticText → OUT: title= frame=(1370,997,16,16) (0ms)
[2026-07-01 11:24:29] [axEl] IN: pid=79582 role=AXStaticText → OUT: title= frame=(1407,997,16,16) (0ms)
[2026-07-01 11:24:29] [axEl] IN: pid=79582 role=AXStaticText → OUT: title= frame=(1453,997,71,16) (0ms)
[2026-07-01 11:24:29] [axEl] IN: pid=79582 role=AXStaticText → OUT: title= frame=(1370,1017,16,15) (0ms)
[2026-07-01 11:24:29] [axEl] IN: pid=79582 role=AXStaticText → OUT: title= frame=(1407,1017,16,15) (0ms)
[2026-07-01 11:24:29] [axEl] IN: pid=79582 role=AXStaticText → OUT: title= frame=(1453,1017,457,15) (0ms)
[2026-07-01 11:24:29] [axEl] IN: pid=79582 role=AXButton → OUT: title=深度思考 frame=(1316,743,495,10) (0ms)
[2026-07-01 11:24:29] [axEl] IN: pid=79582 role=AXButton → OUT: title= frame=(1316,743,495,10) (0ms)
[2026-07-01 11:24:29] [axEl] IN: pid=79582 role=AXButton → OUT: title=Shell 1 次命令 frame=(1316,819,495,19) (0ms)
[2026-07-01 11:24:29] [axEl] IN: pid=79582 role=AXButton → OUT: title= frame=(1342,848,469,10) (0ms)
[2026-07-01 11:24:29] [axEl] IN: pid=79582 role=AXStaticText → OUT: title= frame=(1316,628,469,69) (0ms)
[2026-07-01 11:24:29] [axEl] IN: pid=79582 role=AXButton → OUT: title=5 条 Memory v5 编译引用 frame=(1316,718,167,25) (0ms)
[2026-07-01 11:24:29] [axEl] IN: pid=79582 role=AXButton → OUT: title=跳转到问题 16 frame=(1805,7,32,15) (0ms)
[2026-07-01 11:24:29] [axEl] IN: pid=79582 role=AXButton → OUT: title=跳转到问题 17 frame=(1805,27,32,15) (0ms)
[2026-07-01 11:24:29] [axEl] IN: pid=79582 role=AXButton → OUT: title=跳转到问题 18 frame=(1805,47,32,15) (0ms)
[2026-07-01 11:24:29] [axEl] IN: pid=79582 role=AXButton → OUT: title=跳转到问题 19 frame=(1805,67,32,15) (0ms)
[2026-07-01 11:24:29] [axEl] IN: pid=79582 role=AXButton → OUT: title=跳转到问题 20 frame=(1805,87,32,15) (0ms)
[2026-07-01 11:24:29] [axEl] IN: pid=79582 role=AXButton → OUT: title=跳转到问题 21 frame=(1805,107,32,15) (0ms)
[2026-07-01 11:24:29] [axEl] IN: pid=79582 role=AXButton → OUT: title=跳转到问题 22 frame=(1805,127,32,15) (0ms)
[2026-07-01 11:24:29] [axEl] IN: pid=79582 role=AXButton → OUT: title=跳转到问题 23 frame=(1805,147,32,15) (0ms)
[2026-07-01 11:24:29] [axEl] IN: pid=79582 role=AXButton → OUT: title=跳转到问题 24 frame=(1805,167,32,15) (0ms)
[2026-07-01 11:24:29] [axEl] IN: pid=79582 role=AXButton → OUT: title=跳转到问题 25 frame=(1805,187,32,15) (0ms)
[2026-07-01 11:24:29] [axEl] IN: pid=79582 role=AXButton → OUT: title=跳转到问题 26 frame=(1805,207,32,15) (0ms)
[2026-07-01 11:24:29] [axEl] IN: pid=79582 role=AXButton → OUT: title=跳转到问题 27 frame=(1805,227,32,15) (0ms)
[2026-07-01 11:24:29] [axEl] IN: pid=79582 role=AXButton → OUT: title=跳转到问题 28 frame=(1805,247,32,15) (0ms)
[2026-07-01 11:24:29] [axEl] IN: pid=79582 role=AXButton → OUT: title=跳转到问题 29 frame=(1805,267,32,15) (0ms)
[2026-07-01 11:24:29] [axEl] IN: pid=79582 role=AXButton → OUT: title=跳转到问题 30 frame=(1805,287,32,15) (0ms)
[2026-07-01 11:24:29] [axEl] IN: pid=79582 role=AXButton → OUT: title=跳转到问题 31 frame=(1805,307,32,15) (0ms)
[2026-07-01 11:24:29] [axEl] IN: pid=79582 role=AXButton → OUT: title=跳转到问题 32 frame=(1805,327,32,15) (0ms)
[2026-07-01 11:24:29] [axEl] IN: pid=79582 role=AXButton → OUT: title=跳转到问题 33 frame=(1805,347,32,15) (0ms)
[2026-07-01 11:24:29] [axEl] IN: pid=79582 role=AXButton → OUT: title=跳转到问题 34 frame=(1805,367,32,15) (0ms)
[2026-07-01 11:24:29] [axEl] IN: pid=79582 role=AXButton → OUT: title=跳转到问题 35 frame=(1805,387,32,15) (0ms)
[2026-07-01 11:24:29] [axEl] IN: pid=79582 role=AXButton → OUT: title=跳转到问题 36 frame=(1805,407,32,15) (0ms)
[2026-07-01 11:24:29] [axEl] IN: pid=79582 role=AXButton → OUT: title=跳转到问题 37 frame=(1805,427,32,15) (0ms)
[2026-07-01 11:24:29] [axEl] IN: pid=79582 role=AXButton → OUT: title=跳转到问题 38 frame=(1805,447,32,15) (0ms)
[2026-07-01 11:24:29] [axEl] IN: pid=79582 role=AXButton → OUT: title=跳转到问题 39 frame=(1805,467,32,15) (0ms)
[2026-07-01 11:24:29] [axEl] IN: pid=79582 role=AXButton → OUT: title=跳转到问题 40 frame=(1805,487,32,15) (0ms)
[2026-07-01 11:24:29] [axEl] IN: pid=79582 role=AXButton → OUT: title=跳转到问题 41 frame=(1805,507,32,15) (0ms)
[2026-07-01 11:24:29] [axEl] IN: pid=79582 role=AXButton → OUT: title=跳转到问题 42 frame=(1805,527,32,15) (0ms)
[2026-07-01 11:24:29] [axEl] IN: pid=79582 role=AXButton → OUT: title=跳转到问题 43 frame=(1805,547,32,15) (0ms)
[2026-07-01 11:24:29] [axEl] IN: pid=79582 role=AXButton → OUT: title=跳转到问题 44 frame=(1805,567,32,15) (0ms)
[2026-07-01 11:24:29] [axEl] IN: pid=79582 role=AXStaticText → OUT: title= frame=(1330,796,27,19) (0ms)
[2026-07-01 11:24:29] [axEl] IN: pid=79582 role=AXStaticText → OUT: title= frame=(1371,800,8,17) (0ms)
[2026-07-01 11:24:29] [axEl] IN: pid=79582 role=AXStaticText → OUT: title= frame=(1378,800,7,17) (0ms)
[2026-07-01 11:24:29] [axEl] IN: pid=79582 role=AXStaticText → OUT: title= frame=(1384,800,8,17) (0ms)
[2026-07-01 11:24:29] [axEl] IN: pid=79582 role=AXStaticText → OUT: title= frame=(1330,822,87,18) (0ms)
[2026-07-01 11:24:29] [axEl] IN: pid=79582 role=AXButton → OUT: title=展开 frame=(1709,797,41,25) (0ms)
[2026-07-01 11:24:29] [axEl] IN: pid=79582 role=AXButton → OUT: title=关闭 frame=(1755,797,42,25) (0ms)
[2026-07-01 11:24:29] [axEl] IN: pid=79582 role=AXTextArea → OUT: title=给 Reasonix 发消息… ( / 命令 · @ 文件 · ! 终端 ) frame=(1337,874,409,38) (0ms)
[2026-07-01 11:24:29] [axEl] IN: pid=79582 role=AXStaticText → OUT: title= frame=(1339,877,344,21) (0ms)
[2026-07-01 11:24:29] [axEl] IN: pid=79582 role=AXButton → OUT: title= frame=(1753,874,35,34) (0ms)
[2026-07-01 11:24:29] [axEl] IN: pid=79582 role=AXPopUpButton → OUT: title=协作方式 frame=(1332,929,29,28) (0ms)
[2026-07-01 11:24:29] [axEl] IN: pid=79582 role=AXCheckBox → OUT: title= frame=(1374,932,25,24) (0ms)
[2026-07-01 11:24:29] [axEl] IN: pid=79582 role=AXCheckBox → OUT: title= frame=(1402,932,25,24) (0ms)
[2026-07-01 11:24:29] [axEl] IN: pid=79582 role=AXCheckBox → OUT: title= frame=(1430,932,25,24) (0ms)
[2026-07-01 11:24:29] [axEl] IN: pid=79582 role=AXButton → OUT: title=deepseek-v4-pro · DeepSeek 官方 frame=(1571,929,141,28) (0ms)
[2026-07-01 11:24:29] [axEl] IN: pid=79582 role=AXPopUpButton → OUT: title=更多控制 frame=(1724,927,66,32) (0ms)
[2026-07-01 11:24:29] [axEl] IN: pid=79582 role=AXButton → OUT: title= frame=(1027,93,12,14) (0ms)
[2026-07-01 11:24:29] [axEl] IN: pid=79582 role=AXButton → OUT: title= frame=(1067,93,12,14) (0ms)
[2026-07-01 11:24:29] [axEl] IN: pid=79582 role=AXButton → OUT: title= frame=(1047,93,12,14) (0ms)
[2026-07-01 11:24:29] [axEl] IN: pid=79582 role=AXMenuBarItem → OUT: title=Apple frame=(10,0,34,30) (0ms)
[2026-07-01 11:24:29] [axEl] IN: pid=79582 role=AXMenuBarItem → OUT: title=Reasonix frame=(43,0,79,30) (0ms)
[2026-07-01 11:24:29] [axEl] IN: pid=79582 role=AXMenuBarItem → OUT: title=File frame=(121,0,43,30) (0ms)
[2026-07-01 11:24:29] [axEl] IN: pid=79582 role=AXMenuBarItem → OUT: title=Edit frame=(163,0,44,30) (0ms)
[2026-07-01 11:24:29] [axEl] IN: pid=79582 role=AXMenuBarItem → OUT: title=Window frame=(206,0,69,30) (0ms)
[2026-07-01 11:24:29] [axEl] IN: pid=2480 role=AXMenuBarItem → OUT: title=Apple frame=(10,0,34,30) (0ms)
[2026-07-01 11:24:29] [axEl] IN: pid=2480 role=AXMenuBarItem → OUT: title=访达 frame=(43,0,47,30) (0ms)
[2026-07-01 11:24:29] [axEl] IN: pid=2480 role=AXMenuBarItem → OUT: title=文件 frame=(89,0,47,30) (0ms)
[2026-07-01 11:24:29] [axEl] IN: pid=2480 role=AXMenuBarItem → OUT: title=编辑 frame=(135,0,46,30) (0ms)
[2026-07-01 11:24:29] [axEl] IN: pid=2480 role=AXMenuBarItem → OUT: title=显示 frame=(180,0,47,30) (0ms)
[2026-07-01 11:24:29] [axEl] IN: pid=2480 role=AXMenuBarItem → OUT: title=前往 frame=(226,0,47,30) (0ms)
[2026-07-01 11:24:29] [axEl] IN: pid=2480 role=AXMenuBarItem → OUT: title=窗口 frame=(272,0,47,30) (0ms)
[2026-07-01 11:24:29] [axEl] IN: pid=2480 role=AXMenuBarItem → OUT: title=帮助 frame=(318,0,47,30) (0ms)
[2026-07-01 11:24:29] [axEl] IN: pid=2480 role=AXImage → OUT: title=vibe项目 frame=(77,469,64,64) (0ms)
[2026-07-01 11:24:29] [axEl] IN: pid=2478 role=AXDockItem → OUT: title=访达 frame=(295,1017,46,58) (0ms)
[2026-07-01 11:24:29] [axEl] IN: pid=2478 role=AXDockItem → OUT: title=App frame=(341,1017,46,58) (0ms)
[2026-07-01 11:24:29] [axEl] IN: pid=2478 role=AXDockItem → OUT: title=地图 frame=(387,1017,46,58) (0ms)
[2026-07-01 11:24:29] [axEl] IN: pid=2478 role=AXDockItem → OUT: title=App Store frame=(433,1017,46,58) (0ms)
[2026-07-01 11:24:29] [axEl] IN: pid=2478 role=AXDockItem → OUT: title=iPhone镜像 frame=(479,1017,46,58) (0ms)
[2026-07-01 11:24:29] [axEl] IN: pid=2478 role=AXDockItem → OUT: title=tntcloud_Lite frame=(525,1017,46,58) (0ms)
[2026-07-01 11:24:29] [axEl] IN: pid=2478 role=AXDockItem → OUT: title=豆包 frame=(571,1017,46,58) (0ms)
[2026-07-01 11:24:29] [axEl] IN: pid=2478 role=AXDockItem → OUT: title=微信 frame=(617,1017,46,58) (0ms)
[2026-07-01 11:24:29] [axEl] IN: pid=2478 role=AXDockItem → OUT: title=ima.copilot frame=(663,1017,46,58) (0ms)
[2026-07-01 11:24:29] [axEl] IN: pid=2478 role=AXDockItem → OUT: title=Google Chrome frame=(709,1017,46,58) (0ms)
[2026-07-01 11:24:29] [axEl] IN: pid=2478 role=AXDockItem → OUT: title=Claude frame=(755,1017,46,58) (0ms)
[2026-07-01 11:24:29] [axEl] IN: pid=2478 role=AXDockItem → OUT: title=飞书 frame=(801,1017,46,58) (0ms)
[2026-07-01 11:24:29] [axEl] IN: pid=2478 role=AXDockItem → OUT: title=终端 frame=(847,1017,46,58) (0ms)
[2026-07-01 11:24:29] [axEl] IN: pid=2478 role=AXDockItem → OUT: title=Visual Studio Code frame=(893,1017,46,58) (0ms)
[2026-07-01 11:24:29] [axEl] IN: pid=2478 role=AXDockItem → OUT: title=Codex frame=(939,1017,46,58) (0ms)
[2026-07-01 11:24:29] [axEl] IN: pid=2478 role=AXDockItem → OUT: title=Reasonix frame=(985,1017,46,58) (0ms)
[2026-07-01 11:24:29] [axEl] IN: pid=2478 role=AXDockItem → OUT: title= frame=(1031,1017,20,58) (0ms)
[2026-07-01 11:24:29] [axEl] IN: pid=2478 role=AXDockItem → OUT: title=屏幕共享 frame=(1052,1017,46,58) (0ms)
[2026-07-01 11:24:29] [axEl] IN: pid=2478 role=AXDockItem → OUT: title=飞鸟加速 frame=(1098,1017,46,58) (0ms)
[2026-07-01 11:24:29] [axEl] IN: pid=2478 role=AXDockItem → OUT: title=预览 frame=(1144,1017,46,58) (0ms)
[2026-07-01 11:24:29] [axEl] IN: pid=2478 role=AXDockItem → OUT: title=网易云音乐 frame=(1190,1017,46,58) (0ms)
[2026-07-01 11:24:29] [axEl] IN: pid=2478 role=AXDockItem → OUT: title=抖音 frame=(1236,1017,46,58) (0ms)
[2026-07-01 11:24:29] [axEl] IN: pid=2478 role=AXDockItem → OUT: title= frame=(1282,1017,20,58) (0ms)
[2026-07-01 11:24:29] [axEl] IN: pid=2478 role=AXDockItem → OUT: title=下载 frame=(1302,1017,46,58) (0ms)
[2026-07-01 11:24:29] [axEl] IN: pid=2478 role=AXDockItem → OUT: title=所有连接 frame=(1348,1017,46,58) (0ms)
[2026-07-01 11:24:29] [axEl] IN: pid=2478 role=AXDockItem → OUT: title=网易云音乐 frame=(1394,1017,46,58) (0ms)
[2026-07-01 11:24:29] [axEl] IN: pid=2478 role=AXDockItem → OUT: title=飞鸟加速 frame=(1440,1017,46,58) (0ms)
[2026-07-01 11:24:29] [axEl] IN: pid=2478 role=AXDockItem → OUT: title=MotionControl Toggle Buttons frame=(1486,1017,46,58) (0ms)
[2026-07-01 11:24:29] [axEl] IN: pid=2478 role=AXDockItem → OUT: title=douyin frame=(1532,1017,46,58) (0ms)
[2026-07-01 11:24:29] [axEl] IN: pid=2478 role=AXDockItem → OUT: title=废纸篓 frame=(1578,1017,46,58) (0ms)
[2026-07-01 11:24:29] [axEl] IN: pid=2479 role=AXMenuBarItem → OUT: title=Siri frame=(1752,3,16,24) (0ms)
[2026-07-01 11:24:29] [hand_detect] IN: hand_detect 1920x1080 → OUT: detected=true landmarks=21 confidence=0.2709961
[2026-07-01 11:24:29] [gesture_analyze] IN: gesture_analyze type=none → OUT: gesture=none confidence=0.00 isRepeat=false
[2026-07-01 11:24:29] [KEYPOINTS] IN: handSide=left palmCenter=0.5504799286524454,0.06352080901463826 → OUT: 
[2026-07-01 11:24:29] [face_detect] IN: face_detect → OUT: detected=true landmarks=76 roll=0.06135923 pitch=-0.30296123 yaw=-0.19941752 (4794ms)
[2026-07-01 11:24:29] [mouth_detect] IN: mouth_detect ratio=0.47182274 → OUT: status=CLOSED confirmed=CLOSED
[2026-07-01 11:24:29] [gaze_estimate] IN: yaw=-0.19941752 pitch=-0.30296123 → OUT: yawOffset=-0.14041664 pitchOffset=-0.079635575 hasFace=true
[2026-07-01 11:24:29] [hand_detect] IN: hand_detect 1920x1080 → OUT: detected=true landmarks=21 confidence=0.10668945
[2026-07-01 11:24:29] [gesture_analyze] IN: gesture_analyze type=none → OUT: gesture=none confidence=0.00 isRepeat=false
[2026-07-01 11:24:29] [KEYPOINTS] IN: handSide=left palmCenter=0.6249863505363464,0.1475626826286316 → OUT: 
[2026-07-01 11:24:29] [face_detect] IN: face_detect → OUT: detected=true landmarks=76 roll=0.06135923 pitch=-0.30296123 yaw=-0.19941752 (4781ms)
[2026-07-01 11:24:29] [mouth_detect] IN: mouth_detect ratio=0.463787 → OUT: status=CLOSED confirmed=CLOSED
[2026-07-01 11:24:29] [gaze_estimate] IN: yaw=-0.19941752 pitch=-0.30296123 → OUT: yawOffset=-0.14822273 pitchOffset=-0.08358667 hasFace=true
[2026-07-01 11:24:29] [hand_detect] IN: hand_detect 1920x1080 → OUT: detected=true landmarks=21 confidence=0.5732422
[2026-07-01 11:24:29] [gesture_analyze] IN: gesture_analyze type=none → OUT: gesture=none confidence=0.00 isRepeat=false
[2026-07-01 11:24:29] [KEYPOINTS] IN: handSide=right palmCenter=0.5556868314743042,0.16433974107106528 → OUT: 
[2026-07-01 11:24:29] [face_detect] IN: face_detect → OUT: detected=true landmarks=76 roll=0.06135923 pitch=-0.30296123 yaw=-0.19941752 (4901ms)
[2026-07-01 11:24:29] [mouth_detect] IN: mouth_detect ratio=0.42091694 → OUT: status=CLOSED confirmed=CLOSED
[2026-07-01 11:24:29] [gaze_estimate] IN: yaw=-0.19941752 pitch=-0.30296123 → OUT: yawOffset=-0.153687 pitchOffset=-0.08635244 hasFace=true
[2026-07-01 11:24:29] [hand_detect] IN: hand_detect 1920x1080 → OUT: detected=true landmarks=21 confidence=0.23120117
[2026-07-01 11:24:29] [gesture_analyze] IN: gesture_analyze type=none → OUT: gesture=none confidence=0.00 isRepeat=false
[2026-07-01 11:24:29] [KEYPOINTS] IN: handSide=right palmCenter=0.48667964339256287,0.19551358620325723 → OUT: 
[2026-07-01 11:24:29] [face_detect] IN: face_detect → OUT: detected=true landmarks=76 roll=0.06135923 pitch=-0.30296123 yaw=-0.19941752 (7148ms)
[2026-07-01 11:24:29] [mouth_detect] IN: mouth_detect ratio=0.45513624 → OUT: status=CLOSED confirmed=CLOSED
[2026-07-01 11:24:29] [gaze_estimate] IN: yaw=-0.19941752 pitch=-0.30296123 → OUT: yawOffset=-0.15751198 pitchOffset=-0.08828847 hasFace=true
[2026-07-01 11:24:29] [hand_detect] IN: hand_detect 1920x1080 → OUT: detected=true landmarks=21 confidence=0.5214844
[2026-07-01 11:24:29] [gesture_analyze] IN: gesture_analyze type=none → OUT: gesture=none confidence=0.00 isRepeat=false
[2026-07-01 11:24:29] [KEYPOINTS] IN: handSide=right palmCenter=0.4657268126805623,0.16704187790552774 → OUT: 
[2026-07-01 11:24:29] [face_detect] IN: face_detect → OUT: detected=true landmarks=76 roll=0.06135923 pitch=-0.30296123 yaw=-0.19941752 (5993ms)
[2026-07-01 11:24:29] [mouth_detect] IN: mouth_detect ratio=0.4468308 → OUT: status=CLOSED confirmed=CLOSED
[2026-07-01 11:24:29] [gaze_estimate] IN: yaw=-0.19941752 pitch=-0.30296123 → OUT: yawOffset=-0.16018946 pitchOffset=-0.089643694 hasFace=true
[2026-07-01 11:24:30] [hand_detect] IN: hand_detect 1920x1080 → OUT: detected=true landmarks=21 confidence=0.10205078
[2026-07-01 11:24:30] [gesture_analyze] IN: gesture_analyze type=none → OUT: gesture=none confidence=0.00 isRepeat=false
[2026-07-01 11:24:30] [KEYPOINTS] IN: handSide=right palmCenter=0.35281691948572796,0.19025359551111856 → OUT: 
[2026-07-01 11:24:30] [face_detect] IN: face_detect → OUT: detected=true landmarks=76 roll=0.06135923 pitch=-0.30296123 yaw=-0.19941752 (6865ms)
[2026-07-01 11:24:30] [mouth_detect] IN: mouth_detect ratio=0.4506574 → OUT: status=CLOSED confirmed=CLOSED
[2026-07-01 11:24:30] [gaze_estimate] IN: yaw=-0.19941752 pitch=-0.30296123 → OUT: yawOffset=-0.1620637 pitchOffset=-0.090592355 hasFace=true
[2026-07-01 11:24:30] [hand_detect] IN: hand_detect 1920x1080 → OUT: detected=true landmarks=21 confidence=0.4206543
[2026-07-01 11:24:30] [gesture_analyze] IN: gesture_analyze type=none → OUT: gesture=none confidence=0.00 isRepeat=false
[2026-07-01 11:24:30] [KEYPOINTS] IN: handSide=right palmCenter=0.24058149755001068,0.07548099756240845 → OUT: 
[2026-07-01 11:24:30] [face_detect] IN: face_detect → OUT: detected=true landmarks=76 roll=0.06135923 pitch=-0.30296123 yaw=-0.19941752 (7609ms)
[2026-07-01 11:24:30] [mouth_detect] IN: mouth_detect ratio=0.4595975 → OUT: status=CLOSED confirmed=CLOSED
[2026-07-01 11:24:30] [gaze_estimate] IN: yaw=-0.19941752 pitch=-0.30296123 → OUT: yawOffset=-0.16337568 pitchOffset=-0.09125642 hasFace=true
[2026-07-01 11:24:30] [hand_detect] IN: hand_detect 1920x1080 → OUT: detected=true landmarks=21 confidence=0.17260742
[2026-07-01 11:24:30] [gesture_analyze] IN: gesture_analyze type=none → OUT: gesture=none confidence=0.00 isRepeat=false
[2026-07-01 11:24:30] [KEYPOINTS] IN: handSide=right palmCenter=0.0,0.0 → OUT: 
[2026-07-01 11:24:30] [face_detect] IN: face_detect → OUT: detected=true landmarks=76 roll=0.06135923 pitch=-0.30296123 yaw=-0.19941752 (8381ms)
[2026-07-01 11:24:30] [mouth_detect] IN: mouth_detect ratio=0.46604213 → OUT: status=CLOSED confirmed=CLOSED
[2026-07-01 11:24:30] [gaze_estimate] IN: yaw=-0.19941752 pitch=-0.30296123 → OUT: yawOffset=-0.16429405 pitchOffset=-0.09172126 hasFace=true
[2026-07-01 11:24:30] [hand_detect] IN: hand_detect 1920x1080 → OUT: detected=false landmarks=nil confidence=0
[2026-07-01 11:24:30] [face_detect] IN: face_detect → OUT: detected=true landmarks=76 roll=0.06135923 pitch=-0.30296123 yaw=-0.19941752 (7526ms)
[2026-07-01 11:24:30] [mouth_detect] IN: mouth_detect ratio=0.4706513 → OUT: status=CLOSED confirmed=CLOSED
[2026-07-01 11:24:30] [gaze_estimate] IN: yaw=-0.19941752 pitch=-0.30296123 → OUT: yawOffset=-0.16493692 pitchOffset=-0.09204665 hasFace=true
[2026-07-01 11:24:30] [hand_detect] IN: hand_detect 1920x1080 → OUT: detected=false landmarks=nil confidence=0
[2026-07-01 11:24:30] [face_detect] IN: face_detect → OUT: detected=true landmarks=76 roll=0.06135923 pitch=-0.30296123 yaw=-0.19941752 (6442ms)
[2026-07-01 11:24:30] [mouth_detect] IN: mouth_detect ratio=0.47674528 → OUT: status=CLOSED confirmed=CLOSED
[2026-07-01 11:24:30] [gaze_estimate] IN: yaw=-0.19941752 pitch=-0.30296123 → OUT: yawOffset=-0.16538693 pitchOffset=-0.09227442 hasFace=true
[2026-07-01 11:24:30] [hand_detect] IN: hand_detect 1920x1080 → OUT: detected=false landmarks=nil confidence=0
[2026-07-01 11:24:30] [face_detect] IN: face_detect → OUT: detected=true landmarks=76 roll=0.06135923 pitch=-0.30296123 yaw=-0.19941752 (5143ms)
[2026-07-01 11:24:30] [mouth_detect] IN: mouth_detect ratio=0.49108857 → OUT: status=CLOSED confirmed=CLOSED
[2026-07-01 11:24:30] [gaze_estimate] IN: yaw=-0.19941752 pitch=-0.30296123 → OUT: yawOffset=-0.16570194 pitchOffset=-0.09243386 hasFace=true
[2026-07-01 11:24:30] [hand_detect] IN: hand_detect 1920x1080 → OUT: detected=false landmarks=nil confidence=0
[2026-07-01 11:24:30] [face_detect] IN: face_detect → OUT: detected=true landmarks=76 roll=0.06135923 pitch=-0.30296123 yaw=-0.19941752 (4669ms)
[2026-07-01 11:24:30] [mouth_detect] IN: mouth_detect ratio=0.5199067 → OUT: status=CLOSED confirmed=CLOSED
[2026-07-01 11:24:30] [gaze_estimate] IN: yaw=-0.19941752 pitch=-0.30296123 → OUT: yawOffset=-0.16592245 pitchOffset=-0.09254547 hasFace=true
[2026-07-01 11:24:30] [hand_detect] IN: hand_detect 1920x1080 → OUT: detected=false landmarks=nil confidence=0
[2026-07-01 11:24:30] [face_detect] IN: face_detect → OUT: detected=true landmarks=76 roll=0.06135923 pitch=-0.30296123 yaw=-0.19941752 (4940ms)
[2026-07-01 11:24:30] [mouth_detect] IN: mouth_detect ratio=0.5326425 → OUT: status=CLOSED confirmed=CLOSED
[2026-07-01 11:24:30] [gaze_estimate] IN: yaw=-0.19941752 pitch=-0.30296123 → OUT: yawOffset=-0.1660768 pitchOffset=-0.0926236 hasFace=true
[2026-07-01 11:24:30] [hand_detect] IN: hand_detect 1920x1080 → OUT: detected=false landmarks=nil confidence=0
[2026-07-01 11:24:30] [face_detect] IN: face_detect → OUT: detected=true landmarks=76 roll=0.06135923 pitch=-0.30296123 yaw=-0.19941752 (4781ms)
[2026-07-01 11:24:30] [mouth_detect] IN: mouth_detect ratio=0.51850754 → OUT: status=CLOSED confirmed=CLOSED
[2026-07-01 11:24:30] [gaze_estimate] IN: yaw=-0.19941752 pitch=-0.30296123 → OUT: yawOffset=-0.16618484 pitchOffset=-0.092678286 hasFace=true
[2026-07-01 11:24:30] [hand_detect] IN: hand_detect 1920x1080 → OUT: detected=false landmarks=nil confidence=0
[2026-07-01 11:24:30] [face_detect] IN: face_detect → OUT: detected=true landmarks=76 roll=-0.10277672 pitch=-0.42798063 yaw=0.078233026 (9182ms)
[2026-07-01 11:24:30] [mouth_detect] IN: mouth_detect ratio=0.5090442 → OUT: status=CLOSED confirmed=CLOSED
[2026-07-01 11:24:30] [gaze_estimate] IN: yaw=0.078233026 pitch=-0.42798063 → OUT: yawOffset=-0.08296531 pitchOffset=-0.1302224 hasFace=true
[2026-07-01 11:24:30] [hand_detect] IN: hand_detect 1920x1080 → OUT: detected=false landmarks=nil confidence=0
[2026-07-01 11:24:30] [face_detect] IN: face_detect → OUT: detected=true landmarks=76 roll=-0.10277672 pitch=-0.42798063 yaw=0.078233026 (4846ms)
[2026-07-01 11:24:30] [mouth_detect] IN: mouth_detect ratio=0.508772 → OUT: status=CLOSED confirmed=CLOSED
[2026-07-01 11:24:30] [gaze_estimate] IN: yaw=0.078233026 pitch=-0.42798063 → OUT: yawOffset=-0.02471163 pitchOffset=-0.15650326 hasFace=true
[2026-07-01 11:24:30] [hand_detect] IN: hand_detect 1920x1080 → OUT: detected=false landmarks=nil confidence=0
[2026-07-01 11:24:30] [face_detect] IN: face_detect → OUT: detected=true landmarks=76 roll=-0.10277672 pitch=-0.42798063 yaw=0.078233026 (4477ms)
[2026-07-01 11:24:30] [mouth_detect] IN: mouth_detect ratio=0.50550926 → OUT: status=CLOSED confirmed=CLOSED
[2026-07-01 11:24:30] [gaze_estimate] IN: yaw=0.078233026 pitch=-0.42798063 → OUT: yawOffset=0.016065944 pitchOffset=-0.17489988 hasFace=true
[2026-07-01 11:24:30] [hand_detect] IN: hand_detect 1920x1080 → OUT: detected=false landmarks=nil confidence=0
[2026-07-01 11:24:30] [face_detect] IN: face_detect → OUT: detected=true landmarks=76 roll=-0.10277672 pitch=-0.42798063 yaw=0.078233026 (4616ms)
[2026-07-01 11:24:30] [mouth_detect] IN: mouth_detect ratio=0.49592066 → OUT: status=CLOSED confirmed=CLOSED
[2026-07-01 11:24:30] [gaze_estimate] IN: yaw=0.078233026 pitch=-0.42798063 → OUT: yawOffset=0.044610243 pitchOffset=-0.1877775 hasFace=true
[2026-07-01 11:24:30] [hand_detect] IN: hand_detect 1920x1080 → OUT: detected=false landmarks=nil confidence=0
[2026-07-01 11:24:30] [face_detect] IN: face_detect → OUT: detected=true landmarks=76 roll=-0.10277672 pitch=-0.42798063 yaw=0.078233026 (4804ms)
[2026-07-01 11:24:30] [mouth_detect] IN: mouth_detect ratio=0.5134388 → OUT: status=CLOSED confirmed=CLOSED
[2026-07-01 11:24:30] [gaze_estimate] IN: yaw=0.078233026 pitch=-0.42798063 → OUT: yawOffset=0.06459125 pitchOffset=-0.19679184 hasFace=true
[2026-07-01 11:24:30] [hand_detect] IN: hand_detect 1920x1080 → OUT: detected=false landmarks=nil confidence=0
[2026-07-01 11:24:30] [face_detect] IN: face_detect → OUT: detected=true landmarks=76 roll=-0.10277672 pitch=-0.42798063 yaw=0.078233026 (4645ms)
[2026-07-01 11:24:30] [mouth_detect] IN: mouth_detect ratio=0.5157159 → OUT: status=CLOSED confirmed=CLOSED
[2026-07-01 11:24:30] [gaze_estimate] IN: yaw=0.078233026 pitch=-0.42798063 → OUT: yawOffset=0.07857796 pitchOffset=-0.20310187 hasFace=true
[2026-07-01 11:24:30] [axMatch] IN: cursor=(783,761) → OUT: lost (0ms)
[2026-07-01 11:24:30] [hand_detect] IN: hand_detect 1920x1080 → OUT: detected=false landmarks=nil confidence=0
[2026-07-01 11:24:30] [face_detect] IN: face_detect → OUT: detected=true landmarks=76 roll=-0.10277672 pitch=-0.42798063 yaw=0.078233026 (5168ms)
[2026-07-01 11:24:30] [mouth_detect] IN: mouth_detect ratio=0.51947284 → OUT: status=CLOSED confirmed=CLOSED
[2026-07-01 11:24:30] [gaze_estimate] IN: yaw=0.078233026 pitch=-0.42798063 → OUT: yawOffset=0.088368654 pitchOffset=-0.2075189 hasFace=true
[2026-07-01 11:24:30] [hand_detect] IN: hand_detect 1920x1080 → OUT: detected=false landmarks=nil confidence=0
[2026-07-01 11:24:30] [face_detect] IN: face_detect → OUT: detected=true landmarks=76 roll=-0.10277672 pitch=-0.42798063 yaw=0.078233026 (4685ms)
[2026-07-01 11:24:30] [mouth_detect] IN: mouth_detect ratio=0.51293594 → OUT: status=CLOSED confirmed=CLOSED
[2026-07-01 11:24:30] [gaze_estimate] IN: yaw=0.078233026 pitch=-0.42798063 → OUT: yawOffset=0.09522214 pitchOffset=-0.21061082 hasFace=true
[2026-07-01 11:24:30] [hand_detect] IN: hand_detect 1920x1080 → OUT: detected=false landmarks=nil confidence=0
[2026-07-01 11:24:30] [face_detect] IN: face_detect → OUT: detected=true landmarks=76 roll=-0.10277672 pitch=-0.42798063 yaw=0.078233026 (4799ms)
[2026-07-01 11:24:30] [mouth_detect] IN: mouth_detect ratio=0.5162283 → OUT: status=CLOSED confirmed=CLOSED
[2026-07-01 11:24:30] [gaze_estimate] IN: yaw=0.078233026 pitch=-0.42798063 → OUT: yawOffset=0.10001958 pitchOffset=-0.21277517 hasFace=true
[2026-07-01 11:24:30] [hand_detect] IN: hand_detect 1920x1080 → OUT: detected=false landmarks=nil confidence=0
[2026-07-01 11:24:30] [face_detect] IN: face_detect → OUT: detected=true landmarks=76 roll=-0.10277672 pitch=-0.42798063 yaw=0.078233026 (5339ms)
[2026-07-01 11:24:30] [mouth_detect] IN: mouth_detect ratio=0.5121766 → OUT: status=CLOSED confirmed=CLOSED
[2026-07-01 11:24:30] [gaze_estimate] IN: yaw=0.078233026 pitch=-0.42798063 → OUT: yawOffset=0.10337779 pitchOffset=-0.2142902 hasFace=true
[2026-07-01 11:24:30] [hand_detect] IN: hand_detect 1920x1080 → OUT: detected=false landmarks=nil confidence=0
[2026-07-01 11:24:30] [face_detect] IN: face_detect → OUT: detected=true landmarks=76 roll=-0.10277672 pitch=-0.42798063 yaw=0.078233026 (4894ms)
[2026-07-01 11:24:30] [mouth_detect] IN: mouth_detect ratio=0.48457775 → OUT: status=CLOSED confirmed=CLOSED
[2026-07-01 11:24:30] [gaze_estimate] IN: yaw=0.078233026 pitch=-0.42798063 → OUT: yawOffset=0.10572854 pitchOffset=-0.21535073 hasFace=true
[2026-07-01 11:24:30] [axScan] IN: windows=5 → OUT: raw=433 visible=417 [pid79582=346 pid2479=1 pid61336=31 pid2480=9 pid2478=30] (682ms)
[2026-07-01 11:24:30] [axEl] IN: pid=61336 role=AXButton → OUT: title= frame=(901,117,20,20) (0ms)
[2026-07-01 11:24:30] [axEl] IN: pid=61336 role=AXScrollBar → OUT: title= frame=(901,135,19,338) (0ms)
[2026-07-01 11:24:30] [axEl] IN: pid=61336 role=AXButton → OUT: title= frame=(905,139,11,310) (0ms)
[2026-07-01 11:24:30] [axEl] IN: pid=61336 role=AXButton → OUT: title= frame=(410,95,16,16) (0ms)
[2026-07-01 11:24:30] [axEl] IN: pid=61336 role=AXButton → OUT: title= frame=(456,95,16,16) (0ms)
[2026-07-01 11:24:30] [axEl] IN: pid=61336 role=AXButton → OUT: title= frame=(433,95,16,16) (0ms)
[2026-07-01 11:24:30] [axEl] IN: pid=61336 role=AXImage → OUT: title=diqibadao frame=(483,93,18,18) (0ms)
[2026-07-01 11:24:30] [axEl] IN: pid=61336 role=AXStaticText → OUT: title= frame=(502,95,407,16) (0ms)
[2026-07-01 11:24:30] [axEl] IN: pid=61336 role=AXButton → OUT: title= frame=(918,674,20,20) (0ms)
[2026-07-01 11:24:30] [axEl] IN: pid=61336 role=AXScrollBar → OUT: title= frame=(918,692,19,338) (0ms)
[2026-07-01 11:24:30] [axEl] IN: pid=61336 role=AXButton → OUT: title= frame=(922,696,11,310) (0ms)
[2026-07-01 11:24:30] [axEl] IN: pid=61336 role=AXButton → OUT: title= frame=(427,652,16,16) (0ms)
[2026-07-01 11:24:30] [axEl] IN: pid=61336 role=AXButton → OUT: title= frame=(473,652,16,16) (0ms)
[2026-07-01 11:24:30] [axEl] IN: pid=61336 role=AXButton → OUT: title= frame=(450,652,16,16) (0ms)
[2026-07-01 11:24:30] [axEl] IN: pid=61336 role=AXImage → OUT: title=diqibadao frame=(500,650,18,18) (0ms)
[2026-07-01 11:24:30] [axEl] IN: pid=61336 role=AXStaticText → OUT: title= frame=(519,652,241,16) (0ms)
[2026-07-01 11:24:30] [axEl] IN: pid=61336 role=AXButton → OUT: title= frame=(872,88,20,20) (0ms)
[2026-07-01 11:24:30] [axEl] IN: pid=61336 role=AXScrollBar → OUT: title= frame=(872,106,19,338) (0ms)
[2026-07-01 11:24:30] [axEl] IN: pid=61336 role=AXButton → OUT: title= frame=(876,110,11,310) (0ms)
[2026-07-01 11:24:30] [axEl] IN: pid=61336 role=AXButton → OUT: title= frame=(381,66,16,16) (0ms)
[2026-07-01 11:24:30] [axEl] IN: pid=61336 role=AXButton → OUT: title= frame=(427,66,16,16) (0ms)
[2026-07-01 11:24:30] [axEl] IN: pid=61336 role=AXButton → OUT: title= frame=(404,66,16,16) (0ms)
[2026-07-01 11:24:30] [axEl] IN: pid=61336 role=AXImage → OUT: title=diqibadao frame=(454,64,18,18) (0ms)
[2026-07-01 11:24:30] [axEl] IN: pid=61336 role=AXStaticText → OUT: title= frame=(473,66,241,16) (0ms)
[2026-07-01 11:24:30] [axEl] IN: pid=61336 role=AXMenuBarItem → OUT: title=Apple frame=(10,0,34,30) (0ms)
[2026-07-01 11:24:30] [axEl] IN: pid=61336 role=AXMenuBarItem → OUT: title=终端 frame=(43,0,47,30) (0ms)
[2026-07-01 11:24:30] [axEl] IN: pid=61336 role=AXMenuBarItem → OUT: title=Shell frame=(89,0,50,30) (0ms)
[2026-07-01 11:24:30] [axEl] IN: pid=61336 role=AXMenuBarItem → OUT: title=编辑 frame=(138,0,47,30) (0ms)
[2026-07-01 11:24:30] [axEl] IN: pid=61336 role=AXMenuBarItem → OUT: title=显示 frame=(184,0,47,30) (0ms)
[2026-07-01 11:24:30] [axEl] IN: pid=61336 role=AXMenuBarItem → OUT: title=窗口 frame=(230,0,47,30) (0ms)
[2026-07-01 11:24:30] [axEl] IN: pid=61336 role=AXMenuBarItem → OUT: title=帮助 frame=(276,0,47,30) (0ms)
[2026-07-01 11:24:30] [axEl] IN: pid=79582 role=AXLink → OUT: title=跳到输入框 frame=(1390,36,83,35) (0ms)
[2026-07-01 11:24:30] [axEl] IN: pid=79582 role=AXStaticText → OUT: title= frame=(1402,45,59,17) (0ms)
[2026-07-01 11:24:30] [axEl] IN: pid=79582 role=AXImage → OUT: title= frame=(1019,123,118,28) (0ms)
[2026-07-01 11:24:30] [axEl] IN: pid=79582 role=AXButton → OUT: title=新建对话 frame=(1026,173,240,38) (0ms)
[2026-07-01 11:24:30] [axEl] IN: pid=79582 role=AXStaticText → OUT: title= frame=(1032,226,25,18) (0ms)
[2026-07-01 11:24:30] [axEl] IN: pid=79582 role=AXButton → OUT: title=技能 frame=(1026,255,240,30) (0ms)
[2026-07-01 11:24:30] [axEl] IN: pid=79582 role=AXButton → OUT: title=记忆 frame=(1026,289,240,30) (0ms)
[2026-07-01 11:24:30] [axEl] IN: pid=79582 role=AXButton → OUT: title=消息通道 frame=(1026,323,240,30) (0ms)
[2026-07-01 11:24:30] [axEl] IN: pid=79582 role=AXButton → OUT: title=自动化 frame=(1026,357,240,30) (0ms)
[2026-07-01 11:24:30] [axEl] IN: pid=79582 role=AXStaticText → OUT: title= frame=(1032,411,26,18) (0ms)
[2026-07-01 11:24:30] [axEl] IN: pid=79582 role=AXPopUpButton → OUT: title=按时间筛选 frame=(1174,408,24,22) (0ms)
[2026-07-01 11:24:30] [axEl] IN: pid=79582 role=AXCheckBox → OUT: title=收起所有项目 frame=(1204,408,22,22) (0ms)
[2026-07-01 11:24:30] [axEl] IN: pid=79582 role=AXButton → OUT: title=添加新项目 frame=(1235,408,22,22) (0ms)
[2026-07-01 11:24:30] [axEl] IN: pid=79582 role=AXButton → OUT: title=Global frame=(1028,446,204,32) (0ms)
[2026-07-01 11:24:30] [axEl] IN: pid=79582 role=AXButton → OUT: title=新建会话 frame=(1238,450,24,24) (0ms)
[2026-07-01 11:24:30] [axEl] IN: pid=79582 role=AXButton → OUT: title=已粘贴文本 #3 · 71 行] … frame=(1044,483,219,23) (0ms)
[2026-07-01 11:24:30] [axEl] IN: pid=79582 role=AXButton → OUT: title=调研技术方案 @.reasonix… frame=(1044,508,219,23) (0ms)
[2026-07-01 11:24:30] [axEl] IN: pid=79582 role=AXButton → OUT: title=光标控制和手势控制的启动关闭按钮呢 … frame=(1044,533,219,23) (0ms)
[2026-07-01 11:24:30] [axEl] IN: pid=79582 role=AXButton → OUT: title=光标控制和手势控制的启动关闭按钮呢 … frame=(1044,558,219,23) (0ms)
[2026-07-01 11:24:30] [axEl] IN: pid=79582 role=AXButton → OUT: title=新的会话 frame=(1044,583,219,28) (0ms)
[2026-07-01 11:24:30] [axEl] IN: pid=79582 role=AXButton → OUT: title=嗨 你好啊 frame=(1044,613,219,24) (0ms)
[2026-07-01 11:24:30] [axEl] IN: pid=79582 role=AXButton → OUT: title=global会话卡住了 看看啥情况 frame=(1044,638,219,24) (0ms)
[2026-07-01 11:24:30] [axEl] IN: pid=79582 role=AXButton → OUT: title=<memory-compiler-e… frame=(1044,663,219,24) (0ms)
[2026-07-01 11:24:30] [axEl] IN: pid=79582 role=AXButton → OUT: title=自然识别App调研，你看看我的桌面这… frame=(1044,688,219,24) (0ms)
[2026-07-01 11:24:30] [axEl] IN: pid=79582 role=AXButton → OUT: title=我使用的飞鸟加速外网好慢啊 检查下可… frame=(1044,713,219,24) (0ms)
[2026-07-01 11:24:30] [axEl] IN: pid=79582 role=AXButton → OUT: title=<active-goal> 我感觉c… frame=(1044,738,219,24) (0ms)
[2026-07-01 11:24:30] [axEl] IN: pid=79582 role=AXCheckBox → OUT: title=搜索项目或会话 frame=(1026,956,56,30) (0ms)
[2026-07-01 11:24:30] [axEl] IN: pid=79582 role=AXButton → OUT: title= frame=(1087,956,56,30) (0ms)
[2026-07-01 11:24:30] [axEl] IN: pid=79582 role=AXButton → OUT: title= frame=(1149,956,56,30) (0ms)
[2026-07-01 11:24:30] [axEl] IN: pid=79582 role=AXButton → OUT: title= frame=(1210,956,56,30) (0ms)
[2026-07-01 11:24:30] [axEl] IN: pid=79582 role=AXCheckBox → OUT: title=收起导航 frame=(1265,517,26,47) (0ms)
[2026-07-01 11:24:30] [axEl] IN: pid=79582 role=AXHeading → OUT: title=重命名会话 frame=(1296,103,176,19) (0ms)
[2026-07-01 11:24:30] [axEl] IN: pid=79582 role=AXButton → OUT: title=重命名会话 frame=(1296,103,176,19) (0ms)
[2026-07-01 11:24:30] [axEl] IN: pid=79582 role=AXButton → OUT: title=复制会话 frame=(1621,102,30,28) (0ms)
[2026-07-01 11:24:30] [axEl] IN: pid=79582 role=AXPopUpButton → OUT: title=导出会话 frame=(1657,102,30,28) (0ms)
[2026-07-01 11:24:30] [axEl] IN: pid=79582 role=AXCheckBox → OUT: title=改动 frame=(1693,102,30,28) (0ms)
[2026-07-01 11:24:30] [axEl] IN: pid=79582 role=AXButton → OUT: title=键盘快捷键 frame=(1729,102,30,28) (0ms)
[2026-07-01 11:24:30] [axEl] IN: pid=79582 role=AXButton → OUT: title=命令 frame=(1765,102,30,28) (0ms)
[2026-07-01 11:24:30] [axEl] IN: pid=79582 role=AXCheckBox → OUT: title=展开工作区 frame=(1801,102,30,28) (0ms)
[2026-07-01 11:24:30] [axEl] IN: pid=79582 role=AXStaticText → OUT: title= frame=(1362,1,24,16) (0ms)
[2026-07-01 11:24:30] [axEl] IN: pid=79582 role=AXStaticText → OUT: title= frame=(1428,1,9,16) (0ms)
[2026-07-01 11:24:30] [axEl] IN: pid=79582 role=AXStaticText → OUT: title= frame=(1453,1,264,16) (0ms)
[2026-07-01 11:24:30] [axEl] IN: pid=79582 role=AXStaticText → OUT: title= frame=(1362,21,24,15) (0ms)
[2026-07-01 11:24:30] [axEl] IN: pid=79582 role=AXStaticText → OUT: title= frame=(1399,21,24,15) (0ms)
[2026-07-01 11:24:30] [axEl] IN: pid=79582 role=AXStaticText → OUT: title= frame=(1453,21,102,15) (0ms)
[2026-07-01 11:24:30] [axEl] IN: pid=79582 role=AXStaticText → OUT: title= frame=(1362,40,24,16) (0ms)
[2026-07-01 11:24:30] [axEl] IN: pid=79582 role=AXStaticText → OUT: title= frame=(1399,40,24,16) (0ms)
[2026-07-01 11:24:30] [axEl] IN: pid=79582 role=AXStaticText → OUT: title= frame=(1453,40,233,16) (0ms)
[2026-07-01 11:24:30] [axEl] IN: pid=79582 role=AXStaticText → OUT: title= frame=(1362,59,24,16) (0ms)
[2026-07-01 11:24:30] [axEl] IN: pid=79582 role=AXStaticText → OUT: title= frame=(1399,59,24,16) (0ms)
[2026-07-01 11:24:30] [axEl] IN: pid=79582 role=AXButton → OUT: title= frame=(1342,7,234,28) (0ms)
[2026-07-01 11:24:30] [axEl] IN: pid=79582 role=AXButton → OUT: title= frame=(1342,37,514,28) (0ms)
[2026-07-01 11:24:30] [axEl] IN: pid=79582 role=AXButton → OUT: title= frame=(1316,13,495,18) (0ms)
[2026-07-01 11:24:30] [axEl] IN: pid=79582 role=AXButton → OUT: title= frame=(1342,41,507,29) (0ms)
[2026-07-01 11:24:30] [axEl] IN: pid=79582 role=AXStaticText → OUT: title= frame=(1362,76,24,16) (0ms)
[2026-07-01 11:24:30] [axEl] IN: pid=79582 role=AXStaticText → OUT: title= frame=(1399,76,24,16) (0ms)
[2026-07-01 11:24:30] [axEl] IN: pid=79582 role=AXStaticText → OUT: title= frame=(1362,95,24,16) (0ms)
[2026-07-01 11:24:30] [axEl] IN: pid=79582 role=AXStaticText → OUT: title= frame=(1399,95,24,16) (0ms)
[2026-07-01 11:24:30] [axEl] IN: pid=79582 role=AXStaticText → OUT: title= frame=(1453,95,387,16) (0ms)
[2026-07-01 11:24:30] [axEl] IN: pid=79582 role=AXStaticText → OUT: title= frame=(1362,115,24,15) (0ms)
[2026-07-01 11:24:30] [axEl] IN: pid=79582 role=AXStaticText → OUT: title= frame=(1399,115,24,15) (0ms)
[2026-07-01 11:24:30] [axEl] IN: pid=79582 role=AXStaticText → OUT: title= frame=(1453,115,217,15) (0ms)
[2026-07-01 11:24:30] [axEl] IN: pid=79582 role=AXStaticText → OUT: title= frame=(1362,134,24,16) (0ms)
[2026-07-01 11:24:30] [axEl] IN: pid=79582 role=AXStaticText → OUT: title= frame=(1428,134,9,16) (0ms)
[2026-07-01 11:24:30] [axEl] IN: pid=79582 role=AXStaticText → OUT: title= frame=(1453,134,432,16) (0ms)
[2026-07-01 11:24:30] [axEl] IN: pid=79582 role=AXStaticText → OUT: title= frame=(1362,154,24,15) (0ms)
[2026-07-01 11:24:30] [axEl] IN: pid=79582 role=AXStaticText → OUT: title= frame=(1428,154,9,15) (0ms)
[2026-07-01 11:24:30] [axEl] IN: pid=79582 role=AXStaticText → OUT: title= frame=(1453,154,295,15) (0ms)
[2026-07-01 11:24:30] [axEl] IN: pid=79582 role=AXStaticText → OUT: title= frame=(1362,173,24,16) (0ms)
[2026-07-01 11:24:30] [axEl] IN: pid=79582 role=AXStaticText → OUT: title= frame=(1428,173,9,16) (0ms)
[2026-07-01 11:24:30] [axEl] IN: pid=79582 role=AXStaticText → OUT: title= frame=(1453,173,264,16) (0ms)
[2026-07-01 11:24:30] [axEl] IN: pid=79582 role=AXStaticText → OUT: title= frame=(1362,192,24,16) (0ms)
[2026-07-01 11:24:30] [axEl] IN: pid=79582 role=AXStaticText → OUT: title= frame=(1428,192,9,16) (0ms)
[2026-07-01 11:24:30] [axEl] IN: pid=79582 role=AXStaticText → OUT: title= frame=(1453,192,727,16) (0ms)
[2026-07-01 11:24:30] [axEl] IN: pid=79582 role=AXStaticText → OUT: title= frame=(1362,212,24,15) (0ms)
[2026-07-01 11:24:30] [axEl] IN: pid=79582 role=AXStaticText → OUT: title= frame=(1428,212,9,15) (0ms)
[2026-07-01 11:24:30] [axEl] IN: pid=79582 role=AXStaticText → OUT: title= frame=(1453,212,836,15) (0ms)
[2026-07-01 11:24:30] [axEl] IN: pid=79582 role=AXStaticText → OUT: title= frame=(1362,231,24,16) (0ms)
[2026-07-01 11:24:30] [axEl] IN: pid=79582 role=AXStaticText → OUT: title= frame=(1428,231,9,16) (0ms)
[2026-07-01 11:24:30] [axEl] IN: pid=79582 role=AXStaticText → OUT: title= frame=(1453,231,187,16) (0ms)
[2026-07-01 11:24:30] [axEl] IN: pid=79582 role=AXStaticText → OUT: title= frame=(1362,250,24,16) (0ms)
[2026-07-01 11:24:30] [axEl] IN: pid=79582 role=AXStaticText → OUT: title= frame=(1428,250,9,16) (0ms)
[2026-07-01 11:24:30] [axEl] IN: pid=79582 role=AXStaticText → OUT: title= frame=(1453,250,310,16) (0ms)
[2026-07-01 11:24:30] [axEl] IN: pid=79582 role=AXStaticText → OUT: title= frame=(1362,270,24,15) (0ms)
[2026-07-01 11:24:30] [axEl] IN: pid=79582 role=AXStaticText → OUT: title= frame=(1428,270,9,15) (0ms)
[2026-07-01 11:24:30] [axEl] IN: pid=79582 role=AXStaticText → OUT: title= frame=(1453,270,295,15) (0ms)
[2026-07-01 11:24:30] [axEl] IN: pid=79582 role=AXStaticText → OUT: title= frame=(1362,289,24,16) (0ms)
[2026-07-01 11:24:30] [axEl] IN: pid=79582 role=AXStaticText → OUT: title= frame=(1428,289,9,16) (0ms)
[2026-07-01 11:24:30] [axEl] IN: pid=79582 role=AXStaticText → OUT: title= frame=(1453,289,295,16) (0ms)
[2026-07-01 11:24:30] [axEl] IN: pid=79582 role=AXStaticText → OUT: title= frame=(1362,309,24,15) (0ms)
[2026-07-01 11:24:30] [axEl] IN: pid=79582 role=AXStaticText → OUT: title= frame=(1428,309,9,15) (0ms)
[2026-07-01 11:24:30] [axEl] IN: pid=79582 role=AXStaticText → OUT: title= frame=(1453,309,132,15) (0ms)
[2026-07-01 11:24:30] [axEl] IN: pid=79582 role=AXStaticText → OUT: title= frame=(1362,328,24,16) (0ms)
[2026-07-01 11:24:30] [axEl] IN: pid=79582 role=AXStaticText → OUT: title= frame=(1428,328,9,16) (0ms)
[2026-07-01 11:24:30] [axEl] IN: pid=79582 role=AXStaticText → OUT: title= frame=(1453,328,102,16) (0ms)
[2026-07-01 11:24:30] [axEl] IN: pid=79582 role=AXStaticText → OUT: title= frame=(1362,347,24,16) (0ms)
[2026-07-01 11:24:30] [axEl] IN: pid=79582 role=AXStaticText → OUT: title= frame=(1399,347,24,16) (0ms)
[2026-07-01 11:24:30] [axEl] IN: pid=79582 role=AXStaticText → OUT: title= frame=(1453,347,626,16) (0ms)
[2026-07-01 11:24:30] [axEl] IN: pid=79582 role=AXStaticText → OUT: title= frame=(1362,367,24,15) (0ms)
[2026-07-01 11:24:30] [axEl] IN: pid=79582 role=AXStaticText → OUT: title= frame=(1399,367,24,15) (0ms)
[2026-07-01 11:24:30] [axEl] IN: pid=79582 role=AXStaticText → OUT: title= frame=(1453,367,489,15) (0ms)
[2026-07-01 11:24:30] [axEl] IN: pid=79582 role=AXStaticText → OUT: title= frame=(1362,386,24,16) (0ms)
[2026-07-01 11:24:30] [axEl] IN: pid=79582 role=AXStaticText → OUT: title= frame=(1399,386,24,16) (0ms)
[2026-07-01 11:24:30] [axEl] IN: pid=79582 role=AXStaticText → OUT: title= frame=(1453,386,341,16) (0ms)
[2026-07-01 11:24:30] [axEl] IN: pid=79582 role=AXButton → OUT: title=深度思考 frame=(1316,56,69,19) (0ms)
[2026-07-01 11:24:30] [axEl] IN: pid=79582 role=AXButton → OUT: title= frame=(1316,86,167,25) (0ms)
[2026-07-01 11:24:30] [axEl] IN: pid=79582 role=AXButton → OUT: title= frame=(1316,131,495,19) (0ms)
[2026-07-01 11:24:30] [axEl] IN: pid=79582 role=AXButton → OUT: title= frame=(1342,159,513,29) (0ms)
[2026-07-01 11:24:30] [axEl] IN: pid=79582 role=AXButton → OUT: title=深度思考 frame=(1316,174,69,19) (0ms)
[2026-07-01 11:24:30] [axEl] IN: pid=79582 role=AXStaticText → OUT: title= frame=(1316,204,449,21) (0ms)
[2026-07-01 11:24:30] [axEl] IN: pid=79582 role=AXButton → OUT: title= frame=(1316,246,167,25) (0ms)
[2026-07-01 11:24:30] [axEl] IN: pid=79582 role=AXButton → OUT: title= frame=(1316,249,495,19) (0ms)
[2026-07-01 11:24:30] [axEl] IN: pid=79582 role=AXButton → OUT: title= frame=(1342,277,165,29) (0ms)
[2026-07-01 11:24:30] [axEl] IN: pid=79582 role=AXButton → OUT: title=深度思考 frame=(1316,293,69,19) (0ms)
[2026-07-01 11:24:30] [axEl] IN: pid=79582 role=AXButton → OUT: title= frame=(1316,322,167,25) (0ms)
[2026-07-01 11:24:30] [axEl] IN: pid=79582 role=AXButton → OUT: title= frame=(1316,367,495,19) (0ms)
[2026-07-01 11:24:30] [axEl] IN: pid=79582 role=AXButton → OUT: title= frame=(1342,395,290,29) (0ms)
[2026-07-01 11:24:30] [axEl] IN: pid=79582 role=AXButton → OUT: title=深度思考 frame=(1316,411,69,19) (0ms)
[2026-07-01 11:24:30] [axEl] IN: pid=79582 role=AXButton → OUT: title= frame=(1316,440,167,25) (0ms)
[2026-07-01 11:24:30] [axEl] IN: pid=79582 role=AXButton → OUT: title= frame=(1316,485,495,19) (0ms)
[2026-07-01 11:24:30] [axEl] IN: pid=79582 role=AXButton → OUT: title= frame=(1342,513,507,29) (0ms)
[2026-07-01 11:24:30] [axEl] IN: pid=79582 role=AXStaticText → OUT: title= frame=(1370,549,16,15) (0ms)
[2026-07-01 11:24:30] [axEl] IN: pid=79582 role=AXStaticText → OUT: title= frame=(1407,549,16,15) (0ms)
[2026-07-01 11:24:30] [axEl] IN: pid=79582 role=AXStaticText → OUT: title= frame=(1453,549,426,15) (0ms)
[2026-07-01 11:24:30] [axEl] IN: pid=79582 role=AXStaticText → OUT: title= frame=(1370,568,16,16) (0ms)
[2026-07-01 11:24:30] [axEl] IN: pid=79582 role=AXStaticText → OUT: title= frame=(1407,568,16,16) (0ms)
[2026-07-01 11:24:30] [axEl] IN: pid=79582 role=AXStaticText → OUT: title= frame=(1453,568,449,16) (0ms)
[2026-07-01 11:24:30] [axEl] IN: pid=79582 role=AXStaticText → OUT: title= frame=(1370,588,16,15) (0ms)
[2026-07-01 11:24:30] [axEl] IN: pid=79582 role=AXStaticText → OUT: title= frame=(1407,588,16,15) (0ms)
[2026-07-01 11:24:30] [axEl] IN: pid=79582 role=AXStaticText → OUT: title= frame=(1453,588,380,15) (0ms)
[2026-07-01 11:24:30] [axEl] IN: pid=79582 role=AXStaticText → OUT: title= frame=(1370,607,16,16) (0ms)
[2026-07-01 11:24:30] [axEl] IN: pid=79582 role=AXStaticText → OUT: title= frame=(1428,607,9,16) (0ms)
[2026-07-01 11:24:30] [axEl] IN: pid=79582 role=AXStaticText → OUT: title= frame=(1453,607,380,16) (0ms)
[2026-07-01 11:24:30] [axEl] IN: pid=79582 role=AXStaticText → OUT: title= frame=(1362,626,24,16) (0ms)
[2026-07-01 11:24:30] [axEl] IN: pid=79582 role=AXStaticText → OUT: title= frame=(1407,626,16,16) (0ms)
[2026-07-01 11:24:30] [axEl] IN: pid=79582 role=AXStaticText → OUT: title= frame=(1453,626,380,16) (0ms)
[2026-07-01 11:24:30] [axEl] IN: pid=79582 role=AXStaticText → OUT: title= frame=(1362,646,24,15) (0ms)
[2026-07-01 11:24:30] [axEl] IN: pid=79582 role=AXStaticText → OUT: title= frame=(1399,646,24,15) (0ms)
[2026-07-01 11:24:30] [axEl] IN: pid=79582 role=AXStaticText → OUT: title= frame=(1453,646,434,15) (0ms)
[2026-07-01 11:24:30] [axEl] IN: pid=79582 role=AXStaticText → OUT: title= frame=(1362,665,24,16) (0ms)
[2026-07-01 11:24:30] [axEl] IN: pid=79582 role=AXStaticText → OUT: title= frame=(1399,665,24,16) (0ms)
[2026-07-01 11:24:30] [axEl] IN: pid=79582 role=AXStaticText → OUT: title= frame=(1453,665,349,16) (0ms)
[2026-07-01 11:24:30] [axEl] IN: pid=79582 role=AXButton → OUT: title=深度思考 frame=(1316,529,69,19) (0ms)
[2026-07-01 11:24:30] [axEl] IN: pid=79582 role=AXButton → OUT: title= frame=(1316,558,167,25) (0ms)
[2026-07-01 11:24:30] [axEl] IN: pid=79582 role=AXButton → OUT: title= frame=(1316,603,495,19) (0ms)
[2026-07-01 11:24:30] [axEl] IN: pid=79582 role=AXButton → OUT: title= frame=(1342,632,514,29) (0ms)
[2026-07-01 11:24:30] [axEl] IN: pid=79582 role=AXStaticText → OUT: title= frame=(1362,0,24,15) (0ms)
[2026-07-01 11:24:30] [axEl] IN: pid=79582 role=AXStaticText → OUT: title= frame=(1428,0,9,15) (0ms)
[2026-07-01 11:24:30] [axEl] IN: pid=79582 role=AXStaticText → OUT: title= frame=(1453,0,496,15) (0ms)
[2026-07-01 11:24:30] [axEl] IN: pid=79582 role=AXStaticText → OUT: title= frame=(1362,19,24,16) (0ms)
[2026-07-01 11:24:30] [axEl] IN: pid=79582 role=AXStaticText → OUT: title= frame=(1428,19,9,16) (0ms)
[2026-07-01 11:24:30] [axEl] IN: pid=79582 role=AXStaticText → OUT: title= frame=(1453,19,71,16) (0ms)
[2026-07-01 11:24:30] [axEl] IN: pid=79582 role=AXStaticText → OUT: title= frame=(1399,38,24,16) (0ms)
[2026-07-01 11:24:30] [axEl] IN: pid=79582 role=AXStaticText → OUT: title= frame=(1428,38,9,16) (0ms)
[2026-07-01 11:24:30] [axEl] IN: pid=79582 role=AXStaticText → OUT: title= frame=(1453,38,256,16) (0ms)
[2026-07-01 11:24:30] [axEl] IN: pid=79582 role=AXStaticText → OUT: title= frame=(1399,58,24,15) (0ms)
[2026-07-01 11:24:30] [axEl] IN: pid=79582 role=AXStaticText → OUT: title= frame=(1428,58,9,15) (0ms)
[2026-07-01 11:24:30] [axEl] IN: pid=79582 role=AXStaticText → OUT: title= frame=(1453,58,233,15) (0ms)
[2026-07-01 11:24:30] [axEl] IN: pid=79582 role=AXStaticText → OUT: title= frame=(1362,77,24,16) (0ms)
[2026-07-01 11:24:30] [axEl] IN: pid=79582 role=AXStaticText → OUT: title= frame=(1399,77,24,16) (0ms)
[2026-07-01 11:24:30] [axEl] IN: pid=79582 role=AXStaticText → OUT: title= frame=(1453,77,202,16) (0ms)
[2026-07-01 11:24:30] [axEl] IN: pid=79582 role=AXStaticText → OUT: title= frame=(1362,97,24,15) (0ms)
[2026-07-01 11:24:30] [axEl] IN: pid=79582 role=AXStaticText → OUT: title= frame=(1399,97,24,15) (0ms)
[2026-07-01 11:24:30] [axEl] IN: pid=79582 role=AXStaticText → OUT: title= frame=(1453,97,40,15) (0ms)
[2026-07-01 11:24:30] [axEl] IN: pid=79582 role=AXStaticText → OUT: title= frame=(1362,116,24,16) (0ms)
[2026-07-01 11:24:30] [axEl] IN: pid=79582 role=AXStaticText → OUT: title= frame=(1399,116,24,16) (0ms)
[2026-07-01 11:24:30] [axEl] IN: pid=79582 role=AXStaticText → OUT: title= frame=(1362,-3,24,16) (0ms)
[2026-07-01 11:24:30] [axEl] IN: pid=79582 role=AXStaticText → OUT: title= frame=(1428,-3,9,16) (0ms)
[2026-07-01 11:24:30] [axEl] IN: pid=79582 role=AXStaticText → OUT: title= frame=(1362,16,24,16) (0ms)
[2026-07-01 11:24:30] [axEl] IN: pid=79582 role=AXStaticText → OUT: title= frame=(1399,16,24,16) (0ms)
[2026-07-01 11:24:30] [axEl] IN: pid=79582 role=AXStaticText → OUT: title= frame=(1453,16,426,16) (0ms)
[2026-07-01 11:24:30] [axEl] IN: pid=79582 role=AXStaticText → OUT: title= frame=(1362,36,24,15) (0ms)
[2026-07-01 11:24:30] [axEl] IN: pid=79582 role=AXStaticText → OUT: title= frame=(1399,36,24,15) (0ms)
[2026-07-01 11:24:30] [axEl] IN: pid=79582 role=AXStaticText → OUT: title= frame=(1453,36,140,15) (0ms)
[2026-07-01 11:24:30] [axEl] IN: pid=79582 role=AXStaticText → OUT: title= frame=(1362,55,24,16) (0ms)
[2026-07-01 11:24:30] [axEl] IN: pid=79582 role=AXStaticText → OUT: title= frame=(1399,55,24,16) (0ms)
[2026-07-01 11:24:30] [axEl] IN: pid=79582 role=AXStaticText → OUT: title= frame=(1453,55,411,16) (0ms)
[2026-07-01 11:24:30] [axEl] IN: pid=79582 role=AXStaticText → OUT: title= frame=(1370,7,16,15) (0ms)
[2026-07-01 11:24:30] [axEl] IN: pid=79582 role=AXStaticText → OUT: title= frame=(1407,7,16,15) (0ms)
[2026-07-01 11:24:30] [axEl] IN: pid=79582 role=AXStaticText → OUT: title= frame=(1453,7,196,15) (0ms)
[2026-07-01 11:24:30] [axEl] IN: pid=79582 role=AXStaticText → OUT: title= frame=(1370,26,16,16) (0ms)
[2026-07-01 11:24:30] [axEl] IN: pid=79582 role=AXStaticText → OUT: title= frame=(1407,26,16,16) (0ms)
[2026-07-01 11:24:30] [axEl] IN: pid=79582 role=AXStaticText → OUT: title= frame=(1453,26,196,16) (0ms)
[2026-07-01 11:24:30] [axEl] IN: pid=79582 role=AXStaticText → OUT: title= frame=(1370,45,16,16) (0ms)
[2026-07-01 11:24:30] [axEl] IN: pid=79582 role=AXStaticText → OUT: title= frame=(1407,45,16,16) (0ms)
[2026-07-01 11:24:30] [axEl] IN: pid=79582 role=AXButton → OUT: title= frame=(1316,39,495,19) (0ms)
[2026-07-01 11:24:30] [axEl] IN: pid=79582 role=AXButton → OUT: title= frame=(1342,67,469,10) (0ms)
[2026-07-01 11:24:30] [axEl] IN: pid=79582 role=AXButton → OUT: title= frame=(1342,97,469,10) (0ms)
[2026-07-01 11:24:30] [axEl] IN: pid=79582 role=AXStaticText → OUT: title= frame=(1316,-5,259,20) (0ms)
[2026-07-01 11:24:30] [axEl] IN: pid=79582 role=AXButton → OUT: title= frame=(1316,36,167,25) (0ms)
[2026-07-01 11:24:30] [axEl] IN: pid=79582 role=AXButton → OUT: title=复制 frame=(1312,66,28,25) (0ms)
[2026-07-01 11:24:30] [axEl] IN: pid=79582 role=AXButton → OUT: title= frame=(1342,66,28,25) (0ms)
[2026-07-01 11:24:30] [axEl] IN: pid=79582 role=AXPopUpButton → OUT: title= frame=(1372,66,28,25) (0ms)
[2026-07-01 11:24:30] [axEl] IN: pid=79582 role=AXPopUpButton → OUT: title= frame=(1402,66,28,25) (0ms)
[2026-07-01 11:24:30] [axEl] IN: pid=79582 role=AXStaticText → OUT: title= frame=(1434,115,363,20) (0ms)
[2026-07-01 11:24:30] [axEl] IN: pid=79582 role=AXStaticText → OUT: title= frame=(1720,146,27,18) (0ms)
[2026-07-01 11:24:30] [axEl] IN: pid=79582 role=AXButton → OUT: title=复制 frame=(1755,143,22,23) (0ms)
[2026-07-01 11:24:30] [axEl] IN: pid=79582 role=AXButton → OUT: title=编辑 frame=(1785,143,22,23) (0ms)
[2026-07-01 11:24:30] [axEl] IN: pid=79582 role=AXStaticText → OUT: title= frame=(1419,190,376,55) (0ms)
[2026-07-01 11:24:30] [axEl] IN: pid=79582 role=AXStaticText → OUT: title= frame=(1720,256,27,18) (0ms)
[2026-07-01 11:24:30] [axEl] IN: pid=79582 role=AXButton → OUT: title=复制 frame=(1755,253,22,23) (0ms)
[2026-07-01 11:24:30] [axEl] IN: pid=79582 role=AXButton → OUT: title=编辑 frame=(1785,253,22,23) (0ms)
[2026-07-01 11:24:30] [axEl] IN: pid=79582 role=AXButton → OUT: title=工具调用已处理 21s frame=(1316,295,69,19) (0ms)
[2026-07-01 11:24:30] [axEl] IN: pid=79582 role=AXButton → OUT: title=深度思考 frame=(1316,331,495,10) (0ms)
[2026-07-01 11:24:30] [axEl] IN: pid=79582 role=AXButton → OUT: title= frame=(1316,331,495,10) (0ms)
[2026-07-01 11:24:30] [axEl] IN: pid=79582 role=AXButton → OUT: title=已探索 1 次搜索 frame=(1316,407,495,19) (0ms)
[2026-07-01 11:24:30] [axEl] IN: pid=79582 role=AXButton → OUT: title= frame=(1342,435,469,10) (0ms)
[2026-07-01 11:24:30] [axEl] IN: pid=79582 role=AXButton → OUT: title=深度思考 frame=(1316,449,495,10) (0ms)
[2026-07-01 11:24:30] [axEl] IN: pid=79582 role=AXButton → OUT: title= frame=(1316,449,495,10) (0ms)
[2026-07-01 11:24:30] [axEl] IN: pid=79582 role=AXButton → OUT: title=Shell 1 次命令 frame=(1316,525,495,19) (0ms)
[2026-07-01 11:24:30] [axEl] IN: pid=79582 role=AXButton → OUT: title= frame=(1342,553,469,10) (0ms)
[2026-07-01 11:24:30] [axEl] IN: pid=79582 role=AXButton → OUT: title=深度思考 frame=(1316,567,495,10) (0ms)
[2026-07-01 11:24:30] [axEl] IN: pid=79582 role=AXButton → OUT: title= frame=(1316,567,495,10) (0ms)
[2026-07-01 11:24:30] [axEl] IN: pid=79582 role=AXButton → OUT: title=Shell 1 次命令 frame=(1316,643,495,19) (0ms)
[2026-07-01 11:24:30] [axEl] IN: pid=79582 role=AXButton → OUT: title= frame=(1342,671,469,10) (0ms)
[2026-07-01 11:24:30] [axEl] IN: pid=79582 role=AXButton → OUT: title=深度思考 frame=(1316,685,495,10) (0ms)
[2026-07-01 11:24:30] [axEl] IN: pid=79582 role=AXButton → OUT: title= frame=(1316,685,495,10) (0ms)
[2026-07-01 11:24:30] [axEl] IN: pid=79582 role=AXButton → OUT: title=Shell 1 次命令 frame=(1316,761,495,19) (0ms)
[2026-07-01 11:24:30] [axEl] IN: pid=79582 role=AXButton → OUT: title= frame=(1342,789,469,10) (0ms)
[2026-07-01 11:24:30] [axEl] IN: pid=79582 role=AXButton → OUT: title=深度思考 frame=(1316,803,495,10) (0ms)
[2026-07-01 11:24:30] [axEl] IN: pid=79582 role=AXButton → OUT: title= frame=(1316,803,495,10) (0ms)
[2026-07-01 11:24:30] [axEl] IN: pid=79582 role=AXButton → OUT: title=Shell 1 次命令 frame=(1316,879,495,19) (0ms)
[2026-07-01 11:24:30] [axEl] IN: pid=79582 role=AXButton → OUT: title= frame=(1342,907,469,10) (0ms)
[2026-07-01 11:24:30] [axEl] IN: pid=79582 role=AXButton → OUT: title=深度思考 frame=(1316,921,495,10) (0ms)
[2026-07-01 11:24:30] [axEl] IN: pid=79582 role=AXButton → OUT: title= frame=(1316,921,495,10) (0ms)
[2026-07-01 11:24:30] [axEl] IN: pid=79582 role=AXButton → OUT: title=已探索 1 次读取 frame=(1316,997,495,19) (0ms)
[2026-07-01 11:24:30] [axEl] IN: pid=79582 role=AXButton → OUT: title= frame=(1342,1026,469,10) (0ms)
[2026-07-01 11:24:30] [axEl] IN: pid=79582 role=AXButton → OUT: title=深度思考 frame=(1316,1040,495,10) (0ms)
[2026-07-01 11:24:30] [axEl] IN: pid=79582 role=AXButton → OUT: title= frame=(1316,1040,495,10) (0ms)
[2026-07-01 11:24:30] [axEl] IN: pid=79582 role=AXStaticText → OUT: title= frame=(1316,333,494,69) (0ms)
[2026-07-01 11:24:30] [axEl] IN: pid=79582 role=AXButton → OUT: title=5 条 Memory v5 编译引用 frame=(1316,424,167,25) (0ms)
[2026-07-01 11:24:30] [axEl] IN: pid=79582 role=AXButton → OUT: title=复制 frame=(1312,454,28,25) (0ms)
[2026-07-01 11:24:30] [axEl] IN: pid=79582 role=AXButton → OUT: title= frame=(1342,454,28,25) (0ms)
[2026-07-01 11:24:30] [axEl] IN: pid=79582 role=AXPopUpButton → OUT: title= frame=(1372,454,28,25) (0ms)
[2026-07-01 11:24:30] [axEl] IN: pid=79582 role=AXPopUpButton → OUT: title= frame=(1402,454,28,25) (0ms)
[2026-07-01 11:24:30] [axEl] IN: pid=79582 role=AXStaticText → OUT: title= frame=(1419,502,364,37) (0ms)
[2026-07-01 11:24:30] [axEl] IN: pid=79582 role=AXStaticText → OUT: title= frame=(1718,551,29,17) (0ms)
[2026-07-01 11:24:30] [axEl] IN: pid=79582 role=AXButton → OUT: title=复制 frame=(1755,548,22,23) (0ms)
[2026-07-01 11:24:30] [axEl] IN: pid=79582 role=AXButton → OUT: title=编辑 frame=(1785,548,22,23) (0ms)
[2026-07-01 11:24:30] [axEl] IN: pid=79582 role=AXButton → OUT: title=工具调用已处理 4s frame=(1316,590,69,19) (0ms)
[2026-07-01 11:24:30] [axEl] IN: pid=79582 role=AXButton → OUT: title=深度思考 frame=(1316,627,69,19) (0ms)
[2026-07-01 11:24:30] [axEl] IN: pid=79582 role=AXStaticText → OUT: title= frame=(1316,657,349,20) (0ms)
[2026-07-01 11:24:30] [axEl] IN: pid=79582 role=AXButton → OUT: title= frame=(1316,699,167,25) (0ms)
[2026-07-01 11:24:30] [axEl] IN: pid=79582 role=AXButton → OUT: title=已修改 1 次编辑 frame=(1316,701,495,19) (0ms)
[2026-07-01 11:24:30] [axEl] IN: pid=79582 role=AXButton → OUT: title= frame=(1342,729,92,29) (0ms)
[2026-07-01 11:24:30] [axEl] IN: pid=79582 role=AXStaticText → OUT: title= frame=(1370,765,16,15) (0ms)
[2026-07-01 11:24:30] [axEl] IN: pid=79582 role=AXStaticText → OUT: title= frame=(1407,765,16,15) (0ms)
[2026-07-01 11:24:30] [axEl] IN: pid=79582 role=AXStaticText → OUT: title= frame=(1453,765,318,15) (0ms)
[2026-07-01 11:24:30] [axEl] IN: pid=79582 role=AXStaticText → OUT: title= frame=(1370,784,16,16) (0ms)
[2026-07-01 11:24:30] [axEl] IN: pid=79582 role=AXStaticText → OUT: title= frame=(1407,784,16,16) (0ms)
[2026-07-01 11:24:30] [axEl] IN: pid=79582 role=AXStaticText → OUT: title= frame=(1453,784,217,16) (0ms)
[2026-07-01 11:24:30] [axEl] IN: pid=79582 role=AXStaticText → OUT: title= frame=(1370,803,16,16) (0ms)
[2026-07-01 11:24:30] [axEl] IN: pid=79582 role=AXStaticText → OUT: title= frame=(1407,803,16,16) (0ms)
[2026-07-01 11:24:30] [axEl] IN: pid=79582 role=AXStaticText → OUT: title= frame=(1453,803,364,16) (0ms)
[2026-07-01 11:24:30] [axEl] IN: pid=79582 role=AXStaticText → OUT: title= frame=(1407,823,16,15) (0ms)
[2026-07-01 11:24:30] [axEl] IN: pid=79582 role=AXStaticText → OUT: title= frame=(1428,823,9,15) (0ms)
[2026-07-01 11:24:30] [axEl] IN: pid=79582 role=AXStaticText → OUT: title= frame=(1453,823,225,15) (0ms)
[2026-07-01 11:24:30] [axEl] IN: pid=79582 role=AXStaticText → OUT: title= frame=(1370,842,16,16) (0ms)
[2026-07-01 11:24:30] [axEl] IN: pid=79582 role=AXStaticText → OUT: title= frame=(1407,842,16,16) (0ms)
[2026-07-01 11:24:30] [axEl] IN: pid=79582 role=AXStaticText → OUT: title= frame=(1453,842,395,16) (0ms)
[2026-07-01 11:24:30] [axEl] IN: pid=79582 role=AXStaticText → OUT: title= frame=(1370,862,16,15) (0ms)
[2026-07-01 11:24:30] [axEl] IN: pid=79582 role=AXStaticText → OUT: title= frame=(1428,862,9,15) (0ms)
[2026-07-01 11:24:30] [axEl] IN: pid=79582 role=AXStaticText → OUT: title= frame=(1453,862,519,15) (0ms)
[2026-07-01 11:24:30] [axEl] IN: pid=79582 role=AXStaticText → OUT: title= frame=(1370,881,16,16) (0ms)
[2026-07-01 11:24:30] [axEl] IN: pid=79582 role=AXStaticText → OUT: title= frame=(1428,881,9,16) (0ms)
[2026-07-01 11:24:30] [axEl] IN: pid=79582 role=AXStaticText → OUT: title= frame=(1453,881,326,16) (0ms)
[2026-07-01 11:24:30] [axEl] IN: pid=79582 role=AXStaticText → OUT: title= frame=(1370,900,16,16) (0ms)
[2026-07-01 11:24:30] [axEl] IN: pid=79582 role=AXStaticText → OUT: title= frame=(1428,900,9,16) (0ms)
[2026-07-01 11:24:30] [axEl] IN: pid=79582 role=AXStaticText → OUT: title= frame=(1453,900,380,16) (0ms)
[2026-07-01 11:24:30] [axEl] IN: pid=79582 role=AXStaticText → OUT: title= frame=(1370,920,16,15) (0ms)
[2026-07-01 11:24:30] [axEl] IN: pid=79582 role=AXStaticText → OUT: title= frame=(1428,920,9,15) (0ms)
[2026-07-01 11:24:30] [axEl] IN: pid=79582 role=AXStaticText → OUT: title= frame=(1453,920,132,15) (0ms)
[2026-07-01 11:24:30] [axEl] IN: pid=79582 role=AXStaticText → OUT: title= frame=(1407,939,16,16) (0ms)
[2026-07-01 11:24:30] [axEl] IN: pid=79582 role=AXStaticText → OUT: title= frame=(1428,939,9,16) (0ms)
[2026-07-01 11:24:30] [axEl] IN: pid=79582 role=AXStaticText → OUT: title= frame=(1453,939,380,16) (0ms)
[2026-07-01 11:24:30] [axEl] IN: pid=79582 role=AXStaticText → OUT: title= frame=(1407,958,16,16) (0ms)
[2026-07-01 11:24:30] [axEl] IN: pid=79582 role=AXStaticText → OUT: title= frame=(1428,958,9,16) (0ms)
[2026-07-01 11:24:30] [axEl] IN: pid=79582 role=AXStaticText → OUT: title= frame=(1453,958,372,16) (0ms)
[2026-07-01 11:24:30] [axEl] IN: pid=79582 role=AXStaticText → OUT: title= frame=(1370,978,16,15) (0ms)
[2026-07-01 11:24:30] [axEl] IN: pid=79582 role=AXStaticText → OUT: title= frame=(1407,978,16,15) (0ms)
[2026-07-01 11:24:30] [axEl] IN: pid=79582 role=AXStaticText → OUT: title= frame=(1453,978,102,15) (0ms)
[2026-07-01 11:24:30] [axEl] IN: pid=79582 role=AXStaticText → OUT: title= frame=(1370,997,16,16) (0ms)
[2026-07-01 11:24:30] [axEl] IN: pid=79582 role=AXStaticText → OUT: title= frame=(1407,997,16,16) (0ms)
[2026-07-01 11:24:30] [axEl] IN: pid=79582 role=AXStaticText → OUT: title= frame=(1453,997,71,16) (0ms)
[2026-07-01 11:24:30] [axEl] IN: pid=79582 role=AXStaticText → OUT: title= frame=(1370,1017,16,15) (0ms)
[2026-07-01 11:24:30] [axEl] IN: pid=79582 role=AXStaticText → OUT: title= frame=(1407,1017,16,15) (0ms)
[2026-07-01 11:24:30] [axEl] IN: pid=79582 role=AXStaticText → OUT: title= frame=(1453,1017,457,15) (0ms)
[2026-07-01 11:24:30] [axEl] IN: pid=79582 role=AXButton → OUT: title=深度思考 frame=(1316,743,495,10) (0ms)
[2026-07-01 11:24:30] [axEl] IN: pid=79582 role=AXButton → OUT: title= frame=(1316,743,495,10) (0ms)
[2026-07-01 11:24:30] [axEl] IN: pid=79582 role=AXButton → OUT: title=Shell 1 次命令 frame=(1316,819,495,19) (0ms)
[2026-07-01 11:24:30] [axEl] IN: pid=79582 role=AXButton → OUT: title= frame=(1342,848,469,10) (0ms)
[2026-07-01 11:24:30] [axEl] IN: pid=79582 role=AXStaticText → OUT: title= frame=(1316,628,469,69) (0ms)
[2026-07-01 11:24:30] [axEl] IN: pid=79582 role=AXButton → OUT: title=5 条 Memory v5 编译引用 frame=(1316,718,167,25) (0ms)
[2026-07-01 11:24:30] [axEl] IN: pid=79582 role=AXButton → OUT: title=跳转到问题 16 frame=(1805,7,32,15) (0ms)
[2026-07-01 11:24:30] [axEl] IN: pid=79582 role=AXButton → OUT: title=跳转到问题 17 frame=(1805,27,32,15) (0ms)
[2026-07-01 11:24:30] [axEl] IN: pid=79582 role=AXButton → OUT: title=跳转到问题 18 frame=(1805,47,32,15) (0ms)
[2026-07-01 11:24:30] [axEl] IN: pid=79582 role=AXButton → OUT: title=跳转到问题 19 frame=(1805,67,32,15) (0ms)
[2026-07-01 11:24:30] [axEl] IN: pid=79582 role=AXButton → OUT: title=跳转到问题 20 frame=(1805,87,32,15) (0ms)
[2026-07-01 11:24:30] [axEl] IN: pid=79582 role=AXButton → OUT: title=跳转到问题 21 frame=(1805,107,32,15) (0ms)
[2026-07-01 11:24:30] [axEl] IN: pid=79582 role=AXButton → OUT: title=跳转到问题 22 frame=(1805,127,32,15) (0ms)
[2026-07-01 11:24:30] [axEl] IN: pid=79582 role=AXButton → OUT: title=跳转到问题 23 frame=(1805,147,32,15) (0ms)
[2026-07-01 11:24:30] [axEl] IN: pid=79582 role=AXButton → OUT: title=跳转到问题 24 frame=(1805,167,32,15) (0ms)
[2026-07-01 11:24:30] [axEl] IN: pid=79582 role=AXButton → OUT: title=跳转到问题 25 frame=(1805,187,32,15) (0ms)
[2026-07-01 11:24:30] [axEl] IN: pid=79582 role=AXButton → OUT: title=跳转到问题 26 frame=(1805,207,32,15) (0ms)
[2026-07-01 11:24:30] [axEl] IN: pid=79582 role=AXButton → OUT: title=跳转到问题 27 frame=(1805,227,32,15) (0ms)
[2026-07-01 11:24:30] [axEl] IN: pid=79582 role=AXButton → OUT: title=跳转到问题 28 frame=(1805,247,32,15) (0ms)
[2026-07-01 11:24:30] [axEl] IN: pid=79582 role=AXButton → OUT: title=跳转到问题 29 frame=(1805,267,32,15) (0ms)
[2026-07-01 11:24:30] [axEl] IN: pid=79582 role=AXButton → OUT: title=跳转到问题 30 frame=(1805,287,32,15) (0ms)
[2026-07-01 11:24:30] [axEl] IN: pid=79582 role=AXButton → OUT: title=跳转到问题 31 frame=(1805,307,32,15) (0ms)
[2026-07-01 11:24:30] [axEl] IN: pid=79582 role=AXButton → OUT: title=跳转到问题 32 frame=(1805,327,32,15) (0ms)
[2026-07-01 11:24:30] [axEl] IN: pid=79582 role=AXButton → OUT: title=跳转到问题 33 frame=(1805,347,32,15) (0ms)
[2026-07-01 11:24:30] [axEl] IN: pid=79582 role=AXButton → OUT: title=跳转到问题 34 frame=(1805,367,32,15) (0ms)
[2026-07-01 11:24:30] [axEl] IN: pid=79582 role=AXButton → OUT: title=跳转到问题 35 frame=(1805,387,32,15) (0ms)
[2026-07-01 11:24:30] [axEl] IN: pid=79582 role=AXButton → OUT: title=跳转到问题 36 frame=(1805,407,32,15) (0ms)
[2026-07-01 11:24:30] [axEl] IN: pid=79582 role=AXButton → OUT: title=跳转到问题 37 frame=(1805,427,32,15) (0ms)
[2026-07-01 11:24:30] [axEl] IN: pid=79582 role=AXButton → OUT: title=跳转到问题 38 frame=(1805,447,32,15) (0ms)
[2026-07-01 11:24:30] [axEl] IN: pid=79582 role=AXButton → OUT: title=跳转到问题 39 frame=(1805,467,32,15) (0ms)
[2026-07-01 11:24:30] [axEl] IN: pid=79582 role=AXButton → OUT: title=跳转到问题 40 frame=(1805,487,32,15) (0ms)
[2026-07-01 11:24:30] [axEl] IN: pid=79582 role=AXButton → OUT: title=跳转到问题 41 frame=(1805,507,32,15) (0ms)
[2026-07-01 11:24:30] [axEl] IN: pid=79582 role=AXButton → OUT: title=跳转到问题 42 frame=(1805,527,32,15) (0ms)
[2026-07-01 11:24:30] [axEl] IN: pid=79582 role=AXButton → OUT: title=跳转到问题 43 frame=(1805,547,32,15) (0ms)
[2026-07-01 11:24:30] [axEl] IN: pid=79582 role=AXButton → OUT: title=跳转到问题 44 frame=(1805,567,32,15) (0ms)
[2026-07-01 11:24:30] [axEl] IN: pid=79582 role=AXStaticText → OUT: title= frame=(1330,796,27,19) (0ms)
[2026-07-01 11:24:30] [axEl] IN: pid=79582 role=AXStaticText → OUT: title= frame=(1371,800,8,17) (0ms)
[2026-07-01 11:24:30] [axEl] IN: pid=79582 role=AXStaticText → OUT: title= frame=(1378,800,7,17) (0ms)
[2026-07-01 11:24:30] [axEl] IN: pid=79582 role=AXStaticText → OUT: title= frame=(1384,800,8,17) (0ms)
[2026-07-01 11:24:30] [axEl] IN: pid=79582 role=AXStaticText → OUT: title= frame=(1330,822,87,18) (0ms)
[2026-07-01 11:24:30] [axEl] IN: pid=79582 role=AXButton → OUT: title=展开 frame=(1709,797,41,25) (0ms)
[2026-07-01 11:24:30] [axEl] IN: pid=79582 role=AXButton → OUT: title=关闭 frame=(1755,797,42,25) (0ms)
[2026-07-01 11:24:30] [axEl] IN: pid=79582 role=AXTextArea → OUT: title=给 Reasonix 发消息… ( / 命令 · @ 文件 · ! 终端 ) frame=(1337,874,409,38) (0ms)
[2026-07-01 11:24:30] [axEl] IN: pid=79582 role=AXStaticText → OUT: title= frame=(1339,877,344,21) (0ms)
[2026-07-01 11:24:30] [axEl] IN: pid=79582 role=AXButton → OUT: title= frame=(1753,874,35,34) (0ms)
[2026-07-01 11:24:30] [axEl] IN: pid=79582 role=AXPopUpButton → OUT: title=协作方式 frame=(1332,929,29,28) (0ms)
[2026-07-01 11:24:30] [axEl] IN: pid=79582 role=AXCheckBox → OUT: title= frame=(1374,932,25,24) (0ms)
[2026-07-01 11:24:30] [axEl] IN: pid=79582 role=AXCheckBox → OUT: title= frame=(1402,932,25,24) (0ms)
[2026-07-01 11:24:30] [axEl] IN: pid=79582 role=AXCheckBox → OUT: title= frame=(1430,932,25,24) (0ms)
[2026-07-01 11:24:30] [axEl] IN: pid=79582 role=AXButton → OUT: title=deepseek-v4-pro · DeepSeek 官方 frame=(1571,929,141,28) (0ms)
[2026-07-01 11:24:30] [axEl] IN: pid=79582 role=AXPopUpButton → OUT: title=更多控制 frame=(1724,927,66,32) (0ms)
[2026-07-01 11:24:30] [axEl] IN: pid=79582 role=AXButton → OUT: title= frame=(1027,93,12,14) (0ms)
[2026-07-01 11:24:30] [axEl] IN: pid=79582 role=AXButton → OUT: title= frame=(1067,93,12,14) (0ms)
[2026-07-01 11:24:30] [axEl] IN: pid=79582 role=AXButton → OUT: title= frame=(1047,93,12,14) (0ms)
[2026-07-01 11:24:30] [axEl] IN: pid=79582 role=AXMenuBarItem → OUT: title=Apple frame=(10,0,34,30) (0ms)
[2026-07-01 11:24:30] [axEl] IN: pid=79582 role=AXMenuBarItem → OUT: title=Reasonix frame=(43,0,79,30) (0ms)
[2026-07-01 11:24:30] [axEl] IN: pid=79582 role=AXMenuBarItem → OUT: title=File frame=(121,0,43,30) (0ms)
[2026-07-01 11:24:30] [axEl] IN: pid=79582 role=AXMenuBarItem → OUT: title=Edit frame=(163,0,44,30) (0ms)
[2026-07-01 11:24:30] [axEl] IN: pid=79582 role=AXMenuBarItem → OUT: title=Window frame=(206,0,69,30) (0ms)
[2026-07-01 11:24:30] [axEl] IN: pid=2480 role=AXMenuBarItem → OUT: title=Apple frame=(10,0,34,30) (0ms)
[2026-07-01 11:24:30] [axEl] IN: pid=2480 role=AXMenuBarItem → OUT: title=访达 frame=(43,0,47,30) (0ms)
[2026-07-01 11:24:30] [axEl] IN: pid=2480 role=AXMenuBarItem → OUT: title=文件 frame=(89,0,47,30) (0ms)
[2026-07-01 11:24:30] [axEl] IN: pid=2480 role=AXMenuBarItem → OUT: title=编辑 frame=(135,0,46,30) (0ms)
[2026-07-01 11:24:30] [axEl] IN: pid=2480 role=AXMenuBarItem → OUT: title=显示 frame=(180,0,47,30) (0ms)
[2026-07-01 11:24:30] [axEl] IN: pid=2480 role=AXMenuBarItem → OUT: title=前往 frame=(226,0,47,30) (0ms)
[2026-07-01 11:24:30] [axEl] IN: pid=2480 role=AXMenuBarItem → OUT: title=窗口 frame=(272,0,47,30) (0ms)
[2026-07-01 11:24:30] [axEl] IN: pid=2480 role=AXMenuBarItem → OUT: title=帮助 frame=(318,0,47,30) (0ms)
[2026-07-01 11:24:30] [axEl] IN: pid=2480 role=AXImage → OUT: title=vibe项目 frame=(77,469,64,64) (0ms)
[2026-07-01 11:24:30] [axEl] IN: pid=2478 role=AXDockItem → OUT: title=访达 frame=(295,1017,46,58) (0ms)
[2026-07-01 11:24:30] [axEl] IN: pid=2478 role=AXDockItem → OUT: title=App frame=(341,1017,46,58) (0ms)
[2026-07-01 11:24:30] [axEl] IN: pid=2478 role=AXDockItem → OUT: title=地图 frame=(387,1017,46,58) (0ms)
[2026-07-01 11:24:30] [axEl] IN: pid=2478 role=AXDockItem → OUT: title=App Store frame=(433,1017,46,58) (0ms)
[2026-07-01 11:24:30] [axEl] IN: pid=2478 role=AXDockItem → OUT: title=iPhone镜像 frame=(479,1017,46,58) (0ms)
[2026-07-01 11:24:30] [axEl] IN: pid=2478 role=AXDockItem → OUT: title=tntcloud_Lite frame=(525,1017,46,58) (0ms)
[2026-07-01 11:24:30] [axEl] IN: pid=2478 role=AXDockItem → OUT: title=豆包 frame=(571,1017,46,58) (0ms)
[2026-07-01 11:24:30] [axEl] IN: pid=2478 role=AXDockItem → OUT: title=微信 frame=(617,1017,46,58) (0ms)
[2026-07-01 11:24:30] [axEl] IN: pid=2478 role=AXDockItem → OUT: title=ima.copilot frame=(663,1017,46,58) (0ms)
[2026-07-01 11:24:30] [axEl] IN: pid=2478 role=AXDockItem → OUT: title=Google Chrome frame=(709,1017,46,58) (0ms)
[2026-07-01 11:24:30] [axEl] IN: pid=2478 role=AXDockItem → OUT: title=Claude frame=(755,1017,46,58) (0ms)
[2026-07-01 11:24:30] [axEl] IN: pid=2478 role=AXDockItem → OUT: title=飞书 frame=(801,1017,46,58) (0ms)
[2026-07-01 11:24:30] [axEl] IN: pid=2478 role=AXDockItem → OUT: title=终端 frame=(847,1017,46,58) (0ms)
[2026-07-01 11:24:30] [axEl] IN: pid=2478 role=AXDockItem → OUT: title=Visual Studio Code frame=(893,1017,46,58) (0ms)
[2026-07-01 11:24:30] [axEl] IN: pid=2478 role=AXDockItem → OUT: title=Codex frame=(939,1017,46,58) (0ms)
[2026-07-01 11:24:30] [axEl] IN: pid=2478 role=AXDockItem → OUT: title=Reasonix frame=(985,1017,46,58) (0ms)
[2026-07-01 11:24:30] [axEl] IN: pid=2478 role=AXDockItem → OUT: title= frame=(1031,1017,20,58) (0ms)
[2026-07-01 11:24:30] [axEl] IN: pid=2478 role=AXDockItem → OUT: title=屏幕共享 frame=(1052,1017,46,58) (0ms)
[2026-07-01 11:24:30] [axEl] IN: pid=2478 role=AXDockItem → OUT: title=飞鸟加速 frame=(1098,1017,46,58) (0ms)
[2026-07-01 11:24:30] [axEl] IN: pid=2478 role=AXDockItem → OUT: title=预览 frame=(1144,1017,46,58) (0ms)
[2026-07-01 11:24:30] [axEl] IN: pid=2478 role=AXDockItem → OUT: title=网易云音乐 frame=(1190,1017,46,58) (0ms)
[2026-07-01 11:24:30] [axEl] IN: pid=2478 role=AXDockItem → OUT: title=抖音 frame=(1236,1017,46,58) (0ms)
[2026-07-01 11:24:30] [axEl] IN: pid=2478 role=AXDockItem → OUT: title= frame=(1282,1017,20,58) (0ms)
[2026-07-01 11:24:30] [axEl] IN: pid=2478 role=AXDockItem → OUT: title=下载 frame=(1302,1017,46,58) (0ms)
[2026-07-01 11:24:30] [axEl] IN: pid=2478 role=AXDockItem → OUT: title=所有连接 frame=(1348,1017,46,58) (0ms)
[2026-07-01 11:24:30] [axEl] IN: pid=2478 role=AXDockItem → OUT: title=网易云音乐 frame=(1394,1017,46,58) (0ms)
[2026-07-01 11:24:30] [axEl] IN: pid=2478 role=AXDockItem → OUT: title=飞鸟加速 frame=(1440,1017,46,58) (0ms)
[2026-07-01 11:24:30] [axEl] IN: pid=2478 role=AXDockItem → OUT: title=MotionControl Toggle Buttons frame=(1486,1017,46,58) (0ms)
[2026-07-01 11:24:30] [axEl] IN: pid=2478 role=AXDockItem → OUT: title=douyin frame=(1532,1017,46,58) (0ms)
[2026-07-01 11:24:30] [axEl] IN: pid=2478 role=AXDockItem → OUT: title=废纸篓 frame=(1578,1017,46,58) (0ms)
[2026-07-01 11:24:30] [axEl] IN: pid=2479 role=AXMenuBarItem → OUT: title=Siri frame=(1752,3,16,24) (0ms)
[2026-07-01 11:24:30] [hand_detect] IN: hand_detect 1920x1080 → OUT: detected=false landmarks=nil confidence=0
[2026-07-01 11:24:30] [face_detect] IN: face_detect → OUT: detected=true landmarks=76 roll=-0.10277672 pitch=-0.42798063 yaw=0.078233026 (5035ms)
[2026-07-01 11:24:30] [mouth_detect] IN: mouth_detect ratio=0.49029216 → OUT: status=CLOSED confirmed=CLOSED
[2026-07-01 11:24:30] [gaze_estimate] IN: yaw=0.078233026 pitch=-0.42798063 → OUT: yawOffset=0.10737406 pitchOffset=-0.21609311 hasFace=true
[2026-07-01 11:24:30] [hand_detect] IN: hand_detect 1920x1080 → OUT: detected=false landmarks=nil confidence=0
[2026-07-01 11:24:30] [face_detect] IN: face_detect → OUT: detected=true landmarks=76 roll=-0.10277672 pitch=-0.42798063 yaw=0.078233026 (4913ms)
[2026-07-01 11:24:30] [mouth_detect] IN: mouth_detect ratio=0.49725446 → OUT: status=CLOSED confirmed=CLOSED
[2026-07-01 11:24:30] [gaze_estimate] IN: yaw=0.078233026 pitch=-0.42798063 → OUT: yawOffset=0.108525924 pitchOffset=-0.21661277 hasFace=true
[2026-07-01 11:24:30] [hand_detect] IN: hand_detect 1920x1080 → OUT: detected=false landmarks=nil confidence=0
[2026-07-01 11:24:30] [face_detect] IN: face_detect → OUT: detected=true landmarks=76 roll=-0.10277672 pitch=-0.42798063 yaw=0.078233026 (5447ms)
[2026-07-01 11:24:30] [mouth_detect] IN: mouth_detect ratio=0.5250617 → OUT: status=CLOSED confirmed=CLOSED
[2026-07-01 11:24:30] [gaze_estimate] IN: yaw=0.078233026 pitch=-0.42798063 → OUT: yawOffset=0.10933223 pitchOffset=-0.21697652 hasFace=true
[2026-07-01 11:24:30] [hand_detect] IN: hand_detect 1920x1080 → OUT: detected=false landmarks=nil confidence=0
[2026-07-01 11:24:30] [face_detect] IN: face_detect → OUT: detected=true landmarks=76 roll=-0.10277672 pitch=-0.42798063 yaw=0.078233026 (7161ms)
[2026-07-01 11:24:30] [mouth_detect] IN: mouth_detect ratio=0.504223 → OUT: status=CLOSED confirmed=CLOSED
[2026-07-01 11:24:30] [gaze_estimate] IN: yaw=0.078233026 pitch=-0.42798063 → OUT: yawOffset=0.109896645 pitchOffset=-0.21723115 hasFace=true
[2026-07-01 11:24:30] [hand_detect] IN: hand_detect 1920x1080 → OUT: detected=false landmarks=nil confidence=0
[2026-07-01 11:24:31] [face_detect] IN: face_detect → OUT: detected=true landmarks=76 roll=-0.12578644 pitch=-0.5284564 yaw=0.18100974 (14917ms)
[2026-07-01 11:24:31] [mouth_detect] IN: mouth_detect ratio=0.5107813 → OUT: status=CLOSED confirmed=CLOSED
[2026-07-01 11:24:31] [gaze_estimate] IN: yaw=0.18100974 pitch=-0.5284564 → OUT: yawOffset=0.14112474 pitchOffset=-0.24755213 hasFace=true
[2026-07-01 11:24:31] [hand_detect] IN: hand_detect 1920x1080 → OUT: detected=false landmarks=nil confidence=0
[2026-07-01 11:24:31] [face_detect] IN: face_detect → OUT: detected=true landmarks=76 roll=-0.12578644 pitch=-0.5284564 yaw=0.18100974 (7261ms)
[2026-07-01 11:24:31] [mouth_detect] IN: mouth_detect ratio=0.51532143 → OUT: status=CLOSED confirmed=CLOSED
[2026-07-01 11:24:31] [gaze_estimate] IN: yaw=0.18100974 pitch=-0.5284564 → OUT: yawOffset=0.16298442 pitchOffset=-0.2687768 hasFace=true
[2026-07-01 11:24:31] [hand_detect] IN: hand_detect 1920x1080 → OUT: detected=false landmarks=nil confidence=0
[2026-07-01 11:24:31] [face_detect] IN: face_detect → OUT: detected=true landmarks=76 roll=-0.12578644 pitch=-0.5284564 yaw=0.18100974 (6874ms)
[2026-07-01 11:24:31] [mouth_detect] IN: mouth_detect ratio=0.49567467 → OUT: status=CLOSED confirmed=CLOSED
[2026-07-01 11:24:31] [gaze_estimate] IN: yaw=0.18100974 pitch=-0.5284564 → OUT: yawOffset=0.17828618 pitchOffset=-0.28363407 hasFace=true
[2026-07-01 11:24:31] [hand_detect] IN: hand_detect 1920x1080 → OUT: detected=false landmarks=nil confidence=0
[2026-07-01 11:24:31] [face_detect] IN: face_detect → OUT: detected=true landmarks=76 roll=-0.12578644 pitch=-0.5284564 yaw=0.18100974 (7890ms)
[2026-07-01 11:24:31] [mouth_detect] IN: mouth_detect ratio=0.47458404 → OUT: status=CLOSED confirmed=CLOSED
[2026-07-01 11:24:31] [gaze_estimate] IN: yaw=0.18100974 pitch=-0.5284564 → OUT: yawOffset=0.18899742 pitchOffset=-0.29403415 hasFace=true
[2026-07-01 11:24:31] [hand_detect] IN: hand_detect 1920x1080 → OUT: detected=false landmarks=nil confidence=0
[2026-07-01 11:24:31] [face_detect] IN: face_detect → OUT: detected=true landmarks=76 roll=-0.12578644 pitch=-0.5284564 yaw=0.18100974 (5457ms)
[2026-07-01 11:24:31] [mouth_detect] IN: mouth_detect ratio=0.47852066 → OUT: status=CLOSED confirmed=CLOSED
[2026-07-01 11:24:31] [gaze_estimate] IN: yaw=0.18100974 pitch=-0.5284564 → OUT: yawOffset=0.1964953 pitchOffset=-0.30131423 hasFace=true
[2026-07-01 11:24:31] [hand_detect] IN: hand_detect 1920x1080 → OUT: detected=false landmarks=nil confidence=0
[2026-07-01 11:24:31] [face_detect] IN: face_detect → OUT: detected=true landmarks=76 roll=-0.12578644 pitch=-0.5284564 yaw=0.18100974 (4801ms)
[2026-07-01 11:24:31] [mouth_detect] IN: mouth_detect ratio=0.4832693 → OUT: status=CLOSED confirmed=CLOSED
[2026-07-01 11:24:31] [gaze_estimate] IN: yaw=0.18100974 pitch=-0.5284564 → OUT: yawOffset=0.2017438 pitchOffset=-0.30641028 hasFace=true
[2026-07-01 11:24:31] [hand_detect] IN: hand_detect 1920x1080 → OUT: detected=false landmarks=nil confidence=0
[2026-07-01 11:24:31] [face_detect] IN: face_detect → OUT: detected=true landmarks=76 roll=-0.12578644 pitch=-0.5284564 yaw=0.18100974 (5367ms)
[2026-07-01 11:24:31] [mouth_detect] IN: mouth_detect ratio=0.48778582 → OUT: status=CLOSED confirmed=CLOSED
[2026-07-01 11:24:31] [gaze_estimate] IN: yaw=0.18100974 pitch=-0.5284564 → OUT: yawOffset=0.20541775 pitchOffset=-0.3099775 hasFace=true
[2026-07-01 11:24:31] [hand_detect] IN: hand_detect 1920x1080 → OUT: detected=false landmarks=nil confidence=0
[2026-07-01 11:24:31] [face_detect] IN: face_detect → OUT: detected=true landmarks=76 roll=-0.12578644 pitch=-0.5284564 yaw=0.18100974 (5908ms)
[2026-07-01 11:24:31] [mouth_detect] IN: mouth_detect ratio=0.47660953 → OUT: status=CLOSED confirmed=CLOSED
[2026-07-01 11:24:31] [gaze_estimate] IN: yaw=0.18100974 pitch=-0.5284564 → OUT: yawOffset=0.20798953 pitchOffset=-0.31247458 hasFace=true
[2026-07-01 11:24:31] [hand_detect] IN: hand_detect 1920x1080 → OUT: detected=false landmarks=nil confidence=0
[2026-07-01 11:24:31] [face_detect] IN: face_detect → OUT: detected=true landmarks=76 roll=-0.12578644 pitch=-0.5284564 yaw=0.18100974 (4860ms)
[2026-07-01 11:24:31] [mouth_detect] IN: mouth_detect ratio=0.48598653 → OUT: status=CLOSED confirmed=CLOSED
[2026-07-01 11:24:31] [gaze_estimate] IN: yaw=0.18100974 pitch=-0.5284564 → OUT: yawOffset=0.20978977 pitchOffset=-0.3142225 hasFace=true
[2026-07-01 11:24:31] [hand_detect] IN: hand_detect 1920x1080 → OUT: detected=false landmarks=nil confidence=0
[2026-07-01 11:24:31] [face_detect] IN: face_detect → OUT: detected=true landmarks=76 roll=-0.12578644 pitch=-0.5284564 yaw=0.18100974 (4517ms)
[2026-07-01 11:24:31] [mouth_detect] IN: mouth_detect ratio=0.48682827 → OUT: status=CLOSED confirmed=CLOSED
[2026-07-01 11:24:31] [gaze_estimate] IN: yaw=0.18100974 pitch=-0.5284564 → OUT: yawOffset=0.21104993 pitchOffset=-0.31544608 hasFace=true
[2026-07-01 11:24:31] [hand_detect] IN: hand_detect 1920x1080 → OUT: detected=false landmarks=nil confidence=0
[2026-07-01 11:24:31] [face_detect] IN: face_detect → OUT: detected=true landmarks=76 roll=-0.12578644 pitch=-0.5284564 yaw=0.18100974 (4766ms)
[2026-07-01 11:24:31] [mouth_detect] IN: mouth_detect ratio=0.49342194 → OUT: status=CLOSED confirmed=CLOSED
[2026-07-01 11:24:31] [gaze_estimate] IN: yaw=0.18100974 pitch=-0.5284564 → OUT: yawOffset=0.21193205 pitchOffset=-0.31630257 hasFace=true
[2026-07-01 11:24:31] [hand_detect] IN: hand_detect 1920x1080 → OUT: detected=false landmarks=nil confidence=0
[2026-07-01 11:24:31] [face_detect] IN: face_detect → OUT: detected=true landmarks=76 roll=-0.12578644 pitch=-0.5284564 yaw=0.18100974 (5317ms)
[2026-07-01 11:24:31] [mouth_detect] IN: mouth_detect ratio=0.49244848 → OUT: status=CLOSED confirmed=CLOSED
[2026-07-01 11:24:31] [gaze_estimate] IN: yaw=0.18100974 pitch=-0.5284564 → OUT: yawOffset=0.21254952 pitchOffset=-0.3169021 hasFace=true
[2026-07-01 11:24:31] [hand_detect] IN: hand_detect 1920x1080 → OUT: detected=false landmarks=nil confidence=0
[2026-07-01 11:24:31] [face_detect] IN: face_detect → OUT: detected=true landmarks=76 roll=-0.12578644 pitch=-0.5284564 yaw=0.18100974 (4753ms)
[2026-07-01 11:24:31] [mouth_detect] IN: mouth_detect ratio=0.49506027 → OUT: status=CLOSED confirmed=CLOSED
[2026-07-01 11:24:31] [gaze_estimate] IN: yaw=0.18100974 pitch=-0.5284564 → OUT: yawOffset=0.21298176 pitchOffset=-0.31732178 hasFace=true
[2026-07-01 11:24:31] [hand_detect] IN: hand_detect 1920x1080 → OUT: detected=false landmarks=nil confidence=0
[2026-07-01 11:24:31] [face_detect] IN: face_detect → OUT: detected=true landmarks=76 roll=-0.12578644 pitch=-0.5284564 yaw=0.18100974 (4781ms)
[2026-07-01 11:24:31] [mouth_detect] IN: mouth_detect ratio=0.47524476 → OUT: status=CLOSED confirmed=CLOSED
[2026-07-01 11:24:31] [gaze_estimate] IN: yaw=0.18100974 pitch=-0.5284564 → OUT: yawOffset=0.21328433 pitchOffset=-0.31761557 hasFace=true
[2026-07-01 11:24:31] [hand_detect] IN: hand_detect 1920x1080 → OUT: detected=false landmarks=nil confidence=0
[2026-07-01 11:24:31] [face_detect] IN: face_detect → OUT: detected=true landmarks=76 roll=-0.12578644 pitch=-0.5284564 yaw=0.18100974 (4603ms)
[2026-07-01 11:24:31] [mouth_detect] IN: mouth_detect ratio=0.50182956 → OUT: status=CLOSED confirmed=CLOSED
[2026-07-01 11:24:31] [gaze_estimate] IN: yaw=0.18100974 pitch=-0.5284564 → OUT: yawOffset=0.21349612 pitchOffset=-0.3178212 hasFace=true
[2026-07-01 11:24:31] [hand_detect] IN: hand_detect 1920x1080 → OUT: detected=false landmarks=nil confidence=0
[2026-07-01 11:24:31] [face_detect] IN: face_detect → OUT: detected=true landmarks=76 roll=-0.088970885 pitch=-0.45866024 yaw=0.19634955 (9007ms)
[2026-07-01 11:24:31] [mouth_detect] IN: mouth_detect ratio=0.49229416 → OUT: status=CLOSED confirmed=CLOSED
[2026-07-01 11:24:31] [gaze_estimate] IN: yaw=0.19634955 pitch=-0.45866024 → OUT: yawOffset=0.21824633 pitchOffset=-0.2970263 hasFace=true
[2026-07-01 11:24:31] [hand_detect] IN: hand_detect 1920x1080 → OUT: detected=false landmarks=nil confidence=0
[2026-07-01 11:24:31] [face_detect] IN: face_detect → OUT: detected=true landmarks=76 roll=-0.088970885 pitch=-0.45866024 yaw=0.19634955 (4452ms)
[2026-07-01 11:24:31] [mouth_detect] IN: mouth_detect ratio=0.4890432 → OUT: status=CLOSED confirmed=CLOSED
[2026-07-01 11:24:31] [gaze_estimate] IN: yaw=0.19634955 pitch=-0.45866024 → OUT: yawOffset=0.22157146 pitchOffset=-0.2824699 hasFace=true
[2026-07-01 11:24:31] [hand_detect] IN: hand_detect 1920x1080 → OUT: detected=false landmarks=nil confidence=0
[2026-07-01 11:24:31] [face_detect] IN: face_detect → OUT: detected=true landmarks=76 roll=-0.088970885 pitch=-0.45866024 yaw=0.19634955 (4652ms)
[2026-07-01 11:24:31] [mouth_detect] IN: mouth_detect ratio=0.4906156 → OUT: status=CLOSED confirmed=CLOSED
[2026-07-01 11:24:31] [gaze_estimate] IN: yaw=0.19634955 pitch=-0.45866024 → OUT: yawOffset=0.22389907 pitchOffset=-0.2722804 hasFace=true
[2026-07-01 11:24:31] [hand_detect] IN: hand_detect 1920x1080 → OUT: detected=false landmarks=nil confidence=0
[2026-07-01 11:24:31] [axScan] IN: windows=5 → OUT: raw=433 visible=417 [pid79582=346 pid2479=1 pid61336=31 pid2480=9 pid2478=30] (659ms)
[2026-07-01 11:24:31] [axEl] IN: pid=61336 role=AXButton → OUT: title= frame=(901,117,20,20) (0ms)
[2026-07-01 11:24:31] [axEl] IN: pid=61336 role=AXScrollBar → OUT: title= frame=(901,135,19,338) (0ms)
[2026-07-01 11:24:31] [axEl] IN: pid=61336 role=AXButton → OUT: title= frame=(905,139,11,310) (0ms)
[2026-07-01 11:24:31] [axEl] IN: pid=61336 role=AXButton → OUT: title= frame=(410,95,16,16) (0ms)
[2026-07-01 11:24:31] [axEl] IN: pid=61336 role=AXButton → OUT: title= frame=(456,95,16,16) (0ms)
[2026-07-01 11:24:31] [axEl] IN: pid=61336 role=AXButton → OUT: title= frame=(433,95,16,16) (0ms)
[2026-07-01 11:24:31] [axEl] IN: pid=61336 role=AXImage → OUT: title=diqibadao frame=(483,93,18,18) (0ms)
[2026-07-01 11:24:31] [axEl] IN: pid=61336 role=AXStaticText → OUT: title= frame=(502,95,407,16) (0ms)
[2026-07-01 11:24:31] [axEl] IN: pid=61336 role=AXButton → OUT: title= frame=(918,674,20,20) (0ms)
[2026-07-01 11:24:31] [axEl] IN: pid=61336 role=AXScrollBar → OUT: title= frame=(918,692,19,338) (0ms)
[2026-07-01 11:24:31] [axEl] IN: pid=61336 role=AXButton → OUT: title= frame=(922,696,11,310) (0ms)
[2026-07-01 11:24:31] [axEl] IN: pid=61336 role=AXButton → OUT: title= frame=(427,652,16,16) (0ms)
[2026-07-01 11:24:31] [axEl] IN: pid=61336 role=AXButton → OUT: title= frame=(473,652,16,16) (0ms)
[2026-07-01 11:24:31] [axEl] IN: pid=61336 role=AXButton → OUT: title= frame=(450,652,16,16) (0ms)
[2026-07-01 11:24:31] [axEl] IN: pid=61336 role=AXImage → OUT: title=diqibadao frame=(500,650,18,18) (0ms)
[2026-07-01 11:24:31] [axEl] IN: pid=61336 role=AXStaticText → OUT: title= frame=(519,652,241,16) (0ms)
[2026-07-01 11:24:31] [axEl] IN: pid=61336 role=AXButton → OUT: title= frame=(872,88,20,20) (0ms)
[2026-07-01 11:24:31] [axEl] IN: pid=61336 role=AXScrollBar → OUT: title= frame=(872,106,19,338) (0ms)
[2026-07-01 11:24:31] [axEl] IN: pid=61336 role=AXButton → OUT: title= frame=(876,110,11,310) (0ms)
[2026-07-01 11:24:31] [axEl] IN: pid=61336 role=AXButton → OUT: title= frame=(381,66,16,16) (0ms)
[2026-07-01 11:24:31] [axEl] IN: pid=61336 role=AXButton → OUT: title= frame=(427,66,16,16) (0ms)
[2026-07-01 11:24:31] [axEl] IN: pid=61336 role=AXButton → OUT: title= frame=(404,66,16,16) (0ms)
[2026-07-01 11:24:31] [axEl] IN: pid=61336 role=AXImage → OUT: title=diqibadao frame=(454,64,18,18) (0ms)
[2026-07-01 11:24:31] [axEl] IN: pid=61336 role=AXStaticText → OUT: title= frame=(473,66,241,16) (0ms)
[2026-07-01 11:24:31] [axEl] IN: pid=61336 role=AXMenuBarItem → OUT: title=Apple frame=(10,0,34,30) (0ms)
[2026-07-01 11:24:31] [axEl] IN: pid=61336 role=AXMenuBarItem → OUT: title=终端 frame=(43,0,47,30) (0ms)
[2026-07-01 11:24:31] [axEl] IN: pid=61336 role=AXMenuBarItem → OUT: title=Shell frame=(89,0,50,30) (0ms)
[2026-07-01 11:24:31] [axEl] IN: pid=61336 role=AXMenuBarItem → OUT: title=编辑 frame=(138,0,47,30) (0ms)
[2026-07-01 11:24:31] [axEl] IN: pid=61336 role=AXMenuBarItem → OUT: title=显示 frame=(184,0,47,30) (0ms)
[2026-07-01 11:24:31] [axEl] IN: pid=61336 role=AXMenuBarItem → OUT: title=窗口 frame=(230,0,47,30) (0ms)
[2026-07-01 11:24:31] [axEl] IN: pid=61336 role=AXMenuBarItem → OUT: title=帮助 frame=(276,0,47,30) (0ms)
[2026-07-01 11:24:31] [axEl] IN: pid=79582 role=AXLink → OUT: title=跳到输入框 frame=(1390,36,83,35) (0ms)
[2026-07-01 11:24:31] [axEl] IN: pid=79582 role=AXStaticText → OUT: title= frame=(1402,45,59,17) (0ms)
[2026-07-01 11:24:31] [axEl] IN: pid=79582 role=AXImage → OUT: title= frame=(1019,123,118,28) (0ms)
[2026-07-01 11:24:31] [axEl] IN: pid=79582 role=AXButton → OUT: title=新建对话 frame=(1026,173,240,38) (0ms)
[2026-07-01 11:24:31] [axEl] IN: pid=79582 role=AXStaticText → OUT: title= frame=(1032,226,25,18) (0ms)
[2026-07-01 11:24:31] [axEl] IN: pid=79582 role=AXButton → OUT: title=技能 frame=(1026,255,240,30) (0ms)
[2026-07-01 11:24:31] [axEl] IN: pid=79582 role=AXButton → OUT: title=记忆 frame=(1026,289,240,30) (0ms)
[2026-07-01 11:24:31] [axEl] IN: pid=79582 role=AXButton → OUT: title=消息通道 frame=(1026,323,240,30) (0ms)
[2026-07-01 11:24:31] [axEl] IN: pid=79582 role=AXButton → OUT: title=自动化 frame=(1026,357,240,30) (0ms)
[2026-07-01 11:24:31] [axEl] IN: pid=79582 role=AXStaticText → OUT: title= frame=(1032,411,26,18) (0ms)
[2026-07-01 11:24:31] [axEl] IN: pid=79582 role=AXPopUpButton → OUT: title=按时间筛选 frame=(1174,408,24,22) (0ms)
[2026-07-01 11:24:31] [axEl] IN: pid=79582 role=AXCheckBox → OUT: title=收起所有项目 frame=(1204,408,22,22) (0ms)
[2026-07-01 11:24:31] [axEl] IN: pid=79582 role=AXButton → OUT: title=添加新项目 frame=(1235,408,22,22) (0ms)
[2026-07-01 11:24:31] [axEl] IN: pid=79582 role=AXButton → OUT: title=Global frame=(1028,446,204,32) (0ms)
[2026-07-01 11:24:31] [axEl] IN: pid=79582 role=AXButton → OUT: title=新建会话 frame=(1238,450,24,24) (0ms)
[2026-07-01 11:24:31] [axEl] IN: pid=79582 role=AXButton → OUT: title=已粘贴文本 #3 · 71 行] … frame=(1044,483,219,23) (0ms)
[2026-07-01 11:24:31] [axEl] IN: pid=79582 role=AXButton → OUT: title=调研技术方案 @.reasonix… frame=(1044,508,219,23) (0ms)
[2026-07-01 11:24:31] [axEl] IN: pid=79582 role=AXButton → OUT: title=光标控制和手势控制的启动关闭按钮呢 … frame=(1044,533,219,23) (0ms)
[2026-07-01 11:24:31] [axEl] IN: pid=79582 role=AXButton → OUT: title=光标控制和手势控制的启动关闭按钮呢 … frame=(1044,558,219,23) (0ms)
[2026-07-01 11:24:31] [axEl] IN: pid=79582 role=AXButton → OUT: title=新的会话 frame=(1044,583,219,28) (0ms)
[2026-07-01 11:24:31] [axEl] IN: pid=79582 role=AXButton → OUT: title=嗨 你好啊 frame=(1044,613,219,24) (0ms)
[2026-07-01 11:24:31] [axEl] IN: pid=79582 role=AXButton → OUT: title=global会话卡住了 看看啥情况 frame=(1044,638,219,24) (0ms)
[2026-07-01 11:24:31] [axEl] IN: pid=79582 role=AXButton → OUT: title=<memory-compiler-e… frame=(1044,663,219,24) (0ms)
[2026-07-01 11:24:31] [axEl] IN: pid=79582 role=AXButton → OUT: title=自然识别App调研，你看看我的桌面这… frame=(1044,688,219,24) (0ms)
[2026-07-01 11:24:31] [axEl] IN: pid=79582 role=AXButton → OUT: title=我使用的飞鸟加速外网好慢啊 检查下可… frame=(1044,713,219,24) (0ms)
[2026-07-01 11:24:31] [axEl] IN: pid=79582 role=AXButton → OUT: title=<active-goal> 我感觉c… frame=(1044,738,219,24) (0ms)
[2026-07-01 11:24:31] [axEl] IN: pid=79582 role=AXCheckBox → OUT: title=搜索项目或会话 frame=(1026,956,56,30) (0ms)
[2026-07-01 11:24:31] [axEl] IN: pid=79582 role=AXButton → OUT: title= frame=(1087,956,56,30) (0ms)
[2026-07-01 11:24:31] [axEl] IN: pid=79582 role=AXButton → OUT: title= frame=(1149,956,56,30) (0ms)
[2026-07-01 11:24:31] [axEl] IN: pid=79582 role=AXButton → OUT: title= frame=(1210,956,56,30) (0ms)
[2026-07-01 11:24:31] [axEl] IN: pid=79582 role=AXCheckBox → OUT: title=收起导航 frame=(1265,517,26,47) (0ms)
[2026-07-01 11:24:31] [axEl] IN: pid=79582 role=AXHeading → OUT: title=重命名会话 frame=(1296,103,176,19) (0ms)
[2026-07-01 11:24:31] [axEl] IN: pid=79582 role=AXButton → OUT: title=重命名会话 frame=(1296,103,176,19) (0ms)
[2026-07-01 11:24:31] [axEl] IN: pid=79582 role=AXButton → OUT: title=复制会话 frame=(1621,102,30,28) (0ms)
[2026-07-01 11:24:31] [axEl] IN: pid=79582 role=AXPopUpButton → OUT: title=导出会话 frame=(1657,102,30,28) (0ms)
[2026-07-01 11:24:31] [axEl] IN: pid=79582 role=AXCheckBox → OUT: title=改动 frame=(1693,102,30,28) (0ms)
[2026-07-01 11:24:31] [axEl] IN: pid=79582 role=AXButton → OUT: title=键盘快捷键 frame=(1729,102,30,28) (0ms)
[2026-07-01 11:24:31] [axEl] IN: pid=79582 role=AXButton → OUT: title=命令 frame=(1765,102,30,28) (0ms)
[2026-07-01 11:24:31] [axEl] IN: pid=79582 role=AXCheckBox → OUT: title=展开工作区 frame=(1801,102,30,28) (0ms)
[2026-07-01 11:24:31] [axEl] IN: pid=79582 role=AXStaticText → OUT: title= frame=(1362,1,24,16) (0ms)
[2026-07-01 11:24:31] [axEl] IN: pid=79582 role=AXStaticText → OUT: title= frame=(1428,1,9,16) (0ms)
[2026-07-01 11:24:31] [axEl] IN: pid=79582 role=AXStaticText → OUT: title= frame=(1453,1,264,16) (0ms)
[2026-07-01 11:24:31] [axEl] IN: pid=79582 role=AXStaticText → OUT: title= frame=(1362,21,24,15) (0ms)
[2026-07-01 11:24:31] [axEl] IN: pid=79582 role=AXStaticText → OUT: title= frame=(1399,21,24,15) (0ms)
[2026-07-01 11:24:31] [axEl] IN: pid=79582 role=AXStaticText → OUT: title= frame=(1453,21,102,15) (0ms)
[2026-07-01 11:24:31] [axEl] IN: pid=79582 role=AXStaticText → OUT: title= frame=(1362,40,24,16) (0ms)
[2026-07-01 11:24:31] [axEl] IN: pid=79582 role=AXStaticText → OUT: title= frame=(1399,40,24,16) (0ms)
[2026-07-01 11:24:31] [axEl] IN: pid=79582 role=AXStaticText → OUT: title= frame=(1453,40,233,16) (0ms)
[2026-07-01 11:24:31] [axEl] IN: pid=79582 role=AXStaticText → OUT: title= frame=(1362,59,24,16) (0ms)
[2026-07-01 11:24:31] [axEl] IN: pid=79582 role=AXStaticText → OUT: title= frame=(1399,59,24,16) (0ms)
[2026-07-01 11:24:31] [axEl] IN: pid=79582 role=AXButton → OUT: title= frame=(1342,7,234,28) (0ms)
[2026-07-01 11:24:31] [axEl] IN: pid=79582 role=AXButton → OUT: title= frame=(1342,37,514,28) (0ms)
[2026-07-01 11:24:31] [axEl] IN: pid=79582 role=AXButton → OUT: title= frame=(1316,13,495,18) (0ms)
[2026-07-01 11:24:31] [axEl] IN: pid=79582 role=AXButton → OUT: title= frame=(1342,41,507,29) (0ms)
[2026-07-01 11:24:31] [axEl] IN: pid=79582 role=AXStaticText → OUT: title= frame=(1362,76,24,16) (0ms)
[2026-07-01 11:24:31] [axEl] IN: pid=79582 role=AXStaticText → OUT: title= frame=(1399,76,24,16) (0ms)
[2026-07-01 11:24:31] [axEl] IN: pid=79582 role=AXStaticText → OUT: title= frame=(1362,95,24,16) (0ms)
[2026-07-01 11:24:31] [axEl] IN: pid=79582 role=AXStaticText → OUT: title= frame=(1399,95,24,16) (0ms)
[2026-07-01 11:24:31] [axEl] IN: pid=79582 role=AXStaticText → OUT: title= frame=(1453,95,387,16) (0ms)
[2026-07-01 11:24:31] [axEl] IN: pid=79582 role=AXStaticText → OUT: title= frame=(1362,115,24,15) (0ms)
[2026-07-01 11:24:31] [axEl] IN: pid=79582 role=AXStaticText → OUT: title= frame=(1399,115,24,15) (0ms)
[2026-07-01 11:24:31] [axEl] IN: pid=79582 role=AXStaticText → OUT: title= frame=(1453,115,217,15) (0ms)
[2026-07-01 11:24:31] [axEl] IN: pid=79582 role=AXStaticText → OUT: title= frame=(1362,134,24,16) (0ms)
[2026-07-01 11:24:31] [axEl] IN: pid=79582 role=AXStaticText → OUT: title= frame=(1428,134,9,16) (0ms)
[2026-07-01 11:24:31] [axEl] IN: pid=79582 role=AXStaticText → OUT: title= frame=(1453,134,432,16) (0ms)
[2026-07-01 11:24:31] [axEl] IN: pid=79582 role=AXStaticText → OUT: title= frame=(1362,154,24,15) (0ms)
[2026-07-01 11:24:31] [axEl] IN: pid=79582 role=AXStaticText → OUT: title= frame=(1428,154,9,15) (0ms)
[2026-07-01 11:24:31] [axEl] IN: pid=79582 role=AXStaticText → OUT: title= frame=(1453,154,295,15) (0ms)
[2026-07-01 11:24:31] [axEl] IN: pid=79582 role=AXStaticText → OUT: title= frame=(1362,173,24,16) (0ms)
[2026-07-01 11:24:31] [axEl] IN: pid=79582 role=AXStaticText → OUT: title= frame=(1428,173,9,16) (0ms)
[2026-07-01 11:24:31] [axEl] IN: pid=79582 role=AXStaticText → OUT: title= frame=(1453,173,264,16) (0ms)
[2026-07-01 11:24:31] [axEl] IN: pid=79582 role=AXStaticText → OUT: title= frame=(1362,192,24,16) (0ms)
[2026-07-01 11:24:31] [axEl] IN: pid=79582 role=AXStaticText → OUT: title= frame=(1428,192,9,16) (0ms)
[2026-07-01 11:24:31] [axEl] IN: pid=79582 role=AXStaticText → OUT: title= frame=(1453,192,727,16) (0ms)
[2026-07-01 11:24:31] [axEl] IN: pid=79582 role=AXStaticText → OUT: title= frame=(1362,212,24,15) (0ms)
[2026-07-01 11:24:31] [axEl] IN: pid=79582 role=AXStaticText → OUT: title= frame=(1428,212,9,15) (0ms)
[2026-07-01 11:24:31] [axEl] IN: pid=79582 role=AXStaticText → OUT: title= frame=(1453,212,836,15) (0ms)
[2026-07-01 11:24:31] [axEl] IN: pid=79582 role=AXStaticText → OUT: title= frame=(1362,231,24,16) (0ms)
[2026-07-01 11:24:31] [axEl] IN: pid=79582 role=AXStaticText → OUT: title= frame=(1428,231,9,16) (0ms)
[2026-07-01 11:24:31] [axEl] IN: pid=79582 role=AXStaticText → OUT: title= frame=(1453,231,187,16) (0ms)
[2026-07-01 11:24:31] [axEl] IN: pid=79582 role=AXStaticText → OUT: title= frame=(1362,250,24,16) (0ms)
[2026-07-01 11:24:31] [axEl] IN: pid=79582 role=AXStaticText → OUT: title= frame=(1428,250,9,16) (0ms)
[2026-07-01 11:24:31] [axEl] IN: pid=79582 role=AXStaticText → OUT: title= frame=(1453,250,310,16) (0ms)
[2026-07-01 11:24:31] [axEl] IN: pid=79582 role=AXStaticText → OUT: title= frame=(1362,270,24,15) (0ms)
[2026-07-01 11:24:31] [axEl] IN: pid=79582 role=AXStaticText → OUT: title= frame=(1428,270,9,15) (0ms)
[2026-07-01 11:24:31] [axEl] IN: pid=79582 role=AXStaticText → OUT: title= frame=(1453,270,295,15) (0ms)
[2026-07-01 11:24:31] [axEl] IN: pid=79582 role=AXStaticText → OUT: title= frame=(1362,289,24,16) (0ms)
[2026-07-01 11:24:31] [axEl] IN: pid=79582 role=AXStaticText → OUT: title= frame=(1428,289,9,16) (0ms)
[2026-07-01 11:24:31] [axEl] IN: pid=79582 role=AXStaticText → OUT: title= frame=(1453,289,295,16) (0ms)
[2026-07-01 11:24:31] [axEl] IN: pid=79582 role=AXStaticText → OUT: title= frame=(1362,309,24,15) (0ms)
[2026-07-01 11:24:31] [axEl] IN: pid=79582 role=AXStaticText → OUT: title= frame=(1428,309,9,15) (0ms)
[2026-07-01 11:24:31] [axEl] IN: pid=79582 role=AXStaticText → OUT: title= frame=(1453,309,132,15) (0ms)
[2026-07-01 11:24:31] [axEl] IN: pid=79582 role=AXStaticText → OUT: title= frame=(1362,328,24,16) (0ms)
[2026-07-01 11:24:31] [axEl] IN: pid=79582 role=AXStaticText → OUT: title= frame=(1428,328,9,16) (0ms)
[2026-07-01 11:24:31] [axEl] IN: pid=79582 role=AXStaticText → OUT: title= frame=(1453,328,102,16) (0ms)
[2026-07-01 11:24:31] [axEl] IN: pid=79582 role=AXStaticText → OUT: title= frame=(1362,347,24,16) (0ms)
[2026-07-01 11:24:31] [axEl] IN: pid=79582 role=AXStaticText → OUT: title= frame=(1399,347,24,16) (0ms)
[2026-07-01 11:24:31] [axEl] IN: pid=79582 role=AXStaticText → OUT: title= frame=(1453,347,626,16) (0ms)
[2026-07-01 11:24:31] [axEl] IN: pid=79582 role=AXStaticText → OUT: title= frame=(1362,367,24,15) (0ms)
[2026-07-01 11:24:31] [axEl] IN: pid=79582 role=AXStaticText → OUT: title= frame=(1399,367,24,15) (0ms)
[2026-07-01 11:24:31] [axEl] IN: pid=79582 role=AXStaticText → OUT: title= frame=(1453,367,489,15) (0ms)
[2026-07-01 11:24:31] [axEl] IN: pid=79582 role=AXStaticText → OUT: title= frame=(1362,386,24,16) (0ms)
[2026-07-01 11:24:31] [axEl] IN: pid=79582 role=AXStaticText → OUT: title= frame=(1399,386,24,16) (0ms)
[2026-07-01 11:24:31] [axEl] IN: pid=79582 role=AXStaticText → OUT: title= frame=(1453,386,341,16) (0ms)
[2026-07-01 11:24:31] [axEl] IN: pid=79582 role=AXButton → OUT: title=深度思考 frame=(1316,56,69,19) (0ms)
[2026-07-01 11:24:31] [axEl] IN: pid=79582 role=AXButton → OUT: title= frame=(1316,86,167,25) (0ms)
[2026-07-01 11:24:31] [axEl] IN: pid=79582 role=AXButton → OUT: title= frame=(1316,131,495,19) (0ms)
[2026-07-01 11:24:31] [axEl] IN: pid=79582 role=AXButton → OUT: title= frame=(1342,159,513,29) (0ms)
[2026-07-01 11:24:31] [axEl] IN: pid=79582 role=AXButton → OUT: title=深度思考 frame=(1316,174,69,19) (0ms)
[2026-07-01 11:24:31] [axEl] IN: pid=79582 role=AXStaticText → OUT: title= frame=(1316,204,449,21) (0ms)
[2026-07-01 11:24:31] [axEl] IN: pid=79582 role=AXButton → OUT: title= frame=(1316,246,167,25) (0ms)
[2026-07-01 11:24:31] [axEl] IN: pid=79582 role=AXButton → OUT: title= frame=(1316,249,495,19) (0ms)
[2026-07-01 11:24:31] [axEl] IN: pid=79582 role=AXButton → OUT: title= frame=(1342,277,165,29) (0ms)
[2026-07-01 11:24:31] [axEl] IN: pid=79582 role=AXButton → OUT: title=深度思考 frame=(1316,293,69,19) (0ms)
[2026-07-01 11:24:31] [axEl] IN: pid=79582 role=AXButton → OUT: title= frame=(1316,322,167,25) (0ms)
[2026-07-01 11:24:31] [axEl] IN: pid=79582 role=AXButton → OUT: title= frame=(1316,367,495,19) (0ms)
[2026-07-01 11:24:31] [axEl] IN: pid=79582 role=AXButton → OUT: title= frame=(1342,395,290,29) (0ms)
[2026-07-01 11:24:31] [axEl] IN: pid=79582 role=AXButton → OUT: title=深度思考 frame=(1316,411,69,19) (0ms)
[2026-07-01 11:24:31] [axEl] IN: pid=79582 role=AXButton → OUT: title= frame=(1316,440,167,25) (0ms)
[2026-07-01 11:24:31] [axEl] IN: pid=79582 role=AXButton → OUT: title= frame=(1316,485,495,19) (0ms)
[2026-07-01 11:24:31] [axEl] IN: pid=79582 role=AXButton → OUT: title= frame=(1342,513,507,29) (0ms)
[2026-07-01 11:24:31] [axEl] IN: pid=79582 role=AXStaticText → OUT: title= frame=(1370,549,16,15) (0ms)
[2026-07-01 11:24:31] [axEl] IN: pid=79582 role=AXStaticText → OUT: title= frame=(1407,549,16,15) (0ms)
[2026-07-01 11:24:31] [axEl] IN: pid=79582 role=AXStaticText → OUT: title= frame=(1453,549,426,15) (0ms)
[2026-07-01 11:24:31] [axEl] IN: pid=79582 role=AXStaticText → OUT: title= frame=(1370,568,16,16) (0ms)
[2026-07-01 11:24:31] [axEl] IN: pid=79582 role=AXStaticText → OUT: title= frame=(1407,568,16,16) (0ms)
[2026-07-01 11:24:31] [axEl] IN: pid=79582 role=AXStaticText → OUT: title= frame=(1453,568,449,16) (0ms)
[2026-07-01 11:24:31] [axEl] IN: pid=79582 role=AXStaticText → OUT: title= frame=(1370,588,16,15) (0ms)
[2026-07-01 11:24:31] [axEl] IN: pid=79582 role=AXStaticText → OUT: title= frame=(1407,588,16,15) (0ms)
[2026-07-01 11:24:31] [axEl] IN: pid=79582 role=AXStaticText → OUT: title= frame=(1453,588,380,15) (0ms)
[2026-07-01 11:24:31] [axEl] IN: pid=79582 role=AXStaticText → OUT: title= frame=(1370,607,16,16) (0ms)
[2026-07-01 11:24:31] [axEl] IN: pid=79582 role=AXStaticText → OUT: title= frame=(1428,607,9,16) (0ms)
[2026-07-01 11:24:31] [axEl] IN: pid=79582 role=AXStaticText → OUT: title= frame=(1453,607,380,16) (0ms)
[2026-07-01 11:24:31] [axEl] IN: pid=79582 role=AXStaticText → OUT: title= frame=(1362,626,24,16) (0ms)
[2026-07-01 11:24:31] [axEl] IN: pid=79582 role=AXStaticText → OUT: title= frame=(1407,626,16,16) (0ms)
[2026-07-01 11:24:31] [axEl] IN: pid=79582 role=AXStaticText → OUT: title= frame=(1453,626,380,16) (0ms)
[2026-07-01 11:24:31] [axEl] IN: pid=79582 role=AXStaticText → OUT: title= frame=(1362,646,24,15) (0ms)
[2026-07-01 11:24:31] [axEl] IN: pid=79582 role=AXStaticText → OUT: title= frame=(1399,646,24,15) (0ms)
[2026-07-01 11:24:31] [axEl] IN: pid=79582 role=AXStaticText → OUT: title= frame=(1453,646,434,15) (0ms)
[2026-07-01 11:24:31] [axEl] IN: pid=79582 role=AXStaticText → OUT: title= frame=(1362,665,24,16) (0ms)
[2026-07-01 11:24:31] [axEl] IN: pid=79582 role=AXStaticText → OUT: title= frame=(1399,665,24,16) (0ms)
[2026-07-01 11:24:31] [axEl] IN: pid=79582 role=AXStaticText → OUT: title= frame=(1453,665,349,16) (0ms)
[2026-07-01 11:24:31] [axEl] IN: pid=79582 role=AXButton → OUT: title=深度思考 frame=(1316,529,69,19) (0ms)
[2026-07-01 11:24:31] [axEl] IN: pid=79582 role=AXButton → OUT: title= frame=(1316,558,167,25) (0ms)
[2026-07-01 11:24:31] [axEl] IN: pid=79582 role=AXButton → OUT: title= frame=(1316,603,495,19) (0ms)
[2026-07-01 11:24:31] [axEl] IN: pid=79582 role=AXButton → OUT: title= frame=(1342,632,514,29) (0ms)
[2026-07-01 11:24:31] [axEl] IN: pid=79582 role=AXStaticText → OUT: title= frame=(1362,0,24,15) (0ms)
[2026-07-01 11:24:31] [axEl] IN: pid=79582 role=AXStaticText → OUT: title= frame=(1428,0,9,15) (0ms)
[2026-07-01 11:24:31] [axEl] IN: pid=79582 role=AXStaticText → OUT: title= frame=(1453,0,496,15) (0ms)
[2026-07-01 11:24:31] [axEl] IN: pid=79582 role=AXStaticText → OUT: title= frame=(1362,19,24,16) (0ms)
[2026-07-01 11:24:31] [axEl] IN: pid=79582 role=AXStaticText → OUT: title= frame=(1428,19,9,16) (0ms)
[2026-07-01 11:24:31] [axEl] IN: pid=79582 role=AXStaticText → OUT: title= frame=(1453,19,71,16) (0ms)
[2026-07-01 11:24:31] [axEl] IN: pid=79582 role=AXStaticText → OUT: title= frame=(1399,38,24,16) (0ms)
[2026-07-01 11:24:31] [axEl] IN: pid=79582 role=AXStaticText → OUT: title= frame=(1428,38,9,16) (0ms)
[2026-07-01 11:24:31] [axEl] IN: pid=79582 role=AXStaticText → OUT: title= frame=(1453,38,256,16) (0ms)
[2026-07-01 11:24:31] [axEl] IN: pid=79582 role=AXStaticText → OUT: title= frame=(1399,58,24,15) (0ms)
[2026-07-01 11:24:31] [axEl] IN: pid=79582 role=AXStaticText → OUT: title= frame=(1428,58,9,15) (0ms)
[2026-07-01 11:24:31] [axEl] IN: pid=79582 role=AXStaticText → OUT: title= frame=(1453,58,233,15) (0ms)
[2026-07-01 11:24:31] [axEl] IN: pid=79582 role=AXStaticText → OUT: title= frame=(1362,77,24,16) (0ms)
[2026-07-01 11:24:31] [axEl] IN: pid=79582 role=AXStaticText → OUT: title= frame=(1399,77,24,16) (0ms)
[2026-07-01 11:24:31] [axEl] IN: pid=79582 role=AXStaticText → OUT: title= frame=(1453,77,202,16) (0ms)
[2026-07-01 11:24:31] [axEl] IN: pid=79582 role=AXStaticText → OUT: title= frame=(1362,97,24,15) (0ms)
[2026-07-01 11:24:31] [axEl] IN: pid=79582 role=AXStaticText → OUT: title= frame=(1399,97,24,15) (0ms)
[2026-07-01 11:24:31] [axEl] IN: pid=79582 role=AXStaticText → OUT: title= frame=(1453,97,40,15) (0ms)
[2026-07-01 11:24:31] [axEl] IN: pid=79582 role=AXStaticText → OUT: title= frame=(1362,116,24,16) (0ms)
[2026-07-01 11:24:31] [axEl] IN: pid=79582 role=AXStaticText → OUT: title= frame=(1399,116,24,16) (0ms)
[2026-07-01 11:24:31] [axEl] IN: pid=79582 role=AXStaticText → OUT: title= frame=(1362,-3,24,16) (0ms)
[2026-07-01 11:24:31] [axEl] IN: pid=79582 role=AXStaticText → OUT: title= frame=(1428,-3,9,16) (0ms)
[2026-07-01 11:24:31] [axEl] IN: pid=79582 role=AXStaticText → OUT: title= frame=(1362,16,24,16) (0ms)
[2026-07-01 11:24:31] [axEl] IN: pid=79582 role=AXStaticText → OUT: title= frame=(1399,16,24,16) (0ms)
[2026-07-01 11:24:31] [axEl] IN: pid=79582 role=AXStaticText → OUT: title= frame=(1453,16,426,16) (0ms)
[2026-07-01 11:24:31] [axEl] IN: pid=79582 role=AXStaticText → OUT: title= frame=(1362,36,24,15) (0ms)
[2026-07-01 11:24:31] [axEl] IN: pid=79582 role=AXStaticText → OUT: title= frame=(1399,36,24,15) (0ms)
[2026-07-01 11:24:31] [axEl] IN: pid=79582 role=AXStaticText → OUT: title= frame=(1453,36,140,15) (0ms)
[2026-07-01 11:24:31] [axEl] IN: pid=79582 role=AXStaticText → OUT: title= frame=(1362,55,24,16) (0ms)
[2026-07-01 11:24:31] [axEl] IN: pid=79582 role=AXStaticText → OUT: title= frame=(1399,55,24,16) (0ms)
[2026-07-01 11:24:31] [axEl] IN: pid=79582 role=AXStaticText → OUT: title= frame=(1453,55,411,16) (0ms)
[2026-07-01 11:24:31] [axEl] IN: pid=79582 role=AXStaticText → OUT: title= frame=(1370,7,16,15) (0ms)
[2026-07-01 11:24:31] [axEl] IN: pid=79582 role=AXStaticText → OUT: title= frame=(1407,7,16,15) (0ms)
[2026-07-01 11:24:31] [axEl] IN: pid=79582 role=AXStaticText → OUT: title= frame=(1453,7,196,15) (0ms)
[2026-07-01 11:24:31] [axEl] IN: pid=79582 role=AXStaticText → OUT: title= frame=(1370,26,16,16) (0ms)
[2026-07-01 11:24:31] [axEl] IN: pid=79582 role=AXStaticText → OUT: title= frame=(1407,26,16,16) (0ms)
[2026-07-01 11:24:31] [axEl] IN: pid=79582 role=AXStaticText → OUT: title= frame=(1453,26,196,16) (0ms)
[2026-07-01 11:24:31] [axEl] IN: pid=79582 role=AXStaticText → OUT: title= frame=(1370,45,16,16) (0ms)
[2026-07-01 11:24:31] [axEl] IN: pid=79582 role=AXStaticText → OUT: title= frame=(1407,45,16,16) (0ms)
[2026-07-01 11:24:31] [axEl] IN: pid=79582 role=AXButton → OUT: title= frame=(1316,39,495,19) (0ms)
[2026-07-01 11:24:31] [axEl] IN: pid=79582 role=AXButton → OUT: title= frame=(1342,67,469,10) (0ms)
[2026-07-01 11:24:31] [axEl] IN: pid=79582 role=AXButton → OUT: title= frame=(1342,97,469,10) (0ms)
[2026-07-01 11:24:31] [axEl] IN: pid=79582 role=AXStaticText → OUT: title= frame=(1316,-5,259,20) (0ms)
[2026-07-01 11:24:31] [axEl] IN: pid=79582 role=AXButton → OUT: title= frame=(1316,36,167,25) (0ms)
[2026-07-01 11:24:31] [axEl] IN: pid=79582 role=AXButton → OUT: title=复制 frame=(1312,66,28,25) (0ms)
[2026-07-01 11:24:31] [axEl] IN: pid=79582 role=AXButton → OUT: title= frame=(1342,66,28,25) (0ms)
[2026-07-01 11:24:31] [axEl] IN: pid=79582 role=AXPopUpButton → OUT: title= frame=(1372,66,28,25) (0ms)
[2026-07-01 11:24:31] [axEl] IN: pid=79582 role=AXPopUpButton → OUT: title= frame=(1402,66,28,25) (0ms)
[2026-07-01 11:24:31] [axEl] IN: pid=79582 role=AXStaticText → OUT: title= frame=(1434,115,363,20) (0ms)
[2026-07-01 11:24:31] [axEl] IN: pid=79582 role=AXStaticText → OUT: title= frame=(1720,146,27,18) (0ms)
[2026-07-01 11:24:31] [axEl] IN: pid=79582 role=AXButton → OUT: title=复制 frame=(1755,143,22,23) (0ms)
[2026-07-01 11:24:31] [axEl] IN: pid=79582 role=AXButton → OUT: title=编辑 frame=(1785,143,22,23) (0ms)
[2026-07-01 11:24:31] [axEl] IN: pid=79582 role=AXStaticText → OUT: title= frame=(1419,190,376,55) (0ms)
[2026-07-01 11:24:31] [axEl] IN: pid=79582 role=AXStaticText → OUT: title= frame=(1720,256,27,18) (0ms)
[2026-07-01 11:24:31] [axEl] IN: pid=79582 role=AXButton → OUT: title=复制 frame=(1755,253,22,23) (0ms)
[2026-07-01 11:24:31] [axEl] IN: pid=79582 role=AXButton → OUT: title=编辑 frame=(1785,253,22,23) (0ms)
[2026-07-01 11:24:31] [axEl] IN: pid=79582 role=AXButton → OUT: title=工具调用已处理 21s frame=(1316,295,69,19) (0ms)
[2026-07-01 11:24:31] [axEl] IN: pid=79582 role=AXButton → OUT: title=深度思考 frame=(1316,331,495,10) (0ms)
[2026-07-01 11:24:31] [axEl] IN: pid=79582 role=AXButton → OUT: title= frame=(1316,331,495,10) (0ms)
[2026-07-01 11:24:31] [axEl] IN: pid=79582 role=AXButton → OUT: title=已探索 1 次搜索 frame=(1316,407,495,19) (0ms)
[2026-07-01 11:24:31] [axEl] IN: pid=79582 role=AXButton → OUT: title= frame=(1342,435,469,10) (0ms)
[2026-07-01 11:24:31] [axEl] IN: pid=79582 role=AXButton → OUT: title=深度思考 frame=(1316,449,495,10) (0ms)
[2026-07-01 11:24:31] [axEl] IN: pid=79582 role=AXButton → OUT: title= frame=(1316,449,495,10) (0ms)
[2026-07-01 11:24:31] [axEl] IN: pid=79582 role=AXButton → OUT: title=Shell 1 次命令 frame=(1316,525,495,19) (0ms)
[2026-07-01 11:24:31] [axEl] IN: pid=79582 role=AXButton → OUT: title= frame=(1342,553,469,10) (0ms)
[2026-07-01 11:24:31] [axEl] IN: pid=79582 role=AXButton → OUT: title=深度思考 frame=(1316,567,495,10) (0ms)
[2026-07-01 11:24:31] [axEl] IN: pid=79582 role=AXButton → OUT: title= frame=(1316,567,495,10) (0ms)
[2026-07-01 11:24:31] [axEl] IN: pid=79582 role=AXButton → OUT: title=Shell 1 次命令 frame=(1316,643,495,19) (0ms)
[2026-07-01 11:24:31] [axEl] IN: pid=79582 role=AXButton → OUT: title= frame=(1342,671,469,10) (0ms)
[2026-07-01 11:24:31] [axEl] IN: pid=79582 role=AXButton → OUT: title=深度思考 frame=(1316,685,495,10) (0ms)
[2026-07-01 11:24:31] [axEl] IN: pid=79582 role=AXButton → OUT: title= frame=(1316,685,495,10) (0ms)
[2026-07-01 11:24:31] [axEl] IN: pid=79582 role=AXButton → OUT: title=Shell 1 次命令 frame=(1316,761,495,19) (0ms)
[2026-07-01 11:24:31] [axEl] IN: pid=79582 role=AXButton → OUT: title= frame=(1342,789,469,10) (0ms)
[2026-07-01 11:24:31] [axEl] IN: pid=79582 role=AXButton → OUT: title=深度思考 frame=(1316,803,495,10) (0ms)
[2026-07-01 11:24:31] [axEl] IN: pid=79582 role=AXButton → OUT: title= frame=(1316,803,495,10) (0ms)
[2026-07-01 11:24:31] [axEl] IN: pid=79582 role=AXButton → OUT: title=Shell 1 次命令 frame=(1316,879,495,19) (0ms)
[2026-07-01 11:24:31] [axEl] IN: pid=79582 role=AXButton → OUT: title= frame=(1342,907,469,10) (0ms)
[2026-07-01 11:24:31] [axEl] IN: pid=79582 role=AXButton → OUT: title=深度思考 frame=(1316,921,495,10) (0ms)
[2026-07-01 11:24:31] [axEl] IN: pid=79582 role=AXButton → OUT: title= frame=(1316,921,495,10) (0ms)
[2026-07-01 11:24:31] [axEl] IN: pid=79582 role=AXButton → OUT: title=已探索 1 次读取 frame=(1316,997,495,19) (0ms)
[2026-07-01 11:24:31] [axEl] IN: pid=79582 role=AXButton → OUT: title= frame=(1342,1026,469,10) (0ms)
[2026-07-01 11:24:31] [axEl] IN: pid=79582 role=AXButton → OUT: title=深度思考 frame=(1316,1040,495,10) (0ms)
[2026-07-01 11:24:31] [axEl] IN: pid=79582 role=AXButton → OUT: title= frame=(1316,1040,495,10) (0ms)
[2026-07-01 11:24:31] [axEl] IN: pid=79582 role=AXStaticText → OUT: title= frame=(1316,333,494,69) (0ms)
[2026-07-01 11:24:31] [axEl] IN: pid=79582 role=AXButton → OUT: title=5 条 Memory v5 编译引用 frame=(1316,424,167,25) (0ms)
[2026-07-01 11:24:31] [axEl] IN: pid=79582 role=AXButton → OUT: title=复制 frame=(1312,454,28,25) (0ms)
[2026-07-01 11:24:31] [axEl] IN: pid=79582 role=AXButton → OUT: title= frame=(1342,454,28,25) (0ms)
[2026-07-01 11:24:31] [axEl] IN: pid=79582 role=AXPopUpButton → OUT: title= frame=(1372,454,28,25) (0ms)
[2026-07-01 11:24:31] [axEl] IN: pid=79582 role=AXPopUpButton → OUT: title= frame=(1402,454,28,25) (0ms)
[2026-07-01 11:24:31] [axEl] IN: pid=79582 role=AXStaticText → OUT: title= frame=(1419,502,364,37) (0ms)
[2026-07-01 11:24:31] [axEl] IN: pid=79582 role=AXStaticText → OUT: title= frame=(1718,551,29,17) (0ms)
[2026-07-01 11:24:31] [axEl] IN: pid=79582 role=AXButton → OUT: title=复制 frame=(1755,548,22,23) (0ms)
[2026-07-01 11:24:31] [axEl] IN: pid=79582 role=AXButton → OUT: title=编辑 frame=(1785,548,22,23) (0ms)
[2026-07-01 11:24:31] [axEl] IN: pid=79582 role=AXButton → OUT: title=工具调用已处理 4s frame=(1316,590,69,19) (0ms)
[2026-07-01 11:24:31] [axEl] IN: pid=79582 role=AXButton → OUT: title=深度思考 frame=(1316,627,69,19) (0ms)
[2026-07-01 11:24:31] [axEl] IN: pid=79582 role=AXStaticText → OUT: title= frame=(1316,657,349,20) (0ms)
[2026-07-01 11:24:31] [axEl] IN: pid=79582 role=AXButton → OUT: title= frame=(1316,699,167,25) (0ms)
[2026-07-01 11:24:31] [axEl] IN: pid=79582 role=AXButton → OUT: title=已修改 1 次编辑 frame=(1316,701,495,19) (0ms)
[2026-07-01 11:24:31] [axEl] IN: pid=79582 role=AXButton → OUT: title= frame=(1342,729,92,29) (0ms)
[2026-07-01 11:24:31] [axEl] IN: pid=79582 role=AXStaticText → OUT: title= frame=(1370,765,16,15) (0ms)
[2026-07-01 11:24:31] [axEl] IN: pid=79582 role=AXStaticText → OUT: title= frame=(1407,765,16,15) (0ms)
[2026-07-01 11:24:31] [axEl] IN: pid=79582 role=AXStaticText → OUT: title= frame=(1453,765,318,15) (0ms)
[2026-07-01 11:24:31] [axEl] IN: pid=79582 role=AXStaticText → OUT: title= frame=(1370,784,16,16) (0ms)
[2026-07-01 11:24:31] [axEl] IN: pid=79582 role=AXStaticText → OUT: title= frame=(1407,784,16,16) (0ms)
[2026-07-01 11:24:31] [axEl] IN: pid=79582 role=AXStaticText → OUT: title= frame=(1453,784,217,16) (0ms)
[2026-07-01 11:24:31] [axEl] IN: pid=79582 role=AXStaticText → OUT: title= frame=(1370,803,16,16) (0ms)
[2026-07-01 11:24:31] [axEl] IN: pid=79582 role=AXStaticText → OUT: title= frame=(1407,803,16,16) (0ms)
[2026-07-01 11:24:31] [axEl] IN: pid=79582 role=AXStaticText → OUT: title= frame=(1453,803,364,16) (0ms)
[2026-07-01 11:24:31] [axEl] IN: pid=79582 role=AXStaticText → OUT: title= frame=(1407,823,16,15) (0ms)
[2026-07-01 11:24:31] [axEl] IN: pid=79582 role=AXStaticText → OUT: title= frame=(1428,823,9,15) (0ms)
[2026-07-01 11:24:31] [axEl] IN: pid=79582 role=AXStaticText → OUT: title= frame=(1453,823,225,15) (0ms)
[2026-07-01 11:24:31] [axEl] IN: pid=79582 role=AXStaticText → OUT: title= frame=(1370,842,16,16) (0ms)
[2026-07-01 11:24:31] [axEl] IN: pid=79582 role=AXStaticText → OUT: title= frame=(1407,842,16,16) (0ms)
[2026-07-01 11:24:31] [axEl] IN: pid=79582 role=AXStaticText → OUT: title= frame=(1453,842,395,16) (0ms)
[2026-07-01 11:24:31] [axEl] IN: pid=79582 role=AXStaticText → OUT: title= frame=(1370,862,16,15) (0ms)
[2026-07-01 11:24:31] [axEl] IN: pid=79582 role=AXStaticText → OUT: title= frame=(1428,862,9,15) (0ms)
[2026-07-01 11:24:31] [axEl] IN: pid=79582 role=AXStaticText → OUT: title= frame=(1453,862,519,15) (0ms)
[2026-07-01 11:24:31] [axEl] IN: pid=79582 role=AXStaticText → OUT: title= frame=(1370,881,16,16) (0ms)
[2026-07-01 11:24:31] [axEl] IN: pid=79582 role=AXStaticText → OUT: title= frame=(1428,881,9,16) (0ms)
[2026-07-01 11:24:31] [axEl] IN: pid=79582 role=AXStaticText → OUT: title= frame=(1453,881,326,16) (0ms)
[2026-07-01 11:24:31] [axEl] IN: pid=79582 role=AXStaticText → OUT: title= frame=(1370,900,16,16) (0ms)
[2026-07-01 11:24:31] [axEl] IN: pid=79582 role=AXStaticText → OUT: title= frame=(1428,900,9,16) (0ms)
[2026-07-01 11:24:31] [axEl] IN: pid=79582 role=AXStaticText → OUT: title= frame=(1453,900,380,16) (0ms)
[2026-07-01 11:24:31] [axEl] IN: pid=79582 role=AXStaticText → OUT: title= frame=(1370,920,16,15) (0ms)
[2026-07-01 11:24:31] [axEl] IN: pid=79582 role=AXStaticText → OUT: title= frame=(1428,920,9,15) (0ms)
[2026-07-01 11:24:31] [axEl] IN: pid=79582 role=AXStaticText → OUT: title= frame=(1453,920,132,15) (0ms)
[2026-07-01 11:24:31] [axEl] IN: pid=79582 role=AXStaticText → OUT: title= frame=(1407,939,16,16) (0ms)
[2026-07-01 11:24:31] [axEl] IN: pid=79582 role=AXStaticText → OUT: title= frame=(1428,939,9,16) (0ms)
[2026-07-01 11:24:31] [axEl] IN: pid=79582 role=AXStaticText → OUT: title= frame=(1453,939,380,16) (0ms)
[2026-07-01 11:24:31] [axEl] IN: pid=79582 role=AXStaticText → OUT: title= frame=(1407,958,16,16) (0ms)
[2026-07-01 11:24:31] [axEl] IN: pid=79582 role=AXStaticText → OUT: title= frame=(1428,958,9,16) (0ms)
[2026-07-01 11:24:31] [axEl] IN: pid=79582 role=AXStaticText → OUT: title= frame=(1453,958,372,16) (0ms)
[2026-07-01 11:24:31] [axEl] IN: pid=79582 role=AXStaticText → OUT: title= frame=(1370,978,16,15) (0ms)
[2026-07-01 11:24:31] [axEl] IN: pid=79582 role=AXStaticText → OUT: title= frame=(1407,978,16,15) (0ms)
[2026-07-01 11:24:31] [axEl] IN: pid=79582 role=AXStaticText → OUT: title= frame=(1453,978,102,15) (0ms)
[2026-07-01 11:24:31] [axEl] IN: pid=79582 role=AXStaticText → OUT: title= frame=(1370,997,16,16) (0ms)
[2026-07-01 11:24:31] [axEl] IN: pid=79582 role=AXStaticText → OUT: title= frame=(1407,997,16,16) (0ms)
[2026-07-01 11:24:31] [axEl] IN: pid=79582 role=AXStaticText → OUT: title= frame=(1453,997,71,16) (0ms)
[2026-07-01 11:24:31] [axEl] IN: pid=79582 role=AXStaticText → OUT: title= frame=(1370,1017,16,15) (0ms)
[2026-07-01 11:24:31] [axEl] IN: pid=79582 role=AXStaticText → OUT: title= frame=(1407,1017,16,15) (0ms)
[2026-07-01 11:24:31] [axEl] IN: pid=79582 role=AXStaticText → OUT: title= frame=(1453,1017,457,15) (0ms)
[2026-07-01 11:24:31] [axEl] IN: pid=79582 role=AXButton → OUT: title=深度思考 frame=(1316,743,495,10) (0ms)
[2026-07-01 11:24:31] [axEl] IN: pid=79582 role=AXButton → OUT: title= frame=(1316,743,495,10) (0ms)
[2026-07-01 11:24:31] [axEl] IN: pid=79582 role=AXButton → OUT: title=Shell 1 次命令 frame=(1316,819,495,19) (0ms)
[2026-07-01 11:24:31] [axEl] IN: pid=79582 role=AXButton → OUT: title= frame=(1342,848,469,10) (0ms)
[2026-07-01 11:24:31] [axEl] IN: pid=79582 role=AXStaticText → OUT: title= frame=(1316,628,469,69) (0ms)
[2026-07-01 11:24:31] [axEl] IN: pid=79582 role=AXButton → OUT: title=5 条 Memory v5 编译引用 frame=(1316,718,167,25) (0ms)
[2026-07-01 11:24:31] [axEl] IN: pid=79582 role=AXButton → OUT: title=跳转到问题 16 frame=(1805,7,32,15) (0ms)
[2026-07-01 11:24:31] [axEl] IN: pid=79582 role=AXButton → OUT: title=跳转到问题 17 frame=(1805,27,32,15) (0ms)
[2026-07-01 11:24:31] [axEl] IN: pid=79582 role=AXButton → OUT: title=跳转到问题 18 frame=(1805,47,32,15) (0ms)
[2026-07-01 11:24:31] [axEl] IN: pid=79582 role=AXButton → OUT: title=跳转到问题 19 frame=(1805,67,32,15) (0ms)
[2026-07-01 11:24:31] [axEl] IN: pid=79582 role=AXButton → OUT: title=跳转到问题 20 frame=(1805,87,32,15) (0ms)
[2026-07-01 11:24:31] [axEl] IN: pid=79582 role=AXButton → OUT: title=跳转到问题 21 frame=(1805,107,32,15) (0ms)
[2026-07-01 11:24:31] [axEl] IN: pid=79582 role=AXButton → OUT: title=跳转到问题 22 frame=(1805,127,32,15) (0ms)
[2026-07-01 11:24:31] [axEl] IN: pid=79582 role=AXButton → OUT: title=跳转到问题 23 frame=(1805,147,32,15) (0ms)
[2026-07-01 11:24:31] [axEl] IN: pid=79582 role=AXButton → OUT: title=跳转到问题 24 frame=(1805,167,32,15) (0ms)
[2026-07-01 11:24:31] [axEl] IN: pid=79582 role=AXButton → OUT: title=跳转到问题 25 frame=(1805,187,32,15) (0ms)
[2026-07-01 11:24:31] [axEl] IN: pid=79582 role=AXButton → OUT: title=跳转到问题 26 frame=(1805,207,32,15) (0ms)
[2026-07-01 11:24:31] [axEl] IN: pid=79582 role=AXButton → OUT: title=跳转到问题 27 frame=(1805,227,32,15) (0ms)
[2026-07-01 11:24:31] [face_detect] IN: face_detect → OUT: detected=true landmarks=76 roll=-0.088970885 pitch=-0.45866024 yaw=0.19634955 (4824ms)
[2026-07-01 11:24:31] [axEl] IN: pid=79582 role=AXButton → OUT: title=跳转到问题 28 frame=(1805,247,32,15) (0ms)
[2026-07-01 11:24:31] [axEl] IN: pid=79582 role=AXButton → OUT: title=跳转到问题 29 frame=(1805,267,32,15) (0ms)
[2026-07-01 11:24:31] [axEl] IN: pid=79582 role=AXButton → OUT: title=跳转到问题 30 frame=(1805,287,32,15) (0ms)
[2026-07-01 11:24:31] [axEl] IN: pid=79582 role=AXButton → OUT: title=跳转到问题 31 frame=(1805,307,32,15) (0ms)
[2026-07-01 11:24:31] [axEl] IN: pid=79582 role=AXButton → OUT: title=跳转到问题 32 frame=(1805,327,32,15) (0ms)
[2026-07-01 11:24:31] [axEl] IN: pid=79582 role=AXButton → OUT: title=跳转到问题 33 frame=(1805,347,32,15) (0ms)
[2026-07-01 11:24:31] [axEl] IN: pid=79582 role=AXButton → OUT: title=跳转到问题 34 frame=(1805,367,32,15) (0ms)
[2026-07-01 11:24:31] [axEl] IN: pid=79582 role=AXButton → OUT: title=跳转到问题 35 frame=(1805,387,32,15) (0ms)
[2026-07-01 11:24:31] [axEl] IN: pid=79582 role=AXButton → OUT: title=跳转到问题 36 frame=(1805,407,32,15) (0ms)
[2026-07-01 11:24:31] [axEl] IN: pid=79582 role=AXButton → OUT: title=跳转到问题 37 frame=(1805,427,32,15) (0ms)
[2026-07-01 11:24:31] [axEl] IN: pid=79582 role=AXButton → OUT: title=跳转到问题 38 frame=(1805,447,32,15) (0ms)
[2026-07-01 11:24:31] [axEl] IN: pid=79582 role=AXButton → OUT: title=跳转到问题 39 frame=(1805,467,32,15) (0ms)
[2026-07-01 11:24:31] [axEl] IN: pid=79582 role=AXButton → OUT: title=跳转到问题 40 frame=(1805,487,32,15) (0ms)
[2026-07-01 11:24:31] [axEl] IN: pid=79582 role=AXButton → OUT: title=跳转到问题 41 frame=(1805,507,32,15) (0ms)
[2026-07-01 11:24:31] [axEl] IN: pid=79582 role=AXButton → OUT: title=跳转到问题 42 frame=(1805,527,32,15) (0ms)
[2026-07-01 11:24:31] [axEl] IN: pid=79582 role=AXButton → OUT: title=跳转到问题 43 frame=(1805,547,32,15) (0ms)
[2026-07-01 11:24:31] [axEl] IN: pid=79582 role=AXButton → OUT: title=跳转到问题 44 frame=(1805,567,32,15) (0ms)
[2026-07-01 11:24:31] [axEl] IN: pid=79582 role=AXStaticText → OUT: title= frame=(1330,796,27,19) (0ms)
[2026-07-01 11:24:31] [mouth_detect] IN: mouth_detect ratio=0.4938419 → OUT: status=CLOSED confirmed=CLOSED
[2026-07-01 11:24:31] [axEl] IN: pid=79582 role=AXStaticText → OUT: title= frame=(1371,800,8,17) (0ms)
[2026-07-01 11:24:31] [axEl] IN: pid=79582 role=AXStaticText → OUT: title= frame=(1378,800,7,17) (0ms)
[2026-07-01 11:24:31] [axEl] IN: pid=79582 role=AXStaticText → OUT: title= frame=(1384,800,8,17) (0ms)
[2026-07-01 11:24:31] [axEl] IN: pid=79582 role=AXStaticText → OUT: title= frame=(1330,822,87,18) (0ms)
[2026-07-01 11:24:31] [axEl] IN: pid=79582 role=AXButton → OUT: title=展开 frame=(1709,797,41,25) (0ms)
[2026-07-01 11:24:31] [axEl] IN: pid=79582 role=AXButton → OUT: title=关闭 frame=(1755,797,42,25) (0ms)
[2026-07-01 11:24:31] [gaze_estimate] IN: yaw=0.19634955 pitch=-0.45866024 → OUT: yawOffset=0.22552839 pitchOffset=-0.26514775 hasFace=true
[2026-07-01 11:24:31] [axEl] IN: pid=79582 role=AXTextArea → OUT: title=给 Reasonix 发消息… ( / 命令 · @ 文件 · ! 终端 ) frame=(1337,874,409,38) (0ms)
[2026-07-01 11:24:31] [axEl] IN: pid=79582 role=AXStaticText → OUT: title= frame=(1339,877,344,21) (0ms)
[2026-07-01 11:24:31] [axEl] IN: pid=79582 role=AXButton → OUT: title= frame=(1753,874,35,34) (0ms)
[2026-07-01 11:24:31] [axEl] IN: pid=79582 role=AXPopUpButton → OUT: title=协作方式 frame=(1332,929,29,28) (0ms)
[2026-07-01 11:24:31] [axEl] IN: pid=79582 role=AXCheckBox → OUT: title= frame=(1374,932,25,24) (0ms)
[2026-07-01 11:24:31] [axEl] IN: pid=79582 role=AXCheckBox → OUT: title= frame=(1402,932,25,24) (0ms)
[2026-07-01 11:24:31] [axEl] IN: pid=79582 role=AXCheckBox → OUT: title= frame=(1430,932,25,24) (0ms)
[2026-07-01 11:24:31] [axEl] IN: pid=79582 role=AXButton → OUT: title=deepseek-v4-pro · DeepSeek 官方 frame=(1571,929,141,28) (0ms)
[2026-07-01 11:24:31] [axEl] IN: pid=79582 role=AXPopUpButton → OUT: title=更多控制 frame=(1724,927,66,32) (0ms)
[2026-07-01 11:24:31] [axEl] IN: pid=79582 role=AXButton → OUT: title= frame=(1027,93,12,14) (0ms)
[2026-07-01 11:24:31] [axEl] IN: pid=79582 role=AXButton → OUT: title= frame=(1067,93,12,14) (0ms)
[2026-07-01 11:24:31] [axEl] IN: pid=79582 role=AXButton → OUT: title= frame=(1047,93,12,14) (0ms)
[2026-07-01 11:24:31] [axEl] IN: pid=79582 role=AXMenuBarItem → OUT: title=Apple frame=(10,0,34,30) (0ms)
[2026-07-01 11:24:31] [axEl] IN: pid=79582 role=AXMenuBarItem → OUT: title=Reasonix frame=(43,0,79,30) (0ms)
[2026-07-01 11:24:31] [axEl] IN: pid=79582 role=AXMenuBarItem → OUT: title=File frame=(121,0,43,30) (0ms)
[2026-07-01 11:24:31] [axEl] IN: pid=79582 role=AXMenuBarItem → OUT: title=Edit frame=(163,0,44,30) (0ms)
[2026-07-01 11:24:31] [axEl] IN: pid=79582 role=AXMenuBarItem → OUT: title=Window frame=(206,0,69,30) (0ms)
[2026-07-01 11:24:31] [axEl] IN: pid=2480 role=AXMenuBarItem → OUT: title=Apple frame=(10,0,34,30) (0ms)
[2026-07-01 11:24:31] [axEl] IN: pid=2480 role=AXMenuBarItem → OUT: title=访达 frame=(43,0,47,30) (0ms)
[2026-07-01 11:24:31] [axEl] IN: pid=2480 role=AXMenuBarItem → OUT: title=文件 frame=(89,0,47,30) (0ms)
[2026-07-01 11:24:31] [axEl] IN: pid=2480 role=AXMenuBarItem → OUT: title=编辑 frame=(135,0,46,30) (0ms)
[2026-07-01 11:24:31] [axEl] IN: pid=2480 role=AXMenuBarItem → OUT: title=显示 frame=(180,0,47,30) (0ms)
[2026-07-01 11:24:31] [axEl] IN: pid=2480 role=AXMenuBarItem → OUT: title=前往 frame=(226,0,47,30) (0ms)
[2026-07-01 11:24:31] [axEl] IN: pid=2480 role=AXMenuBarItem → OUT: title=窗口 frame=(272,0,47,30) (0ms)
[2026-07-01 11:24:31] [axEl] IN: pid=2480 role=AXMenuBarItem → OUT: title=帮助 frame=(318,0,47,30) (0ms)
[2026-07-01 11:24:31] [axEl] IN: pid=2480 role=AXImage → OUT: title=vibe项目 frame=(77,469,64,64) (0ms)
[2026-07-01 11:24:31] [axEl] IN: pid=2478 role=AXDockItem → OUT: title=访达 frame=(295,1017,46,58) (0ms)
[2026-07-01 11:24:31] [axEl] IN: pid=2478 role=AXDockItem → OUT: title=App frame=(341,1017,46,58) (0ms)
[2026-07-01 11:24:31] [axEl] IN: pid=2478 role=AXDockItem → OUT: title=地图 frame=(387,1017,46,58) (0ms)
[2026-07-01 11:24:31] [axEl] IN: pid=2478 role=AXDockItem → OUT: title=App Store frame=(433,1017,46,58) (0ms)
[2026-07-01 11:24:31] [axEl] IN: pid=2478 role=AXDockItem → OUT: title=iPhone镜像 frame=(479,1017,46,58) (0ms)
[2026-07-01 11:24:31] [axEl] IN: pid=2478 role=AXDockItem → OUT: title=tntcloud_Lite frame=(525,1017,46,58) (0ms)
[2026-07-01 11:24:31] [axEl] IN: pid=2478 role=AXDockItem → OUT: title=豆包 frame=(571,1017,46,58) (0ms)
[2026-07-01 11:24:31] [axEl] IN: pid=2478 role=AXDockItem → OUT: title=微信 frame=(617,1017,46,58) (0ms)
[2026-07-01 11:24:31] [axEl] IN: pid=2478 role=AXDockItem → OUT: title=ima.copilot frame=(663,1017,46,58) (0ms)
[2026-07-01 11:24:31] [axEl] IN: pid=2478 role=AXDockItem → OUT: title=Google Chrome frame=(709,1017,46,58) (0ms)
[2026-07-01 11:24:31] [axEl] IN: pid=2478 role=AXDockItem → OUT: title=Claude frame=(755,1017,46,58) (0ms)
[2026-07-01 11:24:31] [axEl] IN: pid=2478 role=AXDockItem → OUT: title=飞书 frame=(801,1017,46,58) (0ms)
[2026-07-01 11:24:31] [axEl] IN: pid=2478 role=AXDockItem → OUT: title=终端 frame=(847,1017,46,58) (0ms)
[2026-07-01 11:24:31] [axEl] IN: pid=2478 role=AXDockItem → OUT: title=Visual Studio Code frame=(893,1017,46,58) (0ms)
[2026-07-01 11:24:31] [axEl] IN: pid=2478 role=AXDockItem → OUT: title=Codex frame=(939,1017,46,58) (0ms)
[2026-07-01 11:24:31] [axEl] IN: pid=2478 role=AXDockItem → OUT: title=Reasonix frame=(985,1017,46,58) (0ms)
[2026-07-01 11:24:31] [axEl] IN: pid=2478 role=AXDockItem → OUT: title= frame=(1031,1017,20,58) (0ms)
[2026-07-01 11:24:31] [axEl] IN: pid=2478 role=AXDockItem → OUT: title=屏幕共享 frame=(1052,1017,46,58) (0ms)
[2026-07-01 11:24:31] [axEl] IN: pid=2478 role=AXDockItem → OUT: title=飞鸟加速 frame=(1098,1017,46,58) (0ms)
[2026-07-01 11:24:31] [axEl] IN: pid=2478 role=AXDockItem → OUT: title=预览 frame=(1144,1017,46,58) (0ms)
[2026-07-01 11:24:31] [axEl] IN: pid=2478 role=AXDockItem → OUT: title=网易云音乐 frame=(1190,1017,46,58) (0ms)
[2026-07-01 11:24:31] [axEl] IN: pid=2478 role=AXDockItem → OUT: title=抖音 frame=(1236,1017,46,58) (0ms)
[2026-07-01 11:24:31] [axEl] IN: pid=2478 role=AXDockItem → OUT: title= frame=(1282,1017,20,58) (0ms)
[2026-07-01 11:24:31] [axEl] IN: pid=2478 role=AXDockItem → OUT: title=下载 frame=(1302,1017,46,58) (0ms)
[2026-07-01 11:24:31] [axEl] IN: pid=2478 role=AXDockItem → OUT: title=所有连接 frame=(1348,1017,46,58) (0ms)
[2026-07-01 11:24:31] [axEl] IN: pid=2478 role=AXDockItem → OUT: title=网易云音乐 frame=(1394,1017,46,58) (0ms)
[2026-07-01 11:24:31] [axEl] IN: pid=2478 role=AXDockItem → OUT: title=飞鸟加速 frame=(1440,1017,46,58) (0ms)
[2026-07-01 11:24:31] [axEl] IN: pid=2478 role=AXDockItem → OUT: title=MotionControl Toggle Buttons frame=(1486,1017,46,58) (0ms)
[2026-07-01 11:24:31] [axEl] IN: pid=2478 role=AXDockItem → OUT: title=douyin frame=(1532,1017,46,58) (0ms)
[2026-07-01 11:24:31] [axEl] IN: pid=2478 role=AXDockItem → OUT: title=废纸篓 frame=(1578,1017,46,58) (0ms)
[2026-07-01 11:24:31] [axEl] IN: pid=2479 role=AXMenuBarItem → OUT: title=Siri frame=(1752,3,16,24) (0ms)
[2026-07-01 11:24:31] [hand_detect] IN: hand_detect 1920x1080 → OUT: detected=false landmarks=nil confidence=0
[2026-07-01 11:24:31] [face_detect] IN: face_detect → OUT: detected=true landmarks=76 roll=-0.088970885 pitch=-0.45866024 yaw=0.19634955 (4420ms)
[2026-07-01 11:24:31] [mouth_detect] IN: mouth_detect ratio=0.50291735 → OUT: status=CLOSED confirmed=CLOSED
[2026-07-01 11:24:31] [gaze_estimate] IN: yaw=0.19634955 pitch=-0.45866024 → OUT: yawOffset=0.22666891 pitchOffset=-0.2601549 hasFace=true
[2026-07-01 11:24:31] [hand_detect] IN: hand_detect 1920x1080 → OUT: detected=false landmarks=nil confidence=0
[2026-07-01 11:24:31] [face_detect] IN: face_detect → OUT: detected=true landmarks=76 roll=-0.088970885 pitch=-0.45866024 yaw=0.19634955 (5480ms)
[2026-07-01 11:24:31] [mouth_detect] IN: mouth_detect ratio=0.5061276 → OUT: status=CLOSED confirmed=CLOSED
[2026-07-01 11:24:31] [gaze_estimate] IN: yaw=0.19634955 pitch=-0.45866024 → OUT: yawOffset=0.22746727 pitchOffset=-0.2566599 hasFace=true
[2026-07-01 11:24:31] [hand_detect] IN: hand_detect 1920x1080 → OUT: detected=false landmarks=nil confidence=0
[2026-07-01 11:24:31] [face_detect] IN: face_detect → OUT: detected=true landmarks=76 roll=-0.088970885 pitch=-0.45866024 yaw=0.19634955 (5893ms)
[2026-07-01 11:24:31] [mouth_detect] IN: mouth_detect ratio=0.49918988 → OUT: status=CLOSED confirmed=CLOSED
[2026-07-01 11:24:31] [gaze_estimate] IN: yaw=0.19634955 pitch=-0.45866024 → OUT: yawOffset=0.22802612 pitchOffset=-0.2542134 hasFace=true
[2026-07-01 11:24:31] [hand_detect] IN: hand_detect 1920x1080 → OUT: detected=false landmarks=nil confidence=0
[2026-07-01 11:24:31] [face_detect] IN: face_detect → OUT: detected=true landmarks=76 roll=-0.088970885 pitch=-0.45866024 yaw=0.19634955 (6756ms)
[2026-07-01 11:24:31] [mouth_detect] IN: mouth_detect ratio=0.4829938 → OUT: status=CLOSED confirmed=CLOSED
[2026-07-01 11:24:31] [gaze_estimate] IN: yaw=0.19634955 pitch=-0.45866024 → OUT: yawOffset=0.22841732 pitchOffset=-0.25250083 hasFace=true
[2026-07-01 11:24:31] [hand_detect] IN: hand_detect 1920x1080 → OUT: detected=false landmarks=nil confidence=0
[2026-07-01 11:24:31] [face_detect] IN: face_detect → OUT: detected=true landmarks=76 roll=-0.088970885 pitch=-0.45866024 yaw=0.19634955 (9123ms)
[2026-07-01 11:24:31] [mouth_detect] IN: mouth_detect ratio=0.49664265 → OUT: status=CLOSED confirmed=CLOSED
[2026-07-01 11:24:31] [gaze_estimate] IN: yaw=0.19634955 pitch=-0.45866024 → OUT: yawOffset=0.22869116 pitchOffset=-0.25130206 hasFace=true
[2026-07-01 11:24:32] [hand_detect] IN: hand_detect 1920x1080 → OUT: detected=false landmarks=nil confidence=0
[2026-07-01 11:24:32] [face_detect] IN: face_detect → OUT: detected=true landmarks=76 roll=-0.088970885 pitch=-0.45866024 yaw=0.19634955 (8952ms)
[2026-07-01 11:24:32] [mouth_detect] IN: mouth_detect ratio=0.48370093 → OUT: status=CLOSED confirmed=CLOSED
[2026-07-01 11:24:32] [gaze_estimate] IN: yaw=0.19634955 pitch=-0.45866024 → OUT: yawOffset=0.22888285 pitchOffset=-0.25046292 hasFace=true
[2026-07-01 11:24:32] [hand_detect] IN: hand_detect 1920x1080 → OUT: detected=false landmarks=nil confidence=0
[2026-07-01 11:24:32] [face_detect] IN: face_detect → OUT: detected=true landmarks=76 roll=-0.088970885 pitch=-0.45866024 yaw=0.19634955 (12653ms)
[2026-07-01 11:24:32] [mouth_detect] IN: mouth_detect ratio=0.4919371 → OUT: status=CLOSED confirmed=CLOSED
[2026-07-01 11:24:32] [gaze_estimate] IN: yaw=0.19634955 pitch=-0.45866024 → OUT: yawOffset=0.22901703 pitchOffset=-0.24987552 hasFace=true
[2026-07-01 11:24:32] [hand_detect] IN: hand_detect 1920x1080 → OUT: detected=false landmarks=nil confidence=0
[2026-07-01 11:24:32] [face_detect] IN: face_detect → OUT: detected=true landmarks=76 roll=-0.088970885 pitch=-0.45866024 yaw=0.19634955 (10893ms)
[2026-07-01 11:24:32] [mouth_detect] IN: mouth_detect ratio=0.48389745 → OUT: status=CLOSED confirmed=CLOSED
[2026-07-01 11:24:32] [gaze_estimate] IN: yaw=0.19634955 pitch=-0.45866024 → OUT: yawOffset=0.22911096 pitchOffset=-0.24946433 hasFace=true
[2026-07-01 11:24:32] [hand_detect] IN: hand_detect 1920x1080 → OUT: detected=false landmarks=nil confidence=0
[2026-07-01 11:24:32] [face_detect] IN: face_detect → OUT: detected=true landmarks=76 roll=-0.088970885 pitch=-0.45866024 yaw=0.19634955 (9197ms)
[2026-07-01 11:24:32] [mouth_detect] IN: mouth_detect ratio=0.4873312 → OUT: status=CLOSED confirmed=CLOSED
[2026-07-01 11:24:32] [gaze_estimate] IN: yaw=0.19634955 pitch=-0.45866024 → OUT: yawOffset=0.2291767 pitchOffset=-0.2491765 hasFace=true
[2026-07-01 11:24:32] [hand_detect] IN: hand_detect 1920x1080 → OUT: detected=false landmarks=nil confidence=0
[2026-07-01 11:24:32] [face_detect] IN: face_detect → OUT: detected=true landmarks=76 roll=-0.088970885 pitch=-0.45866024 yaw=0.19634955 (5916ms)
[2026-07-01 11:24:32] [mouth_detect] IN: mouth_detect ratio=0.48649007 → OUT: status=CLOSED confirmed=CLOSED
[2026-07-01 11:24:32] [gaze_estimate] IN: yaw=0.19634955 pitch=-0.45866024 → OUT: yawOffset=0.22922273 pitchOffset=-0.24897502 hasFace=true
[2026-07-01 11:24:32] [hand_detect] IN: hand_detect 1920x1080 → OUT: detected=false landmarks=nil confidence=0
[2026-07-01 11:24:32] [face_detect] IN: face_detect → OUT: detected=true landmarks=76 roll=-0.088970885 pitch=-0.45866024 yaw=0.19634955 (4477ms)
[2026-07-01 11:24:32] [mouth_detect] IN: mouth_detect ratio=0.49056107 → OUT: status=CLOSED confirmed=CLOSED
[2026-07-01 11:24:32] [gaze_estimate] IN: yaw=0.19634955 pitch=-0.45866024 → OUT: yawOffset=0.22925495 pitchOffset=-0.24883398 hasFace=true
[2026-07-01 11:24:32] [hand_detect] IN: hand_detect 1920x1080 → OUT: detected=false landmarks=nil confidence=0
[2026-07-01 11:24:32] [face_detect] IN: face_detect → OUT: detected=true landmarks=76 roll=-0.09050487 pitch=-0.45635933 yaw=0.17180584 (9917ms)
[2026-07-01 11:24:32] [mouth_detect] IN: mouth_detect ratio=0.4961479 → OUT: status=CLOSED confirmed=CLOSED
[2026-07-01 11:24:32] [gaze_estimate] IN: yaw=0.17180584 pitch=-0.45635933 → OUT: yawOffset=0.22191438 pitchOffset=-0.24804498 hasFace=true
[2026-07-01 11:24:32] [hand_detect] IN: hand_detect 1920x1080 → OUT: detected=false landmarks=nil confidence=0
[2026-07-01 11:24:32] [face_detect] IN: face_detect → OUT: detected=true landmarks=76 roll=-0.09050487 pitch=-0.45635933 yaw=0.17180584 (4619ms)
[2026-07-01 11:24:32] [mouth_detect] IN: mouth_detect ratio=0.47687083 → OUT: status=CLOSED confirmed=CLOSED
[2026-07-01 11:24:32] [gaze_estimate] IN: yaw=0.17180584 pitch=-0.45635933 → OUT: yawOffset=0.216776 pitchOffset=-0.24749269 hasFace=true
[2026-07-01 11:24:32] [hand_detect] IN: hand_detect 1920x1080 → OUT: detected=false landmarks=nil confidence=0
[2026-07-01 11:24:32] [face_detect] IN: face_detect → OUT: detected=true landmarks=76 roll=-0.09050487 pitch=-0.45635933 yaw=0.17180584 (4721ms)
[2026-07-01 11:24:32] [mouth_detect] IN: mouth_detect ratio=0.5116314 → OUT: status=CLOSED confirmed=CLOSED
[2026-07-01 11:24:32] [gaze_estimate] IN: yaw=0.17180584 pitch=-0.45635933 → OUT: yawOffset=0.21317913 pitchOffset=-0.24710608 hasFace=true
[2026-07-01 11:24:32] [hand_detect] IN: hand_detect 1920x1080 → OUT: detected=false landmarks=nil confidence=0
[2026-07-01 11:24:32] [face_detect] IN: face_detect → OUT: detected=true landmarks=76 roll=-0.09050487 pitch=-0.45635933 yaw=0.17180584 (5187ms)
[2026-07-01 11:24:32] [mouth_detect] IN: mouth_detect ratio=0.4719587 → OUT: status=CLOSED confirmed=CLOSED
[2026-07-01 11:24:32] [gaze_estimate] IN: yaw=0.17180584 pitch=-0.45635933 → OUT: yawOffset=0.2106613 pitchOffset=-0.24683546 hasFace=true
[2026-07-01 11:24:32] [hand_detect] IN: hand_detect 1920x1080 → OUT: detected=false landmarks=nil confidence=0
[2026-07-01 11:24:32] [face_detect] IN: face_detect → OUT: detected=true landmarks=76 roll=-0.09050487 pitch=-0.45635933 yaw=0.17180584 (4978ms)
[2026-07-01 11:24:32] [mouth_detect] IN: mouth_detect ratio=0.48847973 → OUT: status=CLOSED confirmed=CLOSED
[2026-07-01 11:24:32] [gaze_estimate] IN: yaw=0.17180584 pitch=-0.45635933 → OUT: yawOffset=0.20889884 pitchOffset=-0.24664602 hasFace=true
[2026-07-01 11:24:32] [hand_detect] IN: hand_detect 1920x1080 → OUT: detected=false landmarks=nil confidence=0
[2026-07-01 11:24:32] [face_detect] IN: face_detect → OUT: detected=true landmarks=76 roll=-0.09050487 pitch=-0.45635933 yaw=0.17180584 (4704ms)
[2026-07-01 11:24:32] [mouth_detect] IN: mouth_detect ratio=0.49052367 → OUT: status=CLOSED confirmed=CLOSED
[2026-07-01 11:24:32] [gaze_estimate] IN: yaw=0.17180584 pitch=-0.45635933 → OUT: yawOffset=0.20766512 pitchOffset=-0.24651341 hasFace=true
[2026-07-01 11:24:32] [hand_detect] IN: hand_detect 1920x1080 → OUT: detected=false landmarks=nil confidence=0
[2026-07-01 11:24:32] [face_detect] IN: face_detect → OUT: detected=true landmarks=76 roll=-0.09050487 pitch=-0.45635933 yaw=0.17180584 (4934ms)
[2026-07-01 11:24:32] [mouth_detect] IN: mouth_detect ratio=0.48599508 → OUT: status=CLOSED confirmed=CLOSED
[2026-07-01 11:24:32] [gaze_estimate] IN: yaw=0.17180584 pitch=-0.45635933 → OUT: yawOffset=0.2068015 pitchOffset=-0.24642058 hasFace=true
[2026-07-01 11:24:32] [hand_detect] IN: hand_detect 1920x1080 → OUT: detected=false landmarks=nil confidence=0
[2026-07-01 11:24:32] [face_detect] IN: face_detect → OUT: detected=true landmarks=76 roll=-0.09050487 pitch=-0.45635933 yaw=0.17180584 (4824ms)
[2026-07-01 11:24:32] [mouth_detect] IN: mouth_detect ratio=0.48582542 → OUT: status=CLOSED confirmed=CLOSED
[2026-07-01 11:24:32] [gaze_estimate] IN: yaw=0.17180584 pitch=-0.45635933 → OUT: yawOffset=0.20619698 pitchOffset=-0.2463556 hasFace=true
[2026-07-01 11:24:32] [hand_detect] IN: hand_detect 1920x1080 → OUT: detected=false landmarks=nil confidence=0
[2026-07-01 11:24:32] [face_detect] IN: face_detect → OUT: detected=true landmarks=76 roll=-0.09050487 pitch=-0.45635933 yaw=0.17180584 (4514ms)
[2026-07-01 11:24:32] [mouth_detect] IN: mouth_detect ratio=0.50233734 → OUT: status=CLOSED confirmed=CLOSED
[2026-07-01 11:24:32] [gaze_estimate] IN: yaw=0.17180584 pitch=-0.45635933 → OUT: yawOffset=0.20577382 pitchOffset=-0.24631011 hasFace=true
[2026-07-01 11:24:32] [hand_detect] IN: hand_detect 1920x1080 → OUT: detected=false landmarks=nil confidence=0
[2026-07-01 11:24:32] [face_detect] IN: face_detect → OUT: detected=true landmarks=76 roll=-0.09050487 pitch=-0.45635933 yaw=0.17180584 (5529ms)
[2026-07-01 11:24:32] [mouth_detect] IN: mouth_detect ratio=0.5018118 → OUT: status=CLOSED confirmed=CLOSED
[2026-07-01 11:24:32] [gaze_estimate] IN: yaw=0.17180584 pitch=-0.45635933 → OUT: yawOffset=0.2054776 pitchOffset=-0.24627827 hasFace=true
[2026-07-01 11:24:32] [hand_detect] IN: hand_detect 1920x1080 → OUT: detected=false landmarks=nil confidence=0
[2026-07-01 11:24:32] [face_detect] IN: face_detect → OUT: detected=true landmarks=76 roll=-0.09050487 pitch=-0.45635933 yaw=0.17180584 (4912ms)
[2026-07-01 11:24:32] [mouth_detect] IN: mouth_detect ratio=0.49088085 → OUT: status=CLOSED confirmed=CLOSED
[2026-07-01 11:24:32] [gaze_estimate] IN: yaw=0.17180584 pitch=-0.45635933 → OUT: yawOffset=0.20527025 pitchOffset=-0.24625598 hasFace=true
[2026-07-01 11:24:32] [hand_detect] IN: hand_detect 1920x1080 → OUT: detected=false landmarks=nil confidence=0
[2026-07-01 11:24:32] [face_detect] IN: face_detect → OUT: detected=true landmarks=76 roll=-0.09050487 pitch=-0.45635933 yaw=0.17180584 (4127ms)
[2026-07-01 11:24:32] [mouth_detect] IN: mouth_detect ratio=0.48621497 → OUT: status=CLOSED confirmed=CLOSED
[2026-07-01 11:24:32] [gaze_estimate] IN: yaw=0.17180584 pitch=-0.45635933 → OUT: yawOffset=0.2051251 pitchOffset=-0.24624038 hasFace=true
[2026-07-01 11:24:32] [hand_detect] IN: hand_detect 1920x1080 → OUT: detected=false landmarks=nil confidence=0
[2026-07-01 11:24:32] [face_detect] IN: face_detect → OUT: detected=true landmarks=76 roll=-0.09050487 pitch=-0.45635933 yaw=0.17180584 (4202ms)
[2026-07-01 11:24:32] [mouth_detect] IN: mouth_detect ratio=0.50178605 → OUT: status=CLOSED confirmed=CLOSED
[2026-07-01 11:24:32] [gaze_estimate] IN: yaw=0.17180584 pitch=-0.45635933 → OUT: yawOffset=0.2050235 pitchOffset=-0.24622945 hasFace=true
[2026-07-01 11:24:32] [hand_detect] IN: hand_detect 1920x1080 → OUT: detected=false landmarks=nil confidence=0
[2026-07-01 11:24:32] [face_detect] IN: face_detect → OUT: detected=true landmarks=76 roll=-0.09050487 pitch=-0.45635933 yaw=0.17180584 (5061ms)
[2026-07-01 11:24:32] [mouth_detect] IN: mouth_detect ratio=0.48727974 → OUT: status=CLOSED confirmed=CLOSED
[2026-07-01 11:24:32] [gaze_estimate] IN: yaw=0.17180584 pitch=-0.45635933 → OUT: yawOffset=0.20495237 pitchOffset=-0.24622181 hasFace=true
[2026-07-01 11:24:32] [axScan] IN: windows=5 → OUT: raw=433 visible=417 [pid79582=346 pid2479=1 pid61336=31 pid2480=9 pid2478=30] (686ms)
[2026-07-01 11:24:32] [axEl] IN: pid=61336 role=AXButton → OUT: title= frame=(901,117,20,20) (0ms)
[2026-07-01 11:24:32] [axEl] IN: pid=61336 role=AXScrollBar → OUT: title= frame=(901,135,19,338) (0ms)
[2026-07-01 11:24:32] [axEl] IN: pid=61336 role=AXButton → OUT: title= frame=(905,139,11,310) (0ms)
[2026-07-01 11:24:32] [axEl] IN: pid=61336 role=AXButton → OUT: title= frame=(410,95,16,16) (0ms)
[2026-07-01 11:24:32] [axEl] IN: pid=61336 role=AXButton → OUT: title= frame=(456,95,16,16) (0ms)
[2026-07-01 11:24:32] [axEl] IN: pid=61336 role=AXButton → OUT: title= frame=(433,95,16,16) (0ms)
[2026-07-01 11:24:32] [axEl] IN: pid=61336 role=AXImage → OUT: title=diqibadao frame=(483,93,18,18) (0ms)
[2026-07-01 11:24:32] [axEl] IN: pid=61336 role=AXStaticText → OUT: title= frame=(502,95,407,16) (0ms)
[2026-07-01 11:24:32] [axEl] IN: pid=61336 role=AXButton → OUT: title= frame=(918,674,20,20) (0ms)
[2026-07-01 11:24:32] [axEl] IN: pid=61336 role=AXScrollBar → OUT: title= frame=(918,692,19,338) (0ms)
[2026-07-01 11:24:32] [axEl] IN: pid=61336 role=AXButton → OUT: title= frame=(922,696,11,310) (0ms)
[2026-07-01 11:24:32] [axEl] IN: pid=61336 role=AXButton → OUT: title= frame=(427,652,16,16) (0ms)
[2026-07-01 11:24:32] [axEl] IN: pid=61336 role=AXButton → OUT: title= frame=(473,652,16,16) (0ms)
[2026-07-01 11:24:32] [axEl] IN: pid=61336 role=AXButton → OUT: title= frame=(450,652,16,16) (0ms)
[2026-07-01 11:24:32] [axEl] IN: pid=61336 role=AXImage → OUT: title=diqibadao frame=(500,650,18,18) (0ms)
[2026-07-01 11:24:32] [axEl] IN: pid=61336 role=AXStaticText → OUT: title= frame=(519,652,241,16) (0ms)
[2026-07-01 11:24:32] [axEl] IN: pid=61336 role=AXButton → OUT: title= frame=(872,88,20,20) (0ms)
[2026-07-01 11:24:32] [axEl] IN: pid=61336 role=AXScrollBar → OUT: title= frame=(872,106,19,338) (0ms)
[2026-07-01 11:24:32] [axEl] IN: pid=61336 role=AXButton → OUT: title= frame=(876,110,11,310) (0ms)
[2026-07-01 11:24:32] [axEl] IN: pid=61336 role=AXButton → OUT: title= frame=(381,66,16,16) (0ms)
[2026-07-01 11:24:32] [axEl] IN: pid=61336 role=AXButton → OUT: title= frame=(427,66,16,16) (0ms)
[2026-07-01 11:24:32] [axEl] IN: pid=61336 role=AXButton → OUT: title= frame=(404,66,16,16) (0ms)
[2026-07-01 11:24:32] [axEl] IN: pid=61336 role=AXImage → OUT: title=diqibadao frame=(454,64,18,18) (0ms)
[2026-07-01 11:24:32] [axEl] IN: pid=61336 role=AXStaticText → OUT: title= frame=(473,66,241,16) (0ms)
[2026-07-01 11:24:32] [axEl] IN: pid=61336 role=AXMenuBarItem → OUT: title=Apple frame=(10,0,34,30) (0ms)
[2026-07-01 11:24:32] [axEl] IN: pid=61336 role=AXMenuBarItem → OUT: title=终端 frame=(43,0,47,30) (0ms)
[2026-07-01 11:24:32] [axEl] IN: pid=61336 role=AXMenuBarItem → OUT: title=Shell frame=(89,0,50,30) (0ms)
[2026-07-01 11:24:32] [axEl] IN: pid=61336 role=AXMenuBarItem → OUT: title=编辑 frame=(138,0,47,30) (0ms)
[2026-07-01 11:24:32] [axEl] IN: pid=61336 role=AXMenuBarItem → OUT: title=显示 frame=(184,0,47,30) (0ms)
[2026-07-01 11:24:32] [axEl] IN: pid=61336 role=AXMenuBarItem → OUT: title=窗口 frame=(230,0,47,30) (0ms)
[2026-07-01 11:24:32] [axEl] IN: pid=61336 role=AXMenuBarItem → OUT: title=帮助 frame=(276,0,47,30) (0ms)
[2026-07-01 11:24:32] [axEl] IN: pid=79582 role=AXLink → OUT: title=跳到输入框 frame=(1390,36,83,35) (0ms)
[2026-07-01 11:24:32] [axEl] IN: pid=79582 role=AXStaticText → OUT: title= frame=(1402,45,59,17) (0ms)
[2026-07-01 11:24:32] [axEl] IN: pid=79582 role=AXImage → OUT: title= frame=(1019,123,118,28) (0ms)
[2026-07-01 11:24:32] [axEl] IN: pid=79582 role=AXButton → OUT: title=新建对话 frame=(1026,173,240,38) (0ms)
[2026-07-01 11:24:32] [axEl] IN: pid=79582 role=AXStaticText → OUT: title= frame=(1032,226,25,18) (0ms)
[2026-07-01 11:24:32] [axEl] IN: pid=79582 role=AXButton → OUT: title=技能 frame=(1026,255,240,30) (0ms)
[2026-07-01 11:24:32] [axEl] IN: pid=79582 role=AXButton → OUT: title=记忆 frame=(1026,289,240,30) (0ms)
[2026-07-01 11:24:32] [axEl] IN: pid=79582 role=AXButton → OUT: title=消息通道 frame=(1026,323,240,30) (0ms)
[2026-07-01 11:24:32] [axEl] IN: pid=79582 role=AXButton → OUT: title=自动化 frame=(1026,357,240,30) (0ms)
[2026-07-01 11:24:32] [axEl] IN: pid=79582 role=AXStaticText → OUT: title= frame=(1032,411,26,18) (0ms)
[2026-07-01 11:24:32] [axEl] IN: pid=79582 role=AXPopUpButton → OUT: title=按时间筛选 frame=(1174,408,24,22) (0ms)
[2026-07-01 11:24:32] [axEl] IN: pid=79582 role=AXCheckBox → OUT: title=收起所有项目 frame=(1204,408,22,22) (0ms)
[2026-07-01 11:24:32] [axEl] IN: pid=79582 role=AXButton → OUT: title=添加新项目 frame=(1235,408,22,22) (0ms)
[2026-07-01 11:24:32] [axEl] IN: pid=79582 role=AXButton → OUT: title=Global frame=(1028,446,204,32) (0ms)
[2026-07-01 11:24:32] [axEl] IN: pid=79582 role=AXButton → OUT: title=新建会话 frame=(1238,450,24,24) (0ms)
[2026-07-01 11:24:32] [axEl] IN: pid=79582 role=AXButton → OUT: title=已粘贴文本 #3 · 71 行] … frame=(1044,483,219,23) (0ms)
[2026-07-01 11:24:32] [axEl] IN: pid=79582 role=AXButton → OUT: title=调研技术方案 @.reasonix… frame=(1044,508,219,23) (0ms)
[2026-07-01 11:24:32] [axEl] IN: pid=79582 role=AXButton → OUT: title=光标控制和手势控制的启动关闭按钮呢 … frame=(1044,533,219,23) (0ms)
[2026-07-01 11:24:32] [axEl] IN: pid=79582 role=AXButton → OUT: title=光标控制和手势控制的启动关闭按钮呢 … frame=(1044,558,219,23) (0ms)
[2026-07-01 11:24:32] [axEl] IN: pid=79582 role=AXButton → OUT: title=新的会话 frame=(1044,583,219,28) (0ms)
[2026-07-01 11:24:32] [axEl] IN: pid=79582 role=AXButton → OUT: title=嗨 你好啊 frame=(1044,613,219,24) (0ms)
[2026-07-01 11:24:32] [axEl] IN: pid=79582 role=AXButton → OUT: title=global会话卡住了 看看啥情况 frame=(1044,638,219,24) (0ms)
[2026-07-01 11:24:32] [axEl] IN: pid=79582 role=AXButton → OUT: title=<memory-compiler-e… frame=(1044,663,219,24) (0ms)
[2026-07-01 11:24:32] [axEl] IN: pid=79582 role=AXButton → OUT: title=自然识别App调研，你看看我的桌面这… frame=(1044,688,219,24) (0ms)
[2026-07-01 11:24:32] [axEl] IN: pid=79582 role=AXButton → OUT: title=我使用的飞鸟加速外网好慢啊 检查下可… frame=(1044,713,219,24) (0ms)
[2026-07-01 11:24:32] [axEl] IN: pid=79582 role=AXButton → OUT: title=<active-goal> 我感觉c… frame=(1044,738,219,24) (0ms)
[2026-07-01 11:24:32] [axEl] IN: pid=79582 role=AXCheckBox → OUT: title=搜索项目或会话 frame=(1026,956,56,30) (0ms)
[2026-07-01 11:24:32] [axEl] IN: pid=79582 role=AXButton → OUT: title= frame=(1087,956,56,30) (0ms)
[2026-07-01 11:24:32] [axEl] IN: pid=79582 role=AXButton → OUT: title= frame=(1149,956,56,30) (0ms)
[2026-07-01 11:24:32] [axEl] IN: pid=79582 role=AXButton → OUT: title= frame=(1210,956,56,30) (0ms)
[2026-07-01 11:24:32] [axEl] IN: pid=79582 role=AXCheckBox → OUT: title=收起导航 frame=(1265,517,26,47) (0ms)
[2026-07-01 11:24:32] [axEl] IN: pid=79582 role=AXHeading → OUT: title=重命名会话 frame=(1296,103,176,19) (0ms)
[2026-07-01 11:24:32] [axEl] IN: pid=79582 role=AXButton → OUT: title=重命名会话 frame=(1296,103,176,19) (0ms)
[2026-07-01 11:24:32] [axEl] IN: pid=79582 role=AXButton → OUT: title=复制会话 frame=(1621,102,30,28) (0ms)
[2026-07-01 11:24:32] [axEl] IN: pid=79582 role=AXPopUpButton → OUT: title=导出会话 frame=(1657,102,30,28) (0ms)
[2026-07-01 11:24:32] [axEl] IN: pid=79582 role=AXCheckBox → OUT: title=改动 frame=(1693,102,30,28) (0ms)
[2026-07-01 11:24:32] [axEl] IN: pid=79582 role=AXButton → OUT: title=键盘快捷键 frame=(1729,102,30,28) (0ms)
[2026-07-01 11:24:32] [axEl] IN: pid=79582 role=AXButton → OUT: title=命令 frame=(1765,102,30,28) (0ms)
[2026-07-01 11:24:32] [axEl] IN: pid=79582 role=AXCheckBox → OUT: title=展开工作区 frame=(1801,102,30,28) (0ms)
[2026-07-01 11:24:32] [axEl] IN: pid=79582 role=AXStaticText → OUT: title= frame=(1362,1,24,16) (0ms)
[2026-07-01 11:24:32] [axEl] IN: pid=79582 role=AXStaticText → OUT: title= frame=(1428,1,9,16) (0ms)
[2026-07-01 11:24:32] [axEl] IN: pid=79582 role=AXStaticText → OUT: title= frame=(1453,1,264,16) (0ms)
[2026-07-01 11:24:32] [axEl] IN: pid=79582 role=AXStaticText → OUT: title= frame=(1362,21,24,15) (0ms)
[2026-07-01 11:24:32] [axEl] IN: pid=79582 role=AXStaticText → OUT: title= frame=(1399,21,24,15) (0ms)
[2026-07-01 11:24:32] [axEl] IN: pid=79582 role=AXStaticText → OUT: title= frame=(1453,21,102,15) (0ms)
[2026-07-01 11:24:32] [axEl] IN: pid=79582 role=AXStaticText → OUT: title= frame=(1362,40,24,16) (0ms)
[2026-07-01 11:24:32] [axEl] IN: pid=79582 role=AXStaticText → OUT: title= frame=(1399,40,24,16) (0ms)
[2026-07-01 11:24:32] [axEl] IN: pid=79582 role=AXStaticText → OUT: title= frame=(1453,40,233,16) (0ms)
[2026-07-01 11:24:32] [axEl] IN: pid=79582 role=AXStaticText → OUT: title= frame=(1362,59,24,16) (0ms)
[2026-07-01 11:24:32] [axEl] IN: pid=79582 role=AXStaticText → OUT: title= frame=(1399,59,24,16) (0ms)
[2026-07-01 11:24:32] [axEl] IN: pid=79582 role=AXButton → OUT: title= frame=(1342,7,234,28) (0ms)
[2026-07-01 11:24:32] [axEl] IN: pid=79582 role=AXButton → OUT: title= frame=(1342,37,514,28) (0ms)
[2026-07-01 11:24:32] [axEl] IN: pid=79582 role=AXButton → OUT: title= frame=(1316,13,495,18) (0ms)
[2026-07-01 11:24:32] [axEl] IN: pid=79582 role=AXButton → OUT: title= frame=(1342,41,507,29) (0ms)
[2026-07-01 11:24:32] [axEl] IN: pid=79582 role=AXStaticText → OUT: title= frame=(1362,76,24,16) (0ms)
[2026-07-01 11:24:32] [axEl] IN: pid=79582 role=AXStaticText → OUT: title= frame=(1399,76,24,16) (0ms)
[2026-07-01 11:24:32] [axEl] IN: pid=79582 role=AXStaticText → OUT: title= frame=(1362,95,24,16) (0ms)
[2026-07-01 11:24:32] [axEl] IN: pid=79582 role=AXStaticText → OUT: title= frame=(1399,95,24,16) (0ms)
[2026-07-01 11:24:32] [axEl] IN: pid=79582 role=AXStaticText → OUT: title= frame=(1453,95,387,16) (0ms)
[2026-07-01 11:24:32] [axEl] IN: pid=79582 role=AXStaticText → OUT: title= frame=(1362,115,24,15) (0ms)
[2026-07-01 11:24:32] [axEl] IN: pid=79582 role=AXStaticText → OUT: title= frame=(1399,115,24,15) (0ms)
[2026-07-01 11:24:32] [axEl] IN: pid=79582 role=AXStaticText → OUT: title= frame=(1453,115,217,15) (0ms)
[2026-07-01 11:24:32] [axEl] IN: pid=79582 role=AXStaticText → OUT: title= frame=(1362,134,24,16) (0ms)
[2026-07-01 11:24:32] [axEl] IN: pid=79582 role=AXStaticText → OUT: title= frame=(1428,134,9,16) (0ms)
[2026-07-01 11:24:32] [axEl] IN: pid=79582 role=AXStaticText → OUT: title= frame=(1453,134,432,16) (0ms)
[2026-07-01 11:24:32] [axEl] IN: pid=79582 role=AXStaticText → OUT: title= frame=(1362,154,24,15) (0ms)
[2026-07-01 11:24:32] [axEl] IN: pid=79582 role=AXStaticText → OUT: title= frame=(1428,154,9,15) (0ms)
[2026-07-01 11:24:32] [axEl] IN: pid=79582 role=AXStaticText → OUT: title= frame=(1453,154,295,15) (0ms)
[2026-07-01 11:24:32] [axEl] IN: pid=79582 role=AXStaticText → OUT: title= frame=(1362,173,24,16) (0ms)
[2026-07-01 11:24:32] [axEl] IN: pid=79582 role=AXStaticText → OUT: title= frame=(1428,173,9,16) (0ms)
[2026-07-01 11:24:32] [axEl] IN: pid=79582 role=AXStaticText → OUT: title= frame=(1453,173,264,16) (0ms)
[2026-07-01 11:24:32] [axEl] IN: pid=79582 role=AXStaticText → OUT: title= frame=(1362,192,24,16) (0ms)
[2026-07-01 11:24:32] [axEl] IN: pid=79582 role=AXStaticText → OUT: title= frame=(1428,192,9,16) (0ms)
[2026-07-01 11:24:32] [axEl] IN: pid=79582 role=AXStaticText → OUT: title= frame=(1453,192,727,16) (0ms)
[2026-07-01 11:24:32] [axEl] IN: pid=79582 role=AXStaticText → OUT: title= frame=(1362,212,24,15) (0ms)
[2026-07-01 11:24:32] [axEl] IN: pid=79582 role=AXStaticText → OUT: title= frame=(1428,212,9,15) (0ms)
[2026-07-01 11:24:32] [axEl] IN: pid=79582 role=AXStaticText → OUT: title= frame=(1453,212,836,15) (0ms)
[2026-07-01 11:24:32] [axEl] IN: pid=79582 role=AXStaticText → OUT: title= frame=(1362,231,24,16) (0ms)
[2026-07-01 11:24:32] [axEl] IN: pid=79582 role=AXStaticText → OUT: title= frame=(1428,231,9,16) (0ms)
[2026-07-01 11:24:32] [axEl] IN: pid=79582 role=AXStaticText → OUT: title= frame=(1453,231,187,16) (0ms)
[2026-07-01 11:24:32] [axEl] IN: pid=79582 role=AXStaticText → OUT: title= frame=(1362,250,24,16) (0ms)
[2026-07-01 11:24:32] [axEl] IN: pid=79582 role=AXStaticText → OUT: title= frame=(1428,250,9,16) (0ms)
[2026-07-01 11:24:32] [axEl] IN: pid=79582 role=AXStaticText → OUT: title= frame=(1453,250,310,16) (0ms)
[2026-07-01 11:24:32] [axEl] IN: pid=79582 role=AXStaticText → OUT: title= frame=(1362,270,24,15) (0ms)
[2026-07-01 11:24:32] [axEl] IN: pid=79582 role=AXStaticText → OUT: title= frame=(1428,270,9,15) (0ms)
[2026-07-01 11:24:32] [axEl] IN: pid=79582 role=AXStaticText → OUT: title= frame=(1453,270,295,15) (0ms)
[2026-07-01 11:24:32] [axEl] IN: pid=79582 role=AXStaticText → OUT: title= frame=(1362,289,24,16) (0ms)
[2026-07-01 11:24:32] [axEl] IN: pid=79582 role=AXStaticText → OUT: title= frame=(1428,289,9,16) (0ms)
[2026-07-01 11:24:32] [axEl] IN: pid=79582 role=AXStaticText → OUT: title= frame=(1453,289,295,16) (0ms)
[2026-07-01 11:24:32] [axEl] IN: pid=79582 role=AXStaticText → OUT: title= frame=(1362,309,24,15) (0ms)
[2026-07-01 11:24:32] [axEl] IN: pid=79582 role=AXStaticText → OUT: title= frame=(1428,309,9,15) (0ms)
[2026-07-01 11:24:32] [axEl] IN: pid=79582 role=AXStaticText → OUT: title= frame=(1453,309,132,15) (0ms)
[2026-07-01 11:24:32] [axEl] IN: pid=79582 role=AXStaticText → OUT: title= frame=(1362,328,24,16) (0ms)
[2026-07-01 11:24:32] [axEl] IN: pid=79582 role=AXStaticText → OUT: title= frame=(1428,328,9,16) (0ms)
[2026-07-01 11:24:32] [axEl] IN: pid=79582 role=AXStaticText → OUT: title= frame=(1453,328,102,16) (0ms)
[2026-07-01 11:24:32] [axEl] IN: pid=79582 role=AXStaticText → OUT: title= frame=(1362,347,24,16) (0ms)
[2026-07-01 11:24:32] [axEl] IN: pid=79582 role=AXStaticText → OUT: title= frame=(1399,347,24,16) (0ms)
[2026-07-01 11:24:32] [axEl] IN: pid=79582 role=AXStaticText → OUT: title= frame=(1453,347,626,16) (0ms)
[2026-07-01 11:24:32] [axEl] IN: pid=79582 role=AXStaticText → OUT: title= frame=(1362,367,24,15) (0ms)
[2026-07-01 11:24:32] [axEl] IN: pid=79582 role=AXStaticText → OUT: title= frame=(1399,367,24,15) (0ms)
[2026-07-01 11:24:32] [axEl] IN: pid=79582 role=AXStaticText → OUT: title= frame=(1453,367,489,15) (0ms)
[2026-07-01 11:24:32] [axEl] IN: pid=79582 role=AXStaticText → OUT: title= frame=(1362,386,24,16) (0ms)
[2026-07-01 11:24:32] [axEl] IN: pid=79582 role=AXStaticText → OUT: title= frame=(1399,386,24,16) (0ms)
[2026-07-01 11:24:32] [axEl] IN: pid=79582 role=AXStaticText → OUT: title= frame=(1453,386,341,16) (0ms)
[2026-07-01 11:24:32] [axEl] IN: pid=79582 role=AXButton → OUT: title=深度思考 frame=(1316,56,69,19) (0ms)
[2026-07-01 11:24:32] [axEl] IN: pid=79582 role=AXButton → OUT: title= frame=(1316,86,167,25) (0ms)
[2026-07-01 11:24:32] [axEl] IN: pid=79582 role=AXButton → OUT: title= frame=(1316,131,495,19) (0ms)
[2026-07-01 11:24:32] [axEl] IN: pid=79582 role=AXButton → OUT: title= frame=(1342,159,513,29) (0ms)
[2026-07-01 11:24:32] [axEl] IN: pid=79582 role=AXButton → OUT: title=深度思考 frame=(1316,174,69,19) (0ms)
[2026-07-01 11:24:32] [axEl] IN: pid=79582 role=AXStaticText → OUT: title= frame=(1316,204,449,21) (0ms)
[2026-07-01 11:24:32] [axEl] IN: pid=79582 role=AXButton → OUT: title= frame=(1316,246,167,25) (0ms)
[2026-07-01 11:24:32] [axEl] IN: pid=79582 role=AXButton → OUT: title= frame=(1316,249,495,19) (0ms)
[2026-07-01 11:24:32] [axEl] IN: pid=79582 role=AXButton → OUT: title= frame=(1342,277,165,29) (0ms)
[2026-07-01 11:24:32] [axEl] IN: pid=79582 role=AXButton → OUT: title=深度思考 frame=(1316,293,69,19) (0ms)
[2026-07-01 11:24:32] [axEl] IN: pid=79582 role=AXButton → OUT: title= frame=(1316,322,167,25) (0ms)
[2026-07-01 11:24:32] [axEl] IN: pid=79582 role=AXButton → OUT: title= frame=(1316,367,495,19) (0ms)
[2026-07-01 11:24:32] [axEl] IN: pid=79582 role=AXButton → OUT: title= frame=(1342,395,290,29) (0ms)
[2026-07-01 11:24:32] [axEl] IN: pid=79582 role=AXButton → OUT: title=深度思考 frame=(1316,411,69,19) (0ms)
[2026-07-01 11:24:32] [axEl] IN: pid=79582 role=AXButton → OUT: title= frame=(1316,440,167,25) (0ms)
[2026-07-01 11:24:32] [axEl] IN: pid=79582 role=AXButton → OUT: title= frame=(1316,485,495,19) (0ms)
[2026-07-01 11:24:32] [axEl] IN: pid=79582 role=AXButton → OUT: title= frame=(1342,513,507,29) (0ms)
[2026-07-01 11:24:32] [axEl] IN: pid=79582 role=AXStaticText → OUT: title= frame=(1370,549,16,15) (0ms)
[2026-07-01 11:24:32] [axEl] IN: pid=79582 role=AXStaticText → OUT: title= frame=(1407,549,16,15) (0ms)
[2026-07-01 11:24:32] [axEl] IN: pid=79582 role=AXStaticText → OUT: title= frame=(1453,549,426,15) (0ms)
[2026-07-01 11:24:32] [axEl] IN: pid=79582 role=AXStaticText → OUT: title= frame=(1370,568,16,16) (0ms)
[2026-07-01 11:24:32] [axEl] IN: pid=79582 role=AXStaticText → OUT: title= frame=(1407,568,16,16) (0ms)
[2026-07-01 11:24:32] [axEl] IN: pid=79582 role=AXStaticText → OUT: title= frame=(1453,568,449,16) (0ms)
[2026-07-01 11:24:32] [axEl] IN: pid=79582 role=AXStaticText → OUT: title= frame=(1370,588,16,15) (0ms)
[2026-07-01 11:24:32] [axEl] IN: pid=79582 role=AXStaticText → OUT: title= frame=(1407,588,16,15) (0ms)
[2026-07-01 11:24:32] [axEl] IN: pid=79582 role=AXStaticText → OUT: title= frame=(1453,588,380,15) (0ms)
[2026-07-01 11:24:32] [axEl] IN: pid=79582 role=AXStaticText → OUT: title= frame=(1370,607,16,16) (0ms)
[2026-07-01 11:24:32] [axEl] IN: pid=79582 role=AXStaticText → OUT: title= frame=(1428,607,9,16) (0ms)
[2026-07-01 11:24:32] [axEl] IN: pid=79582 role=AXStaticText → OUT: title= frame=(1453,607,380,16) (0ms)
[2026-07-01 11:24:32] [axEl] IN: pid=79582 role=AXStaticText → OUT: title= frame=(1362,626,24,16) (0ms)
[2026-07-01 11:24:32] [axEl] IN: pid=79582 role=AXStaticText → OUT: title= frame=(1407,626,16,16) (0ms)
[2026-07-01 11:24:32] [axEl] IN: pid=79582 role=AXStaticText → OUT: title= frame=(1453,626,380,16) (0ms)
[2026-07-01 11:24:32] [axEl] IN: pid=79582 role=AXStaticText → OUT: title= frame=(1362,646,24,15) (0ms)
[2026-07-01 11:24:32] [axEl] IN: pid=79582 role=AXStaticText → OUT: title= frame=(1399,646,24,15) (0ms)
[2026-07-01 11:24:32] [axEl] IN: pid=79582 role=AXStaticText → OUT: title= frame=(1453,646,434,15) (0ms)
[2026-07-01 11:24:32] [axEl] IN: pid=79582 role=AXStaticText → OUT: title= frame=(1362,665,24,16) (0ms)
[2026-07-01 11:24:32] [axEl] IN: pid=79582 role=AXStaticText → OUT: title= frame=(1399,665,24,16) (0ms)
[2026-07-01 11:24:32] [axEl] IN: pid=79582 role=AXStaticText → OUT: title= frame=(1453,665,349,16) (0ms)
[2026-07-01 11:24:32] [axEl] IN: pid=79582 role=AXButton → OUT: title=深度思考 frame=(1316,529,69,19) (0ms)
[2026-07-01 11:24:32] [axEl] IN: pid=79582 role=AXButton → OUT: title= frame=(1316,558,167,25) (0ms)
[2026-07-01 11:24:32] [axEl] IN: pid=79582 role=AXButton → OUT: title= frame=(1316,603,495,19) (0ms)
[2026-07-01 11:24:32] [axEl] IN: pid=79582 role=AXButton → OUT: title= frame=(1342,632,514,29) (0ms)
[2026-07-01 11:24:32] [axEl] IN: pid=79582 role=AXStaticText → OUT: title= frame=(1362,0,24,15) (0ms)
[2026-07-01 11:24:32] [axEl] IN: pid=79582 role=AXStaticText → OUT: title= frame=(1428,0,9,15) (0ms)
[2026-07-01 11:24:32] [axEl] IN: pid=79582 role=AXStaticText → OUT: title= frame=(1453,0,496,15) (0ms)
[2026-07-01 11:24:32] [axEl] IN: pid=79582 role=AXStaticText → OUT: title= frame=(1362,19,24,16) (0ms)
[2026-07-01 11:24:32] [axEl] IN: pid=79582 role=AXStaticText → OUT: title= frame=(1428,19,9,16) (0ms)
[2026-07-01 11:24:32] [axEl] IN: pid=79582 role=AXStaticText → OUT: title= frame=(1453,19,71,16) (0ms)
[2026-07-01 11:24:32] [axEl] IN: pid=79582 role=AXStaticText → OUT: title= frame=(1399,38,24,16) (0ms)
[2026-07-01 11:24:32] [axEl] IN: pid=79582 role=AXStaticText → OUT: title= frame=(1428,38,9,16) (0ms)
[2026-07-01 11:24:32] [axEl] IN: pid=79582 role=AXStaticText → OUT: title= frame=(1453,38,256,16) (0ms)
[2026-07-01 11:24:32] [axEl] IN: pid=79582 role=AXStaticText → OUT: title= frame=(1399,58,24,15) (0ms)
[2026-07-01 11:24:32] [axEl] IN: pid=79582 role=AXStaticText → OUT: title= frame=(1428,58,9,15) (0ms)
[2026-07-01 11:24:32] [axEl] IN: pid=79582 role=AXStaticText → OUT: title= frame=(1453,58,233,15) (0ms)
[2026-07-01 11:24:32] [axEl] IN: pid=79582 role=AXStaticText → OUT: title= frame=(1362,77,24,16) (0ms)
[2026-07-01 11:24:32] [axEl] IN: pid=79582 role=AXStaticText → OUT: title= frame=(1399,77,24,16) (0ms)
[2026-07-01 11:24:32] [axEl] IN: pid=79582 role=AXStaticText → OUT: title= frame=(1453,77,202,16) (0ms)
[2026-07-01 11:24:32] [axEl] IN: pid=79582 role=AXStaticText → OUT: title= frame=(1362,97,24,15) (0ms)
[2026-07-01 11:24:32] [axEl] IN: pid=79582 role=AXStaticText → OUT: title= frame=(1399,97,24,15) (0ms)
[2026-07-01 11:24:32] [axEl] IN: pid=79582 role=AXStaticText → OUT: title= frame=(1453,97,40,15) (0ms)
[2026-07-01 11:24:32] [axEl] IN: pid=79582 role=AXStaticText → OUT: title= frame=(1362,116,24,16) (0ms)
[2026-07-01 11:24:32] [axEl] IN: pid=79582 role=AXStaticText → OUT: title= frame=(1399,116,24,16) (0ms)
[2026-07-01 11:24:32] [axEl] IN: pid=79582 role=AXStaticText → OUT: title= frame=(1362,-3,24,16) (0ms)
[2026-07-01 11:24:32] [axEl] IN: pid=79582 role=AXStaticText → OUT: title= frame=(1428,-3,9,16) (0ms)
[2026-07-01 11:24:32] [axEl] IN: pid=79582 role=AXStaticText → OUT: title= frame=(1362,16,24,16) (0ms)
[2026-07-01 11:24:32] [axEl] IN: pid=79582 role=AXStaticText → OUT: title= frame=(1399,16,24,16) (0ms)
[2026-07-01 11:24:32] [axEl] IN: pid=79582 role=AXStaticText → OUT: title= frame=(1453,16,426,16) (0ms)
[2026-07-01 11:24:32] [axEl] IN: pid=79582 role=AXStaticText → OUT: title= frame=(1362,36,24,15) (0ms)
[2026-07-01 11:24:32] [axEl] IN: pid=79582 role=AXStaticText → OUT: title= frame=(1399,36,24,15) (0ms)
[2026-07-01 11:24:32] [axEl] IN: pid=79582 role=AXStaticText → OUT: title= frame=(1453,36,140,15) (0ms)
[2026-07-01 11:24:32] [axEl] IN: pid=79582 role=AXStaticText → OUT: title= frame=(1362,55,24,16) (0ms)
[2026-07-01 11:24:32] [axEl] IN: pid=79582 role=AXStaticText → OUT: title= frame=(1399,55,24,16) (0ms)
[2026-07-01 11:24:32] [axEl] IN: pid=79582 role=AXStaticText → OUT: title= frame=(1453,55,411,16) (0ms)
[2026-07-01 11:24:32] [axEl] IN: pid=79582 role=AXStaticText → OUT: title= frame=(1370,7,16,15) (0ms)
[2026-07-01 11:24:32] [axEl] IN: pid=79582 role=AXStaticText → OUT: title= frame=(1407,7,16,15) (0ms)
[2026-07-01 11:24:32] [axEl] IN: pid=79582 role=AXStaticText → OUT: title= frame=(1453,7,196,15) (0ms)
[2026-07-01 11:24:32] [axEl] IN: pid=79582 role=AXStaticText → OUT: title= frame=(1370,26,16,16) (0ms)
[2026-07-01 11:24:32] [axEl] IN: pid=79582 role=AXStaticText → OUT: title= frame=(1407,26,16,16) (0ms)
[2026-07-01 11:24:32] [axEl] IN: pid=79582 role=AXStaticText → OUT: title= frame=(1453,26,196,16) (0ms)
[2026-07-01 11:24:32] [axEl] IN: pid=79582 role=AXStaticText → OUT: title= frame=(1370,45,16,16) (0ms)
[2026-07-01 11:24:32] [axEl] IN: pid=79582 role=AXStaticText → OUT: title= frame=(1407,45,16,16) (0ms)
[2026-07-01 11:24:32] [axEl] IN: pid=79582 role=AXButton → OUT: title= frame=(1316,39,495,19) (0ms)
[2026-07-01 11:24:32] [axEl] IN: pid=79582 role=AXButton → OUT: title= frame=(1342,67,469,10) (0ms)
[2026-07-01 11:24:32] [axEl] IN: pid=79582 role=AXButton → OUT: title= frame=(1342,97,469,10) (0ms)
[2026-07-01 11:24:32] [axEl] IN: pid=79582 role=AXStaticText → OUT: title= frame=(1316,-5,259,20) (0ms)
[2026-07-01 11:24:32] [axEl] IN: pid=79582 role=AXButton → OUT: title= frame=(1316,36,167,25) (0ms)
[2026-07-01 11:24:32] [axEl] IN: pid=79582 role=AXButton → OUT: title=复制 frame=(1312,66,28,25) (0ms)
[2026-07-01 11:24:32] [axEl] IN: pid=79582 role=AXButton → OUT: title= frame=(1342,66,28,25) (0ms)
[2026-07-01 11:24:32] [axEl] IN: pid=79582 role=AXPopUpButton → OUT: title= frame=(1372,66,28,25) (0ms)
[2026-07-01 11:24:32] [axEl] IN: pid=79582 role=AXPopUpButton → OUT: title= frame=(1402,66,28,25) (0ms)
[2026-07-01 11:24:32] [axEl] IN: pid=79582 role=AXStaticText → OUT: title= frame=(1434,115,363,20) (0ms)
[2026-07-01 11:24:32] [axEl] IN: pid=79582 role=AXStaticText → OUT: title= frame=(1720,146,27,18) (0ms)
[2026-07-01 11:24:32] [axEl] IN: pid=79582 role=AXButton → OUT: title=复制 frame=(1755,143,22,23) (0ms)
[2026-07-01 11:24:32] [axEl] IN: pid=79582 role=AXButton → OUT: title=编辑 frame=(1785,143,22,23) (0ms)
[2026-07-01 11:24:32] [axEl] IN: pid=79582 role=AXStaticText → OUT: title= frame=(1419,190,376,55) (0ms)
[2026-07-01 11:24:32] [axEl] IN: pid=79582 role=AXStaticText → OUT: title= frame=(1720,256,27,18) (0ms)
[2026-07-01 11:24:32] [axEl] IN: pid=79582 role=AXButton → OUT: title=复制 frame=(1755,253,22,23) (0ms)
[2026-07-01 11:24:32] [axEl] IN: pid=79582 role=AXButton → OUT: title=编辑 frame=(1785,253,22,23) (0ms)
[2026-07-01 11:24:32] [axEl] IN: pid=79582 role=AXButton → OUT: title=工具调用已处理 21s frame=(1316,295,69,19) (0ms)
[2026-07-01 11:24:32] [axEl] IN: pid=79582 role=AXButton → OUT: title=深度思考 frame=(1316,331,495,10) (0ms)
[2026-07-01 11:24:32] [axEl] IN: pid=79582 role=AXButton → OUT: title= frame=(1316,331,495,10) (0ms)
[2026-07-01 11:24:32] [axEl] IN: pid=79582 role=AXButton → OUT: title=已探索 1 次搜索 frame=(1316,407,495,19) (0ms)
[2026-07-01 11:24:32] [axEl] IN: pid=79582 role=AXButton → OUT: title= frame=(1342,435,469,10) (0ms)
[2026-07-01 11:24:32] [axEl] IN: pid=79582 role=AXButton → OUT: title=深度思考 frame=(1316,449,495,10) (0ms)
[2026-07-01 11:24:32] [axEl] IN: pid=79582 role=AXButton → OUT: title= frame=(1316,449,495,10) (0ms)
[2026-07-01 11:24:32] [axEl] IN: pid=79582 role=AXButton → OUT: title=Shell 1 次命令 frame=(1316,525,495,19) (0ms)
[2026-07-01 11:24:32] [axEl] IN: pid=79582 role=AXButton → OUT: title= frame=(1342,553,469,10) (0ms)
[2026-07-01 11:24:32] [axEl] IN: pid=79582 role=AXButton → OUT: title=深度思考 frame=(1316,567,495,10) (0ms)
[2026-07-01 11:24:32] [axEl] IN: pid=79582 role=AXButton → OUT: title= frame=(1316,567,495,10) (0ms)
[2026-07-01 11:24:32] [axEl] IN: pid=79582 role=AXButton → OUT: title=Shell 1 次命令 frame=(1316,643,495,19) (0ms)
[2026-07-01 11:24:32] [axEl] IN: pid=79582 role=AXButton → OUT: title= frame=(1342,671,469,10) (0ms)
[2026-07-01 11:24:32] [axEl] IN: pid=79582 role=AXButton → OUT: title=深度思考 frame=(1316,685,495,10) (0ms)
[2026-07-01 11:24:32] [axEl] IN: pid=79582 role=AXButton → OUT: title= frame=(1316,685,495,10) (0ms)
[2026-07-01 11:24:32] [axEl] IN: pid=79582 role=AXButton → OUT: title=Shell 1 次命令 frame=(1316,761,495,19) (0ms)
[2026-07-01 11:24:32] [axEl] IN: pid=79582 role=AXButton → OUT: title= frame=(1342,789,469,10) (0ms)
[2026-07-01 11:24:32] [axEl] IN: pid=79582 role=AXButton → OUT: title=深度思考 frame=(1316,803,495,10) (0ms)
[2026-07-01 11:24:32] [axEl] IN: pid=79582 role=AXButton → OUT: title= frame=(1316,803,495,10) (0ms)
[2026-07-01 11:24:32] [axEl] IN: pid=79582 role=AXButton → OUT: title=Shell 1 次命令 frame=(1316,879,495,19) (0ms)
[2026-07-01 11:24:32] [axEl] IN: pid=79582 role=AXButton → OUT: title= frame=(1342,907,469,10) (0ms)
[2026-07-01 11:24:32] [axEl] IN: pid=79582 role=AXButton → OUT: title=深度思考 frame=(1316,921,495,10) (0ms)
[2026-07-01 11:24:32] [axEl] IN: pid=79582 role=AXButton → OUT: title= frame=(1316,921,495,10) (0ms)
[2026-07-01 11:24:32] [axEl] IN: pid=79582 role=AXButton → OUT: title=已探索 1 次读取 frame=(1316,997,495,19) (0ms)
[2026-07-01 11:24:32] [axEl] IN: pid=79582 role=AXButton → OUT: title= frame=(1342,1026,469,10) (0ms)
[2026-07-01 11:24:32] [axEl] IN: pid=79582 role=AXButton → OUT: title=深度思考 frame=(1316,1040,495,10) (0ms)
[2026-07-01 11:24:32] [axEl] IN: pid=79582 role=AXButton → OUT: title= frame=(1316,1040,495,10) (0ms)
[2026-07-01 11:24:32] [axEl] IN: pid=79582 role=AXStaticText → OUT: title= frame=(1316,333,494,69) (0ms)
[2026-07-01 11:24:32] [axEl] IN: pid=79582 role=AXButton → OUT: title=5 条 Memory v5 编译引用 frame=(1316,424,167,25) (0ms)
[2026-07-01 11:24:32] [axEl] IN: pid=79582 role=AXButton → OUT: title=复制 frame=(1312,454,28,25) (0ms)
[2026-07-01 11:24:32] [axEl] IN: pid=79582 role=AXButton → OUT: title= frame=(1342,454,28,25) (0ms)
[2026-07-01 11:24:32] [axEl] IN: pid=79582 role=AXPopUpButton → OUT: title= frame=(1372,454,28,25) (0ms)
[2026-07-01 11:24:32] [axEl] IN: pid=79582 role=AXPopUpButton → OUT: title= frame=(1402,454,28,25) (0ms)
[2026-07-01 11:24:32] [axEl] IN: pid=79582 role=AXStaticText → OUT: title= frame=(1419,502,364,37) (0ms)
[2026-07-01 11:24:32] [axEl] IN: pid=79582 role=AXStaticText → OUT: title= frame=(1718,551,29,17) (0ms)
[2026-07-01 11:24:32] [axEl] IN: pid=79582 role=AXButton → OUT: title=复制 frame=(1755,548,22,23) (0ms)
[2026-07-01 11:24:32] [axEl] IN: pid=79582 role=AXButton → OUT: title=编辑 frame=(1785,548,22,23) (0ms)
[2026-07-01 11:24:32] [axEl] IN: pid=79582 role=AXButton → OUT: title=工具调用已处理 4s frame=(1316,590,69,19) (0ms)
[2026-07-01 11:24:32] [axEl] IN: pid=79582 role=AXButton → OUT: title=深度思考 frame=(1316,627,69,19) (0ms)
[2026-07-01 11:24:32] [axEl] IN: pid=79582 role=AXStaticText → OUT: title= frame=(1316,657,349,20) (0ms)
[2026-07-01 11:24:32] [axEl] IN: pid=79582 role=AXButton → OUT: title= frame=(1316,699,167,25) (0ms)
[2026-07-01 11:24:32] [axEl] IN: pid=79582 role=AXButton → OUT: title=已修改 1 次编辑 frame=(1316,701,495,19) (0ms)
[2026-07-01 11:24:32] [axEl] IN: pid=79582 role=AXButton → OUT: title= frame=(1342,729,92,29) (0ms)
[2026-07-01 11:24:32] [axEl] IN: pid=79582 role=AXStaticText → OUT: title= frame=(1370,765,16,15) (0ms)
[2026-07-01 11:24:32] [axEl] IN: pid=79582 role=AXStaticText → OUT: title= frame=(1407,765,16,15) (0ms)
[2026-07-01 11:24:32] [axEl] IN: pid=79582 role=AXStaticText → OUT: title= frame=(1453,765,318,15) (0ms)
[2026-07-01 11:24:32] [axEl] IN: pid=79582 role=AXStaticText → OUT: title= frame=(1370,784,16,16) (0ms)
[2026-07-01 11:24:32] [axEl] IN: pid=79582 role=AXStaticText → OUT: title= frame=(1407,784,16,16) (0ms)
[2026-07-01 11:24:32] [axEl] IN: pid=79582 role=AXStaticText → OUT: title= frame=(1453,784,217,16) (0ms)
[2026-07-01 11:24:32] [axEl] IN: pid=79582 role=AXStaticText → OUT: title= frame=(1370,803,16,16) (0ms)
[2026-07-01 11:24:32] [axEl] IN: pid=79582 role=AXStaticText → OUT: title= frame=(1407,803,16,16) (0ms)
[2026-07-01 11:24:32] [axEl] IN: pid=79582 role=AXStaticText → OUT: title= frame=(1453,803,364,16) (0ms)
[2026-07-01 11:24:32] [axEl] IN: pid=79582 role=AXStaticText → OUT: title= frame=(1407,823,16,15) (0ms)
[2026-07-01 11:24:32] [axEl] IN: pid=79582 role=AXStaticText → OUT: title= frame=(1428,823,9,15) (0ms)
[2026-07-01 11:24:32] [axEl] IN: pid=79582 role=AXStaticText → OUT: title= frame=(1453,823,225,15) (0ms)
[2026-07-01 11:24:32] [axEl] IN: pid=79582 role=AXStaticText → OUT: title= frame=(1370,842,16,16) (0ms)
[2026-07-01 11:24:32] [axEl] IN: pid=79582 role=AXStaticText → OUT: title= frame=(1407,842,16,16) (0ms)
[2026-07-01 11:24:32] [axEl] IN: pid=79582 role=AXStaticText → OUT: title= frame=(1453,842,395,16) (0ms)
[2026-07-01 11:24:32] [axEl] IN: pid=79582 role=AXStaticText → OUT: title= frame=(1370,862,16,15) (0ms)
[2026-07-01 11:24:32] [axEl] IN: pid=79582 role=AXStaticText → OUT: title= frame=(1428,862,9,15) (0ms)
[2026-07-01 11:24:32] [axEl] IN: pid=79582 role=AXStaticText → OUT: title= frame=(1453,862,519,15) (0ms)
[2026-07-01 11:24:32] [axEl] IN: pid=79582 role=AXStaticText → OUT: title= frame=(1370,881,16,16) (0ms)
[2026-07-01 11:24:32] [axEl] IN: pid=79582 role=AXStaticText → OUT: title= frame=(1428,881,9,16) (0ms)
[2026-07-01 11:24:32] [axEl] IN: pid=79582 role=AXStaticText → OUT: title= frame=(1453,881,326,16) (0ms)
[2026-07-01 11:24:32] [axEl] IN: pid=79582 role=AXStaticText → OUT: title= frame=(1370,900,16,16) (0ms)
[2026-07-01 11:24:32] [axEl] IN: pid=79582 role=AXStaticText → OUT: title= frame=(1428,900,9,16) (0ms)
[2026-07-01 11:24:32] [axEl] IN: pid=79582 role=AXStaticText → OUT: title= frame=(1453,900,380,16) (0ms)
[2026-07-01 11:24:32] [axEl] IN: pid=79582 role=AXStaticText → OUT: title= frame=(1370,920,16,15) (0ms)
[2026-07-01 11:24:32] [axEl] IN: pid=79582 role=AXStaticText → OUT: title= frame=(1428,920,9,15) (0ms)
[2026-07-01 11:24:32] [axEl] IN: pid=79582 role=AXStaticText → OUT: title= frame=(1453,920,132,15) (0ms)
[2026-07-01 11:24:32] [axEl] IN: pid=79582 role=AXStaticText → OUT: title= frame=(1407,939,16,16) (0ms)
[2026-07-01 11:24:32] [axEl] IN: pid=79582 role=AXStaticText → OUT: title= frame=(1428,939,9,16) (0ms)
[2026-07-01 11:24:32] [axEl] IN: pid=79582 role=AXStaticText → OUT: title= frame=(1453,939,380,16) (0ms)
[2026-07-01 11:24:32] [axEl] IN: pid=79582 role=AXStaticText → OUT: title= frame=(1407,958,16,16) (0ms)
[2026-07-01 11:24:32] [axEl] IN: pid=79582 role=AXStaticText → OUT: title= frame=(1428,958,9,16) (0ms)
[2026-07-01 11:24:32] [axEl] IN: pid=79582 role=AXStaticText → OUT: title= frame=(1453,958,372,16) (0ms)
[2026-07-01 11:24:32] [axEl] IN: pid=79582 role=AXStaticText → OUT: title= frame=(1370,978,16,15) (0ms)
[2026-07-01 11:24:32] [axEl] IN: pid=79582 role=AXStaticText → OUT: title= frame=(1407,978,16,15) (0ms)
[2026-07-01 11:24:32] [axEl] IN: pid=79582 role=AXStaticText → OUT: title= frame=(1453,978,102,15) (0ms)
[2026-07-01 11:24:32] [axEl] IN: pid=79582 role=AXStaticText → OUT: title= frame=(1370,997,16,16) (0ms)
[2026-07-01 11:24:32] [axEl] IN: pid=79582 role=AXStaticText → OUT: title= frame=(1407,997,16,16) (0ms)
[2026-07-01 11:24:32] [axEl] IN: pid=79582 role=AXStaticText → OUT: title= frame=(1453,997,71,16) (0ms)
[2026-07-01 11:24:32] [axEl] IN: pid=79582 role=AXStaticText → OUT: title= frame=(1370,1017,16,15) (0ms)
[2026-07-01 11:24:32] [axEl] IN: pid=79582 role=AXStaticText → OUT: title= frame=(1407,1017,16,15) (0ms)
[2026-07-01 11:24:32] [axEl] IN: pid=79582 role=AXStaticText → OUT: title= frame=(1453,1017,457,15) (0ms)
[2026-07-01 11:24:32] [axEl] IN: pid=79582 role=AXButton → OUT: title=深度思考 frame=(1316,743,495,10) (0ms)
[2026-07-01 11:24:32] [axEl] IN: pid=79582 role=AXButton → OUT: title= frame=(1316,743,495,10) (0ms)
[2026-07-01 11:24:32] [axEl] IN: pid=79582 role=AXButton → OUT: title=Shell 1 次命令 frame=(1316,819,495,19) (0ms)
[2026-07-01 11:24:32] [axEl] IN: pid=79582 role=AXButton → OUT: title= frame=(1342,848,469,10) (0ms)
[2026-07-01 11:24:32] [axEl] IN: pid=79582 role=AXStaticText → OUT: title= frame=(1316,628,469,69) (0ms)
[2026-07-01 11:24:32] [axEl] IN: pid=79582 role=AXButton → OUT: title=5 条 Memory v5 编译引用 frame=(1316,718,167,25) (0ms)
[2026-07-01 11:24:32] [axEl] IN: pid=79582 role=AXButton → OUT: title=跳转到问题 16 frame=(1805,7,32,15) (0ms)
[2026-07-01 11:24:32] [axEl] IN: pid=79582 role=AXButton → OUT: title=跳转到问题 17 frame=(1805,27,32,15) (0ms)
[2026-07-01 11:24:32] [axEl] IN: pid=79582 role=AXButton → OUT: title=跳转到问题 18 frame=(1805,47,32,15) (0ms)
[2026-07-01 11:24:32] [axEl] IN: pid=79582 role=AXButton → OUT: title=跳转到问题 19 frame=(1805,67,32,15) (0ms)
[2026-07-01 11:24:32] [axEl] IN: pid=79582 role=AXButton → OUT: title=跳转到问题 20 frame=(1805,87,32,15) (0ms)
[2026-07-01 11:24:32] [axEl] IN: pid=79582 role=AXButton → OUT: title=跳转到问题 21 frame=(1805,107,32,15) (0ms)
[2026-07-01 11:24:32] [axEl] IN: pid=79582 role=AXButton → OUT: title=跳转到问题 22 frame=(1805,127,32,15) (0ms)
[2026-07-01 11:24:32] [axEl] IN: pid=79582 role=AXButton → OUT: title=跳转到问题 23 frame=(1805,147,32,15) (0ms)
[2026-07-01 11:24:32] [axEl] IN: pid=79582 role=AXButton → OUT: title=跳转到问题 24 frame=(1805,167,32,15) (0ms)
[2026-07-01 11:24:32] [axEl] IN: pid=79582 role=AXButton → OUT: title=跳转到问题 25 frame=(1805,187,32,15) (0ms)
[2026-07-01 11:24:32] [axEl] IN: pid=79582 role=AXButton → OUT: title=跳转到问题 26 frame=(1805,207,32,15) (0ms)
[2026-07-01 11:24:32] [axEl] IN: pid=79582 role=AXButton → OUT: title=跳转到问题 27 frame=(1805,227,32,15) (0ms)
[2026-07-01 11:24:32] [axEl] IN: pid=79582 role=AXButton → OUT: title=跳转到问题 28 frame=(1805,247,32,15) (0ms)
[2026-07-01 11:24:32] [axEl] IN: pid=79582 role=AXButton → OUT: title=跳转到问题 29 frame=(1805,267,32,15) (0ms)
[2026-07-01 11:24:32] [axEl] IN: pid=79582 role=AXButton → OUT: title=跳转到问题 30 frame=(1805,287,32,15) (0ms)
[2026-07-01 11:24:32] [axEl] IN: pid=79582 role=AXButton → OUT: title=跳转到问题 31 frame=(1805,307,32,15) (0ms)
[2026-07-01 11:24:32] [axEl] IN: pid=79582 role=AXButton → OUT: title=跳转到问题 32 frame=(1805,327,32,15) (0ms)
[2026-07-01 11:24:32] [axEl] IN: pid=79582 role=AXButton → OUT: title=跳转到问题 33 frame=(1805,347,32,15) (0ms)
[2026-07-01 11:24:32] [axEl] IN: pid=79582 role=AXButton → OUT: title=跳转到问题 34 frame=(1805,367,32,15) (0ms)
[2026-07-01 11:24:32] [axEl] IN: pid=79582 role=AXButton → OUT: title=跳转到问题 35 frame=(1805,387,32,15) (0ms)
[2026-07-01 11:24:32] [axEl] IN: pid=79582 role=AXButton → OUT: title=跳转到问题 36 frame=(1805,407,32,15) (0ms)
[2026-07-01 11:24:32] [axEl] IN: pid=79582 role=AXButton → OUT: title=跳转到问题 37 frame=(1805,427,32,15) (0ms)
[2026-07-01 11:24:32] [axEl] IN: pid=79582 role=AXButton → OUT: title=跳转到问题 38 frame=(1805,447,32,15) (0ms)
[2026-07-01 11:24:32] [axEl] IN: pid=79582 role=AXButton → OUT: title=跳转到问题 39 frame=(1805,467,32,15) (0ms)
[2026-07-01 11:24:32] [axEl] IN: pid=79582 role=AXButton → OUT: title=跳转到问题 40 frame=(1805,487,32,15) (0ms)
[2026-07-01 11:24:32] [axEl] IN: pid=79582 role=AXButton → OUT: title=跳转到问题 41 frame=(1805,507,32,15) (0ms)
[2026-07-01 11:24:32] [axEl] IN: pid=79582 role=AXButton → OUT: title=跳转到问题 42 frame=(1805,527,32,15) (0ms)
[2026-07-01 11:24:32] [axEl] IN: pid=79582 role=AXButton → OUT: title=跳转到问题 43 frame=(1805,547,32,15) (0ms)
[2026-07-01 11:24:32] [axEl] IN: pid=79582 role=AXButton → OUT: title=跳转到问题 44 frame=(1805,567,32,15) (0ms)
[2026-07-01 11:24:32] [axEl] IN: pid=79582 role=AXStaticText → OUT: title= frame=(1330,796,27,19) (0ms)
[2026-07-01 11:24:32] [axEl] IN: pid=79582 role=AXStaticText → OUT: title= frame=(1371,800,8,17) (0ms)
[2026-07-01 11:24:32] [axEl] IN: pid=79582 role=AXStaticText → OUT: title= frame=(1378,800,7,17) (0ms)
[2026-07-01 11:24:32] [axEl] IN: pid=79582 role=AXStaticText → OUT: title= frame=(1384,800,8,17) (0ms)
[2026-07-01 11:24:32] [axEl] IN: pid=79582 role=AXStaticText → OUT: title= frame=(1330,822,87,18) (0ms)
[2026-07-01 11:24:32] [axEl] IN: pid=79582 role=AXButton → OUT: title=展开 frame=(1709,797,41,25) (0ms)
[2026-07-01 11:24:32] [axEl] IN: pid=79582 role=AXButton → OUT: title=关闭 frame=(1755,797,42,25) (0ms)
[2026-07-01 11:24:32] [axEl] IN: pid=79582 role=AXTextArea → OUT: title=给 Reasonix 发消息… ( / 命令 · @ 文件 · ! 终端 ) frame=(1337,874,409,38) (0ms)
[2026-07-01 11:24:32] [axEl] IN: pid=79582 role=AXStaticText → OUT: title= frame=(1339,877,344,21) (0ms)
[2026-07-01 11:24:32] [axEl] IN: pid=79582 role=AXButton → OUT: title= frame=(1753,874,35,34) (0ms)
[2026-07-01 11:24:32] [axEl] IN: pid=79582 role=AXPopUpButton → OUT: title=协作方式 frame=(1332,929,29,28) (0ms)
[2026-07-01 11:24:32] [axEl] IN: pid=79582 role=AXCheckBox → OUT: title= frame=(1374,932,25,24) (0ms)
[2026-07-01 11:24:32] [axEl] IN: pid=79582 role=AXCheckBox → OUT: title= frame=(1402,932,25,24) (0ms)
[2026-07-01 11:24:32] [axEl] IN: pid=79582 role=AXCheckBox → OUT: title= frame=(1430,932,25,24) (0ms)
[2026-07-01 11:24:32] [axEl] IN: pid=79582 role=AXButton → OUT: title=deepseek-v4-pro · DeepSeek 官方 frame=(1571,929,141,28) (0ms)
[2026-07-01 11:24:32] [axEl] IN: pid=79582 role=AXPopUpButton → OUT: title=更多控制 frame=(1724,927,66,32) (0ms)
[2026-07-01 11:24:32] [axEl] IN: pid=79582 role=AXButton → OUT: title= frame=(1027,93,12,14) (0ms)
[2026-07-01 11:24:32] [axEl] IN: pid=79582 role=AXButton → OUT: title= frame=(1067,93,12,14) (0ms)
[2026-07-01 11:24:32] [axEl] IN: pid=79582 role=AXButton → OUT: title= frame=(1047,93,12,14) (0ms)
[2026-07-01 11:24:32] [axEl] IN: pid=79582 role=AXMenuBarItem → OUT: title=Apple frame=(10,0,34,30) (0ms)
[2026-07-01 11:24:32] [axEl] IN: pid=79582 role=AXMenuBarItem → OUT: title=Reasonix frame=(43,0,79,30) (0ms)
[2026-07-01 11:24:32] [axEl] IN: pid=79582 role=AXMenuBarItem → OUT: title=File frame=(121,0,43,30) (0ms)
[2026-07-01 11:24:32] [axEl] IN: pid=79582 role=AXMenuBarItem → OUT: title=Edit frame=(163,0,44,30) (0ms)
[2026-07-01 11:24:32] [axEl] IN: pid=79582 role=AXMenuBarItem → OUT: title=Window frame=(206,0,69,30) (0ms)
[2026-07-01 11:24:32] [axEl] IN: pid=2480 role=AXMenuBarItem → OUT: title=Apple frame=(10,0,34,30) (0ms)
[2026-07-01 11:24:32] [axEl] IN: pid=2480 role=AXMenuBarItem → OUT: title=访达 frame=(43,0,47,30) (0ms)
[2026-07-01 11:24:32] [axEl] IN: pid=2480 role=AXMenuBarItem → OUT: title=文件 frame=(89,0,47,30) (0ms)
[2026-07-01 11:24:32] [axEl] IN: pid=2480 role=AXMenuBarItem → OUT: title=编辑 frame=(135,0,46,30) (0ms)
[2026-07-01 11:24:32] [axEl] IN: pid=2480 role=AXMenuBarItem → OUT: title=显示 frame=(180,0,47,30) (0ms)
[2026-07-01 11:24:32] [axEl] IN: pid=2480 role=AXMenuBarItem → OUT: title=前往 frame=(226,0,47,30) (0ms)
[2026-07-01 11:24:32] [axEl] IN: pid=2480 role=AXMenuBarItem → OUT: title=窗口 frame=(272,0,47,30) (0ms)
[2026-07-01 11:24:32] [axEl] IN: pid=2480 role=AXMenuBarItem → OUT: title=帮助 frame=(318,0,47,30) (0ms)
[2026-07-01 11:24:32] [axEl] IN: pid=2480 role=AXImage → OUT: title=vibe项目 frame=(77,469,64,64) (0ms)
[2026-07-01 11:24:32] [axEl] IN: pid=2478 role=AXDockItem → OUT: title=访达 frame=(295,1017,46,58) (0ms)
[2026-07-01 11:24:32] [axEl] IN: pid=2478 role=AXDockItem → OUT: title=App frame=(341,1017,46,58) (0ms)
[2026-07-01 11:24:32] [axEl] IN: pid=2478 role=AXDockItem → OUT: title=地图 frame=(387,1017,46,58) (0ms)
[2026-07-01 11:24:32] [axEl] IN: pid=2478 role=AXDockItem → OUT: title=App Store frame=(433,1017,46,58) (0ms)
[2026-07-01 11:24:32] [axEl] IN: pid=2478 role=AXDockItem → OUT: title=iPhone镜像 frame=(479,1017,46,58) (0ms)
[2026-07-01 11:24:32] [axEl] IN: pid=2478 role=AXDockItem → OUT: title=tntcloud_Lite frame=(525,1017,46,58) (0ms)
[2026-07-01 11:24:32] [axEl] IN: pid=2478 role=AXDockItem → OUT: title=豆包 frame=(571,1017,46,58) (0ms)
[2026-07-01 11:24:32] [axEl] IN: pid=2478 role=AXDockItem → OUT: title=微信 frame=(617,1017,46,58) (0ms)
[2026-07-01 11:24:32] [axEl] IN: pid=2478 role=AXDockItem → OUT: title=ima.copilot frame=(663,1017,46,58) (0ms)
[2026-07-01 11:24:32] [axEl] IN: pid=2478 role=AXDockItem → OUT: title=Google Chrome frame=(709,1017,46,58) (0ms)
[2026-07-01 11:24:32] [axEl] IN: pid=2478 role=AXDockItem → OUT: title=Claude frame=(755,1017,46,58) (0ms)
[2026-07-01 11:24:32] [axEl] IN: pid=2478 role=AXDockItem → OUT: title=飞书 frame=(801,1017,46,58) (0ms)
[2026-07-01 11:24:32] [axEl] IN: pid=2478 role=AXDockItem → OUT: title=终端 frame=(847,1017,46,58) (0ms)
[2026-07-01 11:24:32] [axEl] IN: pid=2478 role=AXDockItem → OUT: title=Visual Studio Code frame=(893,1017,46,58) (0ms)
[2026-07-01 11:24:32] [axEl] IN: pid=2478 role=AXDockItem → OUT: title=Codex frame=(939,1017,46,58) (0ms)
[2026-07-01 11:24:32] [axEl] IN: pid=2478 role=AXDockItem → OUT: title=Reasonix frame=(985,1017,46,58) (0ms)
[2026-07-01 11:24:32] [axEl] IN: pid=2478 role=AXDockItem → OUT: title= frame=(1031,1017,20,58) (0ms)
[2026-07-01 11:24:32] [axEl] IN: pid=2478 role=AXDockItem → OUT: title=屏幕共享 frame=(1052,1017,46,58) (0ms)
[2026-07-01 11:24:32] [axEl] IN: pid=2478 role=AXDockItem → OUT: title=飞鸟加速 frame=(1098,1017,46,58) (0ms)
[2026-07-01 11:24:32] [axEl] IN: pid=2478 role=AXDockItem → OUT: title=预览 frame=(1144,1017,46,58) (0ms)
[2026-07-01 11:24:32] [axEl] IN: pid=2478 role=AXDockItem → OUT: title=网易云音乐 frame=(1190,1017,46,58) (0ms)
[2026-07-01 11:24:32] [axEl] IN: pid=2478 role=AXDockItem → OUT: title=抖音 frame=(1236,1017,46,58) (0ms)
[2026-07-01 11:24:32] [axEl] IN: pid=2478 role=AXDockItem → OUT: title= frame=(1282,1017,20,58) (0ms)
[2026-07-01 11:24:32] [axEl] IN: pid=2478 role=AXDockItem → OUT: title=下载 frame=(1302,1017,46,58) (0ms)
[2026-07-01 11:24:32] [axEl] IN: pid=2478 role=AXDockItem → OUT: title=所有连接 frame=(1348,1017,46,58) (0ms)
[2026-07-01 11:24:32] [axEl] IN: pid=2478 role=AXDockItem → OUT: title=网易云音乐 frame=(1394,1017,46,58) (0ms)
[2026-07-01 11:24:32] [axEl] IN: pid=2478 role=AXDockItem → OUT: title=飞鸟加速 frame=(1440,1017,46,58) (0ms)
[2026-07-01 11:24:32] [axEl] IN: pid=2478 role=AXDockItem → OUT: title=MotionControl Toggle Buttons frame=(1486,1017,46,58) (0ms)
[2026-07-01 11:24:32] [axEl] IN: pid=2478 role=AXDockItem → OUT: title=douyin frame=(1532,1017,46,58) (0ms)
[2026-07-01 11:24:32] [axEl] IN: pid=2478 role=AXDockItem → OUT: title=废纸篓 frame=(1578,1017,46,58) (0ms)
[2026-07-01 11:24:32] [axEl] IN: pid=2479 role=AXMenuBarItem → OUT: title=Siri frame=(1752,3,16,24) (0ms)
[2026-07-01 11:24:32] [hand_detect] IN: hand_detect 1920x1080 → OUT: detected=false landmarks=nil confidence=0
[2026-07-01 11:24:32] [face_detect] IN: face_detect → OUT: detected=true landmarks=76 roll=-0.09050487 pitch=-0.45635933 yaw=0.17180584 (4981ms)
[2026-07-01 11:24:32] [mouth_detect] IN: mouth_detect ratio=0.4805607 → OUT: status=CLOSED confirmed=CLOSED
[2026-07-01 11:24:32] [gaze_estimate] IN: yaw=0.17180584 pitch=-0.45635933 → OUT: yawOffset=0.20490259 pitchOffset=-0.24621646 hasFace=true
[2026-07-01 11:24:32] [hand_detect] IN: hand_detect 1920x1080 → OUT: detected=false landmarks=nil confidence=0
[2026-07-01 11:24:32] [face_detect] IN: face_detect → OUT: detected=true landmarks=76 roll=-0.092038855 pitch=-0.47553405 yaw=0.17794177 (10018ms)
[2026-07-01 11:24:32] [mouth_detect] IN: mouth_detect ratio=0.49660414 → OUT: status=CLOSED confirmed=CLOSED
[2026-07-01 11:24:32] [gaze_estimate] IN: yaw=0.17794177 pitch=-0.47553405 → OUT: yawOffset=0.20670852 pitchOffset=-0.25196514 hasFace=true
[2026-07-01 11:24:32] [hand_detect] IN: hand_detect 1920x1080 → OUT: detected=false landmarks=nil confidence=0
[2026-07-01 11:24:32] [face_detect] IN: face_detect → OUT: detected=true landmarks=76 roll=-0.092038855 pitch=-0.47553405 yaw=0.17794177 (5246ms)
[2026-07-01 11:24:32] [mouth_detect] IN: mouth_detect ratio=0.48413724 → OUT: status=CLOSED confirmed=CLOSED
[2026-07-01 11:24:32] [gaze_estimate] IN: yaw=0.17794177 pitch=-0.47553405 → OUT: yawOffset=0.20797268 pitchOffset=-0.25598922 hasFace=true
[2026-07-01 11:24:32] [hand_detect] IN: hand_detect 1920x1080 → OUT: detected=false landmarks=nil confidence=0
[2026-07-01 11:24:32] [face_detect] IN: face_detect → OUT: detected=true landmarks=76 roll=-0.092038855 pitch=-0.47553405 yaw=0.17794177 (5764ms)
[2026-07-01 11:24:32] [mouth_detect] IN: mouth_detect ratio=0.49450475 → OUT: status=CLOSED confirmed=CLOSED
[2026-07-01 11:24:32] [gaze_estimate] IN: yaw=0.17794177 pitch=-0.47553405 → OUT: yawOffset=0.20885758 pitchOffset=-0.25880608 hasFace=true
[2026-07-01 11:24:33] [hand_detect] IN: hand_detect 1920x1080 → OUT: detected=false landmarks=nil confidence=0
[2026-07-01 11:24:33] [face_detect] IN: face_detect → OUT: detected=true landmarks=76 roll=-0.092038855 pitch=-0.47553405 yaw=0.17794177 (7951ms)
[2026-07-01 11:24:33] [mouth_detect] IN: mouth_detect ratio=0.4909176 → OUT: status=CLOSED confirmed=CLOSED
[2026-07-01 11:24:33] [gaze_estimate] IN: yaw=0.17794177 pitch=-0.47553405 → OUT: yawOffset=0.209477 pitchOffset=-0.26077786 hasFace=true
[2026-07-01 11:24:33] [hand_detect] IN: hand_detect 1920x1080 → OUT: detected=false landmarks=nil confidence=0
[2026-07-01 11:24:33] [face_detect] IN: face_detect → OUT: detected=true landmarks=76 roll=-0.092038855 pitch=-0.47553405 yaw=0.17794177 (6943ms)
[2026-07-01 11:24:33] [mouth_detect] IN: mouth_detect ratio=0.4955216 → OUT: status=CLOSED confirmed=CLOSED
[2026-07-01 11:24:33] [gaze_estimate] IN: yaw=0.17794177 pitch=-0.47553405 → OUT: yawOffset=0.20991062 pitchOffset=-0.26215813 hasFace=true
[2026-07-01 11:24:33] [hand_detect] IN: hand_detect 1920x1080 → OUT: detected=false landmarks=nil confidence=0
[2026-07-01 11:24:33] [face_detect] IN: face_detect → OUT: detected=true landmarks=76 roll=-0.092038855 pitch=-0.47553405 yaw=0.17794177 (7191ms)
[2026-07-01 11:24:33] [mouth_detect] IN: mouth_detect ratio=0.50237066 → OUT: status=CLOSED confirmed=CLOSED
[2026-07-01 11:24:33] [gaze_estimate] IN: yaw=0.17794177 pitch=-0.47553405 → OUT: yawOffset=0.21021414 pitchOffset=-0.26312432 hasFace=true
[2026-07-01 11:24:33] [hand_detect] IN: hand_detect 1920x1080 → OUT: detected=false landmarks=nil confidence=0
[2026-07-01 11:24:33] [face_detect] IN: face_detect → OUT: detected=true landmarks=76 roll=-0.092038855 pitch=-0.47553405 yaw=0.17794177 (7694ms)
[2026-07-01 11:24:33] [mouth_detect] IN: mouth_detect ratio=0.4882452 → OUT: status=CLOSED confirmed=CLOSED
[2026-07-01 11:24:33] [gaze_estimate] IN: yaw=0.17794177 pitch=-0.47553405 → OUT: yawOffset=0.2104266 pitchOffset=-0.26380065 hasFace=true
[2026-07-01 11:24:33] [hand_detect] IN: hand_detect 1920x1080 → OUT: detected=false landmarks=nil confidence=0
[2026-07-01 11:24:33] [face_detect] IN: face_detect → OUT: detected=true landmarks=76 roll=-0.092038855 pitch=-0.47553405 yaw=0.17794177 (5576ms)
[2026-07-01 11:24:33] [mouth_detect] IN: mouth_detect ratio=0.48220506 → OUT: status=CLOSED confirmed=CLOSED
[2026-07-01 11:24:33] [gaze_estimate] IN: yaw=0.17794177 pitch=-0.47553405 → OUT: yawOffset=0.21057533 pitchOffset=-0.26427406 hasFace=true
[2026-07-01 11:24:33] [hand_detect] IN: hand_detect 1920x1080 → OUT: detected=false landmarks=nil confidence=0
[2026-07-01 11:24:33] [face_detect] IN: face_detect → OUT: detected=true landmarks=76 roll=-0.092038855 pitch=-0.47553405 yaw=0.17794177 (5194ms)
[2026-07-01 11:24:33] [mouth_detect] IN: mouth_detect ratio=0.490062 → OUT: status=CLOSED confirmed=CLOSED
[2026-07-01 11:24:33] [gaze_estimate] IN: yaw=0.17794177 pitch=-0.47553405 → OUT: yawOffset=0.21067943 pitchOffset=-0.26460546 hasFace=true
[2026-07-01 11:24:33] [hand_detect] IN: hand_detect 1920x1080 → OUT: detected=false landmarks=nil confidence=0
[2026-07-01 11:24:33] [face_detect] IN: face_detect → OUT: detected=true landmarks=76 roll=-0.092038855 pitch=-0.47553405 yaw=0.17794177 (4734ms)
[2026-07-01 11:24:33] [mouth_detect] IN: mouth_detect ratio=0.48071826 → OUT: status=CLOSED confirmed=CLOSED
[2026-07-01 11:24:33] [gaze_estimate] IN: yaw=0.17794177 pitch=-0.47553405 → OUT: yawOffset=0.21075231 pitchOffset=-0.26483744 hasFace=true
[2026-07-01 11:24:33] [hand_detect] IN: hand_detect 1920x1080 → OUT: detected=false landmarks=nil confidence=0
[2026-07-01 11:24:33] [face_detect] IN: face_detect → OUT: detected=true landmarks=76 roll=-0.092038855 pitch=-0.47553405 yaw=0.17794177 (4752ms)
[2026-07-01 11:24:33] [mouth_detect] IN: mouth_detect ratio=0.48990223 → OUT: status=CLOSED confirmed=CLOSED
[2026-07-01 11:24:33] [gaze_estimate] IN: yaw=0.17794177 pitch=-0.47553405 → OUT: yawOffset=0.21080332 pitchOffset=-0.26499984 hasFace=true
[2026-07-01 11:24:33] [hand_detect] IN: hand_detect 1920x1080 → OUT: detected=false landmarks=nil confidence=0
[2026-07-01 11:24:33] [face_detect] IN: face_detect → OUT: detected=true landmarks=76 roll=-0.092038855 pitch=-0.47553405 yaw=0.17794177 (4765ms)
[2026-07-01 11:24:33] [mouth_detect] IN: mouth_detect ratio=0.47008514 → OUT: status=CLOSED confirmed=CLOSED
[2026-07-01 11:24:33] [gaze_estimate] IN: yaw=0.17794177 pitch=-0.47553405 → OUT: yawOffset=0.21083902 pitchOffset=-0.2651135 hasFace=true
[2026-07-01 11:24:33] [hand_detect] IN: hand_detect 1920x1080 → OUT: detected=false landmarks=nil confidence=0
[2026-07-01 11:24:33] [face_detect] IN: face_detect → OUT: detected=true landmarks=76 roll=-0.092038855 pitch=-0.47553405 yaw=0.17794177 (5581ms)
[2026-07-01 11:24:33] [mouth_detect] IN: mouth_detect ratio=0.47670415 → OUT: status=CLOSED confirmed=CLOSED
[2026-07-01 11:24:33] [gaze_estimate] IN: yaw=0.17794177 pitch=-0.47553405 → OUT: yawOffset=0.21086402 pitchOffset=-0.26519307 hasFace=true
[2026-07-01 11:24:33] [hand_detect] IN: hand_detect 1920x1080 → OUT: detected=false landmarks=nil confidence=0
[2026-07-01 11:24:33] [face_detect] IN: face_detect → OUT: detected=true landmarks=76 roll=-0.092038855 pitch=-0.47553405 yaw=0.17794177 (4551ms)
[2026-07-01 11:24:33] [mouth_detect] IN: mouth_detect ratio=0.47358173 → OUT: status=CLOSED confirmed=CLOSED
[2026-07-01 11:24:33] [gaze_estimate] IN: yaw=0.17794177 pitch=-0.47553405 → OUT: yawOffset=0.21088152 pitchOffset=-0.26524878 hasFace=true
[2026-07-01 11:24:33] [hand_detect] IN: hand_detect 1920x1080 → OUT: detected=false landmarks=nil confidence=0
[2026-07-01 11:24:33] [face_detect] IN: face_detect → OUT: detected=true landmarks=76 roll=-0.092038855 pitch=-0.47553405 yaw=0.17794177 (4912ms)
[2026-07-01 11:24:33] [mouth_detect] IN: mouth_detect ratio=0.46761036 → OUT: status=CLOSED confirmed=CLOSED
[2026-07-01 11:24:33] [gaze_estimate] IN: yaw=0.17794177 pitch=-0.47553405 → OUT: yawOffset=0.21089377 pitchOffset=-0.26528776 hasFace=true
[2026-07-01 11:24:33] [hand_detect] IN: hand_detect 1920x1080 → OUT: detected=false landmarks=nil confidence=0
[2026-07-01 11:24:33] [face_detect] IN: face_detect → OUT: detected=true landmarks=76 roll=0.009203885 pitch=-0.3673884 yaw=0.14572817 (8989ms)
[2026-07-01 11:24:33] [mouth_detect] IN: mouth_detect ratio=0.47707498 → OUT: status=CLOSED confirmed=CLOSED
[2026-07-01 11:24:33] [gaze_estimate] IN: yaw=0.14572817 pitch=-0.3673884 → OUT: yawOffset=0.20123826 pitchOffset=-0.23287135 hasFace=true
[2026-07-01 11:24:33] [hand_detect] IN: hand_detect 1920x1080 → OUT: detected=false landmarks=nil confidence=0
[2026-07-01 11:24:33] [face_detect] IN: face_detect → OUT: detected=true landmarks=76 roll=0.009203885 pitch=-0.3673884 yaw=0.14572817 (4752ms)
[2026-07-01 11:24:33] [mouth_detect] IN: mouth_detect ratio=0.47056216 → OUT: status=CLOSED confirmed=CLOSED
[2026-07-01 11:24:33] [gaze_estimate] IN: yaw=0.14572817 pitch=-0.3673884 → OUT: yawOffset=0.1944794 pitchOffset=-0.21017987 hasFace=true
[2026-07-01 11:24:33] [hand_detect] IN: hand_detect 1920x1080 → OUT: detected=false landmarks=nil confidence=0
[2026-07-01 11:24:33] [face_detect] IN: face_detect → OUT: detected=true landmarks=76 roll=0.009203885 pitch=-0.3673884 yaw=0.14572817 (4668ms)
[2026-07-01 11:24:33] [mouth_detect] IN: mouth_detect ratio=0.45960468 → OUT: status=CLOSED confirmed=CLOSED
[2026-07-01 11:24:33] [gaze_estimate] IN: yaw=0.14572817 pitch=-0.3673884 → OUT: yawOffset=0.18974821 pitchOffset=-0.19429582 hasFace=true
[2026-07-01 11:24:33] [hand_detect] IN: hand_detect 1920x1080 → OUT: detected=false landmarks=nil confidence=0
[2026-07-01 11:24:33] [face_detect] IN: face_detect → OUT: detected=true landmarks=76 roll=0.009203885 pitch=-0.3673884 yaw=0.14572817 (5574ms)
[2026-07-01 11:24:33] [mouth_detect] IN: mouth_detect ratio=0.42471412 → OUT: status=CLOSED confirmed=CLOSED
[2026-07-01 11:24:33] [gaze_estimate] IN: yaw=0.14572817 pitch=-0.3673884 → OUT: yawOffset=0.18643637 pitchOffset=-0.183177 hasFace=true
[2026-07-01 11:24:33] [hand_detect] IN: hand_detect 1920x1080 → OUT: detected=false landmarks=nil confidence=0
[2026-07-01 11:24:33] [face_detect] IN: face_detect → OUT: detected=true landmarks=76 roll=0.009203885 pitch=-0.3673884 yaw=0.14572817 (5082ms)
[2026-07-01 11:24:33] [mouth_detect] IN: mouth_detect ratio=0.46985713 → OUT: status=CLOSED confirmed=CLOSED
[2026-07-01 11:24:33] [gaze_estimate] IN: yaw=0.14572817 pitch=-0.3673884 → OUT: yawOffset=0.18411808 pitchOffset=-0.17539382 hasFace=true
[2026-07-01 11:24:33] [hand_detect] IN: hand_detect 1920x1080 → OUT: detected=false landmarks=nil confidence=0
[2026-07-01 11:24:33] [face_detect] IN: face_detect → OUT: detected=true landmarks=76 roll=0.009203885 pitch=-0.3673884 yaw=0.14572817 (4255ms)
[2026-07-01 11:24:33] [mouth_detect] IN: mouth_detect ratio=0.46399164 → OUT: status=CLOSED confirmed=CLOSED
[2026-07-01 11:24:33] [gaze_estimate] IN: yaw=0.14572817 pitch=-0.3673884 → OUT: yawOffset=0.18249528 pitchOffset=-0.1699456 hasFace=true
[2026-07-01 11:24:33] [hand_detect] IN: hand_detect 1920x1080 → OUT: detected=false landmarks=nil confidence=0
[2026-07-01 11:24:33] [face_detect] IN: face_detect → OUT: detected=true landmarks=76 roll=0.009203885 pitch=-0.3673884 yaw=0.14572817 (4493ms)
[2026-07-01 11:24:33] [mouth_detect] IN: mouth_detect ratio=0.4664724 → OUT: status=CLOSED confirmed=CLOSED
[2026-07-01 11:24:33] [gaze_estimate] IN: yaw=0.14572817 pitch=-0.3673884 → OUT: yawOffset=0.18135932 pitchOffset=-0.16613184 hasFace=true
[2026-07-01 11:24:33] [hand_detect] IN: hand_detect 1920x1080 → OUT: detected=false landmarks=nil confidence=0
[2026-07-01 11:24:33] [face_detect] IN: face_detect → OUT: detected=true landmarks=76 roll=0.009203885 pitch=-0.3673884 yaw=0.14572817 (4758ms)
[2026-07-01 11:24:33] [mouth_detect] IN: mouth_detect ratio=0.44946435 → OUT: status=CLOSED confirmed=CLOSED
[2026-07-01 11:24:33] [gaze_estimate] IN: yaw=0.14572817 pitch=-0.3673884 → OUT: yawOffset=0.18056415 pitchOffset=-0.1634622 hasFace=true
[2026-07-01 11:24:33] [axScan] IN: windows=5 → OUT: raw=433 visible=417 [pid79582=346 pid2479=1 pid61336=31 pid2480=9 pid2478=30] (674ms)
[2026-07-01 11:24:33] [axEl] IN: pid=61336 role=AXButton → OUT: title= frame=(901,117,20,20) (0ms)
[2026-07-01 11:24:33] [axEl] IN: pid=61336 role=AXScrollBar → OUT: title= frame=(901,135,19,338) (0ms)
[2026-07-01 11:24:33] [axEl] IN: pid=61336 role=AXButton → OUT: title= frame=(905,139,11,310) (0ms)
[2026-07-01 11:24:33] [axEl] IN: pid=61336 role=AXButton → OUT: title= frame=(410,95,16,16) (0ms)
[2026-07-01 11:24:33] [axEl] IN: pid=61336 role=AXButton → OUT: title= frame=(456,95,16,16) (0ms)
[2026-07-01 11:24:33] [axEl] IN: pid=61336 role=AXButton → OUT: title= frame=(433,95,16,16) (0ms)
[2026-07-01 11:24:33] [axEl] IN: pid=61336 role=AXImage → OUT: title=diqibadao frame=(483,93,18,18) (0ms)
[2026-07-01 11:24:33] [axEl] IN: pid=61336 role=AXStaticText → OUT: title= frame=(502,95,407,16) (0ms)
[2026-07-01 11:24:33] [axEl] IN: pid=61336 role=AXButton → OUT: title= frame=(918,674,20,20) (0ms)
[2026-07-01 11:24:33] [axEl] IN: pid=61336 role=AXScrollBar → OUT: title= frame=(918,692,19,338) (0ms)
[2026-07-01 11:24:33] [axEl] IN: pid=61336 role=AXButton → OUT: title= frame=(922,696,11,310) (0ms)
[2026-07-01 11:24:33] [axEl] IN: pid=61336 role=AXButton → OUT: title= frame=(427,652,16,16) (0ms)
[2026-07-01 11:24:33] [axEl] IN: pid=61336 role=AXButton → OUT: title= frame=(473,652,16,16) (0ms)
[2026-07-01 11:24:33] [axEl] IN: pid=61336 role=AXButton → OUT: title= frame=(450,652,16,16) (0ms)
[2026-07-01 11:24:33] [axEl] IN: pid=61336 role=AXImage → OUT: title=diqibadao frame=(500,650,18,18) (0ms)
[2026-07-01 11:24:33] [axEl] IN: pid=61336 role=AXStaticText → OUT: title= frame=(519,652,241,16) (0ms)
[2026-07-01 11:24:33] [axEl] IN: pid=61336 role=AXButton → OUT: title= frame=(872,88,20,20) (0ms)
[2026-07-01 11:24:33] [axEl] IN: pid=61336 role=AXScrollBar → OUT: title= frame=(872,106,19,338) (0ms)
[2026-07-01 11:24:33] [axEl] IN: pid=61336 role=AXButton → OUT: title= frame=(876,110,11,310) (0ms)
[2026-07-01 11:24:33] [axEl] IN: pid=61336 role=AXButton → OUT: title= frame=(381,66,16,16) (0ms)
[2026-07-01 11:24:33] [axEl] IN: pid=61336 role=AXButton → OUT: title= frame=(427,66,16,16) (0ms)
[2026-07-01 11:24:33] [axEl] IN: pid=61336 role=AXButton → OUT: title= frame=(404,66,16,16) (0ms)
[2026-07-01 11:24:33] [axEl] IN: pid=61336 role=AXImage → OUT: title=diqibadao frame=(454,64,18,18) (0ms)
[2026-07-01 11:24:33] [axEl] IN: pid=61336 role=AXStaticText → OUT: title= frame=(473,66,241,16) (0ms)
[2026-07-01 11:24:33] [axEl] IN: pid=61336 role=AXMenuBarItem → OUT: title=Apple frame=(10,0,34,30) (0ms)
[2026-07-01 11:24:33] [axEl] IN: pid=61336 role=AXMenuBarItem → OUT: title=终端 frame=(43,0,47,30) (0ms)
[2026-07-01 11:24:33] [axEl] IN: pid=61336 role=AXMenuBarItem → OUT: title=Shell frame=(89,0,50,30) (0ms)
[2026-07-01 11:24:33] [axEl] IN: pid=61336 role=AXMenuBarItem → OUT: title=编辑 frame=(138,0,47,30) (0ms)
[2026-07-01 11:24:33] [axEl] IN: pid=61336 role=AXMenuBarItem → OUT: title=显示 frame=(184,0,47,30) (0ms)
[2026-07-01 11:24:33] [axEl] IN: pid=61336 role=AXMenuBarItem → OUT: title=窗口 frame=(230,0,47,30) (0ms)
[2026-07-01 11:24:33] [axEl] IN: pid=61336 role=AXMenuBarItem → OUT: title=帮助 frame=(276,0,47,30) (0ms)
[2026-07-01 11:24:33] [axEl] IN: pid=79582 role=AXLink → OUT: title=跳到输入框 frame=(1390,36,83,35) (0ms)
[2026-07-01 11:24:33] [axEl] IN: pid=79582 role=AXStaticText → OUT: title= frame=(1402,45,59,17) (0ms)
[2026-07-01 11:24:33] [axEl] IN: pid=79582 role=AXImage → OUT: title= frame=(1019,123,118,28) (0ms)
[2026-07-01 11:24:33] [axEl] IN: pid=79582 role=AXButton → OUT: title=新建对话 frame=(1026,173,240,38) (0ms)
[2026-07-01 11:24:33] [axEl] IN: pid=79582 role=AXStaticText → OUT: title= frame=(1032,226,25,18) (0ms)
[2026-07-01 11:24:33] [axEl] IN: pid=79582 role=AXButton → OUT: title=技能 frame=(1026,255,240,30) (0ms)
[2026-07-01 11:24:33] [axEl] IN: pid=79582 role=AXButton → OUT: title=记忆 frame=(1026,289,240,30) (0ms)
[2026-07-01 11:24:33] [axEl] IN: pid=79582 role=AXButton → OUT: title=消息通道 frame=(1026,323,240,30) (0ms)
[2026-07-01 11:24:33] [axEl] IN: pid=79582 role=AXButton → OUT: title=自动化 frame=(1026,357,240,30) (0ms)
[2026-07-01 11:24:33] [axEl] IN: pid=79582 role=AXStaticText → OUT: title= frame=(1032,411,26,18) (0ms)
[2026-07-01 11:24:33] [axEl] IN: pid=79582 role=AXPopUpButton → OUT: title=按时间筛选 frame=(1174,408,24,22) (0ms)
[2026-07-01 11:24:33] [axEl] IN: pid=79582 role=AXCheckBox → OUT: title=收起所有项目 frame=(1204,408,22,22) (0ms)
[2026-07-01 11:24:33] [axEl] IN: pid=79582 role=AXButton → OUT: title=添加新项目 frame=(1235,408,22,22) (0ms)
[2026-07-01 11:24:33] [axEl] IN: pid=79582 role=AXButton → OUT: title=Global frame=(1028,446,204,32) (0ms)
[2026-07-01 11:24:33] [axEl] IN: pid=79582 role=AXButton → OUT: title=新建会话 frame=(1238,450,24,24) (0ms)
[2026-07-01 11:24:33] [axEl] IN: pid=79582 role=AXButton → OUT: title=已粘贴文本 #3 · 71 行] … frame=(1044,483,219,23) (0ms)
[2026-07-01 11:24:33] [axEl] IN: pid=79582 role=AXButton → OUT: title=调研技术方案 @.reasonix… frame=(1044,508,219,23) (0ms)
[2026-07-01 11:24:33] [axEl] IN: pid=79582 role=AXButton → OUT: title=光标控制和手势控制的启动关闭按钮呢 … frame=(1044,533,219,23) (0ms)
[2026-07-01 11:24:33] [axEl] IN: pid=79582 role=AXButton → OUT: title=光标控制和手势控制的启动关闭按钮呢 … frame=(1044,558,219,23) (0ms)
[2026-07-01 11:24:33] [axEl] IN: pid=79582 role=AXButton → OUT: title=新的会话 frame=(1044,583,219,28) (0ms)
[2026-07-01 11:24:33] [axEl] IN: pid=79582 role=AXButton → OUT: title=嗨 你好啊 frame=(1044,613,219,24) (0ms)
[2026-07-01 11:24:33] [axEl] IN: pid=79582 role=AXButton → OUT: title=global会话卡住了 看看啥情况 frame=(1044,638,219,24) (0ms)
[2026-07-01 11:24:33] [axEl] IN: pid=79582 role=AXButton → OUT: title=<memory-compiler-e… frame=(1044,663,219,24) (0ms)
[2026-07-01 11:24:33] [axEl] IN: pid=79582 role=AXButton → OUT: title=自然识别App调研，你看看我的桌面这… frame=(1044,688,219,24) (0ms)
[2026-07-01 11:24:33] [axEl] IN: pid=79582 role=AXButton → OUT: title=我使用的飞鸟加速外网好慢啊 检查下可… frame=(1044,713,219,24) (0ms)
[2026-07-01 11:24:33] [axEl] IN: pid=79582 role=AXButton → OUT: title=<active-goal> 我感觉c… frame=(1044,738,219,24) (0ms)
[2026-07-01 11:24:33] [axEl] IN: pid=79582 role=AXCheckBox → OUT: title=搜索项目或会话 frame=(1026,956,56,30) (0ms)
[2026-07-01 11:24:33] [axEl] IN: pid=79582 role=AXButton → OUT: title= frame=(1087,956,56,30) (0ms)
[2026-07-01 11:24:33] [axEl] IN: pid=79582 role=AXButton → OUT: title= frame=(1149,956,56,30) (0ms)
[2026-07-01 11:24:33] [axEl] IN: pid=79582 role=AXButton → OUT: title= frame=(1210,956,56,30) (0ms)
[2026-07-01 11:24:33] [axEl] IN: pid=79582 role=AXCheckBox → OUT: title=收起导航 frame=(1265,517,26,47) (0ms)
[2026-07-01 11:24:33] [axEl] IN: pid=79582 role=AXHeading → OUT: title=重命名会话 frame=(1296,103,176,19) (0ms)
[2026-07-01 11:24:33] [axEl] IN: pid=79582 role=AXButton → OUT: title=重命名会话 frame=(1296,103,176,19) (0ms)
[2026-07-01 11:24:33] [axEl] IN: pid=79582 role=AXButton → OUT: title=复制会话 frame=(1621,102,30,28) (0ms)
[2026-07-01 11:24:33] [axEl] IN: pid=79582 role=AXPopUpButton → OUT: title=导出会话 frame=(1657,102,30,28) (0ms)
[2026-07-01 11:24:33] [axEl] IN: pid=79582 role=AXCheckBox → OUT: title=改动 frame=(1693,102,30,28) (0ms)
[2026-07-01 11:24:33] [axEl] IN: pid=79582 role=AXButton → OUT: title=键盘快捷键 frame=(1729,102,30,28) (0ms)
[2026-07-01 11:24:33] [axEl] IN: pid=79582 role=AXButton → OUT: title=命令 frame=(1765,102,30,28) (0ms)
[2026-07-01 11:24:33] [axEl] IN: pid=79582 role=AXCheckBox → OUT: title=展开工作区 frame=(1801,102,30,28) (0ms)
[2026-07-01 11:24:33] [axEl] IN: pid=79582 role=AXStaticText → OUT: title= frame=(1362,1,24,16) (0ms)
[2026-07-01 11:24:33] [axEl] IN: pid=79582 role=AXStaticText → OUT: title= frame=(1428,1,9,16) (0ms)
[2026-07-01 11:24:33] [axEl] IN: pid=79582 role=AXStaticText → OUT: title= frame=(1453,1,264,16) (0ms)
[2026-07-01 11:24:33] [axEl] IN: pid=79582 role=AXStaticText → OUT: title= frame=(1362,21,24,15) (0ms)
[2026-07-01 11:24:33] [axEl] IN: pid=79582 role=AXStaticText → OUT: title= frame=(1399,21,24,15) (0ms)
[2026-07-01 11:24:33] [axEl] IN: pid=79582 role=AXStaticText → OUT: title= frame=(1453,21,102,15) (0ms)
[2026-07-01 11:24:33] [axEl] IN: pid=79582 role=AXStaticText → OUT: title= frame=(1362,40,24,16) (0ms)
[2026-07-01 11:24:33] [axEl] IN: pid=79582 role=AXStaticText → OUT: title= frame=(1399,40,24,16) (0ms)
[2026-07-01 11:24:33] [axEl] IN: pid=79582 role=AXStaticText → OUT: title= frame=(1453,40,233,16) (0ms)
[2026-07-01 11:24:33] [axEl] IN: pid=79582 role=AXStaticText → OUT: title= frame=(1362,59,24,16) (0ms)
[2026-07-01 11:24:33] [axEl] IN: pid=79582 role=AXStaticText → OUT: title= frame=(1399,59,24,16) (0ms)
[2026-07-01 11:24:33] [axEl] IN: pid=79582 role=AXButton → OUT: title= frame=(1342,7,234,28) (0ms)
[2026-07-01 11:24:33] [axEl] IN: pid=79582 role=AXButton → OUT: title= frame=(1342,37,514,28) (0ms)
[2026-07-01 11:24:33] [axEl] IN: pid=79582 role=AXButton → OUT: title= frame=(1316,13,495,18) (0ms)
[2026-07-01 11:24:33] [axEl] IN: pid=79582 role=AXButton → OUT: title= frame=(1342,41,507,29) (0ms)
[2026-07-01 11:24:33] [axEl] IN: pid=79582 role=AXStaticText → OUT: title= frame=(1362,76,24,16) (0ms)
[2026-07-01 11:24:33] [axEl] IN: pid=79582 role=AXStaticText → OUT: title= frame=(1399,76,24,16) (0ms)
[2026-07-01 11:24:33] [axEl] IN: pid=79582 role=AXStaticText → OUT: title= frame=(1362,95,24,16) (0ms)
[2026-07-01 11:24:33] [axEl] IN: pid=79582 role=AXStaticText → OUT: title= frame=(1399,95,24,16) (0ms)
[2026-07-01 11:24:33] [axEl] IN: pid=79582 role=AXStaticText → OUT: title= frame=(1453,95,387,16) (0ms)
[2026-07-01 11:24:33] [axEl] IN: pid=79582 role=AXStaticText → OUT: title= frame=(1362,115,24,15) (0ms)
[2026-07-01 11:24:33] [axEl] IN: pid=79582 role=AXStaticText → OUT: title= frame=(1399,115,24,15) (0ms)
[2026-07-01 11:24:33] [axEl] IN: pid=79582 role=AXStaticText → OUT: title= frame=(1453,115,217,15) (0ms)
[2026-07-01 11:24:33] [axEl] IN: pid=79582 role=AXStaticText → OUT: title= frame=(1362,134,24,16) (0ms)
[2026-07-01 11:24:33] [axEl] IN: pid=79582 role=AXStaticText → OUT: title= frame=(1428,134,9,16) (0ms)
[2026-07-01 11:24:33] [axEl] IN: pid=79582 role=AXStaticText → OUT: title= frame=(1453,134,432,16) (0ms)
[2026-07-01 11:24:33] [axEl] IN: pid=79582 role=AXStaticText → OUT: title= frame=(1362,154,24,15) (0ms)
[2026-07-01 11:24:33] [axEl] IN: pid=79582 role=AXStaticText → OUT: title= frame=(1428,154,9,15) (0ms)
[2026-07-01 11:24:33] [axEl] IN: pid=79582 role=AXStaticText → OUT: title= frame=(1453,154,295,15) (0ms)
[2026-07-01 11:24:33] [axEl] IN: pid=79582 role=AXStaticText → OUT: title= frame=(1362,173,24,16) (0ms)
[2026-07-01 11:24:33] [axEl] IN: pid=79582 role=AXStaticText → OUT: title= frame=(1428,173,9,16) (0ms)
[2026-07-01 11:24:33] [axEl] IN: pid=79582 role=AXStaticText → OUT: title= frame=(1453,173,264,16) (0ms)
[2026-07-01 11:24:33] [axEl] IN: pid=79582 role=AXStaticText → OUT: title= frame=(1362,192,24,16) (0ms)
[2026-07-01 11:24:33] [axEl] IN: pid=79582 role=AXStaticText → OUT: title= frame=(1428,192,9,16) (0ms)
[2026-07-01 11:24:33] [axEl] IN: pid=79582 role=AXStaticText → OUT: title= frame=(1453,192,727,16) (0ms)
[2026-07-01 11:24:33] [axEl] IN: pid=79582 role=AXStaticText → OUT: title= frame=(1362,212,24,15) (0ms)
[2026-07-01 11:24:33] [axEl] IN: pid=79582 role=AXStaticText → OUT: title= frame=(1428,212,9,15) (0ms)
[2026-07-01 11:24:33] [axEl] IN: pid=79582 role=AXStaticText → OUT: title= frame=(1453,212,836,15) (0ms)
[2026-07-01 11:24:33] [axEl] IN: pid=79582 role=AXStaticText → OUT: title= frame=(1362,231,24,16) (0ms)
[2026-07-01 11:24:33] [axEl] IN: pid=79582 role=AXStaticText → OUT: title= frame=(1428,231,9,16) (0ms)
[2026-07-01 11:24:33] [axEl] IN: pid=79582 role=AXStaticText → OUT: title= frame=(1453,231,187,16) (0ms)
[2026-07-01 11:24:33] [axEl] IN: pid=79582 role=AXStaticText → OUT: title= frame=(1362,250,24,16) (0ms)
[2026-07-01 11:24:33] [axEl] IN: pid=79582 role=AXStaticText → OUT: title= frame=(1428,250,9,16) (0ms)
[2026-07-01 11:24:33] [axEl] IN: pid=79582 role=AXStaticText → OUT: title= frame=(1453,250,310,16) (0ms)
[2026-07-01 11:24:33] [axEl] IN: pid=79582 role=AXStaticText → OUT: title= frame=(1362,270,24,15) (0ms)
[2026-07-01 11:24:33] [axEl] IN: pid=79582 role=AXStaticText → OUT: title= frame=(1428,270,9,15) (0ms)
[2026-07-01 11:24:33] [axEl] IN: pid=79582 role=AXStaticText → OUT: title= frame=(1453,270,295,15) (0ms)
[2026-07-01 11:24:33] [axEl] IN: pid=79582 role=AXStaticText → OUT: title= frame=(1362,289,24,16) (0ms)
[2026-07-01 11:24:33] [axEl] IN: pid=79582 role=AXStaticText → OUT: title= frame=(1428,289,9,16) (0ms)
[2026-07-01 11:24:33] [axEl] IN: pid=79582 role=AXStaticText → OUT: title= frame=(1453,289,295,16) (0ms)
[2026-07-01 11:24:33] [axEl] IN: pid=79582 role=AXStaticText → OUT: title= frame=(1362,309,24,15) (0ms)
[2026-07-01 11:24:33] [axEl] IN: pid=79582 role=AXStaticText → OUT: title= frame=(1428,309,9,15) (0ms)
[2026-07-01 11:24:33] [axEl] IN: pid=79582 role=AXStaticText → OUT: title= frame=(1453,309,132,15) (0ms)
[2026-07-01 11:24:33] [axEl] IN: pid=79582 role=AXStaticText → OUT: title= frame=(1362,328,24,16) (0ms)
[2026-07-01 11:24:33] [axEl] IN: pid=79582 role=AXStaticText → OUT: title= frame=(1428,328,9,16) (0ms)
[2026-07-01 11:24:33] [axEl] IN: pid=79582 role=AXStaticText → OUT: title= frame=(1453,328,102,16) (0ms)
[2026-07-01 11:24:33] [axEl] IN: pid=79582 role=AXStaticText → OUT: title= frame=(1362,347,24,16) (0ms)
[2026-07-01 11:24:33] [axEl] IN: pid=79582 role=AXStaticText → OUT: title= frame=(1399,347,24,16) (0ms)
[2026-07-01 11:24:33] [axEl] IN: pid=79582 role=AXStaticText → OUT: title= frame=(1453,347,626,16) (0ms)
[2026-07-01 11:24:33] [axEl] IN: pid=79582 role=AXStaticText → OUT: title= frame=(1362,367,24,15) (0ms)
[2026-07-01 11:24:33] [axEl] IN: pid=79582 role=AXStaticText → OUT: title= frame=(1399,367,24,15) (0ms)
[2026-07-01 11:24:33] [axEl] IN: pid=79582 role=AXStaticText → OUT: title= frame=(1453,367,489,15) (0ms)
[2026-07-01 11:24:33] [axEl] IN: pid=79582 role=AXStaticText → OUT: title= frame=(1362,386,24,16) (0ms)
[2026-07-01 11:24:33] [axEl] IN: pid=79582 role=AXStaticText → OUT: title= frame=(1399,386,24,16) (0ms)
[2026-07-01 11:24:33] [axEl] IN: pid=79582 role=AXStaticText → OUT: title= frame=(1453,386,341,16) (0ms)
[2026-07-01 11:24:33] [axEl] IN: pid=79582 role=AXButton → OUT: title=深度思考 frame=(1316,56,69,19) (0ms)
[2026-07-01 11:24:33] [axEl] IN: pid=79582 role=AXButton → OUT: title= frame=(1316,86,167,25) (0ms)
[2026-07-01 11:24:33] [axEl] IN: pid=79582 role=AXButton → OUT: title= frame=(1316,131,495,19) (0ms)
[2026-07-01 11:24:33] [axEl] IN: pid=79582 role=AXButton → OUT: title= frame=(1342,159,513,29) (0ms)
[2026-07-01 11:24:33] [axEl] IN: pid=79582 role=AXButton → OUT: title=深度思考 frame=(1316,174,69,19) (0ms)
[2026-07-01 11:24:33] [axEl] IN: pid=79582 role=AXStaticText → OUT: title= frame=(1316,204,449,21) (0ms)
[2026-07-01 11:24:33] [axEl] IN: pid=79582 role=AXButton → OUT: title= frame=(1316,246,167,25) (0ms)
[2026-07-01 11:24:33] [axEl] IN: pid=79582 role=AXButton → OUT: title= frame=(1316,249,495,19) (0ms)
[2026-07-01 11:24:33] [axEl] IN: pid=79582 role=AXButton → OUT: title= frame=(1342,277,165,29) (0ms)
[2026-07-01 11:24:33] [axEl] IN: pid=79582 role=AXButton → OUT: title=深度思考 frame=(1316,293,69,19) (0ms)
[2026-07-01 11:24:33] [axEl] IN: pid=79582 role=AXButton → OUT: title= frame=(1316,322,167,25) (0ms)
[2026-07-01 11:24:33] [axEl] IN: pid=79582 role=AXButton → OUT: title= frame=(1316,367,495,19) (0ms)
[2026-07-01 11:24:33] [axEl] IN: pid=79582 role=AXButton → OUT: title= frame=(1342,395,290,29) (0ms)
[2026-07-01 11:24:33] [axEl] IN: pid=79582 role=AXButton → OUT: title=深度思考 frame=(1316,411,69,19) (0ms)
[2026-07-01 11:24:33] [axEl] IN: pid=79582 role=AXButton → OUT: title= frame=(1316,440,167,25) (0ms)
[2026-07-01 11:24:33] [axEl] IN: pid=79582 role=AXButton → OUT: title= frame=(1316,485,495,19) (0ms)
[2026-07-01 11:24:33] [axEl] IN: pid=79582 role=AXButton → OUT: title= frame=(1342,513,507,29) (0ms)
[2026-07-01 11:24:33] [axEl] IN: pid=79582 role=AXStaticText → OUT: title= frame=(1370,549,16,15) (0ms)
[2026-07-01 11:24:33] [axEl] IN: pid=79582 role=AXStaticText → OUT: title= frame=(1407,549,16,15) (0ms)
[2026-07-01 11:24:33] [axEl] IN: pid=79582 role=AXStaticText → OUT: title= frame=(1453,549,426,15) (0ms)
[2026-07-01 11:24:33] [axEl] IN: pid=79582 role=AXStaticText → OUT: title= frame=(1370,568,16,16) (0ms)
[2026-07-01 11:24:33] [axEl] IN: pid=79582 role=AXStaticText → OUT: title= frame=(1407,568,16,16) (0ms)
[2026-07-01 11:24:33] [axEl] IN: pid=79582 role=AXStaticText → OUT: title= frame=(1453,568,449,16) (0ms)
[2026-07-01 11:24:33] [axEl] IN: pid=79582 role=AXStaticText → OUT: title= frame=(1370,588,16,15) (0ms)
[2026-07-01 11:24:33] [axEl] IN: pid=79582 role=AXStaticText → OUT: title= frame=(1407,588,16,15) (0ms)
[2026-07-01 11:24:33] [axEl] IN: pid=79582 role=AXStaticText → OUT: title= frame=(1453,588,380,15) (0ms)
[2026-07-01 11:24:33] [axEl] IN: pid=79582 role=AXStaticText → OUT: title= frame=(1370,607,16,16) (0ms)
[2026-07-01 11:24:33] [axEl] IN: pid=79582 role=AXStaticText → OUT: title= frame=(1428,607,9,16) (0ms)
[2026-07-01 11:24:33] [axEl] IN: pid=79582 role=AXStaticText → OUT: title= frame=(1453,607,380,16) (0ms)
[2026-07-01 11:24:33] [axEl] IN: pid=79582 role=AXStaticText → OUT: title= frame=(1362,626,24,16) (0ms)
[2026-07-01 11:24:33] [axEl] IN: pid=79582 role=AXStaticText → OUT: title= frame=(1407,626,16,16) (0ms)
[2026-07-01 11:24:33] [axEl] IN: pid=79582 role=AXStaticText → OUT: title= frame=(1453,626,380,16) (0ms)
[2026-07-01 11:24:33] [axEl] IN: pid=79582 role=AXStaticText → OUT: title= frame=(1362,646,24,15) (0ms)
[2026-07-01 11:24:33] [axEl] IN: pid=79582 role=AXStaticText → OUT: title= frame=(1399,646,24,15) (0ms)
[2026-07-01 11:24:33] [axEl] IN: pid=79582 role=AXStaticText → OUT: title= frame=(1453,646,434,15) (0ms)
[2026-07-01 11:24:33] [axEl] IN: pid=79582 role=AXStaticText → OUT: title= frame=(1362,665,24,16) (0ms)
[2026-07-01 11:24:33] [axEl] IN: pid=79582 role=AXStaticText → OUT: title= frame=(1399,665,24,16) (0ms)
[2026-07-01 11:24:33] [axEl] IN: pid=79582 role=AXStaticText → OUT: title= frame=(1453,665,349,16) (0ms)
[2026-07-01 11:24:33] [axEl] IN: pid=79582 role=AXButton → OUT: title=深度思考 frame=(1316,529,69,19) (0ms)
[2026-07-01 11:24:33] [axEl] IN: pid=79582 role=AXButton → OUT: title= frame=(1316,558,167,25) (0ms)
[2026-07-01 11:24:33] [axEl] IN: pid=79582 role=AXButton → OUT: title= frame=(1316,603,495,19) (0ms)
[2026-07-01 11:24:33] [axEl] IN: pid=79582 role=AXButton → OUT: title= frame=(1342,632,514,29) (0ms)
[2026-07-01 11:24:33] [axEl] IN: pid=79582 role=AXStaticText → OUT: title= frame=(1362,0,24,15) (0ms)
[2026-07-01 11:24:33] [axEl] IN: pid=79582 role=AXStaticText → OUT: title= frame=(1428,0,9,15) (0ms)
[2026-07-01 11:24:33] [axEl] IN: pid=79582 role=AXStaticText → OUT: title= frame=(1453,0,496,15) (0ms)
[2026-07-01 11:24:33] [axEl] IN: pid=79582 role=AXStaticText → OUT: title= frame=(1362,19,24,16) (0ms)
[2026-07-01 11:24:33] [axEl] IN: pid=79582 role=AXStaticText → OUT: title= frame=(1428,19,9,16) (0ms)
[2026-07-01 11:24:33] [axEl] IN: pid=79582 role=AXStaticText → OUT: title= frame=(1453,19,71,16) (0ms)
[2026-07-01 11:24:33] [axEl] IN: pid=79582 role=AXStaticText → OUT: title= frame=(1399,38,24,16) (0ms)
[2026-07-01 11:24:33] [axEl] IN: pid=79582 role=AXStaticText → OUT: title= frame=(1428,38,9,16) (0ms)
[2026-07-01 11:24:33] [axEl] IN: pid=79582 role=AXStaticText → OUT: title= frame=(1453,38,256,16) (0ms)
[2026-07-01 11:24:33] [axEl] IN: pid=79582 role=AXStaticText → OUT: title= frame=(1399,58,24,15) (0ms)
[2026-07-01 11:24:33] [axEl] IN: pid=79582 role=AXStaticText → OUT: title= frame=(1428,58,9,15) (0ms)
[2026-07-01 11:24:33] [axEl] IN: pid=79582 role=AXStaticText → OUT: title= frame=(1453,58,233,15) (0ms)
[2026-07-01 11:24:33] [axEl] IN: pid=79582 role=AXStaticText → OUT: title= frame=(1362,77,24,16) (0ms)
[2026-07-01 11:24:33] [axEl] IN: pid=79582 role=AXStaticText → OUT: title= frame=(1399,77,24,16) (0ms)
[2026-07-01 11:24:33] [axEl] IN: pid=79582 role=AXStaticText → OUT: title= frame=(1453,77,202,16) (0ms)
[2026-07-01 11:24:33] [axEl] IN: pid=79582 role=AXStaticText → OUT: title= frame=(1362,97,24,15) (0ms)
[2026-07-01 11:24:33] [axEl] IN: pid=79582 role=AXStaticText → OUT: title= frame=(1399,97,24,15) (0ms)
[2026-07-01 11:24:33] [axEl] IN: pid=79582 role=AXStaticText → OUT: title= frame=(1453,97,40,15) (0ms)
[2026-07-01 11:24:33] [axEl] IN: pid=79582 role=AXStaticText → OUT: title= frame=(1362,116,24,16) (0ms)
[2026-07-01 11:24:33] [axEl] IN: pid=79582 role=AXStaticText → OUT: title= frame=(1399,116,24,16) (0ms)
[2026-07-01 11:24:33] [axEl] IN: pid=79582 role=AXStaticText → OUT: title= frame=(1362,-3,24,16) (0ms)
[2026-07-01 11:24:33] [axEl] IN: pid=79582 role=AXStaticText → OUT: title= frame=(1428,-3,9,16) (0ms)
[2026-07-01 11:24:33] [axEl] IN: pid=79582 role=AXStaticText → OUT: title= frame=(1362,16,24,16) (0ms)
[2026-07-01 11:24:33] [axEl] IN: pid=79582 role=AXStaticText → OUT: title= frame=(1399,16,24,16) (0ms)
[2026-07-01 11:24:33] [axEl] IN: pid=79582 role=AXStaticText → OUT: title= frame=(1453,16,426,16) (0ms)
[2026-07-01 11:24:33] [axEl] IN: pid=79582 role=AXStaticText → OUT: title= frame=(1362,36,24,15) (0ms)
[2026-07-01 11:24:33] [axEl] IN: pid=79582 role=AXStaticText → OUT: title= frame=(1399,36,24,15) (0ms)
[2026-07-01 11:24:33] [axEl] IN: pid=79582 role=AXStaticText → OUT: title= frame=(1453,36,140,15) (0ms)
[2026-07-01 11:24:33] [axEl] IN: pid=79582 role=AXStaticText → OUT: title= frame=(1362,55,24,16) (0ms)
[2026-07-01 11:24:33] [axEl] IN: pid=79582 role=AXStaticText → OUT: title= frame=(1399,55,24,16) (0ms)
[2026-07-01 11:24:33] [axEl] IN: pid=79582 role=AXStaticText → OUT: title= frame=(1453,55,411,16) (0ms)
[2026-07-01 11:24:33] [axEl] IN: pid=79582 role=AXStaticText → OUT: title= frame=(1370,7,16,15) (0ms)
[2026-07-01 11:24:33] [axEl] IN: pid=79582 role=AXStaticText → OUT: title= frame=(1407,7,16,15) (0ms)
[2026-07-01 11:24:33] [axEl] IN: pid=79582 role=AXStaticText → OUT: title= frame=(1453,7,196,15) (0ms)
[2026-07-01 11:24:33] [axEl] IN: pid=79582 role=AXStaticText → OUT: title= frame=(1370,26,16,16) (0ms)
[2026-07-01 11:24:33] [axEl] IN: pid=79582 role=AXStaticText → OUT: title= frame=(1407,26,16,16) (0ms)
[2026-07-01 11:24:33] [axEl] IN: pid=79582 role=AXStaticText → OUT: title= frame=(1453,26,196,16) (0ms)
[2026-07-01 11:24:33] [axEl] IN: pid=79582 role=AXStaticText → OUT: title= frame=(1370,45,16,16) (0ms)
[2026-07-01 11:24:33] [axEl] IN: pid=79582 role=AXStaticText → OUT: title= frame=(1407,45,16,16) (0ms)
[2026-07-01 11:24:33] [axEl] IN: pid=79582 role=AXButton → OUT: title= frame=(1316,39,495,19) (0ms)
[2026-07-01 11:24:33] [axEl] IN: pid=79582 role=AXButton → OUT: title= frame=(1342,67,469,10) (0ms)
[2026-07-01 11:24:33] [axEl] IN: pid=79582 role=AXButton → OUT: title= frame=(1342,97,469,10) (0ms)
[2026-07-01 11:24:33] [axEl] IN: pid=79582 role=AXStaticText → OUT: title= frame=(1316,-5,259,20) (0ms)
[2026-07-01 11:24:33] [axEl] IN: pid=79582 role=AXButton → OUT: title= frame=(1316,36,167,25) (0ms)
[2026-07-01 11:24:33] [axEl] IN: pid=79582 role=AXButton → OUT: title=复制 frame=(1312,66,28,25) (0ms)
[2026-07-01 11:24:33] [axEl] IN: pid=79582 role=AXButton → OUT: title= frame=(1342,66,28,25) (0ms)
[2026-07-01 11:24:33] [axEl] IN: pid=79582 role=AXPopUpButton → OUT: title= frame=(1372,66,28,25) (0ms)
[2026-07-01 11:24:33] [axEl] IN: pid=79582 role=AXPopUpButton → OUT: title= frame=(1402,66,28,25) (0ms)
[2026-07-01 11:24:33] [axEl] IN: pid=79582 role=AXStaticText → OUT: title= frame=(1434,115,363,20) (0ms)
[2026-07-01 11:24:33] [axEl] IN: pid=79582 role=AXStaticText → OUT: title= frame=(1720,146,27,18) (0ms)
[2026-07-01 11:24:33] [axEl] IN: pid=79582 role=AXButton → OUT: title=复制 frame=(1755,143,22,23) (0ms)
[2026-07-01 11:24:33] [axEl] IN: pid=79582 role=AXButton → OUT: title=编辑 frame=(1785,143,22,23) (0ms)
[2026-07-01 11:24:33] [axEl] IN: pid=79582 role=AXStaticText → OUT: title= frame=(1419,190,376,55) (0ms)
[2026-07-01 11:24:33] [axEl] IN: pid=79582 role=AXStaticText → OUT: title= frame=(1720,256,27,18) (0ms)
[2026-07-01 11:24:33] [axEl] IN: pid=79582 role=AXButton → OUT: title=复制 frame=(1755,253,22,23) (0ms)
[2026-07-01 11:24:33] [axEl] IN: pid=79582 role=AXButton → OUT: title=编辑 frame=(1785,253,22,23) (0ms)
[2026-07-01 11:24:33] [axEl] IN: pid=79582 role=AXButton → OUT: title=工具调用已处理 21s frame=(1316,295,69,19) (0ms)
[2026-07-01 11:24:33] [axEl] IN: pid=79582 role=AXButton → OUT: title=深度思考 frame=(1316,331,495,10) (0ms)
[2026-07-01 11:24:33] [axEl] IN: pid=79582 role=AXButton → OUT: title= frame=(1316,331,495,10) (0ms)
[2026-07-01 11:24:33] [axEl] IN: pid=79582 role=AXButton → OUT: title=已探索 1 次搜索 frame=(1316,407,495,19) (0ms)
[2026-07-01 11:24:33] [axEl] IN: pid=79582 role=AXButton → OUT: title= frame=(1342,435,469,10) (0ms)
[2026-07-01 11:24:33] [axEl] IN: pid=79582 role=AXButton → OUT: title=深度思考 frame=(1316,449,495,10) (0ms)
[2026-07-01 11:24:33] [axEl] IN: pid=79582 role=AXButton → OUT: title= frame=(1316,449,495,10) (0ms)
[2026-07-01 11:24:33] [axEl] IN: pid=79582 role=AXButton → OUT: title=Shell 1 次命令 frame=(1316,525,495,19) (0ms)
[2026-07-01 11:24:33] [axEl] IN: pid=79582 role=AXButton → OUT: title= frame=(1342,553,469,10) (0ms)
[2026-07-01 11:24:33] [axEl] IN: pid=79582 role=AXButton → OUT: title=深度思考 frame=(1316,567,495,10) (0ms)
[2026-07-01 11:24:33] [axEl] IN: pid=79582 role=AXButton → OUT: title= frame=(1316,567,495,10) (0ms)
[2026-07-01 11:24:33] [axEl] IN: pid=79582 role=AXButton → OUT: title=Shell 1 次命令 frame=(1316,643,495,19) (0ms)
[2026-07-01 11:24:33] [axEl] IN: pid=79582 role=AXButton → OUT: title= frame=(1342,671,469,10) (0ms)
[2026-07-01 11:24:33] [axEl] IN: pid=79582 role=AXButton → OUT: title=深度思考 frame=(1316,685,495,10) (0ms)
[2026-07-01 11:24:33] [axEl] IN: pid=79582 role=AXButton → OUT: title= frame=(1316,685,495,10) (0ms)
[2026-07-01 11:24:33] [axEl] IN: pid=79582 role=AXButton → OUT: title=Shell 1 次命令 frame=(1316,761,495,19) (0ms)
[2026-07-01 11:24:33] [axEl] IN: pid=79582 role=AXButton → OUT: title= frame=(1342,789,469,10) (0ms)
[2026-07-01 11:24:33] [axEl] IN: pid=79582 role=AXButton → OUT: title=深度思考 frame=(1316,803,495,10) (0ms)
[2026-07-01 11:24:33] [axEl] IN: pid=79582 role=AXButton → OUT: title= frame=(1316,803,495,10) (0ms)
[2026-07-01 11:24:33] [axEl] IN: pid=79582 role=AXButton → OUT: title=Shell 1 次命令 frame=(1316,879,495,19) (0ms)
[2026-07-01 11:24:33] [axEl] IN: pid=79582 role=AXButton → OUT: title= frame=(1342,907,469,10) (0ms)
[2026-07-01 11:24:33] [axEl] IN: pid=79582 role=AXButton → OUT: title=深度思考 frame=(1316,921,495,10) (0ms)
[2026-07-01 11:24:33] [axEl] IN: pid=79582 role=AXButton → OUT: title= frame=(1316,921,495,10) (0ms)
[2026-07-01 11:24:33] [axEl] IN: pid=79582 role=AXButton → OUT: title=已探索 1 次读取 frame=(1316,997,495,19) (0ms)
[2026-07-01 11:24:33] [axEl] IN: pid=79582 role=AXButton → OUT: title= frame=(1342,1026,469,10) (0ms)
[2026-07-01 11:24:33] [axEl] IN: pid=79582 role=AXButton → OUT: title=深度思考 frame=(1316,1040,495,10) (0ms)
[2026-07-01 11:24:33] [axEl] IN: pid=79582 role=AXButton → OUT: title= frame=(1316,1040,495,10) (0ms)
[2026-07-01 11:24:33] [axEl] IN: pid=79582 role=AXStaticText → OUT: title= frame=(1316,333,494,69) (0ms)
[2026-07-01 11:24:33] [axEl] IN: pid=79582 role=AXButton → OUT: title=5 条 Memory v5 编译引用 frame=(1316,424,167,25) (0ms)
[2026-07-01 11:24:33] [axEl] IN: pid=79582 role=AXButton → OUT: title=复制 frame=(1312,454,28,25) (0ms)
[2026-07-01 11:24:33] [axEl] IN: pid=79582 role=AXButton → OUT: title= frame=(1342,454,28,25) (0ms)
[2026-07-01 11:24:33] [axEl] IN: pid=79582 role=AXPopUpButton → OUT: title= frame=(1372,454,28,25) (0ms)
[2026-07-01 11:24:33] [axEl] IN: pid=79582 role=AXPopUpButton → OUT: title= frame=(1402,454,28,25) (0ms)
[2026-07-01 11:24:33] [axEl] IN: pid=79582 role=AXStaticText → OUT: title= frame=(1419,502,364,37) (0ms)
[2026-07-01 11:24:33] [axEl] IN: pid=79582 role=AXStaticText → OUT: title= frame=(1718,551,29,17) (0ms)
[2026-07-01 11:24:33] [axEl] IN: pid=79582 role=AXButton → OUT: title=复制 frame=(1755,548,22,23) (0ms)
[2026-07-01 11:24:33] [axEl] IN: pid=79582 role=AXButton → OUT: title=编辑 frame=(1785,548,22,23) (0ms)
[2026-07-01 11:24:33] [axEl] IN: pid=79582 role=AXButton → OUT: title=工具调用已处理 4s frame=(1316,590,69,19) (0ms)
[2026-07-01 11:24:33] [axEl] IN: pid=79582 role=AXButton → OUT: title=深度思考 frame=(1316,627,69,19) (0ms)
[2026-07-01 11:24:33] [axEl] IN: pid=79582 role=AXStaticText → OUT: title= frame=(1316,657,349,20) (0ms)
[2026-07-01 11:24:33] [axEl] IN: pid=79582 role=AXButton → OUT: title= frame=(1316,699,167,25) (0ms)
[2026-07-01 11:24:33] [axEl] IN: pid=79582 role=AXButton → OUT: title=已修改 1 次编辑 frame=(1316,701,495,19) (0ms)
[2026-07-01 11:24:33] [axEl] IN: pid=79582 role=AXButton → OUT: title= frame=(1342,729,92,29) (0ms)
[2026-07-01 11:24:33] [axEl] IN: pid=79582 role=AXStaticText → OUT: title= frame=(1370,765,16,15) (0ms)
[2026-07-01 11:24:33] [axEl] IN: pid=79582 role=AXStaticText → OUT: title= frame=(1407,765,16,15) (0ms)
[2026-07-01 11:24:33] [axEl] IN: pid=79582 role=AXStaticText → OUT: title= frame=(1453,765,318,15) (0ms)
[2026-07-01 11:24:33] [axEl] IN: pid=79582 role=AXStaticText → OUT: title= frame=(1370,784,16,16) (0ms)
[2026-07-01 11:24:33] [axEl] IN: pid=79582 role=AXStaticText → OUT: title= frame=(1407,784,16,16) (0ms)
[2026-07-01 11:24:33] [axEl] IN: pid=79582 role=AXStaticText → OUT: title= frame=(1453,784,217,16) (0ms)
[2026-07-01 11:24:33] [axEl] IN: pid=79582 role=AXStaticText → OUT: title= frame=(1370,803,16,16) (0ms)
[2026-07-01 11:24:33] [axEl] IN: pid=79582 role=AXStaticText → OUT: title= frame=(1407,803,16,16) (0ms)
[2026-07-01 11:24:33] [axEl] IN: pid=79582 role=AXStaticText → OUT: title= frame=(1453,803,364,16) (0ms)
[2026-07-01 11:24:33] [axEl] IN: pid=79582 role=AXStaticText → OUT: title= frame=(1407,823,16,15) (0ms)
[2026-07-01 11:24:33] [axEl] IN: pid=79582 role=AXStaticText → OUT: title= frame=(1428,823,9,15) (0ms)
[2026-07-01 11:24:33] [axEl] IN: pid=79582 role=AXStaticText → OUT: title= frame=(1453,823,225,15) (0ms)
[2026-07-01 11:24:33] [axEl] IN: pid=79582 role=AXStaticText → OUT: title= frame=(1370,842,16,16) (0ms)
[2026-07-01 11:24:33] [axEl] IN: pid=79582 role=AXStaticText → OUT: title= frame=(1407,842,16,16) (0ms)
[2026-07-01 11:24:33] [axEl] IN: pid=79582 role=AXStaticText → OUT: title= frame=(1453,842,395,16) (0ms)
[2026-07-01 11:24:33] [axEl] IN: pid=79582 role=AXStaticText → OUT: title= frame=(1370,862,16,15) (0ms)
[2026-07-01 11:24:33] [axEl] IN: pid=79582 role=AXStaticText → OUT: title= frame=(1428,862,9,15) (0ms)
[2026-07-01 11:24:33] [axEl] IN: pid=79582 role=AXStaticText → OUT: title= frame=(1453,862,519,15) (0ms)
[2026-07-01 11:24:33] [axEl] IN: pid=79582 role=AXStaticText → OUT: title= frame=(1370,881,16,16) (0ms)
[2026-07-01 11:24:33] [axEl] IN: pid=79582 role=AXStaticText → OUT: title= frame=(1428,881,9,16) (0ms)
[2026-07-01 11:24:33] [axEl] IN: pid=79582 role=AXStaticText → OUT: title= frame=(1453,881,326,16) (0ms)
[2026-07-01 11:24:33] [axEl] IN: pid=79582 role=AXStaticText → OUT: title= frame=(1370,900,16,16) (0ms)
[2026-07-01 11:24:33] [axEl] IN: pid=79582 role=AXStaticText → OUT: title= frame=(1428,900,9,16) (0ms)
[2026-07-01 11:24:33] [axEl] IN: pid=79582 role=AXStaticText → OUT: title= frame=(1453,900,380,16) (0ms)
[2026-07-01 11:24:33] [axEl] IN: pid=79582 role=AXStaticText → OUT: title= frame=(1370,920,16,15) (0ms)
[2026-07-01 11:24:33] [axEl] IN: pid=79582 role=AXStaticText → OUT: title= frame=(1428,920,9,15) (0ms)
[2026-07-01 11:24:33] [axEl] IN: pid=79582 role=AXStaticText → OUT: title= frame=(1453,920,132,15) (0ms)
[2026-07-01 11:24:33] [axEl] IN: pid=79582 role=AXStaticText → OUT: title= frame=(1407,939,16,16) (0ms)
[2026-07-01 11:24:33] [axEl] IN: pid=79582 role=AXStaticText → OUT: title= frame=(1428,939,9,16) (0ms)
[2026-07-01 11:24:33] [axEl] IN: pid=79582 role=AXStaticText → OUT: title= frame=(1453,939,380,16) (0ms)
[2026-07-01 11:24:33] [axEl] IN: pid=79582 role=AXStaticText → OUT: title= frame=(1407,958,16,16) (0ms)
[2026-07-01 11:24:33] [axEl] IN: pid=79582 role=AXStaticText → OUT: title= frame=(1428,958,9,16) (0ms)
[2026-07-01 11:24:33] [axEl] IN: pid=79582 role=AXStaticText → OUT: title= frame=(1453,958,372,16) (0ms)
[2026-07-01 11:24:33] [axEl] IN: pid=79582 role=AXStaticText → OUT: title= frame=(1370,978,16,15) (0ms)
[2026-07-01 11:24:33] [axEl] IN: pid=79582 role=AXStaticText → OUT: title= frame=(1407,978,16,15) (0ms)
[2026-07-01 11:24:33] [axEl] IN: pid=79582 role=AXStaticText → OUT: title= frame=(1453,978,102,15) (0ms)
[2026-07-01 11:24:33] [axEl] IN: pid=79582 role=AXStaticText → OUT: title= frame=(1370,997,16,16) (0ms)
[2026-07-01 11:24:33] [axEl] IN: pid=79582 role=AXStaticText → OUT: title= frame=(1407,997,16,16) (0ms)
[2026-07-01 11:24:33] [axEl] IN: pid=79582 role=AXStaticText → OUT: title= frame=(1453,997,71,16) (0ms)
[2026-07-01 11:24:33] [axEl] IN: pid=79582 role=AXStaticText → OUT: title= frame=(1370,1017,16,15) (0ms)
[2026-07-01 11:24:33] [axEl] IN: pid=79582 role=AXStaticText → OUT: title= frame=(1407,1017,16,15) (0ms)
[2026-07-01 11:24:33] [axEl] IN: pid=79582 role=AXStaticText → OUT: title= frame=(1453,1017,457,15) (0ms)
[2026-07-01 11:24:33] [axEl] IN: pid=79582 role=AXButton → OUT: title=深度思考 frame=(1316,743,495,10) (0ms)
[2026-07-01 11:24:33] [axEl] IN: pid=79582 role=AXButton → OUT: title= frame=(1316,743,495,10) (0ms)
[2026-07-01 11:24:33] [axEl] IN: pid=79582 role=AXButton → OUT: title=Shell 1 次命令 frame=(1316,819,495,19) (0ms)
[2026-07-01 11:24:33] [axEl] IN: pid=79582 role=AXButton → OUT: title= frame=(1342,848,469,10) (0ms)
[2026-07-01 11:24:33] [axEl] IN: pid=79582 role=AXStaticText → OUT: title= frame=(1316,628,469,69) (0ms)
[2026-07-01 11:24:33] [axEl] IN: pid=79582 role=AXButton → OUT: title=5 条 Memory v5 编译引用 frame=(1316,718,167,25) (0ms)
[2026-07-01 11:24:33] [axEl] IN: pid=79582 role=AXButton → OUT: title=跳转到问题 16 frame=(1805,7,32,15) (0ms)
[2026-07-01 11:24:33] [axEl] IN: pid=79582 role=AXButton → OUT: title=跳转到问题 17 frame=(1805,27,32,15) (0ms)
[2026-07-01 11:24:33] [axEl] IN: pid=79582 role=AXButton → OUT: title=跳转到问题 18 frame=(1805,47,32,15) (0ms)
[2026-07-01 11:24:33] [axEl] IN: pid=79582 role=AXButton → OUT: title=跳转到问题 19 frame=(1805,67,32,15) (0ms)
[2026-07-01 11:24:33] [axEl] IN: pid=79582 role=AXButton → OUT: title=跳转到问题 20 frame=(1805,87,32,15) (0ms)
[2026-07-01 11:24:33] [axEl] IN: pid=79582 role=AXButton → OUT: title=跳转到问题 21 frame=(1805,107,32,15) (0ms)
[2026-07-01 11:24:33] [axEl] IN: pid=79582 role=AXButton → OUT: title=跳转到问题 22 frame=(1805,127,32,15) (0ms)
[2026-07-01 11:24:33] [axEl] IN: pid=79582 role=AXButton → OUT: title=跳转到问题 23 frame=(1805,147,32,15) (0ms)
[2026-07-01 11:24:33] [axEl] IN: pid=79582 role=AXButton → OUT: title=跳转到问题 24 frame=(1805,167,32,15) (0ms)
[2026-07-01 11:24:33] [axEl] IN: pid=79582 role=AXButton → OUT: title=跳转到问题 25 frame=(1805,187,32,15) (0ms)
[2026-07-01 11:24:33] [axEl] IN: pid=79582 role=AXButton → OUT: title=跳转到问题 26 frame=(1805,207,32,15) (0ms)
[2026-07-01 11:24:33] [axEl] IN: pid=79582 role=AXButton → OUT: title=跳转到问题 27 frame=(1805,227,32,15) (0ms)
[2026-07-01 11:24:33] [axEl] IN: pid=79582 role=AXButton → OUT: title=跳转到问题 28 frame=(1805,247,32,15) (0ms)
[2026-07-01 11:24:33] [axEl] IN: pid=79582 role=AXButton → OUT: title=跳转到问题 29 frame=(1805,267,32,15) (0ms)
[2026-07-01 11:24:33] [axEl] IN: pid=79582 role=AXButton → OUT: title=跳转到问题 30 frame=(1805,287,32,15) (0ms)
[2026-07-01 11:24:33] [axEl] IN: pid=79582 role=AXButton → OUT: title=跳转到问题 31 frame=(1805,307,32,15) (0ms)
[2026-07-01 11:24:33] [axEl] IN: pid=79582 role=AXButton → OUT: title=跳转到问题 32 frame=(1805,327,32,15) (0ms)
[2026-07-01 11:24:33] [axEl] IN: pid=79582 role=AXButton → OUT: title=跳转到问题 33 frame=(1805,347,32,15) (0ms)
[2026-07-01 11:24:33] [axEl] IN: pid=79582 role=AXButton → OUT: title=跳转到问题 34 frame=(1805,367,32,15) (0ms)
[2026-07-01 11:24:33] [axEl] IN: pid=79582 role=AXButton → OUT: title=跳转到问题 35 frame=(1805,387,32,15) (0ms)
[2026-07-01 11:24:33] [axEl] IN: pid=79582 role=AXButton → OUT: title=跳转到问题 36 frame=(1805,407,32,15) (0ms)
[2026-07-01 11:24:33] [axEl] IN: pid=79582 role=AXButton → OUT: title=跳转到问题 37 frame=(1805,427,32,15) (0ms)
[2026-07-01 11:24:33] [axEl] IN: pid=79582 role=AXButton → OUT: title=跳转到问题 38 frame=(1805,447,32,15) (0ms)
[2026-07-01 11:24:33] [axEl] IN: pid=79582 role=AXButton → OUT: title=跳转到问题 39 frame=(1805,467,32,15) (0ms)
[2026-07-01 11:24:33] [axEl] IN: pid=79582 role=AXButton → OUT: title=跳转到问题 40 frame=(1805,487,32,15) (0ms)
[2026-07-01 11:24:33] [axEl] IN: pid=79582 role=AXButton → OUT: title=跳转到问题 41 frame=(1805,507,32,15) (0ms)
[2026-07-01 11:24:33] [axEl] IN: pid=79582 role=AXButton → OUT: title=跳转到问题 42 frame=(1805,527,32,15) (0ms)
[2026-07-01 11:24:33] [axEl] IN: pid=79582 role=AXButton → OUT: title=跳转到问题 43 frame=(1805,547,32,15) (0ms)
[2026-07-01 11:24:33] [axEl] IN: pid=79582 role=AXButton → OUT: title=跳转到问题 44 frame=(1805,567,32,15) (0ms)
[2026-07-01 11:24:33] [axEl] IN: pid=79582 role=AXStaticText → OUT: title= frame=(1330,796,27,19) (0ms)
[2026-07-01 11:24:33] [axEl] IN: pid=79582 role=AXStaticText → OUT: title= frame=(1371,800,8,17) (0ms)
[2026-07-01 11:24:33] [axEl] IN: pid=79582 role=AXStaticText → OUT: title= frame=(1378,800,7,17) (0ms)
[2026-07-01 11:24:33] [axEl] IN: pid=79582 role=AXStaticText → OUT: title= frame=(1384,800,8,17) (0ms)
[2026-07-01 11:24:33] [axEl] IN: pid=79582 role=AXStaticText → OUT: title= frame=(1330,822,87,18) (0ms)
[2026-07-01 11:24:33] [axEl] IN: pid=79582 role=AXButton → OUT: title=展开 frame=(1709,797,41,25) (0ms)
[2026-07-01 11:24:33] [axEl] IN: pid=79582 role=AXButton → OUT: title=关闭 frame=(1755,797,42,25) (0ms)
[2026-07-01 11:24:33] [axEl] IN: pid=79582 role=AXTextArea → OUT: title=给 Reasonix 发消息… ( / 命令 · @ 文件 · ! 终端 ) frame=(1337,874,409,38) (0ms)
[2026-07-01 11:24:33] [axEl] IN: pid=79582 role=AXStaticText → OUT: title= frame=(1339,877,344,21) (0ms)
[2026-07-01 11:24:33] [axEl] IN: pid=79582 role=AXButton → OUT: title= frame=(1753,874,35,34) (0ms)
[2026-07-01 11:24:33] [axEl] IN: pid=79582 role=AXPopUpButton → OUT: title=协作方式 frame=(1332,929,29,28) (0ms)
[2026-07-01 11:24:33] [axEl] IN: pid=79582 role=AXCheckBox → OUT: title= frame=(1374,932,25,24) (0ms)
[2026-07-01 11:24:33] [axEl] IN: pid=79582 role=AXCheckBox → OUT: title= frame=(1402,932,25,24) (0ms)
[2026-07-01 11:24:33] [axEl] IN: pid=79582 role=AXCheckBox → OUT: title= frame=(1430,932,25,24) (0ms)
[2026-07-01 11:24:33] [axEl] IN: pid=79582 role=AXButton → OUT: title=deepseek-v4-pro · DeepSeek 官方 frame=(1571,929,141,28) (0ms)
[2026-07-01 11:24:33] [axEl] IN: pid=79582 role=AXPopUpButton → OUT: title=更多控制 frame=(1724,927,66,32) (0ms)
[2026-07-01 11:24:33] [axEl] IN: pid=79582 role=AXButton → OUT: title= frame=(1027,93,12,14) (0ms)
[2026-07-01 11:24:33] [axEl] IN: pid=79582 role=AXButton → OUT: title= frame=(1067,93,12,14) (0ms)
[2026-07-01 11:24:33] [axEl] IN: pid=79582 role=AXButton → OUT: title= frame=(1047,93,12,14) (0ms)
[2026-07-01 11:24:33] [axEl] IN: pid=79582 role=AXMenuBarItem → OUT: title=Apple frame=(10,0,34,30) (0ms)
[2026-07-01 11:24:33] [axEl] IN: pid=79582 role=AXMenuBarItem → OUT: title=Reasonix frame=(43,0,79,30) (0ms)
[2026-07-01 11:24:33] [axEl] IN: pid=79582 role=AXMenuBarItem → OUT: title=File frame=(121,0,43,30) (0ms)
[2026-07-01 11:24:33] [axEl] IN: pid=79582 role=AXMenuBarItem → OUT: title=Edit frame=(163,0,44,30) (0ms)
[2026-07-01 11:24:33] [axEl] IN: pid=79582 role=AXMenuBarItem → OUT: title=Window frame=(206,0,69,30) (0ms)
[2026-07-01 11:24:33] [axEl] IN: pid=2480 role=AXMenuBarItem → OUT: title=Apple frame=(10,0,34,30) (0ms)
[2026-07-01 11:24:33] [axEl] IN: pid=2480 role=AXMenuBarItem → OUT: title=访达 frame=(43,0,47,30) (0ms)
[2026-07-01 11:24:33] [axEl] IN: pid=2480 role=AXMenuBarItem → OUT: title=文件 frame=(89,0,47,30) (0ms)
[2026-07-01 11:24:33] [axEl] IN: pid=2480 role=AXMenuBarItem → OUT: title=编辑 frame=(135,0,46,30) (0ms)
[2026-07-01 11:24:33] [axEl] IN: pid=2480 role=AXMenuBarItem → OUT: title=显示 frame=(180,0,47,30) (0ms)
[2026-07-01 11:24:33] [axEl] IN: pid=2480 role=AXMenuBarItem → OUT: title=前往 frame=(226,0,47,30) (0ms)
[2026-07-01 11:24:33] [axEl] IN: pid=2480 role=AXMenuBarItem → OUT: title=窗口 frame=(272,0,47,30) (0ms)
[2026-07-01 11:24:33] [axEl] IN: pid=2480 role=AXMenuBarItem → OUT: title=帮助 frame=(318,0,47,30) (0ms)
[2026-07-01 11:24:33] [axEl] IN: pid=2480 role=AXImage → OUT: title=vibe项目 frame=(77,469,64,64) (0ms)
[2026-07-01 11:24:33] [axEl] IN: pid=2478 role=AXDockItem → OUT: title=访达 frame=(295,1017,46,58) (0ms)
[2026-07-01 11:24:33] [axEl] IN: pid=2478 role=AXDockItem → OUT: title=App frame=(341,1017,46,58) (0ms)
[2026-07-01 11:24:33] [axEl] IN: pid=2478 role=AXDockItem → OUT: title=地图 frame=(387,1017,46,58) (0ms)
[2026-07-01 11:24:33] [axEl] IN: pid=2478 role=AXDockItem → OUT: title=App Store frame=(433,1017,46,58) (0ms)
[2026-07-01 11:24:33] [axEl] IN: pid=2478 role=AXDockItem → OUT: title=iPhone镜像 frame=(479,1017,46,58) (0ms)
[2026-07-01 11:24:33] [axEl] IN: pid=2478 role=AXDockItem → OUT: title=tntcloud_Lite frame=(525,1017,46,58) (0ms)
[2026-07-01 11:24:33] [axEl] IN: pid=2478 role=AXDockItem → OUT: title=豆包 frame=(571,1017,46,58) (0ms)
[2026-07-01 11:24:33] [axEl] IN: pid=2478 role=AXDockItem → OUT: title=微信 frame=(617,1017,46,58) (0ms)
[2026-07-01 11:24:33] [axEl] IN: pid=2478 role=AXDockItem → OUT: title=ima.copilot frame=(663,1017,46,58) (0ms)
[2026-07-01 11:24:33] [axEl] IN: pid=2478 role=AXDockItem → OUT: title=Google Chrome frame=(709,1017,46,58) (0ms)
[2026-07-01 11:24:33] [axEl] IN: pid=2478 role=AXDockItem → OUT: title=Claude frame=(755,1017,46,58) (0ms)
[2026-07-01 11:24:33] [axEl] IN: pid=2478 role=AXDockItem → OUT: title=飞书 frame=(801,1017,46,58) (0ms)
[2026-07-01 11:24:33] [axEl] IN: pid=2478 role=AXDockItem → OUT: title=终端 frame=(847,1017,46,58) (0ms)
[2026-07-01 11:24:33] [axEl] IN: pid=2478 role=AXDockItem → OUT: title=Visual Studio Code frame=(893,1017,46,58) (0ms)
[2026-07-01 11:24:33] [axEl] IN: pid=2478 role=AXDockItem → OUT: title=Codex frame=(939,1017,46,58) (0ms)
[2026-07-01 11:24:33] [axEl] IN: pid=2478 role=AXDockItem → OUT: title=Reasonix frame=(985,1017,46,58) (0ms)
[2026-07-01 11:24:33] [axEl] IN: pid=2478 role=AXDockItem → OUT: title= frame=(1031,1017,20,58) (0ms)
[2026-07-01 11:24:33] [axEl] IN: pid=2478 role=AXDockItem → OUT: title=屏幕共享 frame=(1052,1017,46,58) (0ms)
[2026-07-01 11:24:33] [axEl] IN: pid=2478 role=AXDockItem → OUT: title=飞鸟加速 frame=(1098,1017,46,58) (0ms)
[2026-07-01 11:24:33] [axEl] IN: pid=2478 role=AXDockItem → OUT: title=预览 frame=(1144,1017,46,58) (0ms)
[2026-07-01 11:24:33] [axEl] IN: pid=2478 role=AXDockItem → OUT: title=网易云音乐 frame=(1190,1017,46,58) (0ms)
[2026-07-01 11:24:33] [axEl] IN: pid=2478 role=AXDockItem → OUT: title=抖音 frame=(1236,1017,46,58) (0ms)
[2026-07-01 11:24:33] [axEl] IN: pid=2478 role=AXDockItem → OUT: title= frame=(1282,1017,20,58) (0ms)
[2026-07-01 11:24:33] [axEl] IN: pid=2478 role=AXDockItem → OUT: title=下载 frame=(1302,1017,46,58) (0ms)
[2026-07-01 11:24:33] [axEl] IN: pid=2478 role=AXDockItem → OUT: title=所有连接 frame=(1348,1017,46,58) (0ms)
[2026-07-01 11:24:33] [axEl] IN: pid=2478 role=AXDockItem → OUT: title=网易云音乐 frame=(1394,1017,46,58) (0ms)
[2026-07-01 11:24:33] [axEl] IN: pid=2478 role=AXDockItem → OUT: title=飞鸟加速 frame=(1440,1017,46,58) (0ms)
[2026-07-01 11:24:33] [axEl] IN: pid=2478 role=AXDockItem → OUT: title=MotionControl Toggle Buttons frame=(1486,1017,46,58) (0ms)
[2026-07-01 11:24:33] [axEl] IN: pid=2478 role=AXDockItem → OUT: title=douyin frame=(1532,1017,46,58) (0ms)
[2026-07-01 11:24:33] [axEl] IN: pid=2478 role=AXDockItem → OUT: title=废纸篓 frame=(1578,1017,46,58) (0ms)
[2026-07-01 11:24:33] [axEl] IN: pid=2479 role=AXMenuBarItem → OUT: title=Siri frame=(1752,3,16,24) (0ms)
[2026-07-01 11:24:33] [hand_detect] IN: hand_detect 1920x1080 → OUT: detected=false landmarks=nil confidence=0
[2026-07-01 11:24:33] [face_detect] IN: face_detect → OUT: detected=true landmarks=76 roll=0.009203885 pitch=-0.3673884 yaw=0.14572817 (4639ms)
[2026-07-01 11:24:33] [mouth_detect] IN: mouth_detect ratio=0.4624569 → OUT: status=CLOSED confirmed=CLOSED
[2026-07-01 11:24:33] [gaze_estimate] IN: yaw=0.14572817 pitch=-0.3673884 → OUT: yawOffset=0.18000753 pitchOffset=-0.16159347 hasFace=true
[2026-07-01 11:24:33] [hand_detect] IN: hand_detect 1920x1080 → OUT: detected=false landmarks=nil confidence=0
[2026-07-01 11:24:33] [face_detect] IN: face_detect → OUT: detected=true landmarks=76 roll=0.009203885 pitch=-0.3673884 yaw=0.14572817 (4957ms)
[2026-07-01 11:24:33] [mouth_detect] IN: mouth_detect ratio=0.45343304 → OUT: status=CLOSED confirmed=CLOSED
[2026-07-01 11:24:33] [gaze_estimate] IN: yaw=0.14572817 pitch=-0.3673884 → OUT: yawOffset=0.1796179 pitchOffset=-0.16028534 hasFace=true
[2026-07-01 11:24:33] [hand_detect] IN: hand_detect 1920x1080 → OUT: detected=false landmarks=nil confidence=0
[2026-07-01 11:24:33] [face_detect] IN: face_detect → OUT: detected=true landmarks=76 roll=0.009203885 pitch=-0.3673884 yaw=0.14572817 (5367ms)
[2026-07-01 11:24:33] [mouth_detect] IN: mouth_detect ratio=0.47511348 → OUT: status=CLOSED confirmed=CLOSED
[2026-07-01 11:24:33] [gaze_estimate] IN: yaw=0.14572817 pitch=-0.3673884 → OUT: yawOffset=0.17934515 pitchOffset=-0.15936965 hasFace=true
[2026-07-01 11:24:33] [hand_detect] IN: hand_detect 1920x1080 → OUT: detected=false landmarks=nil confidence=0
[2026-07-01 11:24:33] [face_detect] IN: face_detect → OUT: detected=true landmarks=76 roll=0.009203885 pitch=-0.3673884 yaw=0.14572817 (5665ms)
[2026-07-01 11:24:33] [mouth_detect] IN: mouth_detect ratio=0.46815458 → OUT: status=CLOSED confirmed=CLOSED
[2026-07-01 11:24:33] [gaze_estimate] IN: yaw=0.14572817 pitch=-0.3673884 → OUT: yawOffset=0.17915423 pitchOffset=-0.15872867 hasFace=true
[2026-07-01 11:24:33] [hand_detect] IN: hand_detect 1920x1080 → OUT: detected=false landmarks=nil confidence=0
[2026-07-01 11:24:33] [face_detect] IN: face_detect → OUT: detected=true landmarks=76 roll=0.009203885 pitch=-0.3673884 yaw=0.14572817 (6590ms)
[2026-07-01 11:24:33] [mouth_detect] IN: mouth_detect ratio=0.48375696 → OUT: status=CLOSED confirmed=CLOSED
[2026-07-01 11:24:33] [gaze_estimate] IN: yaw=0.14572817 pitch=-0.3673884 → OUT: yawOffset=0.17902058 pitchOffset=-0.15827999 hasFace=true
[2026-07-01 11:24:34] [hand_detect] IN: hand_detect 1920x1080 → OUT: detected=false landmarks=nil confidence=0
[2026-07-01 11:24:34] [face_detect] IN: face_detect → OUT: detected=true landmarks=76 roll=0.009203885 pitch=-0.3673884 yaw=0.14572817 (6986ms)
[2026-07-01 11:24:34] [mouth_detect] IN: mouth_detect ratio=0.46287954 → OUT: status=CLOSED confirmed=CLOSED
[2026-07-01 11:24:34] [gaze_estimate] IN: yaw=0.14572817 pitch=-0.3673884 → OUT: yawOffset=0.17892703 pitchOffset=-0.15796591 hasFace=true
[2026-07-01 11:24:34] [hand_detect] IN: hand_detect 1920x1080 → OUT: detected=false landmarks=nil confidence=0
[2026-07-01 11:24:34] [face_detect] IN: face_detect → OUT: detected=true landmarks=76 roll=0.009203885 pitch=-0.3673884 yaw=0.14572817 (7578ms)
[2026-07-01 11:24:34] [mouth_detect] IN: mouth_detect ratio=0.46317914 → OUT: status=CLOSED confirmed=CLOSED
[2026-07-01 11:24:34] [gaze_estimate] IN: yaw=0.14572817 pitch=-0.3673884 → OUT: yawOffset=0.17886154 pitchOffset=-0.15774606 hasFace=true
[2026-07-01 11:24:34] [hand_detect] IN: hand_detect 1920x1080 → OUT: detected=false landmarks=nil confidence=0
[2026-07-01 11:24:34] [face_detect] IN: face_detect → OUT: detected=true landmarks=76 roll=0.05829127 pitch=-0.38042724 yaw=-0.0023009712 (16026ms)
[2026-07-01 11:24:34] [mouth_detect] IN: mouth_detect ratio=0.44462234 → OUT: status=CLOSED confirmed=CLOSED
[2026-07-01 11:24:34] [gaze_estimate] IN: yaw=-0.0023009712 pitch=-0.38042724 → OUT: yawOffset=0.13440697 pitchOffset=-0.16150382 hasFace=true
[2026-07-01 11:24:34] [hand_detect] IN: hand_detect 1920x1080 → OUT: detected=false landmarks=nil confidence=0
[2026-07-01 11:24:34] [face_detect] IN: face_detect → OUT: detected=true landmarks=76 roll=0.05829127 pitch=-0.38042724 yaw=-0.0023009712 (7067ms)
[2026-07-01 11:24:34] [mouth_detect] IN: mouth_detect ratio=0.4634816 → OUT: status=CLOSED confirmed=CLOSED
[2026-07-01 11:24:34] [gaze_estimate] IN: yaw=-0.0023009712 pitch=-0.38042724 → OUT: yawOffset=0.10328876 pitchOffset=-0.16413425 hasFace=true
[2026-07-01 11:24:34] [hand_detect] IN: hand_detect 1920x1080 → OUT: detected=false landmarks=nil confidence=0
[2026-07-01 11:24:34] [face_detect] IN: face_detect → OUT: detected=true landmarks=76 roll=0.05829127 pitch=-0.38042724 yaw=-0.0023009712 (4876ms)
[2026-07-01 11:24:34] [mouth_detect] IN: mouth_detect ratio=0.50659347 → OUT: status=CLOSED confirmed=CLOSED
[2026-07-01 11:24:34] [gaze_estimate] IN: yaw=-0.0023009712 pitch=-0.38042724 → OUT: yawOffset=0.081506014 pitchOffset=-0.16597554 hasFace=true
[2026-07-01 11:24:34] [hand_detect] IN: hand_detect 1920x1080 → OUT: detected=false landmarks=nil confidence=0
[2026-07-01 11:24:34] [face_detect] IN: face_detect → OUT: detected=true landmarks=76 roll=0.05829127 pitch=-0.38042724 yaw=-0.0023009712 (5746ms)
[2026-07-01 11:24:34] [mouth_detect] IN: mouth_detect ratio=0.49047592 → OUT: status=CLOSED confirmed=CLOSED
[2026-07-01 11:24:34] [gaze_estimate] IN: yaw=-0.0023009712 pitch=-0.38042724 → OUT: yawOffset=0.066258095 pitchOffset=-0.16726445 hasFace=true
[2026-07-01 11:24:34] [hand_detect] IN: hand_detect 1920x1080 → OUT: detected=false landmarks=nil confidence=0
[2026-07-01 11:24:34] [face_detect] IN: face_detect → OUT: detected=true landmarks=76 roll=0.05829127 pitch=-0.38042724 yaw=-0.0023009712 (4789ms)
[2026-07-01 11:24:34] [mouth_detect] IN: mouth_detect ratio=0.46413115 → OUT: status=CLOSED confirmed=CLOSED
[2026-07-01 11:24:34] [gaze_estimate] IN: yaw=-0.0023009712 pitch=-0.38042724 → OUT: yawOffset=0.05558455 pitchOffset=-0.16816668 hasFace=true
[2026-07-01 11:24:34] [hand_detect] IN: hand_detect 1920x1080 → OUT: detected=false landmarks=nil confidence=0
[2026-07-01 11:24:34] [face_detect] IN: face_detect → OUT: detected=true landmarks=76 roll=0.05829127 pitch=-0.38042724 yaw=-0.0023009712 (4596ms)
[2026-07-01 11:24:34] [mouth_detect] IN: mouth_detect ratio=0.4706731 → OUT: status=CLOSED confirmed=CLOSED
[2026-07-01 11:24:34] [gaze_estimate] IN: yaw=-0.0023009712 pitch=-0.38042724 → OUT: yawOffset=0.048113067 pitchOffset=-0.16879825 hasFace=true
[2026-07-01 11:24:34] [hand_detect] IN: hand_detect 1920x1080 → OUT: detected=false landmarks=nil confidence=0
[2026-07-01 11:24:34] [face_detect] IN: face_detect → OUT: detected=true landmarks=76 roll=0.05829127 pitch=-0.38042724 yaw=-0.0023009712 (4452ms)
[2026-07-01 11:24:34] [mouth_detect] IN: mouth_detect ratio=0.46416765 → OUT: status=CLOSED confirmed=CLOSED
[2026-07-01 11:24:34] [gaze_estimate] IN: yaw=-0.0023009712 pitch=-0.38042724 → OUT: yawOffset=0.04288303 pitchOffset=-0.16924036 hasFace=true
[2026-07-01 11:24:34] [hand_detect] IN: hand_detect 1920x1080 → OUT: detected=false landmarks=nil confidence=0
[2026-07-01 11:24:34] [face_detect] IN: face_detect → OUT: detected=true landmarks=76 roll=0.05829127 pitch=-0.38042724 yaw=-0.0023009712 (4816ms)
[2026-07-01 11:24:34] [mouth_detect] IN: mouth_detect ratio=0.44994795 → OUT: status=CLOSED confirmed=CLOSED
[2026-07-01 11:24:34] [gaze_estimate] IN: yaw=-0.0023009712 pitch=-0.38042724 → OUT: yawOffset=0.039222006 pitchOffset=-0.16954982 hasFace=true
[2026-07-01 11:24:34] [hand_detect] IN: hand_detect 1920x1080 → OUT: detected=false landmarks=nil confidence=0
[2026-07-01 11:24:34] [face_detect] IN: face_detect → OUT: detected=true landmarks=76 roll=0.05829127 pitch=-0.38042724 yaw=-0.0023009712 (4894ms)
[2026-07-01 11:24:34] [mouth_detect] IN: mouth_detect ratio=0.46081445 → OUT: status=CLOSED confirmed=CLOSED
[2026-07-01 11:24:34] [gaze_estimate] IN: yaw=-0.0023009712 pitch=-0.38042724 → OUT: yawOffset=0.036659285 pitchOffset=-0.16976644 hasFace=true
[2026-07-01 11:24:34] [hand_detect] IN: hand_detect 1920x1080 → OUT: detected=false landmarks=nil confidence=0
[2026-07-01 11:24:34] [face_detect] IN: face_detect → OUT: detected=true landmarks=76 roll=0.05829127 pitch=-0.38042724 yaw=-0.0023009712 (4822ms)
[2026-07-01 11:24:34] [mouth_detect] IN: mouth_detect ratio=0.4459985 → OUT: status=CLOSED confirmed=CLOSED
[2026-07-01 11:24:34] [gaze_estimate] IN: yaw=-0.0023009712 pitch=-0.38042724 → OUT: yawOffset=0.034865383 pitchOffset=-0.16991808 hasFace=true
[2026-07-01 11:24:34] [hand_detect] IN: hand_detect 1920x1080 → OUT: detected=false landmarks=nil confidence=0
[2026-07-01 11:24:34] [face_detect] IN: face_detect → OUT: detected=true landmarks=76 roll=0.05829127 pitch=-0.38042724 yaw=-0.0023009712 (5218ms)
[2026-07-01 11:24:34] [mouth_detect] IN: mouth_detect ratio=0.4526945 → OUT: status=CLOSED confirmed=CLOSED
[2026-07-01 11:24:34] [gaze_estimate] IN: yaw=-0.0023009712 pitch=-0.38042724 → OUT: yawOffset=0.03360965 pitchOffset=-0.17002423 hasFace=true
[2026-07-01 11:24:34] [hand_detect] IN: hand_detect 1920x1080 → OUT: detected=false landmarks=nil confidence=0
[2026-07-01 11:24:34] [face_detect] IN: face_detect → OUT: detected=true landmarks=76 roll=0.05829127 pitch=-0.38042724 yaw=-0.0023009712 (4551ms)
[2026-07-01 11:24:34] [mouth_detect] IN: mouth_detect ratio=0.4771258 → OUT: status=CLOSED confirmed=CLOSED
[2026-07-01 11:24:34] [gaze_estimate] IN: yaw=-0.0023009712 pitch=-0.38042724 → OUT: yawOffset=0.03273064 pitchOffset=-0.17009853 hasFace=true
[2026-07-01 11:24:34] [hand_detect] IN: hand_detect 1920x1080 → OUT: detected=false landmarks=nil confidence=0
[2026-07-01 11:24:34] [face_detect] IN: face_detect → OUT: detected=true landmarks=76 roll=0.05829127 pitch=-0.38042724 yaw=-0.0023009712 (4480ms)
[2026-07-01 11:24:34] [mouth_detect] IN: mouth_detect ratio=0.5373344 → OUT: status=CLOSED confirmed=CLOSED
[2026-07-01 11:24:34] [gaze_estimate] IN: yaw=-0.0023009712 pitch=-0.38042724 → OUT: yawOffset=0.03211533 pitchOffset=-0.17015055 hasFace=true
[2026-07-01 11:24:34] [hand_detect] IN: hand_detect 1920x1080 → OUT: detected=false landmarks=nil confidence=0
[2026-07-01 11:24:34] [face_detect] IN: face_detect → OUT: detected=true landmarks=76 roll=0.05829127 pitch=-0.38042724 yaw=-0.0023009712 (4633ms)
[2026-07-01 11:24:34] [mouth_detect] IN: mouth_detect ratio=0.58039093 → OUT: status=CLOSED confirmed=CLOSED
[2026-07-01 11:24:34] [gaze_estimate] IN: yaw=-0.0023009712 pitch=-0.38042724 → OUT: yawOffset=0.031684615 pitchOffset=-0.17018695 hasFace=true
[2026-07-01 11:24:34] [hand_detect] IN: hand_detect 1920x1080 → OUT: detected=false landmarks=nil confidence=0
[2026-07-01 11:24:34] [face_detect] IN: face_detect → OUT: detected=true landmarks=76 roll=0.05829127 pitch=-0.38042724 yaw=-0.0023009712 (4730ms)
[2026-07-01 11:24:34] [mouth_detect] IN: mouth_detect ratio=0.6501865 → OUT: status=CLOSED confirmed=CLOSED
[2026-07-01 11:24:34] [gaze_estimate] IN: yaw=-0.0023009712 pitch=-0.38042724 → OUT: yawOffset=0.031383112 pitchOffset=-0.17021243 hasFace=true
[2026-07-01 11:24:34] [hand_detect] IN: hand_detect 1920x1080 → OUT: detected=false landmarks=nil confidence=0
[2026-07-01 11:24:34] [face_detect] IN: face_detect → OUT: detected=true landmarks=76 roll=-0.0030679617 pitch=-0.36125246 yaw=0.088970885 (9405ms)
[2026-07-01 11:24:34] [mouth_detect] IN: mouth_detect ratio=0.69816405 → OUT: status=CLOSED confirmed=CLOSED
[2026-07-01 11:24:34] [gaze_estimate] IN: yaw=0.088970885 pitch=-0.36125246 → OUT: yawOffset=0.058553617 pitchOffset=-0.16447784 hasFace=true
[2026-07-01 11:24:34] [hand_detect] IN: hand_detect 1920x1080 → OUT: detected=false landmarks=nil confidence=0
[2026-07-01 11:24:34] [face_detect] IN: face_detect → OUT: detected=true landmarks=76 roll=-0.0030679617 pitch=-0.36125246 yaw=0.088970885 (4737ms)
[2026-07-01 11:24:34] [mouth_detect] IN: mouth_detect ratio=0.71436244 → OUT: status=CLOSED confirmed=CLOSED
[2026-07-01 11:24:34] [gaze_estimate] IN: yaw=0.088970885 pitch=-0.36125246 → OUT: yawOffset=0.07757297 pitchOffset=-0.16046362 hasFace=true
[2026-07-01 11:24:34] [axScan] IN: windows=5 → OUT: raw=433 visible=417 [pid79582=346 pid2479=1 pid61336=31 pid2480=9 pid2478=30] (684ms)
[2026-07-01 11:24:34] [axEl] IN: pid=61336 role=AXButton → OUT: title= frame=(901,117,20,20) (0ms)
[2026-07-01 11:24:34] [axEl] IN: pid=61336 role=AXScrollBar → OUT: title= frame=(901,135,19,338) (0ms)
[2026-07-01 11:24:34] [axEl] IN: pid=61336 role=AXButton → OUT: title= frame=(905,139,11,310) (0ms)
[2026-07-01 11:24:34] [axEl] IN: pid=61336 role=AXButton → OUT: title= frame=(410,95,16,16) (0ms)
[2026-07-01 11:24:34] [axEl] IN: pid=61336 role=AXButton → OUT: title= frame=(456,95,16,16) (0ms)
[2026-07-01 11:24:34] [axEl] IN: pid=61336 role=AXButton → OUT: title= frame=(433,95,16,16) (0ms)
[2026-07-01 11:24:34] [axEl] IN: pid=61336 role=AXImage → OUT: title=diqibadao frame=(483,93,18,18) (0ms)
[2026-07-01 11:24:34] [axEl] IN: pid=61336 role=AXStaticText → OUT: title= frame=(502,95,407,16) (0ms)
[2026-07-01 11:24:34] [axEl] IN: pid=61336 role=AXButton → OUT: title= frame=(918,674,20,20) (0ms)
[2026-07-01 11:24:34] [axEl] IN: pid=61336 role=AXScrollBar → OUT: title= frame=(918,692,19,338) (0ms)
[2026-07-01 11:24:34] [axEl] IN: pid=61336 role=AXButton → OUT: title= frame=(922,696,11,310) (0ms)
[2026-07-01 11:24:34] [axEl] IN: pid=61336 role=AXButton → OUT: title= frame=(427,652,16,16) (0ms)
[2026-07-01 11:24:34] [axEl] IN: pid=61336 role=AXButton → OUT: title= frame=(473,652,16,16) (0ms)
[2026-07-01 11:24:34] [axEl] IN: pid=61336 role=AXButton → OUT: title= frame=(450,652,16,16) (0ms)
[2026-07-01 11:24:34] [axEl] IN: pid=61336 role=AXImage → OUT: title=diqibadao frame=(500,650,18,18) (0ms)
[2026-07-01 11:24:34] [axEl] IN: pid=61336 role=AXStaticText → OUT: title= frame=(519,652,241,16) (0ms)
[2026-07-01 11:24:34] [axEl] IN: pid=61336 role=AXButton → OUT: title= frame=(872,88,20,20) (0ms)
[2026-07-01 11:24:34] [axEl] IN: pid=61336 role=AXScrollBar → OUT: title= frame=(872,106,19,338) (0ms)
[2026-07-01 11:24:34] [axEl] IN: pid=61336 role=AXButton → OUT: title= frame=(876,110,11,310) (0ms)
[2026-07-01 11:24:34] [axEl] IN: pid=61336 role=AXButton → OUT: title= frame=(381,66,16,16) (0ms)
[2026-07-01 11:24:34] [axEl] IN: pid=61336 role=AXButton → OUT: title= frame=(427,66,16,16) (0ms)
[2026-07-01 11:24:34] [axEl] IN: pid=61336 role=AXButton → OUT: title= frame=(404,66,16,16) (0ms)
[2026-07-01 11:24:34] [axEl] IN: pid=61336 role=AXImage → OUT: title=diqibadao frame=(454,64,18,18) (0ms)
[2026-07-01 11:24:34] [axEl] IN: pid=61336 role=AXStaticText → OUT: title= frame=(473,66,241,16) (0ms)
[2026-07-01 11:24:34] [axEl] IN: pid=61336 role=AXMenuBarItem → OUT: title=Apple frame=(10,0,34,30) (0ms)
[2026-07-01 11:24:34] [axEl] IN: pid=61336 role=AXMenuBarItem → OUT: title=终端 frame=(43,0,47,30) (0ms)
[2026-07-01 11:24:34] [axEl] IN: pid=61336 role=AXMenuBarItem → OUT: title=Shell frame=(89,0,50,30) (0ms)
[2026-07-01 11:24:34] [axEl] IN: pid=61336 role=AXMenuBarItem → OUT: title=编辑 frame=(138,0,47,30) (0ms)
[2026-07-01 11:24:34] [axEl] IN: pid=61336 role=AXMenuBarItem → OUT: title=显示 frame=(184,0,47,30) (0ms)
[2026-07-01 11:24:34] [axEl] IN: pid=61336 role=AXMenuBarItem → OUT: title=窗口 frame=(230,0,47,30) (0ms)
[2026-07-01 11:24:34] [axEl] IN: pid=61336 role=AXMenuBarItem → OUT: title=帮助 frame=(276,0,47,30) (0ms)
[2026-07-01 11:24:34] [axEl] IN: pid=79582 role=AXLink → OUT: title=跳到输入框 frame=(1390,36,83,35) (0ms)
[2026-07-01 11:24:34] [axEl] IN: pid=79582 role=AXStaticText → OUT: title= frame=(1402,45,59,17) (0ms)
[2026-07-01 11:24:34] [axEl] IN: pid=79582 role=AXImage → OUT: title= frame=(1019,123,118,28) (0ms)
[2026-07-01 11:24:34] [axEl] IN: pid=79582 role=AXButton → OUT: title=新建对话 frame=(1026,173,240,38) (0ms)
[2026-07-01 11:24:34] [axEl] IN: pid=79582 role=AXStaticText → OUT: title= frame=(1032,226,25,18) (0ms)
[2026-07-01 11:24:34] [axEl] IN: pid=79582 role=AXButton → OUT: title=技能 frame=(1026,255,240,30) (0ms)
[2026-07-01 11:24:34] [axEl] IN: pid=79582 role=AXButton → OUT: title=记忆 frame=(1026,289,240,30) (0ms)
[2026-07-01 11:24:34] [axEl] IN: pid=79582 role=AXButton → OUT: title=消息通道 frame=(1026,323,240,30) (0ms)
[2026-07-01 11:24:34] [axEl] IN: pid=79582 role=AXButton → OUT: title=自动化 frame=(1026,357,240,30) (0ms)
[2026-07-01 11:24:34] [axEl] IN: pid=79582 role=AXStaticText → OUT: title= frame=(1032,411,26,18) (0ms)
[2026-07-01 11:24:34] [axEl] IN: pid=79582 role=AXPopUpButton → OUT: title=按时间筛选 frame=(1174,408,24,22) (0ms)
[2026-07-01 11:24:34] [axEl] IN: pid=79582 role=AXCheckBox → OUT: title=收起所有项目 frame=(1204,408,22,22) (0ms)
[2026-07-01 11:24:34] [axEl] IN: pid=79582 role=AXButton → OUT: title=添加新项目 frame=(1235,408,22,22) (0ms)
[2026-07-01 11:24:34] [axEl] IN: pid=79582 role=AXButton → OUT: title=Global frame=(1028,446,204,32) (0ms)
[2026-07-01 11:24:34] [axEl] IN: pid=79582 role=AXButton → OUT: title=新建会话 frame=(1238,450,24,24) (0ms)
[2026-07-01 11:24:34] [axEl] IN: pid=79582 role=AXButton → OUT: title=已粘贴文本 #3 · 71 行] … frame=(1044,483,219,23) (0ms)
[2026-07-01 11:24:34] [axEl] IN: pid=79582 role=AXButton → OUT: title=调研技术方案 @.reasonix… frame=(1044,508,219,23) (0ms)
[2026-07-01 11:24:34] [axEl] IN: pid=79582 role=AXButton → OUT: title=光标控制和手势控制的启动关闭按钮呢 … frame=(1044,533,219,23) (0ms)
[2026-07-01 11:24:34] [axEl] IN: pid=79582 role=AXButton → OUT: title=光标控制和手势控制的启动关闭按钮呢 … frame=(1044,558,219,23) (0ms)
[2026-07-01 11:24:34] [axEl] IN: pid=79582 role=AXButton → OUT: title=新的会话 frame=(1044,583,219,28) (0ms)
[2026-07-01 11:24:34] [axEl] IN: pid=79582 role=AXButton → OUT: title=嗨 你好啊 frame=(1044,613,219,24) (0ms)
[2026-07-01 11:24:34] [axEl] IN: pid=79582 role=AXButton → OUT: title=global会话卡住了 看看啥情况 frame=(1044,638,219,24) (0ms)
[2026-07-01 11:24:34] [axEl] IN: pid=79582 role=AXButton → OUT: title=<memory-compiler-e… frame=(1044,663,219,24) (0ms)
[2026-07-01 11:24:34] [axEl] IN: pid=79582 role=AXButton → OUT: title=自然识别App调研，你看看我的桌面这… frame=(1044,688,219,24) (0ms)
[2026-07-01 11:24:34] [axEl] IN: pid=79582 role=AXButton → OUT: title=我使用的飞鸟加速外网好慢啊 检查下可… frame=(1044,713,219,24) (0ms)
[2026-07-01 11:24:34] [axEl] IN: pid=79582 role=AXButton → OUT: title=<active-goal> 我感觉c… frame=(1044,738,219,24) (0ms)
[2026-07-01 11:24:34] [axEl] IN: pid=79582 role=AXCheckBox → OUT: title=搜索项目或会话 frame=(1026,956,56,30) (0ms)
[2026-07-01 11:24:34] [axEl] IN: pid=79582 role=AXButton → OUT: title= frame=(1087,956,56,30) (0ms)
[2026-07-01 11:24:34] [axEl] IN: pid=79582 role=AXButton → OUT: title= frame=(1149,956,56,30) (0ms)
[2026-07-01 11:24:34] [axEl] IN: pid=79582 role=AXButton → OUT: title= frame=(1210,956,56,30) (0ms)
[2026-07-01 11:24:34] [axEl] IN: pid=79582 role=AXCheckBox → OUT: title=收起导航 frame=(1265,517,26,47) (0ms)
[2026-07-01 11:24:34] [axEl] IN: pid=79582 role=AXHeading → OUT: title=重命名会话 frame=(1296,103,176,19) (0ms)
[2026-07-01 11:24:34] [axEl] IN: pid=79582 role=AXButton → OUT: title=重命名会话 frame=(1296,103,176,19) (0ms)
[2026-07-01 11:24:34] [axEl] IN: pid=79582 role=AXButton → OUT: title=复制会话 frame=(1621,102,30,28) (0ms)
[2026-07-01 11:24:34] [axEl] IN: pid=79582 role=AXPopUpButton → OUT: title=导出会话 frame=(1657,102,30,28) (0ms)
[2026-07-01 11:24:34] [axEl] IN: pid=79582 role=AXCheckBox → OUT: title=改动 frame=(1693,102,30,28) (0ms)
[2026-07-01 11:24:34] [axEl] IN: pid=79582 role=AXButton → OUT: title=键盘快捷键 frame=(1729,102,30,28) (0ms)
[2026-07-01 11:24:34] [axEl] IN: pid=79582 role=AXButton → OUT: title=命令 frame=(1765,102,30,28) (0ms)
[2026-07-01 11:24:34] [axEl] IN: pid=79582 role=AXCheckBox → OUT: title=展开工作区 frame=(1801,102,30,28) (0ms)
[2026-07-01 11:24:34] [axEl] IN: pid=79582 role=AXStaticText → OUT: title= frame=(1362,1,24,16) (0ms)
[2026-07-01 11:24:34] [axEl] IN: pid=79582 role=AXStaticText → OUT: title= frame=(1428,1,9,16) (0ms)
[2026-07-01 11:24:34] [axEl] IN: pid=79582 role=AXStaticText → OUT: title= frame=(1453,1,264,16) (0ms)
[2026-07-01 11:24:34] [axEl] IN: pid=79582 role=AXStaticText → OUT: title= frame=(1362,21,24,15) (0ms)
[2026-07-01 11:24:34] [axEl] IN: pid=79582 role=AXStaticText → OUT: title= frame=(1399,21,24,15) (0ms)
[2026-07-01 11:24:34] [axEl] IN: pid=79582 role=AXStaticText → OUT: title= frame=(1453,21,102,15) (0ms)
[2026-07-01 11:24:34] [axEl] IN: pid=79582 role=AXStaticText → OUT: title= frame=(1362,40,24,16) (0ms)
[2026-07-01 11:24:34] [axEl] IN: pid=79582 role=AXStaticText → OUT: title= frame=(1399,40,24,16) (0ms)
[2026-07-01 11:24:34] [axEl] IN: pid=79582 role=AXStaticText → OUT: title= frame=(1453,40,233,16) (0ms)
[2026-07-01 11:24:34] [axEl] IN: pid=79582 role=AXStaticText → OUT: title= frame=(1362,59,24,16) (0ms)
[2026-07-01 11:24:34] [axEl] IN: pid=79582 role=AXStaticText → OUT: title= frame=(1399,59,24,16) (0ms)
[2026-07-01 11:24:34] [axEl] IN: pid=79582 role=AXButton → OUT: title= frame=(1342,7,234,28) (0ms)
[2026-07-01 11:24:34] [axEl] IN: pid=79582 role=AXButton → OUT: title= frame=(1342,37,514,28) (0ms)
[2026-07-01 11:24:34] [axEl] IN: pid=79582 role=AXButton → OUT: title= frame=(1316,13,495,18) (0ms)
[2026-07-01 11:24:34] [axEl] IN: pid=79582 role=AXButton → OUT: title= frame=(1342,41,507,29) (0ms)
[2026-07-01 11:24:34] [axEl] IN: pid=79582 role=AXStaticText → OUT: title= frame=(1362,76,24,16) (0ms)
[2026-07-01 11:24:34] [axEl] IN: pid=79582 role=AXStaticText → OUT: title= frame=(1399,76,24,16) (0ms)
[2026-07-01 11:24:34] [axEl] IN: pid=79582 role=AXStaticText → OUT: title= frame=(1362,95,24,16) (0ms)
[2026-07-01 11:24:34] [axEl] IN: pid=79582 role=AXStaticText → OUT: title= frame=(1399,95,24,16) (0ms)
[2026-07-01 11:24:34] [axEl] IN: pid=79582 role=AXStaticText → OUT: title= frame=(1453,95,387,16) (0ms)
[2026-07-01 11:24:34] [axEl] IN: pid=79582 role=AXStaticText → OUT: title= frame=(1362,115,24,15) (0ms)
[2026-07-01 11:24:34] [axEl] IN: pid=79582 role=AXStaticText → OUT: title= frame=(1399,115,24,15) (0ms)
[2026-07-01 11:24:34] [axEl] IN: pid=79582 role=AXStaticText → OUT: title= frame=(1453,115,217,15) (0ms)
[2026-07-01 11:24:34] [axEl] IN: pid=79582 role=AXStaticText → OUT: title= frame=(1362,134,24,16) (0ms)
[2026-07-01 11:24:34] [axEl] IN: pid=79582 role=AXStaticText → OUT: title= frame=(1428,134,9,16) (0ms)
[2026-07-01 11:24:34] [axEl] IN: pid=79582 role=AXStaticText → OUT: title= frame=(1453,134,432,16) (0ms)
[2026-07-01 11:24:34] [axEl] IN: pid=79582 role=AXStaticText → OUT: title= frame=(1362,154,24,15) (0ms)
[2026-07-01 11:24:34] [axEl] IN: pid=79582 role=AXStaticText → OUT: title= frame=(1428,154,9,15) (0ms)
[2026-07-01 11:24:34] [axEl] IN: pid=79582 role=AXStaticText → OUT: title= frame=(1453,154,295,15) (0ms)
[2026-07-01 11:24:34] [axEl] IN: pid=79582 role=AXStaticText → OUT: title= frame=(1362,173,24,16) (0ms)
[2026-07-01 11:24:34] [axEl] IN: pid=79582 role=AXStaticText → OUT: title= frame=(1428,173,9,16) (0ms)
[2026-07-01 11:24:34] [axEl] IN: pid=79582 role=AXStaticText → OUT: title= frame=(1453,173,264,16) (0ms)
[2026-07-01 11:24:34] [axEl] IN: pid=79582 role=AXStaticText → OUT: title= frame=(1362,192,24,16) (0ms)
[2026-07-01 11:24:34] [axEl] IN: pid=79582 role=AXStaticText → OUT: title= frame=(1428,192,9,16) (0ms)
[2026-07-01 11:24:34] [axEl] IN: pid=79582 role=AXStaticText → OUT: title= frame=(1453,192,727,16) (0ms)
[2026-07-01 11:24:34] [axEl] IN: pid=79582 role=AXStaticText → OUT: title= frame=(1362,212,24,15) (0ms)
[2026-07-01 11:24:34] [axEl] IN: pid=79582 role=AXStaticText → OUT: title= frame=(1428,212,9,15) (0ms)
[2026-07-01 11:24:34] [axEl] IN: pid=79582 role=AXStaticText → OUT: title= frame=(1453,212,836,15) (0ms)
[2026-07-01 11:24:34] [axEl] IN: pid=79582 role=AXStaticText → OUT: title= frame=(1362,231,24,16) (0ms)
[2026-07-01 11:24:34] [axEl] IN: pid=79582 role=AXStaticText → OUT: title= frame=(1428,231,9,16) (0ms)
[2026-07-01 11:24:34] [axEl] IN: pid=79582 role=AXStaticText → OUT: title= frame=(1453,231,187,16) (0ms)
[2026-07-01 11:24:34] [axEl] IN: pid=79582 role=AXStaticText → OUT: title= frame=(1362,250,24,16) (0ms)
[2026-07-01 11:24:34] [axEl] IN: pid=79582 role=AXStaticText → OUT: title= frame=(1428,250,9,16) (0ms)
[2026-07-01 11:24:34] [axEl] IN: pid=79582 role=AXStaticText → OUT: title= frame=(1453,250,310,16) (0ms)
[2026-07-01 11:24:34] [axEl] IN: pid=79582 role=AXStaticText → OUT: title= frame=(1362,270,24,15) (0ms)
[2026-07-01 11:24:34] [axEl] IN: pid=79582 role=AXStaticText → OUT: title= frame=(1428,270,9,15) (0ms)
[2026-07-01 11:24:34] [axEl] IN: pid=79582 role=AXStaticText → OUT: title= frame=(1453,270,295,15) (0ms)
[2026-07-01 11:24:34] [axEl] IN: pid=79582 role=AXStaticText → OUT: title= frame=(1362,289,24,16) (0ms)
[2026-07-01 11:24:34] [axEl] IN: pid=79582 role=AXStaticText → OUT: title= frame=(1428,289,9,16) (0ms)
[2026-07-01 11:24:34] [axEl] IN: pid=79582 role=AXStaticText → OUT: title= frame=(1453,289,295,16) (0ms)
[2026-07-01 11:24:34] [axEl] IN: pid=79582 role=AXStaticText → OUT: title= frame=(1362,309,24,15) (0ms)
[2026-07-01 11:24:34] [axEl] IN: pid=79582 role=AXStaticText → OUT: title= frame=(1428,309,9,15) (0ms)
[2026-07-01 11:24:34] [axEl] IN: pid=79582 role=AXStaticText → OUT: title= frame=(1453,309,132,15) (0ms)
[2026-07-01 11:24:34] [axEl] IN: pid=79582 role=AXStaticText → OUT: title= frame=(1362,328,24,16) (0ms)
[2026-07-01 11:24:34] [axEl] IN: pid=79582 role=AXStaticText → OUT: title= frame=(1428,328,9,16) (0ms)
[2026-07-01 11:24:34] [axEl] IN: pid=79582 role=AXStaticText → OUT: title= frame=(1453,328,102,16) (0ms)
[2026-07-01 11:24:34] [axEl] IN: pid=79582 role=AXStaticText → OUT: title= frame=(1362,347,24,16) (0ms)
[2026-07-01 11:24:34] [axEl] IN: pid=79582 role=AXStaticText → OUT: title= frame=(1399,347,24,16) (0ms)
[2026-07-01 11:24:34] [axEl] IN: pid=79582 role=AXStaticText → OUT: title= frame=(1453,347,626,16) (0ms)
[2026-07-01 11:24:34] [axEl] IN: pid=79582 role=AXStaticText → OUT: title= frame=(1362,367,24,15) (0ms)
[2026-07-01 11:24:34] [axEl] IN: pid=79582 role=AXStaticText → OUT: title= frame=(1399,367,24,15) (0ms)
[2026-07-01 11:24:34] [axEl] IN: pid=79582 role=AXStaticText → OUT: title= frame=(1453,367,489,15) (0ms)
[2026-07-01 11:24:34] [axEl] IN: pid=79582 role=AXStaticText → OUT: title= frame=(1362,386,24,16) (0ms)
[2026-07-01 11:24:34] [axEl] IN: pid=79582 role=AXStaticText → OUT: title= frame=(1399,386,24,16) (0ms)
[2026-07-01 11:24:34] [axEl] IN: pid=79582 role=AXStaticText → OUT: title= frame=(1453,386,341,16) (0ms)
[2026-07-01 11:24:34] [axEl] IN: pid=79582 role=AXButton → OUT: title=深度思考 frame=(1316,56,69,19) (0ms)
[2026-07-01 11:24:34] [axEl] IN: pid=79582 role=AXButton → OUT: title= frame=(1316,86,167,25) (0ms)
[2026-07-01 11:24:34] [axEl] IN: pid=79582 role=AXButton → OUT: title= frame=(1316,131,495,19) (0ms)
[2026-07-01 11:24:34] [axEl] IN: pid=79582 role=AXButton → OUT: title= frame=(1342,159,513,29) (0ms)
[2026-07-01 11:24:34] [axEl] IN: pid=79582 role=AXButton → OUT: title=深度思考 frame=(1316,174,69,19) (0ms)
[2026-07-01 11:24:34] [axEl] IN: pid=79582 role=AXStaticText → OUT: title= frame=(1316,204,449,21) (0ms)
[2026-07-01 11:24:34] [axEl] IN: pid=79582 role=AXButton → OUT: title= frame=(1316,246,167,25) (0ms)
[2026-07-01 11:24:34] [axEl] IN: pid=79582 role=AXButton → OUT: title= frame=(1316,249,495,19) (0ms)
[2026-07-01 11:24:34] [axEl] IN: pid=79582 role=AXButton → OUT: title= frame=(1342,277,165,29) (0ms)
[2026-07-01 11:24:34] [axEl] IN: pid=79582 role=AXButton → OUT: title=深度思考 frame=(1316,293,69,19) (0ms)
[2026-07-01 11:24:34] [axEl] IN: pid=79582 role=AXButton → OUT: title= frame=(1316,322,167,25) (0ms)
[2026-07-01 11:24:34] [axEl] IN: pid=79582 role=AXButton → OUT: title= frame=(1316,367,495,19) (0ms)
[2026-07-01 11:24:34] [axEl] IN: pid=79582 role=AXButton → OUT: title= frame=(1342,395,290,29) (0ms)
[2026-07-01 11:24:34] [axEl] IN: pid=79582 role=AXButton → OUT: title=深度思考 frame=(1316,411,69,19) (0ms)
[2026-07-01 11:24:34] [axEl] IN: pid=79582 role=AXButton → OUT: title= frame=(1316,440,167,25) (0ms)
[2026-07-01 11:24:34] [axEl] IN: pid=79582 role=AXButton → OUT: title= frame=(1316,485,495,19) (0ms)
[2026-07-01 11:24:34] [axEl] IN: pid=79582 role=AXButton → OUT: title= frame=(1342,513,507,29) (0ms)
[2026-07-01 11:24:34] [axEl] IN: pid=79582 role=AXStaticText → OUT: title= frame=(1370,549,16,15) (0ms)
[2026-07-01 11:24:34] [axEl] IN: pid=79582 role=AXStaticText → OUT: title= frame=(1407,549,16,15) (0ms)
[2026-07-01 11:24:34] [axEl] IN: pid=79582 role=AXStaticText → OUT: title= frame=(1453,549,426,15) (0ms)
[2026-07-01 11:24:34] [axEl] IN: pid=79582 role=AXStaticText → OUT: title= frame=(1370,568,16,16) (0ms)
[2026-07-01 11:24:34] [axEl] IN: pid=79582 role=AXStaticText → OUT: title= frame=(1407,568,16,16) (0ms)
[2026-07-01 11:24:34] [axEl] IN: pid=79582 role=AXStaticText → OUT: title= frame=(1453,568,449,16) (0ms)
[2026-07-01 11:24:34] [axEl] IN: pid=79582 role=AXStaticText → OUT: title= frame=(1370,588,16,15) (0ms)
[2026-07-01 11:24:34] [axEl] IN: pid=79582 role=AXStaticText → OUT: title= frame=(1407,588,16,15) (0ms)
[2026-07-01 11:24:34] [axEl] IN: pid=79582 role=AXStaticText → OUT: title= frame=(1453,588,380,15) (0ms)
[2026-07-01 11:24:34] [axEl] IN: pid=79582 role=AXStaticText → OUT: title= frame=(1370,607,16,16) (0ms)
[2026-07-01 11:24:34] [axEl] IN: pid=79582 role=AXStaticText → OUT: title= frame=(1428,607,9,16) (0ms)
[2026-07-01 11:24:34] [axEl] IN: pid=79582 role=AXStaticText → OUT: title= frame=(1453,607,380,16) (0ms)
[2026-07-01 11:24:34] [axEl] IN: pid=79582 role=AXStaticText → OUT: title= frame=(1362,626,24,16) (0ms)
[2026-07-01 11:24:34] [axEl] IN: pid=79582 role=AXStaticText → OUT: title= frame=(1407,626,16,16) (0ms)
[2026-07-01 11:24:34] [axEl] IN: pid=79582 role=AXStaticText → OUT: title= frame=(1453,626,380,16) (0ms)
[2026-07-01 11:24:34] [axEl] IN: pid=79582 role=AXStaticText → OUT: title= frame=(1362,646,24,15) (0ms)
[2026-07-01 11:24:34] [axEl] IN: pid=79582 role=AXStaticText → OUT: title= frame=(1399,646,24,15) (0ms)
[2026-07-01 11:24:34] [axEl] IN: pid=79582 role=AXStaticText → OUT: title= frame=(1453,646,434,15) (0ms)
[2026-07-01 11:24:34] [axEl] IN: pid=79582 role=AXStaticText → OUT: title= frame=(1362,665,24,16) (0ms)
[2026-07-01 11:24:34] [axEl] IN: pid=79582 role=AXStaticText → OUT: title= frame=(1399,665,24,16) (0ms)
[2026-07-01 11:24:34] [axEl] IN: pid=79582 role=AXStaticText → OUT: title= frame=(1453,665,349,16) (0ms)
[2026-07-01 11:24:34] [axEl] IN: pid=79582 role=AXButton → OUT: title=深度思考 frame=(1316,529,69,19) (0ms)
[2026-07-01 11:24:34] [axEl] IN: pid=79582 role=AXButton → OUT: title= frame=(1316,558,167,25) (0ms)
[2026-07-01 11:24:34] [axEl] IN: pid=79582 role=AXButton → OUT: title= frame=(1316,603,495,19) (0ms)
[2026-07-01 11:24:34] [axEl] IN: pid=79582 role=AXButton → OUT: title= frame=(1342,632,514,29) (0ms)
[2026-07-01 11:24:34] [axEl] IN: pid=79582 role=AXStaticText → OUT: title= frame=(1362,0,24,15) (0ms)
[2026-07-01 11:24:34] [axEl] IN: pid=79582 role=AXStaticText → OUT: title= frame=(1428,0,9,15) (0ms)
[2026-07-01 11:24:34] [axEl] IN: pid=79582 role=AXStaticText → OUT: title= frame=(1453,0,496,15) (0ms)
[2026-07-01 11:24:34] [axEl] IN: pid=79582 role=AXStaticText → OUT: title= frame=(1362,19,24,16) (0ms)
[2026-07-01 11:24:34] [axEl] IN: pid=79582 role=AXStaticText → OUT: title= frame=(1428,19,9,16) (0ms)
[2026-07-01 11:24:34] [axEl] IN: pid=79582 role=AXStaticText → OUT: title= frame=(1453,19,71,16) (0ms)
[2026-07-01 11:24:34] [axEl] IN: pid=79582 role=AXStaticText → OUT: title= frame=(1399,38,24,16) (0ms)
[2026-07-01 11:24:34] [axEl] IN: pid=79582 role=AXStaticText → OUT: title= frame=(1428,38,9,16) (0ms)
[2026-07-01 11:24:34] [axEl] IN: pid=79582 role=AXStaticText → OUT: title= frame=(1453,38,256,16) (0ms)
[2026-07-01 11:24:34] [axEl] IN: pid=79582 role=AXStaticText → OUT: title= frame=(1399,58,24,15) (0ms)
[2026-07-01 11:24:34] [axEl] IN: pid=79582 role=AXStaticText → OUT: title= frame=(1428,58,9,15) (0ms)
[2026-07-01 11:24:34] [axEl] IN: pid=79582 role=AXStaticText → OUT: title= frame=(1453,58,233,15) (0ms)
[2026-07-01 11:24:34] [axEl] IN: pid=79582 role=AXStaticText → OUT: title= frame=(1362,77,24,16) (0ms)
[2026-07-01 11:24:34] [axEl] IN: pid=79582 role=AXStaticText → OUT: title= frame=(1399,77,24,16) (0ms)
[2026-07-01 11:24:34] [axEl] IN: pid=79582 role=AXStaticText → OUT: title= frame=(1453,77,202,16) (0ms)
[2026-07-01 11:24:34] [axEl] IN: pid=79582 role=AXStaticText → OUT: title= frame=(1362,97,24,15) (0ms)
[2026-07-01 11:24:34] [axEl] IN: pid=79582 role=AXStaticText → OUT: title= frame=(1399,97,24,15) (0ms)
[2026-07-01 11:24:34] [axEl] IN: pid=79582 role=AXStaticText → OUT: title= frame=(1453,97,40,15) (0ms)
[2026-07-01 11:24:34] [axEl] IN: pid=79582 role=AXStaticText → OUT: title= frame=(1362,116,24,16) (0ms)
[2026-07-01 11:24:34] [axEl] IN: pid=79582 role=AXStaticText → OUT: title= frame=(1399,116,24,16) (0ms)
[2026-07-01 11:24:34] [axEl] IN: pid=79582 role=AXStaticText → OUT: title= frame=(1362,-3,24,16) (0ms)
[2026-07-01 11:24:34] [axEl] IN: pid=79582 role=AXStaticText → OUT: title= frame=(1428,-3,9,16) (0ms)
[2026-07-01 11:24:34] [axEl] IN: pid=79582 role=AXStaticText → OUT: title= frame=(1362,16,24,16) (0ms)
[2026-07-01 11:24:34] [axEl] IN: pid=79582 role=AXStaticText → OUT: title= frame=(1399,16,24,16) (0ms)
[2026-07-01 11:24:34] [axEl] IN: pid=79582 role=AXStaticText → OUT: title= frame=(1453,16,426,16) (0ms)
[2026-07-01 11:24:34] [axEl] IN: pid=79582 role=AXStaticText → OUT: title= frame=(1362,36,24,15) (0ms)
[2026-07-01 11:24:34] [axEl] IN: pid=79582 role=AXStaticText → OUT: title= frame=(1399,36,24,15) (0ms)
[2026-07-01 11:24:34] [axEl] IN: pid=79582 role=AXStaticText → OUT: title= frame=(1453,36,140,15) (0ms)
[2026-07-01 11:24:34] [axEl] IN: pid=79582 role=AXStaticText → OUT: title= frame=(1362,55,24,16) (0ms)
[2026-07-01 11:24:34] [axEl] IN: pid=79582 role=AXStaticText → OUT: title= frame=(1399,55,24,16) (0ms)
[2026-07-01 11:24:34] [axEl] IN: pid=79582 role=AXStaticText → OUT: title= frame=(1453,55,411,16) (0ms)
[2026-07-01 11:24:34] [axEl] IN: pid=79582 role=AXStaticText → OUT: title= frame=(1370,7,16,15) (0ms)
[2026-07-01 11:24:34] [axEl] IN: pid=79582 role=AXStaticText → OUT: title= frame=(1407,7,16,15) (0ms)
[2026-07-01 11:24:34] [axEl] IN: pid=79582 role=AXStaticText → OUT: title= frame=(1453,7,196,15) (0ms)
[2026-07-01 11:24:34] [axEl] IN: pid=79582 role=AXStaticText → OUT: title= frame=(1370,26,16,16) (0ms)
[2026-07-01 11:24:34] [axEl] IN: pid=79582 role=AXStaticText → OUT: title= frame=(1407,26,16,16) (0ms)
[2026-07-01 11:24:34] [axEl] IN: pid=79582 role=AXStaticText → OUT: title= frame=(1453,26,196,16) (0ms)
[2026-07-01 11:24:34] [axEl] IN: pid=79582 role=AXStaticText → OUT: title= frame=(1370,45,16,16) (0ms)
[2026-07-01 11:24:34] [axEl] IN: pid=79582 role=AXStaticText → OUT: title= frame=(1407,45,16,16) (0ms)
[2026-07-01 11:24:34] [axEl] IN: pid=79582 role=AXButton → OUT: title= frame=(1316,39,495,19) (0ms)
[2026-07-01 11:24:34] [axEl] IN: pid=79582 role=AXButton → OUT: title= frame=(1342,67,469,10) (0ms)
[2026-07-01 11:24:34] [axEl] IN: pid=79582 role=AXButton → OUT: title= frame=(1342,97,469,10) (0ms)
[2026-07-01 11:24:34] [axEl] IN: pid=79582 role=AXStaticText → OUT: title= frame=(1316,-5,259,20) (0ms)
[2026-07-01 11:24:34] [axEl] IN: pid=79582 role=AXButton → OUT: title= frame=(1316,36,167,25) (0ms)
[2026-07-01 11:24:34] [axEl] IN: pid=79582 role=AXButton → OUT: title=复制 frame=(1312,66,28,25) (0ms)
[2026-07-01 11:24:34] [axEl] IN: pid=79582 role=AXButton → OUT: title= frame=(1342,66,28,25) (0ms)
[2026-07-01 11:24:34] [axEl] IN: pid=79582 role=AXPopUpButton → OUT: title= frame=(1372,66,28,25) (0ms)
[2026-07-01 11:24:34] [axEl] IN: pid=79582 role=AXPopUpButton → OUT: title= frame=(1402,66,28,25) (0ms)
[2026-07-01 11:24:34] [axEl] IN: pid=79582 role=AXStaticText → OUT: title= frame=(1434,115,363,20) (0ms)
[2026-07-01 11:24:34] [axEl] IN: pid=79582 role=AXStaticText → OUT: title= frame=(1720,146,27,18) (0ms)
[2026-07-01 11:24:34] [axEl] IN: pid=79582 role=AXButton → OUT: title=复制 frame=(1755,143,22,23) (0ms)
[2026-07-01 11:24:34] [axEl] IN: pid=79582 role=AXButton → OUT: title=编辑 frame=(1785,143,22,23) (0ms)
[2026-07-01 11:24:34] [axEl] IN: pid=79582 role=AXStaticText → OUT: title= frame=(1419,190,376,55) (0ms)
[2026-07-01 11:24:34] [axEl] IN: pid=79582 role=AXStaticText → OUT: title= frame=(1720,256,27,18) (0ms)
[2026-07-01 11:24:34] [axEl] IN: pid=79582 role=AXButton → OUT: title=复制 frame=(1755,253,22,23) (0ms)
[2026-07-01 11:24:34] [axEl] IN: pid=79582 role=AXButton → OUT: title=编辑 frame=(1785,253,22,23) (0ms)
[2026-07-01 11:24:34] [axEl] IN: pid=79582 role=AXButton → OUT: title=工具调用已处理 21s frame=(1316,295,69,19) (0ms)
[2026-07-01 11:24:34] [axEl] IN: pid=79582 role=AXButton → OUT: title=深度思考 frame=(1316,331,495,10) (0ms)
[2026-07-01 11:24:34] [axEl] IN: pid=79582 role=AXButton → OUT: title= frame=(1316,331,495,10) (0ms)
[2026-07-01 11:24:34] [axEl] IN: pid=79582 role=AXButton → OUT: title=已探索 1 次搜索 frame=(1316,407,495,19) (0ms)
[2026-07-01 11:24:34] [axEl] IN: pid=79582 role=AXButton → OUT: title= frame=(1342,435,469,10) (0ms)
[2026-07-01 11:24:34] [axEl] IN: pid=79582 role=AXButton → OUT: title=深度思考 frame=(1316,449,495,10) (0ms)
[2026-07-01 11:24:34] [axEl] IN: pid=79582 role=AXButton → OUT: title= frame=(1316,449,495,10) (0ms)
[2026-07-01 11:24:34] [axEl] IN: pid=79582 role=AXButton → OUT: title=Shell 1 次命令 frame=(1316,525,495,19) (0ms)
[2026-07-01 11:24:34] [axEl] IN: pid=79582 role=AXButton → OUT: title= frame=(1342,553,469,10) (0ms)
[2026-07-01 11:24:34] [axEl] IN: pid=79582 role=AXButton → OUT: title=深度思考 frame=(1316,567,495,10) (0ms)
[2026-07-01 11:24:34] [axEl] IN: pid=79582 role=AXButton → OUT: title= frame=(1316,567,495,10) (0ms)
[2026-07-01 11:24:34] [axEl] IN: pid=79582 role=AXButton → OUT: title=Shell 1 次命令 frame=(1316,643,495,19) (0ms)
[2026-07-01 11:24:34] [axEl] IN: pid=79582 role=AXButton → OUT: title= frame=(1342,671,469,10) (0ms)
[2026-07-01 11:24:34] [axEl] IN: pid=79582 role=AXButton → OUT: title=深度思考 frame=(1316,685,495,10) (0ms)
[2026-07-01 11:24:34] [axEl] IN: pid=79582 role=AXButton → OUT: title= frame=(1316,685,495,10) (0ms)
[2026-07-01 11:24:34] [axEl] IN: pid=79582 role=AXButton → OUT: title=Shell 1 次命令 frame=(1316,761,495,19) (0ms)
[2026-07-01 11:24:34] [axEl] IN: pid=79582 role=AXButton → OUT: title= frame=(1342,789,469,10) (0ms)
[2026-07-01 11:24:34] [axEl] IN: pid=79582 role=AXButton → OUT: title=深度思考 frame=(1316,803,495,10) (0ms)
[2026-07-01 11:24:34] [axEl] IN: pid=79582 role=AXButton → OUT: title= frame=(1316,803,495,10) (0ms)
[2026-07-01 11:24:34] [axEl] IN: pid=79582 role=AXButton → OUT: title=Shell 1 次命令 frame=(1316,879,495,19) (0ms)
[2026-07-01 11:24:34] [axEl] IN: pid=79582 role=AXButton → OUT: title= frame=(1342,907,469,10) (0ms)
[2026-07-01 11:24:34] [axEl] IN: pid=79582 role=AXButton → OUT: title=深度思考 frame=(1316,921,495,10) (0ms)
[2026-07-01 11:24:34] [axEl] IN: pid=79582 role=AXButton → OUT: title= frame=(1316,921,495,10) (0ms)
[2026-07-01 11:24:34] [axEl] IN: pid=79582 role=AXButton → OUT: title=已探索 1 次读取 frame=(1316,997,495,19) (0ms)
[2026-07-01 11:24:34] [axEl] IN: pid=79582 role=AXButton → OUT: title= frame=(1342,1026,469,10) (0ms)
[2026-07-01 11:24:34] [axEl] IN: pid=79582 role=AXButton → OUT: title=深度思考 frame=(1316,1040,495,10) (0ms)
[2026-07-01 11:24:34] [axEl] IN: pid=79582 role=AXButton → OUT: title= frame=(1316,1040,495,10) (0ms)
[2026-07-01 11:24:34] [axEl] IN: pid=79582 role=AXStaticText → OUT: title= frame=(1316,333,494,69) (0ms)
[2026-07-01 11:24:34] [axEl] IN: pid=79582 role=AXButton → OUT: title=5 条 Memory v5 编译引用 frame=(1316,424,167,25) (0ms)
[2026-07-01 11:24:34] [axEl] IN: pid=79582 role=AXButton → OUT: title=复制 frame=(1312,454,28,25) (0ms)
[2026-07-01 11:24:34] [axEl] IN: pid=79582 role=AXButton → OUT: title= frame=(1342,454,28,25) (0ms)
[2026-07-01 11:24:34] [axEl] IN: pid=79582 role=AXPopUpButton → OUT: title= frame=(1372,454,28,25) (0ms)
[2026-07-01 11:24:34] [axEl] IN: pid=79582 role=AXPopUpButton → OUT: title= frame=(1402,454,28,25) (0ms)
[2026-07-01 11:24:34] [axEl] IN: pid=79582 role=AXStaticText → OUT: title= frame=(1419,502,364,37) (0ms)
[2026-07-01 11:24:34] [axEl] IN: pid=79582 role=AXStaticText → OUT: title= frame=(1718,551,29,17) (0ms)
[2026-07-01 11:24:34] [axEl] IN: pid=79582 role=AXButton → OUT: title=复制 frame=(1755,548,22,23) (0ms)
[2026-07-01 11:24:34] [axEl] IN: pid=79582 role=AXButton → OUT: title=编辑 frame=(1785,548,22,23) (0ms)
[2026-07-01 11:24:34] [axEl] IN: pid=79582 role=AXButton → OUT: title=工具调用已处理 4s frame=(1316,590,69,19) (0ms)
[2026-07-01 11:24:34] [axEl] IN: pid=79582 role=AXButton → OUT: title=深度思考 frame=(1316,627,69,19) (0ms)
[2026-07-01 11:24:34] [axEl] IN: pid=79582 role=AXStaticText → OUT: title= frame=(1316,657,349,20) (0ms)
[2026-07-01 11:24:34] [axEl] IN: pid=79582 role=AXButton → OUT: title= frame=(1316,699,167,25) (0ms)
[2026-07-01 11:24:34] [axEl] IN: pid=79582 role=AXButton → OUT: title=已修改 1 次编辑 frame=(1316,701,495,19) (0ms)
[2026-07-01 11:24:34] [axEl] IN: pid=79582 role=AXButton → OUT: title= frame=(1342,729,92,29) (0ms)
[2026-07-01 11:24:34] [axEl] IN: pid=79582 role=AXStaticText → OUT: title= frame=(1370,765,16,15) (0ms)
[2026-07-01 11:24:34] [axEl] IN: pid=79582 role=AXStaticText → OUT: title= frame=(1407,765,16,15) (0ms)
[2026-07-01 11:24:34] [axEl] IN: pid=79582 role=AXStaticText → OUT: title= frame=(1453,765,318,15) (0ms)
[2026-07-01 11:24:34] [axEl] IN: pid=79582 role=AXStaticText → OUT: title= frame=(1370,784,16,16) (0ms)
[2026-07-01 11:24:34] [axEl] IN: pid=79582 role=AXStaticText → OUT: title= frame=(1407,784,16,16) (0ms)
[2026-07-01 11:24:34] [axEl] IN: pid=79582 role=AXStaticText → OUT: title= frame=(1453,784,217,16) (0ms)
[2026-07-01 11:24:34] [axEl] IN: pid=79582 role=AXStaticText → OUT: title= frame=(1370,803,16,16) (0ms)
[2026-07-01 11:24:34] [axEl] IN: pid=79582 role=AXStaticText → OUT: title= frame=(1407,803,16,16) (0ms)
[2026-07-01 11:24:34] [axEl] IN: pid=79582 role=AXStaticText → OUT: title= frame=(1453,803,364,16) (0ms)
[2026-07-01 11:24:34] [axEl] IN: pid=79582 role=AXStaticText → OUT: title= frame=(1407,823,16,15) (0ms)
[2026-07-01 11:24:34] [axEl] IN: pid=79582 role=AXStaticText → OUT: title= frame=(1428,823,9,15) (0ms)
[2026-07-01 11:24:34] [axEl] IN: pid=79582 role=AXStaticText → OUT: title= frame=(1453,823,225,15) (0ms)
[2026-07-01 11:24:34] [axEl] IN: pid=79582 role=AXStaticText → OUT: title= frame=(1370,842,16,16) (0ms)
[2026-07-01 11:24:34] [axEl] IN: pid=79582 role=AXStaticText → OUT: title= frame=(1407,842,16,16) (0ms)
[2026-07-01 11:24:34] [axEl] IN: pid=79582 role=AXStaticText → OUT: title= frame=(1453,842,395,16) (0ms)
[2026-07-01 11:24:34] [axEl] IN: pid=79582 role=AXStaticText → OUT: title= frame=(1370,862,16,15) (0ms)
[2026-07-01 11:24:34] [axEl] IN: pid=79582 role=AXStaticText → OUT: title= frame=(1428,862,9,15) (0ms)
[2026-07-01 11:24:34] [axEl] IN: pid=79582 role=AXStaticText → OUT: title= frame=(1453,862,519,15) (0ms)
[2026-07-01 11:24:34] [axEl] IN: pid=79582 role=AXStaticText → OUT: title= frame=(1370,881,16,16) (0ms)
[2026-07-01 11:24:34] [axEl] IN: pid=79582 role=AXStaticText → OUT: title= frame=(1428,881,9,16) (0ms)
[2026-07-01 11:24:34] [axEl] IN: pid=79582 role=AXStaticText → OUT: title= frame=(1453,881,326,16) (0ms)
[2026-07-01 11:24:34] [axEl] IN: pid=79582 role=AXStaticText → OUT: title= frame=(1370,900,16,16) (0ms)
[2026-07-01 11:24:34] [axEl] IN: pid=79582 role=AXStaticText → OUT: title= frame=(1428,900,9,16) (0ms)
[2026-07-01 11:24:34] [axEl] IN: pid=79582 role=AXStaticText → OUT: title= frame=(1453,900,380,16) (0ms)
[2026-07-01 11:24:34] [axEl] IN: pid=79582 role=AXStaticText → OUT: title= frame=(1370,920,16,15) (0ms)
[2026-07-01 11:24:34] [axEl] IN: pid=79582 role=AXStaticText → OUT: title= frame=(1428,920,9,15) (0ms)
[2026-07-01 11:24:34] [axEl] IN: pid=79582 role=AXStaticText → OUT: title= frame=(1453,920,132,15) (0ms)
[2026-07-01 11:24:34] [axEl] IN: pid=79582 role=AXStaticText → OUT: title= frame=(1407,939,16,16) (0ms)
[2026-07-01 11:24:34] [axEl] IN: pid=79582 role=AXStaticText → OUT: title= frame=(1428,939,9,16) (0ms)
[2026-07-01 11:24:34] [axEl] IN: pid=79582 role=AXStaticText → OUT: title= frame=(1453,939,380,16) (0ms)
[2026-07-01 11:24:34] [axEl] IN: pid=79582 role=AXStaticText → OUT: title= frame=(1407,958,16,16) (0ms)
[2026-07-01 11:24:34] [axEl] IN: pid=79582 role=AXStaticText → OUT: title= frame=(1428,958,9,16) (0ms)
[2026-07-01 11:24:34] [axEl] IN: pid=79582 role=AXStaticText → OUT: title= frame=(1453,958,372,16) (0ms)
[2026-07-01 11:24:34] [axEl] IN: pid=79582 role=AXStaticText → OUT: title= frame=(1370,978,16,15) (0ms)
[2026-07-01 11:24:34] [axEl] IN: pid=79582 role=AXStaticText → OUT: title= frame=(1407,978,16,15) (0ms)
[2026-07-01 11:24:34] [axEl] IN: pid=79582 role=AXStaticText → OUT: title= frame=(1453,978,102,15) (0ms)
[2026-07-01 11:24:34] [axEl] IN: pid=79582 role=AXStaticText → OUT: title= frame=(1370,997,16,16) (0ms)
[2026-07-01 11:24:34] [axEl] IN: pid=79582 role=AXStaticText → OUT: title= frame=(1407,997,16,16) (0ms)
[2026-07-01 11:24:34] [axEl] IN: pid=79582 role=AXStaticText → OUT: title= frame=(1453,997,71,16) (0ms)
[2026-07-01 11:24:34] [axEl] IN: pid=79582 role=AXStaticText → OUT: title= frame=(1370,1017,16,15) (0ms)
[2026-07-01 11:24:34] [axEl] IN: pid=79582 role=AXStaticText → OUT: title= frame=(1407,1017,16,15) (0ms)
[2026-07-01 11:24:34] [axEl] IN: pid=79582 role=AXStaticText → OUT: title= frame=(1453,1017,457,15) (0ms)
[2026-07-01 11:24:34] [axEl] IN: pid=79582 role=AXButton → OUT: title=深度思考 frame=(1316,743,495,10) (0ms)
[2026-07-01 11:24:34] [axEl] IN: pid=79582 role=AXButton → OUT: title= frame=(1316,743,495,10) (0ms)
[2026-07-01 11:24:34] [axEl] IN: pid=79582 role=AXButton → OUT: title=Shell 1 次命令 frame=(1316,819,495,19) (0ms)
[2026-07-01 11:24:34] [axEl] IN: pid=79582 role=AXButton → OUT: title= frame=(1342,848,469,10) (0ms)
[2026-07-01 11:24:34] [axEl] IN: pid=79582 role=AXStaticText → OUT: title= frame=(1316,628,469,69) (0ms)
[2026-07-01 11:24:34] [axEl] IN: pid=79582 role=AXButton → OUT: title=5 条 Memory v5 编译引用 frame=(1316,718,167,25) (0ms)
[2026-07-01 11:24:34] [axEl] IN: pid=79582 role=AXButton → OUT: title=跳转到问题 16 frame=(1805,7,32,15) (0ms)
[2026-07-01 11:24:34] [axEl] IN: pid=79582 role=AXButton → OUT: title=跳转到问题 17 frame=(1805,27,32,15) (0ms)
[2026-07-01 11:24:34] [axEl] IN: pid=79582 role=AXButton → OUT: title=跳转到问题 18 frame=(1805,47,32,15) (0ms)
[2026-07-01 11:24:34] [axEl] IN: pid=79582 role=AXButton → OUT: title=跳转到问题 19 frame=(1805,67,32,15) (0ms)
[2026-07-01 11:24:34] [axEl] IN: pid=79582 role=AXButton → OUT: title=跳转到问题 20 frame=(1805,87,32,15) (0ms)
[2026-07-01 11:24:34] [axEl] IN: pid=79582 role=AXButton → OUT: title=跳转到问题 21 frame=(1805,107,32,15) (0ms)
[2026-07-01 11:24:34] [axEl] IN: pid=79582 role=AXButton → OUT: title=跳转到问题 22 frame=(1805,127,32,15) (0ms)
[2026-07-01 11:24:34] [axEl] IN: pid=79582 role=AXButton → OUT: title=跳转到问题 23 frame=(1805,147,32,15) (0ms)
[2026-07-01 11:24:34] [axEl] IN: pid=79582 role=AXButton → OUT: title=跳转到问题 24 frame=(1805,167,32,15) (0ms)
[2026-07-01 11:24:34] [axEl] IN: pid=79582 role=AXButton → OUT: title=跳转到问题 25 frame=(1805,187,32,15) (0ms)
[2026-07-01 11:24:34] [axEl] IN: pid=79582 role=AXButton → OUT: title=跳转到问题 26 frame=(1805,207,32,15) (0ms)
[2026-07-01 11:24:34] [axEl] IN: pid=79582 role=AXButton → OUT: title=跳转到问题 27 frame=(1805,227,32,15) (0ms)
[2026-07-01 11:24:34] [axEl] IN: pid=79582 role=AXButton → OUT: title=跳转到问题 28 frame=(1805,247,32,15) (0ms)
[2026-07-01 11:24:34] [axEl] IN: pid=79582 role=AXButton → OUT: title=跳转到问题 29 frame=(1805,267,32,15) (0ms)
[2026-07-01 11:24:34] [axEl] IN: pid=79582 role=AXButton → OUT: title=跳转到问题 30 frame=(1805,287,32,15) (0ms)
[2026-07-01 11:24:34] [axEl] IN: pid=79582 role=AXButton → OUT: title=跳转到问题 31 frame=(1805,307,32,15) (0ms)
[2026-07-01 11:24:34] [axEl] IN: pid=79582 role=AXButton → OUT: title=跳转到问题 32 frame=(1805,327,32,15) (0ms)
[2026-07-01 11:24:34] [axEl] IN: pid=79582 role=AXButton → OUT: title=跳转到问题 33 frame=(1805,347,32,15) (0ms)
[2026-07-01 11:24:34] [axEl] IN: pid=79582 role=AXButton → OUT: title=跳转到问题 34 frame=(1805,367,32,15) (0ms)
[2026-07-01 11:24:34] [axEl] IN: pid=79582 role=AXButton → OUT: title=跳转到问题 35 frame=(1805,387,32,15) (0ms)
[2026-07-01 11:24:34] [axEl] IN: pid=79582 role=AXButton → OUT: title=跳转到问题 36 frame=(1805,407,32,15) (0ms)
[2026-07-01 11:24:34] [axEl] IN: pid=79582 role=AXButton → OUT: title=跳转到问题 37 frame=(1805,427,32,15) (0ms)
[2026-07-01 11:24:34] [axEl] IN: pid=79582 role=AXButton → OUT: title=跳转到问题 38 frame=(1805,447,32,15) (0ms)
[2026-07-01 11:24:34] [axEl] IN: pid=79582 role=AXButton → OUT: title=跳转到问题 39 frame=(1805,467,32,15) (0ms)
[2026-07-01 11:24:34] [axEl] IN: pid=79582 role=AXButton → OUT: title=跳转到问题 40 frame=(1805,487,32,15) (0ms)
[2026-07-01 11:24:34] [axEl] IN: pid=79582 role=AXButton → OUT: title=跳转到问题 41 frame=(1805,507,32,15) (0ms)
[2026-07-01 11:24:34] [axEl] IN: pid=79582 role=AXButton → OUT: title=跳转到问题 42 frame=(1805,527,32,15) (0ms)
[2026-07-01 11:24:34] [axEl] IN: pid=79582 role=AXButton → OUT: title=跳转到问题 43 frame=(1805,547,32,15) (0ms)
[2026-07-01 11:24:34] [axEl] IN: pid=79582 role=AXButton → OUT: title=跳转到问题 44 frame=(1805,567,32,15) (0ms)
[2026-07-01 11:24:34] [axEl] IN: pid=79582 role=AXStaticText → OUT: title= frame=(1330,796,27,19) (0ms)
[2026-07-01 11:24:34] [axEl] IN: pid=79582 role=AXStaticText → OUT: title= frame=(1371,800,8,17) (0ms)
[2026-07-01 11:24:34] [axEl] IN: pid=79582 role=AXStaticText → OUT: title= frame=(1378,800,7,17) (0ms)
[2026-07-01 11:24:34] [axEl] IN: pid=79582 role=AXStaticText → OUT: title= frame=(1384,800,8,17) (0ms)
[2026-07-01 11:24:34] [axEl] IN: pid=79582 role=AXStaticText → OUT: title= frame=(1330,822,87,18) (0ms)
[2026-07-01 11:24:34] [axEl] IN: pid=79582 role=AXButton → OUT: title=展开 frame=(1709,797,41,25) (0ms)
[2026-07-01 11:24:34] [axEl] IN: pid=79582 role=AXButton → OUT: title=关闭 frame=(1755,797,42,25) (0ms)
[2026-07-01 11:24:34] [axEl] IN: pid=79582 role=AXTextArea → OUT: title=给 Reasonix 发消息… ( / 命令 · @ 文件 · ! 终端 ) frame=(1337,874,409,38) (0ms)
[2026-07-01 11:24:34] [axEl] IN: pid=79582 role=AXStaticText → OUT: title= frame=(1339,877,344,21) (0ms)
[2026-07-01 11:24:34] [axEl] IN: pid=79582 role=AXButton → OUT: title= frame=(1753,874,35,34) (0ms)
[2026-07-01 11:24:34] [axEl] IN: pid=79582 role=AXPopUpButton → OUT: title=协作方式 frame=(1332,929,29,28) (0ms)
[2026-07-01 11:24:34] [axEl] IN: pid=79582 role=AXCheckBox → OUT: title= frame=(1374,932,25,24) (0ms)
[2026-07-01 11:24:34] [axEl] IN: pid=79582 role=AXCheckBox → OUT: title= frame=(1402,932,25,24) (0ms)
[2026-07-01 11:24:34] [axEl] IN: pid=79582 role=AXCheckBox → OUT: title= frame=(1430,932,25,24) (0ms)
[2026-07-01 11:24:34] [axEl] IN: pid=79582 role=AXButton → OUT: title=deepseek-v4-pro · DeepSeek 官方 frame=(1571,929,141,28) (0ms)
[2026-07-01 11:24:34] [axEl] IN: pid=79582 role=AXPopUpButton → OUT: title=更多控制 frame=(1724,927,66,32) (0ms)
[2026-07-01 11:24:34] [axEl] IN: pid=79582 role=AXButton → OUT: title= frame=(1027,93,12,14) (0ms)
[2026-07-01 11:24:34] [axEl] IN: pid=79582 role=AXButton → OUT: title= frame=(1067,93,12,14) (0ms)
[2026-07-01 11:24:34] [axEl] IN: pid=79582 role=AXButton → OUT: title= frame=(1047,93,12,14) (0ms)
[2026-07-01 11:24:34] [axEl] IN: pid=79582 role=AXMenuBarItem → OUT: title=Apple frame=(10,0,34,30) (0ms)
[2026-07-01 11:24:34] [axEl] IN: pid=79582 role=AXMenuBarItem → OUT: title=Reasonix frame=(43,0,79,30) (0ms)
[2026-07-01 11:24:34] [axEl] IN: pid=79582 role=AXMenuBarItem → OUT: title=File frame=(121,0,43,30) (0ms)
[2026-07-01 11:24:34] [axEl] IN: pid=79582 role=AXMenuBarItem → OUT: title=Edit frame=(163,0,44,30) (0ms)
[2026-07-01 11:24:34] [axEl] IN: pid=79582 role=AXMenuBarItem → OUT: title=Window frame=(206,0,69,30) (0ms)
[2026-07-01 11:24:34] [axEl] IN: pid=2480 role=AXMenuBarItem → OUT: title=Apple frame=(10,0,34,30) (0ms)
[2026-07-01 11:24:34] [axEl] IN: pid=2480 role=AXMenuBarItem → OUT: title=访达 frame=(43,0,47,30) (0ms)
[2026-07-01 11:24:34] [axEl] IN: pid=2480 role=AXMenuBarItem → OUT: title=文件 frame=(89,0,47,30) (0ms)
[2026-07-01 11:24:34] [axEl] IN: pid=2480 role=AXMenuBarItem → OUT: title=编辑 frame=(135,0,46,30) (0ms)
[2026-07-01 11:24:34] [axEl] IN: pid=2480 role=AXMenuBarItem → OUT: title=显示 frame=(180,0,47,30) (0ms)
[2026-07-01 11:24:34] [axEl] IN: pid=2480 role=AXMenuBarItem → OUT: title=前往 frame=(226,0,47,30) (0ms)
[2026-07-01 11:24:34] [axEl] IN: pid=2480 role=AXMenuBarItem → OUT: title=窗口 frame=(272,0,47,30) (0ms)
[2026-07-01 11:24:34] [axEl] IN: pid=2480 role=AXMenuBarItem → OUT: title=帮助 frame=(318,0,47,30) (0ms)
[2026-07-01 11:24:34] [axEl] IN: pid=2480 role=AXImage → OUT: title=vibe项目 frame=(77,469,64,64) (0ms)
[2026-07-01 11:24:34] [axEl] IN: pid=2478 role=AXDockItem → OUT: title=访达 frame=(295,1017,46,58) (0ms)
[2026-07-01 11:24:34] [axEl] IN: pid=2478 role=AXDockItem → OUT: title=App frame=(341,1017,46,58) (0ms)
[2026-07-01 11:24:34] [axEl] IN: pid=2478 role=AXDockItem → OUT: title=地图 frame=(387,1017,46,58) (0ms)
[2026-07-01 11:24:34] [axEl] IN: pid=2478 role=AXDockItem → OUT: title=App Store frame=(433,1017,46,58) (0ms)
[2026-07-01 11:24:34] [axEl] IN: pid=2478 role=AXDockItem → OUT: title=iPhone镜像 frame=(479,1017,46,58) (0ms)
[2026-07-01 11:24:34] [axEl] IN: pid=2478 role=AXDockItem → OUT: title=tntcloud_Lite frame=(525,1017,46,58) (0ms)
[2026-07-01 11:24:34] [axEl] IN: pid=2478 role=AXDockItem → OUT: title=豆包 frame=(571,1017,46,58) (0ms)
[2026-07-01 11:24:34] [axEl] IN: pid=2478 role=AXDockItem → OUT: title=微信 frame=(617,1017,46,58) (0ms)
[2026-07-01 11:24:34] [axEl] IN: pid=2478 role=AXDockItem → OUT: title=ima.copilot frame=(663,1017,46,58) (0ms)
[2026-07-01 11:24:34] [axEl] IN: pid=2478 role=AXDockItem → OUT: title=Google Chrome frame=(709,1017,46,58) (0ms)
[2026-07-01 11:24:34] [axEl] IN: pid=2478 role=AXDockItem → OUT: title=Claude frame=(755,1017,46,58) (0ms)
[2026-07-01 11:24:34] [axEl] IN: pid=2478 role=AXDockItem → OUT: title=飞书 frame=(801,1017,46,58) (0ms)
[2026-07-01 11:24:34] [axEl] IN: pid=2478 role=AXDockItem → OUT: title=终端 frame=(847,1017,46,58) (0ms)
[2026-07-01 11:24:34] [axEl] IN: pid=2478 role=AXDockItem → OUT: title=Visual Studio Code frame=(893,1017,46,58) (0ms)
[2026-07-01 11:24:34] [axEl] IN: pid=2478 role=AXDockItem → OUT: title=Codex frame=(939,1017,46,58) (0ms)
[2026-07-01 11:24:34] [axEl] IN: pid=2478 role=AXDockItem → OUT: title=Reasonix frame=(985,1017,46,58) (0ms)
[2026-07-01 11:24:34] [axEl] IN: pid=2478 role=AXDockItem → OUT: title= frame=(1031,1017,20,58) (0ms)
[2026-07-01 11:24:34] [axEl] IN: pid=2478 role=AXDockItem → OUT: title=屏幕共享 frame=(1052,1017,46,58) (0ms)
[2026-07-01 11:24:34] [axEl] IN: pid=2478 role=AXDockItem → OUT: title=飞鸟加速 frame=(1098,1017,46,58) (0ms)
[2026-07-01 11:24:34] [axEl] IN: pid=2478 role=AXDockItem → OUT: title=预览 frame=(1144,1017,46,58) (0ms)
[2026-07-01 11:24:34] [axEl] IN: pid=2478 role=AXDockItem → OUT: title=网易云音乐 frame=(1190,1017,46,58) (0ms)
[2026-07-01 11:24:34] [axEl] IN: pid=2478 role=AXDockItem → OUT: title=抖音 frame=(1236,1017,46,58) (0ms)
[2026-07-01 11:24:34] [axEl] IN: pid=2478 role=AXDockItem → OUT: title= frame=(1282,1017,20,58) (0ms)
[2026-07-01 11:24:34] [axEl] IN: pid=2478 role=AXDockItem → OUT: title=下载 frame=(1302,1017,46,58) (0ms)
[2026-07-01 11:24:34] [axEl] IN: pid=2478 role=AXDockItem → OUT: title=所有连接 frame=(1348,1017,46,58) (0ms)
[2026-07-01 11:24:34] [axEl] IN: pid=2478 role=AXDockItem → OUT: title=网易云音乐 frame=(1394,1017,46,58) (0ms)
[2026-07-01 11:24:34] [axEl] IN: pid=2478 role=AXDockItem → OUT: title=飞鸟加速 frame=(1440,1017,46,58) (0ms)
[2026-07-01 11:24:34] [axEl] IN: pid=2478 role=AXDockItem → OUT: title=MotionControl Toggle Buttons frame=(1486,1017,46,58) (0ms)
[2026-07-01 11:24:34] [axEl] IN: pid=2478 role=AXDockItem → OUT: title=douyin frame=(1532,1017,46,58) (0ms)
[2026-07-01 11:24:34] [axEl] IN: pid=2478 role=AXDockItem → OUT: title=废纸篓 frame=(1578,1017,46,58) (0ms)
[2026-07-01 11:24:34] [axEl] IN: pid=2479 role=AXMenuBarItem → OUT: title=Siri frame=(1752,3,16,24) (0ms)
[2026-07-01 11:24:34] [hand_detect] IN: hand_detect 1920x1080 → OUT: detected=false landmarks=nil confidence=0
[2026-07-01 11:24:34] [face_detect] IN: face_detect → OUT: detected=true landmarks=76 roll=-0.0030679617 pitch=-0.36125246 yaw=0.088970885 (4837ms)
[2026-07-01 11:24:34] [mouth_detect] IN: mouth_detect ratio=0.70484656 → OUT: status=CLOSED confirmed=CLOSED
[2026-07-01 11:24:34] [gaze_estimate] IN: yaw=0.088970885 pitch=-0.36125246 → OUT: yawOffset=0.09088652 pitchOffset=-0.15765366 hasFace=true
[2026-07-01 11:24:34] [hand_detect] IN: hand_detect 1920x1080 → OUT: detected=false landmarks=nil confidence=0
[2026-07-01 11:24:34] [face_detect] IN: face_detect → OUT: detected=true landmarks=76 roll=-0.0030679617 pitch=-0.36125246 yaw=0.088970885 (4912ms)
[2026-07-01 11:24:34] [mouth_detect] IN: mouth_detect ratio=0.6506003 → OUT: status=CLOSED confirmed=CLOSED
[2026-07-01 11:24:34] [gaze_estimate] IN: yaw=0.088970885 pitch=-0.36125246 → OUT: yawOffset=0.100206 pitchOffset=-0.15568669 hasFace=true
[2026-07-01 11:24:34] [hand_detect] IN: hand_detect 1920x1080 → OUT: detected=false landmarks=nil confidence=0
[2026-07-01 11:24:34] [face_detect] IN: face_detect → OUT: detected=true landmarks=76 roll=-0.0030679617 pitch=-0.36125246 yaw=0.088970885 (5532ms)
[2026-07-01 11:24:34] [mouth_detect] IN: mouth_detect ratio=0.5984053 → OUT: status=CLOSED confirmed=CLOSED
[2026-07-01 11:24:34] [gaze_estimate] IN: yaw=0.088970885 pitch=-0.36125246 → OUT: yawOffset=0.10672964 pitchOffset=-0.15430982 hasFace=true
[2026-07-01 11:24:34] [hand_detect] IN: hand_detect 1920x1080 → OUT: detected=false landmarks=nil confidence=0
[2026-07-01 11:24:34] [face_detect] IN: face_detect → OUT: detected=true landmarks=76 roll=-0.0030679617 pitch=-0.36125246 yaw=0.088970885 (5582ms)
[2026-07-01 11:24:34] [mouth_detect] IN: mouth_detect ratio=0.5934186 → OUT: status=CLOSED confirmed=CLOSED
[2026-07-01 11:24:34] [gaze_estimate] IN: yaw=0.088970885 pitch=-0.36125246 → OUT: yawOffset=0.111296184 pitchOffset=-0.15334602 hasFace=true
[2026-07-01 11:24:35] [hand_detect] IN: hand_detect 1920x1080 → OUT: detected=false landmarks=nil confidence=0
[2026-07-01 11:24:35] [face_detect] IN: face_detect → OUT: detected=true landmarks=76 roll=-0.0030679617 pitch=-0.36125246 yaw=0.088970885 (6923ms)
[2026-07-01 11:24:35] [mouth_detect] IN: mouth_detect ratio=0.57286334 → OUT: status=CLOSED confirmed=CLOSED
[2026-07-01 11:24:35] [gaze_estimate] IN: yaw=0.088970885 pitch=-0.36125246 → OUT: yawOffset=0.11449277 pitchOffset=-0.15267135 hasFace=true
[2026-07-01 11:24:35] [hand_detect] IN: hand_detect 1920x1080 → OUT: detected=false landmarks=nil confidence=0
[2026-07-01 11:24:35] [face_detect] IN: face_detect → OUT: detected=true landmarks=76 roll=-0.0030679617 pitch=-0.36125246 yaw=0.088970885 (7680ms)
[2026-07-01 11:24:35] [mouth_detect] IN: mouth_detect ratio=0.5492964 → OUT: status=CLOSED confirmed=CLOSED
[2026-07-01 11:24:35] [gaze_estimate] IN: yaw=0.088970885 pitch=-0.36125246 → OUT: yawOffset=0.11673038 pitchOffset=-0.15219907 hasFace=true
[2026-07-01 11:24:35] [hand_detect] IN: hand_detect 1920x1080 → OUT: detected=false landmarks=nil confidence=0
[2026-07-01 11:24:35] [face_detect] IN: face_detect → OUT: detected=true landmarks=76 roll=-0.0030679617 pitch=-0.36125246 yaw=0.088970885 (11577ms)
[2026-07-01 11:24:35] [mouth_detect] IN: mouth_detect ratio=0.5522973 → OUT: status=CLOSED confirmed=CLOSED
[2026-07-01 11:24:35] [gaze_estimate] IN: yaw=0.088970885 pitch=-0.36125246 → OUT: yawOffset=0.118296705 pitchOffset=-0.15186849 hasFace=true
[2026-07-01 11:24:35] [hand_detect] IN: hand_detect 1920x1080 → OUT: detected=false landmarks=nil confidence=0
[2026-07-01 11:24:35] [face_detect] IN: face_detect → OUT: detected=true landmarks=76 roll=-0.0030679617 pitch=-0.36125246 yaw=0.088970885 (10516ms)
[2026-07-01 11:24:35] [mouth_detect] IN: mouth_detect ratio=0.5526326 → OUT: status=CLOSED confirmed=CLOSED
[2026-07-01 11:24:35] [gaze_estimate] IN: yaw=0.088970885 pitch=-0.36125246 → OUT: yawOffset=0.11939313 pitchOffset=-0.15163708 hasFace=true
[2026-07-01 11:24:35] [hand_detect] IN: hand_detect 1920x1080 → OUT: detected=false landmarks=nil confidence=0
[2026-07-01 11:24:35] [face_detect] IN: face_detect → OUT: detected=true landmarks=76 roll=-0.0030679617 pitch=-0.36125246 yaw=0.088970885 (5308ms)
[2026-07-01 11:24:35] [mouth_detect] IN: mouth_detect ratio=0.54460603 → OUT: status=CLOSED confirmed=CLOSED
[2026-07-01 11:24:35] [gaze_estimate] IN: yaw=0.088970885 pitch=-0.36125246 → OUT: yawOffset=0.12016063 pitchOffset=-0.15147509 hasFace=true
[2026-07-01 11:24:35] [hand_detect] IN: hand_detect 1920x1080 → OUT: detected=false landmarks=nil confidence=0
[2026-07-01 11:24:35] [face_detect] IN: face_detect → OUT: detected=true landmarks=76 roll=-0.0030679617 pitch=-0.36125246 yaw=0.088970885 (5017ms)
[2026-07-01 11:24:35] [mouth_detect] IN: mouth_detect ratio=0.5234708 → OUT: status=CLOSED confirmed=CLOSED
[2026-07-01 11:24:35] [gaze_estimate] IN: yaw=0.088970885 pitch=-0.36125246 → OUT: yawOffset=0.12069788 pitchOffset=-0.15136169 hasFace=true
[2026-07-01 11:24:35] [hand_detect] IN: hand_detect 1920x1080 → OUT: detected=false landmarks=nil confidence=0
[2026-07-01 11:24:35] [face_detect] IN: face_detect → OUT: detected=true landmarks=76 roll=-0.0030679617 pitch=-0.36125246 yaw=0.088970885 (4948ms)
[2026-07-01 11:24:35] [mouth_detect] IN: mouth_detect ratio=0.51691884 → OUT: status=CLOSED confirmed=CLOSED
[2026-07-01 11:24:35] [gaze_estimate] IN: yaw=0.088970885 pitch=-0.36125246 → OUT: yawOffset=0.121073954 pitchOffset=-0.15128231 hasFace=true
[2026-07-01 11:24:35] [hand_detect] IN: hand_detect 1920x1080 → OUT: detected=false landmarks=nil confidence=0
[2026-07-01 11:24:35] [face_detect] IN: face_detect → OUT: detected=true landmarks=76 roll=-0.0030679617 pitch=-0.36125246 yaw=0.088970885 (4445ms)
[2026-07-01 11:24:35] [mouth_detect] IN: mouth_detect ratio=0.50502175 → OUT: status=CLOSED confirmed=CLOSED
[2026-07-01 11:24:35] [gaze_estimate] IN: yaw=0.088970885 pitch=-0.36125246 → OUT: yawOffset=0.121337205 pitchOffset=-0.15122676 hasFace=true
[2026-07-01 11:24:35] [hand_detect] IN: hand_detect 1920x1080 → OUT: detected=false landmarks=nil confidence=0
[2026-07-01 11:24:35] [face_detect] IN: face_detect → OUT: detected=true landmarks=76 roll=-0.0030679617 pitch=-0.36125246 yaw=0.088970885 (4472ms)
[2026-07-01 11:24:35] [mouth_detect] IN: mouth_detect ratio=0.5134574 → OUT: status=CLOSED confirmed=CLOSED
[2026-07-01 11:24:35] [gaze_estimate] IN: yaw=0.088970885 pitch=-0.36125246 → OUT: yawOffset=0.12152148 pitchOffset=-0.15118787 hasFace=true
[2026-07-01 11:24:35] [hand_detect] IN: hand_detect 1920x1080 → OUT: detected=false landmarks=nil confidence=0
[2026-07-01 11:24:35] [face_detect] IN: face_detect → OUT: detected=true landmarks=76 roll=0.07056312 pitch=-0.34974763 yaw=0.009203885 (9135ms)
[2026-07-01 11:24:35] [mouth_detect] IN: mouth_detect ratio=0.5160266 → OUT: status=CLOSED confirmed=CLOSED
[2026-07-01 11:24:35] [gaze_estimate] IN: yaw=0.009203885 pitch=-0.34974763 → OUT: yawOffset=0.09772038 pitchOffset=-0.14770919 hasFace=true
[2026-07-01 11:24:35] [hand_detect] IN: hand_detect 1920x1080 → OUT: detected=false landmarks=nil confidence=0
[2026-07-01 11:24:35] [face_detect] IN: face_detect → OUT: detected=true landmarks=76 roll=0.07056312 pitch=-0.34974763 yaw=0.009203885 (4631ms)
[2026-07-01 11:24:35] [mouth_detect] IN: mouth_detect ratio=0.50350684 → OUT: status=CLOSED confirmed=CLOSED
[2026-07-01 11:24:35] [gaze_estimate] IN: yaw=0.009203885 pitch=-0.34974763 → OUT: yawOffset=0.081059605 pitchOffset=-0.14527412 hasFace=true
[2026-07-01 11:24:35] [hand_detect] IN: hand_detect 1920x1080 → OUT: detected=false landmarks=nil confidence=0
[2026-07-01 11:24:35] [face_detect] IN: face_detect → OUT: detected=true landmarks=76 roll=0.07056312 pitch=-0.34974763 yaw=0.009203885 (4868ms)
[2026-07-01 11:24:35] [mouth_detect] IN: mouth_detect ratio=0.47841513 → OUT: status=CLOSED confirmed=CLOSED
[2026-07-01 11:24:35] [gaze_estimate] IN: yaw=0.009203885 pitch=-0.34974763 → OUT: yawOffset=0.06939706 pitchOffset=-0.14356957 hasFace=true
[2026-07-01 11:24:35] [hand_detect] IN: hand_detect 1920x1080 → OUT: detected=false landmarks=nil confidence=0
[2026-07-01 11:24:35] [face_detect] IN: face_detect → OUT: detected=true landmarks=76 roll=0.07056312 pitch=-0.34974763 yaw=0.009203885 (4444ms)
[2026-07-01 11:24:35] [mouth_detect] IN: mouth_detect ratio=0.46378696 → OUT: status=CLOSED confirmed=CLOSED
[2026-07-01 11:24:35] [gaze_estimate] IN: yaw=0.009203885 pitch=-0.34974763 → OUT: yawOffset=0.061233282 pitchOffset=-0.1423764 hasFace=true
[2026-07-01 11:24:35] [hand_detect] IN: hand_detect 1920x1080 → OUT: detected=false landmarks=nil confidence=0
[2026-07-01 11:24:35] [face_detect] IN: face_detect → OUT: detected=true landmarks=76 roll=0.07056312 pitch=-0.34974763 yaw=0.009203885 (4784ms)
[2026-07-01 11:24:35] [mouth_detect] IN: mouth_detect ratio=0.45243037 → OUT: status=CLOSED confirmed=CLOSED
[2026-07-01 11:24:35] [gaze_estimate] IN: yaw=0.009203885 pitch=-0.34974763 → OUT: yawOffset=0.05551864 pitchOffset=-0.14154117 hasFace=true
[2026-07-01 11:24:35] [hand_detect] IN: hand_detect 1920x1080 → OUT: detected=false landmarks=nil confidence=0
[2026-07-01 11:24:35] [face_detect] IN: face_detect → OUT: detected=true landmarks=76 roll=0.07056312 pitch=-0.34974763 yaw=0.009203885 (4777ms)
[2026-07-01 11:24:35] [mouth_detect] IN: mouth_detect ratio=0.47021177 → OUT: status=CLOSED confirmed=CLOSED
[2026-07-01 11:24:35] [gaze_estimate] IN: yaw=0.009203885 pitch=-0.34974763 → OUT: yawOffset=0.051518384 pitchOffset=-0.1409565 hasFace=true
[2026-07-01 11:24:35] [axMatch] IN: cursor=(1148,1052) → OUT: role=AXDockItem title=预览 (0ms)
[2026-07-01 11:24:35] [hand_detect] IN: hand_detect 1920x1080 → OUT: detected=false landmarks=nil confidence=0
[2026-07-01 11:24:35] [face_detect] IN: face_detect → OUT: detected=true landmarks=76 roll=0.07056312 pitch=-0.34974763 yaw=0.009203885 (4824ms)
[2026-07-01 11:24:35] [mouth_detect] IN: mouth_detect ratio=0.45568419 → OUT: status=CLOSED confirmed=CLOSED
[2026-07-01 11:24:35] [gaze_estimate] IN: yaw=0.009203885 pitch=-0.34974763 → OUT: yawOffset=0.048718207 pitchOffset=-0.14054725 hasFace=true
[2026-07-01 11:24:35] [hand_detect] IN: hand_detect 1920x1080 → OUT: detected=false landmarks=nil confidence=0
[2026-07-01 11:24:35] [face_detect] IN: face_detect → OUT: detected=true landmarks=76 roll=0.07056312 pitch=-0.34974763 yaw=0.009203885 (4876ms)
[2026-07-01 11:24:35] [mouth_detect] IN: mouth_detect ratio=0.45315716 → OUT: status=CLOSED confirmed=CLOSED
[2026-07-01 11:24:35] [gaze_estimate] IN: yaw=0.009203885 pitch=-0.34974763 → OUT: yawOffset=0.046758085 pitchOffset=-0.14026076 hasFace=true
[2026-07-01 11:24:35] [hand_detect] IN: hand_detect 1920x1080 → OUT: detected=false landmarks=nil confidence=0
[2026-07-01 11:24:35] [face_detect] IN: face_detect → OUT: detected=true landmarks=76 roll=0.07056312 pitch=-0.34974763 yaw=0.009203885 (4862ms)
[2026-07-01 11:24:35] [mouth_detect] IN: mouth_detect ratio=0.45655885 → OUT: status=CLOSED confirmed=CLOSED
[2026-07-01 11:24:35] [gaze_estimate] IN: yaw=0.009203885 pitch=-0.34974763 → OUT: yawOffset=0.045385998 pitchOffset=-0.14006022 hasFace=true
[2026-07-01 11:24:35] [hand_detect] IN: hand_detect 1920x1080 → OUT: detected=false landmarks=nil confidence=0
[2026-07-01 11:24:35] [face_detect] IN: face_detect → OUT: detected=true landmarks=76 roll=0.07056312 pitch=-0.34974763 yaw=0.009203885 (5322ms)
[2026-07-01 11:24:35] [mouth_detect] IN: mouth_detect ratio=0.45402947 → OUT: status=CLOSED confirmed=CLOSED
[2026-07-01 11:24:35] [gaze_estimate] IN: yaw=0.009203885 pitch=-0.34974763 → OUT: yawOffset=0.044425536 pitchOffset=-0.13991983 hasFace=true
[2026-07-01 11:24:35] [axScan] IN: windows=5 → OUT: raw=433 visible=417 [pid79582=346 pid2479=1 pid61336=31 pid2480=9 pid2478=30] (681ms)
[2026-07-01 11:24:35] [axEl] IN: pid=61336 role=AXButton → OUT: title= frame=(901,117,20,20) (0ms)
[2026-07-01 11:24:35] [axEl] IN: pid=61336 role=AXScrollBar → OUT: title= frame=(901,135,19,338) (0ms)
[2026-07-01 11:24:35] [axEl] IN: pid=61336 role=AXButton → OUT: title= frame=(905,139,11,310) (0ms)
[2026-07-01 11:24:35] [axEl] IN: pid=61336 role=AXButton → OUT: title= frame=(410,95,16,16) (0ms)
[2026-07-01 11:24:35] [axEl] IN: pid=61336 role=AXButton → OUT: title= frame=(456,95,16,16) (0ms)
[2026-07-01 11:24:35] [axEl] IN: pid=61336 role=AXButton → OUT: title= frame=(433,95,16,16) (0ms)
[2026-07-01 11:24:35] [axEl] IN: pid=61336 role=AXImage → OUT: title=diqibadao frame=(483,93,18,18) (0ms)
[2026-07-01 11:24:35] [axEl] IN: pid=61336 role=AXStaticText → OUT: title= frame=(502,95,407,16) (0ms)
[2026-07-01 11:24:35] [axEl] IN: pid=61336 role=AXButton → OUT: title= frame=(918,674,20,20) (0ms)
[2026-07-01 11:24:35] [axEl] IN: pid=61336 role=AXScrollBar → OUT: title= frame=(918,692,19,338) (0ms)
[2026-07-01 11:24:35] [axEl] IN: pid=61336 role=AXButton → OUT: title= frame=(922,696,11,310) (0ms)
[2026-07-01 11:24:35] [axEl] IN: pid=61336 role=AXButton → OUT: title= frame=(427,652,16,16) (0ms)
[2026-07-01 11:24:35] [axEl] IN: pid=61336 role=AXButton → OUT: title= frame=(473,652,16,16) (0ms)
[2026-07-01 11:24:35] [axEl] IN: pid=61336 role=AXButton → OUT: title= frame=(450,652,16,16) (0ms)
[2026-07-01 11:24:35] [axEl] IN: pid=61336 role=AXImage → OUT: title=diqibadao frame=(500,650,18,18) (0ms)
[2026-07-01 11:24:35] [axEl] IN: pid=61336 role=AXStaticText → OUT: title= frame=(519,652,241,16) (0ms)
[2026-07-01 11:24:35] [axEl] IN: pid=61336 role=AXButton → OUT: title= frame=(872,88,20,20) (0ms)
[2026-07-01 11:24:35] [axEl] IN: pid=61336 role=AXScrollBar → OUT: title= frame=(872,106,19,338) (0ms)
[2026-07-01 11:24:35] [axEl] IN: pid=61336 role=AXButton → OUT: title= frame=(876,110,11,310) (0ms)
[2026-07-01 11:24:35] [axEl] IN: pid=61336 role=AXButton → OUT: title= frame=(381,66,16,16) (0ms)
[2026-07-01 11:24:35] [axEl] IN: pid=61336 role=AXButton → OUT: title= frame=(427,66,16,16) (0ms)
[2026-07-01 11:24:35] [axEl] IN: pid=61336 role=AXButton → OUT: title= frame=(404,66,16,16) (0ms)
[2026-07-01 11:24:35] [axEl] IN: pid=61336 role=AXImage → OUT: title=diqibadao frame=(454,64,18,18) (0ms)
[2026-07-01 11:24:35] [axEl] IN: pid=61336 role=AXStaticText → OUT: title= frame=(473,66,241,16) (0ms)
[2026-07-01 11:24:35] [axEl] IN: pid=61336 role=AXMenuBarItem → OUT: title=Apple frame=(10,0,34,30) (0ms)
[2026-07-01 11:24:35] [axEl] IN: pid=61336 role=AXMenuBarItem → OUT: title=终端 frame=(43,0,47,30) (0ms)
[2026-07-01 11:24:35] [axEl] IN: pid=61336 role=AXMenuBarItem → OUT: title=Shell frame=(89,0,50,30) (0ms)
[2026-07-01 11:24:35] [axEl] IN: pid=61336 role=AXMenuBarItem → OUT: title=编辑 frame=(138,0,47,30) (0ms)
[2026-07-01 11:24:35] [axEl] IN: pid=61336 role=AXMenuBarItem → OUT: title=显示 frame=(184,0,47,30) (0ms)
[2026-07-01 11:24:35] [axEl] IN: pid=61336 role=AXMenuBarItem → OUT: title=窗口 frame=(230,0,47,30) (0ms)
[2026-07-01 11:24:35] [axEl] IN: pid=61336 role=AXMenuBarItem → OUT: title=帮助 frame=(276,0,47,30) (0ms)
[2026-07-01 11:24:35] [axEl] IN: pid=79582 role=AXLink → OUT: title=跳到输入框 frame=(1390,36,83,35) (0ms)
[2026-07-01 11:24:35] [axEl] IN: pid=79582 role=AXStaticText → OUT: title= frame=(1402,45,59,17) (0ms)
[2026-07-01 11:24:35] [axEl] IN: pid=79582 role=AXImage → OUT: title= frame=(1019,123,118,28) (0ms)
[2026-07-01 11:24:35] [axEl] IN: pid=79582 role=AXButton → OUT: title=新建对话 frame=(1026,173,240,38) (0ms)
[2026-07-01 11:24:35] [axEl] IN: pid=79582 role=AXStaticText → OUT: title= frame=(1032,226,25,18) (0ms)
[2026-07-01 11:24:35] [axEl] IN: pid=79582 role=AXButton → OUT: title=技能 frame=(1026,255,240,30) (0ms)
[2026-07-01 11:24:35] [axEl] IN: pid=79582 role=AXButton → OUT: title=记忆 frame=(1026,289,240,30) (0ms)
[2026-07-01 11:24:35] [axEl] IN: pid=79582 role=AXButton → OUT: title=消息通道 frame=(1026,323,240,30) (0ms)
[2026-07-01 11:24:35] [axEl] IN: pid=79582 role=AXButton → OUT: title=自动化 frame=(1026,357,240,30) (0ms)
[2026-07-01 11:24:35] [axEl] IN: pid=79582 role=AXStaticText → OUT: title= frame=(1032,411,26,18) (0ms)
[2026-07-01 11:24:35] [axEl] IN: pid=79582 role=AXPopUpButton → OUT: title=按时间筛选 frame=(1174,408,24,22) (0ms)
[2026-07-01 11:24:35] [axEl] IN: pid=79582 role=AXCheckBox → OUT: title=收起所有项目 frame=(1204,408,22,22) (0ms)
[2026-07-01 11:24:35] [axEl] IN: pid=79582 role=AXButton → OUT: title=添加新项目 frame=(1235,408,22,22) (0ms)
[2026-07-01 11:24:35] [axEl] IN: pid=79582 role=AXButton → OUT: title=Global frame=(1028,446,204,32) (0ms)
[2026-07-01 11:24:35] [axEl] IN: pid=79582 role=AXButton → OUT: title=新建会话 frame=(1238,450,24,24) (0ms)
[2026-07-01 11:24:35] [axEl] IN: pid=79582 role=AXButton → OUT: title=已粘贴文本 #3 · 71 行] … frame=(1044,483,219,23) (0ms)
[2026-07-01 11:24:35] [axEl] IN: pid=79582 role=AXButton → OUT: title=调研技术方案 @.reasonix… frame=(1044,508,219,23) (0ms)
[2026-07-01 11:24:35] [axEl] IN: pid=79582 role=AXButton → OUT: title=光标控制和手势控制的启动关闭按钮呢 … frame=(1044,533,219,23) (0ms)
[2026-07-01 11:24:35] [axEl] IN: pid=79582 role=AXButton → OUT: title=光标控制和手势控制的启动关闭按钮呢 … frame=(1044,558,219,23) (0ms)
[2026-07-01 11:24:35] [axEl] IN: pid=79582 role=AXButton → OUT: title=新的会话 frame=(1044,583,219,28) (0ms)
[2026-07-01 11:24:35] [axEl] IN: pid=79582 role=AXButton → OUT: title=嗨 你好啊 frame=(1044,613,219,24) (0ms)
[2026-07-01 11:24:35] [axEl] IN: pid=79582 role=AXButton → OUT: title=global会话卡住了 看看啥情况 frame=(1044,638,219,24) (0ms)
[2026-07-01 11:24:35] [axEl] IN: pid=79582 role=AXButton → OUT: title=<memory-compiler-e… frame=(1044,663,219,24) (0ms)
[2026-07-01 11:24:35] [axEl] IN: pid=79582 role=AXButton → OUT: title=自然识别App调研，你看看我的桌面这… frame=(1044,688,219,24) (0ms)
[2026-07-01 11:24:35] [axEl] IN: pid=79582 role=AXButton → OUT: title=我使用的飞鸟加速外网好慢啊 检查下可… frame=(1044,713,219,24) (0ms)
[2026-07-01 11:24:35] [axEl] IN: pid=79582 role=AXButton → OUT: title=<active-goal> 我感觉c… frame=(1044,738,219,24) (0ms)
[2026-07-01 11:24:35] [axEl] IN: pid=79582 role=AXCheckBox → OUT: title=搜索项目或会话 frame=(1026,956,56,30) (0ms)
[2026-07-01 11:24:35] [axEl] IN: pid=79582 role=AXButton → OUT: title= frame=(1087,956,56,30) (0ms)
[2026-07-01 11:24:35] [axEl] IN: pid=79582 role=AXButton → OUT: title= frame=(1149,956,56,30) (0ms)
[2026-07-01 11:24:35] [axEl] IN: pid=79582 role=AXButton → OUT: title= frame=(1210,956,56,30) (0ms)
[2026-07-01 11:24:35] [axEl] IN: pid=79582 role=AXCheckBox → OUT: title=收起导航 frame=(1265,517,26,47) (0ms)
[2026-07-01 11:24:35] [axEl] IN: pid=79582 role=AXHeading → OUT: title=重命名会话 frame=(1296,103,176,19) (0ms)
[2026-07-01 11:24:35] [axEl] IN: pid=79582 role=AXButton → OUT: title=重命名会话 frame=(1296,103,176,19) (0ms)
[2026-07-01 11:24:35] [axEl] IN: pid=79582 role=AXButton → OUT: title=复制会话 frame=(1621,102,30,28) (0ms)
[2026-07-01 11:24:35] [axEl] IN: pid=79582 role=AXPopUpButton → OUT: title=导出会话 frame=(1657,102,30,28) (0ms)
[2026-07-01 11:24:35] [axEl] IN: pid=79582 role=AXCheckBox → OUT: title=改动 frame=(1693,102,30,28) (0ms)
[2026-07-01 11:24:35] [axEl] IN: pid=79582 role=AXButton → OUT: title=键盘快捷键 frame=(1729,102,30,28) (0ms)
[2026-07-01 11:24:35] [axEl] IN: pid=79582 role=AXButton → OUT: title=命令 frame=(1765,102,30,28) (0ms)
[2026-07-01 11:24:35] [axEl] IN: pid=79582 role=AXCheckBox → OUT: title=展开工作区 frame=(1801,102,30,28) (0ms)
[2026-07-01 11:24:35] [axEl] IN: pid=79582 role=AXStaticText → OUT: title= frame=(1362,1,24,16) (0ms)
[2026-07-01 11:24:35] [axEl] IN: pid=79582 role=AXStaticText → OUT: title= frame=(1428,1,9,16) (0ms)
[2026-07-01 11:24:35] [axEl] IN: pid=79582 role=AXStaticText → OUT: title= frame=(1453,1,264,16) (0ms)
[2026-07-01 11:24:35] [axEl] IN: pid=79582 role=AXStaticText → OUT: title= frame=(1362,21,24,15) (0ms)
[2026-07-01 11:24:35] [axEl] IN: pid=79582 role=AXStaticText → OUT: title= frame=(1399,21,24,15) (0ms)
[2026-07-01 11:24:35] [axEl] IN: pid=79582 role=AXStaticText → OUT: title= frame=(1453,21,102,15) (0ms)
[2026-07-01 11:24:35] [axEl] IN: pid=79582 role=AXStaticText → OUT: title= frame=(1362,40,24,16) (0ms)
[2026-07-01 11:24:35] [axEl] IN: pid=79582 role=AXStaticText → OUT: title= frame=(1399,40,24,16) (0ms)
[2026-07-01 11:24:35] [axEl] IN: pid=79582 role=AXStaticText → OUT: title= frame=(1453,40,233,16) (0ms)
[2026-07-01 11:24:35] [axEl] IN: pid=79582 role=AXStaticText → OUT: title= frame=(1362,59,24,16) (0ms)
[2026-07-01 11:24:35] [axEl] IN: pid=79582 role=AXStaticText → OUT: title= frame=(1399,59,24,16) (0ms)
[2026-07-01 11:24:35] [axEl] IN: pid=79582 role=AXButton → OUT: title= frame=(1342,7,234,28) (0ms)
[2026-07-01 11:24:35] [axEl] IN: pid=79582 role=AXButton → OUT: title= frame=(1342,37,514,28) (0ms)
[2026-07-01 11:24:35] [axEl] IN: pid=79582 role=AXButton → OUT: title= frame=(1316,13,495,18) (0ms)
[2026-07-01 11:24:35] [axEl] IN: pid=79582 role=AXButton → OUT: title= frame=(1342,41,507,29) (0ms)
[2026-07-01 11:24:35] [axEl] IN: pid=79582 role=AXStaticText → OUT: title= frame=(1362,76,24,16) (0ms)
[2026-07-01 11:24:35] [axEl] IN: pid=79582 role=AXStaticText → OUT: title= frame=(1399,76,24,16) (0ms)
[2026-07-01 11:24:35] [axEl] IN: pid=79582 role=AXStaticText → OUT: title= frame=(1362,95,24,16) (0ms)
[2026-07-01 11:24:35] [axEl] IN: pid=79582 role=AXStaticText → OUT: title= frame=(1399,95,24,16) (0ms)
[2026-07-01 11:24:35] [axEl] IN: pid=79582 role=AXStaticText → OUT: title= frame=(1453,95,387,16) (0ms)
[2026-07-01 11:24:35] [axEl] IN: pid=79582 role=AXStaticText → OUT: title= frame=(1362,115,24,15) (0ms)
[2026-07-01 11:24:35] [axEl] IN: pid=79582 role=AXStaticText → OUT: title= frame=(1399,115,24,15) (0ms)
[2026-07-01 11:24:35] [axEl] IN: pid=79582 role=AXStaticText → OUT: title= frame=(1453,115,217,15) (0ms)
[2026-07-01 11:24:35] [axEl] IN: pid=79582 role=AXStaticText → OUT: title= frame=(1362,134,24,16) (0ms)
[2026-07-01 11:24:35] [axEl] IN: pid=79582 role=AXStaticText → OUT: title= frame=(1428,134,9,16) (0ms)
[2026-07-01 11:24:35] [axEl] IN: pid=79582 role=AXStaticText → OUT: title= frame=(1453,134,432,16) (0ms)
[2026-07-01 11:24:35] [axEl] IN: pid=79582 role=AXStaticText → OUT: title= frame=(1362,154,24,15) (0ms)
[2026-07-01 11:24:35] [axEl] IN: pid=79582 role=AXStaticText → OUT: title= frame=(1428,154,9,15) (0ms)
[2026-07-01 11:24:35] [axEl] IN: pid=79582 role=AXStaticText → OUT: title= frame=(1453,154,295,15) (0ms)
[2026-07-01 11:24:35] [axEl] IN: pid=79582 role=AXStaticText → OUT: title= frame=(1362,173,24,16) (0ms)
[2026-07-01 11:24:35] [axEl] IN: pid=79582 role=AXStaticText → OUT: title= frame=(1428,173,9,16) (0ms)
[2026-07-01 11:24:35] [axEl] IN: pid=79582 role=AXStaticText → OUT: title= frame=(1453,173,264,16) (0ms)
[2026-07-01 11:24:35] [axEl] IN: pid=79582 role=AXStaticText → OUT: title= frame=(1362,192,24,16) (0ms)
[2026-07-01 11:24:35] [axEl] IN: pid=79582 role=AXStaticText → OUT: title= frame=(1428,192,9,16) (0ms)
[2026-07-01 11:24:35] [axEl] IN: pid=79582 role=AXStaticText → OUT: title= frame=(1453,192,727,16) (0ms)
[2026-07-01 11:24:35] [axEl] IN: pid=79582 role=AXStaticText → OUT: title= frame=(1362,212,24,15) (0ms)
[2026-07-01 11:24:35] [axEl] IN: pid=79582 role=AXStaticText → OUT: title= frame=(1428,212,9,15) (0ms)
[2026-07-01 11:24:35] [axEl] IN: pid=79582 role=AXStaticText → OUT: title= frame=(1453,212,836,15) (0ms)
[2026-07-01 11:24:35] [axEl] IN: pid=79582 role=AXStaticText → OUT: title= frame=(1362,231,24,16) (0ms)
[2026-07-01 11:24:35] [axEl] IN: pid=79582 role=AXStaticText → OUT: title= frame=(1428,231,9,16) (0ms)
[2026-07-01 11:24:35] [axEl] IN: pid=79582 role=AXStaticText → OUT: title= frame=(1453,231,187,16) (0ms)
[2026-07-01 11:24:35] [axEl] IN: pid=79582 role=AXStaticText → OUT: title= frame=(1362,250,24,16) (0ms)
[2026-07-01 11:24:35] [axEl] IN: pid=79582 role=AXStaticText → OUT: title= frame=(1428,250,9,16) (0ms)
[2026-07-01 11:24:35] [axEl] IN: pid=79582 role=AXStaticText → OUT: title= frame=(1453,250,310,16) (0ms)
[2026-07-01 11:24:35] [axEl] IN: pid=79582 role=AXStaticText → OUT: title= frame=(1362,270,24,15) (0ms)
[2026-07-01 11:24:35] [axEl] IN: pid=79582 role=AXStaticText → OUT: title= frame=(1428,270,9,15) (0ms)
[2026-07-01 11:24:35] [axEl] IN: pid=79582 role=AXStaticText → OUT: title= frame=(1453,270,295,15) (0ms)
[2026-07-01 11:24:35] [axEl] IN: pid=79582 role=AXStaticText → OUT: title= frame=(1362,289,24,16) (0ms)
[2026-07-01 11:24:35] [axEl] IN: pid=79582 role=AXStaticText → OUT: title= frame=(1428,289,9,16) (0ms)
[2026-07-01 11:24:35] [axEl] IN: pid=79582 role=AXStaticText → OUT: title= frame=(1453,289,295,16) (0ms)
[2026-07-01 11:24:35] [axEl] IN: pid=79582 role=AXStaticText → OUT: title= frame=(1362,309,24,15) (0ms)
[2026-07-01 11:24:35] [axEl] IN: pid=79582 role=AXStaticText → OUT: title= frame=(1428,309,9,15) (0ms)
[2026-07-01 11:24:35] [axEl] IN: pid=79582 role=AXStaticText → OUT: title= frame=(1453,309,132,15) (0ms)
[2026-07-01 11:24:35] [axEl] IN: pid=79582 role=AXStaticText → OUT: title= frame=(1362,328,24,16) (0ms)
[2026-07-01 11:24:35] [axEl] IN: pid=79582 role=AXStaticText → OUT: title= frame=(1428,328,9,16) (0ms)
[2026-07-01 11:24:35] [axEl] IN: pid=79582 role=AXStaticText → OUT: title= frame=(1453,328,102,16) (0ms)
[2026-07-01 11:24:35] [axEl] IN: pid=79582 role=AXStaticText → OUT: title= frame=(1362,347,24,16) (0ms)
[2026-07-01 11:24:35] [axEl] IN: pid=79582 role=AXStaticText → OUT: title= frame=(1399,347,24,16) (0ms)
[2026-07-01 11:24:35] [axEl] IN: pid=79582 role=AXStaticText → OUT: title= frame=(1453,347,626,16) (0ms)
[2026-07-01 11:24:35] [axEl] IN: pid=79582 role=AXStaticText → OUT: title= frame=(1362,367,24,15) (0ms)
[2026-07-01 11:24:35] [axEl] IN: pid=79582 role=AXStaticText → OUT: title= frame=(1399,367,24,15) (0ms)
[2026-07-01 11:24:35] [axEl] IN: pid=79582 role=AXStaticText → OUT: title= frame=(1453,367,489,15) (0ms)
[2026-07-01 11:24:35] [axEl] IN: pid=79582 role=AXStaticText → OUT: title= frame=(1362,386,24,16) (0ms)
[2026-07-01 11:24:35] [axEl] IN: pid=79582 role=AXStaticText → OUT: title= frame=(1399,386,24,16) (0ms)
[2026-07-01 11:24:35] [axEl] IN: pid=79582 role=AXStaticText → OUT: title= frame=(1453,386,341,16) (0ms)
[2026-07-01 11:24:35] [axEl] IN: pid=79582 role=AXButton → OUT: title=深度思考 frame=(1316,56,69,19) (0ms)
[2026-07-01 11:24:35] [axEl] IN: pid=79582 role=AXButton → OUT: title= frame=(1316,86,167,25) (0ms)
[2026-07-01 11:24:35] [axEl] IN: pid=79582 role=AXButton → OUT: title= frame=(1316,131,495,19) (0ms)
[2026-07-01 11:24:35] [axEl] IN: pid=79582 role=AXButton → OUT: title= frame=(1342,159,513,29) (0ms)
[2026-07-01 11:24:35] [axEl] IN: pid=79582 role=AXButton → OUT: title=深度思考 frame=(1316,174,69,19) (0ms)
[2026-07-01 11:24:35] [axEl] IN: pid=79582 role=AXStaticText → OUT: title= frame=(1316,204,449,21) (0ms)
[2026-07-01 11:24:35] [axEl] IN: pid=79582 role=AXButton → OUT: title= frame=(1316,246,167,25) (0ms)
[2026-07-01 11:24:35] [axEl] IN: pid=79582 role=AXButton → OUT: title= frame=(1316,249,495,19) (0ms)
[2026-07-01 11:24:35] [axEl] IN: pid=79582 role=AXButton → OUT: title= frame=(1342,277,165,29) (0ms)
[2026-07-01 11:24:35] [axEl] IN: pid=79582 role=AXButton → OUT: title=深度思考 frame=(1316,293,69,19) (0ms)
[2026-07-01 11:24:35] [axEl] IN: pid=79582 role=AXButton → OUT: title= frame=(1316,322,167,25) (0ms)
[2026-07-01 11:24:35] [axEl] IN: pid=79582 role=AXButton → OUT: title= frame=(1316,367,495,19) (0ms)
[2026-07-01 11:24:35] [axEl] IN: pid=79582 role=AXButton → OUT: title= frame=(1342,395,290,29) (0ms)
[2026-07-01 11:24:35] [axEl] IN: pid=79582 role=AXButton → OUT: title=深度思考 frame=(1316,411,69,19) (0ms)
[2026-07-01 11:24:35] [axEl] IN: pid=79582 role=AXButton → OUT: title= frame=(1316,440,167,25) (0ms)
[2026-07-01 11:24:35] [axEl] IN: pid=79582 role=AXButton → OUT: title= frame=(1316,485,495,19) (0ms)
[2026-07-01 11:24:35] [axEl] IN: pid=79582 role=AXButton → OUT: title= frame=(1342,513,507,29) (0ms)
[2026-07-01 11:24:35] [axEl] IN: pid=79582 role=AXStaticText → OUT: title= frame=(1370,549,16,15) (0ms)
[2026-07-01 11:24:35] [axEl] IN: pid=79582 role=AXStaticText → OUT: title= frame=(1407,549,16,15) (0ms)
[2026-07-01 11:24:35] [axEl] IN: pid=79582 role=AXStaticText → OUT: title= frame=(1453,549,426,15) (0ms)
[2026-07-01 11:24:35] [axEl] IN: pid=79582 role=AXStaticText → OUT: title= frame=(1370,568,16,16) (0ms)
[2026-07-01 11:24:35] [axEl] IN: pid=79582 role=AXStaticText → OUT: title= frame=(1407,568,16,16) (0ms)
[2026-07-01 11:24:35] [axEl] IN: pid=79582 role=AXStaticText → OUT: title= frame=(1453,568,449,16) (0ms)
[2026-07-01 11:24:35] [axEl] IN: pid=79582 role=AXStaticText → OUT: title= frame=(1370,588,16,15) (0ms)
[2026-07-01 11:24:35] [axEl] IN: pid=79582 role=AXStaticText → OUT: title= frame=(1407,588,16,15) (0ms)
[2026-07-01 11:24:35] [axEl] IN: pid=79582 role=AXStaticText → OUT: title= frame=(1453,588,380,15) (0ms)
[2026-07-01 11:24:35] [axEl] IN: pid=79582 role=AXStaticText → OUT: title= frame=(1370,607,16,16) (0ms)
[2026-07-01 11:24:35] [axEl] IN: pid=79582 role=AXStaticText → OUT: title= frame=(1428,607,9,16) (0ms)
[2026-07-01 11:24:35] [axEl] IN: pid=79582 role=AXStaticText → OUT: title= frame=(1453,607,380,16) (0ms)
[2026-07-01 11:24:35] [axEl] IN: pid=79582 role=AXStaticText → OUT: title= frame=(1362,626,24,16) (0ms)
[2026-07-01 11:24:35] [axEl] IN: pid=79582 role=AXStaticText → OUT: title= frame=(1407,626,16,16) (0ms)
[2026-07-01 11:24:35] [axEl] IN: pid=79582 role=AXStaticText → OUT: title= frame=(1453,626,380,16) (0ms)
[2026-07-01 11:24:35] [axEl] IN: pid=79582 role=AXStaticText → OUT: title= frame=(1362,646,24,15) (0ms)
[2026-07-01 11:24:35] [axEl] IN: pid=79582 role=AXStaticText → OUT: title= frame=(1399,646,24,15) (0ms)
[2026-07-01 11:24:35] [axEl] IN: pid=79582 role=AXStaticText → OUT: title= frame=(1453,646,434,15) (0ms)
[2026-07-01 11:24:35] [axEl] IN: pid=79582 role=AXStaticText → OUT: title= frame=(1362,665,24,16) (0ms)
[2026-07-01 11:24:35] [axEl] IN: pid=79582 role=AXStaticText → OUT: title= frame=(1399,665,24,16) (0ms)
[2026-07-01 11:24:35] [axEl] IN: pid=79582 role=AXStaticText → OUT: title= frame=(1453,665,349,16) (0ms)
[2026-07-01 11:24:35] [axEl] IN: pid=79582 role=AXButton → OUT: title=深度思考 frame=(1316,529,69,19) (0ms)
[2026-07-01 11:24:35] [axEl] IN: pid=79582 role=AXButton → OUT: title= frame=(1316,558,167,25) (0ms)
[2026-07-01 11:24:35] [axEl] IN: pid=79582 role=AXButton → OUT: title= frame=(1316,603,495,19) (0ms)
[2026-07-01 11:24:35] [axEl] IN: pid=79582 role=AXButton → OUT: title= frame=(1342,632,514,29) (0ms)
[2026-07-01 11:24:35] [axEl] IN: pid=79582 role=AXStaticText → OUT: title= frame=(1362,0,24,15) (0ms)
[2026-07-01 11:24:35] [axEl] IN: pid=79582 role=AXStaticText → OUT: title= frame=(1428,0,9,15) (0ms)
[2026-07-01 11:24:35] [axEl] IN: pid=79582 role=AXStaticText → OUT: title= frame=(1453,0,496,15) (0ms)
[2026-07-01 11:24:35] [axEl] IN: pid=79582 role=AXStaticText → OUT: title= frame=(1362,19,24,16) (0ms)
[2026-07-01 11:24:35] [axEl] IN: pid=79582 role=AXStaticText → OUT: title= frame=(1428,19,9,16) (0ms)
[2026-07-01 11:24:35] [axEl] IN: pid=79582 role=AXStaticText → OUT: title= frame=(1453,19,71,16) (0ms)
[2026-07-01 11:24:35] [axEl] IN: pid=79582 role=AXStaticText → OUT: title= frame=(1399,38,24,16) (0ms)
[2026-07-01 11:24:35] [axEl] IN: pid=79582 role=AXStaticText → OUT: title= frame=(1428,38,9,16) (0ms)
[2026-07-01 11:24:35] [axEl] IN: pid=79582 role=AXStaticText → OUT: title= frame=(1453,38,256,16) (0ms)
[2026-07-01 11:24:35] [axEl] IN: pid=79582 role=AXStaticText → OUT: title= frame=(1399,58,24,15) (0ms)
[2026-07-01 11:24:35] [axEl] IN: pid=79582 role=AXStaticText → OUT: title= frame=(1428,58,9,15) (0ms)
[2026-07-01 11:24:35] [axEl] IN: pid=79582 role=AXStaticText → OUT: title= frame=(1453,58,233,15) (0ms)
[2026-07-01 11:24:35] [axEl] IN: pid=79582 role=AXStaticText → OUT: title= frame=(1362,77,24,16) (0ms)
[2026-07-01 11:24:35] [axEl] IN: pid=79582 role=AXStaticText → OUT: title= frame=(1399,77,24,16) (0ms)
[2026-07-01 11:24:35] [axEl] IN: pid=79582 role=AXStaticText → OUT: title= frame=(1453,77,202,16) (0ms)
[2026-07-01 11:24:35] [axEl] IN: pid=79582 role=AXStaticText → OUT: title= frame=(1362,97,24,15) (0ms)
[2026-07-01 11:24:35] [axEl] IN: pid=79582 role=AXStaticText → OUT: title= frame=(1399,97,24,15) (0ms)
[2026-07-01 11:24:35] [axEl] IN: pid=79582 role=AXStaticText → OUT: title= frame=(1453,97,40,15) (0ms)
[2026-07-01 11:24:35] [axEl] IN: pid=79582 role=AXStaticText → OUT: title= frame=(1362,116,24,16) (0ms)
[2026-07-01 11:24:35] [axEl] IN: pid=79582 role=AXStaticText → OUT: title= frame=(1399,116,24,16) (0ms)
[2026-07-01 11:24:35] [axEl] IN: pid=79582 role=AXStaticText → OUT: title= frame=(1362,-3,24,16) (0ms)
[2026-07-01 11:24:35] [axEl] IN: pid=79582 role=AXStaticText → OUT: title= frame=(1428,-3,9,16) (0ms)
[2026-07-01 11:24:35] [axEl] IN: pid=79582 role=AXStaticText → OUT: title= frame=(1362,16,24,16) (0ms)
[2026-07-01 11:24:35] [axEl] IN: pid=79582 role=AXStaticText → OUT: title= frame=(1399,16,24,16) (0ms)
[2026-07-01 11:24:35] [axEl] IN: pid=79582 role=AXStaticText → OUT: title= frame=(1453,16,426,16) (0ms)
[2026-07-01 11:24:35] [axEl] IN: pid=79582 role=AXStaticText → OUT: title= frame=(1362,36,24,15) (0ms)
[2026-07-01 11:24:35] [axEl] IN: pid=79582 role=AXStaticText → OUT: title= frame=(1399,36,24,15) (0ms)
[2026-07-01 11:24:35] [axEl] IN: pid=79582 role=AXStaticText → OUT: title= frame=(1453,36,140,15) (0ms)
[2026-07-01 11:24:35] [axEl] IN: pid=79582 role=AXStaticText → OUT: title= frame=(1362,55,24,16) (0ms)
[2026-07-01 11:24:35] [axEl] IN: pid=79582 role=AXStaticText → OUT: title= frame=(1399,55,24,16) (0ms)
[2026-07-01 11:24:35] [axEl] IN: pid=79582 role=AXStaticText → OUT: title= frame=(1453,55,411,16) (0ms)
[2026-07-01 11:24:35] [axEl] IN: pid=79582 role=AXStaticText → OUT: title= frame=(1370,7,16,15) (0ms)
[2026-07-01 11:24:35] [axEl] IN: pid=79582 role=AXStaticText → OUT: title= frame=(1407,7,16,15) (0ms)
[2026-07-01 11:24:35] [axEl] IN: pid=79582 role=AXStaticText → OUT: title= frame=(1453,7,196,15) (0ms)
[2026-07-01 11:24:35] [axEl] IN: pid=79582 role=AXStaticText → OUT: title= frame=(1370,26,16,16) (0ms)
[2026-07-01 11:24:35] [axEl] IN: pid=79582 role=AXStaticText → OUT: title= frame=(1407,26,16,16) (0ms)
[2026-07-01 11:24:35] [axEl] IN: pid=79582 role=AXStaticText → OUT: title= frame=(1453,26,196,16) (0ms)
[2026-07-01 11:24:35] [axEl] IN: pid=79582 role=AXStaticText → OUT: title= frame=(1370,45,16,16) (0ms)
[2026-07-01 11:24:35] [axEl] IN: pid=79582 role=AXStaticText → OUT: title= frame=(1407,45,16,16) (0ms)
[2026-07-01 11:24:35] [axEl] IN: pid=79582 role=AXButton → OUT: title= frame=(1316,39,495,19) (0ms)
[2026-07-01 11:24:35] [axEl] IN: pid=79582 role=AXButton → OUT: title= frame=(1342,67,469,10) (0ms)
[2026-07-01 11:24:35] [axEl] IN: pid=79582 role=AXButton → OUT: title= frame=(1342,97,469,10) (0ms)
[2026-07-01 11:24:35] [axEl] IN: pid=79582 role=AXStaticText → OUT: title= frame=(1316,-5,259,20) (0ms)
[2026-07-01 11:24:35] [axEl] IN: pid=79582 role=AXButton → OUT: title= frame=(1316,36,167,25) (0ms)
[2026-07-01 11:24:35] [axEl] IN: pid=79582 role=AXButton → OUT: title=复制 frame=(1312,66,28,25) (0ms)
[2026-07-01 11:24:35] [axEl] IN: pid=79582 role=AXButton → OUT: title= frame=(1342,66,28,25) (0ms)
[2026-07-01 11:24:35] [axEl] IN: pid=79582 role=AXPopUpButton → OUT: title= frame=(1372,66,28,25) (0ms)
[2026-07-01 11:24:35] [axEl] IN: pid=79582 role=AXPopUpButton → OUT: title= frame=(1402,66,28,25) (0ms)
[2026-07-01 11:24:35] [axEl] IN: pid=79582 role=AXStaticText → OUT: title= frame=(1434,115,363,20) (0ms)
[2026-07-01 11:24:35] [axEl] IN: pid=79582 role=AXStaticText → OUT: title= frame=(1720,146,27,18) (0ms)
[2026-07-01 11:24:35] [axEl] IN: pid=79582 role=AXButton → OUT: title=复制 frame=(1755,143,22,23) (0ms)
[2026-07-01 11:24:35] [axEl] IN: pid=79582 role=AXButton → OUT: title=编辑 frame=(1785,143,22,23) (0ms)
[2026-07-01 11:24:35] [axEl] IN: pid=79582 role=AXStaticText → OUT: title= frame=(1419,190,376,55) (0ms)
[2026-07-01 11:24:35] [axEl] IN: pid=79582 role=AXStaticText → OUT: title= frame=(1720,256,27,18) (0ms)
[2026-07-01 11:24:35] [axEl] IN: pid=79582 role=AXButton → OUT: title=复制 frame=(1755,253,22,23) (0ms)
[2026-07-01 11:24:35] [axEl] IN: pid=79582 role=AXButton → OUT: title=编辑 frame=(1785,253,22,23) (0ms)
[2026-07-01 11:24:35] [axEl] IN: pid=79582 role=AXButton → OUT: title=工具调用已处理 21s frame=(1316,295,69,19) (0ms)
[2026-07-01 11:24:35] [axEl] IN: pid=79582 role=AXButton → OUT: title=深度思考 frame=(1316,331,495,10) (0ms)
[2026-07-01 11:24:35] [axEl] IN: pid=79582 role=AXButton → OUT: title= frame=(1316,331,495,10) (0ms)
[2026-07-01 11:24:35] [axEl] IN: pid=79582 role=AXButton → OUT: title=已探索 1 次搜索 frame=(1316,407,495,19) (0ms)
[2026-07-01 11:24:35] [axEl] IN: pid=79582 role=AXButton → OUT: title= frame=(1342,435,469,10) (0ms)
[2026-07-01 11:24:35] [axEl] IN: pid=79582 role=AXButton → OUT: title=深度思考 frame=(1316,449,495,10) (0ms)
[2026-07-01 11:24:35] [axEl] IN: pid=79582 role=AXButton → OUT: title= frame=(1316,449,495,10) (0ms)
[2026-07-01 11:24:35] [axEl] IN: pid=79582 role=AXButton → OUT: title=Shell 1 次命令 frame=(1316,525,495,19) (0ms)
[2026-07-01 11:24:35] [axEl] IN: pid=79582 role=AXButton → OUT: title= frame=(1342,553,469,10) (0ms)
[2026-07-01 11:24:35] [axEl] IN: pid=79582 role=AXButton → OUT: title=深度思考 frame=(1316,567,495,10) (0ms)
[2026-07-01 11:24:35] [axEl] IN: pid=79582 role=AXButton → OUT: title= frame=(1316,567,495,10) (0ms)
[2026-07-01 11:24:35] [axEl] IN: pid=79582 role=AXButton → OUT: title=Shell 1 次命令 frame=(1316,643,495,19) (0ms)
[2026-07-01 11:24:35] [axEl] IN: pid=79582 role=AXButton → OUT: title= frame=(1342,671,469,10) (0ms)
[2026-07-01 11:24:35] [axEl] IN: pid=79582 role=AXButton → OUT: title=深度思考 frame=(1316,685,495,10) (0ms)
[2026-07-01 11:24:35] [axEl] IN: pid=79582 role=AXButton → OUT: title= frame=(1316,685,495,10) (0ms)
[2026-07-01 11:24:35] [axEl] IN: pid=79582 role=AXButton → OUT: title=Shell 1 次命令 frame=(1316,761,495,19) (0ms)
[2026-07-01 11:24:35] [axEl] IN: pid=79582 role=AXButton → OUT: title= frame=(1342,789,469,10) (0ms)
[2026-07-01 11:24:35] [axEl] IN: pid=79582 role=AXButton → OUT: title=深度思考 frame=(1316,803,495,10) (0ms)
[2026-07-01 11:24:35] [axEl] IN: pid=79582 role=AXButton → OUT: title= frame=(1316,803,495,10) (0ms)
[2026-07-01 11:24:35] [axEl] IN: pid=79582 role=AXButton → OUT: title=Shell 1 次命令 frame=(1316,879,495,19) (0ms)
[2026-07-01 11:24:35] [axEl] IN: pid=79582 role=AXButton → OUT: title= frame=(1342,907,469,10) (0ms)
[2026-07-01 11:24:35] [axEl] IN: pid=79582 role=AXButton → OUT: title=深度思考 frame=(1316,921,495,10) (0ms)
[2026-07-01 11:24:35] [axEl] IN: pid=79582 role=AXButton → OUT: title= frame=(1316,921,495,10) (0ms)
[2026-07-01 11:24:35] [axEl] IN: pid=79582 role=AXButton → OUT: title=已探索 1 次读取 frame=(1316,997,495,19) (0ms)
[2026-07-01 11:24:35] [axEl] IN: pid=79582 role=AXButton → OUT: title= frame=(1342,1026,469,10) (0ms)
[2026-07-01 11:24:35] [axEl] IN: pid=79582 role=AXButton → OUT: title=深度思考 frame=(1316,1040,495,10) (0ms)
[2026-07-01 11:24:35] [axEl] IN: pid=79582 role=AXButton → OUT: title= frame=(1316,1040,495,10) (0ms)
[2026-07-01 11:24:35] [axEl] IN: pid=79582 role=AXStaticText → OUT: title= frame=(1316,333,494,69) (0ms)
[2026-07-01 11:24:35] [axEl] IN: pid=79582 role=AXButton → OUT: title=5 条 Memory v5 编译引用 frame=(1316,424,167,25) (0ms)
[2026-07-01 11:24:35] [axEl] IN: pid=79582 role=AXButton → OUT: title=复制 frame=(1312,454,28,25) (0ms)
[2026-07-01 11:24:35] [axEl] IN: pid=79582 role=AXButton → OUT: title= frame=(1342,454,28,25) (0ms)
[2026-07-01 11:24:35] [axEl] IN: pid=79582 role=AXPopUpButton → OUT: title= frame=(1372,454,28,25) (0ms)
[2026-07-01 11:24:35] [axEl] IN: pid=79582 role=AXPopUpButton → OUT: title= frame=(1402,454,28,25) (0ms)
[2026-07-01 11:24:35] [axEl] IN: pid=79582 role=AXStaticText → OUT: title= frame=(1419,502,364,37) (0ms)
[2026-07-01 11:24:35] [axEl] IN: pid=79582 role=AXStaticText → OUT: title= frame=(1718,551,29,17) (0ms)
[2026-07-01 11:24:35] [axEl] IN: pid=79582 role=AXButton → OUT: title=复制 frame=(1755,548,22,23) (0ms)
[2026-07-01 11:24:35] [axEl] IN: pid=79582 role=AXButton → OUT: title=编辑 frame=(1785,548,22,23) (0ms)
[2026-07-01 11:24:35] [axEl] IN: pid=79582 role=AXButton → OUT: title=工具调用已处理 4s frame=(1316,590,69,19) (0ms)
[2026-07-01 11:24:35] [axEl] IN: pid=79582 role=AXButton → OUT: title=深度思考 frame=(1316,627,69,19) (0ms)
[2026-07-01 11:24:35] [axEl] IN: pid=79582 role=AXStaticText → OUT: title= frame=(1316,657,349,20) (0ms)
[2026-07-01 11:24:35] [axEl] IN: pid=79582 role=AXButton → OUT: title= frame=(1316,699,167,25) (0ms)
[2026-07-01 11:24:35] [axEl] IN: pid=79582 role=AXButton → OUT: title=已修改 1 次编辑 frame=(1316,701,495,19) (0ms)
[2026-07-01 11:24:35] [axEl] IN: pid=79582 role=AXButton → OUT: title= frame=(1342,729,92,29) (0ms)
[2026-07-01 11:24:35] [axEl] IN: pid=79582 role=AXStaticText → OUT: title= frame=(1370,765,16,15) (0ms)
[2026-07-01 11:24:35] [axEl] IN: pid=79582 role=AXStaticText → OUT: title= frame=(1407,765,16,15) (0ms)
[2026-07-01 11:24:35] [axEl] IN: pid=79582 role=AXStaticText → OUT: title= frame=(1453,765,318,15) (0ms)
[2026-07-01 11:24:35] [axEl] IN: pid=79582 role=AXStaticText → OUT: title= frame=(1370,784,16,16) (0ms)
[2026-07-01 11:24:35] [axEl] IN: pid=79582 role=AXStaticText → OUT: title= frame=(1407,784,16,16) (0ms)
[2026-07-01 11:24:35] [axEl] IN: pid=79582 role=AXStaticText → OUT: title= frame=(1453,784,217,16) (0ms)
[2026-07-01 11:24:35] [axEl] IN: pid=79582 role=AXStaticText → OUT: title= frame=(1370,803,16,16) (0ms)
[2026-07-01 11:24:35] [axEl] IN: pid=79582 role=AXStaticText → OUT: title= frame=(1407,803,16,16) (0ms)
[2026-07-01 11:24:35] [axEl] IN: pid=79582 role=AXStaticText → OUT: title= frame=(1453,803,364,16) (0ms)
[2026-07-01 11:24:35] [axEl] IN: pid=79582 role=AXStaticText → OUT: title= frame=(1407,823,16,15) (0ms)
[2026-07-01 11:24:35] [axEl] IN: pid=79582 role=AXStaticText → OUT: title= frame=(1428,823,9,15) (0ms)
[2026-07-01 11:24:35] [axEl] IN: pid=79582 role=AXStaticText → OUT: title= frame=(1453,823,225,15) (0ms)
[2026-07-01 11:24:35] [axEl] IN: pid=79582 role=AXStaticText → OUT: title= frame=(1370,842,16,16) (0ms)
[2026-07-01 11:24:35] [axEl] IN: pid=79582 role=AXStaticText → OUT: title= frame=(1407,842,16,16) (0ms)
[2026-07-01 11:24:35] [axEl] IN: pid=79582 role=AXStaticText → OUT: title= frame=(1453,842,395,16) (0ms)
[2026-07-01 11:24:35] [axEl] IN: pid=79582 role=AXStaticText → OUT: title= frame=(1370,862,16,15) (0ms)
[2026-07-01 11:24:35] [axEl] IN: pid=79582 role=AXStaticText → OUT: title= frame=(1428,862,9,15) (0ms)
[2026-07-01 11:24:35] [axEl] IN: pid=79582 role=AXStaticText → OUT: title= frame=(1453,862,519,15) (0ms)
[2026-07-01 11:24:35] [axEl] IN: pid=79582 role=AXStaticText → OUT: title= frame=(1370,881,16,16) (0ms)
[2026-07-01 11:24:35] [axEl] IN: pid=79582 role=AXStaticText → OUT: title= frame=(1428,881,9,16) (0ms)
[2026-07-01 11:24:35] [axEl] IN: pid=79582 role=AXStaticText → OUT: title= frame=(1453,881,326,16) (0ms)
[2026-07-01 11:24:35] [axEl] IN: pid=79582 role=AXStaticText → OUT: title= frame=(1370,900,16,16) (0ms)
[2026-07-01 11:24:35] [axEl] IN: pid=79582 role=AXStaticText → OUT: title= frame=(1428,900,9,16) (0ms)
[2026-07-01 11:24:35] [axEl] IN: pid=79582 role=AXStaticText → OUT: title= frame=(1453,900,380,16) (0ms)
[2026-07-01 11:24:35] [axEl] IN: pid=79582 role=AXStaticText → OUT: title= frame=(1370,920,16,15) (0ms)
[2026-07-01 11:24:35] [axEl] IN: pid=79582 role=AXStaticText → OUT: title= frame=(1428,920,9,15) (0ms)
[2026-07-01 11:24:35] [axEl] IN: pid=79582 role=AXStaticText → OUT: title= frame=(1453,920,132,15) (0ms)
[2026-07-01 11:24:35] [axEl] IN: pid=79582 role=AXStaticText → OUT: title= frame=(1407,939,16,16) (0ms)
[2026-07-01 11:24:35] [axEl] IN: pid=79582 role=AXStaticText → OUT: title= frame=(1428,939,9,16) (0ms)
[2026-07-01 11:24:35] [axEl] IN: pid=79582 role=AXStaticText → OUT: title= frame=(1453,939,380,16) (0ms)
[2026-07-01 11:24:35] [axEl] IN: pid=79582 role=AXStaticText → OUT: title= frame=(1407,958,16,16) (0ms)
[2026-07-01 11:24:35] [axEl] IN: pid=79582 role=AXStaticText → OUT: title= frame=(1428,958,9,16) (0ms)
[2026-07-01 11:24:35] [axEl] IN: pid=79582 role=AXStaticText → OUT: title= frame=(1453,958,372,16) (0ms)
[2026-07-01 11:24:35] [axEl] IN: pid=79582 role=AXStaticText → OUT: title= frame=(1370,978,16,15) (0ms)
[2026-07-01 11:24:35] [axEl] IN: pid=79582 role=AXStaticText → OUT: title= frame=(1407,978,16,15) (0ms)
[2026-07-01 11:24:35] [axEl] IN: pid=79582 role=AXStaticText → OUT: title= frame=(1453,978,102,15) (0ms)
[2026-07-01 11:24:35] [axEl] IN: pid=79582 role=AXStaticText → OUT: title= frame=(1370,997,16,16) (0ms)
[2026-07-01 11:24:35] [axEl] IN: pid=79582 role=AXStaticText → OUT: title= frame=(1407,997,16,16) (0ms)
[2026-07-01 11:24:35] [axEl] IN: pid=79582 role=AXStaticText → OUT: title= frame=(1453,997,71,16) (0ms)
[2026-07-01 11:24:35] [axEl] IN: pid=79582 role=AXStaticText → OUT: title= frame=(1370,1017,16,15) (0ms)
[2026-07-01 11:24:35] [axEl] IN: pid=79582 role=AXStaticText → OUT: title= frame=(1407,1017,16,15) (0ms)
[2026-07-01 11:24:35] [axEl] IN: pid=79582 role=AXStaticText → OUT: title= frame=(1453,1017,457,15) (0ms)
[2026-07-01 11:24:35] [axEl] IN: pid=79582 role=AXButton → OUT: title=深度思考 frame=(1316,743,495,10) (0ms)
[2026-07-01 11:24:35] [axEl] IN: pid=79582 role=AXButton → OUT: title= frame=(1316,743,495,10) (0ms)
[2026-07-01 11:24:35] [axEl] IN: pid=79582 role=AXButton → OUT: title=Shell 1 次命令 frame=(1316,819,495,19) (0ms)
[2026-07-01 11:24:35] [axEl] IN: pid=79582 role=AXButton → OUT: title= frame=(1342,848,469,10) (0ms)
[2026-07-01 11:24:35] [axEl] IN: pid=79582 role=AXStaticText → OUT: title= frame=(1316,628,469,69) (0ms)
[2026-07-01 11:24:35] [axEl] IN: pid=79582 role=AXButton → OUT: title=5 条 Memory v5 编译引用 frame=(1316,718,167,25) (0ms)
[2026-07-01 11:24:35] [axEl] IN: pid=79582 role=AXButton → OUT: title=跳转到问题 16 frame=(1805,7,32,15) (0ms)
[2026-07-01 11:24:35] [axEl] IN: pid=79582 role=AXButton → OUT: title=跳转到问题 17 frame=(1805,27,32,15) (0ms)
[2026-07-01 11:24:35] [axEl] IN: pid=79582 role=AXButton → OUT: title=跳转到问题 18 frame=(1805,47,32,15) (0ms)
[2026-07-01 11:24:35] [axEl] IN: pid=79582 role=AXButton → OUT: title=跳转到问题 19 frame=(1805,67,32,15) (0ms)
[2026-07-01 11:24:35] [axEl] IN: pid=79582 role=AXButton → OUT: title=跳转到问题 20 frame=(1805,87,32,15) (0ms)
[2026-07-01 11:24:35] [axEl] IN: pid=79582 role=AXButton → OUT: title=跳转到问题 21 frame=(1805,107,32,15) (0ms)
[2026-07-01 11:24:35] [axEl] IN: pid=79582 role=AXButton → OUT: title=跳转到问题 22 frame=(1805,127,32,15) (0ms)
[2026-07-01 11:24:35] [axEl] IN: pid=79582 role=AXButton → OUT: title=跳转到问题 23 frame=(1805,147,32,15) (0ms)
[2026-07-01 11:24:35] [axEl] IN: pid=79582 role=AXButton → OUT: title=跳转到问题 24 frame=(1805,167,32,15) (0ms)
[2026-07-01 11:24:35] [axEl] IN: pid=79582 role=AXButton → OUT: title=跳转到问题 25 frame=(1805,187,32,15) (0ms)
[2026-07-01 11:24:35] [axEl] IN: pid=79582 role=AXButton → OUT: title=跳转到问题 26 frame=(1805,207,32,15) (0ms)
[2026-07-01 11:24:35] [axEl] IN: pid=79582 role=AXButton → OUT: title=跳转到问题 27 frame=(1805,227,32,15) (0ms)
[2026-07-01 11:24:35] [axEl] IN: pid=79582 role=AXButton → OUT: title=跳转到问题 28 frame=(1805,247,32,15) (0ms)
[2026-07-01 11:24:35] [axEl] IN: pid=79582 role=AXButton → OUT: title=跳转到问题 29 frame=(1805,267,32,15) (0ms)
[2026-07-01 11:24:35] [axEl] IN: pid=79582 role=AXButton → OUT: title=跳转到问题 30 frame=(1805,287,32,15) (0ms)
[2026-07-01 11:24:35] [axEl] IN: pid=79582 role=AXButton → OUT: title=跳转到问题 31 frame=(1805,307,32,15) (0ms)
[2026-07-01 11:24:35] [axEl] IN: pid=79582 role=AXButton → OUT: title=跳转到问题 32 frame=(1805,327,32,15) (0ms)
[2026-07-01 11:24:35] [axEl] IN: pid=79582 role=AXButton → OUT: title=跳转到问题 33 frame=(1805,347,32,15) (0ms)
[2026-07-01 11:24:35] [axEl] IN: pid=79582 role=AXButton → OUT: title=跳转到问题 34 frame=(1805,367,32,15) (0ms)
[2026-07-01 11:24:35] [axEl] IN: pid=79582 role=AXButton → OUT: title=跳转到问题 35 frame=(1805,387,32,15) (0ms)
[2026-07-01 11:24:35] [axEl] IN: pid=79582 role=AXButton → OUT: title=跳转到问题 36 frame=(1805,407,32,15) (0ms)
[2026-07-01 11:24:35] [axEl] IN: pid=79582 role=AXButton → OUT: title=跳转到问题 37 frame=(1805,427,32,15) (0ms)
[2026-07-01 11:24:35] [axEl] IN: pid=79582 role=AXButton → OUT: title=跳转到问题 38 frame=(1805,447,32,15) (0ms)
[2026-07-01 11:24:35] [axEl] IN: pid=79582 role=AXButton → OUT: title=跳转到问题 39 frame=(1805,467,32,15) (0ms)
[2026-07-01 11:24:35] [axEl] IN: pid=79582 role=AXButton → OUT: title=跳转到问题 40 frame=(1805,487,32,15) (0ms)
[2026-07-01 11:24:35] [axEl] IN: pid=79582 role=AXButton → OUT: title=跳转到问题 41 frame=(1805,507,32,15) (0ms)
[2026-07-01 11:24:35] [axEl] IN: pid=79582 role=AXButton → OUT: title=跳转到问题 42 frame=(1805,527,32,15) (0ms)
[2026-07-01 11:24:35] [axEl] IN: pid=79582 role=AXButton → OUT: title=跳转到问题 43 frame=(1805,547,32,15) (0ms)
[2026-07-01 11:24:35] [axEl] IN: pid=79582 role=AXButton → OUT: title=跳转到问题 44 frame=(1805,567,32,15) (0ms)
[2026-07-01 11:24:35] [axEl] IN: pid=79582 role=AXStaticText → OUT: title= frame=(1330,796,27,19) (0ms)
[2026-07-01 11:24:35] [axEl] IN: pid=79582 role=AXStaticText → OUT: title= frame=(1371,800,8,17) (0ms)
[2026-07-01 11:24:35] [axEl] IN: pid=79582 role=AXStaticText → OUT: title= frame=(1378,800,7,17) (0ms)
[2026-07-01 11:24:35] [axEl] IN: pid=79582 role=AXStaticText → OUT: title= frame=(1384,800,8,17) (0ms)
[2026-07-01 11:24:35] [axEl] IN: pid=79582 role=AXStaticText → OUT: title= frame=(1330,822,87,18) (0ms)
[2026-07-01 11:24:35] [axEl] IN: pid=79582 role=AXButton → OUT: title=展开 frame=(1709,797,41,25) (0ms)
[2026-07-01 11:24:35] [axEl] IN: pid=79582 role=AXButton → OUT: title=关闭 frame=(1755,797,42,25) (0ms)
[2026-07-01 11:24:35] [axEl] IN: pid=79582 role=AXTextArea → OUT: title=给 Reasonix 发消息… ( / 命令 · @ 文件 · ! 终端 ) frame=(1337,874,409,38) (0ms)
[2026-07-01 11:24:35] [axEl] IN: pid=79582 role=AXStaticText → OUT: title= frame=(1339,877,344,21) (0ms)
[2026-07-01 11:24:35] [axEl] IN: pid=79582 role=AXButton → OUT: title= frame=(1753,874,35,34) (0ms)
[2026-07-01 11:24:35] [axEl] IN: pid=79582 role=AXPopUpButton → OUT: title=协作方式 frame=(1332,929,29,28) (0ms)
[2026-07-01 11:24:35] [axEl] IN: pid=79582 role=AXCheckBox → OUT: title= frame=(1374,932,25,24) (0ms)
[2026-07-01 11:24:35] [axEl] IN: pid=79582 role=AXCheckBox → OUT: title= frame=(1402,932,25,24) (0ms)
[2026-07-01 11:24:35] [axEl] IN: pid=79582 role=AXCheckBox → OUT: title= frame=(1430,932,25,24) (0ms)
[2026-07-01 11:24:35] [axEl] IN: pid=79582 role=AXButton → OUT: title=deepseek-v4-pro · DeepSeek 官方 frame=(1571,929,141,28) (0ms)
[2026-07-01 11:24:35] [axEl] IN: pid=79582 role=AXPopUpButton → OUT: title=更多控制 frame=(1724,927,66,32) (0ms)
[2026-07-01 11:24:35] [axEl] IN: pid=79582 role=AXButton → OUT: title= frame=(1027,93,12,14) (0ms)
[2026-07-01 11:24:35] [axEl] IN: pid=79582 role=AXButton → OUT: title= frame=(1067,93,12,14) (0ms)
[2026-07-01 11:24:35] [axEl] IN: pid=79582 role=AXButton → OUT: title= frame=(1047,93,12,14) (0ms)
[2026-07-01 11:24:35] [axEl] IN: pid=79582 role=AXMenuBarItem → OUT: title=Apple frame=(10,0,34,30) (0ms)
[2026-07-01 11:24:35] [axEl] IN: pid=79582 role=AXMenuBarItem → OUT: title=Reasonix frame=(43,0,79,30) (0ms)
[2026-07-01 11:24:35] [axEl] IN: pid=79582 role=AXMenuBarItem → OUT: title=File frame=(121,0,43,30) (0ms)
[2026-07-01 11:24:35] [axEl] IN: pid=79582 role=AXMenuBarItem → OUT: title=Edit frame=(163,0,44,30) (0ms)
[2026-07-01 11:24:35] [axEl] IN: pid=79582 role=AXMenuBarItem → OUT: title=Window frame=(206,0,69,30) (0ms)
[2026-07-01 11:24:35] [axEl] IN: pid=2480 role=AXMenuBarItem → OUT: title=Apple frame=(10,0,34,30) (0ms)
[2026-07-01 11:24:35] [axEl] IN: pid=2480 role=AXMenuBarItem → OUT: title=访达 frame=(43,0,47,30) (0ms)
[2026-07-01 11:24:35] [axEl] IN: pid=2480 role=AXMenuBarItem → OUT: title=文件 frame=(89,0,47,30) (0ms)
[2026-07-01 11:24:35] [axEl] IN: pid=2480 role=AXMenuBarItem → OUT: title=编辑 frame=(135,0,46,30) (0ms)
[2026-07-01 11:24:35] [axEl] IN: pid=2480 role=AXMenuBarItem → OUT: title=显示 frame=(180,0,47,30) (0ms)
[2026-07-01 11:24:35] [axEl] IN: pid=2480 role=AXMenuBarItem → OUT: title=前往 frame=(226,0,47,30) (0ms)
[2026-07-01 11:24:35] [axEl] IN: pid=2480 role=AXMenuBarItem → OUT: title=窗口 frame=(272,0,47,30) (0ms)
[2026-07-01 11:24:35] [axEl] IN: pid=2480 role=AXMenuBarItem → OUT: title=帮助 frame=(318,0,47,30) (0ms)
[2026-07-01 11:24:35] [axEl] IN: pid=2480 role=AXImage → OUT: title=vibe项目 frame=(77,469,64,64) (0ms)
[2026-07-01 11:24:35] [axEl] IN: pid=2478 role=AXDockItem → OUT: title=访达 frame=(295,1017,46,58) (0ms)
[2026-07-01 11:24:35] [axEl] IN: pid=2478 role=AXDockItem → OUT: title=App frame=(341,1017,46,58) (0ms)
[2026-07-01 11:24:35] [axEl] IN: pid=2478 role=AXDockItem → OUT: title=地图 frame=(387,1017,46,58) (0ms)
[2026-07-01 11:24:35] [axEl] IN: pid=2478 role=AXDockItem → OUT: title=App Store frame=(433,1017,46,58) (0ms)
[2026-07-01 11:24:35] [axEl] IN: pid=2478 role=AXDockItem → OUT: title=iPhone镜像 frame=(479,1017,46,58) (0ms)
[2026-07-01 11:24:35] [axEl] IN: pid=2478 role=AXDockItem → OUT: title=tntcloud_Lite frame=(525,1017,46,58) (0ms)
[2026-07-01 11:24:35] [axEl] IN: pid=2478 role=AXDockItem → OUT: title=豆包 frame=(571,1017,46,58) (0ms)
[2026-07-01 11:24:35] [axEl] IN: pid=2478 role=AXDockItem → OUT: title=微信 frame=(617,1017,46,58) (0ms)
[2026-07-01 11:24:35] [axEl] IN: pid=2478 role=AXDockItem → OUT: title=ima.copilot frame=(663,1017,46,58) (0ms)
[2026-07-01 11:24:35] [axEl] IN: pid=2478 role=AXDockItem → OUT: title=Google Chrome frame=(709,1017,46,58) (0ms)
[2026-07-01 11:24:35] [axEl] IN: pid=2478 role=AXDockItem → OUT: title=Claude frame=(755,1017,46,58) (0ms)
[2026-07-01 11:24:35] [axEl] IN: pid=2478 role=AXDockItem → OUT: title=飞书 frame=(801,1017,46,58) (0ms)
[2026-07-01 11:24:35] [axEl] IN: pid=2478 role=AXDockItem → OUT: title=终端 frame=(847,1017,46,58) (0ms)
[2026-07-01 11:24:35] [axEl] IN: pid=2478 role=AXDockItem → OUT: title=Visual Studio Code frame=(893,1017,46,58) (0ms)
[2026-07-01 11:24:35] [axEl] IN: pid=2478 role=AXDockItem → OUT: title=Codex frame=(939,1017,46,58) (0ms)
[2026-07-01 11:24:35] [axEl] IN: pid=2478 role=AXDockItem → OUT: title=Reasonix frame=(985,1017,46,58) (0ms)
[2026-07-01 11:24:35] [axEl] IN: pid=2478 role=AXDockItem → OUT: title= frame=(1031,1017,20,58) (0ms)
[2026-07-01 11:24:35] [axEl] IN: pid=2478 role=AXDockItem → OUT: title=屏幕共享 frame=(1052,1017,46,58) (0ms)
[2026-07-01 11:24:35] [axEl] IN: pid=2478 role=AXDockItem → OUT: title=飞鸟加速 frame=(1098,1017,46,58) (0ms)
[2026-07-01 11:24:35] [axEl] IN: pid=2478 role=AXDockItem → OUT: title=预览 frame=(1144,1017,46,58) (0ms)
[2026-07-01 11:24:35] [axEl] IN: pid=2478 role=AXDockItem → OUT: title=网易云音乐 frame=(1190,1017,46,58) (0ms)
[2026-07-01 11:24:35] [axEl] IN: pid=2478 role=AXDockItem → OUT: title=抖音 frame=(1236,1017,46,58) (0ms)
[2026-07-01 11:24:35] [axEl] IN: pid=2478 role=AXDockItem → OUT: title= frame=(1282,1017,20,58) (0ms)
[2026-07-01 11:24:35] [axEl] IN: pid=2478 role=AXDockItem → OUT: title=下载 frame=(1302,1017,46,58) (0ms)
[2026-07-01 11:24:35] [axEl] IN: pid=2478 role=AXDockItem → OUT: title=所有连接 frame=(1348,1017,46,58) (0ms)
[2026-07-01 11:24:35] [axEl] IN: pid=2478 role=AXDockItem → OUT: title=网易云音乐 frame=(1394,1017,46,58) (0ms)
[2026-07-01 11:24:35] [axEl] IN: pid=2478 role=AXDockItem → OUT: title=飞鸟加速 frame=(1440,1017,46,58) (0ms)
[2026-07-01 11:24:35] [axEl] IN: pid=2478 role=AXDockItem → OUT: title=MotionControl Toggle Buttons frame=(1486,1017,46,58) (0ms)
[2026-07-01 11:24:35] [axEl] IN: pid=2478 role=AXDockItem → OUT: title=douyin frame=(1532,1017,46,58) (0ms)
[2026-07-01 11:24:35] [axEl] IN: pid=2478 role=AXDockItem → OUT: title=废纸篓 frame=(1578,1017,46,58) (0ms)
[2026-07-01 11:24:35] [axEl] IN: pid=2479 role=AXMenuBarItem → OUT: title=Siri frame=(1752,3,16,24) (0ms)
[2026-07-01 11:24:35] [hand_detect] IN: hand_detect 1920x1080 → OUT: detected=false landmarks=nil confidence=0
[2026-07-01 11:24:35] [face_detect] IN: face_detect → OUT: detected=true landmarks=76 roll=0.07056312 pitch=-0.34974763 yaw=0.009203885 (41136ms)
[2026-07-01 11:24:35] [mouth_detect] IN: mouth_detect ratio=0.45876026 → OUT: status=CLOSED confirmed=CLOSED
[2026-07-01 11:24:35] [gaze_estimate] IN: yaw=0.009203885 pitch=-0.34974763 → OUT: yawOffset=0.043753214 pitchOffset=-0.13982157 hasFace=true
[2026-07-01 11:24:35] [hand_detect] IN: hand_detect 1920x1080 → OUT: detected=false landmarks=nil confidence=0
[2026-07-01 11:24:35] [face_detect] IN: face_detect → OUT: detected=true landmarks=76 roll=0.07056312 pitch=-0.34974763 yaw=0.009203885 (13567ms)
[2026-07-01 11:24:35] [mouth_detect] IN: mouth_detect ratio=0.46007606 → OUT: status=CLOSED confirmed=CLOSED
[2026-07-01 11:24:35] [gaze_estimate] IN: yaw=0.009203885 pitch=-0.34974763 → OUT: yawOffset=0.04328259 pitchOffset=-0.13975279 hasFace=true
[2026-07-01 11:24:35] [hand_detect] IN: hand_detect 1920x1080 → OUT: detected=false landmarks=nil confidence=0
[2026-07-01 11:24:35] [face_detect] IN: face_detect → OUT: detected=true landmarks=76 roll=0.07056312 pitch=-0.34974763 yaw=0.009203885 (41568ms)
[2026-07-01 11:24:35] [mouth_detect] IN: mouth_detect ratio=0.44141203 → OUT: status=CLOSED confirmed=CLOSED
[2026-07-01 11:24:35] [gaze_estimate] IN: yaw=0.009203885 pitch=-0.34974763 → OUT: yawOffset=0.042953152 pitchOffset=-0.13970464 hasFace=true
[2026-07-01 11:24:35] [hand_detect] IN: hand_detect 1920x1080 → OUT: detected=false landmarks=nil confidence=0
[2026-07-01 11:24:35] [face_detect] IN: face_detect → OUT: detected=true landmarks=76 roll=0.07056312 pitch=-0.34974763 yaw=0.009203885 (35976ms)
[2026-07-01 11:24:35] [mouth_detect] IN: mouth_detect ratio=0.45962608 → OUT: status=CLOSED confirmed=CLOSED
[2026-07-01 11:24:35] [gaze_estimate] IN: yaw=0.009203885 pitch=-0.34974763 → OUT: yawOffset=0.042722546 pitchOffset=-0.13967094 hasFace=true
[2026-07-01 11:24:36] [hand_detect] IN: hand_detect 1920x1080 → OUT: detected=false landmarks=nil confidence=0
[2026-07-01 11:24:36] [face_detect] IN: face_detect → OUT: detected=true landmarks=76 roll=0.07056312 pitch=-0.34974763 yaw=0.009203885 (60099ms)
[2026-07-01 11:24:36] [mouth_detect] IN: mouth_detect ratio=0.4687305 → OUT: status=CLOSED confirmed=CLOSED
[2026-07-01 11:24:36] [gaze_estimate] IN: yaw=0.009203885 pitch=-0.34974763 → OUT: yawOffset=0.04256112 pitchOffset=-0.13964735 hasFace=true
[2026-07-01 11:24:36] [hand_detect] IN: hand_detect 1920x1080 → OUT: detected=false landmarks=nil confidence=0
[2026-07-01 11:24:36] [face_detect] IN: face_detect → OUT: detected=true landmarks=76 roll=0.11351458 pitch=-0.34821364 yaw=-0.07133011 (27919ms)
[2026-07-01 11:24:36] [mouth_detect] IN: mouth_detect ratio=0.44845524 → OUT: status=CLOSED confirmed=CLOSED
[2026-07-01 11:24:36] [gaze_estimate] IN: yaw=-0.07133011 pitch=-0.34821364 → OUT: yawOffset=0.018287925 pitchOffset=-0.13917063 hasFace=true
[2026-07-01 11:24:36] [hand_detect] IN: hand_detect 1920x1080 → OUT: detected=false landmarks=nil confidence=0
[2026-07-01 11:24:36] [axMatch] IN: cursor=(724,893) → OUT: lost (0ms)
[2026-07-01 11:24:36] [face_detect] IN: face_detect → OUT: detected=true landmarks=76 roll=0.11351458 pitch=-0.34821364 yaw=-0.07133011 (8774ms)
[2026-07-01 11:24:36] [mouth_detect] IN: mouth_detect ratio=0.4484187 → OUT: status=CLOSED confirmed=CLOSED
[2026-07-01 11:24:36] [gaze_estimate] IN: yaw=-0.07133011 pitch=-0.34821364 → OUT: yawOffset=0.0012966885 pitchOffset=-0.13883694 hasFace=true
[2026-07-01 11:24:36] [hand_detect] IN: hand_detect 1920x1080 → OUT: detected=false landmarks=nil confidence=0
[2026-07-01 11:24:36] [face_detect] IN: face_detect → OUT: detected=true landmarks=76 roll=0.11351458 pitch=-0.34821364 yaw=-0.07133011 (6052ms)
[2026-07-01 11:24:36] [mouth_detect] IN: mouth_detect ratio=0.43299815 → OUT: status=CLOSED confirmed=CLOSED
[2026-07-01 11:24:36] [gaze_estimate] IN: yaw=-0.07133011 pitch=-0.34821364 → OUT: yawOffset=-0.010597177 pitchOffset=-0.13860334 hasFace=true
[2026-07-01 11:24:36] [hand_detect] IN: hand_detect 1920x1080 → OUT: detected=false landmarks=nil confidence=0
[2026-07-01 11:24:36] [face_detect] IN: face_detect → OUT: detected=true landmarks=76 roll=0.11351458 pitch=-0.34821364 yaw=-0.07133011 (4984ms)
[2026-07-01 11:24:36] [mouth_detect] IN: mouth_detect ratio=0.45541787 → OUT: status=CLOSED confirmed=CLOSED
[2026-07-01 11:24:36] [gaze_estimate] IN: yaw=-0.07133011 pitch=-0.34821364 → OUT: yawOffset=-0.018922882 pitchOffset=-0.13843983 hasFace=true
[2026-07-01 11:24:36] [hand_detect] IN: hand_detect 1920x1080 → OUT: detected=false landmarks=nil confidence=0
[2026-07-01 11:24:36] [face_detect] IN: face_detect → OUT: detected=true landmarks=76 roll=0.11351458 pitch=-0.34821364 yaw=-0.07133011 (4586ms)
[2026-07-01 11:24:36] [mouth_detect] IN: mouth_detect ratio=0.45368776 → OUT: status=CLOSED confirmed=CLOSED
[2026-07-01 11:24:36] [gaze_estimate] IN: yaw=-0.07133011 pitch=-0.34821364 → OUT: yawOffset=-0.024750875 pitchOffset=-0.13832538 hasFace=true
[2026-07-01 11:24:36] [hand_detect] IN: hand_detect 1920x1080 → OUT: detected=false landmarks=nil confidence=0
[2026-07-01 11:24:36] [face_detect] IN: face_detect → OUT: detected=true landmarks=76 roll=0.11351458 pitch=-0.34821364 yaw=-0.07133011 (4750ms)
[2026-07-01 11:24:36] [mouth_detect] IN: mouth_detect ratio=0.44776514 → OUT: status=CLOSED confirmed=CLOSED
[2026-07-01 11:24:36] [gaze_estimate] IN: yaw=-0.07133011 pitch=-0.34821364 → OUT: yawOffset=-0.02883047 pitchOffset=-0.13824525 hasFace=true
[2026-07-01 11:24:36] [hand_detect] IN: hand_detect 1920x1080 → OUT: detected=false landmarks=nil confidence=0
[2026-07-01 11:24:36] [face_detect] IN: face_detect → OUT: detected=true landmarks=76 roll=0.11351458 pitch=-0.34821364 yaw=-0.07133011 (4657ms)
[2026-07-01 11:24:36] [mouth_detect] IN: mouth_detect ratio=0.44629773 → OUT: status=CLOSED confirmed=CLOSED
[2026-07-01 11:24:36] [gaze_estimate] IN: yaw=-0.07133011 pitch=-0.34821364 → OUT: yawOffset=-0.031686187 pitchOffset=-0.13818917 hasFace=true
[2026-07-01 11:24:36] [hand_detect] IN: hand_detect 1920x1080 → OUT: detected=false landmarks=nil confidence=0
[2026-07-01 11:24:36] [face_detect] IN: face_detect → OUT: detected=true landmarks=76 roll=0.11351458 pitch=-0.34821364 yaw=-0.07133011 (4770ms)
[2026-07-01 11:24:36] [mouth_detect] IN: mouth_detect ratio=0.4485758 → OUT: status=CLOSED confirmed=CLOSED
[2026-07-01 11:24:36] [gaze_estimate] IN: yaw=-0.07133011 pitch=-0.34821364 → OUT: yawOffset=-0.03368519 pitchOffset=-0.1381499 hasFace=true
[2026-07-01 11:24:36] [hand_detect] IN: hand_detect 1920x1080 → OUT: detected=false landmarks=nil confidence=0
[2026-07-01 11:24:36] [face_detect] IN: face_detect → OUT: detected=true landmarks=76 roll=0.11351458 pitch=-0.34821364 yaw=-0.07133011 (4593ms)
[2026-07-01 11:24:36] [mouth_detect] IN: mouth_detect ratio=0.45228815 → OUT: status=CLOSED confirmed=CLOSED
[2026-07-01 11:24:36] [gaze_estimate] IN: yaw=-0.07133011 pitch=-0.34821364 → OUT: yawOffset=-0.03508449 pitchOffset=-0.13812242 hasFace=true
[2026-07-01 11:24:36] [hand_detect] IN: hand_detect 1920x1080 → OUT: detected=false landmarks=nil confidence=0
[2026-07-01 11:24:36] [face_detect] IN: face_detect → OUT: detected=true landmarks=76 roll=0.11351458 pitch=-0.34821364 yaw=-0.07133011 (4266ms)
[2026-07-01 11:24:36] [mouth_detect] IN: mouth_detect ratio=0.4281952 → OUT: status=CLOSED confirmed=CLOSED
[2026-07-01 11:24:36] [gaze_estimate] IN: yaw=-0.07133011 pitch=-0.34821364 → OUT: yawOffset=-0.036064003 pitchOffset=-0.13810319 hasFace=true
[2026-07-01 11:24:36] [hand_detect] IN: hand_detect 1920x1080 → OUT: detected=false landmarks=nil confidence=0
[2026-07-01 11:24:36] [face_detect] IN: face_detect → OUT: detected=true landmarks=76 roll=0.11351458 pitch=-0.34821364 yaw=-0.07133011 (5419ms)
[2026-07-01 11:24:36] [mouth_detect] IN: mouth_detect ratio=0.4465592 → OUT: status=CLOSED confirmed=CLOSED
[2026-07-01 11:24:36] [gaze_estimate] IN: yaw=-0.07133011 pitch=-0.34821364 → OUT: yawOffset=-0.03674966 pitchOffset=-0.13808972 hasFace=true
[2026-07-01 11:24:36] [hand_detect] IN: hand_detect 1920x1080 → OUT: detected=false landmarks=nil confidence=0
[2026-07-01 11:24:36] [face_detect] IN: face_detect → OUT: detected=true landmarks=76 roll=0.11351458 pitch=-0.34821364 yaw=-0.07133011 (4395ms)
[2026-07-01 11:24:36] [mouth_detect] IN: mouth_detect ratio=0.44398645 → OUT: status=CLOSED confirmed=CLOSED
[2026-07-01 11:24:36] [gaze_estimate] IN: yaw=-0.07133011 pitch=-0.34821364 → OUT: yawOffset=-0.03722962 pitchOffset=-0.1380803 hasFace=true
[2026-07-01 11:24:36] [hand_detect] IN: hand_detect 1920x1080 → OUT: detected=false landmarks=nil confidence=0
[2026-07-01 11:24:36] [face_detect] IN: face_detect → OUT: detected=true landmarks=76 roll=0.11351458 pitch=-0.34821364 yaw=-0.07133011 (4717ms)
[2026-07-01 11:24:36] [mouth_detect] IN: mouth_detect ratio=0.4764782 → OUT: status=CLOSED confirmed=CLOSED
[2026-07-01 11:24:36] [gaze_estimate] IN: yaw=-0.07133011 pitch=-0.34821364 → OUT: yawOffset=-0.037565593 pitchOffset=-0.1380737 hasFace=true
[2026-07-01 11:24:36] [hand_detect] IN: hand_detect 1920x1080 → OUT: detected=false landmarks=nil confidence=0
[2026-07-01 11:24:36] [face_detect] IN: face_detect → OUT: detected=true landmarks=76 roll=0.11351458 pitch=-0.34821364 yaw=-0.07133011 (4629ms)
[2026-07-01 11:24:36] [mouth_detect] IN: mouth_detect ratio=0.45007986 → OUT: status=CLOSED confirmed=CLOSED
[2026-07-01 11:24:36] [gaze_estimate] IN: yaw=-0.07133011 pitch=-0.34821364 → OUT: yawOffset=-0.037800774 pitchOffset=-0.13806908 hasFace=true
[2026-07-01 11:24:36] [hand_detect] IN: hand_detect 1920x1080 → OUT: detected=false landmarks=nil confidence=0
[2026-07-01 11:24:36] [face_detect] IN: face_detect → OUT: detected=true landmarks=76 roll=0.11351458 pitch=-0.34821364 yaw=-0.07133011 (4680ms)
[2026-07-01 11:24:36] [mouth_detect] IN: mouth_detect ratio=0.4533552 → OUT: status=CLOSED confirmed=CLOSED
[2026-07-01 11:24:36] [gaze_estimate] IN: yaw=-0.07133011 pitch=-0.34821364 → OUT: yawOffset=-0.037965402 pitchOffset=-0.13806584 hasFace=true
[2026-07-01 11:24:36] [hand_detect] IN: hand_detect 1920x1080 → OUT: detected=false landmarks=nil confidence=0
[2026-07-01 11:24:36] [face_detect] IN: face_detect → OUT: detected=true landmarks=76 roll=0.079767 pitch=-0.29299036 yaw=-0.109679624 (9251ms)
[2026-07-01 11:24:36] [mouth_detect] IN: mouth_detect ratio=0.45506102 → OUT: status=CLOSED confirmed=CLOSED
[2026-07-01 11:24:36] [gaze_estimate] IN: yaw=-0.109679624 pitch=-0.29299036 → OUT: yawOffset=-0.049585495 pitchOffset=-0.121496595 hasFace=true
[2026-07-01 11:24:36] [axMatch] IN: cursor=(1164,333) → OUT: role=AXButton title=消息通道 (0ms)
[2026-07-01 11:24:36] [hand_detect] IN: hand_detect 1920x1080 → OUT: detected=false landmarks=nil confidence=0
[2026-07-01 11:24:36] [face_detect] IN: face_detect → OUT: detected=true landmarks=76 roll=0.079767 pitch=-0.29299036 yaw=-0.109679624 (4770ms)
[2026-07-01 11:24:36] [mouth_detect] IN: mouth_detect ratio=0.4494198 → OUT: status=CLOSED confirmed=CLOSED
[2026-07-01 11:24:36] [gaze_estimate] IN: yaw=-0.109679624 pitch=-0.29299036 → OUT: yawOffset=-0.057719562 pitchOffset=-0.10989812 hasFace=true
[2026-07-01 11:24:36] [hand_detect] IN: hand_detect 1920x1080 → OUT: detected=false landmarks=nil confidence=0
[2026-07-01 11:24:36] [face_detect] IN: face_detect → OUT: detected=true landmarks=76 roll=0.079767 pitch=-0.29299036 yaw=-0.109679624 (4274ms)
[2026-07-01 11:24:36] [mouth_detect] IN: mouth_detect ratio=0.48335242 → OUT: status=CLOSED confirmed=CLOSED
[2026-07-01 11:24:36] [gaze_estimate] IN: yaw=-0.109679624 pitch=-0.29299036 → OUT: yawOffset=-0.06341341 pitchOffset=-0.10177919 hasFace=true
[2026-07-01 11:24:36] [hand_detect] IN: hand_detect 1920x1080 → OUT: detected=false landmarks=nil confidence=0
[2026-07-01 11:24:36] [face_detect] IN: face_detect → OUT: detected=true landmarks=76 roll=0.079767 pitch=-0.29299036 yaw=-0.109679624 (4438ms)
[2026-07-01 11:24:36] [mouth_detect] IN: mouth_detect ratio=0.48124787 → OUT: status=CLOSED confirmed=CLOSED
[2026-07-01 11:24:36] [gaze_estimate] IN: yaw=-0.109679624 pitch=-0.29299036 → OUT: yawOffset=-0.0673991 pitchOffset=-0.09609594 hasFace=true
[2026-07-01 11:24:36] [hand_detect] IN: hand_detect 1920x1080 → OUT: detected=false landmarks=nil confidence=0
[2026-07-01 11:24:36] [face_detect] IN: face_detect → OUT: detected=true landmarks=76 roll=0.079767 pitch=-0.29299036 yaw=-0.109679624 (5147ms)
[2026-07-01 11:24:36] [mouth_detect] IN: mouth_detect ratio=0.47222215 → OUT: status=CLOSED confirmed=CLOSED
[2026-07-01 11:24:36] [gaze_estimate] IN: yaw=-0.109679624 pitch=-0.29299036 → OUT: yawOffset=-0.07018908 pitchOffset=-0.09211767 hasFace=true
[2026-07-01 11:24:36] [axScan] IN: windows=5 → OUT: raw=433 visible=417 [pid79582=346 pid2479=1 pid61336=31 pid2480=9 pid2478=30] (694ms)
[2026-07-01 11:24:36] [axEl] IN: pid=61336 role=AXButton → OUT: title= frame=(901,117,20,20) (0ms)
[2026-07-01 11:24:36] [axEl] IN: pid=61336 role=AXScrollBar → OUT: title= frame=(901,135,19,338) (0ms)
[2026-07-01 11:24:36] [axEl] IN: pid=61336 role=AXButton → OUT: title= frame=(905,139,11,310) (0ms)
[2026-07-01 11:24:36] [axEl] IN: pid=61336 role=AXButton → OUT: title= frame=(410,95,16,16) (0ms)
[2026-07-01 11:24:36] [axEl] IN: pid=61336 role=AXButton → OUT: title= frame=(456,95,16,16) (0ms)
[2026-07-01 11:24:36] [axEl] IN: pid=61336 role=AXButton → OUT: title= frame=(433,95,16,16) (0ms)
[2026-07-01 11:24:36] [axEl] IN: pid=61336 role=AXImage → OUT: title=diqibadao frame=(483,93,18,18) (0ms)
[2026-07-01 11:24:36] [axEl] IN: pid=61336 role=AXStaticText → OUT: title= frame=(502,95,407,16) (0ms)
[2026-07-01 11:24:36] [axEl] IN: pid=61336 role=AXButton → OUT: title= frame=(918,674,20,20) (0ms)
[2026-07-01 11:24:36] [axEl] IN: pid=61336 role=AXScrollBar → OUT: title= frame=(918,692,19,338) (0ms)
[2026-07-01 11:24:36] [axEl] IN: pid=61336 role=AXButton → OUT: title= frame=(922,696,11,310) (0ms)
[2026-07-01 11:24:36] [axEl] IN: pid=61336 role=AXButton → OUT: title= frame=(427,652,16,16) (0ms)
[2026-07-01 11:24:36] [axEl] IN: pid=61336 role=AXButton → OUT: title= frame=(473,652,16,16) (0ms)
[2026-07-01 11:24:36] [axEl] IN: pid=61336 role=AXButton → OUT: title= frame=(450,652,16,16) (0ms)
[2026-07-01 11:24:36] [axEl] IN: pid=61336 role=AXImage → OUT: title=diqibadao frame=(500,650,18,18) (0ms)
[2026-07-01 11:24:36] [axEl] IN: pid=61336 role=AXStaticText → OUT: title= frame=(519,652,241,16) (0ms)
[2026-07-01 11:24:36] [axEl] IN: pid=61336 role=AXButton → OUT: title= frame=(872,88,20,20) (0ms)
[2026-07-01 11:24:36] [axEl] IN: pid=61336 role=AXScrollBar → OUT: title= frame=(872,106,19,338) (0ms)
[2026-07-01 11:24:36] [axEl] IN: pid=61336 role=AXButton → OUT: title= frame=(876,110,11,310) (0ms)
[2026-07-01 11:24:36] [axEl] IN: pid=61336 role=AXButton → OUT: title= frame=(381,66,16,16) (0ms)
[2026-07-01 11:24:36] [axEl] IN: pid=61336 role=AXButton → OUT: title= frame=(427,66,16,16) (0ms)
[2026-07-01 11:24:36] [axEl] IN: pid=61336 role=AXButton → OUT: title= frame=(404,66,16,16) (0ms)
[2026-07-01 11:24:36] [axEl] IN: pid=61336 role=AXImage → OUT: title=diqibadao frame=(454,64,18,18) (0ms)
[2026-07-01 11:24:36] [axEl] IN: pid=61336 role=AXStaticText → OUT: title= frame=(473,66,241,16) (0ms)
[2026-07-01 11:24:36] [axEl] IN: pid=61336 role=AXMenuBarItem → OUT: title=Apple frame=(10,0,34,30) (0ms)
[2026-07-01 11:24:36] [axEl] IN: pid=61336 role=AXMenuBarItem → OUT: title=终端 frame=(43,0,47,30) (0ms)
[2026-07-01 11:24:36] [axEl] IN: pid=61336 role=AXMenuBarItem → OUT: title=Shell frame=(89,0,50,30) (0ms)
[2026-07-01 11:24:36] [axEl] IN: pid=61336 role=AXMenuBarItem → OUT: title=编辑 frame=(138,0,47,30) (0ms)
[2026-07-01 11:24:36] [axEl] IN: pid=61336 role=AXMenuBarItem → OUT: title=显示 frame=(184,0,47,30) (0ms)
[2026-07-01 11:24:36] [axEl] IN: pid=61336 role=AXMenuBarItem → OUT: title=窗口 frame=(230,0,47,30) (0ms)
[2026-07-01 11:24:36] [axEl] IN: pid=61336 role=AXMenuBarItem → OUT: title=帮助 frame=(276,0,47,30) (0ms)
[2026-07-01 11:24:36] [axEl] IN: pid=79582 role=AXLink → OUT: title=跳到输入框 frame=(1390,36,83,35) (0ms)
[2026-07-01 11:24:36] [axEl] IN: pid=79582 role=AXStaticText → OUT: title= frame=(1402,45,59,17) (0ms)
[2026-07-01 11:24:36] [axEl] IN: pid=79582 role=AXImage → OUT: title= frame=(1019,123,118,28) (0ms)
[2026-07-01 11:24:36] [axEl] IN: pid=79582 role=AXButton → OUT: title=新建对话 frame=(1026,173,240,38) (0ms)
[2026-07-01 11:24:36] [axEl] IN: pid=79582 role=AXStaticText → OUT: title= frame=(1032,226,25,18) (0ms)
[2026-07-01 11:24:36] [axEl] IN: pid=79582 role=AXButton → OUT: title=技能 frame=(1026,255,240,30) (0ms)
[2026-07-01 11:24:36] [axEl] IN: pid=79582 role=AXButton → OUT: title=记忆 frame=(1026,289,240,30) (0ms)
[2026-07-01 11:24:36] [axEl] IN: pid=79582 role=AXButton → OUT: title=消息通道 frame=(1026,323,240,30) (0ms)
[2026-07-01 11:24:36] [axEl] IN: pid=79582 role=AXButton → OUT: title=自动化 frame=(1026,357,240,30) (0ms)
[2026-07-01 11:24:36] [axEl] IN: pid=79582 role=AXStaticText → OUT: title= frame=(1032,411,26,18) (0ms)
[2026-07-01 11:24:36] [axEl] IN: pid=79582 role=AXPopUpButton → OUT: title=按时间筛选 frame=(1174,408,24,22) (0ms)
[2026-07-01 11:24:36] [axEl] IN: pid=79582 role=AXCheckBox → OUT: title=收起所有项目 frame=(1204,408,22,22) (0ms)
[2026-07-01 11:24:36] [axEl] IN: pid=79582 role=AXButton → OUT: title=添加新项目 frame=(1235,408,22,22) (0ms)
[2026-07-01 11:24:36] [axEl] IN: pid=79582 role=AXButton → OUT: title=Global frame=(1028,446,204,32) (0ms)
[2026-07-01 11:24:36] [axEl] IN: pid=79582 role=AXButton → OUT: title=新建会话 frame=(1238,450,24,24) (0ms)
[2026-07-01 11:24:36] [axEl] IN: pid=79582 role=AXButton → OUT: title=已粘贴文本 #3 · 71 行] … frame=(1044,483,219,23) (0ms)
[2026-07-01 11:24:36] [axEl] IN: pid=79582 role=AXButton → OUT: title=调研技术方案 @.reasonix… frame=(1044,508,219,23) (0ms)
[2026-07-01 11:24:36] [axEl] IN: pid=79582 role=AXButton → OUT: title=光标控制和手势控制的启动关闭按钮呢 … frame=(1044,533,219,23) (0ms)
[2026-07-01 11:24:36] [axEl] IN: pid=79582 role=AXButton → OUT: title=光标控制和手势控制的启动关闭按钮呢 … frame=(1044,558,219,23) (0ms)
[2026-07-01 11:24:36] [axEl] IN: pid=79582 role=AXButton → OUT: title=新的会话 frame=(1044,583,219,28) (0ms)
[2026-07-01 11:24:36] [axEl] IN: pid=79582 role=AXButton → OUT: title=嗨 你好啊 frame=(1044,613,219,24) (0ms)
[2026-07-01 11:24:36] [axEl] IN: pid=79582 role=AXButton → OUT: title=global会话卡住了 看看啥情况 frame=(1044,638,219,24) (0ms)
[2026-07-01 11:24:36] [axEl] IN: pid=79582 role=AXButton → OUT: title=<memory-compiler-e… frame=(1044,663,219,24) (0ms)
[2026-07-01 11:24:36] [axEl] IN: pid=79582 role=AXButton → OUT: title=自然识别App调研，你看看我的桌面这… frame=(1044,688,219,24) (0ms)
[2026-07-01 11:24:36] [axEl] IN: pid=79582 role=AXButton → OUT: title=我使用的飞鸟加速外网好慢啊 检查下可… frame=(1044,713,219,24) (0ms)
[2026-07-01 11:24:36] [axEl] IN: pid=79582 role=AXButton → OUT: title=<active-goal> 我感觉c… frame=(1044,738,219,24) (0ms)
[2026-07-01 11:24:36] [axEl] IN: pid=79582 role=AXCheckBox → OUT: title=搜索项目或会话 frame=(1026,956,56,30) (0ms)
[2026-07-01 11:24:36] [axEl] IN: pid=79582 role=AXButton → OUT: title= frame=(1087,956,56,30) (0ms)
[2026-07-01 11:24:36] [axEl] IN: pid=79582 role=AXButton → OUT: title= frame=(1149,956,56,30) (0ms)
[2026-07-01 11:24:36] [axEl] IN: pid=79582 role=AXButton → OUT: title= frame=(1210,956,56,30) (0ms)
[2026-07-01 11:24:36] [axEl] IN: pid=79582 role=AXCheckBox → OUT: title=收起导航 frame=(1265,517,26,47) (0ms)
[2026-07-01 11:24:36] [axEl] IN: pid=79582 role=AXHeading → OUT: title=重命名会话 frame=(1296,103,176,19) (0ms)
[2026-07-01 11:24:36] [axEl] IN: pid=79582 role=AXButton → OUT: title=重命名会话 frame=(1296,103,176,19) (0ms)
[2026-07-01 11:24:36] [axEl] IN: pid=79582 role=AXButton → OUT: title=复制会话 frame=(1621,102,30,28) (0ms)
[2026-07-01 11:24:36] [axEl] IN: pid=79582 role=AXPopUpButton → OUT: title=导出会话 frame=(1657,102,30,28) (0ms)
[2026-07-01 11:24:36] [axEl] IN: pid=79582 role=AXCheckBox → OUT: title=改动 frame=(1693,102,30,28) (0ms)
[2026-07-01 11:24:36] [axEl] IN: pid=79582 role=AXButton → OUT: title=键盘快捷键 frame=(1729,102,30,28) (0ms)
[2026-07-01 11:24:36] [axEl] IN: pid=79582 role=AXButton → OUT: title=命令 frame=(1765,102,30,28) (0ms)
[2026-07-01 11:24:36] [axEl] IN: pid=79582 role=AXCheckBox → OUT: title=展开工作区 frame=(1801,102,30,28) (0ms)
[2026-07-01 11:24:36] [axEl] IN: pid=79582 role=AXStaticText → OUT: title= frame=(1362,1,24,16) (0ms)
[2026-07-01 11:24:36] [axEl] IN: pid=79582 role=AXStaticText → OUT: title= frame=(1428,1,9,16) (0ms)
[2026-07-01 11:24:36] [axEl] IN: pid=79582 role=AXStaticText → OUT: title= frame=(1453,1,264,16) (0ms)
[2026-07-01 11:24:36] [axEl] IN: pid=79582 role=AXStaticText → OUT: title= frame=(1362,21,24,15) (0ms)
[2026-07-01 11:24:36] [axEl] IN: pid=79582 role=AXStaticText → OUT: title= frame=(1399,21,24,15) (0ms)
[2026-07-01 11:24:36] [axEl] IN: pid=79582 role=AXStaticText → OUT: title= frame=(1453,21,102,15) (0ms)
[2026-07-01 11:24:36] [axEl] IN: pid=79582 role=AXStaticText → OUT: title= frame=(1362,40,24,16) (0ms)
[2026-07-01 11:24:36] [axEl] IN: pid=79582 role=AXStaticText → OUT: title= frame=(1399,40,24,16) (0ms)
[2026-07-01 11:24:36] [axEl] IN: pid=79582 role=AXStaticText → OUT: title= frame=(1453,40,233,16) (0ms)
[2026-07-01 11:24:36] [axEl] IN: pid=79582 role=AXStaticText → OUT: title= frame=(1362,59,24,16) (0ms)
[2026-07-01 11:24:36] [axEl] IN: pid=79582 role=AXStaticText → OUT: title= frame=(1399,59,24,16) (0ms)
[2026-07-01 11:24:36] [axEl] IN: pid=79582 role=AXButton → OUT: title= frame=(1342,7,234,28) (0ms)
[2026-07-01 11:24:36] [axEl] IN: pid=79582 role=AXButton → OUT: title= frame=(1342,37,514,28) (0ms)
[2026-07-01 11:24:36] [axEl] IN: pid=79582 role=AXButton → OUT: title= frame=(1316,13,495,18) (0ms)
[2026-07-01 11:24:36] [axEl] IN: pid=79582 role=AXButton → OUT: title= frame=(1342,41,507,29) (0ms)
[2026-07-01 11:24:36] [axEl] IN: pid=79582 role=AXStaticText → OUT: title= frame=(1362,76,24,16) (0ms)
[2026-07-01 11:24:36] [axEl] IN: pid=79582 role=AXStaticText → OUT: title= frame=(1399,76,24,16) (0ms)
[2026-07-01 11:24:36] [axEl] IN: pid=79582 role=AXStaticText → OUT: title= frame=(1362,95,24,16) (0ms)
[2026-07-01 11:24:36] [axEl] IN: pid=79582 role=AXStaticText → OUT: title= frame=(1399,95,24,16) (0ms)
[2026-07-01 11:24:36] [axEl] IN: pid=79582 role=AXStaticText → OUT: title= frame=(1453,95,387,16) (0ms)
[2026-07-01 11:24:36] [axEl] IN: pid=79582 role=AXStaticText → OUT: title= frame=(1362,115,24,15) (0ms)
[2026-07-01 11:24:36] [axEl] IN: pid=79582 role=AXStaticText → OUT: title= frame=(1399,115,24,15) (0ms)
[2026-07-01 11:24:36] [axEl] IN: pid=79582 role=AXStaticText → OUT: title= frame=(1453,115,217,15) (0ms)
[2026-07-01 11:24:36] [axEl] IN: pid=79582 role=AXStaticText → OUT: title= frame=(1362,134,24,16) (0ms)
[2026-07-01 11:24:36] [axEl] IN: pid=79582 role=AXStaticText → OUT: title= frame=(1428,134,9,16) (0ms)
[2026-07-01 11:24:36] [axEl] IN: pid=79582 role=AXStaticText → OUT: title= frame=(1453,134,432,16) (0ms)
[2026-07-01 11:24:36] [axEl] IN: pid=79582 role=AXStaticText → OUT: title= frame=(1362,154,24,15) (0ms)
[2026-07-01 11:24:36] [axEl] IN: pid=79582 role=AXStaticText → OUT: title= frame=(1428,154,9,15) (0ms)
[2026-07-01 11:24:36] [axEl] IN: pid=79582 role=AXStaticText → OUT: title= frame=(1453,154,295,15) (0ms)
[2026-07-01 11:24:36] [axEl] IN: pid=79582 role=AXStaticText → OUT: title= frame=(1362,173,24,16) (0ms)
[2026-07-01 11:24:36] [axEl] IN: pid=79582 role=AXStaticText → OUT: title= frame=(1428,173,9,16) (0ms)
[2026-07-01 11:24:36] [axEl] IN: pid=79582 role=AXStaticText → OUT: title= frame=(1453,173,264,16) (0ms)
[2026-07-01 11:24:36] [axEl] IN: pid=79582 role=AXStaticText → OUT: title= frame=(1362,192,24,16) (0ms)
[2026-07-01 11:24:36] [axEl] IN: pid=79582 role=AXStaticText → OUT: title= frame=(1428,192,9,16) (0ms)
[2026-07-01 11:24:36] [axEl] IN: pid=79582 role=AXStaticText → OUT: title= frame=(1453,192,727,16) (0ms)
[2026-07-01 11:24:36] [axEl] IN: pid=79582 role=AXStaticText → OUT: title= frame=(1362,212,24,15) (0ms)
[2026-07-01 11:24:36] [axEl] IN: pid=79582 role=AXStaticText → OUT: title= frame=(1428,212,9,15) (0ms)
[2026-07-01 11:24:36] [axEl] IN: pid=79582 role=AXStaticText → OUT: title= frame=(1453,212,836,15) (0ms)
[2026-07-01 11:24:36] [axEl] IN: pid=79582 role=AXStaticText → OUT: title= frame=(1362,231,24,16) (0ms)
[2026-07-01 11:24:36] [axEl] IN: pid=79582 role=AXStaticText → OUT: title= frame=(1428,231,9,16) (0ms)
[2026-07-01 11:24:36] [axEl] IN: pid=79582 role=AXStaticText → OUT: title= frame=(1453,231,187,16) (0ms)
[2026-07-01 11:24:36] [axEl] IN: pid=79582 role=AXStaticText → OUT: title= frame=(1362,250,24,16) (0ms)
[2026-07-01 11:24:36] [axEl] IN: pid=79582 role=AXStaticText → OUT: title= frame=(1428,250,9,16) (0ms)
[2026-07-01 11:24:36] [axEl] IN: pid=79582 role=AXStaticText → OUT: title= frame=(1453,250,310,16) (0ms)
[2026-07-01 11:24:36] [axEl] IN: pid=79582 role=AXStaticText → OUT: title= frame=(1362,270,24,15) (0ms)
[2026-07-01 11:24:36] [axEl] IN: pid=79582 role=AXStaticText → OUT: title= frame=(1428,270,9,15) (0ms)
[2026-07-01 11:24:36] [axEl] IN: pid=79582 role=AXStaticText → OUT: title= frame=(1453,270,295,15) (0ms)
[2026-07-01 11:24:36] [axEl] IN: pid=79582 role=AXStaticText → OUT: title= frame=(1362,289,24,16) (0ms)
[2026-07-01 11:24:36] [axEl] IN: pid=79582 role=AXStaticText → OUT: title= frame=(1428,289,9,16) (0ms)
[2026-07-01 11:24:36] [axEl] IN: pid=79582 role=AXStaticText → OUT: title= frame=(1453,289,295,16) (0ms)
[2026-07-01 11:24:36] [axEl] IN: pid=79582 role=AXStaticText → OUT: title= frame=(1362,309,24,15) (0ms)
[2026-07-01 11:24:36] [axEl] IN: pid=79582 role=AXStaticText → OUT: title= frame=(1428,309,9,15) (0ms)
[2026-07-01 11:24:36] [axEl] IN: pid=79582 role=AXStaticText → OUT: title= frame=(1453,309,132,15) (0ms)
[2026-07-01 11:24:36] [axEl] IN: pid=79582 role=AXStaticText → OUT: title= frame=(1362,328,24,16) (0ms)
[2026-07-01 11:24:36] [axEl] IN: pid=79582 role=AXStaticText → OUT: title= frame=(1428,328,9,16) (0ms)
[2026-07-01 11:24:36] [axEl] IN: pid=79582 role=AXStaticText → OUT: title= frame=(1453,328,102,16) (0ms)
[2026-07-01 11:24:36] [axEl] IN: pid=79582 role=AXStaticText → OUT: title= frame=(1362,347,24,16) (0ms)
[2026-07-01 11:24:36] [axEl] IN: pid=79582 role=AXStaticText → OUT: title= frame=(1399,347,24,16) (0ms)
[2026-07-01 11:24:36] [axEl] IN: pid=79582 role=AXStaticText → OUT: title= frame=(1453,347,626,16) (0ms)
[2026-07-01 11:24:36] [axEl] IN: pid=79582 role=AXStaticText → OUT: title= frame=(1362,367,24,15) (0ms)
[2026-07-01 11:24:36] [axEl] IN: pid=79582 role=AXStaticText → OUT: title= frame=(1399,367,24,15) (0ms)
[2026-07-01 11:24:36] [axEl] IN: pid=79582 role=AXStaticText → OUT: title= frame=(1453,367,489,15) (0ms)
[2026-07-01 11:24:36] [axEl] IN: pid=79582 role=AXStaticText → OUT: title= frame=(1362,386,24,16) (0ms)
[2026-07-01 11:24:36] [axEl] IN: pid=79582 role=AXStaticText → OUT: title= frame=(1399,386,24,16) (0ms)
[2026-07-01 11:24:36] [axEl] IN: pid=79582 role=AXStaticText → OUT: title= frame=(1453,386,341,16) (0ms)
[2026-07-01 11:24:36] [axEl] IN: pid=79582 role=AXButton → OUT: title=深度思考 frame=(1316,56,69,19) (0ms)
[2026-07-01 11:24:36] [axEl] IN: pid=79582 role=AXButton → OUT: title= frame=(1316,86,167,25) (0ms)
[2026-07-01 11:24:36] [axEl] IN: pid=79582 role=AXButton → OUT: title= frame=(1316,131,495,19) (0ms)
[2026-07-01 11:24:36] [axEl] IN: pid=79582 role=AXButton → OUT: title= frame=(1342,159,513,29) (0ms)
[2026-07-01 11:24:36] [axEl] IN: pid=79582 role=AXButton → OUT: title=深度思考 frame=(1316,174,69,19) (0ms)
[2026-07-01 11:24:36] [axEl] IN: pid=79582 role=AXStaticText → OUT: title= frame=(1316,204,449,21) (0ms)
[2026-07-01 11:24:36] [axEl] IN: pid=79582 role=AXButton → OUT: title= frame=(1316,246,167,25) (0ms)
[2026-07-01 11:24:36] [axEl] IN: pid=79582 role=AXButton → OUT: title= frame=(1316,249,495,19) (0ms)
[2026-07-01 11:24:36] [axEl] IN: pid=79582 role=AXButton → OUT: title= frame=(1342,277,165,29) (0ms)
[2026-07-01 11:24:36] [axEl] IN: pid=79582 role=AXButton → OUT: title=深度思考 frame=(1316,293,69,19) (0ms)
[2026-07-01 11:24:36] [axEl] IN: pid=79582 role=AXButton → OUT: title= frame=(1316,322,167,25) (0ms)
[2026-07-01 11:24:36] [axEl] IN: pid=79582 role=AXButton → OUT: title= frame=(1316,367,495,19) (0ms)
[2026-07-01 11:24:36] [axEl] IN: pid=79582 role=AXButton → OUT: title= frame=(1342,395,290,29) (0ms)
[2026-07-01 11:24:36] [axEl] IN: pid=79582 role=AXButton → OUT: title=深度思考 frame=(1316,411,69,19) (0ms)
[2026-07-01 11:24:36] [axEl] IN: pid=79582 role=AXButton → OUT: title= frame=(1316,440,167,25) (0ms)
[2026-07-01 11:24:36] [axEl] IN: pid=79582 role=AXButton → OUT: title= frame=(1316,485,495,19) (0ms)
[2026-07-01 11:24:36] [axEl] IN: pid=79582 role=AXButton → OUT: title= frame=(1342,513,507,29) (0ms)
[2026-07-01 11:24:36] [axEl] IN: pid=79582 role=AXStaticText → OUT: title= frame=(1370,549,16,15) (0ms)
[2026-07-01 11:24:36] [axEl] IN: pid=79582 role=AXStaticText → OUT: title= frame=(1407,549,16,15) (0ms)
[2026-07-01 11:24:36] [axEl] IN: pid=79582 role=AXStaticText → OUT: title= frame=(1453,549,426,15) (0ms)
[2026-07-01 11:24:36] [axEl] IN: pid=79582 role=AXStaticText → OUT: title= frame=(1370,568,16,16) (0ms)
[2026-07-01 11:24:36] [axEl] IN: pid=79582 role=AXStaticText → OUT: title= frame=(1407,568,16,16) (0ms)
[2026-07-01 11:24:36] [axEl] IN: pid=79582 role=AXStaticText → OUT: title= frame=(1453,568,449,16) (0ms)
[2026-07-01 11:24:36] [axEl] IN: pid=79582 role=AXStaticText → OUT: title= frame=(1370,588,16,15) (0ms)
[2026-07-01 11:24:36] [axEl] IN: pid=79582 role=AXStaticText → OUT: title= frame=(1407,588,16,15) (0ms)
[2026-07-01 11:24:36] [axEl] IN: pid=79582 role=AXStaticText → OUT: title= frame=(1453,588,380,15) (0ms)
[2026-07-01 11:24:36] [axEl] IN: pid=79582 role=AXStaticText → OUT: title= frame=(1370,607,16,16) (0ms)
[2026-07-01 11:24:36] [axEl] IN: pid=79582 role=AXStaticText → OUT: title= frame=(1428,607,9,16) (0ms)
[2026-07-01 11:24:36] [axEl] IN: pid=79582 role=AXStaticText → OUT: title= frame=(1453,607,380,16) (0ms)
[2026-07-01 11:24:36] [axEl] IN: pid=79582 role=AXStaticText → OUT: title= frame=(1362,626,24,16) (0ms)
[2026-07-01 11:24:36] [axEl] IN: pid=79582 role=AXStaticText → OUT: title= frame=(1407,626,16,16) (0ms)
[2026-07-01 11:24:36] [axEl] IN: pid=79582 role=AXStaticText → OUT: title= frame=(1453,626,380,16) (0ms)
[2026-07-01 11:24:36] [axEl] IN: pid=79582 role=AXStaticText → OUT: title= frame=(1362,646,24,15) (0ms)
[2026-07-01 11:24:36] [axEl] IN: pid=79582 role=AXStaticText → OUT: title= frame=(1399,646,24,15) (0ms)
[2026-07-01 11:24:36] [axEl] IN: pid=79582 role=AXStaticText → OUT: title= frame=(1453,646,434,15) (0ms)
[2026-07-01 11:24:36] [axEl] IN: pid=79582 role=AXStaticText → OUT: title= frame=(1362,665,24,16) (0ms)
[2026-07-01 11:24:36] [axEl] IN: pid=79582 role=AXStaticText → OUT: title= frame=(1399,665,24,16) (0ms)
[2026-07-01 11:24:36] [axEl] IN: pid=79582 role=AXStaticText → OUT: title= frame=(1453,665,349,16) (0ms)
[2026-07-01 11:24:36] [axEl] IN: pid=79582 role=AXButton → OUT: title=深度思考 frame=(1316,529,69,19) (0ms)
[2026-07-01 11:24:36] [axEl] IN: pid=79582 role=AXButton → OUT: title= frame=(1316,558,167,25) (0ms)
[2026-07-01 11:24:36] [axEl] IN: pid=79582 role=AXButton → OUT: title= frame=(1316,603,495,19) (0ms)
[2026-07-01 11:24:36] [axEl] IN: pid=79582 role=AXButton → OUT: title= frame=(1342,632,514,29) (0ms)
[2026-07-01 11:24:36] [axEl] IN: pid=79582 role=AXStaticText → OUT: title= frame=(1362,0,24,15) (0ms)
[2026-07-01 11:24:36] [axEl] IN: pid=79582 role=AXStaticText → OUT: title= frame=(1428,0,9,15) (0ms)
[2026-07-01 11:24:36] [axEl] IN: pid=79582 role=AXStaticText → OUT: title= frame=(1453,0,496,15) (0ms)
[2026-07-01 11:24:36] [axEl] IN: pid=79582 role=AXStaticText → OUT: title= frame=(1362,19,24,16) (0ms)
[2026-07-01 11:24:36] [axEl] IN: pid=79582 role=AXStaticText → OUT: title= frame=(1428,19,9,16) (0ms)
[2026-07-01 11:24:36] [axEl] IN: pid=79582 role=AXStaticText → OUT: title= frame=(1453,19,71,16) (0ms)
[2026-07-01 11:24:36] [axEl] IN: pid=79582 role=AXStaticText → OUT: title= frame=(1399,38,24,16) (0ms)
[2026-07-01 11:24:36] [axEl] IN: pid=79582 role=AXStaticText → OUT: title= frame=(1428,38,9,16) (0ms)
[2026-07-01 11:24:36] [axEl] IN: pid=79582 role=AXStaticText → OUT: title= frame=(1453,38,256,16) (0ms)
[2026-07-01 11:24:36] [axEl] IN: pid=79582 role=AXStaticText → OUT: title= frame=(1399,58,24,15) (0ms)
[2026-07-01 11:24:36] [axEl] IN: pid=79582 role=AXStaticText → OUT: title= frame=(1428,58,9,15) (0ms)
[2026-07-01 11:24:36] [axEl] IN: pid=79582 role=AXStaticText → OUT: title= frame=(1453,58,233,15) (0ms)
[2026-07-01 11:24:36] [axEl] IN: pid=79582 role=AXStaticText → OUT: title= frame=(1362,77,24,16) (0ms)
[2026-07-01 11:24:36] [axEl] IN: pid=79582 role=AXStaticText → OUT: title= frame=(1399,77,24,16) (0ms)
[2026-07-01 11:24:36] [axEl] IN: pid=79582 role=AXStaticText → OUT: title= frame=(1453,77,202,16) (0ms)
[2026-07-01 11:24:36] [axEl] IN: pid=79582 role=AXStaticText → OUT: title= frame=(1362,97,24,15) (0ms)
[2026-07-01 11:24:36] [axEl] IN: pid=79582 role=AXStaticText → OUT: title= frame=(1399,97,24,15) (0ms)
[2026-07-01 11:24:36] [axEl] IN: pid=79582 role=AXStaticText → OUT: title= frame=(1453,97,40,15) (0ms)
[2026-07-01 11:24:36] [axEl] IN: pid=79582 role=AXStaticText → OUT: title= frame=(1362,116,24,16) (0ms)
[2026-07-01 11:24:36] [axEl] IN: pid=79582 role=AXStaticText → OUT: title= frame=(1399,116,24,16) (0ms)
[2026-07-01 11:24:36] [axEl] IN: pid=79582 role=AXStaticText → OUT: title= frame=(1362,-3,24,16) (0ms)
[2026-07-01 11:24:36] [axEl] IN: pid=79582 role=AXStaticText → OUT: title= frame=(1428,-3,9,16) (0ms)
[2026-07-01 11:24:36] [axEl] IN: pid=79582 role=AXStaticText → OUT: title= frame=(1362,16,24,16) (0ms)
[2026-07-01 11:24:36] [axEl] IN: pid=79582 role=AXStaticText → OUT: title= frame=(1399,16,24,16) (0ms)
[2026-07-01 11:24:36] [axEl] IN: pid=79582 role=AXStaticText → OUT: title= frame=(1453,16,426,16) (0ms)
[2026-07-01 11:24:36] [axEl] IN: pid=79582 role=AXStaticText → OUT: title= frame=(1362,36,24,15) (0ms)
[2026-07-01 11:24:36] [axEl] IN: pid=79582 role=AXStaticText → OUT: title= frame=(1399,36,24,15) (0ms)
[2026-07-01 11:24:36] [axEl] IN: pid=79582 role=AXStaticText → OUT: title= frame=(1453,36,140,15) (0ms)
[2026-07-01 11:24:36] [axEl] IN: pid=79582 role=AXStaticText → OUT: title= frame=(1362,55,24,16) (0ms)
[2026-07-01 11:24:36] [axEl] IN: pid=79582 role=AXStaticText → OUT: title= frame=(1399,55,24,16) (0ms)
[2026-07-01 11:24:36] [axEl] IN: pid=79582 role=AXStaticText → OUT: title= frame=(1453,55,411,16) (0ms)
[2026-07-01 11:24:36] [axEl] IN: pid=79582 role=AXStaticText → OUT: title= frame=(1370,7,16,15) (0ms)
[2026-07-01 11:24:36] [axEl] IN: pid=79582 role=AXStaticText → OUT: title= frame=(1407,7,16,15) (0ms)
[2026-07-01 11:24:36] [axEl] IN: pid=79582 role=AXStaticText → OUT: title= frame=(1453,7,196,15) (0ms)
[2026-07-01 11:24:36] [axEl] IN: pid=79582 role=AXStaticText → OUT: title= frame=(1370,26,16,16) (0ms)
[2026-07-01 11:24:36] [axEl] IN: pid=79582 role=AXStaticText → OUT: title= frame=(1407,26,16,16) (0ms)
[2026-07-01 11:24:36] [axEl] IN: pid=79582 role=AXStaticText → OUT: title= frame=(1453,26,196,16) (0ms)
[2026-07-01 11:24:36] [axEl] IN: pid=79582 role=AXStaticText → OUT: title= frame=(1370,45,16,16) (0ms)
[2026-07-01 11:24:36] [axEl] IN: pid=79582 role=AXStaticText → OUT: title= frame=(1407,45,16,16) (0ms)
[2026-07-01 11:24:36] [axEl] IN: pid=79582 role=AXButton → OUT: title= frame=(1316,39,495,19) (0ms)
[2026-07-01 11:24:36] [axEl] IN: pid=79582 role=AXButton → OUT: title= frame=(1342,67,469,10) (0ms)
[2026-07-01 11:24:36] [axEl] IN: pid=79582 role=AXButton → OUT: title= frame=(1342,97,469,10) (0ms)
[2026-07-01 11:24:36] [axEl] IN: pid=79582 role=AXStaticText → OUT: title= frame=(1316,-5,259,20) (0ms)
[2026-07-01 11:24:36] [axEl] IN: pid=79582 role=AXButton → OUT: title= frame=(1316,36,167,25) (0ms)
[2026-07-01 11:24:36] [axEl] IN: pid=79582 role=AXButton → OUT: title=复制 frame=(1312,66,28,25) (0ms)
[2026-07-01 11:24:36] [axEl] IN: pid=79582 role=AXButton → OUT: title= frame=(1342,66,28,25) (0ms)
[2026-07-01 11:24:36] [axEl] IN: pid=79582 role=AXPopUpButton → OUT: title= frame=(1372,66,28,25) (0ms)
[2026-07-01 11:24:36] [axEl] IN: pid=79582 role=AXPopUpButton → OUT: title= frame=(1402,66,28,25) (0ms)
[2026-07-01 11:24:36] [axEl] IN: pid=79582 role=AXStaticText → OUT: title= frame=(1434,115,363,20) (0ms)
[2026-07-01 11:24:36] [axEl] IN: pid=79582 role=AXStaticText → OUT: title= frame=(1720,146,27,18) (0ms)
[2026-07-01 11:24:36] [axEl] IN: pid=79582 role=AXButton → OUT: title=复制 frame=(1755,143,22,23) (0ms)
[2026-07-01 11:24:36] [axEl] IN: pid=79582 role=AXButton → OUT: title=编辑 frame=(1785,143,22,23) (0ms)
[2026-07-01 11:24:36] [axEl] IN: pid=79582 role=AXStaticText → OUT: title= frame=(1419,190,376,55) (0ms)
[2026-07-01 11:24:36] [axEl] IN: pid=79582 role=AXStaticText → OUT: title= frame=(1720,256,27,18) (0ms)
[2026-07-01 11:24:36] [axEl] IN: pid=79582 role=AXButton → OUT: title=复制 frame=(1755,253,22,23) (0ms)
[2026-07-01 11:24:36] [axEl] IN: pid=79582 role=AXButton → OUT: title=编辑 frame=(1785,253,22,23) (0ms)
[2026-07-01 11:24:36] [axEl] IN: pid=79582 role=AXButton → OUT: title=工具调用已处理 21s frame=(1316,295,69,19) (0ms)
[2026-07-01 11:24:36] [axEl] IN: pid=79582 role=AXButton → OUT: title=深度思考 frame=(1316,331,495,10) (0ms)
[2026-07-01 11:24:36] [axEl] IN: pid=79582 role=AXButton → OUT: title= frame=(1316,331,495,10) (0ms)
[2026-07-01 11:24:36] [axEl] IN: pid=79582 role=AXButton → OUT: title=已探索 1 次搜索 frame=(1316,407,495,19) (0ms)
[2026-07-01 11:24:36] [axEl] IN: pid=79582 role=AXButton → OUT: title= frame=(1342,435,469,10) (0ms)
[2026-07-01 11:24:36] [axEl] IN: pid=79582 role=AXButton → OUT: title=深度思考 frame=(1316,449,495,10) (0ms)
[2026-07-01 11:24:36] [axEl] IN: pid=79582 role=AXButton → OUT: title= frame=(1316,449,495,10) (0ms)
[2026-07-01 11:24:36] [axEl] IN: pid=79582 role=AXButton → OUT: title=Shell 1 次命令 frame=(1316,525,495,19) (0ms)
[2026-07-01 11:24:36] [axEl] IN: pid=79582 role=AXButton → OUT: title= frame=(1342,553,469,10) (0ms)
[2026-07-01 11:24:36] [axEl] IN: pid=79582 role=AXButton → OUT: title=深度思考 frame=(1316,567,495,10) (0ms)
[2026-07-01 11:24:36] [axEl] IN: pid=79582 role=AXButton → OUT: title= frame=(1316,567,495,10) (0ms)
[2026-07-01 11:24:36] [axEl] IN: pid=79582 role=AXButton → OUT: title=Shell 1 次命令 frame=(1316,643,495,19) (0ms)
[2026-07-01 11:24:36] [axEl] IN: pid=79582 role=AXButton → OUT: title= frame=(1342,671,469,10) (0ms)
[2026-07-01 11:24:36] [axEl] IN: pid=79582 role=AXButton → OUT: title=深度思考 frame=(1316,685,495,10) (0ms)
[2026-07-01 11:24:36] [axEl] IN: pid=79582 role=AXButton → OUT: title= frame=(1316,685,495,10) (0ms)
[2026-07-01 11:24:36] [axEl] IN: pid=79582 role=AXButton → OUT: title=Shell 1 次命令 frame=(1316,761,495,19) (0ms)
[2026-07-01 11:24:36] [axEl] IN: pid=79582 role=AXButton → OUT: title= frame=(1342,789,469,10) (0ms)
[2026-07-01 11:24:36] [axEl] IN: pid=79582 role=AXButton → OUT: title=深度思考 frame=(1316,803,495,10) (0ms)
[2026-07-01 11:24:36] [axEl] IN: pid=79582 role=AXButton → OUT: title= frame=(1316,803,495,10) (0ms)
[2026-07-01 11:24:36] [axEl] IN: pid=79582 role=AXButton → OUT: title=Shell 1 次命令 frame=(1316,879,495,19) (0ms)
[2026-07-01 11:24:36] [axEl] IN: pid=79582 role=AXButton → OUT: title= frame=(1342,907,469,10) (0ms)
[2026-07-01 11:24:36] [axEl] IN: pid=79582 role=AXButton → OUT: title=深度思考 frame=(1316,921,495,10) (0ms)
[2026-07-01 11:24:36] [axEl] IN: pid=79582 role=AXButton → OUT: title= frame=(1316,921,495,10) (0ms)
[2026-07-01 11:24:36] [axEl] IN: pid=79582 role=AXButton → OUT: title=已探索 1 次读取 frame=(1316,997,495,19) (0ms)
[2026-07-01 11:24:36] [axEl] IN: pid=79582 role=AXButton → OUT: title= frame=(1342,1026,469,10) (0ms)
[2026-07-01 11:24:36] [axEl] IN: pid=79582 role=AXButton → OUT: title=深度思考 frame=(1316,1040,495,10) (0ms)
[2026-07-01 11:24:36] [axEl] IN: pid=79582 role=AXButton → OUT: title= frame=(1316,1040,495,10) (0ms)
[2026-07-01 11:24:36] [axEl] IN: pid=79582 role=AXStaticText → OUT: title= frame=(1316,333,494,69) (0ms)
[2026-07-01 11:24:36] [axEl] IN: pid=79582 role=AXButton → OUT: title=5 条 Memory v5 编译引用 frame=(1316,424,167,25) (0ms)
[2026-07-01 11:24:36] [axEl] IN: pid=79582 role=AXButton → OUT: title=复制 frame=(1312,454,28,25) (0ms)
[2026-07-01 11:24:36] [axEl] IN: pid=79582 role=AXButton → OUT: title= frame=(1342,454,28,25) (0ms)
[2026-07-01 11:24:36] [axEl] IN: pid=79582 role=AXPopUpButton → OUT: title= frame=(1372,454,28,25) (0ms)
[2026-07-01 11:24:36] [axEl] IN: pid=79582 role=AXPopUpButton → OUT: title= frame=(1402,454,28,25) (0ms)
[2026-07-01 11:24:36] [axEl] IN: pid=79582 role=AXStaticText → OUT: title= frame=(1419,502,364,37) (0ms)
[2026-07-01 11:24:36] [axEl] IN: pid=79582 role=AXStaticText → OUT: title= frame=(1718,551,29,17) (0ms)
[2026-07-01 11:24:36] [axEl] IN: pid=79582 role=AXButton → OUT: title=复制 frame=(1755,548,22,23) (0ms)
[2026-07-01 11:24:36] [axEl] IN: pid=79582 role=AXButton → OUT: title=编辑 frame=(1785,548,22,23) (0ms)
[2026-07-01 11:24:36] [axEl] IN: pid=79582 role=AXButton → OUT: title=工具调用已处理 4s frame=(1316,590,69,19) (0ms)
[2026-07-01 11:24:36] [axEl] IN: pid=79582 role=AXButton → OUT: title=深度思考 frame=(1316,627,69,19) (0ms)
[2026-07-01 11:24:36] [axEl] IN: pid=79582 role=AXStaticText → OUT: title= frame=(1316,657,349,20) (0ms)
[2026-07-01 11:24:36] [axEl] IN: pid=79582 role=AXButton → OUT: title= frame=(1316,699,167,25) (0ms)
[2026-07-01 11:24:36] [axEl] IN: pid=79582 role=AXButton → OUT: title=已修改 1 次编辑 frame=(1316,701,495,19) (0ms)
[2026-07-01 11:24:36] [axEl] IN: pid=79582 role=AXButton → OUT: title= frame=(1342,729,92,29) (0ms)
[2026-07-01 11:24:36] [axEl] IN: pid=79582 role=AXStaticText → OUT: title= frame=(1370,765,16,15) (0ms)
[2026-07-01 11:24:36] [axEl] IN: pid=79582 role=AXStaticText → OUT: title= frame=(1407,765,16,15) (0ms)
[2026-07-01 11:24:36] [axEl] IN: pid=79582 role=AXStaticText → OUT: title= frame=(1453,765,318,15) (0ms)
[2026-07-01 11:24:36] [axEl] IN: pid=79582 role=AXStaticText → OUT: title= frame=(1370,784,16,16) (0ms)
[2026-07-01 11:24:36] [axEl] IN: pid=79582 role=AXStaticText → OUT: title= frame=(1407,784,16,16) (0ms)
[2026-07-01 11:24:36] [axEl] IN: pid=79582 role=AXStaticText → OUT: title= frame=(1453,784,217,16) (0ms)
[2026-07-01 11:24:36] [axEl] IN: pid=79582 role=AXStaticText → OUT: title= frame=(1370,803,16,16) (0ms)
[2026-07-01 11:24:36] [axEl] IN: pid=79582 role=AXStaticText → OUT: title= frame=(1407,803,16,16) (0ms)
[2026-07-01 11:24:36] [axEl] IN: pid=79582 role=AXStaticText → OUT: title= frame=(1453,803,364,16) (0ms)
[2026-07-01 11:24:36] [axEl] IN: pid=79582 role=AXStaticText → OUT: title= frame=(1407,823,16,15) (0ms)
[2026-07-01 11:24:36] [axEl] IN: pid=79582 role=AXStaticText → OUT: title= frame=(1428,823,9,15) (0ms)
[2026-07-01 11:24:36] [axEl] IN: pid=79582 role=AXStaticText → OUT: title= frame=(1453,823,225,15) (0ms)
[2026-07-01 11:24:36] [axEl] IN: pid=79582 role=AXStaticText → OUT: title= frame=(1370,842,16,16) (0ms)
[2026-07-01 11:24:36] [axEl] IN: pid=79582 role=AXStaticText → OUT: title= frame=(1407,842,16,16) (0ms)
[2026-07-01 11:24:36] [axEl] IN: pid=79582 role=AXStaticText → OUT: title= frame=(1453,842,395,16) (0ms)
[2026-07-01 11:24:36] [axEl] IN: pid=79582 role=AXStaticText → OUT: title= frame=(1370,862,16,15) (0ms)
[2026-07-01 11:24:36] [axEl] IN: pid=79582 role=AXStaticText → OUT: title= frame=(1428,862,9,15) (0ms)
[2026-07-01 11:24:36] [axEl] IN: pid=79582 role=AXStaticText → OUT: title= frame=(1453,862,519,15) (0ms)
[2026-07-01 11:24:36] [axEl] IN: pid=79582 role=AXStaticText → OUT: title= frame=(1370,881,16,16) (0ms)
[2026-07-01 11:24:36] [axEl] IN: pid=79582 role=AXStaticText → OUT: title= frame=(1428,881,9,16) (0ms)
[2026-07-01 11:24:36] [axEl] IN: pid=79582 role=AXStaticText → OUT: title= frame=(1453,881,326,16) (0ms)
[2026-07-01 11:24:36] [axEl] IN: pid=79582 role=AXStaticText → OUT: title= frame=(1370,900,16,16) (0ms)
[2026-07-01 11:24:36] [axEl] IN: pid=79582 role=AXStaticText → OUT: title= frame=(1428,900,9,16) (0ms)
[2026-07-01 11:24:36] [axEl] IN: pid=79582 role=AXStaticText → OUT: title= frame=(1453,900,380,16) (0ms)
[2026-07-01 11:24:36] [axEl] IN: pid=79582 role=AXStaticText → OUT: title= frame=(1370,920,16,15) (0ms)
[2026-07-01 11:24:36] [axEl] IN: pid=79582 role=AXStaticText → OUT: title= frame=(1428,920,9,15) (0ms)
[2026-07-01 11:24:36] [axEl] IN: pid=79582 role=AXStaticText → OUT: title= frame=(1453,920,132,15) (0ms)
[2026-07-01 11:24:36] [axEl] IN: pid=79582 role=AXStaticText → OUT: title= frame=(1407,939,16,16) (0ms)
[2026-07-01 11:24:36] [axEl] IN: pid=79582 role=AXStaticText → OUT: title= frame=(1428,939,9,16) (0ms)
[2026-07-01 11:24:36] [axEl] IN: pid=79582 role=AXStaticText → OUT: title= frame=(1453,939,380,16) (0ms)
[2026-07-01 11:24:36] [axEl] IN: pid=79582 role=AXStaticText → OUT: title= frame=(1407,958,16,16) (0ms)
[2026-07-01 11:24:36] [axEl] IN: pid=79582 role=AXStaticText → OUT: title= frame=(1428,958,9,16) (0ms)
[2026-07-01 11:24:36] [axEl] IN: pid=79582 role=AXStaticText → OUT: title= frame=(1453,958,372,16) (0ms)
[2026-07-01 11:24:36] [axEl] IN: pid=79582 role=AXStaticText → OUT: title= frame=(1370,978,16,15) (0ms)
[2026-07-01 11:24:36] [axEl] IN: pid=79582 role=AXStaticText → OUT: title= frame=(1407,978,16,15) (0ms)
[2026-07-01 11:24:36] [axEl] IN: pid=79582 role=AXStaticText → OUT: title= frame=(1453,978,102,15) (0ms)
[2026-07-01 11:24:36] [axEl] IN: pid=79582 role=AXStaticText → OUT: title= frame=(1370,997,16,16) (0ms)
[2026-07-01 11:24:36] [axEl] IN: pid=79582 role=AXStaticText → OUT: title= frame=(1407,997,16,16) (0ms)
[2026-07-01 11:24:36] [axEl] IN: pid=79582 role=AXStaticText → OUT: title= frame=(1453,997,71,16) (0ms)
[2026-07-01 11:24:36] [axEl] IN: pid=79582 role=AXStaticText → OUT: title= frame=(1370,1017,16,15) (0ms)
[2026-07-01 11:24:36] [axEl] IN: pid=79582 role=AXStaticText → OUT: title= frame=(1407,1017,16,15) (0ms)
[2026-07-01 11:24:36] [axEl] IN: pid=79582 role=AXStaticText → OUT: title= frame=(1453,1017,457,15) (0ms)
[2026-07-01 11:24:36] [axEl] IN: pid=79582 role=AXButton → OUT: title=深度思考 frame=(1316,743,495,10) (0ms)
[2026-07-01 11:24:36] [axEl] IN: pid=79582 role=AXButton → OUT: title= frame=(1316,743,495,10) (0ms)
[2026-07-01 11:24:36] [axEl] IN: pid=79582 role=AXButton → OUT: title=Shell 1 次命令 frame=(1316,819,495,19) (0ms)
[2026-07-01 11:24:36] [axEl] IN: pid=79582 role=AXButton → OUT: title= frame=(1342,848,469,10) (0ms)
[2026-07-01 11:24:36] [axEl] IN: pid=79582 role=AXStaticText → OUT: title= frame=(1316,628,469,69) (0ms)
[2026-07-01 11:24:36] [axEl] IN: pid=79582 role=AXButton → OUT: title=5 条 Memory v5 编译引用 frame=(1316,718,167,25) (0ms)
[2026-07-01 11:24:36] [axEl] IN: pid=79582 role=AXButton → OUT: title=跳转到问题 16 frame=(1805,7,32,15) (0ms)
[2026-07-01 11:24:36] [axEl] IN: pid=79582 role=AXButton → OUT: title=跳转到问题 17 frame=(1805,27,32,15) (0ms)
[2026-07-01 11:24:36] [axEl] IN: pid=79582 role=AXButton → OUT: title=跳转到问题 18 frame=(1805,47,32,15) (0ms)
[2026-07-01 11:24:36] [axEl] IN: pid=79582 role=AXButton → OUT: title=跳转到问题 19 frame=(1805,67,32,15) (0ms)
[2026-07-01 11:24:36] [axEl] IN: pid=79582 role=AXButton → OUT: title=跳转到问题 20 frame=(1805,87,32,15) (0ms)
[2026-07-01 11:24:36] [axEl] IN: pid=79582 role=AXButton → OUT: title=跳转到问题 21 frame=(1805,107,32,15) (0ms)
[2026-07-01 11:24:36] [axEl] IN: pid=79582 role=AXButton → OUT: title=跳转到问题 22 frame=(1805,127,32,15) (0ms)
[2026-07-01 11:24:36] [axEl] IN: pid=79582 role=AXButton → OUT: title=跳转到问题 23 frame=(1805,147,32,15) (0ms)
[2026-07-01 11:24:36] [axEl] IN: pid=79582 role=AXButton → OUT: title=跳转到问题 24 frame=(1805,167,32,15) (0ms)
[2026-07-01 11:24:36] [axEl] IN: pid=79582 role=AXButton → OUT: title=跳转到问题 25 frame=(1805,187,32,15) (0ms)
[2026-07-01 11:24:36] [axEl] IN: pid=79582 role=AXButton → OUT: title=跳转到问题 26 frame=(1805,207,32,15) (0ms)
[2026-07-01 11:24:36] [axEl] IN: pid=79582 role=AXButton → OUT: title=跳转到问题 27 frame=(1805,227,32,15) (0ms)
[2026-07-01 11:24:36] [axEl] IN: pid=79582 role=AXButton → OUT: title=跳转到问题 28 frame=(1805,247,32,15) (0ms)
[2026-07-01 11:24:36] [axEl] IN: pid=79582 role=AXButton → OUT: title=跳转到问题 29 frame=(1805,267,32,15) (0ms)
[2026-07-01 11:24:36] [axEl] IN: pid=79582 role=AXButton → OUT: title=跳转到问题 30 frame=(1805,287,32,15) (0ms)
[2026-07-01 11:24:36] [axEl] IN: pid=79582 role=AXButton → OUT: title=跳转到问题 31 frame=(1805,307,32,15) (0ms)
[2026-07-01 11:24:36] [axEl] IN: pid=79582 role=AXButton → OUT: title=跳转到问题 32 frame=(1805,327,32,15) (0ms)
[2026-07-01 11:24:36] [axEl] IN: pid=79582 role=AXButton → OUT: title=跳转到问题 33 frame=(1805,347,32,15) (0ms)
[2026-07-01 11:24:36] [axEl] IN: pid=79582 role=AXButton → OUT: title=跳转到问题 34 frame=(1805,367,32,15) (0ms)
[2026-07-01 11:24:36] [axEl] IN: pid=79582 role=AXButton → OUT: title=跳转到问题 35 frame=(1805,387,32,15) (0ms)
[2026-07-01 11:24:36] [axEl] IN: pid=79582 role=AXButton → OUT: title=跳转到问题 36 frame=(1805,407,32,15) (0ms)
[2026-07-01 11:24:36] [axEl] IN: pid=79582 role=AXButton → OUT: title=跳转到问题 37 frame=(1805,427,32,15) (0ms)
[2026-07-01 11:24:36] [axEl] IN: pid=79582 role=AXButton → OUT: title=跳转到问题 38 frame=(1805,447,32,15) (0ms)
[2026-07-01 11:24:36] [axEl] IN: pid=79582 role=AXButton → OUT: title=跳转到问题 39 frame=(1805,467,32,15) (0ms)
[2026-07-01 11:24:36] [axEl] IN: pid=79582 role=AXButton → OUT: title=跳转到问题 40 frame=(1805,487,32,15) (0ms)
[2026-07-01 11:24:36] [axEl] IN: pid=79582 role=AXButton → OUT: title=跳转到问题 41 frame=(1805,507,32,15) (0ms)
[2026-07-01 11:24:36] [axEl] IN: pid=79582 role=AXButton → OUT: title=跳转到问题 42 frame=(1805,527,32,15) (0ms)
[2026-07-01 11:24:36] [axEl] IN: pid=79582 role=AXButton → OUT: title=跳转到问题 43 frame=(1805,547,32,15) (0ms)
[2026-07-01 11:24:36] [axEl] IN: pid=79582 role=AXButton → OUT: title=跳转到问题 44 frame=(1805,567,32,15) (0ms)
[2026-07-01 11:24:36] [axEl] IN: pid=79582 role=AXStaticText → OUT: title= frame=(1330,796,27,19) (0ms)
[2026-07-01 11:24:36] [axEl] IN: pid=79582 role=AXStaticText → OUT: title= frame=(1371,800,8,17) (0ms)
[2026-07-01 11:24:36] [axEl] IN: pid=79582 role=AXStaticText → OUT: title= frame=(1378,800,7,17) (0ms)
[2026-07-01 11:24:36] [axEl] IN: pid=79582 role=AXStaticText → OUT: title= frame=(1384,800,8,17) (0ms)
[2026-07-01 11:24:36] [axEl] IN: pid=79582 role=AXStaticText → OUT: title= frame=(1330,822,87,18) (0ms)
[2026-07-01 11:24:36] [axEl] IN: pid=79582 role=AXButton → OUT: title=展开 frame=(1709,797,41,25) (0ms)
[2026-07-01 11:24:36] [axEl] IN: pid=79582 role=AXButton → OUT: title=关闭 frame=(1755,797,42,25) (0ms)
[2026-07-01 11:24:36] [axEl] IN: pid=79582 role=AXTextArea → OUT: title=给 Reasonix 发消息… ( / 命令 · @ 文件 · ! 终端 ) frame=(1337,874,409,38) (0ms)
[2026-07-01 11:24:36] [axEl] IN: pid=79582 role=AXStaticText → OUT: title= frame=(1339,877,344,21) (0ms)
[2026-07-01 11:24:36] [axEl] IN: pid=79582 role=AXButton → OUT: title= frame=(1753,874,35,34) (0ms)
[2026-07-01 11:24:36] [axEl] IN: pid=79582 role=AXPopUpButton → OUT: title=协作方式 frame=(1332,929,29,28) (0ms)
[2026-07-01 11:24:36] [axEl] IN: pid=79582 role=AXCheckBox → OUT: title= frame=(1374,932,25,24) (0ms)
[2026-07-01 11:24:36] [axEl] IN: pid=79582 role=AXCheckBox → OUT: title= frame=(1402,932,25,24) (0ms)
[2026-07-01 11:24:36] [axEl] IN: pid=79582 role=AXCheckBox → OUT: title= frame=(1430,932,25,24) (0ms)
[2026-07-01 11:24:36] [axEl] IN: pid=79582 role=AXButton → OUT: title=deepseek-v4-pro · DeepSeek 官方 frame=(1571,929,141,28) (0ms)
[2026-07-01 11:24:36] [axEl] IN: pid=79582 role=AXPopUpButton → OUT: title=更多控制 frame=(1724,927,66,32) (0ms)
[2026-07-01 11:24:36] [axEl] IN: pid=79582 role=AXButton → OUT: title= frame=(1027,93,12,14) (0ms)
[2026-07-01 11:24:36] [axEl] IN: pid=79582 role=AXButton → OUT: title= frame=(1067,93,12,14) (0ms)
[2026-07-01 11:24:36] [axEl] IN: pid=79582 role=AXButton → OUT: title= frame=(1047,93,12,14) (0ms)
[2026-07-01 11:24:36] [axEl] IN: pid=79582 role=AXMenuBarItem → OUT: title=Apple frame=(10,0,34,30) (0ms)
[2026-07-01 11:24:36] [axEl] IN: pid=79582 role=AXMenuBarItem → OUT: title=Reasonix frame=(43,0,79,30) (0ms)
[2026-07-01 11:24:36] [axEl] IN: pid=79582 role=AXMenuBarItem → OUT: title=File frame=(121,0,43,30) (0ms)
[2026-07-01 11:24:36] [axEl] IN: pid=79582 role=AXMenuBarItem → OUT: title=Edit frame=(163,0,44,30) (0ms)
[2026-07-01 11:24:36] [axEl] IN: pid=79582 role=AXMenuBarItem → OUT: title=Window frame=(206,0,69,30) (0ms)
[2026-07-01 11:24:36] [axEl] IN: pid=2480 role=AXMenuBarItem → OUT: title=Apple frame=(10,0,34,30) (0ms)
[2026-07-01 11:24:36] [axEl] IN: pid=2480 role=AXMenuBarItem → OUT: title=访达 frame=(43,0,47,30) (0ms)
[2026-07-01 11:24:36] [axEl] IN: pid=2480 role=AXMenuBarItem → OUT: title=文件 frame=(89,0,47,30) (0ms)
[2026-07-01 11:24:36] [axEl] IN: pid=2480 role=AXMenuBarItem → OUT: title=编辑 frame=(135,0,46,30) (0ms)
[2026-07-01 11:24:36] [axEl] IN: pid=2480 role=AXMenuBarItem → OUT: title=显示 frame=(180,0,47,30) (0ms)
[2026-07-01 11:24:36] [axEl] IN: pid=2480 role=AXMenuBarItem → OUT: title=前往 frame=(226,0,47,30) (0ms)
[2026-07-01 11:24:36] [axEl] IN: pid=2480 role=AXMenuBarItem → OUT: title=窗口 frame=(272,0,47,30) (0ms)
[2026-07-01 11:24:36] [axEl] IN: pid=2480 role=AXMenuBarItem → OUT: title=帮助 frame=(318,0,47,30) (0ms)
[2026-07-01 11:24:36] [axEl] IN: pid=2480 role=AXImage → OUT: title=vibe项目 frame=(77,469,64,64) (0ms)
[2026-07-01 11:24:36] [axEl] IN: pid=2478 role=AXDockItem → OUT: title=访达 frame=(295,1017,46,58) (0ms)
[2026-07-01 11:24:36] [axEl] IN: pid=2478 role=AXDockItem → OUT: title=App frame=(341,1017,46,58) (0ms)
[2026-07-01 11:24:36] [axEl] IN: pid=2478 role=AXDockItem → OUT: title=地图 frame=(387,1017,46,58) (0ms)
[2026-07-01 11:24:36] [axEl] IN: pid=2478 role=AXDockItem → OUT: title=App Store frame=(433,1017,46,58) (0ms)
[2026-07-01 11:24:36] [axEl] IN: pid=2478 role=AXDockItem → OUT: title=iPhone镜像 frame=(479,1017,46,58) (0ms)
[2026-07-01 11:24:36] [axEl] IN: pid=2478 role=AXDockItem → OUT: title=tntcloud_Lite frame=(525,1017,46,58) (0ms)
[2026-07-01 11:24:36] [axEl] IN: pid=2478 role=AXDockItem → OUT: title=豆包 frame=(571,1017,46,58) (0ms)
[2026-07-01 11:24:36] [axEl] IN: pid=2478 role=AXDockItem → OUT: title=微信 frame=(617,1017,46,58) (0ms)
[2026-07-01 11:24:36] [axEl] IN: pid=2478 role=AXDockItem → OUT: title=ima.copilot frame=(663,1017,46,58) (0ms)
[2026-07-01 11:24:36] [axEl] IN: pid=2478 role=AXDockItem → OUT: title=Google Chrome frame=(709,1017,46,58) (0ms)
[2026-07-01 11:24:36] [axEl] IN: pid=2478 role=AXDockItem → OUT: title=Claude frame=(755,1017,46,58) (0ms)
[2026-07-01 11:24:36] [axEl] IN: pid=2478 role=AXDockItem → OUT: title=飞书 frame=(801,1017,46,58) (0ms)
[2026-07-01 11:24:36] [axEl] IN: pid=2478 role=AXDockItem → OUT: title=终端 frame=(847,1017,46,58) (0ms)
[2026-07-01 11:24:36] [axEl] IN: pid=2478 role=AXDockItem → OUT: title=Visual Studio Code frame=(893,1017,46,58) (0ms)
[2026-07-01 11:24:36] [axEl] IN: pid=2478 role=AXDockItem → OUT: title=Codex frame=(939,1017,46,58) (0ms)
[2026-07-01 11:24:36] [axEl] IN: pid=2478 role=AXDockItem → OUT: title=Reasonix frame=(985,1017,46,58) (0ms)
[2026-07-01 11:24:36] [axEl] IN: pid=2478 role=AXDockItem → OUT: title= frame=(1031,1017,20,58) (0ms)
[2026-07-01 11:24:36] [axEl] IN: pid=2478 role=AXDockItem → OUT: title=屏幕共享 frame=(1052,1017,46,58) (0ms)
[2026-07-01 11:24:36] [axEl] IN: pid=2478 role=AXDockItem → OUT: title=飞鸟加速 frame=(1098,1017,46,58) (0ms)
[2026-07-01 11:24:36] [axEl] IN: pid=2478 role=AXDockItem → OUT: title=预览 frame=(1144,1017,46,58) (0ms)
[2026-07-01 11:24:36] [axEl] IN: pid=2478 role=AXDockItem → OUT: title=网易云音乐 frame=(1190,1017,46,58) (0ms)
[2026-07-01 11:24:36] [axEl] IN: pid=2478 role=AXDockItem → OUT: title=抖音 frame=(1236,1017,46,58) (0ms)
[2026-07-01 11:24:36] [axEl] IN: pid=2478 role=AXDockItem → OUT: title= frame=(1282,1017,20,58) (0ms)
[2026-07-01 11:24:36] [axEl] IN: pid=2478 role=AXDockItem → OUT: title=下载 frame=(1302,1017,46,58) (0ms)
[2026-07-01 11:24:36] [axEl] IN: pid=2478 role=AXDockItem → OUT: title=所有连接 frame=(1348,1017,46,58) (0ms)
[2026-07-01 11:24:36] [axEl] IN: pid=2478 role=AXDockItem → OUT: title=网易云音乐 frame=(1394,1017,46,58) (0ms)
[2026-07-01 11:24:36] [axEl] IN: pid=2478 role=AXDockItem → OUT: title=飞鸟加速 frame=(1440,1017,46,58) (0ms)
[2026-07-01 11:24:36] [axEl] IN: pid=2478 role=AXDockItem → OUT: title=MotionControl Toggle Buttons frame=(1486,1017,46,58) (0ms)
[2026-07-01 11:24:36] [axEl] IN: pid=2478 role=AXDockItem → OUT: title=douyin frame=(1532,1017,46,58) (0ms)
[2026-07-01 11:24:36] [axEl] IN: pid=2478 role=AXDockItem → OUT: title=废纸篓 frame=(1578,1017,46,58) (0ms)
[2026-07-01 11:24:36] [axEl] IN: pid=2479 role=AXMenuBarItem → OUT: title=Siri frame=(1752,3,16,24) (0ms)
[2026-07-01 11:24:36] [hand_detect] IN: hand_detect 1920x1080 → OUT: detected=false landmarks=nil confidence=0
[2026-07-01 11:24:36] [face_detect] IN: face_detect → OUT: detected=true landmarks=76 roll=0.079767 pitch=-0.29299036 yaw=-0.109679624 (4664ms)
[2026-07-01 11:24:36] [mouth_detect] IN: mouth_detect ratio=0.47692004 → OUT: status=CLOSED confirmed=CLOSED
[2026-07-01 11:24:36] [gaze_estimate] IN: yaw=-0.109679624 pitch=-0.29299036 → OUT: yawOffset=-0.07214207 pitchOffset=-0.08933287 hasFace=true
[2026-07-01 11:24:36] [hand_detect] IN: hand_detect 1920x1080 → OUT: detected=false landmarks=nil confidence=0
[2026-07-01 11:24:36] [face_detect] IN: face_detect → OUT: detected=true landmarks=76 roll=0.079767 pitch=-0.29299036 yaw=-0.109679624 (5088ms)
[2026-07-01 11:24:36] [mouth_detect] IN: mouth_detect ratio=0.46247166 → OUT: status=CLOSED confirmed=CLOSED
[2026-07-01 11:24:36] [gaze_estimate] IN: yaw=-0.109679624 pitch=-0.29299036 → OUT: yawOffset=-0.073509164 pitchOffset=-0.087383516 hasFace=true
[2026-07-01 11:24:36] [hand_detect] IN: hand_detect 1920x1080 → OUT: detected=false landmarks=nil confidence=0
[2026-07-01 11:24:36] [face_detect] IN: face_detect → OUT: detected=true landmarks=76 roll=0.079767 pitch=-0.29299036 yaw=-0.109679624 (5614ms)
[2026-07-01 11:24:36] [mouth_detect] IN: mouth_detect ratio=0.46416783 → OUT: status=CLOSED confirmed=CLOSED
[2026-07-01 11:24:36] [gaze_estimate] IN: yaw=-0.109679624 pitch=-0.29299036 → OUT: yawOffset=-0.07446613 pitchOffset=-0.086018965 hasFace=true
[2026-07-01 11:24:36] [hand_detect] IN: hand_detect 1920x1080 → OUT: detected=false landmarks=nil confidence=0
[2026-07-01 11:24:36] [face_detect] IN: face_detect → OUT: detected=true landmarks=76 roll=0.079767 pitch=-0.29299036 yaw=-0.109679624 (5856ms)
[2026-07-01 11:24:36] [mouth_detect] IN: mouth_detect ratio=0.46370944 → OUT: status=CLOSED confirmed=CLOSED
[2026-07-01 11:24:36] [gaze_estimate] IN: yaw=-0.109679624 pitch=-0.29299036 → OUT: yawOffset=-0.075136006 pitchOffset=-0.08506378 hasFace=true
[2026-07-01 11:24:37] [hand_detect] IN: hand_detect 1920x1080 → OUT: detected=false landmarks=nil confidence=0
[2026-07-01 11:24:37] [face_detect] IN: face_detect → OUT: detected=true landmarks=76 roll=0.079767 pitch=-0.29299036 yaw=-0.109679624 (7246ms)
[2026-07-01 11:24:37] [mouth_detect] IN: mouth_detect ratio=0.45571432 → OUT: status=CLOSED confirmed=CLOSED
[2026-07-01 11:24:37] [gaze_estimate] IN: yaw=-0.109679624 pitch=-0.29299036 → OUT: yawOffset=-0.075604916 pitchOffset=-0.08439515 hasFace=true
[2026-07-01 11:24:37] [hand_detect] IN: hand_detect 1920x1080 → OUT: detected=false landmarks=nil confidence=0
[2026-07-01 11:24:37] [face_detect] IN: face_detect → OUT: detected=true landmarks=76 roll=0.079767 pitch=-0.29299036 yaw=-0.109679624 (9489ms)
[2026-07-01 11:24:37] [mouth_detect] IN: mouth_detect ratio=0.4574368 → OUT: status=CLOSED confirmed=CLOSED
[2026-07-01 11:24:37] [gaze_estimate] IN: yaw=-0.109679624 pitch=-0.29299036 → OUT: yawOffset=-0.07593316 pitchOffset=-0.08392711 hasFace=true
[2026-07-01 11:24:37] [hand_detect] IN: hand_detect 1920x1080 → OUT: detected=false landmarks=nil confidence=0
[2026-07-01 11:24:37] [face_detect] IN: face_detect → OUT: detected=true landmarks=76 roll=0.079767 pitch=-0.29299036 yaw=-0.109679624 (7874ms)
[2026-07-01 11:24:37] [mouth_detect] IN: mouth_detect ratio=0.44739667 → OUT: status=CLOSED confirmed=CLOSED
[2026-07-01 11:24:37] [gaze_estimate] IN: yaw=-0.109679624 pitch=-0.29299036 → OUT: yawOffset=-0.07616293 pitchOffset=-0.083599485 hasFace=true
[2026-07-01 11:24:37] [axMatch] IN: cursor=(17,961) → OUT: lost (0ms)
[2026-07-01 11:24:37] [hand_detect] IN: hand_detect 1920x1080 → OUT: detected=false landmarks=nil confidence=0
[2026-07-01 11:24:37] [face_detect] IN: face_detect → OUT: detected=true landmarks=76 roll=0.079767 pitch=-0.29299036 yaw=-0.109679624 (5452ms)
[2026-07-01 11:24:37] [mouth_detect] IN: mouth_detect ratio=0.4626323 → OUT: status=CLOSED confirmed=CLOSED
[2026-07-01 11:24:37] [gaze_estimate] IN: yaw=-0.109679624 pitch=-0.29299036 → OUT: yawOffset=-0.07632376 pitchOffset=-0.08337014 hasFace=true
[2026-07-01 11:24:37] [hand_detect] IN: hand_detect 1920x1080 → OUT: detected=false landmarks=nil confidence=0
[2026-07-01 11:24:37] [face_detect] IN: face_detect → OUT: detected=true landmarks=76 roll=0.079767 pitch=-0.29299036 yaw=-0.109679624 (4468ms)
[2026-07-01 11:24:37] [mouth_detect] IN: mouth_detect ratio=0.46261543 → OUT: status=CLOSED confirmed=CLOSED
[2026-07-01 11:24:37] [gaze_estimate] IN: yaw=-0.109679624 pitch=-0.29299036 → OUT: yawOffset=-0.07643635 pitchOffset=-0.083209604 hasFace=true
[2026-07-01 11:24:37] [hand_detect] IN: hand_detect 1920x1080 → OUT: detected=false landmarks=nil confidence=0
[2026-07-01 11:24:37] [face_detect] IN: face_detect → OUT: detected=true landmarks=76 roll=0.079767 pitch=-0.29299036 yaw=-0.109679624 (5208ms)
[2026-07-01 11:24:37] [mouth_detect] IN: mouth_detect ratio=0.4538529 → OUT: status=CLOSED confirmed=CLOSED
[2026-07-01 11:24:37] [gaze_estimate] IN: yaw=-0.109679624 pitch=-0.29299036 → OUT: yawOffset=-0.07651516 pitchOffset=-0.08309723 hasFace=true
[2026-07-01 11:24:37] [hand_detect] IN: hand_detect 1920x1080 → OUT: detected=false landmarks=nil confidence=0
[2026-07-01 11:24:37] [face_detect] IN: face_detect → OUT: detected=true landmarks=76 roll=0.03681554 pitch=-0.3696894 yaw=0.10891264 (8628ms)
[2026-07-01 11:24:37] [mouth_detect] IN: mouth_detect ratio=0.44884536 → OUT: status=CLOSED confirmed=CLOSED
[2026-07-01 11:24:37] [gaze_estimate] IN: yaw=0.10891264 pitch=-0.3696894 → OUT: yawOffset=-0.0109926425 pitchOffset=-0.10602828 hasFace=true
[2026-07-01 11:24:37] [hand_detect] IN: hand_detect 1920x1080 → OUT: detected=false landmarks=nil confidence=0
[2026-07-01 11:24:37] [face_detect] IN: face_detect → OUT: detected=true landmarks=76 roll=0.03681554 pitch=-0.3696894 yaw=0.10891264 (4288ms)
[2026-07-01 11:24:37] [mouth_detect] IN: mouth_detect ratio=0.47190538 → OUT: status=CLOSED confirmed=CLOSED
[2026-07-01 11:24:37] [gaze_estimate] IN: yaw=0.10891264 pitch=-0.3696894 → OUT: yawOffset=0.03487312 pitchOffset=-0.12208002 hasFace=true
[2026-07-01 11:24:37] [hand_detect] IN: hand_detect 1920x1080 → OUT: detected=false landmarks=nil confidence=0
[2026-07-01 11:24:37] [face_detect] IN: face_detect → OUT: detected=true landmarks=76 roll=0.03681554 pitch=-0.3696894 yaw=0.10891264 (4374ms)
[2026-07-01 11:24:37] [mouth_detect] IN: mouth_detect ratio=0.46737185 → OUT: status=CLOSED confirmed=CLOSED
[2026-07-01 11:24:37] [gaze_estimate] IN: yaw=0.10891264 pitch=-0.3696894 → OUT: yawOffset=0.066979155 pitchOffset=-0.13331623 hasFace=true
[2026-07-01 11:24:37] [hand_detect] IN: hand_detect 1920x1080 → OUT: detected=false landmarks=nil confidence=0
[2026-07-01 11:24:37] [face_detect] IN: face_detect → OUT: detected=true landmarks=76 roll=0.03681554 pitch=-0.3696894 yaw=0.10891264 (5388ms)
[2026-07-01 11:24:37] [mouth_detect] IN: mouth_detect ratio=0.466212 → OUT: status=CLOSED confirmed=CLOSED
[2026-07-01 11:24:37] [gaze_estimate] IN: yaw=0.10891264 pitch=-0.3696894 → OUT: yawOffset=0.08945338 pitchOffset=-0.14118159 hasFace=true
[2026-07-01 11:24:37] [hand_detect] IN: hand_detect 1920x1080 → OUT: detected=false landmarks=nil confidence=0
[2026-07-01 11:24:37] [face_detect] IN: face_detect → OUT: detected=true landmarks=76 roll=0.03681554 pitch=-0.3696894 yaw=0.10891264 (4869ms)
[2026-07-01 11:24:37] [mouth_detect] IN: mouth_detect ratio=0.45856765 → OUT: status=CLOSED confirmed=CLOSED
[2026-07-01 11:24:37] [gaze_estimate] IN: yaw=0.10891264 pitch=-0.3696894 → OUT: yawOffset=0.10518533 pitchOffset=-0.14668733 hasFace=true
[2026-07-01 11:24:37] [hand_detect] IN: hand_detect 1920x1080 → OUT: detected=false landmarks=nil confidence=0
[2026-07-01 11:24:37] [face_detect] IN: face_detect → OUT: detected=true landmarks=76 roll=0.03681554 pitch=-0.3696894 yaw=0.10891264 (4755ms)
[2026-07-01 11:24:37] [mouth_detect] IN: mouth_detect ratio=0.46128094 → OUT: status=CLOSED confirmed=CLOSED
[2026-07-01 11:24:37] [gaze_estimate] IN: yaw=0.10891264 pitch=-0.3696894 → OUT: yawOffset=0.1161977 pitchOffset=-0.15054135 hasFace=true
[2026-07-01 11:24:37] [hand_detect] IN: hand_detect 1920x1080 → OUT: detected=false landmarks=nil confidence=0
[2026-07-01 11:24:37] [face_detect] IN: face_detect → OUT: detected=true landmarks=76 roll=0.03681554 pitch=-0.3696894 yaw=0.10891264 (4533ms)
[2026-07-01 11:24:37] [mouth_detect] IN: mouth_detect ratio=0.46894625 → OUT: status=CLOSED confirmed=CLOSED
[2026-07-01 11:24:37] [gaze_estimate] IN: yaw=0.10891264 pitch=-0.3696894 → OUT: yawOffset=0.12390636 pitchOffset=-0.15323916 hasFace=true
[2026-07-01 11:24:37] [hand_detect] IN: hand_detect 1920x1080 → OUT: detected=false landmarks=nil confidence=0
[2026-07-01 11:24:37] [face_detect] IN: face_detect → OUT: detected=true landmarks=76 roll=0.03681554 pitch=-0.3696894 yaw=0.10891264 (4724ms)
[2026-07-01 11:24:37] [mouth_detect] IN: mouth_detect ratio=0.46494526 → OUT: status=CLOSED confirmed=CLOSED
[2026-07-01 11:24:37] [gaze_estimate] IN: yaw=0.10891264 pitch=-0.3696894 → OUT: yawOffset=0.12930241 pitchOffset=-0.15512763 hasFace=true
[2026-07-01 11:24:37] [hand_detect] IN: hand_detect 1920x1080 → OUT: detected=false landmarks=nil confidence=0
[2026-07-01 11:24:37] [face_detect] IN: face_detect → OUT: detected=true landmarks=76 roll=0.03681554 pitch=-0.3696894 yaw=0.10891264 (4693ms)
[2026-07-01 11:24:37] [mouth_detect] IN: mouth_detect ratio=0.45922887 → OUT: status=CLOSED confirmed=CLOSED
[2026-07-01 11:24:37] [gaze_estimate] IN: yaw=0.10891264 pitch=-0.3696894 → OUT: yawOffset=0.13307966 pitchOffset=-0.15644956 hasFace=true
[2026-07-01 11:24:37] [hand_detect] IN: hand_detect 1920x1080 → OUT: detected=false landmarks=nil confidence=0
[2026-07-01 11:24:37] [face_detect] IN: face_detect → OUT: detected=true landmarks=76 roll=0.03681554 pitch=-0.3696894 yaw=0.10891264 (4983ms)
[2026-07-01 11:24:37] [mouth_detect] IN: mouth_detect ratio=0.45437855 → OUT: status=CLOSED confirmed=CLOSED
[2026-07-01 11:24:37] [gaze_estimate] IN: yaw=0.10891264 pitch=-0.3696894 → OUT: yawOffset=0.13572372 pitchOffset=-0.1573749 hasFace=true
[2026-07-01 11:24:37] [hand_detect] IN: hand_detect 1920x1080 → OUT: detected=false landmarks=nil confidence=0
[2026-07-01 11:24:37] [face_detect] IN: face_detect → OUT: detected=true landmarks=76 roll=0.03681554 pitch=-0.3696894 yaw=0.10891264 (4561ms)
[2026-07-01 11:24:37] [mouth_detect] IN: mouth_detect ratio=0.46885028 → OUT: status=CLOSED confirmed=CLOSED
[2026-07-01 11:24:37] [gaze_estimate] IN: yaw=0.10891264 pitch=-0.3696894 → OUT: yawOffset=0.13757457 pitchOffset=-0.15802266 hasFace=true
[2026-07-01 11:24:37] [hand_detect] IN: hand_detect 1920x1080 → OUT: detected=false landmarks=nil confidence=0
[2026-07-01 11:24:37] [face_detect] IN: face_detect → OUT: detected=true landmarks=76 roll=0.03681554 pitch=-0.3696894 yaw=0.10891264 (4366ms)
[2026-07-01 11:24:37] [mouth_detect] IN: mouth_detect ratio=0.45507726 → OUT: status=CLOSED confirmed=CLOSED
[2026-07-01 11:24:37] [gaze_estimate] IN: yaw=0.10891264 pitch=-0.3696894 → OUT: yawOffset=0.13887016 pitchOffset=-0.15847608 hasFace=true
[2026-07-01 11:24:37] [hand_detect] IN: hand_detect 1920x1080 → OUT: detected=false landmarks=nil confidence=0
[2026-07-01 11:24:37] [face_detect] IN: face_detect → OUT: detected=true landmarks=76 roll=0.03681554 pitch=-0.3696894 yaw=0.10891264 (4742ms)
[2026-07-01 11:24:37] [mouth_detect] IN: mouth_detect ratio=0.44462603 → OUT: status=CLOSED confirmed=CLOSED
[2026-07-01 11:24:37] [gaze_estimate] IN: yaw=0.10891264 pitch=-0.3696894 → OUT: yawOffset=0.13977708 pitchOffset=-0.15879348 hasFace=true
[2026-07-01 11:24:37] [hand_detect] IN: hand_detect 1920x1080 → OUT: detected=false landmarks=nil confidence=0
[2026-07-01 11:24:37] [face_detect] IN: face_detect → OUT: detected=true landmarks=76 roll=0.03681554 pitch=-0.3696894 yaw=0.10891264 (5378ms)
[2026-07-01 11:24:37] [mouth_detect] IN: mouth_detect ratio=0.4473693 → OUT: status=CLOSED confirmed=CLOSED
[2026-07-01 11:24:37] [gaze_estimate] IN: yaw=0.10891264 pitch=-0.3696894 → OUT: yawOffset=0.14041193 pitchOffset=-0.15901566 hasFace=true
[2026-07-01 11:24:37] [axScan] IN: windows=5 → OUT: raw=433 visible=417 [pid79582=346 pid2479=1 pid61336=31 pid2480=9 pid2478=30] (705ms)
[2026-07-01 11:24:37] [axEl] IN: pid=61336 role=AXButton → OUT: title= frame=(901,117,20,20) (0ms)
[2026-07-01 11:24:37] [axEl] IN: pid=61336 role=AXScrollBar → OUT: title= frame=(901,135,19,338) (0ms)
[2026-07-01 11:24:37] [axEl] IN: pid=61336 role=AXButton → OUT: title= frame=(905,139,11,310) (0ms)
[2026-07-01 11:24:37] [axEl] IN: pid=61336 role=AXButton → OUT: title= frame=(410,95,16,16) (0ms)
[2026-07-01 11:24:37] [axEl] IN: pid=61336 role=AXButton → OUT: title= frame=(456,95,16,16) (0ms)
[2026-07-01 11:24:37] [axEl] IN: pid=61336 role=AXButton → OUT: title= frame=(433,95,16,16) (0ms)
[2026-07-01 11:24:37] [axEl] IN: pid=61336 role=AXImage → OUT: title=diqibadao frame=(483,93,18,18) (0ms)
[2026-07-01 11:24:37] [axEl] IN: pid=61336 role=AXStaticText → OUT: title= frame=(502,95,407,16) (0ms)
[2026-07-01 11:24:37] [axEl] IN: pid=61336 role=AXButton → OUT: title= frame=(918,674,20,20) (0ms)
[2026-07-01 11:24:37] [axEl] IN: pid=61336 role=AXScrollBar → OUT: title= frame=(918,692,19,338) (0ms)
[2026-07-01 11:24:37] [axEl] IN: pid=61336 role=AXButton → OUT: title= frame=(922,696,11,310) (0ms)
[2026-07-01 11:24:37] [axEl] IN: pid=61336 role=AXButton → OUT: title= frame=(427,652,16,16) (0ms)
[2026-07-01 11:24:37] [axEl] IN: pid=61336 role=AXButton → OUT: title= frame=(473,652,16,16) (0ms)
[2026-07-01 11:24:37] [axEl] IN: pid=61336 role=AXButton → OUT: title= frame=(450,652,16,16) (0ms)
[2026-07-01 11:24:37] [axEl] IN: pid=61336 role=AXImage → OUT: title=diqibadao frame=(500,650,18,18) (0ms)
[2026-07-01 11:24:37] [axEl] IN: pid=61336 role=AXStaticText → OUT: title= frame=(519,652,241,16) (0ms)
[2026-07-01 11:24:37] [axEl] IN: pid=61336 role=AXButton → OUT: title= frame=(872,88,20,20) (0ms)
[2026-07-01 11:24:37] [axEl] IN: pid=61336 role=AXScrollBar → OUT: title= frame=(872,106,19,338) (0ms)
[2026-07-01 11:24:37] [axEl] IN: pid=61336 role=AXButton → OUT: title= frame=(876,110,11,310) (0ms)
[2026-07-01 11:24:37] [axEl] IN: pid=61336 role=AXButton → OUT: title= frame=(381,66,16,16) (0ms)
[2026-07-01 11:24:37] [axEl] IN: pid=61336 role=AXButton → OUT: title= frame=(427,66,16,16) (0ms)
[2026-07-01 11:24:37] [axEl] IN: pid=61336 role=AXButton → OUT: title= frame=(404,66,16,16) (0ms)
[2026-07-01 11:24:37] [axEl] IN: pid=61336 role=AXImage → OUT: title=diqibadao frame=(454,64,18,18) (0ms)
[2026-07-01 11:24:37] [axEl] IN: pid=61336 role=AXStaticText → OUT: title= frame=(473,66,241,16) (0ms)
[2026-07-01 11:24:37] [axEl] IN: pid=61336 role=AXMenuBarItem → OUT: title=Apple frame=(10,0,34,30) (0ms)
[2026-07-01 11:24:37] [axEl] IN: pid=61336 role=AXMenuBarItem → OUT: title=终端 frame=(43,0,47,30) (0ms)
[2026-07-01 11:24:37] [axEl] IN: pid=61336 role=AXMenuBarItem → OUT: title=Shell frame=(89,0,50,30) (0ms)
[2026-07-01 11:24:37] [axEl] IN: pid=61336 role=AXMenuBarItem → OUT: title=编辑 frame=(138,0,47,30) (0ms)
[2026-07-01 11:24:37] [axEl] IN: pid=61336 role=AXMenuBarItem → OUT: title=显示 frame=(184,0,47,30) (0ms)
[2026-07-01 11:24:37] [axEl] IN: pid=61336 role=AXMenuBarItem → OUT: title=窗口 frame=(230,0,47,30) (0ms)
[2026-07-01 11:24:37] [axEl] IN: pid=61336 role=AXMenuBarItem → OUT: title=帮助 frame=(276,0,47,30) (0ms)
[2026-07-01 11:24:37] [axEl] IN: pid=79582 role=AXLink → OUT: title=跳到输入框 frame=(1390,36,83,35) (0ms)
[2026-07-01 11:24:37] [axEl] IN: pid=79582 role=AXStaticText → OUT: title= frame=(1402,45,59,17) (0ms)
[2026-07-01 11:24:37] [axEl] IN: pid=79582 role=AXImage → OUT: title= frame=(1019,123,118,28) (0ms)
[2026-07-01 11:24:37] [axEl] IN: pid=79582 role=AXButton → OUT: title=新建对话 frame=(1026,173,240,38) (0ms)
[2026-07-01 11:24:37] [axEl] IN: pid=79582 role=AXStaticText → OUT: title= frame=(1032,226,25,18) (0ms)
[2026-07-01 11:24:37] [axEl] IN: pid=79582 role=AXButton → OUT: title=技能 frame=(1026,255,240,30) (0ms)
[2026-07-01 11:24:37] [axEl] IN: pid=79582 role=AXButton → OUT: title=记忆 frame=(1026,289,240,30) (0ms)
[2026-07-01 11:24:37] [axEl] IN: pid=79582 role=AXButton → OUT: title=消息通道 frame=(1026,323,240,30) (0ms)
[2026-07-01 11:24:37] [axEl] IN: pid=79582 role=AXButton → OUT: title=自动化 frame=(1026,357,240,30) (0ms)
[2026-07-01 11:24:37] [axEl] IN: pid=79582 role=AXStaticText → OUT: title= frame=(1032,411,26,18) (0ms)
[2026-07-01 11:24:37] [axEl] IN: pid=79582 role=AXPopUpButton → OUT: title=按时间筛选 frame=(1174,408,24,22) (0ms)
[2026-07-01 11:24:37] [axEl] IN: pid=79582 role=AXCheckBox → OUT: title=收起所有项目 frame=(1204,408,22,22) (0ms)
[2026-07-01 11:24:37] [axEl] IN: pid=79582 role=AXButton → OUT: title=添加新项目 frame=(1235,408,22,22) (0ms)
[2026-07-01 11:24:37] [axEl] IN: pid=79582 role=AXButton → OUT: title=Global frame=(1028,446,204,32) (0ms)
[2026-07-01 11:24:37] [axEl] IN: pid=79582 role=AXButton → OUT: title=新建会话 frame=(1238,450,24,24) (0ms)
[2026-07-01 11:24:37] [axEl] IN: pid=79582 role=AXButton → OUT: title=已粘贴文本 #3 · 71 行] … frame=(1044,483,219,23) (0ms)
[2026-07-01 11:24:37] [axEl] IN: pid=79582 role=AXButton → OUT: title=调研技术方案 @.reasonix… frame=(1044,508,219,23) (0ms)
[2026-07-01 11:24:37] [axEl] IN: pid=79582 role=AXButton → OUT: title=光标控制和手势控制的启动关闭按钮呢 … frame=(1044,533,219,23) (0ms)
[2026-07-01 11:24:37] [axEl] IN: pid=79582 role=AXButton → OUT: title=光标控制和手势控制的启动关闭按钮呢 … frame=(1044,558,219,23) (0ms)
[2026-07-01 11:24:37] [axEl] IN: pid=79582 role=AXButton → OUT: title=新的会话 frame=(1044,583,219,28) (0ms)
[2026-07-01 11:24:37] [axEl] IN: pid=79582 role=AXButton → OUT: title=嗨 你好啊 frame=(1044,613,219,24) (0ms)
[2026-07-01 11:24:37] [axEl] IN: pid=79582 role=AXButton → OUT: title=global会话卡住了 看看啥情况 frame=(1044,638,219,24) (0ms)
[2026-07-01 11:24:37] [axEl] IN: pid=79582 role=AXButton → OUT: title=<memory-compiler-e… frame=(1044,663,219,24) (0ms)
[2026-07-01 11:24:37] [axEl] IN: pid=79582 role=AXButton → OUT: title=自然识别App调研，你看看我的桌面这… frame=(1044,688,219,24) (0ms)
[2026-07-01 11:24:37] [axEl] IN: pid=79582 role=AXButton → OUT: title=我使用的飞鸟加速外网好慢啊 检查下可… frame=(1044,713,219,24) (0ms)
[2026-07-01 11:24:37] [axEl] IN: pid=79582 role=AXButton → OUT: title=<active-goal> 我感觉c… frame=(1044,738,219,24) (0ms)
[2026-07-01 11:24:37] [axEl] IN: pid=79582 role=AXCheckBox → OUT: title=搜索项目或会话 frame=(1026,956,56,30) (0ms)
[2026-07-01 11:24:37] [axEl] IN: pid=79582 role=AXButton → OUT: title= frame=(1087,956,56,30) (0ms)
[2026-07-01 11:24:37] [axEl] IN: pid=79582 role=AXButton → OUT: title= frame=(1149,956,56,30) (0ms)
[2026-07-01 11:24:37] [axEl] IN: pid=79582 role=AXButton → OUT: title= frame=(1210,956,56,30) (0ms)
[2026-07-01 11:24:37] [axEl] IN: pid=79582 role=AXCheckBox → OUT: title=收起导航 frame=(1265,517,26,47) (0ms)
[2026-07-01 11:24:37] [axEl] IN: pid=79582 role=AXHeading → OUT: title=重命名会话 frame=(1296,103,176,19) (0ms)
[2026-07-01 11:24:37] [axEl] IN: pid=79582 role=AXButton → OUT: title=重命名会话 frame=(1296,103,176,19) (0ms)
[2026-07-01 11:24:37] [axEl] IN: pid=79582 role=AXButton → OUT: title=复制会话 frame=(1621,102,30,28) (0ms)
[2026-07-01 11:24:37] [axEl] IN: pid=79582 role=AXPopUpButton → OUT: title=导出会话 frame=(1657,102,30,28) (0ms)
[2026-07-01 11:24:37] [axEl] IN: pid=79582 role=AXCheckBox → OUT: title=改动 frame=(1693,102,30,28) (0ms)
[2026-07-01 11:24:37] [axEl] IN: pid=79582 role=AXButton → OUT: title=键盘快捷键 frame=(1729,102,30,28) (0ms)
[2026-07-01 11:24:37] [axEl] IN: pid=79582 role=AXButton → OUT: title=命令 frame=(1765,102,30,28) (0ms)
[2026-07-01 11:24:37] [axEl] IN: pid=79582 role=AXCheckBox → OUT: title=展开工作区 frame=(1801,102,30,28) (0ms)
[2026-07-01 11:24:37] [axEl] IN: pid=79582 role=AXStaticText → OUT: title= frame=(1362,1,24,16) (0ms)
[2026-07-01 11:24:37] [axEl] IN: pid=79582 role=AXStaticText → OUT: title= frame=(1428,1,9,16) (0ms)
[2026-07-01 11:24:37] [axEl] IN: pid=79582 role=AXStaticText → OUT: title= frame=(1453,1,264,16) (0ms)
[2026-07-01 11:24:37] [axEl] IN: pid=79582 role=AXStaticText → OUT: title= frame=(1362,21,24,15) (0ms)
[2026-07-01 11:24:37] [axEl] IN: pid=79582 role=AXStaticText → OUT: title= frame=(1399,21,24,15) (0ms)
[2026-07-01 11:24:37] [axEl] IN: pid=79582 role=AXStaticText → OUT: title= frame=(1453,21,102,15) (0ms)
[2026-07-01 11:24:37] [axEl] IN: pid=79582 role=AXStaticText → OUT: title= frame=(1362,40,24,16) (0ms)
[2026-07-01 11:24:37] [axEl] IN: pid=79582 role=AXStaticText → OUT: title= frame=(1399,40,24,16) (0ms)
[2026-07-01 11:24:37] [axEl] IN: pid=79582 role=AXStaticText → OUT: title= frame=(1453,40,233,16) (0ms)
[2026-07-01 11:24:37] [axEl] IN: pid=79582 role=AXStaticText → OUT: title= frame=(1362,59,24,16) (0ms)
[2026-07-01 11:24:37] [axEl] IN: pid=79582 role=AXStaticText → OUT: title= frame=(1399,59,24,16) (0ms)
[2026-07-01 11:24:37] [axEl] IN: pid=79582 role=AXButton → OUT: title= frame=(1342,7,234,28) (0ms)
[2026-07-01 11:24:37] [axEl] IN: pid=79582 role=AXButton → OUT: title= frame=(1342,37,514,28) (0ms)
[2026-07-01 11:24:37] [axEl] IN: pid=79582 role=AXButton → OUT: title= frame=(1316,13,495,18) (0ms)
[2026-07-01 11:24:37] [axEl] IN: pid=79582 role=AXButton → OUT: title= frame=(1342,41,507,29) (0ms)
[2026-07-01 11:24:37] [axEl] IN: pid=79582 role=AXStaticText → OUT: title= frame=(1362,76,24,16) (0ms)
[2026-07-01 11:24:37] [axEl] IN: pid=79582 role=AXStaticText → OUT: title= frame=(1399,76,24,16) (0ms)
[2026-07-01 11:24:37] [axEl] IN: pid=79582 role=AXStaticText → OUT: title= frame=(1362,95,24,16) (0ms)
[2026-07-01 11:24:37] [axEl] IN: pid=79582 role=AXStaticText → OUT: title= frame=(1399,95,24,16) (0ms)
[2026-07-01 11:24:37] [axEl] IN: pid=79582 role=AXStaticText → OUT: title= frame=(1453,95,387,16) (0ms)
[2026-07-01 11:24:37] [axEl] IN: pid=79582 role=AXStaticText → OUT: title= frame=(1362,115,24,15) (0ms)
[2026-07-01 11:24:37] [axEl] IN: pid=79582 role=AXStaticText → OUT: title= frame=(1399,115,24,15) (0ms)
[2026-07-01 11:24:37] [axEl] IN: pid=79582 role=AXStaticText → OUT: title= frame=(1453,115,217,15) (0ms)
[2026-07-01 11:24:37] [axEl] IN: pid=79582 role=AXStaticText → OUT: title= frame=(1362,134,24,16) (0ms)
[2026-07-01 11:24:37] [axEl] IN: pid=79582 role=AXStaticText → OUT: title= frame=(1428,134,9,16) (0ms)
[2026-07-01 11:24:37] [axEl] IN: pid=79582 role=AXStaticText → OUT: title= frame=(1453,134,432,16) (0ms)
[2026-07-01 11:24:37] [axEl] IN: pid=79582 role=AXStaticText → OUT: title= frame=(1362,154,24,15) (0ms)
[2026-07-01 11:24:37] [axEl] IN: pid=79582 role=AXStaticText → OUT: title= frame=(1428,154,9,15) (0ms)
[2026-07-01 11:24:37] [axEl] IN: pid=79582 role=AXStaticText → OUT: title= frame=(1453,154,295,15) (0ms)
[2026-07-01 11:24:37] [axEl] IN: pid=79582 role=AXStaticText → OUT: title= frame=(1362,173,24,16) (0ms)
[2026-07-01 11:24:37] [axEl] IN: pid=79582 role=AXStaticText → OUT: title= frame=(1428,173,9,16) (0ms)
[2026-07-01 11:24:37] [axEl] IN: pid=79582 role=AXStaticText → OUT: title= frame=(1453,173,264,16) (0ms)
[2026-07-01 11:24:37] [axEl] IN: pid=79582 role=AXStaticText → OUT: title= frame=(1362,192,24,16) (0ms)
[2026-07-01 11:24:37] [axEl] IN: pid=79582 role=AXStaticText → OUT: title= frame=(1428,192,9,16) (0ms)
[2026-07-01 11:24:37] [axEl] IN: pid=79582 role=AXStaticText → OUT: title= frame=(1453,192,727,16) (0ms)
[2026-07-01 11:24:37] [axEl] IN: pid=79582 role=AXStaticText → OUT: title= frame=(1362,212,24,15) (0ms)
[2026-07-01 11:24:37] [axEl] IN: pid=79582 role=AXStaticText → OUT: title= frame=(1428,212,9,15) (0ms)
[2026-07-01 11:24:37] [axEl] IN: pid=79582 role=AXStaticText → OUT: title= frame=(1453,212,836,15) (0ms)
[2026-07-01 11:24:37] [axEl] IN: pid=79582 role=AXStaticText → OUT: title= frame=(1362,231,24,16) (0ms)
[2026-07-01 11:24:37] [axEl] IN: pid=79582 role=AXStaticText → OUT: title= frame=(1428,231,9,16) (0ms)
[2026-07-01 11:24:37] [axEl] IN: pid=79582 role=AXStaticText → OUT: title= frame=(1453,231,187,16) (0ms)
[2026-07-01 11:24:37] [axEl] IN: pid=79582 role=AXStaticText → OUT: title= frame=(1362,250,24,16) (0ms)
[2026-07-01 11:24:37] [axEl] IN: pid=79582 role=AXStaticText → OUT: title= frame=(1428,250,9,16) (0ms)
[2026-07-01 11:24:37] [axEl] IN: pid=79582 role=AXStaticText → OUT: title= frame=(1453,250,310,16) (0ms)
[2026-07-01 11:24:37] [axEl] IN: pid=79582 role=AXStaticText → OUT: title= frame=(1362,270,24,15) (0ms)
[2026-07-01 11:24:37] [axEl] IN: pid=79582 role=AXStaticText → OUT: title= frame=(1428,270,9,15) (0ms)
[2026-07-01 11:24:37] [axEl] IN: pid=79582 role=AXStaticText → OUT: title= frame=(1453,270,295,15) (0ms)
[2026-07-01 11:24:37] [axEl] IN: pid=79582 role=AXStaticText → OUT: title= frame=(1362,289,24,16) (0ms)
[2026-07-01 11:24:37] [axEl] IN: pid=79582 role=AXStaticText → OUT: title= frame=(1428,289,9,16) (0ms)
[2026-07-01 11:24:37] [axEl] IN: pid=79582 role=AXStaticText → OUT: title= frame=(1453,289,295,16) (0ms)
[2026-07-01 11:24:37] [axEl] IN: pid=79582 role=AXStaticText → OUT: title= frame=(1362,309,24,15) (0ms)
[2026-07-01 11:24:37] [axEl] IN: pid=79582 role=AXStaticText → OUT: title= frame=(1428,309,9,15) (0ms)
[2026-07-01 11:24:37] [axEl] IN: pid=79582 role=AXStaticText → OUT: title= frame=(1453,309,132,15) (0ms)
[2026-07-01 11:24:37] [axEl] IN: pid=79582 role=AXStaticText → OUT: title= frame=(1362,328,24,16) (0ms)
[2026-07-01 11:24:37] [axEl] IN: pid=79582 role=AXStaticText → OUT: title= frame=(1428,328,9,16) (0ms)
[2026-07-01 11:24:37] [axEl] IN: pid=79582 role=AXStaticText → OUT: title= frame=(1453,328,102,16) (0ms)
[2026-07-01 11:24:37] [axEl] IN: pid=79582 role=AXStaticText → OUT: title= frame=(1362,347,24,16) (0ms)
[2026-07-01 11:24:37] [axEl] IN: pid=79582 role=AXStaticText → OUT: title= frame=(1399,347,24,16) (0ms)
[2026-07-01 11:24:37] [axEl] IN: pid=79582 role=AXStaticText → OUT: title= frame=(1453,347,626,16) (0ms)
[2026-07-01 11:24:37] [axEl] IN: pid=79582 role=AXStaticText → OUT: title= frame=(1362,367,24,15) (0ms)
[2026-07-01 11:24:37] [axEl] IN: pid=79582 role=AXStaticText → OUT: title= frame=(1399,367,24,15) (0ms)
[2026-07-01 11:24:37] [axEl] IN: pid=79582 role=AXStaticText → OUT: title= frame=(1453,367,489,15) (0ms)
[2026-07-01 11:24:37] [axEl] IN: pid=79582 role=AXStaticText → OUT: title= frame=(1362,386,24,16) (0ms)
[2026-07-01 11:24:37] [axEl] IN: pid=79582 role=AXStaticText → OUT: title= frame=(1399,386,24,16) (0ms)
[2026-07-01 11:24:37] [axEl] IN: pid=79582 role=AXStaticText → OUT: title= frame=(1453,386,341,16) (0ms)
[2026-07-01 11:24:37] [axEl] IN: pid=79582 role=AXButton → OUT: title=深度思考 frame=(1316,56,69,19) (0ms)
[2026-07-01 11:24:37] [axEl] IN: pid=79582 role=AXButton → OUT: title= frame=(1316,86,167,25) (0ms)
[2026-07-01 11:24:37] [axEl] IN: pid=79582 role=AXButton → OUT: title= frame=(1316,131,495,19) (0ms)
[2026-07-01 11:24:37] [axEl] IN: pid=79582 role=AXButton → OUT: title= frame=(1342,159,513,29) (0ms)
[2026-07-01 11:24:37] [axEl] IN: pid=79582 role=AXButton → OUT: title=深度思考 frame=(1316,174,69,19) (0ms)
[2026-07-01 11:24:37] [axEl] IN: pid=79582 role=AXStaticText → OUT: title= frame=(1316,204,449,21) (0ms)
[2026-07-01 11:24:37] [axEl] IN: pid=79582 role=AXButton → OUT: title= frame=(1316,246,167,25) (0ms)
[2026-07-01 11:24:37] [axEl] IN: pid=79582 role=AXButton → OUT: title= frame=(1316,249,495,19) (0ms)
[2026-07-01 11:24:37] [axEl] IN: pid=79582 role=AXButton → OUT: title= frame=(1342,277,165,29) (0ms)
[2026-07-01 11:24:37] [axEl] IN: pid=79582 role=AXButton → OUT: title=深度思考 frame=(1316,293,69,19) (0ms)
[2026-07-01 11:24:37] [axEl] IN: pid=79582 role=AXButton → OUT: title= frame=(1316,322,167,25) (0ms)
[2026-07-01 11:24:37] [axEl] IN: pid=79582 role=AXButton → OUT: title= frame=(1316,367,495,19) (0ms)
[2026-07-01 11:24:37] [axEl] IN: pid=79582 role=AXButton → OUT: title= frame=(1342,395,290,29) (0ms)
[2026-07-01 11:24:37] [axEl] IN: pid=79582 role=AXButton → OUT: title=深度思考 frame=(1316,411,69,19) (0ms)
[2026-07-01 11:24:37] [axEl] IN: pid=79582 role=AXButton → OUT: title= frame=(1316,440,167,25) (0ms)
[2026-07-01 11:24:37] [axEl] IN: pid=79582 role=AXButton → OUT: title= frame=(1316,485,495,19) (0ms)
[2026-07-01 11:24:37] [axEl] IN: pid=79582 role=AXButton → OUT: title= frame=(1342,513,507,29) (0ms)
[2026-07-01 11:24:37] [axEl] IN: pid=79582 role=AXStaticText → OUT: title= frame=(1370,549,16,15) (0ms)
[2026-07-01 11:24:37] [axEl] IN: pid=79582 role=AXStaticText → OUT: title= frame=(1407,549,16,15) (0ms)
[2026-07-01 11:24:37] [axEl] IN: pid=79582 role=AXStaticText → OUT: title= frame=(1453,549,426,15) (0ms)
[2026-07-01 11:24:37] [axEl] IN: pid=79582 role=AXStaticText → OUT: title= frame=(1370,568,16,16) (0ms)
[2026-07-01 11:24:37] [axEl] IN: pid=79582 role=AXStaticText → OUT: title= frame=(1407,568,16,16) (0ms)
[2026-07-01 11:24:37] [axEl] IN: pid=79582 role=AXStaticText → OUT: title= frame=(1453,568,449,16) (0ms)
[2026-07-01 11:24:37] [axEl] IN: pid=79582 role=AXStaticText → OUT: title= frame=(1370,588,16,15) (0ms)
[2026-07-01 11:24:37] [axEl] IN: pid=79582 role=AXStaticText → OUT: title= frame=(1407,588,16,15) (0ms)
[2026-07-01 11:24:37] [axEl] IN: pid=79582 role=AXStaticText → OUT: title= frame=(1453,588,380,15) (0ms)
[2026-07-01 11:24:37] [axEl] IN: pid=79582 role=AXStaticText → OUT: title= frame=(1370,607,16,16) (0ms)
[2026-07-01 11:24:37] [axEl] IN: pid=79582 role=AXStaticText → OUT: title= frame=(1428,607,9,16) (0ms)
[2026-07-01 11:24:37] [axEl] IN: pid=79582 role=AXStaticText → OUT: title= frame=(1453,607,380,16) (0ms)
[2026-07-01 11:24:37] [axEl] IN: pid=79582 role=AXStaticText → OUT: title= frame=(1362,626,24,16) (0ms)
[2026-07-01 11:24:37] [axEl] IN: pid=79582 role=AXStaticText → OUT: title= frame=(1407,626,16,16) (0ms)
[2026-07-01 11:24:37] [axEl] IN: pid=79582 role=AXStaticText → OUT: title= frame=(1453,626,380,16) (0ms)
[2026-07-01 11:24:37] [axEl] IN: pid=79582 role=AXStaticText → OUT: title= frame=(1362,646,24,15) (0ms)
[2026-07-01 11:24:37] [axEl] IN: pid=79582 role=AXStaticText → OUT: title= frame=(1399,646,24,15) (0ms)
[2026-07-01 11:24:37] [axEl] IN: pid=79582 role=AXStaticText → OUT: title= frame=(1453,646,434,15) (0ms)
[2026-07-01 11:24:37] [axEl] IN: pid=79582 role=AXStaticText → OUT: title= frame=(1362,665,24,16) (0ms)
[2026-07-01 11:24:37] [axEl] IN: pid=79582 role=AXStaticText → OUT: title= frame=(1399,665,24,16) (0ms)
[2026-07-01 11:24:37] [axEl] IN: pid=79582 role=AXStaticText → OUT: title= frame=(1453,665,349,16) (0ms)
[2026-07-01 11:24:37] [axEl] IN: pid=79582 role=AXButton → OUT: title=深度思考 frame=(1316,529,69,19) (0ms)
[2026-07-01 11:24:37] [axEl] IN: pid=79582 role=AXButton → OUT: title= frame=(1316,558,167,25) (0ms)
[2026-07-01 11:24:37] [axEl] IN: pid=79582 role=AXButton → OUT: title= frame=(1316,603,495,19) (0ms)
[2026-07-01 11:24:37] [axEl] IN: pid=79582 role=AXButton → OUT: title= frame=(1342,632,514,29) (0ms)
[2026-07-01 11:24:37] [axEl] IN: pid=79582 role=AXStaticText → OUT: title= frame=(1362,0,24,15) (0ms)
[2026-07-01 11:24:37] [axEl] IN: pid=79582 role=AXStaticText → OUT: title= frame=(1428,0,9,15) (0ms)
[2026-07-01 11:24:37] [axEl] IN: pid=79582 role=AXStaticText → OUT: title= frame=(1453,0,496,15) (0ms)
[2026-07-01 11:24:37] [axEl] IN: pid=79582 role=AXStaticText → OUT: title= frame=(1362,19,24,16) (0ms)
[2026-07-01 11:24:37] [axEl] IN: pid=79582 role=AXStaticText → OUT: title= frame=(1428,19,9,16) (0ms)
[2026-07-01 11:24:37] [axEl] IN: pid=79582 role=AXStaticText → OUT: title= frame=(1453,19,71,16) (0ms)
[2026-07-01 11:24:37] [axEl] IN: pid=79582 role=AXStaticText → OUT: title= frame=(1399,38,24,16) (0ms)
[2026-07-01 11:24:37] [axEl] IN: pid=79582 role=AXStaticText → OUT: title= frame=(1428,38,9,16) (0ms)
[2026-07-01 11:24:37] [axEl] IN: pid=79582 role=AXStaticText → OUT: title= frame=(1453,38,256,16) (0ms)
[2026-07-01 11:24:37] [axEl] IN: pid=79582 role=AXStaticText → OUT: title= frame=(1399,58,24,15) (0ms)
[2026-07-01 11:24:37] [axEl] IN: pid=79582 role=AXStaticText → OUT: title= frame=(1428,58,9,15) (0ms)
[2026-07-01 11:24:37] [axEl] IN: pid=79582 role=AXStaticText → OUT: title= frame=(1453,58,233,15) (0ms)
[2026-07-01 11:24:37] [axEl] IN: pid=79582 role=AXStaticText → OUT: title= frame=(1362,77,24,16) (0ms)
[2026-07-01 11:24:37] [axEl] IN: pid=79582 role=AXStaticText → OUT: title= frame=(1399,77,24,16) (0ms)
[2026-07-01 11:24:37] [axEl] IN: pid=79582 role=AXStaticText → OUT: title= frame=(1453,77,202,16) (0ms)
[2026-07-01 11:24:37] [axEl] IN: pid=79582 role=AXStaticText → OUT: title= frame=(1362,97,24,15) (0ms)
[2026-07-01 11:24:37] [axEl] IN: pid=79582 role=AXStaticText → OUT: title= frame=(1399,97,24,15) (0ms)
[2026-07-01 11:24:37] [axEl] IN: pid=79582 role=AXStaticText → OUT: title= frame=(1453,97,40,15) (0ms)
[2026-07-01 11:24:37] [axEl] IN: pid=79582 role=AXStaticText → OUT: title= frame=(1362,116,24,16) (0ms)
[2026-07-01 11:24:37] [axEl] IN: pid=79582 role=AXStaticText → OUT: title= frame=(1399,116,24,16) (0ms)
[2026-07-01 11:24:37] [axEl] IN: pid=79582 role=AXStaticText → OUT: title= frame=(1362,-3,24,16) (0ms)
[2026-07-01 11:24:37] [axEl] IN: pid=79582 role=AXStaticText → OUT: title= frame=(1428,-3,9,16) (0ms)
[2026-07-01 11:24:37] [axEl] IN: pid=79582 role=AXStaticText → OUT: title= frame=(1362,16,24,16) (0ms)
[2026-07-01 11:24:37] [axEl] IN: pid=79582 role=AXStaticText → OUT: title= frame=(1399,16,24,16) (0ms)
[2026-07-01 11:24:37] [axEl] IN: pid=79582 role=AXStaticText → OUT: title= frame=(1453,16,426,16) (0ms)
[2026-07-01 11:24:37] [axEl] IN: pid=79582 role=AXStaticText → OUT: title= frame=(1362,36,24,15) (0ms)
[2026-07-01 11:24:37] [axEl] IN: pid=79582 role=AXStaticText → OUT: title= frame=(1399,36,24,15) (0ms)
[2026-07-01 11:24:37] [axEl] IN: pid=79582 role=AXStaticText → OUT: title= frame=(1453,36,140,15) (0ms)
[2026-07-01 11:24:37] [axEl] IN: pid=79582 role=AXStaticText → OUT: title= frame=(1362,55,24,16) (0ms)
[2026-07-01 11:24:37] [axEl] IN: pid=79582 role=AXStaticText → OUT: title= frame=(1399,55,24,16) (0ms)
[2026-07-01 11:24:37] [axEl] IN: pid=79582 role=AXStaticText → OUT: title= frame=(1453,55,411,16) (0ms)
[2026-07-01 11:24:37] [axEl] IN: pid=79582 role=AXStaticText → OUT: title= frame=(1370,7,16,15) (0ms)
[2026-07-01 11:24:37] [axEl] IN: pid=79582 role=AXStaticText → OUT: title= frame=(1407,7,16,15) (0ms)
[2026-07-01 11:24:37] [axEl] IN: pid=79582 role=AXStaticText → OUT: title= frame=(1453,7,196,15) (0ms)
[2026-07-01 11:24:37] [axEl] IN: pid=79582 role=AXStaticText → OUT: title= frame=(1370,26,16,16) (0ms)
[2026-07-01 11:24:37] [axEl] IN: pid=79582 role=AXStaticText → OUT: title= frame=(1407,26,16,16) (0ms)
[2026-07-01 11:24:37] [axEl] IN: pid=79582 role=AXStaticText → OUT: title= frame=(1453,26,196,16) (0ms)
[2026-07-01 11:24:37] [axEl] IN: pid=79582 role=AXStaticText → OUT: title= frame=(1370,45,16,16) (0ms)
[2026-07-01 11:24:37] [axEl] IN: pid=79582 role=AXStaticText → OUT: title= frame=(1407,45,16,16) (0ms)
[2026-07-01 11:24:37] [axEl] IN: pid=79582 role=AXButton → OUT: title= frame=(1316,39,495,19) (0ms)
[2026-07-01 11:24:37] [axEl] IN: pid=79582 role=AXButton → OUT: title= frame=(1342,67,469,10) (0ms)
[2026-07-01 11:24:37] [axEl] IN: pid=79582 role=AXButton → OUT: title= frame=(1342,97,469,10) (0ms)
[2026-07-01 11:24:37] [axEl] IN: pid=79582 role=AXStaticText → OUT: title= frame=(1316,-5,259,20) (0ms)
[2026-07-01 11:24:37] [axEl] IN: pid=79582 role=AXButton → OUT: title= frame=(1316,36,167,25) (0ms)
[2026-07-01 11:24:37] [axEl] IN: pid=79582 role=AXButton → OUT: title=复制 frame=(1312,66,28,25) (0ms)
[2026-07-01 11:24:37] [axEl] IN: pid=79582 role=AXButton → OUT: title= frame=(1342,66,28,25) (0ms)
[2026-07-01 11:24:37] [axEl] IN: pid=79582 role=AXPopUpButton → OUT: title= frame=(1372,66,28,25) (0ms)
[2026-07-01 11:24:37] [axEl] IN: pid=79582 role=AXPopUpButton → OUT: title= frame=(1402,66,28,25) (0ms)
[2026-07-01 11:24:37] [axEl] IN: pid=79582 role=AXStaticText → OUT: title= frame=(1434,115,363,20) (0ms)
[2026-07-01 11:24:37] [axEl] IN: pid=79582 role=AXStaticText → OUT: title= frame=(1720,146,27,18) (0ms)
[2026-07-01 11:24:37] [axEl] IN: pid=79582 role=AXButton → OUT: title=复制 frame=(1755,143,22,23) (0ms)
[2026-07-01 11:24:37] [axEl] IN: pid=79582 role=AXButton → OUT: title=编辑 frame=(1785,143,22,23) (0ms)
[2026-07-01 11:24:37] [axEl] IN: pid=79582 role=AXStaticText → OUT: title= frame=(1419,190,376,55) (0ms)
[2026-07-01 11:24:37] [axEl] IN: pid=79582 role=AXStaticText → OUT: title= frame=(1720,256,27,18) (0ms)
[2026-07-01 11:24:37] [axEl] IN: pid=79582 role=AXButton → OUT: title=复制 frame=(1755,253,22,23) (0ms)
[2026-07-01 11:24:37] [axEl] IN: pid=79582 role=AXButton → OUT: title=编辑 frame=(1785,253,22,23) (0ms)
[2026-07-01 11:24:37] [axEl] IN: pid=79582 role=AXButton → OUT: title=工具调用已处理 21s frame=(1316,295,69,19) (0ms)
[2026-07-01 11:24:37] [axEl] IN: pid=79582 role=AXButton → OUT: title=深度思考 frame=(1316,331,495,10) (0ms)
[2026-07-01 11:24:37] [axEl] IN: pid=79582 role=AXButton → OUT: title= frame=(1316,331,495,10) (0ms)
[2026-07-01 11:24:37] [axEl] IN: pid=79582 role=AXButton → OUT: title=已探索 1 次搜索 frame=(1316,407,495,19) (0ms)
[2026-07-01 11:24:37] [axEl] IN: pid=79582 role=AXButton → OUT: title= frame=(1342,435,469,10) (0ms)
[2026-07-01 11:24:37] [axEl] IN: pid=79582 role=AXButton → OUT: title=深度思考 frame=(1316,449,495,10) (0ms)
[2026-07-01 11:24:37] [axEl] IN: pid=79582 role=AXButton → OUT: title= frame=(1316,449,495,10) (0ms)
[2026-07-01 11:24:37] [axEl] IN: pid=79582 role=AXButton → OUT: title=Shell 1 次命令 frame=(1316,525,495,19) (0ms)
[2026-07-01 11:24:37] [axEl] IN: pid=79582 role=AXButton → OUT: title= frame=(1342,553,469,10) (0ms)
[2026-07-01 11:24:37] [axEl] IN: pid=79582 role=AXButton → OUT: title=深度思考 frame=(1316,567,495,10) (0ms)
[2026-07-01 11:24:37] [axEl] IN: pid=79582 role=AXButton → OUT: title= frame=(1316,567,495,10) (0ms)
[2026-07-01 11:24:37] [axEl] IN: pid=79582 role=AXButton → OUT: title=Shell 1 次命令 frame=(1316,643,495,19) (0ms)
[2026-07-01 11:24:37] [axEl] IN: pid=79582 role=AXButton → OUT: title= frame=(1342,671,469,10) (0ms)
[2026-07-01 11:24:37] [axEl] IN: pid=79582 role=AXButton → OUT: title=深度思考 frame=(1316,685,495,10) (0ms)
[2026-07-01 11:24:37] [axEl] IN: pid=79582 role=AXButton → OUT: title= frame=(1316,685,495,10) (0ms)
[2026-07-01 11:24:37] [axEl] IN: pid=79582 role=AXButton → OUT: title=Shell 1 次命令 frame=(1316,761,495,19) (0ms)
[2026-07-01 11:24:37] [axEl] IN: pid=79582 role=AXButton → OUT: title= frame=(1342,789,469,10) (0ms)
[2026-07-01 11:24:37] [axEl] IN: pid=79582 role=AXButton → OUT: title=深度思考 frame=(1316,803,495,10) (0ms)
[2026-07-01 11:24:37] [axEl] IN: pid=79582 role=AXButton → OUT: title= frame=(1316,803,495,10) (0ms)
[2026-07-01 11:24:37] [axEl] IN: pid=79582 role=AXButton → OUT: title=Shell 1 次命令 frame=(1316,879,495,19) (0ms)
[2026-07-01 11:24:37] [axEl] IN: pid=79582 role=AXButton → OUT: title= frame=(1342,907,469,10) (0ms)
[2026-07-01 11:24:37] [axEl] IN: pid=79582 role=AXButton → OUT: title=深度思考 frame=(1316,921,495,10) (0ms)
[2026-07-01 11:24:37] [axEl] IN: pid=79582 role=AXButton → OUT: title= frame=(1316,921,495,10) (0ms)
[2026-07-01 11:24:37] [axEl] IN: pid=79582 role=AXButton → OUT: title=已探索 1 次读取 frame=(1316,997,495,19) (0ms)
[2026-07-01 11:24:37] [axEl] IN: pid=79582 role=AXButton → OUT: title= frame=(1342,1026,469,10) (0ms)
[2026-07-01 11:24:37] [axEl] IN: pid=79582 role=AXButton → OUT: title=深度思考 frame=(1316,1040,495,10) (0ms)
[2026-07-01 11:24:37] [axEl] IN: pid=79582 role=AXButton → OUT: title= frame=(1316,1040,495,10) (0ms)
[2026-07-01 11:24:37] [axEl] IN: pid=79582 role=AXStaticText → OUT: title= frame=(1316,333,494,69) (0ms)
[2026-07-01 11:24:37] [axEl] IN: pid=79582 role=AXButton → OUT: title=5 条 Memory v5 编译引用 frame=(1316,424,167,25) (0ms)
[2026-07-01 11:24:37] [axEl] IN: pid=79582 role=AXButton → OUT: title=复制 frame=(1312,454,28,25) (0ms)
[2026-07-01 11:24:37] [axEl] IN: pid=79582 role=AXButton → OUT: title= frame=(1342,454,28,25) (0ms)
[2026-07-01 11:24:37] [axEl] IN: pid=79582 role=AXPopUpButton → OUT: title= frame=(1372,454,28,25) (0ms)
[2026-07-01 11:24:37] [axEl] IN: pid=79582 role=AXPopUpButton → OUT: title= frame=(1402,454,28,25) (0ms)
[2026-07-01 11:24:37] [axEl] IN: pid=79582 role=AXStaticText → OUT: title= frame=(1419,502,364,37) (0ms)
[2026-07-01 11:24:37] [axEl] IN: pid=79582 role=AXStaticText → OUT: title= frame=(1718,551,29,17) (0ms)
[2026-07-01 11:24:37] [axEl] IN: pid=79582 role=AXButton → OUT: title=复制 frame=(1755,548,22,23) (0ms)
[2026-07-01 11:24:37] [axEl] IN: pid=79582 role=AXButton → OUT: title=编辑 frame=(1785,548,22,23) (0ms)
[2026-07-01 11:24:37] [axEl] IN: pid=79582 role=AXButton → OUT: title=工具调用已处理 4s frame=(1316,590,69,19) (0ms)
[2026-07-01 11:24:37] [axEl] IN: pid=79582 role=AXButton → OUT: title=深度思考 frame=(1316,627,69,19) (0ms)
[2026-07-01 11:24:37] [axEl] IN: pid=79582 role=AXStaticText → OUT: title= frame=(1316,657,349,20) (0ms)
[2026-07-01 11:24:37] [axEl] IN: pid=79582 role=AXButton → OUT: title= frame=(1316,699,167,25) (0ms)
[2026-07-01 11:24:37] [axEl] IN: pid=79582 role=AXButton → OUT: title=已修改 1 次编辑 frame=(1316,701,495,19) (0ms)
[2026-07-01 11:24:37] [axEl] IN: pid=79582 role=AXButton → OUT: title= frame=(1342,729,92,29) (0ms)
[2026-07-01 11:24:37] [axEl] IN: pid=79582 role=AXStaticText → OUT: title= frame=(1370,765,16,15) (0ms)
[2026-07-01 11:24:37] [axEl] IN: pid=79582 role=AXStaticText → OUT: title= frame=(1407,765,16,15) (0ms)
[2026-07-01 11:24:37] [axEl] IN: pid=79582 role=AXStaticText → OUT: title= frame=(1453,765,318,15) (0ms)
[2026-07-01 11:24:37] [axEl] IN: pid=79582 role=AXStaticText → OUT: title= frame=(1370,784,16,16) (0ms)
[2026-07-01 11:24:37] [axEl] IN: pid=79582 role=AXStaticText → OUT: title= frame=(1407,784,16,16) (0ms)
[2026-07-01 11:24:37] [axEl] IN: pid=79582 role=AXStaticText → OUT: title= frame=(1453,784,217,16) (0ms)
[2026-07-01 11:24:37] [axEl] IN: pid=79582 role=AXStaticText → OUT: title= frame=(1370,803,16,16) (0ms)
[2026-07-01 11:24:37] [axEl] IN: pid=79582 role=AXStaticText → OUT: title= frame=(1407,803,16,16) (0ms)
[2026-07-01 11:24:37] [axEl] IN: pid=79582 role=AXStaticText → OUT: title= frame=(1453,803,364,16) (0ms)
[2026-07-01 11:24:37] [axEl] IN: pid=79582 role=AXStaticText → OUT: title= frame=(1407,823,16,15) (0ms)
[2026-07-01 11:24:37] [axEl] IN: pid=79582 role=AXStaticText → OUT: title= frame=(1428,823,9,15) (0ms)
[2026-07-01 11:24:37] [axEl] IN: pid=79582 role=AXStaticText → OUT: title= frame=(1453,823,225,15) (0ms)
[2026-07-01 11:24:37] [axEl] IN: pid=79582 role=AXStaticText → OUT: title= frame=(1370,842,16,16) (0ms)
[2026-07-01 11:24:37] [axEl] IN: pid=79582 role=AXStaticText → OUT: title= frame=(1407,842,16,16) (0ms)
[2026-07-01 11:24:37] [axEl] IN: pid=79582 role=AXStaticText → OUT: title= frame=(1453,842,395,16) (0ms)
[2026-07-01 11:24:37] [axEl] IN: pid=79582 role=AXStaticText → OUT: title= frame=(1370,862,16,15) (0ms)
[2026-07-01 11:24:37] [axEl] IN: pid=79582 role=AXStaticText → OUT: title= frame=(1428,862,9,15) (0ms)
[2026-07-01 11:24:37] [axEl] IN: pid=79582 role=AXStaticText → OUT: title= frame=(1453,862,519,15) (0ms)
[2026-07-01 11:24:37] [axEl] IN: pid=79582 role=AXStaticText → OUT: title= frame=(1370,881,16,16) (0ms)
[2026-07-01 11:24:37] [axEl] IN: pid=79582 role=AXStaticText → OUT: title= frame=(1428,881,9,16) (0ms)
[2026-07-01 11:24:37] [axEl] IN: pid=79582 role=AXStaticText → OUT: title= frame=(1453,881,326,16) (0ms)
[2026-07-01 11:24:37] [axEl] IN: pid=79582 role=AXStaticText → OUT: title= frame=(1370,900,16,16) (0ms)
[2026-07-01 11:24:37] [axEl] IN: pid=79582 role=AXStaticText → OUT: title= frame=(1428,900,9,16) (0ms)
[2026-07-01 11:24:37] [axEl] IN: pid=79582 role=AXStaticText → OUT: title= frame=(1453,900,380,16) (0ms)
[2026-07-01 11:24:37] [axEl] IN: pid=79582 role=AXStaticText → OUT: title= frame=(1370,920,16,15) (0ms)
[2026-07-01 11:24:37] [axEl] IN: pid=79582 role=AXStaticText → OUT: title= frame=(1428,920,9,15) (0ms)
[2026-07-01 11:24:37] [axEl] IN: pid=79582 role=AXStaticText → OUT: title= frame=(1453,920,132,15) (0ms)
[2026-07-01 11:24:37] [axEl] IN: pid=79582 role=AXStaticText → OUT: title= frame=(1407,939,16,16) (0ms)
[2026-07-01 11:24:37] [axEl] IN: pid=79582 role=AXStaticText → OUT: title= frame=(1428,939,9,16) (0ms)
[2026-07-01 11:24:37] [axEl] IN: pid=79582 role=AXStaticText → OUT: title= frame=(1453,939,380,16) (0ms)
[2026-07-01 11:24:37] [axEl] IN: pid=79582 role=AXStaticText → OUT: title= frame=(1407,958,16,16) (0ms)
[2026-07-01 11:24:37] [axEl] IN: pid=79582 role=AXStaticText → OUT: title= frame=(1428,958,9,16) (0ms)
[2026-07-01 11:24:37] [axEl] IN: pid=79582 role=AXStaticText → OUT: title= frame=(1453,958,372,16) (0ms)
[2026-07-01 11:24:37] [axEl] IN: pid=79582 role=AXStaticText → OUT: title= frame=(1370,978,16,15) (0ms)
[2026-07-01 11:24:37] [axEl] IN: pid=79582 role=AXStaticText → OUT: title= frame=(1407,978,16,15) (0ms)
[2026-07-01 11:24:37] [axEl] IN: pid=79582 role=AXStaticText → OUT: title= frame=(1453,978,102,15) (0ms)
[2026-07-01 11:24:37] [axEl] IN: pid=79582 role=AXStaticText → OUT: title= frame=(1370,997,16,16) (0ms)
[2026-07-01 11:24:37] [axEl] IN: pid=79582 role=AXStaticText → OUT: title= frame=(1407,997,16,16) (0ms)
[2026-07-01 11:24:37] [axEl] IN: pid=79582 role=AXStaticText → OUT: title= frame=(1453,997,71,16) (0ms)
[2026-07-01 11:24:37] [axEl] IN: pid=79582 role=AXStaticText → OUT: title= frame=(1370,1017,16,15) (0ms)
[2026-07-01 11:24:37] [axEl] IN: pid=79582 role=AXStaticText → OUT: title= frame=(1407,1017,16,15) (0ms)
[2026-07-01 11:24:37] [axEl] IN: pid=79582 role=AXStaticText → OUT: title= frame=(1453,1017,457,15) (0ms)
[2026-07-01 11:24:37] [axEl] IN: pid=79582 role=AXButton → OUT: title=深度思考 frame=(1316,743,495,10) (0ms)
[2026-07-01 11:24:37] [axEl] IN: pid=79582 role=AXButton → OUT: title= frame=(1316,743,495,10) (0ms)
[2026-07-01 11:24:37] [axEl] IN: pid=79582 role=AXButton → OUT: title=Shell 1 次命令 frame=(1316,819,495,19) (0ms)
[2026-07-01 11:24:37] [axEl] IN: pid=79582 role=AXButton → OUT: title= frame=(1342,848,469,10) (0ms)
[2026-07-01 11:24:37] [axEl] IN: pid=79582 role=AXStaticText → OUT: title= frame=(1316,628,469,69) (0ms)
[2026-07-01 11:24:37] [axEl] IN: pid=79582 role=AXButton → OUT: title=5 条 Memory v5 编译引用 frame=(1316,718,167,25) (0ms)
[2026-07-01 11:24:37] [axEl] IN: pid=79582 role=AXButton → OUT: title=跳转到问题 16 frame=(1805,7,32,15) (0ms)
[2026-07-01 11:24:37] [axEl] IN: pid=79582 role=AXButton → OUT: title=跳转到问题 17 frame=(1805,27,32,15) (0ms)
[2026-07-01 11:24:37] [axEl] IN: pid=79582 role=AXButton → OUT: title=跳转到问题 18 frame=(1805,47,32,15) (0ms)
[2026-07-01 11:24:37] [axEl] IN: pid=79582 role=AXButton → OUT: title=跳转到问题 19 frame=(1805,67,32,15) (0ms)
[2026-07-01 11:24:37] [axEl] IN: pid=79582 role=AXButton → OUT: title=跳转到问题 20 frame=(1805,87,32,15) (0ms)
[2026-07-01 11:24:37] [axEl] IN: pid=79582 role=AXButton → OUT: title=跳转到问题 21 frame=(1805,107,32,15) (0ms)
[2026-07-01 11:24:37] [axEl] IN: pid=79582 role=AXButton → OUT: title=跳转到问题 22 frame=(1805,127,32,15) (0ms)
[2026-07-01 11:24:37] [axEl] IN: pid=79582 role=AXButton → OUT: title=跳转到问题 23 frame=(1805,147,32,15) (0ms)
[2026-07-01 11:24:37] [axEl] IN: pid=79582 role=AXButton → OUT: title=跳转到问题 24 frame=(1805,167,32,15) (0ms)
[2026-07-01 11:24:37] [axEl] IN: pid=79582 role=AXButton → OUT: title=跳转到问题 25 frame=(1805,187,32,15) (0ms)
[2026-07-01 11:24:37] [axEl] IN: pid=79582 role=AXButton → OUT: title=跳转到问题 26 frame=(1805,207,32,15) (0ms)
[2026-07-01 11:24:37] [axEl] IN: pid=79582 role=AXButton → OUT: title=跳转到问题 27 frame=(1805,227,32,15) (0ms)
[2026-07-01 11:24:37] [axEl] IN: pid=79582 role=AXButton → OUT: title=跳转到问题 28 frame=(1805,247,32,15) (0ms)
[2026-07-01 11:24:37] [axEl] IN: pid=79582 role=AXButton → OUT: title=跳转到问题 29 frame=(1805,267,32,15) (0ms)
[2026-07-01 11:24:37] [axEl] IN: pid=79582 role=AXButton → OUT: title=跳转到问题 30 frame=(1805,287,32,15) (0ms)
[2026-07-01 11:24:37] [axEl] IN: pid=79582 role=AXButton → OUT: title=跳转到问题 31 frame=(1805,307,32,15) (0ms)
[2026-07-01 11:24:37] [axEl] IN: pid=79582 role=AXButton → OUT: title=跳转到问题 32 frame=(1805,327,32,15) (0ms)
[2026-07-01 11:24:37] [axEl] IN: pid=79582 role=AXButton → OUT: title=跳转到问题 33 frame=(1805,347,32,15) (0ms)
[2026-07-01 11:24:37] [axEl] IN: pid=79582 role=AXButton → OUT: title=跳转到问题 34 frame=(1805,367,32,15) (0ms)
[2026-07-01 11:24:37] [axEl] IN: pid=79582 role=AXButton → OUT: title=跳转到问题 35 frame=(1805,387,32,15) (0ms)
[2026-07-01 11:24:37] [axEl] IN: pid=79582 role=AXButton → OUT: title=跳转到问题 36 frame=(1805,407,32,15) (0ms)
[2026-07-01 11:24:37] [axEl] IN: pid=79582 role=AXButton → OUT: title=跳转到问题 37 frame=(1805,427,32,15) (0ms)
[2026-07-01 11:24:37] [axEl] IN: pid=79582 role=AXButton → OUT: title=跳转到问题 38 frame=(1805,447,32,15) (0ms)
[2026-07-01 11:24:37] [axEl] IN: pid=79582 role=AXButton → OUT: title=跳转到问题 39 frame=(1805,467,32,15) (0ms)
[2026-07-01 11:24:37] [axEl] IN: pid=79582 role=AXButton → OUT: title=跳转到问题 40 frame=(1805,487,32,15) (0ms)
[2026-07-01 11:24:37] [axEl] IN: pid=79582 role=AXButton → OUT: title=跳转到问题 41 frame=(1805,507,32,15) (0ms)
[2026-07-01 11:24:37] [axEl] IN: pid=79582 role=AXButton → OUT: title=跳转到问题 42 frame=(1805,527,32,15) (0ms)
[2026-07-01 11:24:37] [axEl] IN: pid=79582 role=AXButton → OUT: title=跳转到问题 43 frame=(1805,547,32,15) (0ms)
[2026-07-01 11:24:37] [axEl] IN: pid=79582 role=AXButton → OUT: title=跳转到问题 44 frame=(1805,567,32,15) (0ms)
[2026-07-01 11:24:37] [axEl] IN: pid=79582 role=AXStaticText → OUT: title= frame=(1330,796,27,19) (0ms)
[2026-07-01 11:24:37] [axEl] IN: pid=79582 role=AXStaticText → OUT: title= frame=(1371,800,8,17) (0ms)
[2026-07-01 11:24:37] [axEl] IN: pid=79582 role=AXStaticText → OUT: title= frame=(1378,800,7,17) (0ms)
[2026-07-01 11:24:37] [axEl] IN: pid=79582 role=AXStaticText → OUT: title= frame=(1384,800,8,17) (0ms)
[2026-07-01 11:24:37] [axEl] IN: pid=79582 role=AXStaticText → OUT: title= frame=(1330,822,87,18) (0ms)
[2026-07-01 11:24:37] [axEl] IN: pid=79582 role=AXButton → OUT: title=展开 frame=(1709,797,41,25) (0ms)
[2026-07-01 11:24:37] [axEl] IN: pid=79582 role=AXButton → OUT: title=关闭 frame=(1755,797,42,25) (0ms)
[2026-07-01 11:24:37] [axEl] IN: pid=79582 role=AXTextArea → OUT: title=给 Reasonix 发消息… ( / 命令 · @ 文件 · ! 终端 ) frame=(1337,874,409,38) (0ms)
[2026-07-01 11:24:37] [axEl] IN: pid=79582 role=AXStaticText → OUT: title= frame=(1339,877,344,21) (0ms)
[2026-07-01 11:24:37] [axEl] IN: pid=79582 role=AXButton → OUT: title= frame=(1753,874,35,34) (0ms)
[2026-07-01 11:24:37] [axEl] IN: pid=79582 role=AXPopUpButton → OUT: title=协作方式 frame=(1332,929,29,28) (0ms)
[2026-07-01 11:24:37] [axEl] IN: pid=79582 role=AXCheckBox → OUT: title= frame=(1374,932,25,24) (0ms)
[2026-07-01 11:24:37] [axEl] IN: pid=79582 role=AXCheckBox → OUT: title= frame=(1402,932,25,24) (0ms)
[2026-07-01 11:24:37] [axEl] IN: pid=79582 role=AXCheckBox → OUT: title= frame=(1430,932,25,24) (0ms)
[2026-07-01 11:24:37] [axEl] IN: pid=79582 role=AXButton → OUT: title=deepseek-v4-pro · DeepSeek 官方 frame=(1571,929,141,28) (0ms)
[2026-07-01 11:24:37] [axEl] IN: pid=79582 role=AXPopUpButton → OUT: title=更多控制 frame=(1724,927,66,32) (0ms)
[2026-07-01 11:24:37] [axEl] IN: pid=79582 role=AXButton → OUT: title= frame=(1027,93,12,14) (0ms)
[2026-07-01 11:24:37] [axEl] IN: pid=79582 role=AXButton → OUT: title= frame=(1067,93,12,14) (0ms)
[2026-07-01 11:24:37] [axEl] IN: pid=79582 role=AXButton → OUT: title= frame=(1047,93,12,14) (0ms)
[2026-07-01 11:24:37] [axEl] IN: pid=79582 role=AXMenuBarItem → OUT: title=Apple frame=(10,0,34,30) (0ms)
[2026-07-01 11:24:37] [axEl] IN: pid=79582 role=AXMenuBarItem → OUT: title=Reasonix frame=(43,0,79,30) (0ms)
[2026-07-01 11:24:37] [axEl] IN: pid=79582 role=AXMenuBarItem → OUT: title=File frame=(121,0,43,30) (0ms)
[2026-07-01 11:24:37] [axEl] IN: pid=79582 role=AXMenuBarItem → OUT: title=Edit frame=(163,0,44,30) (0ms)
[2026-07-01 11:24:37] [axEl] IN: pid=79582 role=AXMenuBarItem → OUT: title=Window frame=(206,0,69,30) (0ms)
[2026-07-01 11:24:37] [axEl] IN: pid=2480 role=AXMenuBarItem → OUT: title=Apple frame=(10,0,34,30) (0ms)
[2026-07-01 11:24:37] [axEl] IN: pid=2480 role=AXMenuBarItem → OUT: title=访达 frame=(43,0,47,30) (0ms)
[2026-07-01 11:24:37] [axEl] IN: pid=2480 role=AXMenuBarItem → OUT: title=文件 frame=(89,0,47,30) (0ms)
[2026-07-01 11:24:37] [axEl] IN: pid=2480 role=AXMenuBarItem → OUT: title=编辑 frame=(135,0,46,30) (0ms)
[2026-07-01 11:24:37] [axEl] IN: pid=2480 role=AXMenuBarItem → OUT: title=显示 frame=(180,0,47,30) (0ms)
[2026-07-01 11:24:37] [axEl] IN: pid=2480 role=AXMenuBarItem → OUT: title=前往 frame=(226,0,47,30) (0ms)
[2026-07-01 11:24:37] [axEl] IN: pid=2480 role=AXMenuBarItem → OUT: title=窗口 frame=(272,0,47,30) (0ms)
[2026-07-01 11:24:37] [axEl] IN: pid=2480 role=AXMenuBarItem → OUT: title=帮助 frame=(318,0,47,30) (0ms)
[2026-07-01 11:24:37] [axEl] IN: pid=2480 role=AXImage → OUT: title=vibe项目 frame=(77,469,64,64) (0ms)
[2026-07-01 11:24:37] [axEl] IN: pid=2478 role=AXDockItem → OUT: title=访达 frame=(295,1017,46,58) (0ms)
[2026-07-01 11:24:37] [axEl] IN: pid=2478 role=AXDockItem → OUT: title=App frame=(341,1017,46,58) (0ms)
[2026-07-01 11:24:37] [axEl] IN: pid=2478 role=AXDockItem → OUT: title=地图 frame=(387,1017,46,58) (0ms)
[2026-07-01 11:24:37] [axEl] IN: pid=2478 role=AXDockItem → OUT: title=App Store frame=(433,1017,46,58) (0ms)
[2026-07-01 11:24:37] [axEl] IN: pid=2478 role=AXDockItem → OUT: title=iPhone镜像 frame=(479,1017,46,58) (0ms)
[2026-07-01 11:24:37] [axEl] IN: pid=2478 role=AXDockItem → OUT: title=tntcloud_Lite frame=(525,1017,46,58) (0ms)
[2026-07-01 11:24:37] [axEl] IN: pid=2478 role=AXDockItem → OUT: title=豆包 frame=(571,1017,46,58) (0ms)
[2026-07-01 11:24:37] [axEl] IN: pid=2478 role=AXDockItem → OUT: title=微信 frame=(617,1017,46,58) (0ms)
[2026-07-01 11:24:37] [axEl] IN: pid=2478 role=AXDockItem → OUT: title=ima.copilot frame=(663,1017,46,58) (0ms)
[2026-07-01 11:24:37] [axEl] IN: pid=2478 role=AXDockItem → OUT: title=Google Chrome frame=(709,1017,46,58) (0ms)
[2026-07-01 11:24:37] [axEl] IN: pid=2478 role=AXDockItem → OUT: title=Claude frame=(755,1017,46,58) (0ms)
[2026-07-01 11:24:37] [axEl] IN: pid=2478 role=AXDockItem → OUT: title=飞书 frame=(801,1017,46,58) (0ms)
[2026-07-01 11:24:37] [axEl] IN: pid=2478 role=AXDockItem → OUT: title=终端 frame=(847,1017,46,58) (0ms)
[2026-07-01 11:24:37] [axEl] IN: pid=2478 role=AXDockItem → OUT: title=Visual Studio Code frame=(893,1017,46,58) (0ms)
[2026-07-01 11:24:37] [axEl] IN: pid=2478 role=AXDockItem → OUT: title=Codex frame=(939,1017,46,58) (0ms)
[2026-07-01 11:24:37] [axEl] IN: pid=2478 role=AXDockItem → OUT: title=Reasonix frame=(985,1017,46,58) (0ms)
[2026-07-01 11:24:37] [axEl] IN: pid=2478 role=AXDockItem → OUT: title= frame=(1031,1017,20,58) (0ms)
[2026-07-01 11:24:37] [axEl] IN: pid=2478 role=AXDockItem → OUT: title=屏幕共享 frame=(1052,1017,46,58) (0ms)
[2026-07-01 11:24:37] [axEl] IN: pid=2478 role=AXDockItem → OUT: title=飞鸟加速 frame=(1098,1017,46,58) (0ms)
[2026-07-01 11:24:37] [axEl] IN: pid=2478 role=AXDockItem → OUT: title=预览 frame=(1144,1017,46,58) (0ms)
[2026-07-01 11:24:37] [axEl] IN: pid=2478 role=AXDockItem → OUT: title=网易云音乐 frame=(1190,1017,46,58) (0ms)
[2026-07-01 11:24:37] [axEl] IN: pid=2478 role=AXDockItem → OUT: title=抖音 frame=(1236,1017,46,58) (0ms)
[2026-07-01 11:24:37] [axEl] IN: pid=2478 role=AXDockItem → OUT: title= frame=(1282,1017,20,58) (0ms)
[2026-07-01 11:24:37] [axEl] IN: pid=2478 role=AXDockItem → OUT: title=下载 frame=(1302,1017,46,58) (0ms)
[2026-07-01 11:24:37] [axEl] IN: pid=2478 role=AXDockItem → OUT: title=所有连接 frame=(1348,1017,46,58) (0ms)
[2026-07-01 11:24:37] [axEl] IN: pid=2478 role=AXDockItem → OUT: title=网易云音乐 frame=(1394,1017,46,58) (0ms)
[2026-07-01 11:24:37] [axEl] IN: pid=2478 role=AXDockItem → OUT: title=飞鸟加速 frame=(1440,1017,46,58) (0ms)
[2026-07-01 11:24:37] [axEl] IN: pid=2478 role=AXDockItem → OUT: title=MotionControl Toggle Buttons frame=(1486,1017,46,58) (0ms)
[2026-07-01 11:24:37] [axEl] IN: pid=2478 role=AXDockItem → OUT: title=douyin frame=(1532,1017,46,58) (0ms)
[2026-07-01 11:24:37] [axEl] IN: pid=2478 role=AXDockItem → OUT: title=废纸篓 frame=(1578,1017,46,58) (0ms)
[2026-07-01 11:24:37] [axEl] IN: pid=2479 role=AXMenuBarItem → OUT: title=Siri frame=(1752,3,16,24) (0ms)
[2026-07-01 11:24:37] [hand_detect] IN: hand_detect 1920x1080 → OUT: detected=false landmarks=nil confidence=0
[2026-07-01 11:24:37] [face_detect] IN: face_detect → OUT: detected=true landmarks=76 roll=0.03681554 pitch=-0.3696894 yaw=0.10891264 (5307ms)
[2026-07-01 11:24:37] [mouth_detect] IN: mouth_detect ratio=0.4476265 → OUT: status=CLOSED confirmed=CLOSED
[2026-07-01 11:24:37] [gaze_estimate] IN: yaw=0.10891264 pitch=-0.3696894 → OUT: yawOffset=0.14085631 pitchOffset=-0.15917118 hasFace=true
[2026-07-01 11:24:37] [hand_detect] IN: hand_detect 1920x1080 → OUT: detected=false landmarks=nil confidence=0
[2026-07-01 11:24:37] [face_detect] IN: face_detect → OUT: detected=true landmarks=76 roll=-0.0015339808 pitch=-0.36201948 yaw=0.17027187 (9448ms)
[2026-07-01 11:24:37] [mouth_detect] IN: mouth_detect ratio=0.45683268 → OUT: status=CLOSED confirmed=CLOSED
[2026-07-01 11:24:37] [gaze_estimate] IN: yaw=0.17027187 pitch=-0.36201948 → OUT: yawOffset=0.15957515 pitchOffset=-0.15697907 hasFace=true
[2026-07-01 11:24:37] [hand_detect] IN: hand_detect 1920x1080 → OUT: detected=false landmarks=nil confidence=0
[2026-07-01 11:24:37] [face_detect] IN: face_detect → OUT: detected=true landmarks=76 roll=-0.0015339808 pitch=-0.36201948 yaw=0.17027187 (6767ms)
[2026-07-01 11:24:37] [mouth_detect] IN: mouth_detect ratio=0.45578414 → OUT: status=CLOSED confirmed=CLOSED
[2026-07-01 11:24:37] [gaze_estimate] IN: yaw=0.17027187 pitch=-0.36201948 → OUT: yawOffset=0.17267834 pitchOffset=-0.15544459 hasFace=true
[2026-07-01 11:24:37] [hand_detect] IN: hand_detect 1920x1080 → OUT: detected=false landmarks=nil confidence=0
[2026-07-01 11:24:37] [face_detect] IN: face_detect → OUT: detected=true landmarks=76 roll=-0.0015339808 pitch=-0.36201948 yaw=0.17027187 (5527ms)
[2026-07-01 11:24:37] [mouth_detect] IN: mouth_detect ratio=0.4603843 → OUT: status=CLOSED confirmed=CLOSED
[2026-07-01 11:24:37] [gaze_estimate] IN: yaw=0.17027187 pitch=-0.36201948 → OUT: yawOffset=0.18185057 pitchOffset=-0.15437046 hasFace=true
[2026-07-01 11:24:38] [hand_detect] IN: hand_detect 1920x1080 → OUT: detected=false landmarks=nil confidence=0
[2026-07-01 11:24:38] [face_detect] IN: face_detect → OUT: detected=true landmarks=76 roll=-0.0015339808 pitch=-0.36201948 yaw=0.17027187 (6332ms)
[2026-07-01 11:24:38] [mouth_detect] IN: mouth_detect ratio=0.45446682 → OUT: status=CLOSED confirmed=CLOSED
[2026-07-01 11:24:38] [gaze_estimate] IN: yaw=0.17027187 pitch=-0.36201948 → OUT: yawOffset=0.18827114 pitchOffset=-0.15361856 hasFace=true
[2026-07-01 11:24:38] [hand_detect] IN: hand_detect 1920x1080 → OUT: detected=false landmarks=nil confidence=0
[2026-07-01 11:24:38] [face_detect] IN: face_detect → OUT: detected=true landmarks=76 roll=-0.0015339808 pitch=-0.36201948 yaw=0.17027187 (6466ms)
[2026-07-01 11:24:38] [mouth_detect] IN: mouth_detect ratio=0.47629654 → OUT: status=CLOSED confirmed=CLOSED
[2026-07-01 11:24:38] [gaze_estimate] IN: yaw=0.17027187 pitch=-0.36201948 → OUT: yawOffset=0.19276553 pitchOffset=-0.15309224 hasFace=true
[2026-07-01 11:24:38] [hand_detect] IN: hand_detect 1920x1080 → OUT: detected=false landmarks=nil confidence=0
[2026-07-01 11:24:38] [face_detect] IN: face_detect → OUT: detected=true landmarks=76 roll=-0.0015339808 pitch=-0.36201948 yaw=0.17027187 (8455ms)
[2026-07-01 11:24:38] [mouth_detect] IN: mouth_detect ratio=0.46737182 → OUT: status=CLOSED confirmed=CLOSED
[2026-07-01 11:24:38] [gaze_estimate] IN: yaw=0.17027187 pitch=-0.36201948 → OUT: yawOffset=0.19591162 pitchOffset=-0.1527238 hasFace=true
[2026-07-01 11:24:38] [hand_detect] IN: hand_detect 1920x1080 → OUT: detected=false landmarks=nil confidence=0
[2026-07-01 11:24:38] [face_detect] IN: face_detect → OUT: detected=true landmarks=76 roll=-0.0015339808 pitch=-0.36201948 yaw=0.17027187 (8025ms)
[2026-07-01 11:24:38] [mouth_detect] IN: mouth_detect ratio=0.47021174 → OUT: status=CLOSED confirmed=CLOSED
[2026-07-01 11:24:38] [gaze_estimate] IN: yaw=0.17027187 pitch=-0.36201948 → OUT: yawOffset=0.19811387 pitchOffset=-0.15246591 hasFace=true
[2026-07-01 11:24:38] [hand_detect] IN: hand_detect 1920x1080 → OUT: detected=false landmarks=nil confidence=0
[2026-07-01 11:24:38] [face_detect] IN: face_detect → OUT: detected=true landmarks=76 roll=-0.0015339808 pitch=-0.36201948 yaw=0.17027187 (5285ms)
[2026-07-01 11:24:38] [mouth_detect] IN: mouth_detect ratio=0.45759884 → OUT: status=CLOSED confirmed=CLOSED
[2026-07-01 11:24:38] [gaze_estimate] IN: yaw=0.17027187 pitch=-0.36201948 → OUT: yawOffset=0.19965544 pitchOffset=-0.15228538 hasFace=true
[2026-07-01 11:24:38] [hand_detect] IN: hand_detect 1920x1080 → OUT: detected=false landmarks=nil confidence=0
[2026-07-01 11:24:38] [face_detect] IN: face_detect → OUT: detected=true landmarks=76 roll=-0.0015339808 pitch=-0.36201948 yaw=0.17027187 (5879ms)
[2026-07-01 11:24:38] [mouth_detect] IN: mouth_detect ratio=0.47190538 → OUT: status=CLOSED confirmed=CLOSED
[2026-07-01 11:24:38] [gaze_estimate] IN: yaw=0.17027187 pitch=-0.36201948 → OUT: yawOffset=0.20073454 pitchOffset=-0.152159 hasFace=true
[2026-07-01 11:24:38] [hand_detect] IN: hand_detect 1920x1080 → OUT: detected=false landmarks=nil confidence=0
[2026-07-01 11:24:38] [face_detect] IN: face_detect → OUT: detected=true landmarks=76 roll=-0.0015339808 pitch=-0.36201948 yaw=0.17027187 (4453ms)
[2026-07-01 11:24:38] [mouth_detect] IN: mouth_detect ratio=0.46530768 → OUT: status=CLOSED confirmed=CLOSED
[2026-07-01 11:24:38] [gaze_estimate] IN: yaw=0.17027187 pitch=-0.36201948 → OUT: yawOffset=0.20148991 pitchOffset=-0.15207055 hasFace=true
[2026-07-01 11:24:38] [hand_detect] IN: hand_detect 1920x1080 → OUT: detected=false landmarks=nil confidence=0
[2026-07-01 11:24:38] [face_detect] IN: face_detect → OUT: detected=true landmarks=76 roll=-0.0015339808 pitch=-0.36201948 yaw=0.17027187 (4610ms)
[2026-07-01 11:24:38] [mouth_detect] IN: mouth_detect ratio=0.4662175 → OUT: status=CLOSED confirmed=CLOSED
[2026-07-01 11:24:38] [gaze_estimate] IN: yaw=0.17027187 pitch=-0.36201948 → OUT: yawOffset=0.20201868 pitchOffset=-0.15200862 hasFace=true
[2026-07-01 11:24:38] [hand_detect] IN: hand_detect 1920x1080 → OUT: detected=false landmarks=nil confidence=0
[2026-07-01 11:24:38] [face_detect] IN: face_detect → OUT: detected=true landmarks=76 roll=-0.0015339808 pitch=-0.36201948 yaw=0.17027187 (4482ms)
[2026-07-01 11:24:38] [mouth_detect] IN: mouth_detect ratio=0.47879794 → OUT: status=CLOSED confirmed=CLOSED
[2026-07-01 11:24:38] [gaze_estimate] IN: yaw=0.17027187 pitch=-0.36201948 → OUT: yawOffset=0.20238881 pitchOffset=-0.15196528 hasFace=true
[2026-07-01 11:24:38] [hand_detect] IN: hand_detect 1920x1080 → OUT: detected=false landmarks=nil confidence=0
[2026-07-01 11:24:38] [face_detect] IN: face_detect → OUT: detected=true landmarks=76 roll=-0.0015339808 pitch=-0.36201948 yaw=0.17027187 (4315ms)
[2026-07-01 11:24:38] [mouth_detect] IN: mouth_detect ratio=0.46277663 → OUT: status=CLOSED confirmed=CLOSED
[2026-07-01 11:24:38] [gaze_estimate] IN: yaw=0.17027187 pitch=-0.36201948 → OUT: yawOffset=0.2026479 pitchOffset=-0.15193494 hasFace=true
[2026-07-01 11:24:38] [hand_detect] IN: hand_detect 1920x1080 → OUT: detected=false landmarks=nil confidence=0
[2026-07-01 11:24:38] [face_detect] IN: face_detect → OUT: detected=true landmarks=76 roll=-0.0015339808 pitch=-0.36201948 yaw=0.17027187 (4814ms)
[2026-07-01 11:24:38] [mouth_detect] IN: mouth_detect ratio=0.4560946 → OUT: status=CLOSED confirmed=CLOSED
[2026-07-01 11:24:38] [gaze_estimate] IN: yaw=0.17027187 pitch=-0.36201948 → OUT: yawOffset=0.20282926 pitchOffset=-0.1519137 hasFace=true
[2026-07-01 11:24:38] [hand_detect] IN: hand_detect 1920x1080 → OUT: detected=false landmarks=nil confidence=0
[2026-07-01 11:24:38] [face_detect] IN: face_detect → OUT: detected=true landmarks=76 roll=-0.0015339808 pitch=-0.36201948 yaw=0.17027187 (4606ms)
[2026-07-01 11:24:38] [mouth_detect] IN: mouth_detect ratio=0.4608264 → OUT: status=CLOSED confirmed=CLOSED
[2026-07-01 11:24:38] [gaze_estimate] IN: yaw=0.17027187 pitch=-0.36201948 → OUT: yawOffset=0.20295621 pitchOffset=-0.15189883 hasFace=true
[2026-07-01 11:24:38] [hand_detect] IN: hand_detect 1920x1080 → OUT: detected=false landmarks=nil confidence=0
[2026-07-01 11:24:38] [face_detect] IN: face_detect → OUT: detected=true landmarks=76 roll=-0.0061359233 pitch=-0.42414573 yaw=0.240835 (9317ms)
[2026-07-01 11:24:38] [mouth_detect] IN: mouth_detect ratio=0.4690451 → OUT: status=CLOSED confirmed=CLOSED
[2026-07-01 11:24:38] [gaze_estimate] IN: yaw=0.240835 pitch=-0.42414573 → OUT: yawOffset=0.22421402 pitchOffset=-0.1705263 hasFace=true
[2026-07-01 11:24:38] [hand_detect] IN: hand_detect 1920x1080 → OUT: detected=false landmarks=nil confidence=0
[2026-07-01 11:24:38] [face_detect] IN: face_detect → OUT: detected=true landmarks=76 roll=-0.0061359233 pitch=-0.42414573 yaw=0.240835 (5470ms)
[2026-07-01 11:24:38] [mouth_detect] IN: mouth_detect ratio=0.46928605 → OUT: status=CLOSED confirmed=CLOSED
[2026-07-01 11:24:38] [gaze_estimate] IN: yaw=0.240835 pitch=-0.42414573 → OUT: yawOffset=0.23909448 pitchOffset=-0.18356553 hasFace=true
[2026-07-01 11:24:38] [hand_detect] IN: hand_detect 1920x1080 → OUT: detected=false landmarks=nil confidence=0
[2026-07-01 11:24:38] [face_detect] IN: face_detect → OUT: detected=true landmarks=76 roll=-0.0061359233 pitch=-0.42414573 yaw=0.240835 (5645ms)
[2026-07-01 11:24:38] [mouth_detect] IN: mouth_detect ratio=0.4721773 → OUT: status=CLOSED confirmed=CLOSED
[2026-07-01 11:24:38] [gaze_estimate] IN: yaw=0.240835 pitch=-0.42414573 → OUT: yawOffset=0.24951081 pitchOffset=-0.19269298 hasFace=true
[2026-07-01 11:24:38] [hand_detect] IN: hand_detect 1920x1080 → OUT: detected=false landmarks=nil confidence=0
[2026-07-01 11:24:38] [face_detect] IN: face_detect → OUT: detected=true landmarks=76 roll=-0.0061359233 pitch=-0.42414573 yaw=0.240835 (5737ms)
[2026-07-01 11:24:38] [mouth_detect] IN: mouth_detect ratio=0.46906617 → OUT: status=CLOSED confirmed=CLOSED
[2026-07-01 11:24:38] [gaze_estimate] IN: yaw=0.240835 pitch=-0.42414573 → OUT: yawOffset=0.25680223 pitchOffset=-0.19908221 hasFace=true
[2026-07-01 11:24:38] [hand_detect] IN: hand_detect 1920x1080 → OUT: detected=false landmarks=nil confidence=0
[2026-07-01 11:24:38] [face_detect] IN: face_detect → OUT: detected=true landmarks=76 roll=-0.0061359233 pitch=-0.42414573 yaw=0.240835 (4623ms)
[2026-07-01 11:24:38] [mouth_detect] IN: mouth_detect ratio=0.47902253 → OUT: status=CLOSED confirmed=CLOSED
[2026-07-01 11:24:38] [gaze_estimate] IN: yaw=0.240835 pitch=-0.42414573 → OUT: yawOffset=0.26190624 pitchOffset=-0.20355466 hasFace=true
[2026-07-01 11:24:38] [hand_detect] IN: hand_detect 1920x1080 → OUT: detected=false landmarks=nil confidence=0
[2026-07-01 11:24:38] [face_detect] IN: face_detect → OUT: detected=true landmarks=76 roll=-0.0061359233 pitch=-0.42414573 yaw=0.240835 (5689ms)
[2026-07-01 11:24:38] [mouth_detect] IN: mouth_detect ratio=0.4687039 → OUT: status=CLOSED confirmed=CLOSED
[2026-07-01 11:24:38] [gaze_estimate] IN: yaw=0.240835 pitch=-0.42414573 → OUT: yawOffset=0.26547903 pitchOffset=-0.20668538 hasFace=true
[2026-07-01 11:24:38] [hand_detect] IN: hand_detect 1920x1080 → OUT: detected=false landmarks=nil confidence=0
[2026-07-01 11:24:38] [face_detect] IN: face_detect → OUT: detected=true landmarks=76 roll=-0.0061359233 pitch=-0.42414573 yaw=0.240835 (4554ms)
[2026-07-01 11:24:38] [mouth_detect] IN: mouth_detect ratio=0.4694051 → OUT: status=CLOSED confirmed=CLOSED
[2026-07-01 11:24:38] [gaze_estimate] IN: yaw=0.240835 pitch=-0.42414573 → OUT: yawOffset=0.26797998 pitchOffset=-0.20887688 hasFace=true
[2026-07-01 11:24:38] [hand_detect] IN: hand_detect 1920x1080 → OUT: detected=false landmarks=nil confidence=0
[2026-07-01 11:24:38] [face_detect] IN: face_detect → OUT: detected=true landmarks=76 roll=-0.0061359233 pitch=-0.42414573 yaw=0.240835 (4684ms)
[2026-07-01 11:24:38] [mouth_detect] IN: mouth_detect ratio=0.47743413 → OUT: status=CLOSED confirmed=CLOSED
[2026-07-01 11:24:38] [gaze_estimate] IN: yaw=0.240835 pitch=-0.42414573 → OUT: yawOffset=0.26973066 pitchOffset=-0.21041094 hasFace=true
[2026-07-01 11:24:38] [axScan] IN: windows=5 → OUT: raw=433 visible=417 [pid79582=346 pid2479=1 pid61336=31 pid2480=9 pid2478=30] (695ms)
[2026-07-01 11:24:38] [axEl] IN: pid=61336 role=AXButton → OUT: title= frame=(901,117,20,20) (0ms)
[2026-07-01 11:24:38] [axEl] IN: pid=61336 role=AXScrollBar → OUT: title= frame=(901,135,19,338) (0ms)
[2026-07-01 11:24:38] [axEl] IN: pid=61336 role=AXButton → OUT: title= frame=(905,139,11,310) (0ms)
[2026-07-01 11:24:38] [axEl] IN: pid=61336 role=AXButton → OUT: title= frame=(410,95,16,16) (0ms)
[2026-07-01 11:24:38] [axEl] IN: pid=61336 role=AXButton → OUT: title= frame=(456,95,16,16) (0ms)
[2026-07-01 11:24:38] [axEl] IN: pid=61336 role=AXButton → OUT: title= frame=(433,95,16,16) (0ms)
[2026-07-01 11:24:38] [axEl] IN: pid=61336 role=AXImage → OUT: title=diqibadao frame=(483,93,18,18) (0ms)
[2026-07-01 11:24:38] [axEl] IN: pid=61336 role=AXStaticText → OUT: title= frame=(502,95,407,16) (0ms)
[2026-07-01 11:24:38] [axEl] IN: pid=61336 role=AXButton → OUT: title= frame=(918,674,20,20) (0ms)
[2026-07-01 11:24:38] [axEl] IN: pid=61336 role=AXScrollBar → OUT: title= frame=(918,692,19,338) (0ms)
[2026-07-01 11:24:38] [axEl] IN: pid=61336 role=AXButton → OUT: title= frame=(922,696,11,310) (0ms)
[2026-07-01 11:24:38] [axEl] IN: pid=61336 role=AXButton → OUT: title= frame=(427,652,16,16) (0ms)
[2026-07-01 11:24:38] [axEl] IN: pid=61336 role=AXButton → OUT: title= frame=(473,652,16,16) (0ms)
[2026-07-01 11:24:38] [axEl] IN: pid=61336 role=AXButton → OUT: title= frame=(450,652,16,16) (0ms)
[2026-07-01 11:24:38] [axEl] IN: pid=61336 role=AXImage → OUT: title=diqibadao frame=(500,650,18,18) (0ms)
[2026-07-01 11:24:38] [axEl] IN: pid=61336 role=AXStaticText → OUT: title= frame=(519,652,241,16) (0ms)
[2026-07-01 11:24:38] [axEl] IN: pid=61336 role=AXButton → OUT: title= frame=(872,88,20,20) (0ms)
[2026-07-01 11:24:38] [axEl] IN: pid=61336 role=AXScrollBar → OUT: title= frame=(872,106,19,338) (0ms)
[2026-07-01 11:24:38] [axEl] IN: pid=61336 role=AXButton → OUT: title= frame=(876,110,11,310) (0ms)
[2026-07-01 11:24:38] [axEl] IN: pid=61336 role=AXButton → OUT: title= frame=(381,66,16,16) (0ms)
[2026-07-01 11:24:38] [axEl] IN: pid=61336 role=AXButton → OUT: title= frame=(427,66,16,16) (0ms)
[2026-07-01 11:24:38] [axEl] IN: pid=61336 role=AXButton → OUT: title= frame=(404,66,16,16) (0ms)
[2026-07-01 11:24:38] [axEl] IN: pid=61336 role=AXImage → OUT: title=diqibadao frame=(454,64,18,18) (0ms)
[2026-07-01 11:24:38] [axEl] IN: pid=61336 role=AXStaticText → OUT: title= frame=(473,66,241,16) (0ms)
[2026-07-01 11:24:38] [axEl] IN: pid=61336 role=AXMenuBarItem → OUT: title=Apple frame=(10,0,34,30) (0ms)
[2026-07-01 11:24:38] [axEl] IN: pid=61336 role=AXMenuBarItem → OUT: title=终端 frame=(43,0,47,30) (0ms)
[2026-07-01 11:24:38] [axEl] IN: pid=61336 role=AXMenuBarItem → OUT: title=Shell frame=(89,0,50,30) (0ms)
[2026-07-01 11:24:38] [axEl] IN: pid=61336 role=AXMenuBarItem → OUT: title=编辑 frame=(138,0,47,30) (0ms)
[2026-07-01 11:24:38] [axEl] IN: pid=61336 role=AXMenuBarItem → OUT: title=显示 frame=(184,0,47,30) (0ms)
[2026-07-01 11:24:38] [axEl] IN: pid=61336 role=AXMenuBarItem → OUT: title=窗口 frame=(230,0,47,30) (0ms)
[2026-07-01 11:24:38] [axEl] IN: pid=61336 role=AXMenuBarItem → OUT: title=帮助 frame=(276,0,47,30) (0ms)
[2026-07-01 11:24:38] [axEl] IN: pid=79582 role=AXLink → OUT: title=跳到输入框 frame=(1390,36,83,35) (0ms)
[2026-07-01 11:24:38] [axEl] IN: pid=79582 role=AXStaticText → OUT: title= frame=(1402,45,59,17) (0ms)
[2026-07-01 11:24:38] [axEl] IN: pid=79582 role=AXImage → OUT: title= frame=(1019,123,118,28) (0ms)
[2026-07-01 11:24:38] [axEl] IN: pid=79582 role=AXButton → OUT: title=新建对话 frame=(1026,173,240,38) (0ms)
[2026-07-01 11:24:38] [axEl] IN: pid=79582 role=AXStaticText → OUT: title= frame=(1032,226,25,18) (0ms)
[2026-07-01 11:24:38] [axEl] IN: pid=79582 role=AXButton → OUT: title=技能 frame=(1026,255,240,30) (0ms)
[2026-07-01 11:24:38] [axEl] IN: pid=79582 role=AXButton → OUT: title=记忆 frame=(1026,289,240,30) (0ms)
[2026-07-01 11:24:38] [axEl] IN: pid=79582 role=AXButton → OUT: title=消息通道 frame=(1026,323,240,30) (0ms)
[2026-07-01 11:24:38] [axEl] IN: pid=79582 role=AXButton → OUT: title=自动化 frame=(1026,357,240,30) (0ms)
[2026-07-01 11:24:38] [axEl] IN: pid=79582 role=AXStaticText → OUT: title= frame=(1032,411,26,18) (0ms)
[2026-07-01 11:24:38] [axEl] IN: pid=79582 role=AXPopUpButton → OUT: title=按时间筛选 frame=(1174,408,24,22) (0ms)
[2026-07-01 11:24:38] [axEl] IN: pid=79582 role=AXCheckBox → OUT: title=收起所有项目 frame=(1204,408,22,22) (0ms)
[2026-07-01 11:24:38] [axEl] IN: pid=79582 role=AXButton → OUT: title=添加新项目 frame=(1235,408,22,22) (0ms)
[2026-07-01 11:24:38] [axEl] IN: pid=79582 role=AXButton → OUT: title=Global frame=(1028,446,204,32) (0ms)
[2026-07-01 11:24:38] [axEl] IN: pid=79582 role=AXButton → OUT: title=新建会话 frame=(1238,450,24,24) (0ms)
[2026-07-01 11:24:38] [axEl] IN: pid=79582 role=AXButton → OUT: title=已粘贴文本 #3 · 71 行] … frame=(1044,483,219,23) (0ms)
[2026-07-01 11:24:38] [axEl] IN: pid=79582 role=AXButton → OUT: title=调研技术方案 @.reasonix… frame=(1044,508,219,23) (0ms)
[2026-07-01 11:24:38] [axEl] IN: pid=79582 role=AXButton → OUT: title=光标控制和手势控制的启动关闭按钮呢 … frame=(1044,533,219,23) (0ms)
[2026-07-01 11:24:38] [axEl] IN: pid=79582 role=AXButton → OUT: title=光标控制和手势控制的启动关闭按钮呢 … frame=(1044,558,219,23) (0ms)
[2026-07-01 11:24:38] [axEl] IN: pid=79582 role=AXButton → OUT: title=新的会话 frame=(1044,583,219,28) (0ms)
[2026-07-01 11:24:38] [axEl] IN: pid=79582 role=AXButton → OUT: title=嗨 你好啊 frame=(1044,613,219,24) (0ms)
[2026-07-01 11:24:38] [axEl] IN: pid=79582 role=AXButton → OUT: title=global会话卡住了 看看啥情况 frame=(1044,638,219,24) (0ms)
[2026-07-01 11:24:38] [axEl] IN: pid=79582 role=AXButton → OUT: title=<memory-compiler-e… frame=(1044,663,219,24) (0ms)
[2026-07-01 11:24:38] [axEl] IN: pid=79582 role=AXButton → OUT: title=自然识别App调研，你看看我的桌面这… frame=(1044,688,219,24) (0ms)
[2026-07-01 11:24:38] [axEl] IN: pid=79582 role=AXButton → OUT: title=我使用的飞鸟加速外网好慢啊 检查下可… frame=(1044,713,219,24) (0ms)
[2026-07-01 11:24:38] [axEl] IN: pid=79582 role=AXButton → OUT: title=<active-goal> 我感觉c… frame=(1044,738,219,24) (0ms)
[2026-07-01 11:24:38] [axEl] IN: pid=79582 role=AXCheckBox → OUT: title=搜索项目或会话 frame=(1026,956,56,30) (0ms)
[2026-07-01 11:24:38] [axEl] IN: pid=79582 role=AXButton → OUT: title= frame=(1087,956,56,30) (0ms)
[2026-07-01 11:24:38] [axEl] IN: pid=79582 role=AXButton → OUT: title= frame=(1149,956,56,30) (0ms)
[2026-07-01 11:24:38] [axEl] IN: pid=79582 role=AXButton → OUT: title= frame=(1210,956,56,30) (0ms)
[2026-07-01 11:24:38] [axEl] IN: pid=79582 role=AXCheckBox → OUT: title=收起导航 frame=(1265,517,26,47) (0ms)
[2026-07-01 11:24:38] [axEl] IN: pid=79582 role=AXHeading → OUT: title=重命名会话 frame=(1296,103,176,19) (0ms)
[2026-07-01 11:24:38] [axEl] IN: pid=79582 role=AXButton → OUT: title=重命名会话 frame=(1296,103,176,19) (0ms)
[2026-07-01 11:24:38] [axEl] IN: pid=79582 role=AXButton → OUT: title=复制会话 frame=(1621,102,30,28) (0ms)
[2026-07-01 11:24:38] [axEl] IN: pid=79582 role=AXPopUpButton → OUT: title=导出会话 frame=(1657,102,30,28) (0ms)
[2026-07-01 11:24:38] [axEl] IN: pid=79582 role=AXCheckBox → OUT: title=改动 frame=(1693,102,30,28) (0ms)
[2026-07-01 11:24:38] [axEl] IN: pid=79582 role=AXButton → OUT: title=键盘快捷键 frame=(1729,102,30,28) (0ms)
[2026-07-01 11:24:38] [axEl] IN: pid=79582 role=AXButton → OUT: title=命令 frame=(1765,102,30,28) (0ms)
[2026-07-01 11:24:38] [axEl] IN: pid=79582 role=AXCheckBox → OUT: title=展开工作区 frame=(1801,102,30,28) (0ms)
[2026-07-01 11:24:38] [axEl] IN: pid=79582 role=AXStaticText → OUT: title= frame=(1362,1,24,16) (0ms)
[2026-07-01 11:24:38] [axEl] IN: pid=79582 role=AXStaticText → OUT: title= frame=(1428,1,9,16) (0ms)
[2026-07-01 11:24:38] [axEl] IN: pid=79582 role=AXStaticText → OUT: title= frame=(1453,1,264,16) (0ms)
[2026-07-01 11:24:38] [axEl] IN: pid=79582 role=AXStaticText → OUT: title= frame=(1362,21,24,15) (0ms)
[2026-07-01 11:24:38] [axEl] IN: pid=79582 role=AXStaticText → OUT: title= frame=(1399,21,24,15) (0ms)
[2026-07-01 11:24:38] [axEl] IN: pid=79582 role=AXStaticText → OUT: title= frame=(1453,21,102,15) (0ms)
[2026-07-01 11:24:38] [axEl] IN: pid=79582 role=AXStaticText → OUT: title= frame=(1362,40,24,16) (0ms)
[2026-07-01 11:24:38] [axEl] IN: pid=79582 role=AXStaticText → OUT: title= frame=(1399,40,24,16) (0ms)
[2026-07-01 11:24:38] [axEl] IN: pid=79582 role=AXStaticText → OUT: title= frame=(1453,40,233,16) (0ms)
[2026-07-01 11:24:38] [axEl] IN: pid=79582 role=AXStaticText → OUT: title= frame=(1362,59,24,16) (0ms)
[2026-07-01 11:24:38] [axEl] IN: pid=79582 role=AXStaticText → OUT: title= frame=(1399,59,24,16) (0ms)
[2026-07-01 11:24:38] [axEl] IN: pid=79582 role=AXButton → OUT: title= frame=(1342,7,234,28) (0ms)
[2026-07-01 11:24:38] [axEl] IN: pid=79582 role=AXButton → OUT: title= frame=(1342,37,514,28) (0ms)
[2026-07-01 11:24:38] [axEl] IN: pid=79582 role=AXButton → OUT: title= frame=(1316,13,495,18) (0ms)
[2026-07-01 11:24:38] [axEl] IN: pid=79582 role=AXButton → OUT: title= frame=(1342,41,507,29) (0ms)
[2026-07-01 11:24:38] [axEl] IN: pid=79582 role=AXStaticText → OUT: title= frame=(1362,76,24,16) (0ms)
[2026-07-01 11:24:38] [axEl] IN: pid=79582 role=AXStaticText → OUT: title= frame=(1399,76,24,16) (0ms)
[2026-07-01 11:24:38] [axEl] IN: pid=79582 role=AXStaticText → OUT: title= frame=(1362,95,24,16) (0ms)
[2026-07-01 11:24:38] [axEl] IN: pid=79582 role=AXStaticText → OUT: title= frame=(1399,95,24,16) (0ms)
[2026-07-01 11:24:38] [axEl] IN: pid=79582 role=AXStaticText → OUT: title= frame=(1453,95,387,16) (0ms)
[2026-07-01 11:24:38] [axEl] IN: pid=79582 role=AXStaticText → OUT: title= frame=(1362,115,24,15) (0ms)
[2026-07-01 11:24:38] [axEl] IN: pid=79582 role=AXStaticText → OUT: title= frame=(1399,115,24,15) (0ms)
[2026-07-01 11:24:38] [axEl] IN: pid=79582 role=AXStaticText → OUT: title= frame=(1453,115,217,15) (0ms)
[2026-07-01 11:24:38] [axEl] IN: pid=79582 role=AXStaticText → OUT: title= frame=(1362,134,24,16) (0ms)
[2026-07-01 11:24:38] [axEl] IN: pid=79582 role=AXStaticText → OUT: title= frame=(1428,134,9,16) (0ms)
[2026-07-01 11:24:38] [axEl] IN: pid=79582 role=AXStaticText → OUT: title= frame=(1453,134,432,16) (0ms)
[2026-07-01 11:24:38] [axEl] IN: pid=79582 role=AXStaticText → OUT: title= frame=(1362,154,24,15) (0ms)
[2026-07-01 11:24:38] [axEl] IN: pid=79582 role=AXStaticText → OUT: title= frame=(1428,154,9,15) (0ms)
[2026-07-01 11:24:38] [axEl] IN: pid=79582 role=AXStaticText → OUT: title= frame=(1453,154,295,15) (0ms)
[2026-07-01 11:24:38] [axEl] IN: pid=79582 role=AXStaticText → OUT: title= frame=(1362,173,24,16) (0ms)
[2026-07-01 11:24:38] [axEl] IN: pid=79582 role=AXStaticText → OUT: title= frame=(1428,173,9,16) (0ms)
[2026-07-01 11:24:38] [axEl] IN: pid=79582 role=AXStaticText → OUT: title= frame=(1453,173,264,16) (0ms)
[2026-07-01 11:24:38] [axEl] IN: pid=79582 role=AXStaticText → OUT: title= frame=(1362,192,24,16) (0ms)
[2026-07-01 11:24:38] [axEl] IN: pid=79582 role=AXStaticText → OUT: title= frame=(1428,192,9,16) (0ms)
[2026-07-01 11:24:38] [axEl] IN: pid=79582 role=AXStaticText → OUT: title= frame=(1453,192,727,16) (0ms)
[2026-07-01 11:24:38] [axEl] IN: pid=79582 role=AXStaticText → OUT: title= frame=(1362,212,24,15) (0ms)
[2026-07-01 11:24:38] [axEl] IN: pid=79582 role=AXStaticText → OUT: title= frame=(1428,212,9,15) (0ms)
[2026-07-01 11:24:38] [axEl] IN: pid=79582 role=AXStaticText → OUT: title= frame=(1453,212,836,15) (0ms)
[2026-07-01 11:24:38] [axEl] IN: pid=79582 role=AXStaticText → OUT: title= frame=(1362,231,24,16) (0ms)
[2026-07-01 11:24:38] [axEl] IN: pid=79582 role=AXStaticText → OUT: title= frame=(1428,231,9,16) (0ms)
[2026-07-01 11:24:38] [axEl] IN: pid=79582 role=AXStaticText → OUT: title= frame=(1453,231,187,16) (0ms)
[2026-07-01 11:24:38] [axEl] IN: pid=79582 role=AXStaticText → OUT: title= frame=(1362,250,24,16) (0ms)
[2026-07-01 11:24:38] [axEl] IN: pid=79582 role=AXStaticText → OUT: title= frame=(1428,250,9,16) (0ms)
[2026-07-01 11:24:38] [axEl] IN: pid=79582 role=AXStaticText → OUT: title= frame=(1453,250,310,16) (0ms)
[2026-07-01 11:24:38] [axEl] IN: pid=79582 role=AXStaticText → OUT: title= frame=(1362,270,24,15) (0ms)
[2026-07-01 11:24:38] [axEl] IN: pid=79582 role=AXStaticText → OUT: title= frame=(1428,270,9,15) (0ms)
[2026-07-01 11:24:38] [axEl] IN: pid=79582 role=AXStaticText → OUT: title= frame=(1453,270,295,15) (0ms)
[2026-07-01 11:24:38] [axEl] IN: pid=79582 role=AXStaticText → OUT: title= frame=(1362,289,24,16) (0ms)
[2026-07-01 11:24:38] [axEl] IN: pid=79582 role=AXStaticText → OUT: title= frame=(1428,289,9,16) (0ms)
[2026-07-01 11:24:38] [axEl] IN: pid=79582 role=AXStaticText → OUT: title= frame=(1453,289,295,16) (0ms)
[2026-07-01 11:24:38] [axEl] IN: pid=79582 role=AXStaticText → OUT: title= frame=(1362,309,24,15) (0ms)
[2026-07-01 11:24:38] [axEl] IN: pid=79582 role=AXStaticText → OUT: title= frame=(1428,309,9,15) (0ms)
[2026-07-01 11:24:38] [axEl] IN: pid=79582 role=AXStaticText → OUT: title= frame=(1453,309,132,15) (0ms)
[2026-07-01 11:24:38] [axEl] IN: pid=79582 role=AXStaticText → OUT: title= frame=(1362,328,24,16) (0ms)
[2026-07-01 11:24:38] [axEl] IN: pid=79582 role=AXStaticText → OUT: title= frame=(1428,328,9,16) (0ms)
[2026-07-01 11:24:38] [axEl] IN: pid=79582 role=AXStaticText → OUT: title= frame=(1453,328,102,16) (0ms)
[2026-07-01 11:24:38] [axEl] IN: pid=79582 role=AXStaticText → OUT: title= frame=(1362,347,24,16) (0ms)
[2026-07-01 11:24:38] [axEl] IN: pid=79582 role=AXStaticText → OUT: title= frame=(1399,347,24,16) (0ms)
[2026-07-01 11:24:38] [axEl] IN: pid=79582 role=AXStaticText → OUT: title= frame=(1453,347,626,16) (0ms)
[2026-07-01 11:24:38] [axEl] IN: pid=79582 role=AXStaticText → OUT: title= frame=(1362,367,24,15) (0ms)
[2026-07-01 11:24:38] [axEl] IN: pid=79582 role=AXStaticText → OUT: title= frame=(1399,367,24,15) (0ms)
[2026-07-01 11:24:38] [axEl] IN: pid=79582 role=AXStaticText → OUT: title= frame=(1453,367,489,15) (0ms)
[2026-07-01 11:24:38] [axEl] IN: pid=79582 role=AXStaticText → OUT: title= frame=(1362,386,24,16) (0ms)
[2026-07-01 11:24:38] [axEl] IN: pid=79582 role=AXStaticText → OUT: title= frame=(1399,386,24,16) (0ms)
[2026-07-01 11:24:38] [axEl] IN: pid=79582 role=AXStaticText → OUT: title= frame=(1453,386,341,16) (0ms)
[2026-07-01 11:24:38] [axEl] IN: pid=79582 role=AXButton → OUT: title=深度思考 frame=(1316,56,69,19) (0ms)
[2026-07-01 11:24:38] [axEl] IN: pid=79582 role=AXButton → OUT: title= frame=(1316,86,167,25) (0ms)
[2026-07-01 11:24:38] [axEl] IN: pid=79582 role=AXButton → OUT: title= frame=(1316,131,495,19) (0ms)
[2026-07-01 11:24:38] [axEl] IN: pid=79582 role=AXButton → OUT: title= frame=(1342,159,513,29) (0ms)
[2026-07-01 11:24:38] [axEl] IN: pid=79582 role=AXButton → OUT: title=深度思考 frame=(1316,174,69,19) (0ms)
[2026-07-01 11:24:38] [axEl] IN: pid=79582 role=AXStaticText → OUT: title= frame=(1316,204,449,21) (0ms)
[2026-07-01 11:24:38] [axEl] IN: pid=79582 role=AXButton → OUT: title= frame=(1316,246,167,25) (0ms)
[2026-07-01 11:24:38] [axEl] IN: pid=79582 role=AXButton → OUT: title= frame=(1316,249,495,19) (0ms)
[2026-07-01 11:24:38] [axEl] IN: pid=79582 role=AXButton → OUT: title= frame=(1342,277,165,29) (0ms)
[2026-07-01 11:24:38] [axEl] IN: pid=79582 role=AXButton → OUT: title=深度思考 frame=(1316,293,69,19) (0ms)
[2026-07-01 11:24:38] [axEl] IN: pid=79582 role=AXButton → OUT: title= frame=(1316,322,167,25) (0ms)
[2026-07-01 11:24:38] [axEl] IN: pid=79582 role=AXButton → OUT: title= frame=(1316,367,495,19) (0ms)
[2026-07-01 11:24:38] [axEl] IN: pid=79582 role=AXButton → OUT: title= frame=(1342,395,290,29) (0ms)
[2026-07-01 11:24:38] [axEl] IN: pid=79582 role=AXButton → OUT: title=深度思考 frame=(1316,411,69,19) (0ms)
[2026-07-01 11:24:38] [axEl] IN: pid=79582 role=AXButton → OUT: title= frame=(1316,440,167,25) (0ms)
[2026-07-01 11:24:38] [axEl] IN: pid=79582 role=AXButton → OUT: title= frame=(1316,485,495,19) (0ms)
[2026-07-01 11:24:38] [axEl] IN: pid=79582 role=AXButton → OUT: title= frame=(1342,513,507,29) (0ms)
[2026-07-01 11:24:38] [axEl] IN: pid=79582 role=AXStaticText → OUT: title= frame=(1370,549,16,15) (0ms)
[2026-07-01 11:24:38] [axEl] IN: pid=79582 role=AXStaticText → OUT: title= frame=(1407,549,16,15) (0ms)
[2026-07-01 11:24:38] [axEl] IN: pid=79582 role=AXStaticText → OUT: title= frame=(1453,549,426,15) (0ms)
[2026-07-01 11:24:38] [axEl] IN: pid=79582 role=AXStaticText → OUT: title= frame=(1370,568,16,16) (0ms)
[2026-07-01 11:24:38] [axEl] IN: pid=79582 role=AXStaticText → OUT: title= frame=(1407,568,16,16) (0ms)
[2026-07-01 11:24:38] [axEl] IN: pid=79582 role=AXStaticText → OUT: title= frame=(1453,568,449,16) (0ms)
[2026-07-01 11:24:38] [axEl] IN: pid=79582 role=AXStaticText → OUT: title= frame=(1370,588,16,15) (0ms)
[2026-07-01 11:24:38] [axEl] IN: pid=79582 role=AXStaticText → OUT: title= frame=(1407,588,16,15) (0ms)
[2026-07-01 11:24:38] [axEl] IN: pid=79582 role=AXStaticText → OUT: title= frame=(1453,588,380,15) (0ms)
[2026-07-01 11:24:38] [axEl] IN: pid=79582 role=AXStaticText → OUT: title= frame=(1370,607,16,16) (0ms)
[2026-07-01 11:24:38] [axEl] IN: pid=79582 role=AXStaticText → OUT: title= frame=(1428,607,9,16) (0ms)
[2026-07-01 11:24:38] [axEl] IN: pid=79582 role=AXStaticText → OUT: title= frame=(1453,607,380,16) (0ms)
[2026-07-01 11:24:38] [axEl] IN: pid=79582 role=AXStaticText → OUT: title= frame=(1362,626,24,16) (0ms)
[2026-07-01 11:24:38] [axEl] IN: pid=79582 role=AXStaticText → OUT: title= frame=(1407,626,16,16) (0ms)
[2026-07-01 11:24:38] [axEl] IN: pid=79582 role=AXStaticText → OUT: title= frame=(1453,626,380,16) (0ms)
[2026-07-01 11:24:38] [axEl] IN: pid=79582 role=AXStaticText → OUT: title= frame=(1362,646,24,15) (0ms)
[2026-07-01 11:24:38] [axEl] IN: pid=79582 role=AXStaticText → OUT: title= frame=(1399,646,24,15) (0ms)
[2026-07-01 11:24:38] [axEl] IN: pid=79582 role=AXStaticText → OUT: title= frame=(1453,646,434,15) (0ms)
[2026-07-01 11:24:38] [axEl] IN: pid=79582 role=AXStaticText → OUT: title= frame=(1362,665,24,16) (0ms)
[2026-07-01 11:24:38] [axEl] IN: pid=79582 role=AXStaticText → OUT: title= frame=(1399,665,24,16) (0ms)
[2026-07-01 11:24:38] [axEl] IN: pid=79582 role=AXStaticText → OUT: title= frame=(1453,665,349,16) (0ms)
[2026-07-01 11:24:38] [axEl] IN: pid=79582 role=AXButton → OUT: title=深度思考 frame=(1316,529,69,19) (0ms)
[2026-07-01 11:24:38] [axEl] IN: pid=79582 role=AXButton → OUT: title= frame=(1316,558,167,25) (0ms)
[2026-07-01 11:24:38] [axEl] IN: pid=79582 role=AXButton → OUT: title= frame=(1316,603,495,19) (0ms)
[2026-07-01 11:24:38] [axEl] IN: pid=79582 role=AXButton → OUT: title= frame=(1342,632,514,29) (0ms)
[2026-07-01 11:24:38] [axEl] IN: pid=79582 role=AXStaticText → OUT: title= frame=(1362,0,24,15) (0ms)
[2026-07-01 11:24:38] [axEl] IN: pid=79582 role=AXStaticText → OUT: title= frame=(1428,0,9,15) (0ms)
[2026-07-01 11:24:38] [axEl] IN: pid=79582 role=AXStaticText → OUT: title= frame=(1453,0,496,15) (0ms)
[2026-07-01 11:24:38] [axEl] IN: pid=79582 role=AXStaticText → OUT: title= frame=(1362,19,24,16) (0ms)
[2026-07-01 11:24:38] [axEl] IN: pid=79582 role=AXStaticText → OUT: title= frame=(1428,19,9,16) (0ms)
[2026-07-01 11:24:38] [axEl] IN: pid=79582 role=AXStaticText → OUT: title= frame=(1453,19,71,16) (0ms)
[2026-07-01 11:24:38] [axEl] IN: pid=79582 role=AXStaticText → OUT: title= frame=(1399,38,24,16) (0ms)
[2026-07-01 11:24:38] [axEl] IN: pid=79582 role=AXStaticText → OUT: title= frame=(1428,38,9,16) (0ms)
[2026-07-01 11:24:38] [axEl] IN: pid=79582 role=AXStaticText → OUT: title= frame=(1453,38,256,16) (0ms)
[2026-07-01 11:24:38] [axEl] IN: pid=79582 role=AXStaticText → OUT: title= frame=(1399,58,24,15) (0ms)
[2026-07-01 11:24:38] [axEl] IN: pid=79582 role=AXStaticText → OUT: title= frame=(1428,58,9,15) (0ms)
[2026-07-01 11:24:38] [axEl] IN: pid=79582 role=AXStaticText → OUT: title= frame=(1453,58,233,15) (0ms)
[2026-07-01 11:24:38] [axEl] IN: pid=79582 role=AXStaticText → OUT: title= frame=(1362,77,24,16) (0ms)
[2026-07-01 11:24:38] [axEl] IN: pid=79582 role=AXStaticText → OUT: title= frame=(1399,77,24,16) (0ms)
[2026-07-01 11:24:38] [axEl] IN: pid=79582 role=AXStaticText → OUT: title= frame=(1453,77,202,16) (0ms)
[2026-07-01 11:24:38] [axEl] IN: pid=79582 role=AXStaticText → OUT: title= frame=(1362,97,24,15) (0ms)
[2026-07-01 11:24:38] [axEl] IN: pid=79582 role=AXStaticText → OUT: title= frame=(1399,97,24,15) (0ms)
[2026-07-01 11:24:38] [axEl] IN: pid=79582 role=AXStaticText → OUT: title= frame=(1453,97,40,15) (0ms)
[2026-07-01 11:24:38] [axEl] IN: pid=79582 role=AXStaticText → OUT: title= frame=(1362,116,24,16) (0ms)
[2026-07-01 11:24:38] [axEl] IN: pid=79582 role=AXStaticText → OUT: title= frame=(1399,116,24,16) (0ms)
[2026-07-01 11:24:38] [axEl] IN: pid=79582 role=AXStaticText → OUT: title= frame=(1362,-3,24,16) (0ms)
[2026-07-01 11:24:38] [axEl] IN: pid=79582 role=AXStaticText → OUT: title= frame=(1428,-3,9,16) (0ms)
[2026-07-01 11:24:38] [axEl] IN: pid=79582 role=AXStaticText → OUT: title= frame=(1362,16,24,16) (0ms)
[2026-07-01 11:24:38] [axEl] IN: pid=79582 role=AXStaticText → OUT: title= frame=(1399,16,24,16) (0ms)
[2026-07-01 11:24:38] [axEl] IN: pid=79582 role=AXStaticText → OUT: title= frame=(1453,16,426,16) (0ms)
[2026-07-01 11:24:38] [axEl] IN: pid=79582 role=AXStaticText → OUT: title= frame=(1362,36,24,15) (0ms)
[2026-07-01 11:24:38] [axEl] IN: pid=79582 role=AXStaticText → OUT: title= frame=(1399,36,24,15) (0ms)
[2026-07-01 11:24:38] [axEl] IN: pid=79582 role=AXStaticText → OUT: title= frame=(1453,36,140,15) (0ms)
[2026-07-01 11:24:38] [axEl] IN: pid=79582 role=AXStaticText → OUT: title= frame=(1362,55,24,16) (0ms)
[2026-07-01 11:24:38] [axEl] IN: pid=79582 role=AXStaticText → OUT: title= frame=(1399,55,24,16) (0ms)
[2026-07-01 11:24:38] [axEl] IN: pid=79582 role=AXStaticText → OUT: title= frame=(1453,55,411,16) (0ms)
[2026-07-01 11:24:38] [axEl] IN: pid=79582 role=AXStaticText → OUT: title= frame=(1370,7,16,15) (0ms)
[2026-07-01 11:24:38] [axEl] IN: pid=79582 role=AXStaticText → OUT: title= frame=(1407,7,16,15) (0ms)
[2026-07-01 11:24:38] [axEl] IN: pid=79582 role=AXStaticText → OUT: title= frame=(1453,7,196,15) (0ms)
[2026-07-01 11:24:38] [axEl] IN: pid=79582 role=AXStaticText → OUT: title= frame=(1370,26,16,16) (0ms)
[2026-07-01 11:24:38] [axEl] IN: pid=79582 role=AXStaticText → OUT: title= frame=(1407,26,16,16) (0ms)
[2026-07-01 11:24:38] [axEl] IN: pid=79582 role=AXStaticText → OUT: title= frame=(1453,26,196,16) (0ms)
[2026-07-01 11:24:38] [axEl] IN: pid=79582 role=AXStaticText → OUT: title= frame=(1370,45,16,16) (0ms)
[2026-07-01 11:24:38] [axEl] IN: pid=79582 role=AXStaticText → OUT: title= frame=(1407,45,16,16) (0ms)
[2026-07-01 11:24:38] [axEl] IN: pid=79582 role=AXButton → OUT: title= frame=(1316,39,495,19) (0ms)
[2026-07-01 11:24:38] [axEl] IN: pid=79582 role=AXButton → OUT: title= frame=(1342,67,469,10) (0ms)
[2026-07-01 11:24:38] [axEl] IN: pid=79582 role=AXButton → OUT: title= frame=(1342,97,469,10) (0ms)
[2026-07-01 11:24:38] [axEl] IN: pid=79582 role=AXStaticText → OUT: title= frame=(1316,-5,259,20) (0ms)
[2026-07-01 11:24:38] [axEl] IN: pid=79582 role=AXButton → OUT: title= frame=(1316,36,167,25) (0ms)
[2026-07-01 11:24:38] [axEl] IN: pid=79582 role=AXButton → OUT: title=复制 frame=(1312,66,28,25) (0ms)
[2026-07-01 11:24:38] [axEl] IN: pid=79582 role=AXButton → OUT: title= frame=(1342,66,28,25) (0ms)
[2026-07-01 11:24:38] [axEl] IN: pid=79582 role=AXPopUpButton → OUT: title= frame=(1372,66,28,25) (0ms)
[2026-07-01 11:24:38] [axEl] IN: pid=79582 role=AXPopUpButton → OUT: title= frame=(1402,66,28,25) (0ms)
[2026-07-01 11:24:38] [axEl] IN: pid=79582 role=AXStaticText → OUT: title= frame=(1434,115,363,20) (0ms)
[2026-07-01 11:24:38] [axEl] IN: pid=79582 role=AXStaticText → OUT: title= frame=(1720,146,27,18) (0ms)
[2026-07-01 11:24:38] [axEl] IN: pid=79582 role=AXButton → OUT: title=复制 frame=(1755,143,22,23) (0ms)
[2026-07-01 11:24:38] [axEl] IN: pid=79582 role=AXButton → OUT: title=编辑 frame=(1785,143,22,23) (0ms)
[2026-07-01 11:24:38] [axEl] IN: pid=79582 role=AXStaticText → OUT: title= frame=(1419,190,376,55) (0ms)
[2026-07-01 11:24:38] [axEl] IN: pid=79582 role=AXStaticText → OUT: title= frame=(1720,256,27,18) (0ms)
[2026-07-01 11:24:38] [axEl] IN: pid=79582 role=AXButton → OUT: title=复制 frame=(1755,253,22,23) (0ms)
[2026-07-01 11:24:38] [axEl] IN: pid=79582 role=AXButton → OUT: title=编辑 frame=(1785,253,22,23) (0ms)
[2026-07-01 11:24:38] [axEl] IN: pid=79582 role=AXButton → OUT: title=工具调用已处理 21s frame=(1316,295,69,19) (0ms)
[2026-07-01 11:24:38] [axEl] IN: pid=79582 role=AXButton → OUT: title=深度思考 frame=(1316,331,495,10) (0ms)
[2026-07-01 11:24:38] [axEl] IN: pid=79582 role=AXButton → OUT: title= frame=(1316,331,495,10) (0ms)
[2026-07-01 11:24:38] [axEl] IN: pid=79582 role=AXButton → OUT: title=已探索 1 次搜索 frame=(1316,407,495,19) (0ms)
[2026-07-01 11:24:38] [axEl] IN: pid=79582 role=AXButton → OUT: title= frame=(1342,435,469,10) (0ms)
[2026-07-01 11:24:38] [axEl] IN: pid=79582 role=AXButton → OUT: title=深度思考 frame=(1316,449,495,10) (0ms)
[2026-07-01 11:24:38] [axEl] IN: pid=79582 role=AXButton → OUT: title= frame=(1316,449,495,10) (0ms)
[2026-07-01 11:24:38] [axEl] IN: pid=79582 role=AXButton → OUT: title=Shell 1 次命令 frame=(1316,525,495,19) (0ms)
[2026-07-01 11:24:38] [axEl] IN: pid=79582 role=AXButton → OUT: title= frame=(1342,553,469,10) (0ms)
[2026-07-01 11:24:38] [axEl] IN: pid=79582 role=AXButton → OUT: title=深度思考 frame=(1316,567,495,10) (0ms)
[2026-07-01 11:24:38] [axEl] IN: pid=79582 role=AXButton → OUT: title= frame=(1316,567,495,10) (0ms)
[2026-07-01 11:24:38] [axEl] IN: pid=79582 role=AXButton → OUT: title=Shell 1 次命令 frame=(1316,643,495,19) (0ms)
[2026-07-01 11:24:38] [axEl] IN: pid=79582 role=AXButton → OUT: title= frame=(1342,671,469,10) (0ms)
[2026-07-01 11:24:38] [axEl] IN: pid=79582 role=AXButton → OUT: title=深度思考 frame=(1316,685,495,10) (0ms)
[2026-07-01 11:24:38] [axEl] IN: pid=79582 role=AXButton → OUT: title= frame=(1316,685,495,10) (0ms)
[2026-07-01 11:24:38] [axEl] IN: pid=79582 role=AXButton → OUT: title=Shell 1 次命令 frame=(1316,761,495,19) (0ms)
[2026-07-01 11:24:38] [axEl] IN: pid=79582 role=AXButton → OUT: title= frame=(1342,789,469,10) (0ms)
[2026-07-01 11:24:38] [axEl] IN: pid=79582 role=AXButton → OUT: title=深度思考 frame=(1316,803,495,10) (0ms)
[2026-07-01 11:24:38] [axEl] IN: pid=79582 role=AXButton → OUT: title= frame=(1316,803,495,10) (0ms)
[2026-07-01 11:24:38] [axEl] IN: pid=79582 role=AXButton → OUT: title=Shell 1 次命令 frame=(1316,879,495,19) (0ms)
[2026-07-01 11:24:38] [axEl] IN: pid=79582 role=AXButton → OUT: title= frame=(1342,907,469,10) (0ms)
[2026-07-01 11:24:38] [axEl] IN: pid=79582 role=AXButton → OUT: title=深度思考 frame=(1316,921,495,10) (0ms)
[2026-07-01 11:24:38] [axEl] IN: pid=79582 role=AXButton → OUT: title= frame=(1316,921,495,10) (0ms)
[2026-07-01 11:24:38] [axEl] IN: pid=79582 role=AXButton → OUT: title=已探索 1 次读取 frame=(1316,997,495,19) (0ms)
[2026-07-01 11:24:38] [axEl] IN: pid=79582 role=AXButton → OUT: title= frame=(1342,1026,469,10) (0ms)
[2026-07-01 11:24:38] [axEl] IN: pid=79582 role=AXButton → OUT: title=深度思考 frame=(1316,1040,495,10) (0ms)
[2026-07-01 11:24:38] [axEl] IN: pid=79582 role=AXButton → OUT: title= frame=(1316,1040,495,10) (0ms)
[2026-07-01 11:24:38] [axEl] IN: pid=79582 role=AXStaticText → OUT: title= frame=(1316,333,494,69) (0ms)
[2026-07-01 11:24:38] [axEl] IN: pid=79582 role=AXButton → OUT: title=5 条 Memory v5 编译引用 frame=(1316,424,167,25) (0ms)
[2026-07-01 11:24:38] [axEl] IN: pid=79582 role=AXButton → OUT: title=复制 frame=(1312,454,28,25) (0ms)
[2026-07-01 11:24:38] [axEl] IN: pid=79582 role=AXButton → OUT: title= frame=(1342,454,28,25) (0ms)
[2026-07-01 11:24:38] [axEl] IN: pid=79582 role=AXPopUpButton → OUT: title= frame=(1372,454,28,25) (0ms)
[2026-07-01 11:24:38] [axEl] IN: pid=79582 role=AXPopUpButton → OUT: title= frame=(1402,454,28,25) (0ms)
[2026-07-01 11:24:38] [axEl] IN: pid=79582 role=AXStaticText → OUT: title= frame=(1419,502,364,37) (0ms)
[2026-07-01 11:24:38] [axEl] IN: pid=79582 role=AXStaticText → OUT: title= frame=(1718,551,29,17) (0ms)
[2026-07-01 11:24:38] [axEl] IN: pid=79582 role=AXButton → OUT: title=复制 frame=(1755,548,22,23) (0ms)
[2026-07-01 11:24:38] [axEl] IN: pid=79582 role=AXButton → OUT: title=编辑 frame=(1785,548,22,23) (0ms)
[2026-07-01 11:24:38] [axEl] IN: pid=79582 role=AXButton → OUT: title=工具调用已处理 4s frame=(1316,590,69,19) (0ms)
[2026-07-01 11:24:38] [axEl] IN: pid=79582 role=AXButton → OUT: title=深度思考 frame=(1316,627,69,19) (0ms)
[2026-07-01 11:24:38] [axEl] IN: pid=79582 role=AXStaticText → OUT: title= frame=(1316,657,349,20) (0ms)
[2026-07-01 11:24:38] [axEl] IN: pid=79582 role=AXButton → OUT: title= frame=(1316,699,167,25) (0ms)
[2026-07-01 11:24:38] [axEl] IN: pid=79582 role=AXButton → OUT: title=已修改 1 次编辑 frame=(1316,701,495,19) (0ms)
[2026-07-01 11:24:38] [axEl] IN: pid=79582 role=AXButton → OUT: title= frame=(1342,729,92,29) (0ms)
[2026-07-01 11:24:38] [axEl] IN: pid=79582 role=AXStaticText → OUT: title= frame=(1370,765,16,15) (0ms)
[2026-07-01 11:24:38] [axEl] IN: pid=79582 role=AXStaticText → OUT: title= frame=(1407,765,16,15) (0ms)
[2026-07-01 11:24:38] [axEl] IN: pid=79582 role=AXStaticText → OUT: title= frame=(1453,765,318,15) (0ms)
[2026-07-01 11:24:38] [axEl] IN: pid=79582 role=AXStaticText → OUT: title= frame=(1370,784,16,16) (0ms)
[2026-07-01 11:24:38] [axEl] IN: pid=79582 role=AXStaticText → OUT: title= frame=(1407,784,16,16) (0ms)
[2026-07-01 11:24:38] [axEl] IN: pid=79582 role=AXStaticText → OUT: title= frame=(1453,784,217,16) (0ms)
[2026-07-01 11:24:38] [axEl] IN: pid=79582 role=AXStaticText → OUT: title= frame=(1370,803,16,16) (0ms)
[2026-07-01 11:24:38] [axEl] IN: pid=79582 role=AXStaticText → OUT: title= frame=(1407,803,16,16) (0ms)
[2026-07-01 11:24:38] [axEl] IN: pid=79582 role=AXStaticText → OUT: title= frame=(1453,803,364,16) (0ms)
[2026-07-01 11:24:38] [axEl] IN: pid=79582 role=AXStaticText → OUT: title= frame=(1407,823,16,15) (0ms)
[2026-07-01 11:24:38] [axEl] IN: pid=79582 role=AXStaticText → OUT: title= frame=(1428,823,9,15) (0ms)
[2026-07-01 11:24:38] [axEl] IN: pid=79582 role=AXStaticText → OUT: title= frame=(1453,823,225,15) (0ms)
[2026-07-01 11:24:38] [axEl] IN: pid=79582 role=AXStaticText → OUT: title= frame=(1370,842,16,16) (0ms)
[2026-07-01 11:24:38] [axEl] IN: pid=79582 role=AXStaticText → OUT: title= frame=(1407,842,16,16) (0ms)
[2026-07-01 11:24:38] [axEl] IN: pid=79582 role=AXStaticText → OUT: title= frame=(1453,842,395,16) (0ms)
[2026-07-01 11:24:38] [axEl] IN: pid=79582 role=AXStaticText → OUT: title= frame=(1370,862,16,15) (0ms)
[2026-07-01 11:24:38] [axEl] IN: pid=79582 role=AXStaticText → OUT: title= frame=(1428,862,9,15) (0ms)
[2026-07-01 11:24:38] [axEl] IN: pid=79582 role=AXStaticText → OUT: title= frame=(1453,862,519,15) (0ms)
[2026-07-01 11:24:38] [axEl] IN: pid=79582 role=AXStaticText → OUT: title= frame=(1370,881,16,16) (0ms)
[2026-07-01 11:24:38] [axEl] IN: pid=79582 role=AXStaticText → OUT: title= frame=(1428,881,9,16) (0ms)
[2026-07-01 11:24:38] [axEl] IN: pid=79582 role=AXStaticText → OUT: title= frame=(1453,881,326,16) (0ms)
[2026-07-01 11:24:38] [axEl] IN: pid=79582 role=AXStaticText → OUT: title= frame=(1370,900,16,16) (0ms)
[2026-07-01 11:24:38] [axEl] IN: pid=79582 role=AXStaticText → OUT: title= frame=(1428,900,9,16) (0ms)
[2026-07-01 11:24:38] [axEl] IN: pid=79582 role=AXStaticText → OUT: title= frame=(1453,900,380,16) (0ms)
[2026-07-01 11:24:38] [axEl] IN: pid=79582 role=AXStaticText → OUT: title= frame=(1370,920,16,15) (0ms)
[2026-07-01 11:24:38] [axEl] IN: pid=79582 role=AXStaticText → OUT: title= frame=(1428,920,9,15) (0ms)
[2026-07-01 11:24:38] [axEl] IN: pid=79582 role=AXStaticText → OUT: title= frame=(1453,920,132,15) (0ms)
[2026-07-01 11:24:38] [axEl] IN: pid=79582 role=AXStaticText → OUT: title= frame=(1407,939,16,16) (0ms)
[2026-07-01 11:24:38] [axEl] IN: pid=79582 role=AXStaticText → OUT: title= frame=(1428,939,9,16) (0ms)
[2026-07-01 11:24:38] [axEl] IN: pid=79582 role=AXStaticText → OUT: title= frame=(1453,939,380,16) (0ms)
[2026-07-01 11:24:38] [axEl] IN: pid=79582 role=AXStaticText → OUT: title= frame=(1407,958,16,16) (0ms)
[2026-07-01 11:24:38] [axEl] IN: pid=79582 role=AXStaticText → OUT: title= frame=(1428,958,9,16) (0ms)
[2026-07-01 11:24:38] [axEl] IN: pid=79582 role=AXStaticText → OUT: title= frame=(1453,958,372,16) (0ms)
[2026-07-01 11:24:38] [axEl] IN: pid=79582 role=AXStaticText → OUT: title= frame=(1370,978,16,15) (0ms)
[2026-07-01 11:24:38] [axEl] IN: pid=79582 role=AXStaticText → OUT: title= frame=(1407,978,16,15) (0ms)
[2026-07-01 11:24:38] [axEl] IN: pid=79582 role=AXStaticText → OUT: title= frame=(1453,978,102,15) (0ms)
[2026-07-01 11:24:38] [axEl] IN: pid=79582 role=AXStaticText → OUT: title= frame=(1370,997,16,16) (0ms)
[2026-07-01 11:24:38] [axEl] IN: pid=79582 role=AXStaticText → OUT: title= frame=(1407,997,16,16) (0ms)
[2026-07-01 11:24:38] [axEl] IN: pid=79582 role=AXStaticText → OUT: title= frame=(1453,997,71,16) (0ms)
[2026-07-01 11:24:38] [axEl] IN: pid=79582 role=AXStaticText → OUT: title= frame=(1370,1017,16,15) (0ms)
[2026-07-01 11:24:38] [axEl] IN: pid=79582 role=AXStaticText → OUT: title= frame=(1407,1017,16,15) (0ms)
[2026-07-01 11:24:38] [axEl] IN: pid=79582 role=AXStaticText → OUT: title= frame=(1453,1017,457,15) (0ms)
[2026-07-01 11:24:38] [axEl] IN: pid=79582 role=AXButton → OUT: title=深度思考 frame=(1316,743,495,10) (0ms)
[2026-07-01 11:24:38] [axEl] IN: pid=79582 role=AXButton → OUT: title= frame=(1316,743,495,10) (0ms)
[2026-07-01 11:24:38] [axEl] IN: pid=79582 role=AXButton → OUT: title=Shell 1 次命令 frame=(1316,819,495,19) (0ms)
[2026-07-01 11:24:38] [axEl] IN: pid=79582 role=AXButton → OUT: title= frame=(1342,848,469,10) (0ms)
[2026-07-01 11:24:38] [axEl] IN: pid=79582 role=AXStaticText → OUT: title= frame=(1316,628,469,69) (0ms)
[2026-07-01 11:24:38] [axEl] IN: pid=79582 role=AXButton → OUT: title=5 条 Memory v5 编译引用 frame=(1316,718,167,25) (0ms)
[2026-07-01 11:24:38] [axEl] IN: pid=79582 role=AXButton → OUT: title=跳转到问题 16 frame=(1805,7,32,15) (0ms)
[2026-07-01 11:24:38] [axEl] IN: pid=79582 role=AXButton → OUT: title=跳转到问题 17 frame=(1805,27,32,15) (0ms)
[2026-07-01 11:24:38] [axEl] IN: pid=79582 role=AXButton → OUT: title=跳转到问题 18 frame=(1805,47,32,15) (0ms)
[2026-07-01 11:24:38] [axEl] IN: pid=79582 role=AXButton → OUT: title=跳转到问题 19 frame=(1805,67,32,15) (0ms)
[2026-07-01 11:24:38] [axEl] IN: pid=79582 role=AXButton → OUT: title=跳转到问题 20 frame=(1805,87,32,15) (0ms)
[2026-07-01 11:24:38] [axEl] IN: pid=79582 role=AXButton → OUT: title=跳转到问题 21 frame=(1805,107,32,15) (0ms)
[2026-07-01 11:24:38] [axEl] IN: pid=79582 role=AXButton → OUT: title=跳转到问题 22 frame=(1805,127,32,15) (0ms)
[2026-07-01 11:24:38] [axEl] IN: pid=79582 role=AXButton → OUT: title=跳转到问题 23 frame=(1805,147,32,15) (0ms)
[2026-07-01 11:24:38] [axEl] IN: pid=79582 role=AXButton → OUT: title=跳转到问题 24 frame=(1805,167,32,15) (0ms)
[2026-07-01 11:24:38] [axEl] IN: pid=79582 role=AXButton → OUT: title=跳转到问题 25 frame=(1805,187,32,15) (0ms)
[2026-07-01 11:24:38] [axEl] IN: pid=79582 role=AXButton → OUT: title=跳转到问题 26 frame=(1805,207,32,15) (0ms)
[2026-07-01 11:24:38] [axEl] IN: pid=79582 role=AXButton → OUT: title=跳转到问题 27 frame=(1805,227,32,15) (0ms)
[2026-07-01 11:24:38] [axEl] IN: pid=79582 role=AXButton → OUT: title=跳转到问题 28 frame=(1805,247,32,15) (0ms)
[2026-07-01 11:24:38] [axEl] IN: pid=79582 role=AXButton → OUT: title=跳转到问题 29 frame=(1805,267,32,15) (0ms)
[2026-07-01 11:24:38] [axEl] IN: pid=79582 role=AXButton → OUT: title=跳转到问题 30 frame=(1805,287,32,15) (0ms)
[2026-07-01 11:24:38] [axEl] IN: pid=79582 role=AXButton → OUT: title=跳转到问题 31 frame=(1805,307,32,15) (0ms)
[2026-07-01 11:24:38] [axEl] IN: pid=79582 role=AXButton → OUT: title=跳转到问题 32 frame=(1805,327,32,15) (0ms)
[2026-07-01 11:24:38] [axEl] IN: pid=79582 role=AXButton → OUT: title=跳转到问题 33 frame=(1805,347,32,15) (0ms)
[2026-07-01 11:24:38] [axEl] IN: pid=79582 role=AXButton → OUT: title=跳转到问题 34 frame=(1805,367,32,15) (0ms)
[2026-07-01 11:24:38] [axEl] IN: pid=79582 role=AXButton → OUT: title=跳转到问题 35 frame=(1805,387,32,15) (0ms)
[2026-07-01 11:24:38] [axEl] IN: pid=79582 role=AXButton → OUT: title=跳转到问题 36 frame=(1805,407,32,15) (0ms)
[2026-07-01 11:24:38] [axEl] IN: pid=79582 role=AXButton → OUT: title=跳转到问题 37 frame=(1805,427,32,15) (0ms)
[2026-07-01 11:24:38] [axEl] IN: pid=79582 role=AXButton → OUT: title=跳转到问题 38 frame=(1805,447,32,15) (0ms)
[2026-07-01 11:24:38] [axEl] IN: pid=79582 role=AXButton → OUT: title=跳转到问题 39 frame=(1805,467,32,15) (0ms)
[2026-07-01 11:24:38] [axEl] IN: pid=79582 role=AXButton → OUT: title=跳转到问题 40 frame=(1805,487,32,15) (0ms)
[2026-07-01 11:24:38] [axEl] IN: pid=79582 role=AXButton → OUT: title=跳转到问题 41 frame=(1805,507,32,15) (0ms)
[2026-07-01 11:24:38] [axEl] IN: pid=79582 role=AXButton → OUT: title=跳转到问题 42 frame=(1805,527,32,15) (0ms)
[2026-07-01 11:24:38] [axEl] IN: pid=79582 role=AXButton → OUT: title=跳转到问题 43 frame=(1805,547,32,15) (0ms)
[2026-07-01 11:24:38] [axEl] IN: pid=79582 role=AXButton → OUT: title=跳转到问题 44 frame=(1805,567,32,15) (0ms)
[2026-07-01 11:24:38] [axEl] IN: pid=79582 role=AXStaticText → OUT: title= frame=(1330,796,27,19) (0ms)
[2026-07-01 11:24:38] [axEl] IN: pid=79582 role=AXStaticText → OUT: title= frame=(1371,800,8,17) (0ms)
[2026-07-01 11:24:38] [axEl] IN: pid=79582 role=AXStaticText → OUT: title= frame=(1378,800,7,17) (0ms)
[2026-07-01 11:24:38] [axEl] IN: pid=79582 role=AXStaticText → OUT: title= frame=(1384,800,8,17) (0ms)
[2026-07-01 11:24:38] [axEl] IN: pid=79582 role=AXStaticText → OUT: title= frame=(1330,822,87,18) (0ms)
[2026-07-01 11:24:38] [axEl] IN: pid=79582 role=AXButton → OUT: title=展开 frame=(1709,797,41,25) (0ms)
[2026-07-01 11:24:38] [axEl] IN: pid=79582 role=AXButton → OUT: title=关闭 frame=(1755,797,42,25) (0ms)
[2026-07-01 11:24:38] [axEl] IN: pid=79582 role=AXTextArea → OUT: title=给 Reasonix 发消息… ( / 命令 · @ 文件 · ! 终端 ) frame=(1337,874,409,38) (0ms)
[2026-07-01 11:24:38] [axEl] IN: pid=79582 role=AXStaticText → OUT: title= frame=(1339,877,344,21) (0ms)
[2026-07-01 11:24:38] [axEl] IN: pid=79582 role=AXButton → OUT: title= frame=(1753,874,35,34) (0ms)
[2026-07-01 11:24:38] [axEl] IN: pid=79582 role=AXPopUpButton → OUT: title=协作方式 frame=(1332,929,29,28) (0ms)
[2026-07-01 11:24:38] [axEl] IN: pid=79582 role=AXCheckBox → OUT: title= frame=(1374,932,25,24) (0ms)
[2026-07-01 11:24:38] [axEl] IN: pid=79582 role=AXCheckBox → OUT: title= frame=(1402,932,25,24) (0ms)
[2026-07-01 11:24:38] [axEl] IN: pid=79582 role=AXCheckBox → OUT: title= frame=(1430,932,25,24) (0ms)
[2026-07-01 11:24:38] [axEl] IN: pid=79582 role=AXButton → OUT: title=deepseek-v4-pro · DeepSeek 官方 frame=(1571,929,141,28) (0ms)
[2026-07-01 11:24:38] [axEl] IN: pid=79582 role=AXPopUpButton → OUT: title=更多控制 frame=(1724,927,66,32) (0ms)
[2026-07-01 11:24:38] [axEl] IN: pid=79582 role=AXButton → OUT: title= frame=(1027,93,12,14) (0ms)
[2026-07-01 11:24:38] [axEl] IN: pid=79582 role=AXButton → OUT: title= frame=(1067,93,12,14) (0ms)
[2026-07-01 11:24:38] [axEl] IN: pid=79582 role=AXButton → OUT: title= frame=(1047,93,12,14) (0ms)
[2026-07-01 11:24:38] [axEl] IN: pid=79582 role=AXMenuBarItem → OUT: title=Apple frame=(10,0,34,30) (0ms)
[2026-07-01 11:24:38] [axEl] IN: pid=79582 role=AXMenuBarItem → OUT: title=Reasonix frame=(43,0,79,30) (0ms)
[2026-07-01 11:24:38] [axEl] IN: pid=79582 role=AXMenuBarItem → OUT: title=File frame=(121,0,43,30) (0ms)
[2026-07-01 11:24:38] [axEl] IN: pid=79582 role=AXMenuBarItem → OUT: title=Edit frame=(163,0,44,30) (0ms)
[2026-07-01 11:24:38] [axEl] IN: pid=79582 role=AXMenuBarItem → OUT: title=Window frame=(206,0,69,30) (0ms)
[2026-07-01 11:24:38] [axEl] IN: pid=2480 role=AXMenuBarItem → OUT: title=Apple frame=(10,0,34,30) (0ms)
[2026-07-01 11:24:38] [axEl] IN: pid=2480 role=AXMenuBarItem → OUT: title=访达 frame=(43,0,47,30) (0ms)
[2026-07-01 11:24:38] [axEl] IN: pid=2480 role=AXMenuBarItem → OUT: title=文件 frame=(89,0,47,30) (0ms)
[2026-07-01 11:24:38] [axEl] IN: pid=2480 role=AXMenuBarItem → OUT: title=编辑 frame=(135,0,46,30) (0ms)
[2026-07-01 11:24:38] [axEl] IN: pid=2480 role=AXMenuBarItem → OUT: title=显示 frame=(180,0,47,30) (0ms)
[2026-07-01 11:24:38] [axEl] IN: pid=2480 role=AXMenuBarItem → OUT: title=前往 frame=(226,0,47,30) (0ms)
[2026-07-01 11:24:38] [axEl] IN: pid=2480 role=AXMenuBarItem → OUT: title=窗口 frame=(272,0,47,30) (0ms)
[2026-07-01 11:24:38] [axEl] IN: pid=2480 role=AXMenuBarItem → OUT: title=帮助 frame=(318,0,47,30) (0ms)
[2026-07-01 11:24:38] [axEl] IN: pid=2480 role=AXImage → OUT: title=vibe项目 frame=(77,469,64,64) (0ms)
[2026-07-01 11:24:38] [axEl] IN: pid=2478 role=AXDockItem → OUT: title=访达 frame=(295,1017,46,58) (0ms)
[2026-07-01 11:24:38] [axEl] IN: pid=2478 role=AXDockItem → OUT: title=App frame=(341,1017,46,58) (0ms)
[2026-07-01 11:24:38] [axEl] IN: pid=2478 role=AXDockItem → OUT: title=地图 frame=(387,1017,46,58) (0ms)
[2026-07-01 11:24:38] [axEl] IN: pid=2478 role=AXDockItem → OUT: title=App Store frame=(433,1017,46,58) (0ms)
[2026-07-01 11:24:38] [axEl] IN: pid=2478 role=AXDockItem → OUT: title=iPhone镜像 frame=(479,1017,46,58) (0ms)
[2026-07-01 11:24:38] [axEl] IN: pid=2478 role=AXDockItem → OUT: title=tntcloud_Lite frame=(525,1017,46,58) (0ms)
[2026-07-01 11:24:38] [axEl] IN: pid=2478 role=AXDockItem → OUT: title=豆包 frame=(571,1017,46,58) (0ms)
[2026-07-01 11:24:38] [axEl] IN: pid=2478 role=AXDockItem → OUT: title=微信 frame=(617,1017,46,58) (0ms)
[2026-07-01 11:24:38] [axEl] IN: pid=2478 role=AXDockItem → OUT: title=ima.copilot frame=(663,1017,46,58) (0ms)
[2026-07-01 11:24:38] [axEl] IN: pid=2478 role=AXDockItem → OUT: title=Google Chrome frame=(709,1017,46,58) (0ms)
[2026-07-01 11:24:38] [axEl] IN: pid=2478 role=AXDockItem → OUT: title=Claude frame=(755,1017,46,58) (0ms)
[2026-07-01 11:24:38] [axEl] IN: pid=2478 role=AXDockItem → OUT: title=飞书 frame=(801,1017,46,58) (0ms)
[2026-07-01 11:24:38] [axEl] IN: pid=2478 role=AXDockItem → OUT: title=终端 frame=(847,1017,46,58) (0ms)
[2026-07-01 11:24:38] [axEl] IN: pid=2478 role=AXDockItem → OUT: title=Visual Studio Code frame=(893,1017,46,58) (0ms)
[2026-07-01 11:24:38] [axEl] IN: pid=2478 role=AXDockItem → OUT: title=Codex frame=(939,1017,46,58) (0ms)
[2026-07-01 11:24:38] [axEl] IN: pid=2478 role=AXDockItem → OUT: title=Reasonix frame=(985,1017,46,58) (0ms)
[2026-07-01 11:24:38] [axEl] IN: pid=2478 role=AXDockItem → OUT: title= frame=(1031,1017,20,58) (0ms)
[2026-07-01 11:24:38] [axEl] IN: pid=2478 role=AXDockItem → OUT: title=屏幕共享 frame=(1052,1017,46,58) (0ms)
[2026-07-01 11:24:38] [axEl] IN: pid=2478 role=AXDockItem → OUT: title=飞鸟加速 frame=(1098,1017,46,58) (0ms)
[2026-07-01 11:24:38] [axEl] IN: pid=2478 role=AXDockItem → OUT: title=预览 frame=(1144,1017,46,58) (0ms)
[2026-07-01 11:24:38] [axEl] IN: pid=2478 role=AXDockItem → OUT: title=网易云音乐 frame=(1190,1017,46,58) (0ms)
[2026-07-01 11:24:38] [axEl] IN: pid=2478 role=AXDockItem → OUT: title=抖音 frame=(1236,1017,46,58) (0ms)
[2026-07-01 11:24:38] [axEl] IN: pid=2478 role=AXDockItem → OUT: title= frame=(1282,1017,20,58) (0ms)
[2026-07-01 11:24:38] [axEl] IN: pid=2478 role=AXDockItem → OUT: title=下载 frame=(1302,1017,46,58) (0ms)
[2026-07-01 11:24:38] [axEl] IN: pid=2478 role=AXDockItem → OUT: title=所有连接 frame=(1348,1017,46,58) (0ms)
[2026-07-01 11:24:38] [axEl] IN: pid=2478 role=AXDockItem → OUT: title=网易云音乐 frame=(1394,1017,46,58) (0ms)
[2026-07-01 11:24:38] [axEl] IN: pid=2478 role=AXDockItem → OUT: title=飞鸟加速 frame=(1440,1017,46,58) (0ms)
[2026-07-01 11:24:38] [axEl] IN: pid=2478 role=AXDockItem → OUT: title=MotionControl Toggle Buttons frame=(1486,1017,46,58) (0ms)
[2026-07-01 11:24:38] [axEl] IN: pid=2478 role=AXDockItem → OUT: title=douyin frame=(1532,1017,46,58) (0ms)
[2026-07-01 11:24:38] [axEl] IN: pid=2478 role=AXDockItem → OUT: title=废纸篓 frame=(1578,1017,46,58) (0ms)
[2026-07-01 11:24:38] [axEl] IN: pid=2479 role=AXMenuBarItem → OUT: title=Siri frame=(1752,3,16,24) (0ms)
[2026-07-01 11:24:38] [hand_detect] IN: hand_detect 1920x1080 → OUT: detected=false landmarks=nil confidence=0
[2026-07-01 11:24:38] [face_detect] IN: face_detect → OUT: detected=true landmarks=76 roll=-0.0061359233 pitch=-0.42414573 yaw=0.240835 (4774ms)
[2026-07-01 11:24:38] [mouth_detect] IN: mouth_detect ratio=0.4615818 → OUT: status=CLOSED confirmed=CLOSED
[2026-07-01 11:24:38] [gaze_estimate] IN: yaw=0.240835 pitch=-0.42414573 → OUT: yawOffset=0.27095613 pitchOffset=-0.21148477 hasFace=true
[2026-07-01 11:24:38] [hand_detect] IN: hand_detect 1920x1080 → OUT: detected=false landmarks=nil confidence=0
[2026-07-01 11:24:38] [face_detect] IN: face_detect → OUT: detected=true landmarks=76 roll=-0.0061359233 pitch=-0.42414573 yaw=0.240835 (4299ms)
[2026-07-01 11:24:38] [mouth_detect] IN: mouth_detect ratio=0.47388163 → OUT: status=CLOSED confirmed=CLOSED
[2026-07-01 11:24:38] [gaze_estimate] IN: yaw=0.240835 pitch=-0.42414573 → OUT: yawOffset=0.27181396 pitchOffset=-0.21223646 hasFace=true
[2026-07-01 11:24:38] [hand_detect] IN: hand_detect 1920x1080 → OUT: detected=false landmarks=nil confidence=0
[2026-07-01 11:24:38] [face_detect] IN: face_detect → OUT: detected=true landmarks=76 roll=-0.0061359233 pitch=-0.42414573 yaw=0.240835 (4843ms)
[2026-07-01 11:24:38] [mouth_detect] IN: mouth_detect ratio=0.47169027 → OUT: status=CLOSED confirmed=CLOSED
[2026-07-01 11:24:38] [gaze_estimate] IN: yaw=0.240835 pitch=-0.42414573 → OUT: yawOffset=0.27241445 pitchOffset=-0.21276264 hasFace=true
