[2026-06-15 09:54:15] [axHelper] IN: register failed → OUT: 未能完成该操作。Codesigning failure loading plist: com.motioncontrol.axhelper code: -67028 (0ms)
[2026-06-15 09:54:15] [hand_detect] IN: hand_detect 1920x1080 → OUT: detected=false landmarks=nil confidence=0
[2026-06-15 09:54:15] [face_detect] IN: face_detect → OUT: detected=false landmarks=nil roll=nil pitch=nil yaw=nil (35202ms)
[2026-06-15 09:54:15] [hand_detect] IN: hand_detect 1920x1080 → OUT: detected=false landmarks=nil confidence=0
[2026-06-15 09:54:15] [face_detect] IN: face_detect → OUT: detected=false landmarks=nil roll=nil pitch=nil yaw=nil (2506ms)
[2026-06-15 09:54:16] [hand_detect] IN: hand_detect 1920x1080 → OUT: detected=false landmarks=nil confidence=0
[2026-06-15 09:54:16] [face_detect] IN: face_detect → OUT: detected=false landmarks=nil roll=nil pitch=nil yaw=nil (4045ms)
[2026-06-15 09:54:16] [hand_detect] IN: hand_detect 1920x1080 → OUT: detected=false landmarks=nil confidence=0
[2026-06-15 09:54:16] [face_detect] IN: face_detect → OUT: detected=false landmarks=nil roll=nil pitch=nil yaw=nil (3168ms)
[2026-06-15 09:54:16] [hand_detect] IN: hand_detect 1920x1080 → OUT: detected=false landmarks=nil confidence=0
[2026-06-15 09:54:16] [face_detect] IN: face_detect → OUT: detected=false landmarks=nil roll=nil pitch=nil yaw=nil (3373ms)
[2026-06-15 09:54:16] [hand_detect] IN: hand_detect 1920x1080 → OUT: detected=false landmarks=nil confidence=0
[2026-06-15 09:54:16] [face_detect] IN: face_detect → OUT: detected=false landmarks=nil roll=nil pitch=nil yaw=nil (3386ms)
[2026-06-15 09:54:16] [hand_detect] IN: hand_detect 1920x1080 → OUT: detected=false landmarks=nil confidence=0
[2026-06-15 09:54:16] [face_detect] IN: face_detect → OUT: detected=false landmarks=nil roll=nil pitch=nil yaw=nil (4030ms)
[2026-06-15 09:54:16] [hand_detect] IN: hand_detect 1920x1080 → OUT: detected=false landmarks=nil confidence=0
[2026-06-15 09:54:16] [face_detect] IN: face_detect → OUT: detected=false landmarks=nil roll=nil pitch=nil yaw=nil (3783ms)
[2026-06-15 09:54:16] [hand_detect] IN: hand_detect 1920x1080 → OUT: detected=false landmarks=nil confidence=0
[2026-06-15 09:54:16] [face_detect] IN: face_detect → OUT: detected=false landmarks=nil roll=nil pitch=nil yaw=nil (3038ms)
[2026-06-15 09:54:16] [hand_detect] IN: hand_detect 1920x1080 → OUT: detected=false landmarks=nil confidence=0
[2026-06-15 09:54:16] [face_detect] IN: face_detect → OUT: detected=false landmarks=nil roll=nil pitch=nil yaw=nil (3304ms)
[2026-06-15 09:54:16] [hand_detect] IN: hand_detect 1920x1080 → OUT: detected=false landmarks=nil confidence=0
[2026-06-15 09:54:16] [face_detect] IN: face_detect → OUT: detected=false landmarks=nil roll=nil pitch=nil yaw=nil (2968ms)
[2026-06-15 09:54:16] [hand_detect] IN: hand_detect 1920x1080 → OUT: detected=false landmarks=nil confidence=0
[2026-06-15 09:54:16] [face_detect] IN: face_detect → OUT: detected=false landmarks=nil roll=nil pitch=nil yaw=nil (3023ms)
[2026-06-15 09:54:16] [hand_detect] IN: hand_detect 1920x1080 → OUT: detected=false landmarks=nil confidence=0
[2026-06-15 09:54:16] [face_detect] IN: face_detect → OUT: detected=false landmarks=nil roll=nil pitch=nil yaw=nil (3468ms)
[2026-06-15 09:54:16] [hand_detect] IN: hand_detect 1920x1080 → OUT: detected=false landmarks=nil confidence=0
[2026-06-15 09:54:16] [face_detect] IN: face_detect → OUT: detected=false landmarks=nil roll=nil pitch=nil yaw=nil (3755ms)
[2026-06-15 09:54:16] [axScan] IN: windows=4 → OUT: raw=49 visible=6 [pid685=1 pid689=1 pid690=1 pid8084=3] (226ms)
[2026-06-15 09:54:16] [hand_detect] IN: hand_detect 1920x1080 → OUT: detected=false landmarks=nil confidence=0
[2026-06-15 09:54:16] [face_detect] IN: face_detect → OUT: detected=false landmarks=nil roll=nil pitch=nil yaw=nil (3521ms)
[2026-06-15 09:54:16] [hand_detect] IN: hand_detect 1920x1080 → OUT: detected=false landmarks=nil confidence=0
[2026-06-15 09:54:16] [face_detect] IN: face_detect → OUT: detected=false landmarks=nil roll=nil pitch=nil yaw=nil (3688ms)
[2026-06-15 09:54:16] [hand_detect] IN: hand_detect 1920x1080 → OUT: detected=false landmarks=nil confidence=0
[2026-06-15 09:54:16] [face_detect] IN: face_detect → OUT: detected=false landmarks=nil roll=nil pitch=nil yaw=nil (3156ms)
[2026-06-15 09:54:16] [hand_detect] IN: hand_detect 1920x1080 → OUT: detected=false landmarks=nil confidence=0
[2026-06-15 09:54:16] [face_detect] IN: face_detect → OUT: detected=false landmarks=nil roll=nil pitch=nil yaw=nil (3006ms)
[2026-06-15 09:54:16] [hand_detect] IN: hand_detect 1920x1080 → OUT: detected=false landmarks=nil confidence=0
[2026-06-15 09:54:16] [face_detect] IN: face_detect → OUT: detected=false landmarks=nil roll=nil pitch=nil yaw=nil (3103ms)
[2026-06-15 09:54:16] [hand_detect] IN: hand_detect 1920x1080 → OUT: detected=false landmarks=nil confidence=0
[2026-06-15 09:54:16] [face_detect] IN: face_detect → OUT: detected=false landmarks=nil roll=nil pitch=nil yaw=nil (3497ms)
[2026-06-15 09:54:16] [hand_detect] IN: hand_detect 1920x1080 → OUT: detected=false landmarks=nil confidence=0
[2026-06-15 09:54:16] [face_detect] IN: face_detect → OUT: detected=false landmarks=nil roll=nil pitch=nil yaw=nil (3641ms)
[2026-06-15 09:54:16] [hand_detect] IN: hand_detect 1920x1080 → OUT: detected=false landmarks=nil confidence=0
[2026-06-15 09:54:16] [face_detect] IN: face_detect → OUT: detected=false landmarks=nil roll=nil pitch=nil yaw=nil (4410ms)
[2026-06-15 09:54:16] [hand_detect] IN: hand_detect 1920x1080 → OUT: detected=false landmarks=nil confidence=0
[2026-06-15 09:54:16] [face_detect] IN: face_detect → OUT: detected=false landmarks=nil roll=nil pitch=nil yaw=nil (4938ms)
[2026-06-15 09:54:16] [hand_detect] IN: hand_detect 1920x1080 → OUT: detected=false landmarks=nil confidence=0
[2026-06-15 09:54:16] [face_detect] IN: face_detect → OUT: detected=false landmarks=nil roll=nil pitch=nil yaw=nil (4086ms)
[2026-06-15 09:54:16] [axScan] IN: windows=4 → OUT: raw=49 visible=6 [pid685=1 pid690=1 pid689=1 pid8084=3] (78ms)
[2026-06-15 09:54:16] [hand_detect] IN: hand_detect 1920x1080 → OUT: detected=false landmarks=nil confidence=0
[2026-06-15 09:54:16] [face_detect] IN: face_detect → OUT: detected=false landmarks=nil roll=nil pitch=nil yaw=nil (3353ms)
[2026-06-15 09:54:16] [hand_detect] IN: hand_detect 1920x1080 → OUT: detected=false landmarks=nil confidence=0
[2026-06-15 09:54:16] [face_detect] IN: face_detect → OUT: detected=false landmarks=nil roll=nil pitch=nil yaw=nil (3319ms)
[2026-06-15 09:54:16] [hand_detect] IN: hand_detect 1920x1080 → OUT: detected=false landmarks=nil confidence=0
[2026-06-15 09:54:16] [face_detect] IN: face_detect → OUT: detected=false landmarks=nil roll=nil pitch=nil yaw=nil (3886ms)
[2026-06-15 09:54:16] [hand_detect] IN: hand_detect 1920x1080 → OUT: detected=false landmarks=nil confidence=0
[2026-06-15 09:54:16] [face_detect] IN: face_detect → OUT: detected=false landmarks=nil roll=nil pitch=nil yaw=nil (4264ms)
[2026-06-15 09:54:16] [hand_detect] IN: hand_detect 1920x1080 → OUT: detected=false landmarks=nil confidence=0
[2026-06-15 09:54:16] [face_detect] IN: face_detect → OUT: detected=false landmarks=nil roll=nil pitch=nil yaw=nil (3962ms)
[2026-06-15 09:54:16] [hand_detect] IN: hand_detect 1920x1080 → OUT: detected=false landmarks=nil confidence=0
[2026-06-15 09:54:16] [face_detect] IN: face_detect → OUT: detected=false landmarks=nil roll=nil pitch=nil yaw=nil (4446ms)
[2026-06-15 09:54:17] [hand_detect] IN: hand_detect 1920x1080 → OUT: detected=false landmarks=nil confidence=0
[2026-06-15 09:54:17] [face_detect] IN: face_detect → OUT: detected=false landmarks=nil roll=nil pitch=nil yaw=nil (3953ms)
[2026-06-15 09:54:17] [hand_detect] IN: hand_detect 1920x1080 → OUT: detected=false landmarks=nil confidence=0
[2026-06-15 09:54:17] [face_detect] IN: face_detect → OUT: detected=false landmarks=nil roll=nil pitch=nil yaw=nil (4045ms)
[2026-06-15 09:54:17] [hand_detect] IN: hand_detect 1920x1080 → OUT: detected=false landmarks=nil confidence=0
[2026-06-15 09:54:17] [face_detect] IN: face_detect → OUT: detected=false landmarks=nil roll=nil pitch=nil yaw=nil (3913ms)
[2026-06-15 09:54:17] [hand_detect] IN: hand_detect 1920x1080 → OUT: detected=false landmarks=nil confidence=0
[2026-06-15 09:54:17] [face_detect] IN: face_detect → OUT: detected=false landmarks=nil roll=nil pitch=nil yaw=nil (4087ms)
[2026-06-15 09:54:17] [hand_detect] IN: hand_detect 1920x1080 → OUT: detected=false landmarks=nil confidence=0
[2026-06-15 09:54:17] [face_detect] IN: face_detect → OUT: detected=false landmarks=nil roll=nil pitch=nil yaw=nil (4136ms)
[2026-06-15 09:54:17] [hand_detect] IN: hand_detect 1920x1080 → OUT: detected=false landmarks=nil confidence=0
[2026-06-15 09:54:17] [face_detect] IN: face_detect → OUT: detected=false landmarks=nil roll=nil pitch=nil yaw=nil (4663ms)
[2026-06-15 09:54:17] [hand_detect] IN: hand_detect 1920x1080 → OUT: detected=false landmarks=nil confidence=0
[2026-06-15 09:54:17] [face_detect] IN: face_detect → OUT: detected=false landmarks=nil roll=nil pitch=nil yaw=nil (6557ms)
[2026-06-15 09:54:17] [hand_detect] IN: hand_detect 1920x1080 → OUT: detected=false landmarks=nil confidence=0
[2026-06-15 09:54:17] [face_detect] IN: face_detect → OUT: detected=false landmarks=nil roll=nil pitch=nil yaw=nil (5234ms)
[2026-06-15 09:54:17] [hand_detect] IN: hand_detect 1920x1080 → OUT: detected=false landmarks=nil confidence=0
[2026-06-15 09:54:17] [face_detect] IN: face_detect → OUT: detected=false landmarks=nil roll=nil pitch=nil yaw=nil (4477ms)
[2026-06-15 09:54:17] [axScan] IN: windows=4 → OUT: raw=49 visible=6 [pid8084=3 pid689=1 pid685=1 pid690=1] (61ms)
[2026-06-15 09:54:17] [hand_detect] IN: hand_detect 1920x1080 → OUT: detected=false landmarks=nil confidence=0
[2026-06-15 09:54:17] [face_detect] IN: face_detect → OUT: detected=false landmarks=nil roll=nil pitch=nil yaw=nil (3292ms)
[2026-06-15 09:54:17] [hand_detect] IN: hand_detect 1920x1080 → OUT: detected=false landmarks=nil confidence=0
[2026-06-15 09:54:17] [face_detect] IN: face_detect → OUT: detected=false landmarks=nil roll=nil pitch=nil yaw=nil (3383ms)
[2026-06-15 09:54:17] [hand_detect] IN: hand_detect 1920x1080 → OUT: detected=false landmarks=nil confidence=0
[2026-06-15 09:54:17] [face_detect] IN: face_detect → OUT: detected=false landmarks=nil roll=nil pitch=nil yaw=nil (3280ms)
[2026-06-15 09:54:17] [hand_detect] IN: hand_detect 1920x1080 → OUT: detected=false landmarks=nil confidence=0
[2026-06-15 09:54:17] [face_detect] IN: face_detect → OUT: detected=false landmarks=nil roll=nil pitch=nil yaw=nil (3931ms)
[2026-06-15 09:54:17] [hand_detect] IN: hand_detect 1920x1080 → OUT: detected=false landmarks=nil confidence=0
[2026-06-15 09:54:17] [face_detect] IN: face_detect → OUT: detected=false landmarks=nil roll=nil pitch=nil yaw=nil (3387ms)
[2026-06-15 09:54:17] [hand_detect] IN: hand_detect 1920x1080 → OUT: detected=false landmarks=nil confidence=0
[2026-06-15 09:54:17] [face_detect] IN: face_detect → OUT: detected=false landmarks=nil roll=nil pitch=nil yaw=nil (4070ms)
[2026-06-15 09:54:17] [hand_detect] IN: hand_detect 1920x1080 → OUT: detected=false landmarks=nil confidence=0
[2026-06-15 09:54:17] [face_detect] IN: face_detect → OUT: detected=false landmarks=nil roll=nil pitch=nil yaw=nil (4194ms)
[2026-06-15 09:54:17] [hand_detect] IN: hand_detect 1920x1080 → OUT: detected=false landmarks=nil confidence=0
[2026-06-15 09:54:17] [face_detect] IN: face_detect → OUT: detected=false landmarks=nil roll=nil pitch=nil yaw=nil (4462ms)
[2026-06-15 09:54:17] [hand_detect] IN: hand_detect 1920x1080 → OUT: detected=false landmarks=nil confidence=0
[2026-06-15 09:54:17] [face_detect] IN: face_detect → OUT: detected=false landmarks=nil roll=nil pitch=nil yaw=nil (4330ms)
[2026-06-15 09:54:17] [hand_detect] IN: hand_detect 1920x1080 → OUT: detected=false landmarks=nil confidence=0
[2026-06-15 09:54:17] [face_detect] IN: face_detect → OUT: detected=false landmarks=nil roll=nil pitch=nil yaw=nil (4099ms)
[2026-06-15 09:54:17] [hand_detect] IN: hand_detect 1920x1080 → OUT: detected=false landmarks=nil confidence=0
[2026-06-15 09:54:17] [face_detect] IN: face_detect → OUT: detected=false landmarks=nil roll=nil pitch=nil yaw=nil (3451ms)
[2026-06-15 09:54:17] [hand_detect] IN: hand_detect 1920x1080 → OUT: detected=false landmarks=nil confidence=0
[2026-06-15 09:54:17] [face_detect] IN: face_detect → OUT: detected=false landmarks=nil roll=nil pitch=nil yaw=nil (3950ms)
[2026-06-15 09:54:17] [hand_detect] IN: hand_detect 1920x1080 → OUT: detected=false landmarks=nil confidence=0
[2026-06-15 09:54:17] [face_detect] IN: face_detect → OUT: detected=false landmarks=nil roll=nil pitch=nil yaw=nil (3311ms)
[2026-06-15 09:54:17] [hand_detect] IN: hand_detect 1920x1080 → OUT: detected=false landmarks=nil confidence=0
[2026-06-15 09:54:17] [face_detect] IN: face_detect → OUT: detected=false landmarks=nil roll=nil pitch=nil yaw=nil (3265ms)
[2026-06-15 09:54:17] [hand_detect] IN: hand_detect 1920x1080 → OUT: detected=false landmarks=nil confidence=0
[2026-06-15 09:54:17] [face_detect] IN: face_detect → OUT: detected=false landmarks=nil roll=nil pitch=nil yaw=nil (3293ms)
[2026-06-15 09:54:17] [axScan] IN: windows=4 → OUT: raw=49 visible=6 [pid8084=3 pid690=1 pid689=1 pid685=1] (54ms)
[2026-06-15 09:54:17] [hand_detect] IN: hand_detect 1920x1080 → OUT: detected=false landmarks=nil confidence=0
[2026-06-15 09:54:17] [face_detect] IN: face_detect → OUT: detected=false landmarks=nil roll=nil pitch=nil yaw=nil (2959ms)
[2026-06-15 09:54:17] [hand_detect] IN: hand_detect 1920x1080 → OUT: detected=false landmarks=nil confidence=0
[2026-06-15 09:54:17] [face_detect] IN: face_detect → OUT: detected=false landmarks=nil roll=nil pitch=nil yaw=nil (3422ms)
[2026-06-15 09:54:17] [hand_detect] IN: hand_detect 1920x1080 → OUT: detected=false landmarks=nil confidence=0
[2026-06-15 09:54:17] [face_detect] IN: face_detect → OUT: detected=false landmarks=nil roll=nil pitch=nil yaw=nil (2979ms)
[2026-06-15 09:54:17] [hand_detect] IN: hand_detect 1920x1080 → OUT: detected=false landmarks=nil confidence=0
[2026-06-15 09:54:17] [face_detect] IN: face_detect → OUT: detected=false landmarks=nil roll=nil pitch=nil yaw=nil (3286ms)
[2026-06-15 09:54:17] [hand_detect] IN: hand_detect 1920x1080 → OUT: detected=false landmarks=nil confidence=0
[2026-06-15 09:54:17] [face_detect] IN: face_detect → OUT: detected=false landmarks=nil roll=nil pitch=nil yaw=nil (3021ms)
[2026-06-15 09:54:17] [hand_detect] IN: hand_detect 1920x1080 → OUT: detected=false landmarks=nil confidence=0
[2026-06-15 09:54:17] [face_detect] IN: face_detect → OUT: detected=false landmarks=nil roll=nil pitch=nil yaw=nil (3152ms)
[2026-06-15 09:54:18] [hand_detect] IN: hand_detect 1920x1080 → OUT: detected=false landmarks=nil confidence=0
[2026-06-15 09:54:18] [face_detect] IN: face_detect → OUT: detected=false landmarks=nil roll=nil pitch=nil yaw=nil (3165ms)
[2026-06-15 09:54:18] [hand_detect] IN: hand_detect 1920x1080 → OUT: detected=false landmarks=nil confidence=0
[2026-06-15 09:54:18] [face_detect] IN: face_detect → OUT: detected=false landmarks=nil roll=nil pitch=nil yaw=nil (3190ms)
[2026-06-15 09:54:18] [hand_detect] IN: hand_detect 1920x1080 → OUT: detected=false landmarks=nil confidence=0
[2026-06-15 09:54:18] [face_detect] IN: face_detect → OUT: detected=false landmarks=nil roll=nil pitch=nil yaw=nil (3209ms)
[2026-06-15 09:54:18] [hand_detect] IN: hand_detect 1920x1080 → OUT: detected=false landmarks=nil confidence=0
[2026-06-15 09:54:18] [face_detect] IN: face_detect → OUT: detected=false landmarks=nil roll=nil pitch=nil yaw=nil (3156ms)
[2026-06-15 09:54:18] [hand_detect] IN: hand_detect 1920x1080 → OUT: detected=false landmarks=nil confidence=0
[2026-06-15 09:54:18] [face_detect] IN: face_detect → OUT: detected=false landmarks=nil roll=nil pitch=nil yaw=nil (3309ms)
[2026-06-15 09:54:18] [hand_detect] IN: hand_detect 1920x1080 → OUT: detected=false landmarks=nil confidence=0
[2026-06-15 09:54:18] [face_detect] IN: face_detect → OUT: detected=false landmarks=nil roll=nil pitch=nil yaw=nil (3680ms)
[2026-06-15 09:54:18] [hand_detect] IN: hand_detect 1920x1080 → OUT: detected=false landmarks=nil confidence=0
[2026-06-15 09:54:18] [face_detect] IN: face_detect → OUT: detected=false landmarks=nil roll=nil pitch=nil yaw=nil (3834ms)
[2026-06-15 09:54:18] [hand_detect] IN: hand_detect 1920x1080 → OUT: detected=false landmarks=nil confidence=0
[2026-06-15 09:54:18] [face_detect] IN: face_detect → OUT: detected=false landmarks=nil roll=nil pitch=nil yaw=nil (3983ms)
[2026-06-15 09:54:18] [hand_detect] IN: hand_detect 1920x1080 → OUT: detected=false landmarks=nil confidence=0
[2026-06-15 09:54:18] [face_detect] IN: face_detect → OUT: detected=false landmarks=nil roll=nil pitch=nil yaw=nil (3327ms)
[2026-06-15 09:54:18] [axScan] IN: windows=4 → OUT: raw=49 visible=6 [pid685=1 pid689=1 pid8084=3 pid690=1] (53ms)
[2026-06-15 09:54:18] [hand_detect] IN: hand_detect 1920x1080 → OUT: detected=false landmarks=nil confidence=0
[2026-06-15 09:54:18] [face_detect] IN: face_detect → OUT: detected=false landmarks=nil roll=nil pitch=nil yaw=nil (3216ms)
[2026-06-15 09:54:18] [hand_detect] IN: hand_detect 1920x1080 → OUT: detected=false landmarks=nil confidence=0
[2026-06-15 09:54:18] [face_detect] IN: face_detect → OUT: detected=false landmarks=nil roll=nil pitch=nil yaw=nil (3658ms)
[2026-06-15 09:54:18] [hand_detect] IN: hand_detect 1920x1080 → OUT: detected=false landmarks=nil confidence=0
[2026-06-15 09:54:18] [face_detect] IN: face_detect → OUT: detected=false landmarks=nil roll=nil pitch=nil yaw=nil (3687ms)
[2026-06-15 09:54:18] [hand_detect] IN: hand_detect 1920x1080 → OUT: detected=false landmarks=nil confidence=0
[2026-06-15 09:54:18] [face_detect] IN: face_detect → OUT: detected=false landmarks=nil roll=nil pitch=nil yaw=nil (3399ms)
[2026-06-15 09:54:18] [hand_detect] IN: hand_detect 1920x1080 → OUT: detected=false landmarks=nil confidence=0
[2026-06-15 09:54:18] [face_detect] IN: face_detect → OUT: detected=false landmarks=nil roll=nil pitch=nil yaw=nil (3018ms)
[2026-06-15 09:54:18] [hand_detect] IN: hand_detect 1920x1080 → OUT: detected=false landmarks=nil confidence=0
[2026-06-15 09:54:18] [face_detect] IN: face_detect → OUT: detected=false landmarks=nil roll=nil pitch=nil yaw=nil (3010ms)
[2026-06-15 09:54:18] [hand_detect] IN: hand_detect 1920x1080 → OUT: detected=false landmarks=nil confidence=0
[2026-06-15 09:54:18] [face_detect] IN: face_detect → OUT: detected=false landmarks=nil roll=nil pitch=nil yaw=nil (3183ms)
[2026-06-15 09:54:18] [hand_detect] IN: hand_detect 1920x1080 → OUT: detected=false landmarks=nil confidence=0
[2026-06-15 09:54:18] [face_detect] IN: face_detect → OUT: detected=false landmarks=nil roll=nil pitch=nil yaw=nil (3404ms)
[2026-06-15 09:54:18] [hand_detect] IN: hand_detect 1920x1080 → OUT: detected=false landmarks=nil confidence=0
[2026-06-15 09:54:18] [face_detect] IN: face_detect → OUT: detected=false landmarks=nil roll=nil pitch=nil yaw=nil (3514ms)
[2026-06-15 09:54:18] [hand_detect] IN: hand_detect 1920x1080 → OUT: detected=false landmarks=nil confidence=0
[2026-06-15 09:54:18] [face_detect] IN: face_detect → OUT: detected=false landmarks=nil roll=nil pitch=nil yaw=nil (3355ms)
[2026-06-15 09:54:18] [hand_detect] IN: hand_detect 1920x1080 → OUT: detected=false landmarks=nil confidence=0
[2026-06-15 09:54:18] [face_detect] IN: face_detect → OUT: detected=false landmarks=nil roll=nil pitch=nil yaw=nil (3641ms)
[2026-06-15 09:54:18] [hand_detect] IN: hand_detect 1920x1080 → OUT: detected=false landmarks=nil confidence=0
[2026-06-15 09:54:18] [face_detect] IN: face_detect → OUT: detected=false landmarks=nil roll=nil pitch=nil yaw=nil (3937ms)
[2026-06-15 09:54:18] [hand_detect] IN: hand_detect 1920x1080 → OUT: detected=false landmarks=nil confidence=0
[2026-06-15 09:54:18] [face_detect] IN: face_detect → OUT: detected=false landmarks=nil roll=nil pitch=nil yaw=nil (3499ms)
[2026-06-15 09:54:18] [hand_detect] IN: hand_detect 1920x1080 → OUT: detected=false landmarks=nil confidence=0
[2026-06-15 09:54:18] [face_detect] IN: face_detect → OUT: detected=false landmarks=nil roll=nil pitch=nil yaw=nil (3499ms)
[2026-06-15 09:54:18] [hand_detect] IN: hand_detect 1920x1080 → OUT: detected=false landmarks=nil confidence=0
[2026-06-15 09:54:18] [face_detect] IN: face_detect → OUT: detected=false landmarks=nil roll=nil pitch=nil yaw=nil (3057ms)
[2026-06-15 09:54:18] [axScan] IN: windows=4 → OUT: raw=49 visible=6 [pid685=1 pid689=1 pid8084=3 pid690=1] (49ms)
[2026-06-15 09:54:18] [hand_detect] IN: hand_detect 1920x1080 → OUT: detected=false landmarks=nil confidence=0
[2026-06-15 09:54:18] [face_detect] IN: face_detect → OUT: detected=false landmarks=nil roll=nil pitch=nil yaw=nil (3215ms)
[2026-06-15 09:54:18] [hand_detect] IN: hand_detect 1920x1080 → OUT: detected=false landmarks=nil confidence=0
[2026-06-15 09:54:18] [face_detect] IN: face_detect → OUT: detected=false landmarks=nil roll=nil pitch=nil yaw=nil (2990ms)
[2026-06-15 09:54:18] [hand_detect] IN: hand_detect 1920x1080 → OUT: detected=false landmarks=nil confidence=0
[2026-06-15 09:54:18] [face_detect] IN: face_detect → OUT: detected=false landmarks=nil roll=nil pitch=nil yaw=nil (3516ms)
[2026-06-15 09:54:18] [hand_detect] IN: hand_detect 1920x1080 → OUT: detected=false landmarks=nil confidence=0
[2026-06-15 09:54:18] [face_detect] IN: face_detect → OUT: detected=false landmarks=nil roll=nil pitch=nil yaw=nil (3407ms)
[2026-06-15 09:54:18] [hand_detect] IN: hand_detect 1920x1080 → OUT: detected=false landmarks=nil confidence=0
[2026-06-15 09:54:18] [face_detect] IN: face_detect → OUT: detected=false landmarks=nil roll=nil pitch=nil yaw=nil (3154ms)
[2026-06-15 09:54:18] [hand_detect] IN: hand_detect 1920x1080 → OUT: detected=false landmarks=nil confidence=0
[2026-06-15 09:54:18] [face_detect] IN: face_detect → OUT: detected=false landmarks=nil roll=nil pitch=nil yaw=nil (3391ms)
[2026-06-15 09:54:19] [hand_detect] IN: hand_detect 1920x1080 → OUT: detected=false landmarks=nil confidence=0
[2026-06-15 09:54:19] [face_detect] IN: face_detect → OUT: detected=false landmarks=nil roll=nil pitch=nil yaw=nil (3527ms)
[2026-06-15 09:54:19] [hand_detect] IN: hand_detect 1920x1080 → OUT: detected=false landmarks=nil confidence=0
[2026-06-15 09:54:19] [face_detect] IN: face_detect → OUT: detected=false landmarks=nil roll=nil pitch=nil yaw=nil (3317ms)
[2026-06-15 09:54:19] [hand_detect] IN: hand_detect 1920x1080 → OUT: detected=false landmarks=nil confidence=0
[2026-06-15 09:54:19] [face_detect] IN: face_detect → OUT: detected=false landmarks=nil roll=nil pitch=nil yaw=nil (3571ms)
[2026-06-15 09:54:19] [hand_detect] IN: hand_detect 1920x1080 → OUT: detected=false landmarks=nil confidence=0
[2026-06-15 09:54:19] [face_detect] IN: face_detect → OUT: detected=false landmarks=nil roll=nil pitch=nil yaw=nil (3876ms)
[2026-06-15 09:54:19] [hand_detect] IN: hand_detect 1920x1080 → OUT: detected=false landmarks=nil confidence=0
[2026-06-15 09:54:19] [face_detect] IN: face_detect → OUT: detected=false landmarks=nil roll=nil pitch=nil yaw=nil (4338ms)
[2026-06-15 09:54:19] [hand_detect] IN: hand_detect 1920x1080 → OUT: detected=false landmarks=nil confidence=0
[2026-06-15 09:54:19] [face_detect] IN: face_detect → OUT: detected=false landmarks=nil roll=nil pitch=nil yaw=nil (4450ms)
[2026-06-15 09:54:19] [hand_detect] IN: hand_detect 1920x1080 → OUT: detected=false landmarks=nil confidence=0
[2026-06-15 09:54:19] [face_detect] IN: face_detect → OUT: detected=false landmarks=nil roll=nil pitch=nil yaw=nil (4403ms)
[2026-06-15 09:54:19] [hand_detect] IN: hand_detect 1920x1080 → OUT: detected=false landmarks=nil confidence=0
[2026-06-15 09:54:19] [face_detect] IN: face_detect → OUT: detected=false landmarks=nil roll=nil pitch=nil yaw=nil (3763ms)
[2026-06-15 09:54:19] [hand_detect] IN: hand_detect 1920x1080 → OUT: detected=false landmarks=nil confidence=0
[2026-06-15 09:54:19] [face_detect] IN: face_detect → OUT: detected=false landmarks=nil roll=nil pitch=nil yaw=nil (3492ms)
[2026-06-15 09:54:19] [axScan] IN: windows=4 → OUT: raw=49 visible=6 [pid8084=3 pid685=1 pid689=1 pid690=1] (51ms)
[2026-06-15 09:54:19] [hand_detect] IN: hand_detect 1920x1080 → OUT: detected=false landmarks=nil confidence=0
[2026-06-15 09:54:19] [face_detect] IN: face_detect → OUT: detected=false landmarks=nil roll=nil pitch=nil yaw=nil (3123ms)
[2026-06-15 09:54:19] [hand_detect] IN: hand_detect 1920x1080 → OUT: detected=false landmarks=nil confidence=0
[2026-06-15 09:54:19] [face_detect] IN: face_detect → OUT: detected=false landmarks=nil roll=nil pitch=nil yaw=nil (3085ms)
[2026-06-15 09:54:19] [hand_detect] IN: hand_detect 1920x1080 → OUT: detected=false landmarks=nil confidence=0
[2026-06-15 09:54:19] [face_detect] IN: face_detect → OUT: detected=false landmarks=nil roll=nil pitch=nil yaw=nil (3604ms)
[2026-06-15 09:54:19] [hand_detect] IN: hand_detect 1920x1080 → OUT: detected=false landmarks=nil confidence=0
[2026-06-15 09:54:19] [face_detect] IN: face_detect → OUT: detected=false landmarks=nil roll=nil pitch=nil yaw=nil (4575ms)
[2026-06-15 09:54:19] [hand_detect] IN: hand_detect 1920x1080 → OUT: detected=false landmarks=nil confidence=0
[2026-06-15 09:54:19] [face_detect] IN: face_detect → OUT: detected=false landmarks=nil roll=nil pitch=nil yaw=nil (4410ms)
[2026-06-15 09:54:19] [hand_detect] IN: hand_detect 1920x1080 → OUT: detected=false landmarks=nil confidence=0
[2026-06-15 09:54:19] [face_detect] IN: face_detect → OUT: detected=false landmarks=nil roll=nil pitch=nil yaw=nil (5083ms)
[2026-06-15 09:54:19] [hand_detect] IN: hand_detect 1920x1080 → OUT: detected=false landmarks=nil confidence=0
[2026-06-15 09:54:19] [face_detect] IN: face_detect → OUT: detected=false landmarks=nil roll=nil pitch=nil yaw=nil (5593ms)
[2026-06-15 09:54:19] [hand_detect] IN: hand_detect 1920x1080 → OUT: detected=false landmarks=nil confidence=0
[2026-06-15 09:54:19] [face_detect] IN: face_detect → OUT: detected=false landmarks=nil roll=nil pitch=nil yaw=nil (5416ms)
[2026-06-15 09:54:19] [hand_detect] IN: hand_detect 1920x1080 → OUT: detected=false landmarks=nil confidence=0
[2026-06-15 09:54:19] [face_detect] IN: face_detect → OUT: detected=false landmarks=nil roll=nil pitch=nil yaw=nil (5738ms)
[2026-06-15 09:54:19] [hand_detect] IN: hand_detect 1920x1080 → OUT: detected=false landmarks=nil confidence=0
[2026-06-15 09:54:19] [face_detect] IN: face_detect → OUT: detected=false landmarks=nil roll=nil pitch=nil yaw=nil (5643ms)
[2026-06-15 09:54:19] [hand_detect] IN: hand_detect 1920x1080 → OUT: detected=false landmarks=nil confidence=0
[2026-06-15 09:54:19] [face_detect] IN: face_detect → OUT: detected=false landmarks=nil roll=nil pitch=nil yaw=nil (5663ms)
[2026-06-15 09:54:19] [hand_detect] IN: hand_detect 1920x1080 → OUT: detected=false landmarks=nil confidence=0
[2026-06-15 09:54:19] [face_detect] IN: face_detect → OUT: detected=false landmarks=nil roll=nil pitch=nil yaw=nil (5640ms)
[2026-06-15 09:54:19] [hand_detect] IN: hand_detect 1920x1080 → OUT: detected=false landmarks=nil confidence=0
[2026-06-15 09:54:19] [face_detect] IN: face_detect → OUT: detected=false landmarks=nil roll=nil pitch=nil yaw=nil (6293ms)
[2026-06-15 09:54:19] [hand_detect] IN: hand_detect 1920x1080 → OUT: detected=false landmarks=nil confidence=0
[2026-06-15 09:54:19] [face_detect] IN: face_detect → OUT: detected=false landmarks=nil roll=nil pitch=nil yaw=nil (6739ms)
[2026-06-15 09:54:19] [hand_detect] IN: hand_detect 1920x1080 → OUT: detected=false landmarks=nil confidence=0
[2026-06-15 09:54:19] [face_detect] IN: face_detect → OUT: detected=false landmarks=nil roll=nil pitch=nil yaw=nil (5670ms)
[2026-06-15 09:54:19] [axScan] IN: windows=4 → OUT: raw=49 visible=6 [pid8084=3 pid689=1 pid690=1 pid685=1] (50ms)
[2026-06-15 09:54:19] [hand_detect] IN: hand_detect 1920x1080 → OUT: detected=false landmarks=nil confidence=0
[2026-06-15 09:54:19] [face_detect] IN: face_detect → OUT: detected=false landmarks=nil roll=nil pitch=nil yaw=nil (4325ms)
[2026-06-15 09:54:19] [hand_detect] IN: hand_detect 1920x1080 → OUT: detected=false landmarks=nil confidence=0
[2026-06-15 09:54:19] [face_detect] IN: face_detect → OUT: detected=false landmarks=nil roll=nil pitch=nil yaw=nil (4867ms)
[2026-06-15 09:54:19] [hand_detect] IN: hand_detect 1920x1080 → OUT: detected=false landmarks=nil confidence=0
[2026-06-15 09:54:19] [face_detect] IN: face_detect → OUT: detected=false landmarks=nil roll=nil pitch=nil yaw=nil (5983ms)
[2026-06-15 09:54:19] [hand_detect] IN: hand_detect 1920x1080 → OUT: detected=false landmarks=nil confidence=0
[2026-06-15 09:54:19] [face_detect] IN: face_detect → OUT: detected=false landmarks=nil roll=nil pitch=nil yaw=nil (5179ms)
[2026-06-15 09:54:19] [hand_detect] IN: hand_detect 1920x1080 → OUT: detected=false landmarks=nil confidence=0
[2026-06-15 09:54:19] [face_detect] IN: face_detect → OUT: detected=false landmarks=nil roll=nil pitch=nil yaw=nil (5506ms)
[2026-06-15 09:54:19] [hand_detect] IN: hand_detect 1920x1080 → OUT: detected=false landmarks=nil confidence=0
[2026-06-15 09:54:19] [face_detect] IN: face_detect → OUT: detected=false landmarks=nil roll=nil pitch=nil yaw=nil (6397ms)
[2026-06-15 09:54:20] [hand_detect] IN: hand_detect 1920x1080 → OUT: detected=false landmarks=nil confidence=0
[2026-06-15 09:54:20] [face_detect] IN: face_detect → OUT: detected=false landmarks=nil roll=nil pitch=nil yaw=nil (6078ms)
[2026-06-15 09:54:20] [hand_detect] IN: hand_detect 1920x1080 → OUT: detected=false landmarks=nil confidence=0
[2026-06-15 09:54:20] [face_detect] IN: face_detect → OUT: detected=false landmarks=nil roll=nil pitch=nil yaw=nil (6224ms)
[2026-06-15 09:54:20] [hand_detect] IN: hand_detect 1920x1080 → OUT: detected=false landmarks=nil confidence=0
[2026-06-15 09:54:20] [face_detect] IN: face_detect → OUT: detected=false landmarks=nil roll=nil pitch=nil yaw=nil (5677ms)
[2026-06-15 09:54:20] [hand_detect] IN: hand_detect 1920x1080 → OUT: detected=false landmarks=nil confidence=0
[2026-06-15 09:54:20] [face_detect] IN: face_detect → OUT: detected=false landmarks=nil roll=nil pitch=nil yaw=nil (5846ms)
[2026-06-15 09:54:20] [hand_detect] IN: hand_detect 1920x1080 → OUT: detected=false landmarks=nil confidence=0
[2026-06-15 09:54:20] [face_detect] IN: face_detect → OUT: detected=false landmarks=nil roll=nil pitch=nil yaw=nil (5674ms)
[2026-06-15 09:54:20] [hand_detect] IN: hand_detect 1920x1080 → OUT: detected=false landmarks=nil confidence=0
[2026-06-15 09:54:20] [face_detect] IN: face_detect → OUT: detected=false landmarks=nil roll=nil pitch=nil yaw=nil (6639ms)
[2026-06-15 09:54:20] [hand_detect] IN: hand_detect 1920x1080 → OUT: detected=false landmarks=nil confidence=0
[2026-06-15 09:54:20] [face_detect] IN: face_detect → OUT: detected=false landmarks=nil roll=nil pitch=nil yaw=nil (6195ms)
[2026-06-15 09:54:20] [hand_detect] IN: hand_detect 1920x1080 → OUT: detected=false landmarks=nil confidence=0
[2026-06-15 09:54:20] [face_detect] IN: face_detect → OUT: detected=false landmarks=nil roll=nil pitch=nil yaw=nil (6389ms)
[2026-06-15 09:54:20] [hand_detect] IN: hand_detect 1920x1080 → OUT: detected=false landmarks=nil confidence=0
[2026-06-15 09:54:20] [face_detect] IN: face_detect → OUT: detected=false landmarks=nil roll=nil pitch=nil yaw=nil (6129ms)
[2026-06-15 09:54:20] [axScan] IN: windows=4 → OUT: raw=49 visible=6 [pid685=1 pid8084=3 pid689=1 pid690=1] (51ms)
[2026-06-15 09:54:20] [hand_detect] IN: hand_detect 1920x1080 → OUT: detected=false landmarks=nil confidence=0
[2026-06-15 09:54:20] [face_detect] IN: face_detect → OUT: detected=false landmarks=nil roll=nil pitch=nil yaw=nil (6693ms)
[2026-06-15 09:54:20] [hand_detect] IN: hand_detect 1920x1080 → OUT: detected=false landmarks=nil confidence=0
[2026-06-15 09:54:20] [face_detect] IN: face_detect → OUT: detected=false landmarks=nil roll=nil pitch=nil yaw=nil (5609ms)
[2026-06-15 09:54:20] [hand_detect] IN: hand_detect 1920x1080 → OUT: detected=false landmarks=nil confidence=0
[2026-06-15 09:54:20] [face_detect] IN: face_detect → OUT: detected=false landmarks=nil roll=nil pitch=nil yaw=nil (5805ms)
[2026-06-15 09:54:20] [hand_detect] IN: hand_detect 1920x1080 → OUT: detected=false landmarks=nil confidence=0
[2026-06-15 09:54:20] [face_detect] IN: face_detect → OUT: detected=false landmarks=nil roll=nil pitch=nil yaw=nil (5729ms)
[2026-06-15 09:54:20] [hand_detect] IN: hand_detect 1920x1080 → OUT: detected=false landmarks=nil confidence=0
[2026-06-15 09:54:20] [face_detect] IN: face_detect → OUT: detected=false landmarks=nil roll=nil pitch=nil yaw=nil (5607ms)
[2026-06-15 09:54:20] [hand_detect] IN: hand_detect 1920x1080 → OUT: detected=false landmarks=nil confidence=0
[2026-06-15 09:54:20] [face_detect] IN: face_detect → OUT: detected=false landmarks=nil roll=nil pitch=nil yaw=nil (6047ms)
[2026-06-15 09:54:20] [hand_detect] IN: hand_detect 1920x1080 → OUT: detected=false landmarks=nil confidence=0
[2026-06-15 09:54:20] [face_detect] IN: face_detect → OUT: detected=false landmarks=nil roll=nil pitch=nil yaw=nil (6515ms)
[2026-06-15 09:54:20] [hand_detect] IN: hand_detect 1920x1080 → OUT: detected=false landmarks=nil confidence=0
[2026-06-15 09:54:20] [face_detect] IN: face_detect → OUT: detected=false landmarks=nil roll=nil pitch=nil yaw=nil (6837ms)
[2026-06-15 09:54:20] [hand_detect] IN: hand_detect 1920x1080 → OUT: detected=false landmarks=nil confidence=0
[2026-06-15 09:54:20] [face_detect] IN: face_detect → OUT: detected=false landmarks=nil roll=nil pitch=nil yaw=nil (6826ms)
[2026-06-15 09:54:20] [hand_detect] IN: hand_detect 1920x1080 → OUT: detected=false landmarks=nil confidence=0
[2026-06-15 09:54:20] [face_detect] IN: face_detect → OUT: detected=false landmarks=nil roll=nil pitch=nil yaw=nil (6199ms)
[2026-06-15 09:54:20] [hand_detect] IN: hand_detect 1920x1080 → OUT: detected=false landmarks=nil confidence=0
[2026-06-15 09:54:20] [face_detect] IN: face_detect → OUT: detected=false landmarks=nil roll=nil pitch=nil yaw=nil (6386ms)
[2026-06-15 09:54:20] [hand_detect] IN: hand_detect 1920x1080 → OUT: detected=false landmarks=nil confidence=0
[2026-06-15 09:54:20] [face_detect] IN: face_detect → OUT: detected=false landmarks=nil roll=nil pitch=nil yaw=nil (6092ms)
[2026-06-15 09:54:20] [hand_detect] IN: hand_detect 1920x1080 → OUT: detected=false landmarks=nil confidence=0
[2026-06-15 09:54:20] [face_detect] IN: face_detect → OUT: detected=false landmarks=nil roll=nil pitch=nil yaw=nil (6021ms)
[2026-06-15 09:54:20] [hand_detect] IN: hand_detect 1920x1080 → OUT: detected=false landmarks=nil confidence=0
[2026-06-15 09:54:20] [face_detect] IN: face_detect → OUT: detected=false landmarks=nil roll=nil pitch=nil yaw=nil (6626ms)
[2026-06-15 09:54:20] [hand_detect] IN: hand_detect 1920x1080 → OUT: detected=false landmarks=nil confidence=0
[2026-06-15 09:54:20] [face_detect] IN: face_detect → OUT: detected=false landmarks=nil roll=nil pitch=nil yaw=nil (6765ms)
[2026-06-15 09:54:20] [axScan] IN: windows=4 → OUT: raw=49 visible=6 [pid8084=3 pid689=1 pid690=1 pid685=1] (54ms)
[2026-06-15 09:54:20] [hand_detect] IN: hand_detect 1920x1080 → OUT: detected=false landmarks=nil confidence=0
[2026-06-15 09:54:20] [face_detect] IN: face_detect → OUT: detected=false landmarks=nil roll=nil pitch=nil yaw=nil (5654ms)
[2026-06-15 09:54:20] [hand_detect] IN: hand_detect 1920x1080 → OUT: detected=false landmarks=nil confidence=0
[2026-06-15 09:54:20] [face_detect] IN: face_detect → OUT: detected=false landmarks=nil roll=nil pitch=nil yaw=nil (4612ms)
[2026-06-15 09:54:20] [hand_detect] IN: hand_detect 1920x1080 → OUT: detected=false landmarks=nil confidence=0
[2026-06-15 09:54:20] [face_detect] IN: face_detect → OUT: detected=false landmarks=nil roll=nil pitch=nil yaw=nil (12055ms)
[2026-06-15 09:54:20] [hand_detect] IN: hand_detect 1920x1080 → OUT: detected=false landmarks=nil confidence=0
[2026-06-15 09:54:20] [face_detect] IN: face_detect → OUT: detected=false landmarks=nil roll=nil pitch=nil yaw=nil (20068ms)
[2026-06-15 09:54:20] [hand_detect] IN: hand_detect 1920x1080 → OUT: detected=false landmarks=nil confidence=0
[2026-06-15 09:54:20] [face_detect] IN: face_detect → OUT: detected=false landmarks=nil roll=nil pitch=nil yaw=nil (3320ms)
[2026-06-15 09:54:20] [hand_detect] IN: hand_detect 1920x1080 → OUT: detected=false landmarks=nil confidence=0
[2026-06-15 09:54:20] [face_detect] IN: face_detect → OUT: detected=false landmarks=nil roll=nil pitch=nil yaw=nil (3353ms)
[2026-06-15 09:54:21] [hand_detect] IN: hand_detect 1920x1080 → OUT: detected=false landmarks=nil confidence=0
[2026-06-15 09:54:21] [face_detect] IN: face_detect → OUT: detected=false landmarks=nil roll=nil pitch=nil yaw=nil (3550ms)
[2026-06-15 09:54:21] [hand_detect] IN: hand_detect 1920x1080 → OUT: detected=false landmarks=nil confidence=0
[2026-06-15 09:54:21] [face_detect] IN: face_detect → OUT: detected=false landmarks=nil roll=nil pitch=nil yaw=nil (20287ms)
[2026-06-15 09:54:21] [hand_detect] IN: hand_detect 1920x1080 → OUT: detected=false landmarks=nil confidence=0
[2026-06-15 09:54:21] [face_detect] IN: face_detect → OUT: detected=false landmarks=nil roll=nil pitch=nil yaw=nil (2679ms)
[2026-06-15 09:54:21] [hand_detect] IN: hand_detect 1920x1080 → OUT: detected=false landmarks=nil confidence=0
[2026-06-15 09:54:21] [face_detect] IN: face_detect → OUT: detected=false landmarks=nil roll=nil pitch=nil yaw=nil (2910ms)
[2026-06-15 09:54:21] [hand_detect] IN: hand_detect 1920x1080 → OUT: detected=false landmarks=nil confidence=0
[2026-06-15 09:54:21] [face_detect] IN: face_detect → OUT: detected=false landmarks=nil roll=nil pitch=nil yaw=nil (3198ms)
[2026-06-15 09:54:21] [hand_detect] IN: hand_detect 1920x1080 → OUT: detected=false landmarks=nil confidence=0
[2026-06-15 09:54:21] [face_detect] IN: face_detect → OUT: detected=false landmarks=nil roll=nil pitch=nil yaw=nil (3331ms)
[2026-06-15 09:54:21] [hand_detect] IN: hand_detect 1920x1080 → OUT: detected=false landmarks=nil confidence=0
[2026-06-15 09:54:21] [face_detect] IN: face_detect → OUT: detected=false landmarks=nil roll=nil pitch=nil yaw=nil (3479ms)
[2026-06-15 09:54:21] [hand_detect] IN: hand_detect 1920x1080 → OUT: detected=false landmarks=nil confidence=0
[2026-06-15 09:54:21] [face_detect] IN: face_detect → OUT: detected=false landmarks=nil roll=nil pitch=nil yaw=nil (4001ms)
[2026-06-15 09:54:21] [hand_detect] IN: hand_detect 1920x1080 → OUT: detected=false landmarks=nil confidence=0
[2026-06-15 09:54:21] [face_detect] IN: face_detect → OUT: detected=false landmarks=nil roll=nil pitch=nil yaw=nil (2956ms)
[2026-06-15 09:54:21] [axScan] IN: windows=4 → OUT: raw=49 visible=6 [pid690=1 pid685=1 pid689=1 pid8084=3] (41ms)
[2026-06-15 09:54:21] [hand_detect] IN: hand_detect 1920x1080 → OUT: detected=false landmarks=nil confidence=0
[2026-06-15 09:54:21] [face_detect] IN: face_detect → OUT: detected=false landmarks=nil roll=nil pitch=nil yaw=nil (2909ms)
[2026-06-15 09:54:21] [hand_detect] IN: hand_detect 1920x1080 → OUT: detected=false landmarks=nil confidence=0
[2026-06-15 09:54:21] [face_detect] IN: face_detect → OUT: detected=false landmarks=nil roll=nil pitch=nil yaw=nil (3139ms)
[2026-06-15 09:54:21] [hand_detect] IN: hand_detect 1920x1080 → OUT: detected=false landmarks=nil confidence=0
[2026-06-15 09:54:21] [face_detect] IN: face_detect → OUT: detected=false landmarks=nil roll=nil pitch=nil yaw=nil (3170ms)
[2026-06-15 09:54:21] [hand_detect] IN: hand_detect 1920x1080 → OUT: detected=false landmarks=nil confidence=0
[2026-06-15 09:54:21] [face_detect] IN: face_detect → OUT: detected=false landmarks=nil roll=nil pitch=nil yaw=nil (3833ms)
[2026-06-15 09:54:21] [hand_detect] IN: hand_detect 1920x1080 → OUT: detected=false landmarks=nil confidence=0
[2026-06-15 09:54:21] [face_detect] IN: face_detect → OUT: detected=false landmarks=nil roll=nil pitch=nil yaw=nil (3643ms)
[2026-06-15 09:54:21] [hand_detect] IN: hand_detect 1920x1080 → OUT: detected=false landmarks=nil confidence=0
[2026-06-15 09:54:21] [face_detect] IN: face_detect → OUT: detected=false landmarks=nil roll=nil pitch=nil yaw=nil (3499ms)
[2026-06-15 09:54:21] [hand_detect] IN: hand_detect 1920x1080 → OUT: detected=false landmarks=nil confidence=0
[2026-06-15 09:54:21] [face_detect] IN: face_detect → OUT: detected=false landmarks=nil roll=nil pitch=nil yaw=nil (3571ms)
[2026-06-15 09:54:21] [hand_detect] IN: hand_detect 1920x1080 → OUT: detected=false landmarks=nil confidence=0
[2026-06-15 09:54:21] [face_detect] IN: face_detect → OUT: detected=false landmarks=nil roll=nil pitch=nil yaw=nil (3349ms)
[2026-06-15 09:54:21] [hand_detect] IN: hand_detect 1920x1080 → OUT: detected=false landmarks=nil confidence=0
[2026-06-15 09:54:21] [face_detect] IN: face_detect → OUT: detected=false landmarks=nil roll=nil pitch=nil yaw=nil (3143ms)
[2026-06-15 09:54:21] [hand_detect] IN: hand_detect 1920x1080 → OUT: detected=false landmarks=nil confidence=0
[2026-06-15 09:54:21] [face_detect] IN: face_detect → OUT: detected=false landmarks=nil roll=nil pitch=nil yaw=nil (3468ms)
[2026-06-15 09:54:21] [hand_detect] IN: hand_detect 1920x1080 → OUT: detected=false landmarks=nil confidence=0
[2026-06-15 09:54:21] [face_detect] IN: face_detect → OUT: detected=false landmarks=nil roll=nil pitch=nil yaw=nil (3068ms)
[2026-06-15 09:54:21] [hand_detect] IN: hand_detect 1920x1080 → OUT: detected=false landmarks=nil confidence=0
[2026-06-15 09:54:21] [face_detect] IN: face_detect → OUT: detected=false landmarks=nil roll=nil pitch=nil yaw=nil (2568ms)
[2026-06-15 09:54:21] [hand_detect] IN: hand_detect 1920x1080 → OUT: detected=false landmarks=nil confidence=0
[2026-06-15 09:54:21] [face_detect] IN: face_detect → OUT: detected=false landmarks=nil roll=nil pitch=nil yaw=nil (27355ms)
[2026-06-15 09:54:21] [hand_detect] IN: hand_detect 1920x1080 → OUT: detected=false landmarks=nil confidence=0
[2026-06-15 09:54:21] [face_detect] IN: face_detect → OUT: detected=false landmarks=nil roll=nil pitch=nil yaw=nil (8710ms)
[2026-06-15 09:54:21] [hand_detect] IN: hand_detect 1920x1080 → OUT: detected=false landmarks=nil confidence=0
[2026-06-15 09:54:21] [face_detect] IN: face_detect → OUT: detected=false landmarks=nil roll=nil pitch=nil yaw=nil (3309ms)
[2026-06-15 09:54:21] [hand_detect] IN: hand_detect 1920x1080 → OUT: detected=false landmarks=nil confidence=0
[2026-06-15 09:54:21] [face_detect] IN: face_detect → OUT: detected=false landmarks=nil roll=nil pitch=nil yaw=nil (3116ms)
[2026-06-15 09:54:21] [hand_detect] IN: hand_detect 1920x1080 → OUT: detected=false landmarks=nil confidence=0
[2026-06-15 09:54:21] [axScan] IN: windows=4 → OUT: raw=49 visible=6 [pid8084=3 pid685=1 pid689=1 pid690=1] (93ms)
[2026-06-15 09:54:21] [face_detect] IN: face_detect → OUT: detected=false landmarks=nil roll=nil pitch=nil yaw=nil (7287ms)
[2026-06-15 09:54:21] [hand_detect] IN: hand_detect 1920x1080 → OUT: detected=false landmarks=nil confidence=0
[2026-06-15 09:54:21] [face_detect] IN: face_detect → OUT: detected=false landmarks=nil roll=nil pitch=nil yaw=nil (3237ms)
[2026-06-15 09:54:21] [hand_detect] IN: hand_detect 1920x1080 → OUT: detected=false landmarks=nil confidence=0
[2026-06-15 09:54:21] [face_detect] IN: face_detect → OUT: detected=false landmarks=nil roll=nil pitch=nil yaw=nil (5277ms)
[2026-06-15 09:54:21] [hand_detect] IN: hand_detect 1920x1080 → OUT: detected=false landmarks=nil confidence=0
[2026-06-15 09:54:21] [face_detect] IN: face_detect → OUT: detected=false landmarks=nil roll=nil pitch=nil yaw=nil (3051ms)
[2026-06-15 09:54:21] [hand_detect] IN: hand_detect 1920x1080 → OUT: detected=false landmarks=nil confidence=0
[2026-06-15 09:54:21] [face_detect] IN: face_detect → OUT: detected=false landmarks=nil roll=nil pitch=nil yaw=nil (2899ms)
[2026-06-15 09:54:22] [hand_detect] IN: hand_detect 1920x1080 → OUT: detected=false landmarks=nil confidence=0
[2026-06-15 09:54:22] [face_detect] IN: face_detect → OUT: detected=false landmarks=nil roll=nil pitch=nil yaw=nil (2815ms)
[2026-06-15 09:54:22] [hand_detect] IN: hand_detect 1920x1080 → OUT: detected=false landmarks=nil confidence=0
[2026-06-15 09:54:22] [face_detect] IN: face_detect → OUT: detected=false landmarks=nil roll=nil pitch=nil yaw=nil (2583ms)
[2026-06-15 09:54:22] [hand_detect] IN: hand_detect 1920x1080 → OUT: detected=false landmarks=nil confidence=0
[2026-06-15 09:54:22] [face_detect] IN: face_detect → OUT: detected=false landmarks=nil roll=nil pitch=nil yaw=nil (2659ms)
[2026-06-15 09:54:22] [hand_detect] IN: hand_detect 1920x1080 → OUT: detected=false landmarks=nil confidence=0
[2026-06-15 09:54:22] [face_detect] IN: face_detect → OUT: detected=false landmarks=nil roll=nil pitch=nil yaw=nil (2577ms)
[2026-06-15 09:54:22] [hand_detect] IN: hand_detect 1920x1080 → OUT: detected=false landmarks=nil confidence=0
[2026-06-15 09:54:22] [face_detect] IN: face_detect → OUT: detected=false landmarks=nil roll=nil pitch=nil yaw=nil (2629ms)
[2026-06-15 09:54:22] [hand_detect] IN: hand_detect 1920x1080 → OUT: detected=false landmarks=nil confidence=0
[2026-06-15 09:54:22] [face_detect] IN: face_detect → OUT: detected=false landmarks=nil roll=nil pitch=nil yaw=nil (2689ms)
[2026-06-15 09:54:22] [hand_detect] IN: hand_detect 1920x1080 → OUT: detected=false landmarks=nil confidence=0
[2026-06-15 09:54:22] [face_detect] IN: face_detect → OUT: detected=false landmarks=nil roll=nil pitch=nil yaw=nil (2658ms)
[2026-06-15 09:54:22] [hand_detect] IN: hand_detect 1920x1080 → OUT: detected=false landmarks=nil confidence=0
[2026-06-15 09:54:22] [face_detect] IN: face_detect → OUT: detected=false landmarks=nil roll=nil pitch=nil yaw=nil (2943ms)
[2026-06-15 09:54:22] [hand_detect] IN: hand_detect 1920x1080 → OUT: detected=false landmarks=nil confidence=0
[2026-06-15 09:54:22] [face_detect] IN: face_detect → OUT: detected=false landmarks=nil roll=nil pitch=nil yaw=nil (2771ms)
[2026-06-15 09:54:22] [axScan] IN: windows=4 → OUT: raw=49 visible=6 [pid685=1 pid8084=3 pid689=1 pid690=1] (45ms)
[2026-06-15 09:54:22] [hand_detect] IN: hand_detect 1920x1080 → OUT: detected=false landmarks=nil confidence=0
[2026-06-15 09:54:22] [face_detect] IN: face_detect → OUT: detected=false landmarks=nil roll=nil pitch=nil yaw=nil (2734ms)
[2026-06-15 09:54:22] [hand_detect] IN: hand_detect 1920x1080 → OUT: detected=false landmarks=nil confidence=0
[2026-06-15 09:54:22] [face_detect] IN: face_detect → OUT: detected=false landmarks=nil roll=nil pitch=nil yaw=nil (2886ms)
[2026-06-15 09:54:22] [hand_detect] IN: hand_detect 1920x1080 → OUT: detected=false landmarks=nil confidence=0
[2026-06-15 09:54:22] [face_detect] IN: face_detect → OUT: detected=false landmarks=nil roll=nil pitch=nil yaw=nil (2928ms)
[2026-06-15 09:54:22] [hand_detect] IN: hand_detect 1920x1080 → OUT: detected=false landmarks=nil confidence=0
[2026-06-15 09:54:22] [face_detect] IN: face_detect → OUT: detected=false landmarks=nil roll=nil pitch=nil yaw=nil (2719ms)
[2026-06-15 09:54:22] [hand_detect] IN: hand_detect 1920x1080 → OUT: detected=false landmarks=nil confidence=0
[2026-06-15 09:54:22] [face_detect] IN: face_detect → OUT: detected=false landmarks=nil roll=nil pitch=nil yaw=nil (4135ms)
[2026-06-15 09:54:22] [hand_detect] IN: hand_detect 1920x1080 → OUT: detected=false landmarks=nil confidence=0
[2026-06-15 09:54:22] [face_detect] IN: face_detect → OUT: detected=false landmarks=nil roll=nil pitch=nil yaw=nil (4197ms)
[2026-06-15 09:54:22] [hand_detect] IN: hand_detect 1920x1080 → OUT: detected=false landmarks=nil confidence=0
[2026-06-15 09:54:22] [face_detect] IN: face_detect → OUT: detected=false landmarks=nil roll=nil pitch=nil yaw=nil (3759ms)
[2026-06-15 09:54:22] [hand_detect] IN: hand_detect 1920x1080 → OUT: detected=false landmarks=nil confidence=0
[2026-06-15 09:54:22] [face_detect] IN: face_detect → OUT: detected=false landmarks=nil roll=nil pitch=nil yaw=nil (3919ms)
[2026-06-15 09:54:22] [hand_detect] IN: hand_detect 1920x1080 → OUT: detected=false landmarks=nil confidence=0
[2026-06-15 09:54:22] [face_detect] IN: face_detect → OUT: detected=false landmarks=nil roll=nil pitch=nil yaw=nil (3471ms)
[2026-06-15 09:54:22] [hand_detect] IN: hand_detect 1920x1080 → OUT: detected=false landmarks=nil confidence=0
[2026-06-15 09:54:22] [face_detect] IN: face_detect → OUT: detected=false landmarks=nil roll=nil pitch=nil yaw=nil (3188ms)
[2026-06-15 09:54:22] [hand_detect] IN: hand_detect 1920x1080 → OUT: detected=false landmarks=nil confidence=0
[2026-06-15 09:54:22] [face_detect] IN: face_detect → OUT: detected=false landmarks=nil roll=nil pitch=nil yaw=nil (3254ms)
[2026-06-15 09:54:22] [hand_detect] IN: hand_detect 1920x1080 → OUT: detected=false landmarks=nil confidence=0
[2026-06-15 09:54:22] [face_detect] IN: face_detect → OUT: detected=false landmarks=nil roll=nil pitch=nil yaw=nil (3437ms)
[2026-06-15 09:54:22] [hand_detect] IN: hand_detect 1920x1080 → OUT: detected=false landmarks=nil confidence=0
[2026-06-15 09:54:22] [face_detect] IN: face_detect → OUT: detected=false landmarks=nil roll=nil pitch=nil yaw=nil (3718ms)
[2026-06-15 09:54:22] [hand_detect] IN: hand_detect 1920x1080 → OUT: detected=false landmarks=nil confidence=0
[2026-06-15 09:54:22] [face_detect] IN: face_detect → OUT: detected=false landmarks=nil roll=nil pitch=nil yaw=nil (3893ms)
[2026-06-15 09:54:22] [hand_detect] IN: hand_detect 1920x1080 → OUT: detected=false landmarks=nil confidence=0
[2026-06-15 09:54:22] [face_detect] IN: face_detect → OUT: detected=false landmarks=nil roll=nil pitch=nil yaw=nil (3268ms)
[2026-06-15 09:54:22] [axScan] IN: windows=4 → OUT: raw=49 visible=6 [pid685=1 pid8084=3 pid689=1 pid690=1] (50ms)
[2026-06-15 09:54:22] [hand_detect] IN: hand_detect 1920x1080 → OUT: detected=false landmarks=nil confidence=0
[2026-06-15 09:54:22] [face_detect] IN: face_detect → OUT: detected=false landmarks=nil roll=nil pitch=nil yaw=nil (3155ms)
[2026-06-15 09:54:22] [hand_detect] IN: hand_detect 1920x1080 → OUT: detected=false landmarks=nil confidence=0
[2026-06-15 09:54:22] [face_detect] IN: face_detect → OUT: detected=false landmarks=nil roll=nil pitch=nil yaw=nil (2871ms)
[2026-06-15 09:54:22] [hand_detect] IN: hand_detect 1920x1080 → OUT: detected=false landmarks=nil confidence=0
[2026-06-15 09:54:22] [face_detect] IN: face_detect → OUT: detected=false landmarks=nil roll=nil pitch=nil yaw=nil (3579ms)
[2026-06-15 09:54:22] [hand_detect] IN: hand_detect 1920x1080 → OUT: detected=false landmarks=nil confidence=0
[2026-06-15 09:54:22] [face_detect] IN: face_detect → OUT: detected=false landmarks=nil roll=nil pitch=nil yaw=nil (3005ms)
[2026-06-15 09:54:22] [hand_detect] IN: hand_detect 1920x1080 → OUT: detected=false landmarks=nil confidence=0
[2026-06-15 09:54:22] [face_detect] IN: face_detect → OUT: detected=false landmarks=nil roll=nil pitch=nil yaw=nil (2948ms)
[2026-06-15 09:54:22] [hand_detect] IN: hand_detect 1920x1080 → OUT: detected=false landmarks=nil confidence=0
[2026-06-15 09:54:22] [face_detect] IN: face_detect → OUT: detected=false landmarks=nil roll=nil pitch=nil yaw=nil (3592ms)
[2026-06-15 09:54:23] [hand_detect] IN: hand_detect 1920x1080 → OUT: detected=false landmarks=nil confidence=0
[2026-06-15 09:54:23] [face_detect] IN: face_detect → OUT: detected=false landmarks=nil roll=nil pitch=nil yaw=nil (3780ms)
[2026-06-15 09:54:23] [hand_detect] IN: hand_detect 1920x1080 → OUT: detected=false landmarks=nil confidence=0
[2026-06-15 09:54:23] [face_detect] IN: face_detect → OUT: detected=false landmarks=nil roll=nil pitch=nil yaw=nil (3337ms)
[2026-06-15 09:54:23] [hand_detect] IN: hand_detect 1920x1080 → OUT: detected=false landmarks=nil confidence=0
[2026-06-15 09:54:23] [face_detect] IN: face_detect → OUT: detected=false landmarks=nil roll=nil pitch=nil yaw=nil (2962ms)
[2026-06-15 09:54:23] [hand_detect] IN: hand_detect 1920x1080 → OUT: detected=false landmarks=nil confidence=0
[2026-06-15 09:54:23] [face_detect] IN: face_detect → OUT: detected=false landmarks=nil roll=nil pitch=nil yaw=nil (3183ms)
[2026-06-15 09:54:23] [hand_detect] IN: hand_detect 1920x1080 → OUT: detected=false landmarks=nil confidence=0
[2026-06-15 09:54:23] [face_detect] IN: face_detect → OUT: detected=false landmarks=nil roll=nil pitch=nil yaw=nil (2888ms)
[2026-06-15 09:54:23] [hand_detect] IN: hand_detect 1920x1080 → OUT: detected=false landmarks=nil confidence=0
[2026-06-15 09:54:23] [face_detect] IN: face_detect → OUT: detected=false landmarks=nil roll=nil pitch=nil yaw=nil (2975ms)
[2026-06-15 09:54:23] [hand_detect] IN: hand_detect 1920x1080 → OUT: detected=false landmarks=nil confidence=0
[2026-06-15 09:54:23] [face_detect] IN: face_detect → OUT: detected=false landmarks=nil roll=nil pitch=nil yaw=nil (7951ms)
[2026-06-15 09:54:23] [hand_detect] IN: hand_detect 1920x1080 → OUT: detected=false landmarks=nil confidence=0
[2026-06-15 09:54:23] [face_detect] IN: face_detect → OUT: detected=false landmarks=nil roll=nil pitch=nil yaw=nil (4835ms)
[2026-06-15 09:54:23] [axScan] IN: windows=4 → OUT: raw=49 visible=6 [pid8084=3 pid685=1 pid690=1 pid689=1] (59ms)
[2026-06-15 09:54:23] [hand_detect] IN: hand_detect 1920x1080 → OUT: detected=false landmarks=nil confidence=0
[2026-06-15 09:54:23] [face_detect] IN: face_detect → OUT: detected=false landmarks=nil roll=nil pitch=nil yaw=nil (4158ms)
[2026-06-15 09:54:23] [hand_detect] IN: hand_detect 1920x1080 → OUT: detected=false landmarks=nil confidence=0
[2026-06-15 09:54:23] [face_detect] IN: face_detect → OUT: detected=false landmarks=nil roll=nil pitch=nil yaw=nil (2871ms)
[2026-06-15 09:54:23] [hand_detect] IN: hand_detect 1920x1080 → OUT: detected=false landmarks=nil confidence=0
[2026-06-15 09:54:23] [face_detect] IN: face_detect → OUT: detected=false landmarks=nil roll=nil pitch=nil yaw=nil (3127ms)
[2026-06-15 09:54:23] [hand_detect] IN: hand_detect 1920x1080 → OUT: detected=false landmarks=nil confidence=0
[2026-06-15 09:54:23] [face_detect] IN: face_detect → OUT: detected=false landmarks=nil roll=nil pitch=nil yaw=nil (3183ms)
[2026-06-15 09:54:23] [hand_detect] IN: hand_detect 1920x1080 → OUT: detected=false landmarks=nil confidence=0
[2026-06-15 09:54:23] [face_detect] IN: face_detect → OUT: detected=false landmarks=nil roll=nil pitch=nil yaw=nil (2869ms)
[2026-06-15 09:54:23] [hand_detect] IN: hand_detect 1920x1080 → OUT: detected=false landmarks=nil confidence=0
[2026-06-15 09:54:23] [face_detect] IN: face_detect → OUT: detected=false landmarks=nil roll=nil pitch=nil yaw=nil (2877ms)
[2026-06-15 09:54:23] [hand_detect] IN: hand_detect 1920x1080 → OUT: detected=false landmarks=nil confidence=0
[2026-06-15 09:54:23] [face_detect] IN: face_detect → OUT: detected=false landmarks=nil roll=nil pitch=nil yaw=nil (2565ms)
[2026-06-15 09:54:23] [hand_detect] IN: hand_detect 1920x1080 → OUT: detected=false landmarks=nil confidence=0
[2026-06-15 09:54:23] [face_detect] IN: face_detect → OUT: detected=false landmarks=nil roll=nil pitch=nil yaw=nil (2856ms)
[2026-06-15 09:54:23] [hand_detect] IN: hand_detect 1920x1080 → OUT: detected=false landmarks=nil confidence=0
[2026-06-15 09:54:23] [face_detect] IN: face_detect → OUT: detected=false landmarks=nil roll=nil pitch=nil yaw=nil (2871ms)
[2026-06-15 09:54:23] [hand_detect] IN: hand_detect 1920x1080 → OUT: detected=false landmarks=nil confidence=0
[2026-06-15 09:54:23] [face_detect] IN: face_detect → OUT: detected=false landmarks=nil roll=nil pitch=nil yaw=nil (2831ms)
[2026-06-15 09:54:23] [hand_detect] IN: hand_detect 1920x1080 → OUT: detected=false landmarks=nil confidence=0
[2026-06-15 09:54:23] [face_detect] IN: face_detect → OUT: detected=false landmarks=nil roll=nil pitch=nil yaw=nil (2671ms)
[2026-06-15 09:54:23] [hand_detect] IN: hand_detect 1920x1080 → OUT: detected=false landmarks=nil confidence=0
[2026-06-15 09:54:23] [face_detect] IN: face_detect → OUT: detected=false landmarks=nil roll=nil pitch=nil yaw=nil (3422ms)
[2026-06-15 09:54:23] [hand_detect] IN: hand_detect 1920x1080 → OUT: detected=false landmarks=nil confidence=0
[2026-06-15 09:54:23] [face_detect] IN: face_detect → OUT: detected=false landmarks=nil roll=nil pitch=nil yaw=nil (2666ms)
[2026-06-15 09:54:23] [hand_detect] IN: hand_detect 1920x1080 → OUT: detected=false landmarks=nil confidence=0
[2026-06-15 09:54:23] [face_detect] IN: face_detect → OUT: detected=false landmarks=nil roll=nil pitch=nil yaw=nil (2793ms)
[2026-06-15 09:54:23] [hand_detect] IN: hand_detect 1920x1080 → OUT: detected=false landmarks=nil confidence=0
[2026-06-15 09:54:23] [face_detect] IN: face_detect → OUT: detected=false landmarks=nil roll=nil pitch=nil yaw=nil (2846ms)
[2026-06-15 09:54:23] [hand_detect] IN: hand_detect 1920x1080 → OUT: detected=false landmarks=nil confidence=0
[2026-06-15 09:54:23] [face_detect] IN: face_detect → OUT: detected=false landmarks=nil roll=nil pitch=nil yaw=nil (2870ms)
[2026-06-15 09:54:23] [axScan] IN: windows=4 → OUT: raw=49 visible=6 [pid685=1 pid8084=3 pid689=1 pid690=1] (53ms)
[2026-06-15 09:54:23] [hand_detect] IN: hand_detect 1920x1080 → OUT: detected=false landmarks=nil confidence=0
[2026-06-15 09:54:23] [face_detect] IN: face_detect → OUT: detected=false landmarks=nil roll=nil pitch=nil yaw=nil (2750ms)
[2026-06-15 09:54:23] [hand_detect] IN: hand_detect 1920x1080 → OUT: detected=false landmarks=nil confidence=0
[2026-06-15 09:54:23] [face_detect] IN: face_detect → OUT: detected=false landmarks=nil roll=nil pitch=nil yaw=nil (2763ms)
[2026-06-15 09:54:23] [hand_detect] IN: hand_detect 1920x1080 → OUT: detected=false landmarks=nil confidence=0
[2026-06-15 09:54:23] [face_detect] IN: face_detect → OUT: detected=false landmarks=nil roll=nil pitch=nil yaw=nil (2961ms)
[2026-06-15 09:54:23] [hand_detect] IN: hand_detect 1920x1080 → OUT: detected=false landmarks=nil confidence=0
[2026-06-15 09:54:23] [face_detect] IN: face_detect → OUT: detected=false landmarks=nil roll=nil pitch=nil yaw=nil (2692ms)
[2026-06-15 09:54:23] [hand_detect] IN: hand_detect 1920x1080 → OUT: detected=false landmarks=nil confidence=0
[2026-06-15 09:54:23] [face_detect] IN: face_detect → OUT: detected=false landmarks=nil roll=nil pitch=nil yaw=nil (2910ms)
[2026-06-15 09:54:23] [hand_detect] IN: hand_detect 1920x1080 → OUT: detected=false landmarks=nil confidence=0
[2026-06-15 09:54:23] [face_detect] IN: face_detect → OUT: detected=false landmarks=nil roll=nil pitch=nil yaw=nil (2683ms)
[2026-06-15 09:54:24] [hand_detect] IN: hand_detect 1920x1080 → OUT: detected=false landmarks=nil confidence=0
[2026-06-15 09:54:24] [face_detect] IN: face_detect → OUT: detected=false landmarks=nil roll=nil pitch=nil yaw=nil (2775ms)
[2026-06-15 09:54:24] [hand_detect] IN: hand_detect 1920x1080 → OUT: detected=false landmarks=nil confidence=0
[2026-06-15 09:54:24] [face_detect] IN: face_detect → OUT: detected=false landmarks=nil roll=nil pitch=nil yaw=nil (2843ms)
[2026-06-15 09:54:24] [hand_detect] IN: hand_detect 1920x1080 → OUT: detected=false landmarks=nil confidence=0
[2026-06-15 09:54:24] [face_detect] IN: face_detect → OUT: detected=false landmarks=nil roll=nil pitch=nil yaw=nil (3243ms)
[2026-06-15 09:54:24] [hand_detect] IN: hand_detect 1920x1080 → OUT: detected=false landmarks=nil confidence=0
[2026-06-15 09:54:24] [face_detect] IN: face_detect → OUT: detected=false landmarks=nil roll=nil pitch=nil yaw=nil (3299ms)
[2026-06-15 09:54:24] [hand_detect] IN: hand_detect 1920x1080 → OUT: detected=false landmarks=nil confidence=0
[2026-06-15 09:54:24] [face_detect] IN: face_detect → OUT: detected=false landmarks=nil roll=nil pitch=nil yaw=nil (2732ms)
[2026-06-15 09:54:24] [hand_detect] IN: hand_detect 1920x1080 → OUT: detected=false landmarks=nil confidence=0
[2026-06-15 09:54:24] [face_detect] IN: face_detect → OUT: detected=false landmarks=nil roll=nil pitch=nil yaw=nil (8345ms)
[2026-06-15 09:54:24] [hand_detect] IN: hand_detect 1920x1080 → OUT: detected=false landmarks=nil confidence=0
[2026-06-15 09:54:24] [face_detect] IN: face_detect → OUT: detected=false landmarks=nil roll=nil pitch=nil yaw=nil (5900ms)
[2026-06-15 09:54:24] [hand_detect] IN: hand_detect 1920x1080 → OUT: detected=false landmarks=nil confidence=0
[2026-06-15 09:54:24] [face_detect] IN: face_detect → OUT: detected=false landmarks=nil roll=nil pitch=nil yaw=nil (2781ms)
[2026-06-15 09:54:24] [hand_detect] IN: hand_detect 1920x1080 → OUT: detected=false landmarks=nil confidence=0
[2026-06-15 09:54:24] [face_detect] IN: face_detect → OUT: detected=false landmarks=nil roll=nil pitch=nil yaw=nil (3018ms)
[2026-06-15 09:54:24] [axScan] IN: windows=4 → OUT: raw=49 visible=6 [pid685=1 pid8084=3 pid689=1 pid690=1] (55ms)
[2026-06-15 09:54:24] [hand_detect] IN: hand_detect 1920x1080 → OUT: detected=false landmarks=nil confidence=0
[2026-06-15 09:54:24] [face_detect] IN: face_detect → OUT: detected=false landmarks=nil roll=nil pitch=nil yaw=nil (2981ms)
[2026-06-15 09:54:24] [hand_detect] IN: hand_detect 1920x1080 → OUT: detected=false landmarks=nil confidence=0
[2026-06-15 09:54:24] [face_detect] IN: face_detect → OUT: detected=false landmarks=nil roll=nil pitch=nil yaw=nil (2753ms)
[2026-06-15 09:54:24] [hand_detect] IN: hand_detect 1920x1080 → OUT: detected=false landmarks=nil confidence=0
[2026-06-15 09:54:24] [face_detect] IN: face_detect → OUT: detected=false landmarks=nil roll=nil pitch=nil yaw=nil (2824ms)
[2026-06-15 09:54:24] [hand_detect] IN: hand_detect 1920x1080 → OUT: detected=false landmarks=nil confidence=0
[2026-06-15 09:54:24] [face_detect] IN: face_detect → OUT: detected=false landmarks=nil roll=nil pitch=nil yaw=nil (2823ms)
[2026-06-15 09:54:24] [hand_detect] IN: hand_detect 1920x1080 → OUT: detected=false landmarks=nil confidence=0
[2026-06-15 09:54:24] [face_detect] IN: face_detect → OUT: detected=false landmarks=nil roll=nil pitch=nil yaw=nil (2712ms)
[2026-06-15 09:54:24] [hand_detect] IN: hand_detect 1920x1080 → OUT: detected=false landmarks=nil confidence=0
[2026-06-15 09:54:24] [face_detect] IN: face_detect → OUT: detected=false landmarks=nil roll=nil pitch=nil yaw=nil (2761ms)
[2026-06-15 09:54:24] [hand_detect] IN: hand_detect 1920x1080 → OUT: detected=false landmarks=nil confidence=0
[2026-06-15 09:54:24] [face_detect] IN: face_detect → OUT: detected=false landmarks=nil roll=nil pitch=nil yaw=nil (2851ms)
[2026-06-15 09:54:24] [hand_detect] IN: hand_detect 1920x1080 → OUT: detected=false landmarks=nil confidence=0
[2026-06-15 09:54:24] [face_detect] IN: face_detect → OUT: detected=false landmarks=nil roll=nil pitch=nil yaw=nil (2817ms)
[2026-06-15 09:54:24] [hand_detect] IN: hand_detect 1920x1080 → OUT: detected=false landmarks=nil confidence=0
[2026-06-15 09:54:24] [face_detect] IN: face_detect → OUT: detected=false landmarks=nil roll=nil pitch=nil yaw=nil (2853ms)
[2026-06-15 09:54:24] [hand_detect] IN: hand_detect 1920x1080 → OUT: detected=false landmarks=nil confidence=0
[2026-06-15 09:54:24] [face_detect] IN: face_detect → OUT: detected=false landmarks=nil roll=nil pitch=nil yaw=nil (2735ms)
[2026-06-15 09:54:24] [hand_detect] IN: hand_detect 1920x1080 → OUT: detected=false landmarks=nil confidence=0
[2026-06-15 09:54:24] [face_detect] IN: face_detect → OUT: detected=false landmarks=nil roll=nil pitch=nil yaw=nil (3141ms)
[2026-06-15 09:54:24] [hand_detect] IN: hand_detect 1920x1080 → OUT: detected=false landmarks=nil confidence=0
[2026-06-15 09:54:24] [face_detect] IN: face_detect → OUT: detected=false landmarks=nil roll=nil pitch=nil yaw=nil (2875ms)
[2026-06-15 09:54:24] [hand_detect] IN: hand_detect 1920x1080 → OUT: detected=false landmarks=nil confidence=0
[2026-06-15 09:54:24] [face_detect] IN: face_detect → OUT: detected=false landmarks=nil roll=nil pitch=nil yaw=nil (3026ms)
[2026-06-15 09:54:24] [hand_detect] IN: hand_detect 1920x1080 → OUT: detected=false landmarks=nil confidence=0
[2026-06-15 09:54:24] [face_detect] IN: face_detect → OUT: detected=false landmarks=nil roll=nil pitch=nil yaw=nil (3103ms)
[2026-06-15 09:54:24] [hand_detect] IN: hand_detect 1920x1080 → OUT: detected=false landmarks=nil confidence=0
[2026-06-15 09:54:24] [face_detect] IN: face_detect → OUT: detected=false landmarks=nil roll=nil pitch=nil yaw=nil (2894ms)
[2026-06-15 09:54:24] [axScan] IN: windows=4 → OUT: raw=49 visible=6 [pid690=1 pid685=1 pid689=1 pid8084=3] (59ms)
[2026-06-15 09:54:24] [hand_detect] IN: hand_detect 1920x1080 → OUT: detected=false landmarks=nil confidence=0
[2026-06-15 09:54:24] [face_detect] IN: face_detect → OUT: detected=false landmarks=nil roll=nil pitch=nil yaw=nil (3000ms)
[2026-06-15 09:54:24] [hand_detect] IN: hand_detect 1920x1080 → OUT: detected=false landmarks=nil confidence=0
[2026-06-15 09:54:24] [face_detect] IN: face_detect → OUT: detected=false landmarks=nil roll=nil pitch=nil yaw=nil (2689ms)
[2026-06-15 09:54:24] [hand_detect] IN: hand_detect 1920x1080 → OUT: detected=false landmarks=nil confidence=0
[2026-06-15 09:54:24] [face_detect] IN: face_detect → OUT: detected=false landmarks=nil roll=nil pitch=nil yaw=nil (2909ms)
[2026-06-15 09:54:24] [hand_detect] IN: hand_detect 1920x1080 → OUT: detected=false landmarks=nil confidence=0
[2026-06-15 09:54:24] [face_detect] IN: face_detect → OUT: detected=false landmarks=nil roll=nil pitch=nil yaw=nil (2792ms)
[2026-06-15 09:54:24] [hand_detect] IN: hand_detect 1920x1080 → OUT: detected=false landmarks=nil confidence=0
[2026-06-15 09:54:24] [face_detect] IN: face_detect → OUT: detected=false landmarks=nil roll=nil pitch=nil yaw=nil (2638ms)
[2026-06-15 09:54:24] [hand_detect] IN: hand_detect 1920x1080 → OUT: detected=false landmarks=nil confidence=0
[2026-06-15 09:54:24] [face_detect] IN: face_detect → OUT: detected=false landmarks=nil roll=nil pitch=nil yaw=nil (2717ms)
[2026-06-15 09:54:25] [hand_detect] IN: hand_detect 1920x1080 → OUT: detected=false landmarks=nil confidence=0
[2026-06-15 09:54:25] [face_detect] IN: face_detect → OUT: detected=false landmarks=nil roll=nil pitch=nil yaw=nil (2954ms)
[2026-06-15 09:54:25] [hand_detect] IN: hand_detect 1920x1080 → OUT: detected=false landmarks=nil confidence=0
[2026-06-15 09:54:25] [face_detect] IN: face_detect → OUT: detected=false landmarks=nil roll=nil pitch=nil yaw=nil (2758ms)
[2026-06-15 09:54:25] [hand_detect] IN: hand_detect 1920x1080 → OUT: detected=false landmarks=nil confidence=0
[2026-06-15 09:54:25] [face_detect] IN: face_detect → OUT: detected=false landmarks=nil roll=nil pitch=nil yaw=nil (2784ms)
[2026-06-15 09:54:25] [hand_detect] IN: hand_detect 1920x1080 → OUT: detected=false landmarks=nil confidence=0
[2026-06-15 09:54:25] [face_detect] IN: face_detect → OUT: detected=false landmarks=nil roll=nil pitch=nil yaw=nil (2855ms)
[2026-06-15 09:54:25] [hand_detect] IN: hand_detect 1920x1080 → OUT: detected=false landmarks=nil confidence=0
[2026-06-15 09:54:25] [face_detect] IN: face_detect → OUT: detected=false landmarks=nil roll=nil pitch=nil yaw=nil (2930ms)
[2026-06-15 09:54:25] [hand_detect] IN: hand_detect 1920x1080 → OUT: detected=false landmarks=nil confidence=0
[2026-06-15 09:54:25] [face_detect] IN: face_detect → OUT: detected=false landmarks=nil roll=nil pitch=nil yaw=nil (2807ms)
[2026-06-15 09:54:25] [hand_detect] IN: hand_detect 1920x1080 → OUT: detected=false landmarks=nil confidence=0
[2026-06-15 09:54:25] [face_detect] IN: face_detect → OUT: detected=false landmarks=nil roll=nil pitch=nil yaw=nil (2650ms)
[2026-06-15 09:54:25] [hand_detect] IN: hand_detect 1920x1080 → OUT: detected=false landmarks=nil confidence=0
[2026-06-15 09:54:25] [face_detect] IN: face_detect → OUT: detected=false landmarks=nil roll=nil pitch=nil yaw=nil (2718ms)
[2026-06-15 09:54:25] [hand_detect] IN: hand_detect 1920x1080 → OUT: detected=false landmarks=nil confidence=0
[2026-06-15 09:54:25] [face_detect] IN: face_detect → OUT: detected=false landmarks=nil roll=nil pitch=nil yaw=nil (2740ms)
[2026-06-15 09:54:25] [axScan] IN: windows=4 → OUT: raw=49 visible=6 [pid689=1 pid8084=3 pid685=1 pid690=1] (57ms)
[2026-06-15 09:54:25] [hand_detect] IN: hand_detect 1920x1080 → OUT: detected=false landmarks=nil confidence=0
[2026-06-15 09:54:25] [face_detect] IN: face_detect → OUT: detected=false landmarks=nil roll=nil pitch=nil yaw=nil (2676ms)
[2026-06-15 09:54:25] [hand_detect] IN: hand_detect 1920x1080 → OUT: detected=false landmarks=nil confidence=0
[2026-06-15 09:54:25] [face_detect] IN: face_detect → OUT: detected=false landmarks=nil roll=nil pitch=nil yaw=nil (2664ms)
[2026-06-15 09:54:25] [hand_detect] IN: hand_detect 1920x1080 → OUT: detected=false landmarks=nil confidence=0
[2026-06-15 09:54:25] [face_detect] IN: face_detect → OUT: detected=false landmarks=nil roll=nil pitch=nil yaw=nil (2626ms)
[2026-06-15 09:54:25] [hand_detect] IN: hand_detect 1920x1080 → OUT: detected=false landmarks=nil confidence=0
[2026-06-15 09:54:25] [face_detect] IN: face_detect → OUT: detected=false landmarks=nil roll=nil pitch=nil yaw=nil (3051ms)
[2026-06-15 09:54:25] [hand_detect] IN: hand_detect 1920x1080 → OUT: detected=false landmarks=nil confidence=0
[2026-06-15 09:54:25] [face_detect] IN: face_detect → OUT: detected=false landmarks=nil roll=nil pitch=nil yaw=nil (3196ms)
[2026-06-15 09:54:25] [hand_detect] IN: hand_detect 1920x1080 → OUT: detected=false landmarks=nil confidence=0
[2026-06-15 09:54:25] [face_detect] IN: face_detect → OUT: detected=false landmarks=nil roll=nil pitch=nil yaw=nil (3571ms)
[2026-06-15 09:54:25] [hand_detect] IN: hand_detect 1920x1080 → OUT: detected=false landmarks=nil confidence=0
[2026-06-15 09:54:25] [face_detect] IN: face_detect → OUT: detected=false landmarks=nil roll=nil pitch=nil yaw=nil (4546ms)
[2026-06-15 09:54:25] [hand_detect] IN: hand_detect 1920x1080 → OUT: detected=false landmarks=nil confidence=0
[2026-06-15 09:54:25] [face_detect] IN: face_detect → OUT: detected=false landmarks=nil roll=nil pitch=nil yaw=nil (3324ms)
[2026-06-15 09:54:25] [hand_detect] IN: hand_detect 1920x1080 → OUT: detected=false landmarks=nil confidence=0
[2026-06-15 09:54:25] [face_detect] IN: face_detect → OUT: detected=false landmarks=nil roll=nil pitch=nil yaw=nil (2834ms)
[2026-06-15 09:54:25] [hand_detect] IN: hand_detect 1920x1080 → OUT: detected=false landmarks=nil confidence=0
[2026-06-15 09:54:25] [face_detect] IN: face_detect → OUT: detected=false landmarks=nil roll=nil pitch=nil yaw=nil (2605ms)
[2026-06-15 09:54:25] [hand_detect] IN: hand_detect 1920x1080 → OUT: detected=false landmarks=nil confidence=0
[2026-06-15 09:54:25] [face_detect] IN: face_detect → OUT: detected=false landmarks=nil roll=nil pitch=nil yaw=nil (2754ms)
[2026-06-15 09:54:25] [hand_detect] IN: hand_detect 1920x1080 → OUT: detected=false landmarks=nil confidence=0
[2026-06-15 09:54:25] [face_detect] IN: face_detect → OUT: detected=false landmarks=nil roll=nil pitch=nil yaw=nil (3205ms)
[2026-06-15 09:54:25] [hand_detect] IN: hand_detect 1920x1080 → OUT: detected=false landmarks=nil confidence=0
[2026-06-15 09:54:25] [face_detect] IN: face_detect → OUT: detected=false landmarks=nil roll=nil pitch=nil yaw=nil (2768ms)
[2026-06-15 09:54:25] [hand_detect] IN: hand_detect 1920x1080 → OUT: detected=false landmarks=nil confidence=0
[2026-06-15 09:54:25] [face_detect] IN: face_detect → OUT: detected=false landmarks=nil roll=nil pitch=nil yaw=nil (2675ms)
[2026-06-15 09:54:25] [hand_detect] IN: hand_detect 1920x1080 → OUT: detected=false landmarks=nil confidence=0
[2026-06-15 09:54:25] [face_detect] IN: face_detect → OUT: detected=false landmarks=nil roll=nil pitch=nil yaw=nil (3551ms)
[2026-06-15 09:54:25] [axScan] IN: windows=4 → OUT: raw=49 visible=6 [pid685=1 pid8084=3 pid689=1 pid690=1] (52ms)
[2026-06-15 09:54:25] [hand_detect] IN: hand_detect 1920x1080 → OUT: detected=false landmarks=nil confidence=0
[2026-06-15 09:54:25] [face_detect] IN: face_detect → OUT: detected=false landmarks=nil roll=nil pitch=nil yaw=nil (2779ms)
[2026-06-15 09:54:25] [hand_detect] IN: hand_detect 1920x1080 → OUT: detected=false landmarks=nil confidence=0
[2026-06-15 09:54:25] [face_detect] IN: face_detect → OUT: detected=false landmarks=nil roll=nil pitch=nil yaw=nil (3116ms)
[2026-06-15 09:54:25] [hand_detect] IN: hand_detect 1920x1080 → OUT: detected=false landmarks=nil confidence=0
[2026-06-15 09:54:25] [face_detect] IN: face_detect → OUT: detected=false landmarks=nil roll=nil pitch=nil yaw=nil (2882ms)
[2026-06-15 09:54:25] [hand_detect] IN: hand_detect 1920x1080 → OUT: detected=false landmarks=nil confidence=0
[2026-06-15 09:54:25] [face_detect] IN: face_detect → OUT: detected=false landmarks=nil roll=nil pitch=nil yaw=nil (2650ms)
[2026-06-15 09:54:25] [hand_detect] IN: hand_detect 1920x1080 → OUT: detected=false landmarks=nil confidence=0
[2026-06-15 09:54:25] [face_detect] IN: face_detect → OUT: detected=false landmarks=nil roll=nil pitch=nil yaw=nil (3352ms)
[2026-06-15 09:54:25] [hand_detect] IN: hand_detect 1920x1080 → OUT: detected=false landmarks=nil confidence=0
[2026-06-15 09:54:25] [face_detect] IN: face_detect → OUT: detected=false landmarks=nil roll=nil pitch=nil yaw=nil (3589ms)
[2026-06-15 09:54:26] [hand_detect] IN: hand_detect 1920x1080 → OUT: detected=false landmarks=nil confidence=0
[2026-06-15 09:54:26] [face_detect] IN: face_detect → OUT: detected=false landmarks=nil roll=nil pitch=nil yaw=nil (3293ms)
[2026-06-15 09:54:26] [hand_detect] IN: hand_detect 1920x1080 → OUT: detected=false landmarks=nil confidence=0
[2026-06-15 09:54:26] [face_detect] IN: face_detect → OUT: detected=false landmarks=nil roll=nil pitch=nil yaw=nil (2943ms)
[2026-06-15 09:54:26] [hand_detect] IN: hand_detect 1920x1080 → OUT: detected=false landmarks=nil confidence=0
[2026-06-15 09:54:26] [face_detect] IN: face_detect → OUT: detected=false landmarks=nil roll=nil pitch=nil yaw=nil (2666ms)
[2026-06-15 09:54:26] [hand_detect] IN: hand_detect 1920x1080 → OUT: detected=false landmarks=nil confidence=0
[2026-06-15 09:54:26] [face_detect] IN: face_detect → OUT: detected=false landmarks=nil roll=nil pitch=nil yaw=nil (2730ms)
[2026-06-15 09:54:26] [hand_detect] IN: hand_detect 1920x1080 → OUT: detected=false landmarks=nil confidence=0
[2026-06-15 09:54:26] [face_detect] IN: face_detect → OUT: detected=false landmarks=nil roll=nil pitch=nil yaw=nil (3149ms)
[2026-06-15 09:54:26] [hand_detect] IN: hand_detect 1920x1080 → OUT: detected=false landmarks=nil confidence=0
[2026-06-15 09:54:26] [face_detect] IN: face_detect → OUT: detected=false landmarks=nil roll=nil pitch=nil yaw=nil (3302ms)
[2026-06-15 09:54:26] [hand_detect] IN: hand_detect 1920x1080 → OUT: detected=false landmarks=nil confidence=0
[2026-06-15 09:54:26] [face_detect] IN: face_detect → OUT: detected=false landmarks=nil roll=nil pitch=nil yaw=nil (3913ms)
[2026-06-15 09:54:26] [hand_detect] IN: hand_detect 1920x1080 → OUT: detected=false landmarks=nil confidence=0
[2026-06-15 09:54:26] [face_detect] IN: face_detect → OUT: detected=false landmarks=nil roll=nil pitch=nil yaw=nil (4060ms)
[2026-06-15 09:54:26] [hand_detect] IN: hand_detect 1920x1080 → OUT: detected=false landmarks=nil confidence=0
[2026-06-15 09:54:26] [face_detect] IN: face_detect → OUT: detected=false landmarks=nil roll=nil pitch=nil yaw=nil (4179ms)
[2026-06-15 09:54:26] [hand_detect] IN: hand_detect 1920x1080 → OUT: detected=false landmarks=nil confidence=0
[2026-06-15 09:54:26] [face_detect] IN: face_detect → OUT: detected=false landmarks=nil roll=nil pitch=nil yaw=nil (3355ms)
[2026-06-15 09:54:26] [axScan] IN: windows=4 → OUT: raw=49 visible=6 [pid685=1 pid690=1 pid689=1 pid8084=3] (70ms)
[2026-06-15 09:54:26] [hand_detect] IN: hand_detect 1920x1080 → OUT: detected=false landmarks=nil confidence=0
[2026-06-15 09:54:26] [face_detect] IN: face_detect → OUT: detected=false landmarks=nil roll=nil pitch=nil yaw=nil (4567ms)
[2026-06-15 09:54:26] [hand_detect] IN: hand_detect 1920x1080 → OUT: detected=false landmarks=nil confidence=0
[2026-06-15 09:54:26] [face_detect] IN: face_detect → OUT: detected=false landmarks=nil roll=nil pitch=nil yaw=nil (5263ms)
[2026-06-15 09:54:26] [hand_detect] IN: hand_detect 1920x1080 → OUT: detected=false landmarks=nil confidence=0
[2026-06-15 09:54:26] [face_detect] IN: face_detect → OUT: detected=false landmarks=nil roll=nil pitch=nil yaw=nil (4863ms)
[2026-06-15 09:54:26] [hand_detect] IN: hand_detect 1920x1080 → OUT: detected=false landmarks=nil confidence=0
[2026-06-15 09:54:26] [face_detect] IN: face_detect → OUT: detected=false landmarks=nil roll=nil pitch=nil yaw=nil (5174ms)
[2026-06-15 09:54:26] [hand_detect] IN: hand_detect 1920x1080 → OUT: detected=false landmarks=nil confidence=0
[2026-06-15 09:54:26] [face_detect] IN: face_detect → OUT: detected=false landmarks=nil roll=nil pitch=nil yaw=nil (5172ms)
[2026-06-15 09:54:26] [hand_detect] IN: hand_detect 1920x1080 → OUT: detected=false landmarks=nil confidence=0
[2026-06-15 09:54:26] [face_detect] IN: face_detect → OUT: detected=false landmarks=nil roll=nil pitch=nil yaw=nil (5688ms)
[2026-06-15 09:54:26] [hand_detect] IN: hand_detect 1920x1080 → OUT: detected=false landmarks=nil confidence=0
[2026-06-15 09:54:26] [face_detect] IN: face_detect → OUT: detected=false landmarks=nil roll=nil pitch=nil yaw=nil (4096ms)
[2026-06-15 09:54:26] [hand_detect] IN: hand_detect 1920x1080 → OUT: detected=false landmarks=nil confidence=0
[2026-06-15 09:54:26] [face_detect] IN: face_detect → OUT: detected=false landmarks=nil roll=nil pitch=nil yaw=nil (4343ms)
[2026-06-15 09:54:26] [hand_detect] IN: hand_detect 1920x1080 → OUT: detected=false landmarks=nil confidence=0
[2026-06-15 09:54:26] [face_detect] IN: face_detect → OUT: detected=false landmarks=nil roll=nil pitch=nil yaw=nil (4366ms)
[2026-06-15 09:54:26] [hand_detect] IN: hand_detect 1920x1080 → OUT: detected=false landmarks=nil confidence=0
[2026-06-15 09:54:26] [face_detect] IN: face_detect → OUT: detected=false landmarks=nil roll=nil pitch=nil yaw=nil (5123ms)
[2026-06-15 09:54:26] [hand_detect] IN: hand_detect 1920x1080 → OUT: detected=false landmarks=nil confidence=0
[2026-06-15 09:54:26] [face_detect] IN: face_detect → OUT: detected=false landmarks=nil roll=nil pitch=nil yaw=nil (4847ms)
[2026-06-15 09:54:26] [hand_detect] IN: hand_detect 1920x1080 → OUT: detected=false landmarks=nil confidence=0
[2026-06-15 09:54:26] [face_detect] IN: face_detect → OUT: detected=false landmarks=nil roll=nil pitch=nil yaw=nil (3361ms)
[2026-06-15 09:54:26] [hand_detect] IN: hand_detect 1920x1080 → OUT: detected=false landmarks=nil confidence=0
[2026-06-15 09:54:26] [face_detect] IN: face_detect → OUT: detected=false landmarks=nil roll=nil pitch=nil yaw=nil (2982ms)
[2026-06-15 09:54:26] [hand_detect] IN: hand_detect 1920x1080 → OUT: detected=false landmarks=nil confidence=0
[2026-06-15 09:54:26] [face_detect] IN: face_detect → OUT: detected=false landmarks=nil roll=nil pitch=nil yaw=nil (2972ms)
[2026-06-15 09:54:26] [axScan] IN: windows=4 → OUT: raw=49 visible=6 [pid689=1 pid685=1 pid8084=3 pid690=1] (51ms)
[2026-06-15 09:54:26] [hand_detect] IN: hand_detect 1920x1080 → OUT: detected=false landmarks=nil confidence=0
[2026-06-15 09:54:26] [face_detect] IN: face_detect → OUT: detected=false landmarks=nil roll=nil pitch=nil yaw=nil (2888ms)
[2026-06-15 09:54:26] [hand_detect] IN: hand_detect 1920x1080 → OUT: detected=false landmarks=nil confidence=0
[2026-06-15 09:54:26] [face_detect] IN: face_detect → OUT: detected=false landmarks=nil roll=nil pitch=nil yaw=nil (2872ms)
[2026-06-15 09:54:26] [hand_detect] IN: hand_detect 1920x1080 → OUT: detected=false landmarks=nil confidence=0
[2026-06-15 09:54:26] [face_detect] IN: face_detect → OUT: detected=false landmarks=nil roll=nil pitch=nil yaw=nil (2993ms)
[2026-06-15 09:54:26] [hand_detect] IN: hand_detect 1920x1080 → OUT: detected=false landmarks=nil confidence=0
[2026-06-15 09:54:26] [face_detect] IN: face_detect → OUT: detected=false landmarks=nil roll=nil pitch=nil yaw=nil (3195ms)
[2026-06-15 09:54:26] [hand_detect] IN: hand_detect 1920x1080 → OUT: detected=false landmarks=nil confidence=0
[2026-06-15 09:54:26] [face_detect] IN: face_detect → OUT: detected=false landmarks=nil roll=nil pitch=nil yaw=nil (2828ms)
[2026-06-15 09:54:26] [hand_detect] IN: hand_detect 1920x1080 → OUT: detected=false landmarks=nil confidence=0
[2026-06-15 09:54:26] [face_detect] IN: face_detect → OUT: detected=false landmarks=nil roll=nil pitch=nil yaw=nil (3027ms)
[2026-06-15 09:54:27] [hand_detect] IN: hand_detect 1920x1080 → OUT: detected=false landmarks=nil confidence=0
[2026-06-15 09:54:27] [face_detect] IN: face_detect → OUT: detected=false landmarks=nil roll=nil pitch=nil yaw=nil (2992ms)
[2026-06-15 09:54:27] [hand_detect] IN: hand_detect 1920x1080 → OUT: detected=false landmarks=nil confidence=0
[2026-06-15 09:54:27] [face_detect] IN: face_detect → OUT: detected=false landmarks=nil roll=nil pitch=nil yaw=nil (3525ms)
[2026-06-15 09:54:27] [hand_detect] IN: hand_detect 1920x1080 → OUT: detected=false landmarks=nil confidence=0
[2026-06-15 09:54:27] [face_detect] IN: face_detect → OUT: detected=false landmarks=nil roll=nil pitch=nil yaw=nil (3235ms)
[2026-06-15 09:54:27] [hand_detect] IN: hand_detect 1920x1080 → OUT: detected=false landmarks=nil confidence=0
[2026-06-15 09:54:27] [face_detect] IN: face_detect → OUT: detected=false landmarks=nil roll=nil pitch=nil yaw=nil (3088ms)
[2026-06-15 09:54:27] [hand_detect] IN: hand_detect 1920x1080 → OUT: detected=false landmarks=nil confidence=0
[2026-06-15 09:54:27] [face_detect] IN: face_detect → OUT: detected=false landmarks=nil roll=nil pitch=nil yaw=nil (2985ms)
[2026-06-15 09:54:27] [hand_detect] IN: hand_detect 1920x1080 → OUT: detected=false landmarks=nil confidence=0
[2026-06-15 09:54:27] [face_detect] IN: face_detect → OUT: detected=false landmarks=nil roll=nil pitch=nil yaw=nil (3209ms)
[2026-06-15 09:54:27] [hand_detect] IN: hand_detect 1920x1080 → OUT: detected=false landmarks=nil confidence=0
[2026-06-15 09:54:27] [face_detect] IN: face_detect → OUT: detected=false landmarks=nil roll=nil pitch=nil yaw=nil (3014ms)
[2026-06-15 09:54:27] [hand_detect] IN: hand_detect 1920x1080 → OUT: detected=false landmarks=nil confidence=0
[2026-06-15 09:54:27] [face_detect] IN: face_detect → OUT: detected=false landmarks=nil roll=nil pitch=nil yaw=nil (2795ms)
[2026-06-15 09:54:27] [hand_detect] IN: hand_detect 1920x1080 → OUT: detected=false landmarks=nil confidence=0
[2026-06-15 09:54:27] [face_detect] IN: face_detect → OUT: detected=false landmarks=nil roll=nil pitch=nil yaw=nil (2977ms)
[2026-06-15 09:54:27] [axScan] IN: windows=4 → OUT: raw=49 visible=6 [pid685=1 pid689=1 pid690=1 pid8084=3] (52ms)
[2026-06-15 09:54:27] [hand_detect] IN: hand_detect 1920x1080 → OUT: detected=false landmarks=nil confidence=0
[2026-06-15 09:54:27] [face_detect] IN: face_detect → OUT: detected=false landmarks=nil roll=nil pitch=nil yaw=nil (3381ms)
[2026-06-15 09:54:27] [hand_detect] IN: hand_detect 1920x1080 → OUT: detected=false landmarks=nil confidence=0
[2026-06-15 09:54:27] [face_detect] IN: face_detect → OUT: detected=false landmarks=nil roll=nil pitch=nil yaw=nil (3504ms)
[2026-06-15 09:54:27] [hand_detect] IN: hand_detect 1920x1080 → OUT: detected=false landmarks=nil confidence=0
[2026-06-15 09:54:27] [face_detect] IN: face_detect → OUT: detected=false landmarks=nil roll=nil pitch=nil yaw=nil (2729ms)
[2026-06-15 09:54:27] [hand_detect] IN: hand_detect 1920x1080 → OUT: detected=false landmarks=nil confidence=0
[2026-06-15 09:54:27] [face_detect] IN: face_detect → OUT: detected=false landmarks=nil roll=nil pitch=nil yaw=nil (2826ms)
[2026-06-15 09:54:27] [hand_detect] IN: hand_detect 1920x1080 → OUT: detected=false landmarks=nil confidence=0
[2026-06-15 09:54:27] [face_detect] IN: face_detect → OUT: detected=false landmarks=nil roll=nil pitch=nil yaw=nil (2928ms)
[2026-06-15 09:54:27] [hand_detect] IN: hand_detect 1920x1080 → OUT: detected=false landmarks=nil confidence=0
[2026-06-15 09:54:27] [face_detect] IN: face_detect → OUT: detected=false landmarks=nil roll=nil pitch=nil yaw=nil (3034ms)
[2026-06-15 09:54:27] [hand_detect] IN: hand_detect 1920x1080 → OUT: detected=false landmarks=nil confidence=0
[2026-06-15 09:54:27] [face_detect] IN: face_detect → OUT: detected=false landmarks=nil roll=nil pitch=nil yaw=nil (2694ms)
[2026-06-15 09:54:27] [hand_detect] IN: hand_detect 1920x1080 → OUT: detected=false landmarks=nil confidence=0
[2026-06-15 09:54:27] [face_detect] IN: face_detect → OUT: detected=false landmarks=nil roll=nil pitch=nil yaw=nil (2582ms)
[2026-06-15 09:54:27] [hand_detect] IN: hand_detect 1920x1080 → OUT: detected=false landmarks=nil confidence=0
[2026-06-15 09:54:27] [face_detect] IN: face_detect → OUT: detected=false landmarks=nil roll=nil pitch=nil yaw=nil (2995ms)
[2026-06-15 09:54:27] [hand_detect] IN: hand_detect 1920x1080 → OUT: detected=false landmarks=nil confidence=0
[2026-06-15 09:54:27] [face_detect] IN: face_detect → OUT: detected=false landmarks=nil roll=nil pitch=nil yaw=nil (3120ms)
[2026-06-15 09:54:27] [hand_detect] IN: hand_detect 1920x1080 → OUT: detected=false landmarks=nil confidence=0
[2026-06-15 09:54:27] [face_detect] IN: face_detect → OUT: detected=false landmarks=nil roll=nil pitch=nil yaw=nil (2946ms)
[2026-06-15 09:54:27] [hand_detect] IN: hand_detect 1920x1080 → OUT: detected=false landmarks=nil confidence=0
[2026-06-15 09:54:27] [face_detect] IN: face_detect → OUT: detected=false landmarks=nil roll=nil pitch=nil yaw=nil (2777ms)
[2026-06-15 09:54:27] [hand_detect] IN: hand_detect 1920x1080 → OUT: detected=false landmarks=nil confidence=0
[2026-06-15 09:54:27] [face_detect] IN: face_detect → OUT: detected=false landmarks=nil roll=nil pitch=nil yaw=nil (2727ms)
[2026-06-15 09:54:27] [hand_detect] IN: hand_detect 1920x1080 → OUT: detected=false landmarks=nil confidence=0
[2026-06-15 09:54:27] [face_detect] IN: face_detect → OUT: detected=false landmarks=nil roll=nil pitch=nil yaw=nil (2807ms)
[2026-06-15 09:54:27] [hand_detect] IN: hand_detect 1920x1080 → OUT: detected=false landmarks=nil confidence=0
[2026-06-15 09:54:27] [face_detect] IN: face_detect → OUT: detected=false landmarks=nil roll=nil pitch=nil yaw=nil (2864ms)
[2026-06-15 09:54:27] [axScan] IN: windows=4 → OUT: raw=49 visible=6 [pid689=1 pid8084=3 pid685=1 pid690=1] (50ms)
[2026-06-15 09:54:27] [hand_detect] IN: hand_detect 1920x1080 → OUT: detected=false landmarks=nil confidence=0
[2026-06-15 09:54:27] [face_detect] IN: face_detect → OUT: detected=false landmarks=nil roll=nil pitch=nil yaw=nil (2673ms)
[2026-06-15 09:54:27] [hand_detect] IN: hand_detect 1920x1080 → OUT: detected=false landmarks=nil confidence=0
[2026-06-15 09:54:27] [face_detect] IN: face_detect → OUT: detected=false landmarks=nil roll=nil pitch=nil yaw=nil (2681ms)
[2026-06-15 09:54:27] [hand_detect] IN: hand_detect 1920x1080 → OUT: detected=false landmarks=nil confidence=0
[2026-06-15 09:54:27] [face_detect] IN: face_detect → OUT: detected=false landmarks=nil roll=nil pitch=nil yaw=nil (2694ms)
[2026-06-15 09:54:27] [hand_detect] IN: hand_detect 1920x1080 → OUT: detected=false landmarks=nil confidence=0
[2026-06-15 09:54:27] [face_detect] IN: face_detect → OUT: detected=false landmarks=nil roll=nil pitch=nil yaw=nil (2678ms)
[2026-06-15 09:54:27] [hand_detect] IN: hand_detect 1920x1080 → OUT: detected=false landmarks=nil confidence=0
[2026-06-15 09:54:27] [face_detect] IN: face_detect → OUT: detected=false landmarks=nil roll=nil pitch=nil yaw=nil (2830ms)
[2026-06-15 09:54:27] [hand_detect] IN: hand_detect 1920x1080 → OUT: detected=false landmarks=nil confidence=0
[2026-06-15 09:54:27] [face_detect] IN: face_detect → OUT: detected=false landmarks=nil roll=nil pitch=nil yaw=nil (3947ms)
[2026-06-15 09:54:28] [hand_detect] IN: hand_detect 1920x1080 → OUT: detected=false landmarks=nil confidence=0
[2026-06-15 09:54:28] [face_detect] IN: face_detect → OUT: detected=false landmarks=nil roll=nil pitch=nil yaw=nil (4408ms)
[2026-06-15 09:54:28] [hand_detect] IN: hand_detect 1920x1080 → OUT: detected=false landmarks=nil confidence=0
[2026-06-15 09:54:28] [face_detect] IN: face_detect → OUT: detected=false landmarks=nil roll=nil pitch=nil yaw=nil (4508ms)
[2026-06-15 09:54:28] [hand_detect] IN: hand_detect 1920x1080 → OUT: detected=false landmarks=nil confidence=0
[2026-06-15 09:54:28] [face_detect] IN: face_detect → OUT: detected=false landmarks=nil roll=nil pitch=nil yaw=nil (4525ms)
[2026-06-15 09:54:28] [hand_detect] IN: hand_detect 1920x1080 → OUT: detected=false landmarks=nil confidence=0
[2026-06-15 09:54:28] [face_detect] IN: face_detect → OUT: detected=false landmarks=nil roll=nil pitch=nil yaw=nil (4880ms)
[2026-06-15 09:54:28] [hand_detect] IN: hand_detect 1920x1080 → OUT: detected=false landmarks=nil confidence=0
[2026-06-15 09:54:28] [face_detect] IN: face_detect → OUT: detected=false landmarks=nil roll=nil pitch=nil yaw=nil (4217ms)
[2026-06-15 09:54:28] [hand_detect] IN: hand_detect 1920x1080 → OUT: detected=false landmarks=nil confidence=0
[2026-06-15 09:54:28] [face_detect] IN: face_detect → OUT: detected=false landmarks=nil roll=nil pitch=nil yaw=nil (3383ms)
[2026-06-15 09:54:28] [hand_detect] IN: hand_detect 1920x1080 → OUT: detected=false landmarks=nil confidence=0
[2026-06-15 09:54:28] [face_detect] IN: face_detect → OUT: detected=false landmarks=nil roll=nil pitch=nil yaw=nil (2853ms)
[2026-06-15 09:54:28] [hand_detect] IN: hand_detect 1920x1080 → OUT: detected=false landmarks=nil confidence=0
[2026-06-15 09:54:28] [face_detect] IN: face_detect → OUT: detected=false landmarks=nil roll=nil pitch=nil yaw=nil (2993ms)
[2026-06-15 09:54:28] [hand_detect] IN: hand_detect 1920x1080 → OUT: detected=false landmarks=nil confidence=0
[2026-06-15 09:54:28] [face_detect] IN: face_detect → OUT: detected=false landmarks=nil roll=nil pitch=nil yaw=nil (2877ms)
[2026-06-15 09:54:28] [axScan] IN: windows=4 → OUT: raw=49 visible=6 [pid685=1 pid689=1 pid690=1 pid8084=3] (52ms)
[2026-06-15 09:54:28] [hand_detect] IN: hand_detect 1920x1080 → OUT: detected=false landmarks=nil confidence=0
[2026-06-15 09:54:28] [face_detect] IN: face_detect → OUT: detected=false landmarks=nil roll=nil pitch=nil yaw=nil (2764ms)
[2026-06-15 09:54:28] [hand_detect] IN: hand_detect 1920x1080 → OUT: detected=false landmarks=nil confidence=0
[2026-06-15 09:54:28] [face_detect] IN: face_detect → OUT: detected=false landmarks=nil roll=nil pitch=nil yaw=nil (2622ms)
[2026-06-15 09:54:28] [hand_detect] IN: hand_detect 1920x1080 → OUT: detected=false landmarks=nil confidence=0
[2026-06-15 09:54:28] [face_detect] IN: face_detect → OUT: detected=false landmarks=nil roll=nil pitch=nil yaw=nil (2680ms)
[2026-06-15 09:54:28] [hand_detect] IN: hand_detect 1920x1080 → OUT: detected=false landmarks=nil confidence=0
[2026-06-15 09:54:28] [face_detect] IN: face_detect → OUT: detected=false landmarks=nil roll=nil pitch=nil yaw=nil (2736ms)
[2026-06-15 09:54:28] [hand_detect] IN: hand_detect 1920x1080 → OUT: detected=false landmarks=nil confidence=0
[2026-06-15 09:54:28] [face_detect] IN: face_detect → OUT: detected=false landmarks=nil roll=nil pitch=nil yaw=nil (2707ms)
[2026-06-15 09:54:28] [hand_detect] IN: hand_detect 1920x1080 → OUT: detected=false landmarks=nil confidence=0
[2026-06-15 09:54:28] [face_detect] IN: face_detect → OUT: detected=false landmarks=nil roll=nil pitch=nil yaw=nil (2610ms)
[2026-06-15 09:54:28] [hand_detect] IN: hand_detect 1920x1080 → OUT: detected=false landmarks=nil confidence=0
[2026-06-15 09:54:28] [face_detect] IN: face_detect → OUT: detected=false landmarks=nil roll=nil pitch=nil yaw=nil (2583ms)
[2026-06-15 09:54:28] [hand_detect] IN: hand_detect 1920x1080 → OUT: detected=false landmarks=nil confidence=0
[2026-06-15 09:54:28] [face_detect] IN: face_detect → OUT: detected=false landmarks=nil roll=nil pitch=nil yaw=nil (2629ms)
[2026-06-15 09:54:28] [hand_detect] IN: hand_detect 1920x1080 → OUT: detected=false landmarks=nil confidence=0
[2026-06-15 09:54:28] [face_detect] IN: face_detect → OUT: detected=false landmarks=nil roll=nil pitch=nil yaw=nil (3322ms)
[2026-06-15 09:54:28] [hand_detect] IN: hand_detect 1920x1080 → OUT: detected=false landmarks=nil confidence=0
[2026-06-15 09:54:28] [face_detect] IN: face_detect → OUT: detected=false landmarks=nil roll=nil pitch=nil yaw=nil (2637ms)
[2026-06-15 09:54:28] [hand_detect] IN: hand_detect 1920x1080 → OUT: detected=false landmarks=nil confidence=0
[2026-06-15 09:54:28] [face_detect] IN: face_detect → OUT: detected=false landmarks=nil roll=nil pitch=nil yaw=nil (2581ms)
[2026-06-15 09:54:28] [hand_detect] IN: hand_detect 1920x1080 → OUT: detected=false landmarks=nil confidence=0
[2026-06-15 09:54:28] [face_detect] IN: face_detect → OUT: detected=false landmarks=nil roll=nil pitch=nil yaw=nil (3680ms)
[2026-06-15 09:54:28] [hand_detect] IN: hand_detect 1920x1080 → OUT: detected=false landmarks=nil confidence=0
[2026-06-15 09:54:28] [face_detect] IN: face_detect → OUT: detected=false landmarks=nil roll=nil pitch=nil yaw=nil (2974ms)
[2026-06-15 09:54:28] [hand_detect] IN: hand_detect 1920x1080 → OUT: detected=false landmarks=nil confidence=0
[2026-06-15 09:54:28] [face_detect] IN: face_detect → OUT: detected=false landmarks=nil roll=nil pitch=nil yaw=nil (2784ms)
[2026-06-15 09:54:28] [hand_detect] IN: hand_detect 1920x1080 → OUT: detected=false landmarks=nil confidence=0
[2026-06-15 09:54:28] [face_detect] IN: face_detect → OUT: detected=false landmarks=nil roll=nil pitch=nil yaw=nil (2862ms)
[2026-06-15 09:54:28] [axScan] IN: windows=4 → OUT: raw=49 visible=6 [pid685=1 pid8084=3 pid690=1 pid689=1] (60ms)
[2026-06-15 09:54:28] [hand_detect] IN: hand_detect 1920x1080 → OUT: detected=false landmarks=nil confidence=0
[2026-06-15 09:54:28] [face_detect] IN: face_detect → OUT: detected=false landmarks=nil roll=nil pitch=nil yaw=nil (2819ms)
[2026-06-15 09:54:28] [hand_detect] IN: hand_detect 1920x1080 → OUT: detected=false landmarks=nil confidence=0
[2026-06-15 09:54:28] [face_detect] IN: face_detect → OUT: detected=false landmarks=nil roll=nil pitch=nil yaw=nil (2956ms)
[2026-06-15 09:54:28] [hand_detect] IN: hand_detect 1920x1080 → OUT: detected=false landmarks=nil confidence=0
[2026-06-15 09:54:28] [face_detect] IN: face_detect → OUT: detected=false landmarks=nil roll=nil pitch=nil yaw=nil (2704ms)
[2026-06-15 09:54:28] [hand_detect] IN: hand_detect 1920x1080 → OUT: detected=false landmarks=nil confidence=0
[2026-06-15 09:54:28] [face_detect] IN: face_detect → OUT: detected=false landmarks=nil roll=nil pitch=nil yaw=nil (2563ms)
[2026-06-15 09:54:28] [hand_detect] IN: hand_detect 1920x1080 → OUT: detected=false landmarks=nil confidence=0
[2026-06-15 09:54:28] [face_detect] IN: face_detect → OUT: detected=false landmarks=nil roll=nil pitch=nil yaw=nil (2853ms)
[2026-06-15 09:54:28] [hand_detect] IN: hand_detect 1920x1080 → OUT: detected=false landmarks=nil confidence=0
[2026-06-15 09:54:28] [face_detect] IN: face_detect → OUT: detected=false landmarks=nil roll=nil pitch=nil yaw=nil (2887ms)
[2026-06-15 09:54:29] [hand_detect] IN: hand_detect 1920x1080 → OUT: detected=false landmarks=nil confidence=0
[2026-06-15 09:54:29] [face_detect] IN: face_detect → OUT: detected=false landmarks=nil roll=nil pitch=nil yaw=nil (3314ms)
[2026-06-15 09:54:29] [hand_detect] IN: hand_detect 1920x1080 → OUT: detected=false landmarks=nil confidence=0
[2026-06-15 09:54:29] [face_detect] IN: face_detect → OUT: detected=false landmarks=nil roll=nil pitch=nil yaw=nil (3592ms)
[2026-06-15 09:54:29] [hand_detect] IN: hand_detect 1920x1080 → OUT: detected=false landmarks=nil confidence=0
[2026-06-15 09:54:29] [face_detect] IN: face_detect → OUT: detected=false landmarks=nil roll=nil pitch=nil yaw=nil (3727ms)
[2026-06-15 09:54:29] [hand_detect] IN: hand_detect 1920x1080 → OUT: detected=false landmarks=nil confidence=0
[2026-06-15 09:54:29] [face_detect] IN: face_detect → OUT: detected=false landmarks=nil roll=nil pitch=nil yaw=nil (4629ms)
[2026-06-15 09:54:29] [hand_detect] IN: hand_detect 1920x1080 → OUT: detected=false landmarks=nil confidence=0
[2026-06-15 09:54:29] [face_detect] IN: face_detect → OUT: detected=false landmarks=nil roll=nil pitch=nil yaw=nil (4348ms)
[2026-06-15 09:54:29] [hand_detect] IN: hand_detect 1920x1080 → OUT: detected=false landmarks=nil confidence=0
[2026-06-15 09:54:29] [face_detect] IN: face_detect → OUT: detected=false landmarks=nil roll=nil pitch=nil yaw=nil (4977ms)
[2026-06-15 09:54:29] [hand_detect] IN: hand_detect 1920x1080 → OUT: detected=false landmarks=nil confidence=0
[2026-06-15 09:54:29] [face_detect] IN: face_detect → OUT: detected=false landmarks=nil roll=nil pitch=nil yaw=nil (5509ms)
[2026-06-15 09:54:29] [hand_detect] IN: hand_detect 1920x1080 → OUT: detected=false landmarks=nil confidence=0
[2026-06-15 09:54:29] [face_detect] IN: face_detect → OUT: detected=false landmarks=nil roll=nil pitch=nil yaw=nil (5481ms)
[2026-06-15 09:54:29] [hand_detect] IN: hand_detect 1920x1080 → OUT: detected=false landmarks=nil confidence=0
[2026-06-15 09:54:29] [face_detect] IN: face_detect → OUT: detected=false landmarks=nil roll=nil pitch=nil yaw=nil (4958ms)
[2026-06-15 09:54:29] [hand_detect] IN: hand_detect 1920x1080 → OUT: detected=false landmarks=nil confidence=0
[2026-06-15 09:54:29] [face_detect] IN: face_detect → OUT: detected=false landmarks=nil roll=nil pitch=nil yaw=nil (3906ms)
[2026-06-15 09:54:29] [axScan] IN: windows=4 → OUT: raw=49 visible=6 [pid685=1 pid690=1 pid689=1 pid8084=3] (73ms)
[2026-06-15 09:54:29] [hand_detect] IN: hand_detect 1920x1080 → OUT: detected=false landmarks=nil confidence=0
[2026-06-15 09:54:29] [face_detect] IN: face_detect → OUT: detected=false landmarks=nil roll=nil pitch=nil yaw=nil (4170ms)
[2026-06-15 09:54:29] [hand_detect] IN: hand_detect 1920x1080 → OUT: detected=false landmarks=nil confidence=0
[2026-06-15 09:54:29] [face_detect] IN: face_detect → OUT: detected=false landmarks=nil roll=nil pitch=nil yaw=nil (4635ms)
[2026-06-15 09:54:29] [hand_detect] IN: hand_detect 1920x1080 → OUT: detected=false landmarks=nil confidence=0
[2026-06-15 09:54:29] [face_detect] IN: face_detect → OUT: detected=false landmarks=nil roll=nil pitch=nil yaw=nil (3550ms)
[2026-06-15 09:54:29] [hand_detect] IN: hand_detect 1920x1080 → OUT: detected=false landmarks=nil confidence=0
[2026-06-15 09:54:29] [face_detect] IN: face_detect → OUT: detected=false landmarks=nil roll=nil pitch=nil yaw=nil (3607ms)
[2026-06-15 09:54:29] [hand_detect] IN: hand_detect 1920x1080 → OUT: detected=false landmarks=nil confidence=0
[2026-06-15 09:54:29] [face_detect] IN: face_detect → OUT: detected=false landmarks=nil roll=nil pitch=nil yaw=nil (4220ms)
[2026-06-15 09:54:29] [hand_detect] IN: hand_detect 1920x1080 → OUT: detected=false landmarks=nil confidence=0
[2026-06-15 09:54:29] [face_detect] IN: face_detect → OUT: detected=false landmarks=nil roll=nil pitch=nil yaw=nil (4412ms)
[2026-06-15 09:54:29] [hand_detect] IN: hand_detect 1920x1080 → OUT: detected=false landmarks=nil confidence=0
[2026-06-15 09:54:29] [face_detect] IN: face_detect → OUT: detected=false landmarks=nil roll=nil pitch=nil yaw=nil (4788ms)
[2026-06-15 09:54:29] [hand_detect] IN: hand_detect 1920x1080 → OUT: detected=false landmarks=nil confidence=0
[2026-06-15 09:54:29] [face_detect] IN: face_detect → OUT: detected=false landmarks=nil roll=nil pitch=nil yaw=nil (5146ms)
[2026-06-15 09:54:29] [hand_detect] IN: hand_detect 1920x1080 → OUT: detected=false landmarks=nil confidence=0
[2026-06-15 09:54:29] [face_detect] IN: face_detect → OUT: detected=false landmarks=nil roll=nil pitch=nil yaw=nil (5982ms)
[2026-06-15 09:54:29] [hand_detect] IN: hand_detect 1920x1080 → OUT: detected=false landmarks=nil confidence=0
[2026-06-15 09:54:29] [face_detect] IN: face_detect → OUT: detected=false landmarks=nil roll=nil pitch=nil yaw=nil (5525ms)
[2026-06-15 09:54:29] [hand_detect] IN: hand_detect 1920x1080 → OUT: detected=false landmarks=nil confidence=0
[2026-06-15 09:54:29] [face_detect] IN: face_detect → OUT: detected=false landmarks=nil roll=nil pitch=nil yaw=nil (6308ms)
[2026-06-15 09:54:29] [hand_detect] IN: hand_detect 1920x1080 → OUT: detected=false landmarks=nil confidence=0
[2026-06-15 09:54:29] [face_detect] IN: face_detect → OUT: detected=false landmarks=nil roll=nil pitch=nil yaw=nil (4042ms)
[2026-06-15 09:54:29] [hand_detect] IN: hand_detect 1920x1080 → OUT: detected=false landmarks=nil confidence=0
[2026-06-15 09:54:29] [face_detect] IN: face_detect → OUT: detected=false landmarks=nil roll=nil pitch=nil yaw=nil (3437ms)
[2026-06-15 09:54:29] [hand_detect] IN: hand_detect 1920x1080 → OUT: detected=false landmarks=nil confidence=0
[2026-06-15 09:54:29] [face_detect] IN: face_detect → OUT: detected=false landmarks=nil roll=nil pitch=nil yaw=nil (3386ms)
[2026-06-15 09:54:29] [hand_detect] IN: hand_detect 1920x1080 → OUT: detected=false landmarks=nil confidence=0
[2026-06-15 09:54:29] [axScan] IN: windows=4 → OUT: raw=49 visible=6 [pid8084=3 pid685=1 pid690=1 pid689=1] (71ms)
[2026-06-15 09:54:29] [face_detect] IN: face_detect → OUT: detected=false landmarks=nil roll=nil pitch=nil yaw=nil (3283ms)
[2026-06-15 09:54:29] [hand_detect] IN: hand_detect 1920x1080 → OUT: detected=false landmarks=nil confidence=0
[2026-06-15 09:54:29] [face_detect] IN: face_detect → OUT: detected=false landmarks=nil roll=nil pitch=nil yaw=nil (3530ms)
[2026-06-15 09:54:29] [hand_detect] IN: hand_detect 1920x1080 → OUT: detected=false landmarks=nil confidence=0
[2026-06-15 09:54:29] [face_detect] IN: face_detect → OUT: detected=false landmarks=nil roll=nil pitch=nil yaw=nil (3658ms)
[2026-06-15 09:54:29] [hand_detect] IN: hand_detect 1920x1080 → OUT: detected=false landmarks=nil confidence=0
[2026-06-15 09:54:29] [face_detect] IN: face_detect → OUT: detected=false landmarks=nil roll=nil pitch=nil yaw=nil (3363ms)
[2026-06-15 09:54:29] [hand_detect] IN: hand_detect 1920x1080 → OUT: detected=false landmarks=nil confidence=0
[2026-06-15 09:54:29] [face_detect] IN: face_detect → OUT: detected=false landmarks=nil roll=nil pitch=nil yaw=nil (3449ms)
[2026-06-15 09:54:29] [hand_detect] IN: hand_detect 1920x1080 → OUT: detected=false landmarks=nil confidence=0
[2026-06-15 09:54:29] [face_detect] IN: face_detect → OUT: detected=false landmarks=nil roll=nil pitch=nil yaw=nil (3372ms)
[2026-06-15 09:54:30] [hand_detect] IN: hand_detect 1920x1080 → OUT: detected=false landmarks=nil confidence=0
[2026-06-15 09:54:30] [face_detect] IN: face_detect → OUT: detected=false landmarks=nil roll=nil pitch=nil yaw=nil (4069ms)
[2026-06-15 09:54:30] [hand_detect] IN: hand_detect 1920x1080 → OUT: detected=false landmarks=nil confidence=0
[2026-06-15 09:54:30] [face_detect] IN: face_detect → OUT: detected=false landmarks=nil roll=nil pitch=nil yaw=nil (3651ms)
[2026-06-15 09:54:30] [hand_detect] IN: hand_detect 1920x1080 → OUT: detected=false landmarks=nil confidence=0
[2026-06-15 09:54:30] [face_detect] IN: face_detect → OUT: detected=false landmarks=nil roll=nil pitch=nil yaw=nil (3710ms)
[2026-06-15 09:54:30] [hand_detect] IN: hand_detect 1920x1080 → OUT: detected=false landmarks=nil confidence=0
[2026-06-15 09:54:30] [face_detect] IN: face_detect → OUT: detected=false landmarks=nil roll=nil pitch=nil yaw=nil (3607ms)
[2026-06-15 09:54:30] [hand_detect] IN: hand_detect 1920x1080 → OUT: detected=false landmarks=nil confidence=0
[2026-06-15 09:54:30] [face_detect] IN: face_detect → OUT: detected=false landmarks=nil roll=nil pitch=nil yaw=nil (3949ms)
[2026-06-15 09:54:30] [hand_detect] IN: hand_detect 1920x1080 → OUT: detected=false landmarks=nil confidence=0
[2026-06-15 09:54:30] [face_detect] IN: face_detect → OUT: detected=false landmarks=nil roll=nil pitch=nil yaw=nil (4019ms)
[2026-06-15 09:54:30] [hand_detect] IN: hand_detect 1920x1080 → OUT: detected=false landmarks=nil confidence=0
[2026-06-15 09:54:30] [face_detect] IN: face_detect → OUT: detected=false landmarks=nil roll=nil pitch=nil yaw=nil (4535ms)
[2026-06-15 09:54:30] [hand_detect] IN: hand_detect 1920x1080 → OUT: detected=false landmarks=nil confidence=0
[2026-06-15 09:54:30] [face_detect] IN: face_detect → OUT: detected=false landmarks=nil roll=nil pitch=nil yaw=nil (4572ms)
[2026-06-15 09:54:30] [hand_detect] IN: hand_detect 1920x1080 → OUT: detected=false landmarks=nil confidence=0
[2026-06-15 09:54:30] [face_detect] IN: face_detect → OUT: detected=false landmarks=nil roll=nil pitch=nil yaw=nil (3695ms)
[2026-06-15 09:54:30] [axScan] IN: windows=4 → OUT: raw=49 visible=6 [pid685=1 pid689=1 pid690=1 pid8084=3] (65ms)
[2026-06-15 09:54:30] [hand_detect] IN: hand_detect 1920x1080 → OUT: detected=false landmarks=nil confidence=0
[2026-06-15 09:54:30] [face_detect] IN: face_detect → OUT: detected=false landmarks=nil roll=nil pitch=nil yaw=nil (3440ms)
[2026-06-15 09:54:30] [hand_detect] IN: hand_detect 1920x1080 → OUT: detected=false landmarks=nil confidence=0
[2026-06-15 09:54:30] [face_detect] IN: face_detect → OUT: detected=false landmarks=nil roll=nil pitch=nil yaw=nil (4590ms)
[2026-06-15 09:54:30] [hand_detect] IN: hand_detect 1920x1080 → OUT: detected=false landmarks=nil confidence=0
[2026-06-15 09:54:30] [face_detect] IN: face_detect → OUT: detected=false landmarks=nil roll=nil pitch=nil yaw=nil (3694ms)
[2026-06-15 09:54:30] [hand_detect] IN: hand_detect 1920x1080 → OUT: detected=false landmarks=nil confidence=0
[2026-06-15 09:54:30] [face_detect] IN: face_detect → OUT: detected=false landmarks=nil roll=nil pitch=nil yaw=nil (3621ms)
[2026-06-15 09:54:30] [hand_detect] IN: hand_detect 1920x1080 → OUT: detected=false landmarks=nil confidence=0
[2026-06-15 09:54:30] [face_detect] IN: face_detect → OUT: detected=false landmarks=nil roll=nil pitch=nil yaw=nil (3800ms)
[2026-06-15 09:54:30] [hand_detect] IN: hand_detect 1920x1080 → OUT: detected=false landmarks=nil confidence=0
[2026-06-15 09:54:30] [face_detect] IN: face_detect → OUT: detected=false landmarks=nil roll=nil pitch=nil yaw=nil (3991ms)
[2026-06-15 09:54:30] [hand_detect] IN: hand_detect 1920x1080 → OUT: detected=false landmarks=nil confidence=0
[2026-06-15 09:54:30] [face_detect] IN: face_detect → OUT: detected=false landmarks=nil roll=nil pitch=nil yaw=nil (4008ms)
[2026-06-15 09:54:30] [hand_detect] IN: hand_detect 1920x1080 → OUT: detected=false landmarks=nil confidence=0
[2026-06-15 09:54:30] [face_detect] IN: face_detect → OUT: detected=false landmarks=nil roll=nil pitch=nil yaw=nil (4221ms)
[2026-06-15 09:54:30] [hand_detect] IN: hand_detect 1920x1080 → OUT: detected=false landmarks=nil confidence=0
[2026-06-15 09:54:30] [face_detect] IN: face_detect → OUT: detected=false landmarks=nil roll=nil pitch=nil yaw=nil (4293ms)
[2026-06-15 09:54:30] [hand_detect] IN: hand_detect 1920x1080 → OUT: detected=false landmarks=nil confidence=0
[2026-06-15 09:54:30] [face_detect] IN: face_detect → OUT: detected=false landmarks=nil roll=nil pitch=nil yaw=nil (4352ms)
[2026-06-15 09:54:30] [hand_detect] IN: hand_detect 1920x1080 → OUT: detected=false landmarks=nil confidence=0
[2026-06-15 09:54:30] [face_detect] IN: face_detect → OUT: detected=false landmarks=nil roll=nil pitch=nil yaw=nil (4042ms)
[2026-06-15 09:54:30] [hand_detect] IN: hand_detect 1920x1080 → OUT: detected=false landmarks=nil confidence=0
[2026-06-15 09:54:30] [face_detect] IN: face_detect → OUT: detected=false landmarks=nil roll=nil pitch=nil yaw=nil (4488ms)
[2026-06-15 09:54:30] [hand_detect] IN: hand_detect 1920x1080 → OUT: detected=false landmarks=nil confidence=0
[2026-06-15 09:54:30] [face_detect] IN: face_detect → OUT: detected=false landmarks=nil roll=nil pitch=nil yaw=nil (4191ms)
[2026-06-15 09:54:30] [hand_detect] IN: hand_detect 1920x1080 → OUT: detected=false landmarks=nil confidence=0
[2026-06-15 09:54:30] [face_detect] IN: face_detect → OUT: detected=false landmarks=nil roll=nil pitch=nil yaw=nil (3713ms)
[2026-06-15 09:54:30] [hand_detect] IN: hand_detect 1920x1080 → OUT: detected=false landmarks=nil confidence=0
[2026-06-15 09:54:30] [face_detect] IN: face_detect → OUT: detected=false landmarks=nil roll=nil pitch=nil yaw=nil (3687ms)
[2026-06-15 09:54:30] [axScan] IN: windows=4 → OUT: raw=49 visible=6 [pid685=1 pid689=1 pid690=1 pid8084=3] (69ms)
[2026-06-15 09:54:30] [hand_detect] IN: hand_detect 1920x1080 → OUT: detected=false landmarks=nil confidence=0
[2026-06-15 09:54:30] [face_detect] IN: face_detect → OUT: detected=false landmarks=nil roll=nil pitch=nil yaw=nil (3036ms)
[2026-06-15 09:54:30] [hand_detect] IN: hand_detect 1920x1080 → OUT: detected=false landmarks=nil confidence=0
[2026-06-15 09:54:30] [face_detect] IN: face_detect → OUT: detected=false landmarks=nil roll=nil pitch=nil yaw=nil (3604ms)
[2026-06-15 09:54:30] [hand_detect] IN: hand_detect 1920x1080 → OUT: detected=false landmarks=nil confidence=0
[2026-06-15 09:54:30] [face_detect] IN: face_detect → OUT: detected=false landmarks=nil roll=nil pitch=nil yaw=nil (3700ms)
[2026-06-15 09:54:30] [hand_detect] IN: hand_detect 1920x1080 → OUT: detected=false landmarks=nil confidence=0
[2026-06-15 09:54:30] [face_detect] IN: face_detect → OUT: detected=false landmarks=nil roll=nil pitch=nil yaw=nil (3988ms)
[2026-06-15 09:54:30] [hand_detect] IN: hand_detect 1920x1080 → OUT: detected=false landmarks=nil confidence=0
[2026-06-15 09:54:30] [face_detect] IN: face_detect → OUT: detected=false landmarks=nil roll=nil pitch=nil yaw=nil (3751ms)
[2026-06-15 09:54:30] [hand_detect] IN: hand_detect 1920x1080 → OUT: detected=false landmarks=nil confidence=0
[2026-06-15 09:54:30] [face_detect] IN: face_detect → OUT: detected=false landmarks=nil roll=nil pitch=nil yaw=nil (4114ms)
[2026-06-15 09:54:31] [hand_detect] IN: hand_detect 1920x1080 → OUT: detected=false landmarks=nil confidence=0
[2026-06-15 09:54:31] [face_detect] IN: face_detect → OUT: detected=false landmarks=nil roll=nil pitch=nil yaw=nil (4257ms)
[2026-06-15 09:54:31] [hand_detect] IN: hand_detect 1920x1080 → OUT: detected=false landmarks=nil confidence=0
[2026-06-15 09:54:31] [face_detect] IN: face_detect → OUT: detected=false landmarks=nil roll=nil pitch=nil yaw=nil (4464ms)
[2026-06-15 09:54:31] [hand_detect] IN: hand_detect 1920x1080 → OUT: detected=false landmarks=nil confidence=0
[2026-06-15 09:54:31] [face_detect] IN: face_detect → OUT: detected=false landmarks=nil roll=nil pitch=nil yaw=nil (4206ms)
[2026-06-15 09:54:31] [hand_detect] IN: hand_detect 1920x1080 → OUT: detected=false landmarks=nil confidence=0
[2026-06-15 09:54:31] [face_detect] IN: face_detect → OUT: detected=false landmarks=nil roll=nil pitch=nil yaw=nil (3198ms)
[2026-06-15 09:54:31] [hand_detect] IN: hand_detect 1920x1080 → OUT: detected=false landmarks=nil confidence=0
[2026-06-15 09:54:31] [face_detect] IN: face_detect → OUT: detected=false landmarks=nil roll=nil pitch=nil yaw=nil (3043ms)
[2026-06-15 09:54:31] [hand_detect] IN: hand_detect 1920x1080 → OUT: detected=false landmarks=nil confidence=0
[2026-06-15 09:54:31] [face_detect] IN: face_detect → OUT: detected=false landmarks=nil roll=nil pitch=nil yaw=nil (16494ms)
[2026-06-15 09:54:31] [hand_detect] IN: hand_detect 1920x1080 → OUT: detected=false landmarks=nil confidence=0
[2026-06-15 09:54:31] [face_detect] IN: face_detect → OUT: detected=false landmarks=nil roll=nil pitch=nil yaw=nil (2990ms)
[2026-06-15 09:54:31] [hand_detect] IN: hand_detect 1920x1080 → OUT: detected=false landmarks=nil confidence=0
[2026-06-15 09:54:31] [face_detect] IN: face_detect → OUT: detected=false landmarks=nil roll=nil pitch=nil yaw=nil (3099ms)
[2026-06-15 09:54:31] [axScan] IN: windows=4 → OUT: raw=49 visible=6 [pid689=1 pid685=1 pid8084=3 pid690=1] (36ms)
[2026-06-15 09:54:31] [hand_detect] IN: hand_detect 1920x1080 → OUT: detected=false landmarks=nil confidence=0
[2026-06-15 09:54:31] [face_detect] IN: face_detect → OUT: detected=false landmarks=nil roll=nil pitch=nil yaw=nil (14870ms)
[2026-06-15 09:54:31] [hand_detect] IN: hand_detect 1920x1080 → OUT: detected=false landmarks=nil confidence=0
[2026-06-15 09:54:31] [face_detect] IN: face_detect → OUT: detected=false landmarks=nil roll=nil pitch=nil yaw=nil (3715ms)
[2026-06-15 09:54:31] [hand_detect] IN: hand_detect 1920x1080 → OUT: detected=false landmarks=nil confidence=0
[2026-06-15 09:54:31] [face_detect] IN: face_detect → OUT: detected=false landmarks=nil roll=nil pitch=nil yaw=nil (3920ms)
[2026-06-15 09:54:31] [hand_detect] IN: hand_detect 1920x1080 → OUT: detected=false landmarks=nil confidence=0
[2026-06-15 09:54:31] [face_detect] IN: face_detect → OUT: detected=false landmarks=nil roll=nil pitch=nil yaw=nil (3866ms)
[2026-06-15 09:54:31] [hand_detect] IN: hand_detect 1920x1080 → OUT: detected=false landmarks=nil confidence=0
[2026-06-15 09:54:31] [face_detect] IN: face_detect → OUT: detected=false landmarks=nil roll=nil pitch=nil yaw=nil (4054ms)
[2026-06-15 09:54:31] [hand_detect] IN: hand_detect 1920x1080 → OUT: detected=false landmarks=nil confidence=0
[2026-06-15 09:54:31] [face_detect] IN: face_detect → OUT: detected=false landmarks=nil roll=nil pitch=nil yaw=nil (3321ms)
[2026-06-15 09:54:31] [hand_detect] IN: hand_detect 1920x1080 → OUT: detected=false landmarks=nil confidence=0
[2026-06-15 09:54:31] [face_detect] IN: face_detect → OUT: detected=false landmarks=nil roll=nil pitch=nil yaw=nil (2983ms)
[2026-06-15 09:54:31] [hand_detect] IN: hand_detect 1920x1080 → OUT: detected=false landmarks=nil confidence=0
[2026-06-15 09:54:31] [face_detect] IN: face_detect → OUT: detected=false landmarks=nil roll=nil pitch=nil yaw=nil (3326ms)
[2026-06-15 09:54:31] [hand_detect] IN: hand_detect 1920x1080 → OUT: detected=false landmarks=nil confidence=0
[2026-06-15 09:54:31] [face_detect] IN: face_detect → OUT: detected=false landmarks=nil roll=nil pitch=nil yaw=nil (4379ms)
[2026-06-15 09:54:31] [hand_detect] IN: hand_detect 1920x1080 → OUT: detected=false landmarks=nil confidence=0
[2026-06-15 09:54:31] [face_detect] IN: face_detect → OUT: detected=false landmarks=nil roll=nil pitch=nil yaw=nil (4467ms)
[2026-06-15 09:54:31] [hand_detect] IN: hand_detect 1920x1080 → OUT: detected=false landmarks=nil confidence=0
[2026-06-15 09:54:31] [face_detect] IN: face_detect → OUT: detected=false landmarks=nil roll=nil pitch=nil yaw=nil (5069ms)
[2026-06-15 09:54:31] [hand_detect] IN: hand_detect 1920x1080 → OUT: detected=false landmarks=nil confidence=0
[2026-06-15 09:54:31] [face_detect] IN: face_detect → OUT: detected=false landmarks=nil roll=nil pitch=nil yaw=nil (5638ms)
[2026-06-15 09:54:31] [hand_detect] IN: hand_detect 1920x1080 → OUT: detected=false landmarks=nil confidence=0
[2026-06-15 09:54:31] [face_detect] IN: face_detect → OUT: detected=false landmarks=nil roll=nil pitch=nil yaw=nil (5808ms)
[2026-06-15 09:54:31] [hand_detect] IN: hand_detect 1920x1080 → OUT: detected=false landmarks=nil confidence=0
[2026-06-15 09:54:31] [face_detect] IN: face_detect → OUT: detected=false landmarks=nil roll=nil pitch=nil yaw=nil (3790ms)
[2026-06-15 09:54:31] [hand_detect] IN: hand_detect 1920x1080 → OUT: detected=false landmarks=nil confidence=0
[2026-06-15 09:54:31] [face_detect] IN: face_detect → OUT: detected=false landmarks=nil roll=nil pitch=nil yaw=nil (3206ms)
[2026-06-15 09:54:31] [hand_detect] IN: hand_detect 1920x1080 → OUT: detected=false landmarks=nil confidence=0
[2026-06-15 09:54:31] [face_detect] IN: face_detect → OUT: detected=false landmarks=nil roll=nil pitch=nil yaw=nil (2945ms)
[2026-06-15 09:54:31] [axScan] IN: windows=4 → OUT: raw=49 visible=6 [pid685=1 pid8084=3 pid689=1 pid690=1] (54ms)
[2026-06-15 09:54:31] [hand_detect] IN: hand_detect 1920x1080 → OUT: detected=false landmarks=nil confidence=0
[2026-06-15 09:54:31] [face_detect] IN: face_detect → OUT: detected=false landmarks=nil roll=nil pitch=nil yaw=nil (3170ms)
[2026-06-15 09:54:31] [hand_detect] IN: hand_detect 1920x1080 → OUT: detected=false landmarks=nil confidence=0
[2026-06-15 09:54:31] [face_detect] IN: face_detect → OUT: detected=false landmarks=nil roll=nil pitch=nil yaw=nil (2841ms)
[2026-06-15 09:54:31] [hand_detect] IN: hand_detect 1920x1080 → OUT: detected=false landmarks=nil confidence=0
[2026-06-15 09:54:31] [face_detect] IN: face_detect → OUT: detected=false landmarks=nil roll=nil pitch=nil yaw=nil (2730ms)
[2026-06-15 09:54:31] [hand_detect] IN: hand_detect 1920x1080 → OUT: detected=false landmarks=nil confidence=0
[2026-06-15 09:54:31] [face_detect] IN: face_detect → OUT: detected=false landmarks=nil roll=nil pitch=nil yaw=nil (2943ms)
[2026-06-15 09:54:31] [hand_detect] IN: hand_detect 1920x1080 → OUT: detected=false landmarks=nil confidence=0
[2026-06-15 09:54:31] [face_detect] IN: face_detect → OUT: detected=false landmarks=nil roll=nil pitch=nil yaw=nil (2808ms)
[2026-06-15 09:54:31] [hand_detect] IN: hand_detect 1920x1080 → OUT: detected=false landmarks=nil confidence=0
[2026-06-15 09:54:31] [face_detect] IN: face_detect → OUT: detected=false landmarks=nil roll=nil pitch=nil yaw=nil (2827ms)
[2026-06-15 09:54:32] [hand_detect] IN: hand_detect 1920x1080 → OUT: detected=false landmarks=nil confidence=0
[2026-06-15 09:54:32] [face_detect] IN: face_detect → OUT: detected=false landmarks=nil roll=nil pitch=nil yaw=nil (3166ms)
[2026-06-15 09:54:32] [hand_detect] IN: hand_detect 1920x1080 → OUT: detected=false landmarks=nil confidence=0
[2026-06-15 09:54:32] [face_detect] IN: face_detect → OUT: detected=false landmarks=nil roll=nil pitch=nil yaw=nil (3384ms)
[2026-06-15 09:54:32] [hand_detect] IN: hand_detect 1920x1080 → OUT: detected=false landmarks=nil confidence=0
[2026-06-15 09:54:32] [face_detect] IN: face_detect → OUT: detected=false landmarks=nil roll=nil pitch=nil yaw=nil (3485ms)
[2026-06-15 09:54:32] [hand_detect] IN: hand_detect 1920x1080 → OUT: detected=false landmarks=nil confidence=0
[2026-06-15 09:54:32] [face_detect] IN: face_detect → OUT: detected=false landmarks=nil roll=nil pitch=nil yaw=nil (3865ms)
[2026-06-15 09:54:32] [hand_detect] IN: hand_detect 1920x1080 → OUT: detected=false landmarks=nil confidence=0
[2026-06-15 09:54:32] [face_detect] IN: face_detect → OUT: detected=false landmarks=nil roll=nil pitch=nil yaw=nil (4247ms)
[2026-06-15 09:54:32] [hand_detect] IN: hand_detect 1920x1080 → OUT: detected=false landmarks=nil confidence=0
[2026-06-15 09:54:32] [face_detect] IN: face_detect → OUT: detected=false landmarks=nil roll=nil pitch=nil yaw=nil (30163ms)
[2026-06-15 09:54:32] [hand_detect] IN: hand_detect 1920x1080 → OUT: detected=false landmarks=nil confidence=0
[2026-06-15 09:54:32] [face_detect] IN: face_detect → OUT: detected=false landmarks=nil roll=nil pitch=nil yaw=nil (3527ms)
[2026-06-15 09:54:32] [hand_detect] IN: hand_detect 1920x1080 → OUT: detected=false landmarks=nil confidence=0
[2026-06-15 09:54:32] [face_detect] IN: face_detect → OUT: detected=false landmarks=nil roll=nil pitch=nil yaw=nil (3501ms)
[2026-06-15 09:54:32] [hand_detect] IN: hand_detect 1920x1080 → OUT: detected=false landmarks=nil confidence=0
[2026-06-15 09:54:32] [face_detect] IN: face_detect → OUT: detected=false landmarks=nil roll=nil pitch=nil yaw=nil (3033ms)
[2026-06-15 09:54:32] [axScan] IN: windows=4 → OUT: raw=49 visible=6 [pid8084=3 pid689=1 pid690=1 pid685=1] (38ms)
[2026-06-15 09:54:32] [hand_detect] IN: hand_detect 1920x1080 → OUT: detected=false landmarks=nil confidence=0
[2026-06-15 09:54:32] [face_detect] IN: face_detect → OUT: detected=false landmarks=nil roll=nil pitch=nil yaw=nil (2674ms)
[2026-06-15 09:54:32] [hand_detect] IN: hand_detect 1920x1080 → OUT: detected=false landmarks=nil confidence=0
[2026-06-15 09:54:32] [face_detect] IN: face_detect → OUT: detected=false landmarks=nil roll=nil pitch=nil yaw=nil (2822ms)
[2026-06-15 09:54:32] [hand_detect] IN: hand_detect 1920x1080 → OUT: detected=false landmarks=nil confidence=0
[2026-06-15 09:54:32] [face_detect] IN: face_detect → OUT: detected=false landmarks=nil roll=nil pitch=nil yaw=nil (2595ms)
[2026-06-15 09:54:32] [hand_detect] IN: hand_detect 1920x1080 → OUT: detected=false landmarks=nil confidence=0
[2026-06-15 09:54:32] [face_detect] IN: face_detect → OUT: detected=false landmarks=nil roll=nil pitch=nil yaw=nil (2527ms)
[2026-06-15 09:54:32] [hand_detect] IN: hand_detect 1920x1080 → OUT: detected=false landmarks=nil confidence=0
[2026-06-15 09:54:32] [face_detect] IN: face_detect → OUT: detected=false landmarks=nil roll=nil pitch=nil yaw=nil (4383ms)
[2026-06-15 09:54:32] [hand_detect] IN: hand_detect 1920x1080 → OUT: detected=false landmarks=nil confidence=0
[2026-06-15 09:54:32] [face_detect] IN: face_detect → OUT: detected=false landmarks=nil roll=nil pitch=nil yaw=nil (4235ms)
[2026-06-15 09:54:32] [hand_detect] IN: hand_detect 1920x1080 → OUT: detected=false landmarks=nil confidence=0
[2026-06-15 09:54:32] [face_detect] IN: face_detect → OUT: detected=false landmarks=nil roll=nil pitch=nil yaw=nil (4552ms)
[2026-06-15 09:54:32] [hand_detect] IN: hand_detect 1920x1080 → OUT: detected=false landmarks=nil confidence=0
[2026-06-15 09:54:32] [face_detect] IN: face_detect → OUT: detected=false landmarks=nil roll=nil pitch=nil yaw=nil (5025ms)
[2026-06-15 09:54:32] [hand_detect] IN: hand_detect 1920x1080 → OUT: detected=false landmarks=nil confidence=0
[2026-06-15 09:54:32] [face_detect] IN: face_detect → OUT: detected=false landmarks=nil roll=nil pitch=nil yaw=nil (4630ms)
[2026-06-15 09:54:32] [hand_detect] IN: hand_detect 1920x1080 → OUT: detected=false landmarks=nil confidence=0
[2026-06-15 09:54:32] [face_detect] IN: face_detect → OUT: detected=false landmarks=nil roll=nil pitch=nil yaw=nil (4902ms)
[2026-06-15 09:54:32] [hand_detect] IN: hand_detect 1920x1080 → OUT: detected=false landmarks=nil confidence=0
[2026-06-15 09:54:32] [face_detect] IN: face_detect → OUT: detected=false landmarks=nil roll=nil pitch=nil yaw=nil (4572ms)
[2026-06-15 09:54:32] [hand_detect] IN: hand_detect 1920x1080 → OUT: detected=false landmarks=nil confidence=0
[2026-06-15 09:54:32] [face_detect] IN: face_detect → OUT: detected=false landmarks=nil roll=nil pitch=nil yaw=nil (4804ms)
[2026-06-15 09:54:32] [hand_detect] IN: hand_detect 1920x1080 → OUT: detected=false landmarks=nil confidence=0
[2026-06-15 09:54:32] [face_detect] IN: face_detect → OUT: detected=false landmarks=nil roll=nil pitch=nil yaw=nil (4796ms)
[2026-06-15 09:54:32] [hand_detect] IN: hand_detect 1920x1080 → OUT: detected=false landmarks=nil confidence=0
[2026-06-15 09:54:32] [face_detect] IN: face_detect → OUT: detected=false landmarks=nil roll=nil pitch=nil yaw=nil (5140ms)
[2026-06-15 09:54:32] [hand_detect] IN: hand_detect 1920x1080 → OUT: detected=false landmarks=nil confidence=0
[2026-06-15 09:54:32] [face_detect] IN: face_detect → OUT: detected=false landmarks=nil roll=nil pitch=nil yaw=nil (5167ms)
[2026-06-15 09:54:32] [axScan] IN: windows=4 → OUT: raw=49 visible=6 [pid8084=3 pid689=1 pid690=1 pid685=1] (56ms)
[2026-06-15 09:54:32] [hand_detect] IN: hand_detect 1920x1080 → OUT: detected=false landmarks=nil confidence=0
[2026-06-15 09:54:32] [face_detect] IN: face_detect → OUT: detected=false landmarks=nil roll=nil pitch=nil yaw=nil (4537ms)
[2026-06-15 09:54:32] [hand_detect] IN: hand_detect 1920x1080 → OUT: detected=false landmarks=nil confidence=0
[2026-06-15 09:54:32] [face_detect] IN: face_detect → OUT: detected=false landmarks=nil roll=nil pitch=nil yaw=nil (4552ms)
[2026-06-15 09:54:32] [hand_detect] IN: hand_detect 1920x1080 → OUT: detected=false landmarks=nil confidence=0
[2026-06-15 09:54:32] [face_detect] IN: face_detect → OUT: detected=false landmarks=nil roll=nil pitch=nil yaw=nil (4408ms)
[2026-06-15 09:54:32] [hand_detect] IN: hand_detect 1920x1080 → OUT: detected=false landmarks=nil confidence=0
[2026-06-15 09:54:32] [face_detect] IN: face_detect → OUT: detected=false landmarks=nil roll=nil pitch=nil yaw=nil (4328ms)
[2026-06-15 09:54:32] [hand_detect] IN: hand_detect 1920x1080 → OUT: detected=false landmarks=nil confidence=0
[2026-06-15 09:54:32] [face_detect] IN: face_detect → OUT: detected=false landmarks=nil roll=nil pitch=nil yaw=nil (4631ms)
[2026-06-15 09:54:32] [hand_detect] IN: hand_detect 1920x1080 → OUT: detected=false landmarks=nil confidence=0
[2026-06-15 09:54:32] [face_detect] IN: face_detect → OUT: detected=false landmarks=nil roll=nil pitch=nil yaw=nil (5571ms)
[2026-06-15 09:54:33] [hand_detect] IN: hand_detect 1920x1080 → OUT: detected=false landmarks=nil confidence=0
[2026-06-15 09:54:33] [face_detect] IN: face_detect → OUT: detected=false landmarks=nil roll=nil pitch=nil yaw=nil (5572ms)
[2026-06-15 09:54:33] [hand_detect] IN: hand_detect 1920x1080 → OUT: detected=false landmarks=nil confidence=0
[2026-06-15 09:54:33] [face_detect] IN: face_detect → OUT: detected=false landmarks=nil roll=nil pitch=nil yaw=nil (5717ms)
[2026-06-15 09:54:33] [hand_detect] IN: hand_detect 1920x1080 → OUT: detected=false landmarks=nil confidence=0
[2026-06-15 09:54:33] [face_detect] IN: face_detect → OUT: detected=false landmarks=nil roll=nil pitch=nil yaw=nil (5529ms)
[2026-06-15 09:54:33] [hand_detect] IN: hand_detect 1920x1080 → OUT: detected=false landmarks=nil confidence=0
[2026-06-15 09:54:33] [face_detect] IN: face_detect → OUT: detected=false landmarks=nil roll=nil pitch=nil yaw=nil (6760ms)
[2026-06-15 09:54:33] [hand_detect] IN: hand_detect 1920x1080 → OUT: detected=false landmarks=nil confidence=0
[2026-06-15 09:54:33] [face_detect] IN: face_detect → OUT: detected=false landmarks=nil roll=nil pitch=nil yaw=nil (7056ms)
[2026-06-15 09:54:33] [hand_detect] IN: hand_detect 1920x1080 → OUT: detected=false landmarks=nil confidence=0
[2026-06-15 09:54:33] [face_detect] IN: face_detect → OUT: detected=false landmarks=nil roll=nil pitch=nil yaw=nil (6700ms)
[2026-06-15 09:54:33] [hand_detect] IN: hand_detect 1920x1080 → OUT: detected=false landmarks=nil confidence=0
[2026-06-15 09:54:33] [face_detect] IN: face_detect → OUT: detected=false landmarks=nil roll=nil pitch=nil yaw=nil (6698ms)
[2026-06-15 09:54:33] [hand_detect] IN: hand_detect 1920x1080 → OUT: detected=false landmarks=nil confidence=0
[2026-06-15 09:54:33] [face_detect] IN: face_detect → OUT: detected=false landmarks=nil roll=nil pitch=nil yaw=nil (7369ms)
[2026-06-15 09:54:33] [hand_detect] IN: hand_detect 1920x1080 → OUT: detected=false landmarks=nil confidence=0
[2026-06-15 09:54:33] [face_detect] IN: face_detect → OUT: detected=false landmarks=nil roll=nil pitch=nil yaw=nil (6119ms)
[2026-06-15 09:54:33] [axScan] IN: windows=4 → OUT: raw=49 visible=6 [pid690=1 pid685=1 pid689=1 pid8084=3] (60ms)
[2026-06-15 09:54:33] [hand_detect] IN: hand_detect 1920x1080 → OUT: detected=false landmarks=nil confidence=0
[2026-06-15 09:54:33] [face_detect] IN: face_detect → OUT: detected=false landmarks=nil roll=nil pitch=nil yaw=nil (5737ms)
[2026-06-15 09:54:33] [hand_detect] IN: hand_detect 1920x1080 → OUT: detected=false landmarks=nil confidence=0
[2026-06-15 09:54:33] [face_detect] IN: face_detect → OUT: detected=false landmarks=nil roll=nil pitch=nil yaw=nil (6278ms)
[2026-06-15 09:54:33] [hand_detect] IN: hand_detect 1920x1080 → OUT: detected=false landmarks=nil confidence=0
[2026-06-15 09:54:33] [face_detect] IN: face_detect → OUT: detected=false landmarks=nil roll=nil pitch=nil yaw=nil (6482ms)
[2026-06-15 09:54:33] [hand_detect] IN: hand_detect 1920x1080 → OUT: detected=false landmarks=nil confidence=0
[2026-06-15 09:54:33] [face_detect] IN: face_detect → OUT: detected=false landmarks=nil roll=nil pitch=nil yaw=nil (6216ms)
[2026-06-15 09:54:33] [hand_detect] IN: hand_detect 1920x1080 → OUT: detected=false landmarks=nil confidence=0
[2026-06-15 09:54:33] [face_detect] IN: face_detect → OUT: detected=false landmarks=nil roll=nil pitch=nil yaw=nil (6574ms)
[2026-06-15 09:54:33] [hand_detect] IN: hand_detect 1920x1080 → OUT: detected=false landmarks=nil confidence=0
[2026-06-15 09:54:33] [face_detect] IN: face_detect → OUT: detected=false landmarks=nil roll=nil pitch=nil yaw=nil (7009ms)
[2026-06-15 09:54:33] [hand_detect] IN: hand_detect 1920x1080 → OUT: detected=false landmarks=nil confidence=0
[2026-06-15 09:54:33] [face_detect] IN: face_detect → OUT: detected=false landmarks=nil roll=nil pitch=nil yaw=nil (6394ms)
[2026-06-15 09:54:33] [hand_detect] IN: hand_detect 1920x1080 → OUT: detected=false landmarks=nil confidence=0
[2026-06-15 09:54:33] [face_detect] IN: face_detect → OUT: detected=false landmarks=nil roll=nil pitch=nil yaw=nil (6632ms)
[2026-06-15 09:54:33] [hand_detect] IN: hand_detect 1920x1080 → OUT: detected=false landmarks=nil confidence=0
[2026-06-15 09:54:33] [face_detect] IN: face_detect → OUT: detected=false landmarks=nil roll=nil pitch=nil yaw=nil (6624ms)
[2026-06-15 09:54:33] [hand_detect] IN: hand_detect 1920x1080 → OUT: detected=false landmarks=nil confidence=0
[2026-06-15 09:54:33] [face_detect] IN: face_detect → OUT: detected=false landmarks=nil roll=nil pitch=nil yaw=nil (6685ms)
[2026-06-15 09:54:33] [hand_detect] IN: hand_detect 1920x1080 → OUT: detected=false landmarks=nil confidence=0
[2026-06-15 09:54:33] [face_detect] IN: face_detect → OUT: detected=false landmarks=nil roll=nil pitch=nil yaw=nil (6132ms)
[2026-06-15 09:54:33] [hand_detect] IN: hand_detect 1920x1080 → OUT: detected=false landmarks=nil confidence=0
[2026-06-15 09:54:33] [face_detect] IN: face_detect → OUT: detected=false landmarks=nil roll=nil pitch=nil yaw=nil (6048ms)
[2026-06-15 09:54:33] [hand_detect] IN: hand_detect 1920x1080 → OUT: detected=false landmarks=nil confidence=0
[2026-06-15 09:54:33] [face_detect] IN: face_detect → OUT: detected=false landmarks=nil roll=nil pitch=nil yaw=nil (6247ms)
[2026-06-15 09:54:33] [hand_detect] IN: hand_detect 1920x1080 → OUT: detected=false landmarks=nil confidence=0
[2026-06-15 09:54:33] [face_detect] IN: face_detect → OUT: detected=false landmarks=nil roll=nil pitch=nil yaw=nil (6566ms)
[2026-06-15 09:54:33] [hand_detect] IN: hand_detect 1920x1080 → OUT: detected=false landmarks=nil confidence=0
[2026-06-15 09:54:33] [face_detect] IN: face_detect → OUT: detected=false landmarks=nil roll=nil pitch=nil yaw=nil (6584ms)
[2026-06-15 09:54:33] [axScan] IN: windows=4 → OUT: raw=49 visible=6 [pid689=1 pid8084=3 pid685=1 pid690=1] (55ms)
[2026-06-15 09:54:33] [hand_detect] IN: hand_detect 1920x1080 → OUT: detected=false landmarks=nil confidence=0
[2026-06-15 09:54:33] [face_detect] IN: face_detect → OUT: detected=false landmarks=nil roll=nil pitch=nil yaw=nil (5861ms)
[2026-06-15 09:54:33] [hand_detect] IN: hand_detect 1920x1080 → OUT: detected=false landmarks=nil confidence=0
[2026-06-15 09:54:33] [face_detect] IN: face_detect → OUT: detected=false landmarks=nil roll=nil pitch=nil yaw=nil (5557ms)
[2026-06-15 09:54:33] [hand_detect] IN: hand_detect 1920x1080 → OUT: detected=false landmarks=nil confidence=0
[2026-06-15 09:54:33] [face_detect] IN: face_detect → OUT: detected=false landmarks=nil roll=nil pitch=nil yaw=nil (7257ms)
[2026-06-15 09:54:33] [hand_detect] IN: hand_detect 1920x1080 → OUT: detected=false landmarks=nil confidence=0
[2026-06-15 09:54:33] [face_detect] IN: face_detect → OUT: detected=false landmarks=nil roll=nil pitch=nil yaw=nil (6221ms)
[2026-06-15 09:54:33] [hand_detect] IN: hand_detect 1920x1080 → OUT: detected=false landmarks=nil confidence=0
[2026-06-15 09:54:33] [face_detect] IN: face_detect → OUT: detected=false landmarks=nil roll=nil pitch=nil yaw=nil (6932ms)
[2026-06-15 09:54:33] [hand_detect] IN: hand_detect 1920x1080 → OUT: detected=false landmarks=nil confidence=0
[2026-06-15 09:54:33] [face_detect] IN: face_detect → OUT: detected=false landmarks=nil roll=nil pitch=nil yaw=nil (6924ms)
[2026-06-15 09:54:34] [hand_detect] IN: hand_detect 1920x1080 → OUT: detected=false landmarks=nil confidence=0
[2026-06-15 09:54:34] [face_detect] IN: face_detect → OUT: detected=false landmarks=nil roll=nil pitch=nil yaw=nil (7883ms)
[2026-06-15 09:54:34] [hand_detect] IN: hand_detect 1920x1080 → OUT: detected=false landmarks=nil confidence=0
[2026-06-15 09:54:34] [face_detect] IN: face_detect → OUT: detected=false landmarks=nil roll=nil pitch=nil yaw=nil (6780ms)
[2026-06-15 09:54:34] [hand_detect] IN: hand_detect 1920x1080 → OUT: detected=false landmarks=nil confidence=0
[2026-06-15 09:54:34] [face_detect] IN: face_detect → OUT: detected=false landmarks=nil roll=nil pitch=nil yaw=nil (6252ms)
[2026-06-15 09:54:34] [hand_detect] IN: hand_detect 1920x1080 → OUT: detected=false landmarks=nil confidence=0
[2026-06-15 09:54:34] [face_detect] IN: face_detect → OUT: detected=false landmarks=nil roll=nil pitch=nil yaw=nil (6822ms)
[2026-06-15 09:54:34] [hand_detect] IN: hand_detect 1920x1080 → OUT: detected=false landmarks=nil confidence=0
[2026-06-15 09:54:34] [face_detect] IN: face_detect → OUT: detected=false landmarks=nil roll=nil pitch=nil yaw=nil (6428ms)
[2026-06-15 09:54:34] [hand_detect] IN: hand_detect 1920x1080 → OUT: detected=false landmarks=nil confidence=0
[2026-06-15 09:54:34] [face_detect] IN: face_detect → OUT: detected=false landmarks=nil roll=nil pitch=nil yaw=nil (5963ms)
[2026-06-15 09:54:34] [hand_detect] IN: hand_detect 1920x1080 → OUT: detected=false landmarks=nil confidence=0
[2026-06-15 09:54:34] [face_detect] IN: face_detect → OUT: detected=false landmarks=nil roll=nil pitch=nil yaw=nil (6144ms)
[2026-06-15 09:54:34] [hand_detect] IN: hand_detect 1920x1080 → OUT: detected=false landmarks=nil confidence=0
[2026-06-15 09:54:34] [face_detect] IN: face_detect → OUT: detected=false landmarks=nil roll=nil pitch=nil yaw=nil (6303ms)
[2026-06-15 09:54:34] [hand_detect] IN: hand_detect 1920x1080 → OUT: detected=false landmarks=nil confidence=0
[2026-06-15 09:54:34] [face_detect] IN: face_detect → OUT: detected=false landmarks=nil roll=nil pitch=nil yaw=nil (5869ms)
[2026-06-15 09:54:34] [axScan] IN: windows=4 → OUT: raw=49 visible=6 [pid8084=3 pid685=1 pid689=1 pid690=1] (50ms)
[2026-06-15 09:54:34] [hand_detect] IN: hand_detect 1920x1080 → OUT: detected=false landmarks=nil confidence=0
[2026-06-15 09:54:34] [face_detect] IN: face_detect → OUT: detected=false landmarks=nil roll=nil pitch=nil yaw=nil (5164ms)
[2026-06-15 09:54:34] [hand_detect] IN: hand_detect 1920x1080 → OUT: detected=false landmarks=nil confidence=0
[2026-06-15 09:54:34] [face_detect] IN: face_detect → OUT: detected=false landmarks=nil roll=nil pitch=nil yaw=nil (5778ms)
[2026-06-15 09:54:34] [hand_detect] IN: hand_detect 1920x1080 → OUT: detected=false landmarks=nil confidence=0
[2026-06-15 09:54:34] [face_detect] IN: face_detect → OUT: detected=false landmarks=nil roll=nil pitch=nil yaw=nil (5769ms)
[2026-06-15 09:54:34] [hand_detect] IN: hand_detect 1920x1080 → OUT: detected=false landmarks=nil confidence=0
[2026-06-15 09:54:34] [face_detect] IN: face_detect → OUT: detected=false landmarks=nil roll=nil pitch=nil yaw=nil (5653ms)
[2026-06-15 09:54:34] [hand_detect] IN: hand_detect 1920x1080 → OUT: detected=false landmarks=nil confidence=0
[2026-06-15 09:54:34] [face_detect] IN: face_detect → OUT: detected=false landmarks=nil roll=nil pitch=nil yaw=nil (6228ms)
[2026-06-15 09:54:34] [hand_detect] IN: hand_detect 1920x1080 → OUT: detected=false landmarks=nil confidence=0
[2026-06-15 09:54:34] [face_detect] IN: face_detect → OUT: detected=false landmarks=nil roll=nil pitch=nil yaw=nil (6574ms)
[2026-06-15 09:54:34] [hand_detect] IN: hand_detect 1920x1080 → OUT: detected=false landmarks=nil confidence=0
[2026-06-15 09:54:34] [face_detect] IN: face_detect → OUT: detected=false landmarks=nil roll=nil pitch=nil yaw=nil (6064ms)
[2026-06-15 09:54:34] [hand_detect] IN: hand_detect 1920x1080 → OUT: detected=false landmarks=nil confidence=0
[2026-06-15 09:54:34] [face_detect] IN: face_detect → OUT: detected=false landmarks=nil roll=nil pitch=nil yaw=nil (6577ms)
[2026-06-15 09:54:34] [hand_detect] IN: hand_detect 1920x1080 → OUT: detected=false landmarks=nil confidence=0
[2026-06-15 09:54:34] [face_detect] IN: face_detect → OUT: detected=false landmarks=nil roll=nil pitch=nil yaw=nil (7182ms)
[2026-06-15 09:54:34] [hand_detect] IN: hand_detect 1920x1080 → OUT: detected=false landmarks=nil confidence=0
[2026-06-15 09:54:34] [face_detect] IN: face_detect → OUT: detected=false landmarks=nil roll=nil pitch=nil yaw=nil (7123ms)
[2026-06-15 09:54:34] [hand_detect] IN: hand_detect 1920x1080 → OUT: detected=false landmarks=nil confidence=0
[2026-06-15 09:54:34] [face_detect] IN: face_detect → OUT: detected=false landmarks=nil roll=nil pitch=nil yaw=nil (6098ms)
[2026-06-15 09:54:34] [hand_detect] IN: hand_detect 1920x1080 → OUT: detected=false landmarks=nil confidence=0
[2026-06-15 09:54:34] [face_detect] IN: face_detect → OUT: detected=false landmarks=nil roll=nil pitch=nil yaw=nil (6904ms)
[2026-06-15 09:54:34] [hand_detect] IN: hand_detect 1920x1080 → OUT: detected=false landmarks=nil confidence=0
[2026-06-15 09:54:34] [face_detect] IN: face_detect → OUT: detected=false landmarks=nil roll=nil pitch=nil yaw=nil (6327ms)
[2026-06-15 09:54:34] [hand_detect] IN: hand_detect 1920x1080 → OUT: detected=false landmarks=nil confidence=0
[2026-06-15 09:54:34] [face_detect] IN: face_detect → OUT: detected=false landmarks=nil roll=nil pitch=nil yaw=nil (6800ms)
[2026-06-15 09:54:34] [hand_detect] IN: hand_detect 1920x1080 → OUT: detected=false landmarks=nil confidence=0
[2026-06-15 09:54:34] [face_detect] IN: face_detect → OUT: detected=false landmarks=nil roll=nil pitch=nil yaw=nil (6092ms)
[2026-06-15 09:54:34] [axScan] IN: windows=4 → OUT: raw=49 visible=6 [pid8084=3 pid689=1 pid690=1 pid685=1] (56ms)
[2026-06-15 09:54:34] [hand_detect] IN: hand_detect 1920x1080 → OUT: detected=false landmarks=nil confidence=0
[2026-06-15 09:54:34] [face_detect] IN: face_detect → OUT: detected=false landmarks=nil roll=nil pitch=nil yaw=nil (5152ms)
[2026-06-15 09:54:34] [hand_detect] IN: hand_detect 1920x1080 → OUT: detected=false landmarks=nil confidence=0
[2026-06-15 09:54:34] [face_detect] IN: face_detect → OUT: detected=false landmarks=nil roll=nil pitch=nil yaw=nil (5663ms)
[2026-06-15 09:54:34] [hand_detect] IN: hand_detect 1920x1080 → OUT: detected=false landmarks=nil confidence=0
[2026-06-15 09:54:34] [face_detect] IN: face_detect → OUT: detected=false landmarks=nil roll=nil pitch=nil yaw=nil (5630ms)
[2026-06-15 09:54:34] [hand_detect] IN: hand_detect 1920x1080 → OUT: detected=false landmarks=nil confidence=0
[2026-06-15 09:54:34] [face_detect] IN: face_detect → OUT: detected=false landmarks=nil roll=nil pitch=nil yaw=nil (6365ms)
[2026-06-15 09:54:34] [hand_detect] IN: hand_detect 1920x1080 → OUT: detected=false landmarks=nil confidence=0
[2026-06-15 09:54:34] [face_detect] IN: face_detect → OUT: detected=false landmarks=nil roll=nil pitch=nil yaw=nil (6331ms)
[2026-06-15 09:54:34] [hand_detect] IN: hand_detect 1920x1080 → OUT: detected=false landmarks=nil confidence=0
[2026-06-15 09:54:34] [face_detect] IN: face_detect → OUT: detected=false landmarks=nil roll=nil pitch=nil yaw=nil (6933ms)
[2026-06-15 09:54:35] [hand_detect] IN: hand_detect 1920x1080 → OUT: detected=false landmarks=nil confidence=0
[2026-06-15 09:54:35] [face_detect] IN: face_detect → OUT: detected=false landmarks=nil roll=nil pitch=nil yaw=nil (6646ms)
[2026-06-15 09:54:35] [hand_detect] IN: hand_detect 1920x1080 → OUT: detected=false landmarks=nil confidence=0
[2026-06-15 09:54:35] [face_detect] IN: face_detect → OUT: detected=false landmarks=nil roll=nil pitch=nil yaw=nil (6205ms)
[2026-06-15 09:54:35] [hand_detect] IN: hand_detect 1920x1080 → OUT: detected=false landmarks=nil confidence=0
[2026-06-15 09:54:35] [face_detect] IN: face_detect → OUT: detected=false landmarks=nil roll=nil pitch=nil yaw=nil (7143ms)
[2026-06-15 09:54:35] [hand_detect] IN: hand_detect 1920x1080 → OUT: detected=false landmarks=nil confidence=0
[2026-06-15 09:54:35] [face_detect] IN: face_detect → OUT: detected=false landmarks=nil roll=nil pitch=nil yaw=nil (6120ms)
[2026-06-15 09:54:35] [hand_detect] IN: hand_detect 1920x1080 → OUT: detected=false landmarks=nil confidence=0
[2026-06-15 09:54:35] [face_detect] IN: face_detect → OUT: detected=false landmarks=nil roll=nil pitch=nil yaw=nil (6869ms)
[2026-06-15 09:54:35] [hand_detect] IN: hand_detect 1920x1080 → OUT: detected=false landmarks=nil confidence=0
[2026-06-15 09:54:35] [face_detect] IN: face_detect → OUT: detected=false landmarks=nil roll=nil pitch=nil yaw=nil (6788ms)
[2026-06-15 09:54:35] [hand_detect] IN: hand_detect 1920x1080 → OUT: detected=false landmarks=nil confidence=0
[2026-06-15 09:54:35] [face_detect] IN: face_detect → OUT: detected=false landmarks=nil roll=nil pitch=nil yaw=nil (7519ms)
[2026-06-15 09:54:35] [hand_detect] IN: hand_detect 1920x1080 → OUT: detected=false landmarks=nil confidence=0
[2026-06-15 09:54:35] [face_detect] IN: face_detect → OUT: detected=false landmarks=nil roll=nil pitch=nil yaw=nil (6300ms)
[2026-06-15 09:54:35] [axScan] IN: windows=4 → OUT: raw=49 visible=6 [pid685=1 pid8084=3 pid690=1 pid689=1] (55ms)
[2026-06-15 09:54:35] [hand_detect] IN: hand_detect 1920x1080 → OUT: detected=false landmarks=nil confidence=0
[2026-06-15 09:54:35] [face_detect] IN: face_detect → OUT: detected=false landmarks=nil roll=nil pitch=nil yaw=nil (5501ms)
[2026-06-15 09:54:35] [hand_detect] IN: hand_detect 1920x1080 → OUT: detected=false landmarks=nil confidence=0
[2026-06-15 09:54:35] [face_detect] IN: face_detect → OUT: detected=false landmarks=nil roll=nil pitch=nil yaw=nil (5656ms)
[2026-06-15 09:54:35] [hand_detect] IN: hand_detect 1920x1080 → OUT: detected=false landmarks=nil confidence=0
[2026-06-15 09:54:35] [face_detect] IN: face_detect → OUT: detected=false landmarks=nil roll=nil pitch=nil yaw=nil (5661ms)
[2026-06-15 09:54:35] [hand_detect] IN: hand_detect 1920x1080 → OUT: detected=false landmarks=nil confidence=0
[2026-06-15 09:54:35] [face_detect] IN: face_detect → OUT: detected=false landmarks=nil roll=nil pitch=nil yaw=nil (6419ms)
[2026-06-15 09:54:35] [hand_detect] IN: hand_detect 1920x1080 → OUT: detected=false landmarks=nil confidence=0
[2026-06-15 09:54:35] [face_detect] IN: face_detect → OUT: detected=false landmarks=nil roll=nil pitch=nil yaw=nil (6504ms)
[2026-06-15 09:54:35] [hand_detect] IN: hand_detect 1920x1080 → OUT: detected=false landmarks=nil confidence=0
[2026-06-15 09:54:35] [face_detect] IN: face_detect → OUT: detected=false landmarks=nil roll=nil pitch=nil yaw=nil (6800ms)
[2026-06-15 09:54:35] [hand_detect] IN: hand_detect 1920x1080 → OUT: detected=false landmarks=nil confidence=0
[2026-06-15 09:54:35] [face_detect] IN: face_detect → OUT: detected=false landmarks=nil roll=nil pitch=nil yaw=nil (6292ms)
[2026-06-15 09:54:35] [hand_detect] IN: hand_detect 1920x1080 → OUT: detected=false landmarks=nil confidence=0
[2026-06-15 09:54:35] [face_detect] IN: face_detect → OUT: detected=false landmarks=nil roll=nil pitch=nil yaw=nil (6188ms)
[2026-06-15 09:54:35] [hand_detect] IN: hand_detect 1920x1080 → OUT: detected=false landmarks=nil confidence=0
[2026-06-15 09:54:35] [face_detect] IN: face_detect → OUT: detected=false landmarks=nil roll=nil pitch=nil yaw=nil (6674ms)
[2026-06-15 09:54:35] [hand_detect] IN: hand_detect 1920x1080 → OUT: detected=false landmarks=nil confidence=0
[2026-06-15 09:54:35] [face_detect] IN: face_detect → OUT: detected=false landmarks=nil roll=nil pitch=nil yaw=nil (6340ms)
[2026-06-15 09:54:35] [hand_detect] IN: hand_detect 1920x1080 → OUT: detected=false landmarks=nil confidence=0
[2026-06-15 09:54:35] [face_detect] IN: face_detect → OUT: detected=false landmarks=nil roll=nil pitch=nil yaw=nil (7215ms)
[2026-06-15 09:54:35] [hand_detect] IN: hand_detect 1920x1080 → OUT: detected=false landmarks=nil confidence=0
[2026-06-15 09:54:35] [face_detect] IN: face_detect → OUT: detected=false landmarks=nil roll=nil pitch=nil yaw=nil (6956ms)
[2026-06-15 09:54:35] [hand_detect] IN: hand_detect 1920x1080 → OUT: detected=false landmarks=nil confidence=0
[2026-06-15 09:54:35] [face_detect] IN: face_detect → OUT: detected=false landmarks=nil roll=nil pitch=nil yaw=nil (6039ms)
[2026-06-15 09:54:35] [hand_detect] IN: hand_detect 1920x1080 → OUT: detected=false landmarks=nil confidence=0
[2026-06-15 09:54:35] [face_detect] IN: face_detect → OUT: detected=false landmarks=nil roll=nil pitch=nil yaw=nil (6272ms)
[2026-06-15 09:54:35] [hand_detect] IN: hand_detect 1920x1080 → OUT: detected=false landmarks=nil confidence=0
[2026-06-15 09:54:35] [face_detect] IN: face_detect → OUT: detected=false landmarks=nil roll=nil pitch=nil yaw=nil (6698ms)
[2026-06-15 09:54:35] [hand_detect] IN: hand_detect 1920x1080 → OUT: detected=false landmarks=nil confidence=0
[2026-06-15 09:54:35] [face_detect] IN: face_detect → OUT: detected=false landmarks=nil roll=nil pitch=nil yaw=nil (6189ms)
[2026-06-15 09:54:35] [axScan] IN: windows=4 → OUT: raw=49 visible=6 [pid8084=3 pid689=1 pid685=1 pid690=1] (49ms)
[2026-06-15 09:54:35] [hand_detect] IN: hand_detect 1920x1080 → OUT: detected=false landmarks=nil confidence=0
[2026-06-15 09:54:35] [face_detect] IN: face_detect → OUT: detected=false landmarks=nil roll=nil pitch=nil yaw=nil (5432ms)
[2026-06-15 09:54:35] [hand_detect] IN: hand_detect 1920x1080 → OUT: detected=false landmarks=nil confidence=0
[2026-06-15 09:54:35] [face_detect] IN: face_detect → OUT: detected=false landmarks=nil roll=nil pitch=nil yaw=nil (5704ms)
[2026-06-15 09:54:35] [hand_detect] IN: hand_detect 1920x1080 → OUT: detected=false landmarks=nil confidence=0
[2026-06-15 09:54:35] [face_detect] IN: face_detect → OUT: detected=false landmarks=nil roll=nil pitch=nil yaw=nil (6826ms)
[2026-06-15 09:54:35] [hand_detect] IN: hand_detect 1920x1080 → OUT: detected=false landmarks=nil confidence=0
[2026-06-15 09:54:35] [face_detect] IN: face_detect → OUT: detected=false landmarks=nil roll=nil pitch=nil yaw=nil (6793ms)
[2026-06-15 09:54:35] [hand_detect] IN: hand_detect 1920x1080 → OUT: detected=false landmarks=nil confidence=0
[2026-06-15 09:54:35] [face_detect] IN: face_detect → OUT: detected=false landmarks=nil roll=nil pitch=nil yaw=nil (7002ms)
[2026-06-15 09:54:35] [hand_detect] IN: hand_detect 1920x1080 → OUT: detected=false landmarks=nil confidence=0
[2026-06-15 09:54:35] [face_detect] IN: face_detect → OUT: detected=false landmarks=nil roll=nil pitch=nil yaw=nil (6141ms)
[2026-06-15 09:54:36] [hand_detect] IN: hand_detect 1920x1080 → OUT: detected=false landmarks=nil confidence=0
[2026-06-15 09:54:36] [face_detect] IN: face_detect → OUT: detected=false landmarks=nil roll=nil pitch=nil yaw=nil (6644ms)
[2026-06-15 09:54:36] [hand_detect] IN: hand_detect 1920x1080 → OUT: detected=false landmarks=nil confidence=0
[2026-06-15 09:54:36] [face_detect] IN: face_detect → OUT: detected=false landmarks=nil roll=nil pitch=nil yaw=nil (6827ms)
[2026-06-15 09:54:36] [hand_detect] IN: hand_detect 1920x1080 → OUT: detected=false landmarks=nil confidence=0
[2026-06-15 09:54:36] [face_detect] IN: face_detect → OUT: detected=false landmarks=nil roll=nil pitch=nil yaw=nil (6886ms)
[2026-06-15 09:54:36] [hand_detect] IN: hand_detect 1920x1080 → OUT: detected=false landmarks=nil confidence=0
[2026-06-15 09:54:36] [face_detect] IN: face_detect → OUT: detected=false landmarks=nil roll=nil pitch=nil yaw=nil (6293ms)
[2026-06-15 09:54:36] [hand_detect] IN: hand_detect 1920x1080 → OUT: detected=false landmarks=nil confidence=0
[2026-06-15 09:54:36] [face_detect] IN: face_detect → OUT: detected=false landmarks=nil roll=nil pitch=nil yaw=nil (6466ms)
[2026-06-15 09:54:36] [hand_detect] IN: hand_detect 1920x1080 → OUT: detected=false landmarks=nil confidence=0
[2026-06-15 09:54:36] [face_detect] IN: face_detect → OUT: detected=false landmarks=nil roll=nil pitch=nil yaw=nil (7035ms)
[2026-06-15 09:54:36] [hand_detect] IN: hand_detect 1920x1080 → OUT: detected=false landmarks=nil confidence=0
[2026-06-15 09:54:36] [face_detect] IN: face_detect → OUT: detected=false landmarks=nil roll=nil pitch=nil yaw=nil (6212ms)
[2026-06-15 09:54:36] [hand_detect] IN: hand_detect 1920x1080 → OUT: detected=false landmarks=nil confidence=0
[2026-06-15 09:54:36] [face_detect] IN: face_detect → OUT: detected=false landmarks=nil roll=nil pitch=nil yaw=nil (6732ms)
[2026-06-15 09:54:36] [hand_detect] IN: hand_detect 1920x1080 → OUT: detected=false landmarks=nil confidence=0
[2026-06-15 09:54:36] [face_detect] IN: face_detect → OUT: detected=false landmarks=nil roll=nil pitch=nil yaw=nil (6021ms)
[2026-06-15 09:54:36] [axScan] IN: windows=4 → OUT: raw=49 visible=6 [pid689=1 pid685=1 pid690=1 pid8084=3] (50ms)
[2026-06-15 09:54:36] [hand_detect] IN: hand_detect 1920x1080 → OUT: detected=false landmarks=nil confidence=0
[2026-06-15 09:54:36] [face_detect] IN: face_detect → OUT: detected=false landmarks=nil roll=nil pitch=nil yaw=nil (5478ms)
[2026-06-15 09:54:36] [hand_detect] IN: hand_detect 1920x1080 → OUT: detected=false landmarks=nil confidence=0
[2026-06-15 09:54:36] [face_detect] IN: face_detect → OUT: detected=false landmarks=nil roll=nil pitch=nil yaw=nil (5562ms)
[2026-06-15 09:54:36] [hand_detect] IN: hand_detect 1920x1080 → OUT: detected=false landmarks=nil confidence=0
[2026-06-15 09:54:36] [face_detect] IN: face_detect → OUT: detected=false landmarks=nil roll=nil pitch=nil yaw=nil (6826ms)
[2026-06-15 09:54:36] [hand_detect] IN: hand_detect 1920x1080 → OUT: detected=false landmarks=nil confidence=0
[2026-06-15 09:54:36] [face_detect] IN: face_detect → OUT: detected=false landmarks=nil roll=nil pitch=nil yaw=nil (6276ms)
[2026-06-15 09:54:36] [hand_detect] IN: hand_detect 1920x1080 → OUT: detected=false landmarks=nil confidence=0
[2026-06-15 09:54:36] [face_detect] IN: face_detect → OUT: detected=false landmarks=nil roll=nil pitch=nil yaw=nil (7109ms)
[2026-06-15 09:54:36] [hand_detect] IN: hand_detect 1920x1080 → OUT: detected=false landmarks=nil confidence=0
[2026-06-15 09:54:36] [face_detect] IN: face_detect → OUT: detected=false landmarks=nil roll=nil pitch=nil yaw=nil (6623ms)
[2026-06-15 09:54:36] [hand_detect] IN: hand_detect 1920x1080 → OUT: detected=false landmarks=nil confidence=0
[2026-06-15 09:54:36] [face_detect] IN: face_detect → OUT: detected=false landmarks=nil roll=nil pitch=nil yaw=nil (6179ms)
[2026-06-15 09:54:36] [hand_detect] IN: hand_detect 1920x1080 → OUT: detected=false landmarks=nil confidence=0
[2026-06-15 09:54:36] [face_detect] IN: face_detect → OUT: detected=false landmarks=nil roll=nil pitch=nil yaw=nil (6950ms)
[2026-06-15 09:54:36] [hand_detect] IN: hand_detect 1920x1080 → OUT: detected=false landmarks=nil confidence=0
[2026-06-15 09:54:36] [face_detect] IN: face_detect → OUT: detected=false landmarks=nil roll=nil pitch=nil yaw=nil (6792ms)
[2026-06-15 09:54:36] [hand_detect] IN: hand_detect 1920x1080 → OUT: detected=false landmarks=nil confidence=0
[2026-06-15 09:54:36] [face_detect] IN: face_detect → OUT: detected=false landmarks=nil roll=nil pitch=nil yaw=nil (6667ms)
[2026-06-15 09:54:36] [hand_detect] IN: hand_detect 1920x1080 → OUT: detected=false landmarks=nil confidence=0
[2026-06-15 09:54:36] [face_detect] IN: face_detect → OUT: detected=false landmarks=nil roll=nil pitch=nil yaw=nil (6766ms)
[2026-06-15 09:54:36] [hand_detect] IN: hand_detect 1920x1080 → OUT: detected=false landmarks=nil confidence=0
[2026-06-15 09:54:36] [face_detect] IN: face_detect → OUT: detected=false landmarks=nil roll=nil pitch=nil yaw=nil (6899ms)
[2026-06-15 09:54:36] [hand_detect] IN: hand_detect 1920x1080 → OUT: detected=false landmarks=nil confidence=0
[2026-06-15 09:54:36] [face_detect] IN: face_detect → OUT: detected=false landmarks=nil roll=nil pitch=nil yaw=nil (7302ms)
[2026-06-15 09:54:36] [hand_detect] IN: hand_detect 1920x1080 → OUT: detected=false landmarks=nil confidence=0
[2026-06-15 09:54:36] [face_detect] IN: face_detect → OUT: detected=false landmarks=nil roll=nil pitch=nil yaw=nil (6862ms)
[2026-06-15 09:54:36] [hand_detect] IN: hand_detect 1920x1080 → OUT: detected=false landmarks=nil confidence=0
[2026-06-15 09:54:36] [face_detect] IN: face_detect → OUT: detected=false landmarks=nil roll=nil pitch=nil yaw=nil (6572ms)
[2026-06-15 09:54:36] [axScan] IN: windows=4 → OUT: raw=49 visible=6 [pid8084=3 pid690=1 pid685=1 pid689=1] (54ms)
[2026-06-15 09:54:36] [hand_detect] IN: hand_detect 1920x1080 → OUT: detected=false landmarks=nil confidence=0
[2026-06-15 09:54:36] [face_detect] IN: face_detect → OUT: detected=false landmarks=nil roll=nil pitch=nil yaw=nil (5123ms)
[2026-06-15 09:54:36] [hand_detect] IN: hand_detect 1920x1080 → OUT: detected=false landmarks=nil confidence=0
[2026-06-15 09:54:36] [face_detect] IN: face_detect → OUT: detected=false landmarks=nil roll=nil pitch=nil yaw=nil (5409ms)
[2026-06-15 09:54:36] [hand_detect] IN: hand_detect 1920x1080 → OUT: detected=false landmarks=nil confidence=0
[2026-06-15 09:54:36] [face_detect] IN: face_detect → OUT: detected=false landmarks=nil roll=nil pitch=nil yaw=nil (5815ms)
[2026-06-15 09:54:36] [hand_detect] IN: hand_detect 1920x1080 → OUT: detected=false landmarks=nil confidence=0
[2026-06-15 09:54:36] [face_detect] IN: face_detect → OUT: detected=false landmarks=nil roll=nil pitch=nil yaw=nil (6049ms)
[2026-06-15 09:54:36] [hand_detect] IN: hand_detect 1920x1080 → OUT: detected=false landmarks=nil confidence=0
[2026-06-15 09:54:36] [face_detect] IN: face_detect → OUT: detected=false landmarks=nil roll=nil pitch=nil yaw=nil (6729ms)
[2026-06-15 09:54:36] [hand_detect] IN: hand_detect 1920x1080 → OUT: detected=false landmarks=nil confidence=0
[2026-06-15 09:54:37] [face_detect] IN: face_detect → OUT: detected=false landmarks=nil roll=nil pitch=nil yaw=nil (6605ms)
[2026-06-15 09:54:37] [hand_detect] IN: hand_detect 1920x1080 → OUT: detected=false landmarks=nil confidence=0
[2026-06-15 09:54:37] [face_detect] IN: face_detect → OUT: detected=false landmarks=nil roll=nil pitch=nil yaw=nil (6711ms)
[2026-06-15 09:54:37] [hand_detect] IN: hand_detect 1920x1080 → OUT: detected=false landmarks=nil confidence=0
[2026-06-15 09:54:37] [face_detect] IN: face_detect → OUT: detected=false landmarks=nil roll=nil pitch=nil yaw=nil (6836ms)
[2026-06-15 09:54:37] [hand_detect] IN: hand_detect 1920x1080 → OUT: detected=false landmarks=nil confidence=0
[2026-06-15 09:54:37] [face_detect] IN: face_detect → OUT: detected=false landmarks=nil roll=nil pitch=nil yaw=nil (7222ms)
[2026-06-15 09:54:37] [hand_detect] IN: hand_detect 1920x1080 → OUT: detected=false landmarks=nil confidence=0
[2026-06-15 09:54:37] [face_detect] IN: face_detect → OUT: detected=false landmarks=nil roll=nil pitch=nil yaw=nil (6402ms)
[2026-06-15 09:54:37] [hand_detect] IN: hand_detect 1920x1080 → OUT: detected=false landmarks=nil confidence=0
[2026-06-15 09:54:37] [face_detect] IN: face_detect → OUT: detected=false landmarks=nil roll=nil pitch=nil yaw=nil (7909ms)
[2026-06-15 09:54:37] [hand_detect] IN: hand_detect 1920x1080 → OUT: detected=false landmarks=nil confidence=0
[2026-06-15 09:54:37] [face_detect] IN: face_detect → OUT: detected=false landmarks=nil roll=nil pitch=nil yaw=nil (6808ms)
[2026-06-15 09:54:37] [hand_detect] IN: hand_detect 1920x1080 → OUT: detected=false landmarks=nil confidence=0
[2026-06-15 09:54:37] [face_detect] IN: face_detect → OUT: detected=false landmarks=nil roll=nil pitch=nil yaw=nil (6559ms)
[2026-06-15 09:54:37] [hand_detect] IN: hand_detect 1920x1080 → OUT: detected=false landmarks=nil confidence=0
[2026-06-15 09:54:37] [face_detect] IN: face_detect → OUT: detected=false landmarks=nil roll=nil pitch=nil yaw=nil (6438ms)
[2026-06-15 09:54:37] [hand_detect] IN: hand_detect 1920x1080 → OUT: detected=false landmarks=nil confidence=0
[2026-06-15 09:54:37] [face_detect] IN: face_detect → OUT: detected=false landmarks=nil roll=nil pitch=nil yaw=nil (6170ms)
[2026-06-15 09:54:37] [axScan] IN: windows=4 → OUT: raw=49 visible=6 [pid689=1 pid685=1 pid690=1 pid8084=3] (52ms)
[2026-06-15 09:54:37] [hand_detect] IN: hand_detect 1920x1080 → OUT: detected=false landmarks=nil confidence=0
[2026-06-15 09:54:37] [face_detect] IN: face_detect → OUT: detected=false landmarks=nil roll=nil pitch=nil yaw=nil (5653ms)
[2026-06-15 09:54:37] [hand_detect] IN: hand_detect 1920x1080 → OUT: detected=false landmarks=nil confidence=0
[2026-06-15 09:54:37] [face_detect] IN: face_detect → OUT: detected=false landmarks=nil roll=nil pitch=nil yaw=nil (5550ms)
[2026-06-15 09:54:37] [hand_detect] IN: hand_detect 1920x1080 → OUT: detected=false landmarks=nil confidence=0
[2026-06-15 09:54:37] [face_detect] IN: face_detect → OUT: detected=false landmarks=nil roll=nil pitch=nil yaw=nil (5792ms)
[2026-06-15 09:54:37] [hand_detect] IN: hand_detect 1920x1080 → OUT: detected=false landmarks=nil confidence=0
[2026-06-15 09:54:37] [face_detect] IN: face_detect → OUT: detected=false landmarks=nil roll=nil pitch=nil yaw=nil (6865ms)
[2026-06-15 09:54:37] [hand_detect] IN: hand_detect 1920x1080 → OUT: detected=false landmarks=nil confidence=0
[2026-06-15 09:54:37] [face_detect] IN: face_detect → OUT: detected=false landmarks=nil roll=nil pitch=nil yaw=nil (7081ms)
[2026-06-15 09:54:37] [hand_detect] IN: hand_detect 1920x1080 → OUT: detected=false landmarks=nil confidence=0
[2026-06-15 09:54:37] [face_detect] IN: face_detect → OUT: detected=false landmarks=nil roll=nil pitch=nil yaw=nil (6301ms)
[2026-06-15 09:54:37] [hand_detect] IN: hand_detect 1920x1080 → OUT: detected=false landmarks=nil confidence=0
[2026-06-15 09:54:37] [face_detect] IN: face_detect → OUT: detected=false landmarks=nil roll=nil pitch=nil yaw=nil (6707ms)
[2026-06-15 09:54:37] [hand_detect] IN: hand_detect 1920x1080 → OUT: detected=false landmarks=nil confidence=0
[2026-06-15 09:54:37] [face_detect] IN: face_detect → OUT: detected=false landmarks=nil roll=nil pitch=nil yaw=nil (5881ms)
[2026-06-15 09:54:37] [hand_detect] IN: hand_detect 1920x1080 → OUT: detected=false landmarks=nil confidence=0
[2026-06-15 09:54:37] [face_detect] IN: face_detect → OUT: detected=false landmarks=nil roll=nil pitch=nil yaw=nil (6189ms)
[2026-06-15 09:54:37] [hand_detect] IN: hand_detect 1920x1080 → OUT: detected=false landmarks=nil confidence=0
[2026-06-15 09:54:37] [face_detect] IN: face_detect → OUT: detected=false landmarks=nil roll=nil pitch=nil yaw=nil (5759ms)
[2026-06-15 09:54:37] [hand_detect] IN: hand_detect 1920x1080 → OUT: detected=false landmarks=nil confidence=0
[2026-06-15 09:54:37] [face_detect] IN: face_detect → OUT: detected=false landmarks=nil roll=nil pitch=nil yaw=nil (6645ms)
[2026-06-15 09:54:37] [hand_detect] IN: hand_detect 1920x1080 → OUT: detected=false landmarks=nil confidence=0
[2026-06-15 09:54:37] [face_detect] IN: face_detect → OUT: detected=false landmarks=nil roll=nil pitch=nil yaw=nil (5982ms)
[2026-06-15 09:54:37] [hand_detect] IN: hand_detect 1920x1080 → OUT: detected=false landmarks=nil confidence=0
[2026-06-15 09:54:37] [face_detect] IN: face_detect → OUT: detected=false landmarks=nil roll=nil pitch=nil yaw=nil (6710ms)
[2026-06-15 09:54:37] [hand_detect] IN: hand_detect 1920x1080 → OUT: detected=false landmarks=nil confidence=0
[2026-06-15 09:54:37] [face_detect] IN: face_detect → OUT: detected=false landmarks=nil roll=nil pitch=nil yaw=nil (6506ms)
[2026-06-15 09:54:37] [hand_detect] IN: hand_detect 1920x1080 → OUT: detected=false landmarks=nil confidence=0
[2026-06-15 09:54:37] [face_detect] IN: face_detect → OUT: detected=false landmarks=nil roll=nil pitch=nil yaw=nil (6469ms)
[2026-06-15 09:54:37] [axScan] IN: windows=4 → OUT: raw=49 visible=6 [pid8084=3 pid690=1 pid689=1 pid685=1] (49ms)
[2026-06-15 09:54:37] [hand_detect] IN: hand_detect 1920x1080 → OUT: detected=false landmarks=nil confidence=0
[2026-06-15 09:54:37] [face_detect] IN: face_detect → OUT: detected=false landmarks=nil roll=nil pitch=nil yaw=nil (5897ms)
[2026-06-15 09:54:37] [hand_detect] IN: hand_detect 1920x1080 → OUT: detected=false landmarks=nil confidence=0
[2026-06-15 09:54:37] [face_detect] IN: face_detect → OUT: detected=false landmarks=nil roll=nil pitch=nil yaw=nil (5666ms)
[2026-06-15 09:54:37] [hand_detect] IN: hand_detect 1920x1080 → OUT: detected=false landmarks=nil confidence=0
[2026-06-15 09:54:37] [face_detect] IN: face_detect → OUT: detected=false landmarks=nil roll=nil pitch=nil yaw=nil (7426ms)
[2026-06-15 09:54:37] [hand_detect] IN: hand_detect 1920x1080 → OUT: detected=false landmarks=nil confidence=0
[2026-06-15 09:54:37] [face_detect] IN: face_detect → OUT: detected=false landmarks=nil roll=nil pitch=nil yaw=nil (6678ms)
[2026-06-15 09:54:37] [hand_detect] IN: hand_detect 1920x1080 → OUT: detected=false landmarks=nil confidence=0
[2026-06-15 09:54:37] [face_detect] IN: face_detect → OUT: detected=false landmarks=nil roll=nil pitch=nil yaw=nil (6071ms)
[2026-06-15 09:54:37] [hand_detect] IN: hand_detect 1920x1080 → OUT: detected=false landmarks=nil confidence=0
[2026-06-15 09:54:37] [face_detect] IN: face_detect → OUT: detected=false landmarks=nil roll=nil pitch=nil yaw=nil (6914ms)
[2026-06-15 09:54:38] [hand_detect] IN: hand_detect 1920x1080 → OUT: detected=false landmarks=nil confidence=0
[2026-06-15 09:54:38] [face_detect] IN: face_detect → OUT: detected=false landmarks=nil roll=nil pitch=nil yaw=nil (7068ms)
[2026-06-15 09:54:38] [hand_detect] IN: hand_detect 1920x1080 → OUT: detected=false landmarks=nil confidence=0
[2026-06-15 09:54:38] [face_detect] IN: face_detect → OUT: detected=false landmarks=nil roll=nil pitch=nil yaw=nil (6366ms)
[2026-06-15 09:54:38] [hand_detect] IN: hand_detect 1920x1080 → OUT: detected=false landmarks=nil confidence=0
[2026-06-15 09:54:38] [face_detect] IN: face_detect → OUT: detected=false landmarks=nil roll=nil pitch=nil yaw=nil (6139ms)
[2026-06-15 09:54:38] [hand_detect] IN: hand_detect 1920x1080 → OUT: detected=false landmarks=nil confidence=0
[2026-06-15 09:54:38] [face_detect] IN: face_detect → OUT: detected=false landmarks=nil roll=nil pitch=nil yaw=nil (7012ms)
[2026-06-15 09:54:38] [hand_detect] IN: hand_detect 1920x1080 → OUT: detected=false landmarks=nil confidence=0
[2026-06-15 09:54:38] [face_detect] IN: face_detect → OUT: detected=false landmarks=nil roll=nil pitch=nil yaw=nil (6975ms)
[2026-06-15 09:54:38] [hand_detect] IN: hand_detect 1920x1080 → OUT: detected=false landmarks=nil confidence=0
[2026-06-15 09:54:38] [face_detect] IN: face_detect → OUT: detected=false landmarks=nil roll=nil pitch=nil yaw=nil (6888ms)
[2026-06-15 09:54:38] [hand_detect] IN: hand_detect 1920x1080 → OUT: detected=false landmarks=nil confidence=0
[2026-06-15 09:54:38] [face_detect] IN: face_detect → OUT: detected=false landmarks=nil roll=nil pitch=nil yaw=nil (6922ms)
[2026-06-15 09:54:38] [hand_detect] IN: hand_detect 1920x1080 → OUT: detected=false landmarks=nil confidence=0
[2026-06-15 09:54:38] [face_detect] IN: face_detect → OUT: detected=false landmarks=nil roll=nil pitch=nil yaw=nil (6778ms)
[2026-06-15 09:54:38] [hand_detect] IN: hand_detect 1920x1080 → OUT: detected=false landmarks=nil confidence=0
[2026-06-15 09:54:38] [face_detect] IN: face_detect → OUT: detected=false landmarks=nil roll=nil pitch=nil yaw=nil (6103ms)
[2026-06-15 09:54:38] [axScan] IN: windows=4 → OUT: raw=49 visible=6 [pid689=1 pid8084=3 pid685=1 pid690=1] (52ms)
[2026-06-15 09:54:38] [hand_detect] IN: hand_detect 1920x1080 → OUT: detected=false landmarks=nil confidence=0
[2026-06-15 09:54:38] [face_detect] IN: face_detect → OUT: detected=false landmarks=nil roll=nil pitch=nil yaw=nil (5404ms)
[2026-06-15 09:54:38] [hand_detect] IN: hand_detect 1920x1080 → OUT: detected=false landmarks=nil confidence=0
[2026-06-15 09:54:38] [face_detect] IN: face_detect → OUT: detected=false landmarks=nil roll=nil pitch=nil yaw=nil (5913ms)
[2026-06-15 09:54:38] [hand_detect] IN: hand_detect 1920x1080 → OUT: detected=false landmarks=nil confidence=0
[2026-06-15 09:54:38] [face_detect] IN: face_detect → OUT: detected=false landmarks=nil roll=nil pitch=nil yaw=nil (6714ms)
[2026-06-15 09:54:38] [hand_detect] IN: hand_detect 1920x1080 → OUT: detected=false landmarks=nil confidence=0
[2026-06-15 09:54:38] [face_detect] IN: face_detect → OUT: detected=false landmarks=nil roll=nil pitch=nil yaw=nil (4832ms)
[2026-06-15 09:54:38] [hand_detect] IN: hand_detect 1920x1080 → OUT: detected=false landmarks=nil confidence=0
[2026-06-15 09:54:38] [face_detect] IN: face_detect → OUT: detected=false landmarks=nil roll=nil pitch=nil yaw=nil (6799ms)
[2026-06-15 09:54:38] [hand_detect] IN: hand_detect 1920x1080 → OUT: detected=false landmarks=nil confidence=0
[2026-06-15 09:54:38] [face_detect] IN: face_detect → OUT: detected=false landmarks=nil roll=nil pitch=nil yaw=nil (6464ms)
[2026-06-15 09:54:38] [hand_detect] IN: hand_detect 1920x1080 → OUT: detected=false landmarks=nil confidence=0
[2026-06-15 09:54:38] [face_detect] IN: face_detect → OUT: detected=false landmarks=nil roll=nil pitch=nil yaw=nil (4685ms)
[2026-06-15 09:54:38] [hand_detect] IN: hand_detect 1920x1080 → OUT: detected=false landmarks=nil confidence=0
[2026-06-15 09:54:38] [face_detect] IN: face_detect → OUT: detected=false landmarks=nil roll=nil pitch=nil yaw=nil (6928ms)
[2026-06-15 09:54:38] [hand_detect] IN: hand_detect 1920x1080 → OUT: detected=false landmarks=nil confidence=0
[2026-06-15 09:54:38] [face_detect] IN: face_detect → OUT: detected=false landmarks=nil roll=nil pitch=nil yaw=nil (6609ms)
[2026-06-15 09:54:38] [hand_detect] IN: hand_detect 1920x1080 → OUT: detected=false landmarks=nil confidence=0
[2026-06-15 09:54:38] [face_detect] IN: face_detect → OUT: detected=false landmarks=nil roll=nil pitch=nil yaw=nil (7048ms)
[2026-06-15 09:54:38] [hand_detect] IN: hand_detect 1920x1080 → OUT: detected=false landmarks=nil confidence=0
[2026-06-15 09:54:38] [face_detect] IN: face_detect → OUT: detected=false landmarks=nil roll=nil pitch=nil yaw=nil (5980ms)
[2026-06-15 09:54:38] [hand_detect] IN: hand_detect 1920x1080 → OUT: detected=false landmarks=nil confidence=0
[2026-06-15 09:54:38] [face_detect] IN: face_detect → OUT: detected=false landmarks=nil roll=nil pitch=nil yaw=nil (49425ms)
[2026-06-15 09:54:38] [hand_detect] IN: hand_detect 1920x1080 → OUT: detected=false landmarks=nil confidence=0
[2026-06-15 09:54:38] [face_detect] IN: face_detect → OUT: detected=false landmarks=nil roll=nil pitch=nil yaw=nil (10704ms)
[2026-06-15 09:54:38] [hand_detect] IN: hand_detect 1920x1080 → OUT: detected=false landmarks=nil confidence=0
[2026-06-15 09:54:38] [face_detect] IN: face_detect → OUT: detected=false landmarks=nil roll=nil pitch=nil yaw=nil (2978ms)
[2026-06-15 09:54:38] [hand_detect] IN: hand_detect 1920x1080 → OUT: detected=false landmarks=nil confidence=0
[2026-06-15 09:54:38] [face_detect] IN: face_detect → OUT: detected=false landmarks=nil roll=nil pitch=nil yaw=nil (2717ms)
[2026-06-15 09:54:38] [axScan] IN: windows=4 → OUT: raw=49 visible=6 [pid685=1 pid8084=3 pid689=1 pid690=1] (61ms)
[2026-06-15 09:54:38] [hand_detect] IN: hand_detect 1920x1080 → OUT: detected=false landmarks=nil confidence=0
[2026-06-15 09:54:38] [face_detect] IN: face_detect → OUT: detected=false landmarks=nil roll=nil pitch=nil yaw=nil (2972ms)
[2026-06-15 09:54:38] [hand_detect] IN: hand_detect 1920x1080 → OUT: detected=false landmarks=nil confidence=0
[2026-06-15 09:54:38] [face_detect] IN: face_detect → OUT: detected=false landmarks=nil roll=nil pitch=nil yaw=nil (2629ms)
[2026-06-15 09:54:38] [hand_detect] IN: hand_detect 1920x1080 → OUT: detected=false landmarks=nil confidence=0
[2026-06-15 09:54:38] [face_detect] IN: face_detect → OUT: detected=false landmarks=nil roll=nil pitch=nil yaw=nil (2689ms)
[2026-06-15 09:54:38] [hand_detect] IN: hand_detect 1920x1080 → OUT: detected=false landmarks=nil confidence=0
[2026-06-15 09:54:38] [face_detect] IN: face_detect → OUT: detected=false landmarks=nil roll=nil pitch=nil yaw=nil (3265ms)
[2026-06-15 09:54:38] [hand_detect] IN: hand_detect 1920x1080 → OUT: detected=false landmarks=nil confidence=0
[2026-06-15 09:54:38] [face_detect] IN: face_detect → OUT: detected=false landmarks=nil roll=nil pitch=nil yaw=nil (3558ms)
[2026-06-15 09:54:38] [hand_detect] IN: hand_detect 1920x1080 → OUT: detected=false landmarks=nil confidence=0
[2026-06-15 09:54:38] [face_detect] IN: face_detect → OUT: detected=false landmarks=nil roll=nil pitch=nil yaw=nil (3944ms)
[2026-06-15 09:54:39] [hand_detect] IN: hand_detect 1920x1080 → OUT: detected=false landmarks=nil confidence=0
[2026-06-15 09:54:39] [face_detect] IN: face_detect → OUT: detected=false landmarks=nil roll=nil pitch=nil yaw=nil (4866ms)
[2026-06-15 09:54:39] [hand_detect] IN: hand_detect 1920x1080 → OUT: detected=false landmarks=nil confidence=0
[2026-06-15 09:54:39] [face_detect] IN: face_detect → OUT: detected=false landmarks=nil roll=nil pitch=nil yaw=nil (4919ms)
[2026-06-15 09:54:39] [hand_detect] IN: hand_detect 1920x1080 → OUT: detected=false landmarks=nil confidence=0
[2026-06-15 09:54:39] [face_detect] IN: face_detect → OUT: detected=false landmarks=nil roll=nil pitch=nil yaw=nil (5959ms)
[2026-06-15 09:54:39] [hand_detect] IN: hand_detect 1920x1080 → OUT: detected=false landmarks=nil confidence=0
[2026-06-15 09:54:39] [face_detect] IN: face_detect → OUT: detected=false landmarks=nil roll=nil pitch=nil yaw=nil (5903ms)
[2026-06-15 09:54:39] [hand_detect] IN: hand_detect 1920x1080 → OUT: detected=false landmarks=nil confidence=0
[2026-06-15 09:54:39] [face_detect] IN: face_detect → OUT: detected=false landmarks=nil roll=nil pitch=nil yaw=nil (7617ms)
[2026-06-15 09:54:39] [hand_detect] IN: hand_detect 1920x1080 → OUT: detected=false landmarks=nil confidence=0
[2026-06-15 09:54:39] [face_detect] IN: face_detect → OUT: detected=false landmarks=nil roll=nil pitch=nil yaw=nil (6940ms)
[2026-06-15 09:54:39] [hand_detect] IN: hand_detect 1920x1080 → OUT: detected=false landmarks=nil confidence=0
[2026-06-15 09:54:39] [face_detect] IN: face_detect → OUT: detected=false landmarks=nil roll=nil pitch=nil yaw=nil (6179ms)
[2026-06-15 09:54:39] [hand_detect] IN: hand_detect 1920x1080 → OUT: detected=false landmarks=nil confidence=0
[2026-06-15 09:54:39] [face_detect] IN: face_detect → OUT: detected=false landmarks=nil roll=nil pitch=nil yaw=nil (6354ms)
[2026-06-15 09:54:39] [hand_detect] IN: hand_detect 1920x1080 → OUT: detected=false landmarks=nil confidence=0
[2026-06-15 09:54:39] [face_detect] IN: face_detect → OUT: detected=false landmarks=nil roll=nil pitch=nil yaw=nil (6026ms)
[2026-06-15 09:54:39] [axScan] IN: windows=4 → OUT: raw=49 visible=6 [pid685=1 pid690=1 pid8084=3 pid689=1] (51ms)
[2026-06-15 09:54:39] [hand_detect] IN: hand_detect 1920x1080 → OUT: detected=false landmarks=nil confidence=0
[2026-06-15 09:54:39] [face_detect] IN: face_detect → OUT: detected=false landmarks=nil roll=nil pitch=nil yaw=nil (5753ms)
[2026-06-15 09:54:39] [hand_detect] IN: hand_detect 1920x1080 → OUT: detected=false landmarks=nil confidence=0
[2026-06-15 09:54:39] [face_detect] IN: face_detect → OUT: detected=false landmarks=nil roll=nil pitch=nil yaw=nil (5792ms)
[2026-06-15 09:54:39] [hand_detect] IN: hand_detect 1920x1080 → OUT: detected=false landmarks=nil confidence=0
[2026-06-15 09:54:39] [face_detect] IN: face_detect → OUT: detected=false landmarks=nil roll=nil pitch=nil yaw=nil (6613ms)
[2026-06-15 09:54:39] [hand_detect] IN: hand_detect 1920x1080 → OUT: detected=false landmarks=nil confidence=0
[2026-06-15 09:54:39] [face_detect] IN: face_detect → OUT: detected=false landmarks=nil roll=nil pitch=nil yaw=nil (6227ms)
[2026-06-15 09:54:39] [hand_detect] IN: hand_detect 1920x1080 → OUT: detected=false landmarks=nil confidence=0
[2026-06-15 09:54:39] [face_detect] IN: face_detect → OUT: detected=false landmarks=nil roll=nil pitch=nil yaw=nil (6398ms)
[2026-06-15 09:54:39] [hand_detect] IN: hand_detect 1920x1080 → OUT: detected=false landmarks=nil confidence=0
[2026-06-15 09:54:39] [face_detect] IN: face_detect → OUT: detected=false landmarks=nil roll=nil pitch=nil yaw=nil (6448ms)
[2026-06-15 09:54:39] [hand_detect] IN: hand_detect 1920x1080 → OUT: detected=false landmarks=nil confidence=0
[2026-06-15 09:54:39] [face_detect] IN: face_detect → OUT: detected=false landmarks=nil roll=nil pitch=nil yaw=nil (6870ms)
[2026-06-15 09:54:39] [hand_detect] IN: hand_detect 1920x1080 → OUT: detected=false landmarks=nil confidence=0
[2026-06-15 09:54:39] [face_detect] IN: face_detect → OUT: detected=false landmarks=nil roll=nil pitch=nil yaw=nil (6507ms)
[2026-06-15 09:54:39] [hand_detect] IN: hand_detect 1920x1080 → OUT: detected=false landmarks=nil confidence=0
[2026-06-15 09:54:39] [face_detect] IN: face_detect → OUT: detected=false landmarks=nil roll=nil pitch=nil yaw=nil (6150ms)
[2026-06-15 09:54:39] [hand_detect] IN: hand_detect 1920x1080 → OUT: detected=false landmarks=nil confidence=0
[2026-06-15 09:54:39] [face_detect] IN: face_detect → OUT: detected=false landmarks=nil roll=nil pitch=nil yaw=nil (5950ms)
[2026-06-15 09:54:39] [hand_detect] IN: hand_detect 1920x1080 → OUT: detected=false landmarks=nil confidence=0
[2026-06-15 09:54:39] [face_detect] IN: face_detect → OUT: detected=false landmarks=nil roll=nil pitch=nil yaw=nil (6891ms)
[2026-06-15 09:54:39] [hand_detect] IN: hand_detect 1920x1080 → OUT: detected=false landmarks=nil confidence=0
[2026-06-15 09:54:39] [face_detect] IN: face_detect → OUT: detected=false landmarks=nil roll=nil pitch=nil yaw=nil (6185ms)
[2026-06-15 09:54:39] [hand_detect] IN: hand_detect 1920x1080 → OUT: detected=false landmarks=nil confidence=0
[2026-06-15 09:54:39] [face_detect] IN: face_detect → OUT: detected=false landmarks=nil roll=nil pitch=nil yaw=nil (6513ms)
[2026-06-15 09:54:39] [hand_detect] IN: hand_detect 1920x1080 → OUT: detected=false landmarks=nil confidence=0
[2026-06-15 09:54:39] [face_detect] IN: face_detect → OUT: detected=false landmarks=nil roll=nil pitch=nil yaw=nil (6540ms)
[2026-06-15 09:54:39] [hand_detect] IN: hand_detect 1920x1080 → OUT: detected=false landmarks=nil confidence=0
[2026-06-15 09:54:39] [face_detect] IN: face_detect → OUT: detected=false landmarks=nil roll=nil pitch=nil yaw=nil (6826ms)
[2026-06-15 09:54:39] [axScan] IN: windows=4 → OUT: raw=49 visible=6 [pid685=1 pid8084=3 pid690=1 pid689=1] (54ms)
[2026-06-15 09:54:39] [hand_detect] IN: hand_detect 1920x1080 → OUT: detected=false landmarks=nil confidence=0
[2026-06-15 09:54:39] [face_detect] IN: face_detect → OUT: detected=false landmarks=nil roll=nil pitch=nil yaw=nil (5460ms)
[2026-06-15 09:54:39] [hand_detect] IN: hand_detect 1920x1080 → OUT: detected=false landmarks=nil confidence=0
[2026-06-15 09:54:39] [face_detect] IN: face_detect → OUT: detected=false landmarks=nil roll=nil pitch=nil yaw=nil (5693ms)
[2026-06-15 09:54:39] [hand_detect] IN: hand_detect 1920x1080 → OUT: detected=false landmarks=nil confidence=0
[2026-06-15 09:54:39] [face_detect] IN: face_detect → OUT: detected=false landmarks=nil roll=nil pitch=nil yaw=nil (5565ms)
[2026-06-15 09:54:39] [hand_detect] IN: hand_detect 1920x1080 → OUT: detected=false landmarks=nil confidence=0
[2026-06-15 09:54:39] [face_detect] IN: face_detect → OUT: detected=false landmarks=nil roll=nil pitch=nil yaw=nil (6408ms)
[2026-06-15 09:54:39] [hand_detect] IN: hand_detect 1920x1080 → OUT: detected=false landmarks=nil confidence=0
[2026-06-15 09:54:39] [face_detect] IN: face_detect → OUT: detected=false landmarks=nil roll=nil pitch=nil yaw=nil (7248ms)
[2026-06-15 09:54:39] [hand_detect] IN: hand_detect 1920x1080 → OUT: detected=false landmarks=nil confidence=0
[2026-06-15 09:54:39] [face_detect] IN: face_detect → OUT: detected=false landmarks=nil roll=nil pitch=nil yaw=nil (6608ms)
[2026-06-15 09:54:40] [hand_detect] IN: hand_detect 1920x1080 → OUT: detected=false landmarks=nil confidence=0
[2026-06-15 09:54:40] [face_detect] IN: face_detect → OUT: detected=false landmarks=nil roll=nil pitch=nil yaw=nil (6485ms)
[2026-06-15 09:54:40] [hand_detect] IN: hand_detect 1920x1080 → OUT: detected=false landmarks=nil confidence=0
[2026-06-15 09:54:40] [face_detect] IN: face_detect → OUT: detected=false landmarks=nil roll=nil pitch=nil yaw=nil (6883ms)
[2026-06-15 09:54:40] [hand_detect] IN: hand_detect 1920x1080 → OUT: detected=false landmarks=nil confidence=0
[2026-06-15 09:54:40] [face_detect] IN: face_detect → OUT: detected=false landmarks=nil roll=nil pitch=nil yaw=nil (6669ms)
[2026-06-15 09:54:40] [hand_detect] IN: hand_detect 1920x1080 → OUT: detected=false landmarks=nil confidence=0
[2026-06-15 09:54:40] [face_detect] IN: face_detect → OUT: detected=false landmarks=nil roll=nil pitch=nil yaw=nil (6466ms)
[2026-06-15 09:54:40] [hand_detect] IN: hand_detect 1920x1080 → OUT: detected=false landmarks=nil confidence=0
[2026-06-15 09:54:40] [face_detect] IN: face_detect → OUT: detected=false landmarks=nil roll=nil pitch=nil yaw=nil (6587ms)
[2026-06-15 09:54:40] [hand_detect] IN: hand_detect 1920x1080 → OUT: detected=false landmarks=nil confidence=0
[2026-06-15 09:54:40] [face_detect] IN: face_detect → OUT: detected=false landmarks=nil roll=nil pitch=nil yaw=nil (6121ms)
[2026-06-15 09:54:40] [hand_detect] IN: hand_detect 1920x1080 → OUT: detected=false landmarks=nil confidence=0
[2026-06-15 09:54:40] [face_detect] IN: face_detect → OUT: detected=false landmarks=nil roll=nil pitch=nil yaw=nil (6411ms)
[2026-06-15 09:54:40] [hand_detect] IN: hand_detect 1920x1080 → OUT: detected=false landmarks=nil confidence=0
[2026-06-15 09:54:40] [face_detect] IN: face_detect → OUT: detected=false landmarks=nil roll=nil pitch=nil yaw=nil (6800ms)
[2026-06-15 09:54:40] [hand_detect] IN: hand_detect 1920x1080 → OUT: detected=false landmarks=nil confidence=0
[2026-06-15 09:54:40] [face_detect] IN: face_detect → OUT: detected=false landmarks=nil roll=nil pitch=nil yaw=nil (6309ms)
[2026-06-15 09:54:40] [axScan] IN: windows=4 → OUT: raw=49 visible=6 [pid685=1 pid8084=3 pid689=1 pid690=1] (53ms)
[2026-06-15 09:54:40] [hand_detect] IN: hand_detect 1920x1080 → OUT: detected=false landmarks=nil confidence=0
[2026-06-15 09:54:40] [face_detect] IN: face_detect → OUT: detected=false landmarks=nil roll=nil pitch=nil yaw=nil (5712ms)
[2026-06-15 09:54:40] [hand_detect] IN: hand_detect 1920x1080 → OUT: detected=false landmarks=nil confidence=0
[2026-06-15 09:54:40] [face_detect] IN: face_detect → OUT: detected=false landmarks=nil roll=nil pitch=nil yaw=nil (5561ms)
[2026-06-15 09:54:40] [hand_detect] IN: hand_detect 1920x1080 → OUT: detected=false landmarks=nil confidence=0
[2026-06-15 09:54:40] [face_detect] IN: face_detect → OUT: detected=false landmarks=nil roll=nil pitch=nil yaw=nil (5690ms)
[2026-06-15 09:54:40] [hand_detect] IN: hand_detect 1920x1080 → OUT: detected=false landmarks=nil confidence=0
[2026-06-15 09:54:40] [face_detect] IN: face_detect → OUT: detected=false landmarks=nil roll=nil pitch=nil yaw=nil (6313ms)
[2026-06-15 09:54:40] [hand_detect] IN: hand_detect 1920x1080 → OUT: detected=false landmarks=nil confidence=0
[2026-06-15 09:54:40] [face_detect] IN: face_detect → OUT: detected=false landmarks=nil roll=nil pitch=nil yaw=nil (6354ms)
[2026-06-15 09:54:40] [hand_detect] IN: hand_detect 1920x1080 → OUT: detected=false landmarks=nil confidence=0
[2026-06-15 09:54:40] [face_detect] IN: face_detect → OUT: detected=false landmarks=nil roll=nil pitch=nil yaw=nil (7305ms)
[2026-06-15 09:54:40] [hand_detect] IN: hand_detect 1920x1080 → OUT: detected=false landmarks=nil confidence=0
[2026-06-15 09:54:40] [face_detect] IN: face_detect → OUT: detected=false landmarks=nil roll=nil pitch=nil yaw=nil (7023ms)
[2026-06-15 09:54:40] [hand_detect] IN: hand_detect 1920x1080 → OUT: detected=false landmarks=nil confidence=0
[2026-06-15 09:54:40] [face_detect] IN: face_detect → OUT: detected=false landmarks=nil roll=nil pitch=nil yaw=nil (9983ms)
[2026-06-15 09:54:40] [hand_detect] IN: hand_detect 1920x1080 → OUT: detected=false landmarks=nil confidence=0
[2026-06-15 09:54:40] [face_detect] IN: face_detect → OUT: detected=false landmarks=nil roll=nil pitch=nil yaw=nil (6283ms)
[2026-06-15 09:54:40] [hand_detect] IN: hand_detect 1920x1080 → OUT: detected=false landmarks=nil confidence=0
[2026-06-15 09:54:40] [face_detect] IN: face_detect → OUT: detected=false landmarks=nil roll=nil pitch=nil yaw=nil (6385ms)
[2026-06-15 09:54:40] [hand_detect] IN: hand_detect 1920x1080 → OUT: detected=false landmarks=nil confidence=0
[2026-06-15 09:54:40] [face_detect] IN: face_detect → OUT: detected=false landmarks=nil roll=nil pitch=nil yaw=nil (6577ms)
[2026-06-15 09:54:40] [hand_detect] IN: hand_detect 1920x1080 → OUT: detected=false landmarks=nil confidence=0
[2026-06-15 09:54:40] [face_detect] IN: face_detect → OUT: detected=false landmarks=nil roll=nil pitch=nil yaw=nil (6636ms)
[2026-06-15 09:54:40] [hand_detect] IN: hand_detect 1920x1080 → OUT: detected=false landmarks=nil confidence=0
[2026-06-15 09:54:40] [face_detect] IN: face_detect → OUT: detected=false landmarks=nil roll=nil pitch=nil yaw=nil (6377ms)
[2026-06-15 09:54:40] [hand_detect] IN: hand_detect 1920x1080 → OUT: detected=false landmarks=nil confidence=0
[2026-06-15 09:54:40] [face_detect] IN: face_detect → OUT: detected=false landmarks=nil roll=nil pitch=nil yaw=nil (6291ms)
[2026-06-15 09:54:40] [hand_detect] IN: hand_detect 1920x1080 → OUT: detected=false landmarks=nil confidence=0
[2026-06-15 09:54:40] [face_detect] IN: face_detect → OUT: detected=false landmarks=nil roll=nil pitch=nil yaw=nil (6504ms)
[2026-06-15 09:54:40] [axScan] IN: windows=4 → OUT: raw=49 visible=6 [pid685=1 pid690=1 pid8084=3 pid689=1] (52ms)
[2026-06-15 09:54:40] [hand_detect] IN: hand_detect 1920x1080 → OUT: detected=false landmarks=nil confidence=0
[2026-06-15 09:54:40] [face_detect] IN: face_detect → OUT: detected=false landmarks=nil roll=nil pitch=nil yaw=nil (5869ms)
[2026-06-15 09:54:40] [hand_detect] IN: hand_detect 1920x1080 → OUT: detected=false landmarks=nil confidence=0
[2026-06-15 09:54:40] [face_detect] IN: face_detect → OUT: detected=false landmarks=nil roll=nil pitch=nil yaw=nil (5905ms)
[2026-06-15 09:54:40] [hand_detect] IN: hand_detect 1920x1080 → OUT: detected=false landmarks=nil confidence=0
[2026-06-15 09:54:40] [face_detect] IN: face_detect → OUT: detected=false landmarks=nil roll=nil pitch=nil yaw=nil (5738ms)
[2026-06-15 09:54:40] [hand_detect] IN: hand_detect 1920x1080 → OUT: detected=false landmarks=nil confidence=0
[2026-06-15 09:54:40] [face_detect] IN: face_detect → OUT: detected=false landmarks=nil roll=nil pitch=nil yaw=nil (6394ms)
[2026-06-15 09:54:40] [hand_detect] IN: hand_detect 1920x1080 → OUT: detected=false landmarks=nil confidence=0
[2026-06-15 09:54:40] [face_detect] IN: face_detect → OUT: detected=false landmarks=nil roll=nil pitch=nil yaw=nil (6270ms)
[2026-06-15 09:54:40] [hand_detect] IN: hand_detect 1920x1080 → OUT: detected=false landmarks=nil confidence=0
[2026-06-15 09:54:40] [face_detect] IN: face_detect → OUT: detected=false landmarks=nil roll=nil pitch=nil yaw=nil (6200ms)
[2026-06-15 09:54:41] [hand_detect] IN: hand_detect 1920x1080 → OUT: detected=false landmarks=nil confidence=0
[2026-06-15 09:54:41] [face_detect] IN: face_detect → OUT: detected=false landmarks=nil roll=nil pitch=nil yaw=nil (6326ms)
[2026-06-15 09:54:41] [hand_detect] IN: hand_detect 1920x1080 → OUT: detected=false landmarks=nil confidence=0
[2026-06-15 09:54:41] [face_detect] IN: face_detect → OUT: detected=false landmarks=nil roll=nil pitch=nil yaw=nil (6687ms)
[2026-06-15 09:54:41] [hand_detect] IN: hand_detect 1920x1080 → OUT: detected=false landmarks=nil confidence=0
[2026-06-15 09:54:41] [face_detect] IN: face_detect → OUT: detected=false landmarks=nil roll=nil pitch=nil yaw=nil (6700ms)
[2026-06-15 09:54:41] [hand_detect] IN: hand_detect 1920x1080 → OUT: detected=false landmarks=nil confidence=0
[2026-06-15 09:54:41] [face_detect] IN: face_detect → OUT: detected=false landmarks=nil roll=nil pitch=nil yaw=nil (6757ms)
[2026-06-15 09:54:41] [hand_detect] IN: hand_detect 1920x1080 → OUT: detected=false landmarks=nil confidence=0
[2026-06-15 09:54:41] [face_detect] IN: face_detect → OUT: detected=false landmarks=nil roll=nil pitch=nil yaw=nil (7472ms)
[2026-06-15 09:54:41] [hand_detect] IN: hand_detect 1920x1080 → OUT: detected=false landmarks=nil confidence=0
[2026-06-15 09:54:41] [face_detect] IN: face_detect → OUT: detected=false landmarks=nil roll=nil pitch=nil yaw=nil (8557ms)
[2026-06-15 09:54:41] [hand_detect] IN: hand_detect 1920x1080 → OUT: detected=false landmarks=nil confidence=0
[2026-06-15 09:54:41] [face_detect] IN: face_detect → OUT: detected=false landmarks=nil roll=nil pitch=nil yaw=nil (6292ms)
[2026-06-15 09:54:41] [hand_detect] IN: hand_detect 1920x1080 → OUT: detected=false landmarks=nil confidence=0
[2026-06-15 09:54:41] [face_detect] IN: face_detect → OUT: detected=false landmarks=nil roll=nil pitch=nil yaw=nil (6265ms)
[2026-06-15 09:54:41] [hand_detect] IN: hand_detect 1920x1080 → OUT: detected=false landmarks=nil confidence=0
[2026-06-15 09:54:41] [face_detect] IN: face_detect → OUT: detected=false landmarks=nil roll=nil pitch=nil yaw=nil (6286ms)
[2026-06-15 09:54:41] [axScan] IN: windows=4 → OUT: raw=49 visible=6 [pid685=1 pid690=1 pid689=1 pid8084=3] (53ms)
[2026-06-15 09:54:41] [hand_detect] IN: hand_detect 1920x1080 → OUT: detected=false landmarks=nil confidence=0
[2026-06-15 09:54:41] [face_detect] IN: face_detect → OUT: detected=false landmarks=nil roll=nil pitch=nil yaw=nil (4914ms)
[2026-06-15 09:54:41] [hand_detect] IN: hand_detect 1920x1080 → OUT: detected=false landmarks=nil confidence=0
[2026-06-15 09:54:41] [face_detect] IN: face_detect → OUT: detected=false landmarks=nil roll=nil pitch=nil yaw=nil (9051ms)
[2026-06-15 09:54:41] [hand_detect] IN: hand_detect 1920x1080 → OUT: detected=false landmarks=nil confidence=0
[2026-06-15 09:54:41] [face_detect] IN: face_detect → OUT: detected=false landmarks=nil roll=nil pitch=nil yaw=nil (6492ms)
[2026-06-15 09:54:41] [hand_detect] IN: hand_detect 1920x1080 → OUT: detected=false landmarks=nil confidence=0
[2026-06-15 09:54:41] [face_detect] IN: face_detect → OUT: detected=false landmarks=nil roll=nil pitch=nil yaw=nil (5463ms)
[2026-06-15 09:54:41] [hand_detect] IN: hand_detect 1920x1080 → OUT: detected=false landmarks=nil confidence=0
[2026-06-15 09:54:41] [face_detect] IN: face_detect → OUT: detected=false landmarks=nil roll=nil pitch=nil yaw=nil (5251ms)
[2026-06-15 09:54:41] [hand_detect] IN: hand_detect 1920x1080 → OUT: detected=false landmarks=nil confidence=0
[2026-06-15 09:54:41] [face_detect] IN: face_detect → OUT: detected=false landmarks=nil roll=nil pitch=nil yaw=nil (6027ms)
[2026-06-15 09:54:41] [hand_detect] IN: hand_detect 1920x1080 → OUT: detected=false landmarks=nil confidence=0
[2026-06-15 09:54:41] [face_detect] IN: face_detect → OUT: detected=false landmarks=nil roll=nil pitch=nil yaw=nil (6271ms)
[2026-06-15 09:54:41] [hand_detect] IN: hand_detect 1920x1080 → OUT: detected=false landmarks=nil confidence=0
[2026-06-15 09:54:41] [face_detect] IN: face_detect → OUT: detected=false landmarks=nil roll=nil pitch=nil yaw=nil (5277ms)
[2026-06-15 09:54:41] [hand_detect] IN: hand_detect 1920x1080 → OUT: detected=false landmarks=nil confidence=0
[2026-06-15 09:54:41] [face_detect] IN: face_detect → OUT: detected=false landmarks=nil roll=nil pitch=nil yaw=nil (6793ms)
[2026-06-15 09:54:41] [hand_detect] IN: hand_detect 1920x1080 → OUT: detected=false landmarks=nil confidence=0
[2026-06-15 09:54:41] [face_detect] IN: face_detect → OUT: detected=false landmarks=nil roll=nil pitch=nil yaw=nil (6137ms)
[2026-06-15 09:54:41] [hand_detect] IN: hand_detect 1920x1080 → OUT: detected=false landmarks=nil confidence=0
[2026-06-15 09:54:41] [face_detect] IN: face_detect → OUT: detected=false landmarks=nil roll=nil pitch=nil yaw=nil (7091ms)
[2026-06-15 09:54:41] [hand_detect] IN: hand_detect 1920x1080 → OUT: detected=false landmarks=nil confidence=0
[2026-06-15 09:54:41] [face_detect] IN: face_detect → OUT: detected=false landmarks=nil roll=nil pitch=nil yaw=nil (8543ms)
[2026-06-15 09:54:41] [hand_detect] IN: hand_detect 1920x1080 → OUT: detected=false landmarks=nil confidence=0
[2026-06-15 09:54:41] [face_detect] IN: face_detect → OUT: detected=false landmarks=nil roll=nil pitch=nil yaw=nil (6179ms)
[2026-06-15 09:54:41] [hand_detect] IN: hand_detect 1920x1080 → OUT: detected=false landmarks=nil confidence=0
[2026-06-15 09:54:41] [face_detect] IN: face_detect → OUT: detected=false landmarks=nil roll=nil pitch=nil yaw=nil (5792ms)
[2026-06-15 09:54:41] [hand_detect] IN: hand_detect 1920x1080 → OUT: detected=false landmarks=nil confidence=0
[2026-06-15 09:54:41] [face_detect] IN: face_detect → OUT: detected=false landmarks=nil roll=nil pitch=nil yaw=nil (6011ms)
[2026-06-15 09:54:41] [axScan] IN: windows=4 → OUT: raw=49 visible=6 [pid8084=3 pid685=1 pid689=1 pid690=1] (47ms)
[2026-06-15 09:54:41] [hand_detect] IN: hand_detect 1920x1080 → OUT: detected=false landmarks=nil confidence=0
[2026-06-15 09:54:41] [face_detect] IN: face_detect → OUT: detected=false landmarks=nil roll=nil pitch=nil yaw=nil (5970ms)
[2026-06-15 09:54:41] [hand_detect] IN: hand_detect 1920x1080 → OUT: detected=false landmarks=nil confidence=0
[2026-06-15 09:54:41] [face_detect] IN: face_detect → OUT: detected=false landmarks=nil roll=nil pitch=nil yaw=nil (6804ms)
[2026-06-15 09:54:41] [hand_detect] IN: hand_detect 1920x1080 → OUT: detected=false landmarks=nil confidence=0
[2026-06-15 09:54:41] [face_detect] IN: face_detect → OUT: detected=false landmarks=nil roll=nil pitch=nil yaw=nil (6493ms)
[2026-06-15 09:54:41] [hand_detect] IN: hand_detect 1920x1080 → OUT: detected=false landmarks=nil confidence=0
[2026-06-15 09:54:41] [face_detect] IN: face_detect → OUT: detected=false landmarks=nil roll=nil pitch=nil yaw=nil (8103ms)
[2026-06-15 09:54:41] [hand_detect] IN: hand_detect 1920x1080 → OUT: detected=false landmarks=nil confidence=0
[2026-06-15 09:54:41] [face_detect] IN: face_detect → OUT: detected=false landmarks=nil roll=nil pitch=nil yaw=nil (6221ms)
[2026-06-15 09:54:41] [hand_detect] IN: hand_detect 1920x1080 → OUT: detected=false landmarks=nil confidence=0
[2026-06-15 09:54:41] [face_detect] IN: face_detect → OUT: detected=false landmarks=nil roll=nil pitch=nil yaw=nil (6443ms)
[2026-06-15 09:54:42] [hand_detect] IN: hand_detect 1920x1080 → OUT: detected=false landmarks=nil confidence=0
[2026-06-15 09:54:42] [face_detect] IN: face_detect → OUT: detected=false landmarks=nil roll=nil pitch=nil yaw=nil (6551ms)
[2026-06-15 09:54:42] [hand_detect] IN: hand_detect 1920x1080 → OUT: detected=false landmarks=nil confidence=0
[2026-06-15 09:54:42] [face_detect] IN: face_detect → OUT: detected=false landmarks=nil roll=nil pitch=nil yaw=nil (6510ms)
[2026-06-15 09:54:42] [hand_detect] IN: hand_detect 1920x1080 → OUT: detected=false landmarks=nil confidence=0
[2026-06-15 09:54:42] [face_detect] IN: face_detect → OUT: detected=false landmarks=nil roll=nil pitch=nil yaw=nil (6901ms)
[2026-06-15 09:54:42] [hand_detect] IN: hand_detect 1920x1080 → OUT: detected=false landmarks=nil confidence=0
[2026-06-15 09:54:42] [face_detect] IN: face_detect → OUT: detected=false landmarks=nil roll=nil pitch=nil yaw=nil (6855ms)
[2026-06-15 09:54:42] [hand_detect] IN: hand_detect 1920x1080 → OUT: detected=false landmarks=nil confidence=0
[2026-06-15 09:54:42] [face_detect] IN: face_detect → OUT: detected=false landmarks=nil roll=nil pitch=nil yaw=nil (6546ms)
[2026-06-15 09:54:42] [hand_detect] IN: hand_detect 1920x1080 → OUT: detected=false landmarks=nil confidence=0
[2026-06-15 09:54:42] [face_detect] IN: face_detect → OUT: detected=false landmarks=nil roll=nil pitch=nil yaw=nil (7208ms)
[2026-06-15 09:54:42] [hand_detect] IN: hand_detect 1920x1080 → OUT: detected=false landmarks=nil confidence=0
[2026-06-15 09:54:42] [face_detect] IN: face_detect → OUT: detected=false landmarks=nil roll=nil pitch=nil yaw=nil (6410ms)
[2026-06-15 09:54:42] [hand_detect] IN: hand_detect 1920x1080 → OUT: detected=false landmarks=nil confidence=0
[2026-06-15 09:54:42] [face_detect] IN: face_detect → OUT: detected=false landmarks=nil roll=nil pitch=nil yaw=nil (5910ms)
[2026-06-15 09:54:42] [hand_detect] IN: hand_detect 1920x1080 → OUT: detected=false landmarks=nil confidence=0
[2026-06-15 09:54:42] [face_detect] IN: face_detect → OUT: detected=false landmarks=nil roll=nil pitch=nil yaw=nil (6100ms)
[2026-06-15 09:54:42] [axScan] IN: windows=4 → OUT: raw=49 visible=6 [pid689=1 pid690=1 pid8084=3 pid685=1] (47ms)
[2026-06-15 09:54:42] [hand_detect] IN: hand_detect 1920x1080 → OUT: detected=false landmarks=nil confidence=0
[2026-06-15 09:54:42] [face_detect] IN: face_detect → OUT: detected=false landmarks=nil roll=nil pitch=nil yaw=nil (6237ms)
[2026-06-15 09:54:42] [hand_detect] IN: hand_detect 1920x1080 → OUT: detected=false landmarks=nil confidence=0
[2026-06-15 09:54:42] [face_detect] IN: face_detect → OUT: detected=false landmarks=nil roll=nil pitch=nil yaw=nil (5788ms)
[2026-06-15 09:54:42] [hand_detect] IN: hand_detect 1920x1080 → OUT: detected=false landmarks=nil confidence=0
[2026-06-15 09:54:42] [face_detect] IN: face_detect → OUT: detected=false landmarks=nil roll=nil pitch=nil yaw=nil (6067ms)
[2026-06-15 09:54:42] [hand_detect] IN: hand_detect 1920x1080 → OUT: detected=false landmarks=nil confidence=0
[2026-06-15 09:54:42] [face_detect] IN: face_detect → OUT: detected=false landmarks=nil roll=nil pitch=nil yaw=nil (6410ms)
[2026-06-15 09:54:42] [hand_detect] IN: hand_detect 1920x1080 → OUT: detected=false landmarks=nil confidence=0
[2026-06-15 09:54:42] [face_detect] IN: face_detect → OUT: detected=false landmarks=nil roll=nil pitch=nil yaw=nil (5872ms)
[2026-06-15 09:54:42] [hand_detect] IN: hand_detect 1920x1080 → OUT: detected=false landmarks=nil confidence=0
[2026-06-15 09:54:42] [face_detect] IN: face_detect → OUT: detected=false landmarks=nil roll=nil pitch=nil yaw=nil (5352ms)
[2026-06-15 09:54:42] [hand_detect] IN: hand_detect 1920x1080 → OUT: detected=false landmarks=nil confidence=0
[2026-06-15 09:54:42] [face_detect] IN: face_detect → OUT: detected=false landmarks=nil roll=nil pitch=nil yaw=nil (6099ms)
[2026-06-15 09:54:42] [hand_detect] IN: hand_detect 1920x1080 → OUT: detected=false landmarks=nil confidence=0
[2026-06-15 09:54:42] [face_detect] IN: face_detect → OUT: detected=false landmarks=nil roll=nil pitch=nil yaw=nil (6276ms)
[2026-06-15 09:54:42] [hand_detect] IN: hand_detect 1920x1080 → OUT: detected=false landmarks=nil confidence=0
[2026-06-15 09:54:42] [face_detect] IN: face_detect → OUT: detected=false landmarks=nil roll=nil pitch=nil yaw=nil (7176ms)
[2026-06-15 09:54:42] [hand_detect] IN: hand_detect 1920x1080 → OUT: detected=false landmarks=nil confidence=0
[2026-06-15 09:54:42] [face_detect] IN: face_detect → OUT: detected=false landmarks=nil roll=nil pitch=nil yaw=nil (5785ms)
[2026-06-15 09:54:42] [hand_detect] IN: hand_detect 1920x1080 → OUT: detected=false landmarks=nil confidence=0
[2026-06-15 09:54:42] [face_detect] IN: face_detect → OUT: detected=false landmarks=nil roll=nil pitch=nil yaw=nil (6184ms)
[2026-06-15 09:54:42] [hand_detect] IN: hand_detect 1920x1080 → OUT: detected=false landmarks=nil confidence=0
[2026-06-15 09:54:42] [face_detect] IN: face_detect → OUT: detected=false landmarks=nil roll=nil pitch=nil yaw=nil (5717ms)
[2026-06-15 09:54:42] [hand_detect] IN: hand_detect 1920x1080 → OUT: detected=false landmarks=nil confidence=0
[2026-06-15 09:54:42] [face_detect] IN: face_detect → OUT: detected=false landmarks=nil roll=nil pitch=nil yaw=nil (7179ms)
[2026-06-15 09:54:42] [hand_detect] IN: hand_detect 1920x1080 → OUT: detected=false landmarks=nil confidence=0
[2026-06-15 09:54:42] [face_detect] IN: face_detect → OUT: detected=false landmarks=nil roll=nil pitch=nil yaw=nil (6484ms)
[2026-06-15 09:54:42] [hand_detect] IN: hand_detect 1920x1080 → OUT: detected=false landmarks=nil confidence=0
[2026-06-15 09:54:42] [face_detect] IN: face_detect → OUT: detected=false landmarks=nil roll=nil pitch=nil yaw=nil (5946ms)
[2026-06-15 09:54:42] [axScan] IN: windows=4 → OUT: raw=49 visible=6 [pid8084=3 pid685=1 pid689=1 pid690=1] (49ms)
[2026-06-15 09:54:42] [hand_detect] IN: hand_detect 1920x1080 → OUT: detected=false landmarks=nil confidence=0
[2026-06-15 09:54:42] [face_detect] IN: face_detect → OUT: detected=false landmarks=nil roll=nil pitch=nil yaw=nil (5967ms)
[2026-06-15 09:54:42] [hand_detect] IN: hand_detect 1920x1080 → OUT: detected=false landmarks=nil confidence=0
[2026-06-15 09:54:42] [face_detect] IN: face_detect → OUT: detected=false landmarks=nil roll=nil pitch=nil yaw=nil (5790ms)
[2026-06-15 09:54:42] [hand_detect] IN: hand_detect 1920x1080 → OUT: detected=false landmarks=nil confidence=0
[2026-06-15 09:54:42] [face_detect] IN: face_detect → OUT: detected=false landmarks=nil roll=nil pitch=nil yaw=nil (6784ms)
[2026-06-15 09:54:42] [hand_detect] IN: hand_detect 1920x1080 → OUT: detected=false landmarks=nil confidence=0
[2026-06-15 09:54:42] [face_detect] IN: face_detect → OUT: detected=false landmarks=nil roll=nil pitch=nil yaw=nil (6603ms)
[2026-06-15 09:54:42] [hand_detect] IN: hand_detect 1920x1080 → OUT: detected=false landmarks=nil confidence=0
[2026-06-15 09:54:42] [face_detect] IN: face_detect → OUT: detected=false landmarks=nil roll=nil pitch=nil yaw=nil (6971ms)
[2026-06-15 09:54:42] [hand_detect] IN: hand_detect 1920x1080 → OUT: detected=false landmarks=nil confidence=0
[2026-06-15 09:54:42] [face_detect] IN: face_detect → OUT: detected=false landmarks=nil roll=nil pitch=nil yaw=nil (6741ms)
[2026-06-15 09:54:43] [hand_detect] IN: hand_detect 1920x1080 → OUT: detected=false landmarks=nil confidence=0
[2026-06-15 09:54:43] [face_detect] IN: face_detect → OUT: detected=false landmarks=nil roll=nil pitch=nil yaw=nil (6676ms)
[2026-06-15 09:54:43] [hand_detect] IN: hand_detect 1920x1080 → OUT: detected=false landmarks=nil confidence=0
[2026-06-15 09:54:43] [face_detect] IN: face_detect → OUT: detected=false landmarks=nil roll=nil pitch=nil yaw=nil (6990ms)
[2026-06-15 09:54:43] [hand_detect] IN: hand_detect 1920x1080 → OUT: detected=false landmarks=nil confidence=0
[2026-06-15 09:54:43] [face_detect] IN: face_detect → OUT: detected=false landmarks=nil roll=nil pitch=nil yaw=nil (6577ms)
[2026-06-15 09:54:43] [hand_detect] IN: hand_detect 1920x1080 → OUT: detected=false landmarks=nil confidence=0
[2026-06-15 09:54:43] [face_detect] IN: face_detect → OUT: detected=false landmarks=nil roll=nil pitch=nil yaw=nil (6667ms)
[2026-06-15 09:54:43] [hand_detect] IN: hand_detect 1920x1080 → OUT: detected=false landmarks=nil confidence=0
[2026-06-15 09:54:43] [face_detect] IN: face_detect → OUT: detected=false landmarks=nil roll=nil pitch=nil yaw=nil (6621ms)
[2026-06-15 09:54:43] [hand_detect] IN: hand_detect 1920x1080 → OUT: detected=false landmarks=nil confidence=0
[2026-06-15 09:54:43] [face_detect] IN: face_detect → OUT: detected=false landmarks=nil roll=nil pitch=nil yaw=nil (6289ms)
[2026-06-15 09:54:43] [hand_detect] IN: hand_detect 1920x1080 → OUT: detected=false landmarks=nil confidence=0
[2026-06-15 09:54:43] [face_detect] IN: face_detect → OUT: detected=false landmarks=nil roll=nil pitch=nil yaw=nil (6545ms)
[2026-06-15 09:54:43] [hand_detect] IN: hand_detect 1920x1080 → OUT: detected=false landmarks=nil confidence=0
[2026-06-15 09:54:43] [face_detect] IN: face_detect → OUT: detected=false landmarks=nil roll=nil pitch=nil yaw=nil (6795ms)
[2026-06-15 09:54:43] [hand_detect] IN: hand_detect 1920x1080 → OUT: detected=false landmarks=nil confidence=0
[2026-06-15 09:54:43] [face_detect] IN: face_detect → OUT: detected=false landmarks=nil roll=nil pitch=nil yaw=nil (6708ms)
[2026-06-15 09:54:43] [axScan] IN: windows=4 → OUT: raw=49 visible=6 [pid685=1 pid690=1 pid689=1 pid8084=3] (54ms)
[2026-06-15 09:54:43] [hand_detect] IN: hand_detect 1920x1080 → OUT: detected=false landmarks=nil confidence=0
[2026-06-15 09:54:43] [face_detect] IN: face_detect → OUT: detected=false landmarks=nil roll=nil pitch=nil yaw=nil (5795ms)
[2026-06-15 09:54:43] [hand_detect] IN: hand_detect 1920x1080 → OUT: detected=false landmarks=nil confidence=0
[2026-06-15 09:54:43] [face_detect] IN: face_detect → OUT: detected=false landmarks=nil roll=nil pitch=nil yaw=nil (6056ms)
[2026-06-15 09:54:43] [hand_detect] IN: hand_detect 1920x1080 → OUT: detected=false landmarks=nil confidence=0
[2026-06-15 09:54:43] [face_detect] IN: face_detect → OUT: detected=false landmarks=nil roll=nil pitch=nil yaw=nil (6047ms)
[2026-06-15 09:54:43] [hand_detect] IN: hand_detect 1920x1080 → OUT: detected=false landmarks=nil confidence=0
[2026-06-15 09:54:43] [face_detect] IN: face_detect → OUT: detected=false landmarks=nil roll=nil pitch=nil yaw=nil (6813ms)
[2026-06-15 09:54:43] [hand_detect] IN: hand_detect 1920x1080 → OUT: detected=false landmarks=nil confidence=0
[2026-06-15 09:54:43] [face_detect] IN: face_detect → OUT: detected=false landmarks=nil roll=nil pitch=nil yaw=nil (6550ms)
[2026-06-15 09:54:43] [hand_detect] IN: hand_detect 1920x1080 → OUT: detected=false landmarks=nil confidence=0
[2026-06-15 09:54:43] [face_detect] IN: face_detect → OUT: detected=false landmarks=nil roll=nil pitch=nil yaw=nil (6519ms)
[2026-06-15 09:54:43] [hand_detect] IN: hand_detect 1920x1080 → OUT: detected=false landmarks=nil confidence=0
[2026-06-15 09:54:43] [face_detect] IN: face_detect → OUT: detected=false landmarks=nil roll=nil pitch=nil yaw=nil (7131ms)
[2026-06-15 09:54:43] [hand_detect] IN: hand_detect 1920x1080 → OUT: detected=false landmarks=nil confidence=0
[2026-06-15 09:54:43] [face_detect] IN: face_detect → OUT: detected=false landmarks=nil roll=nil pitch=nil yaw=nil (7034ms)
[2026-06-15 09:54:43] [hand_detect] IN: hand_detect 1920x1080 → OUT: detected=false landmarks=nil confidence=0
[2026-06-15 09:54:43] [face_detect] IN: face_detect → OUT: detected=false landmarks=nil roll=nil pitch=nil yaw=nil (6839ms)
[2026-06-15 09:54:43] [hand_detect] IN: hand_detect 1920x1080 → OUT: detected=false landmarks=nil confidence=0
[2026-06-15 09:54:43] [face_detect] IN: face_detect → OUT: detected=false landmarks=nil roll=nil pitch=nil yaw=nil (6893ms)
[2026-06-15 09:54:43] [hand_detect] IN: hand_detect 1920x1080 → OUT: detected=false landmarks=nil confidence=0
[2026-06-15 09:54:43] [face_detect] IN: face_detect → OUT: detected=false landmarks=nil roll=nil pitch=nil yaw=nil (6302ms)
[2026-06-15 09:54:43] [hand_detect] IN: hand_detect 1920x1080 → OUT: detected=false landmarks=nil confidence=0
[2026-06-15 09:54:43] [face_detect] IN: face_detect → OUT: detected=false landmarks=nil roll=nil pitch=nil yaw=nil (6209ms)
[2026-06-15 09:54:43] [hand_detect] IN: hand_detect 1920x1080 → OUT: detected=false landmarks=nil confidence=0
[2026-06-15 09:54:43] [face_detect] IN: face_detect → OUT: detected=false landmarks=nil roll=nil pitch=nil yaw=nil (6549ms)
[2026-06-15 09:54:43] [hand_detect] IN: hand_detect 1920x1080 → OUT: detected=false landmarks=nil confidence=0
[2026-06-15 09:54:43] [face_detect] IN: face_detect → OUT: detected=false landmarks=nil roll=nil pitch=nil yaw=nil (6770ms)
[2026-06-15 09:54:43] [hand_detect] IN: hand_detect 1920x1080 → OUT: detected=false landmarks=nil confidence=0
[2026-06-15 09:54:43] [face_detect] IN: face_detect → OUT: detected=false landmarks=nil roll=nil pitch=nil yaw=nil (6075ms)
[2026-06-15 09:54:43] [axScan] IN: windows=4 → OUT: raw=49 visible=6 [pid689=1 pid8084=3 pid685=1 pid690=1] (54ms)
[2026-06-15 09:54:43] [hand_detect] IN: hand_detect 1920x1080 → OUT: detected=false landmarks=nil confidence=0
[2026-06-15 09:54:43] [face_detect] IN: face_detect → OUT: detected=false landmarks=nil roll=nil pitch=nil yaw=nil (5228ms)
[2026-06-15 09:54:43] [hand_detect] IN: hand_detect 1920x1080 → OUT: detected=false landmarks=nil confidence=0
[2026-06-15 09:54:43] [face_detect] IN: face_detect → OUT: detected=false landmarks=nil roll=nil pitch=nil yaw=nil (5653ms)
[2026-06-15 09:54:43] [hand_detect] IN: hand_detect 1920x1080 → OUT: detected=false landmarks=nil confidence=0
[2026-06-15 09:54:43] [face_detect] IN: face_detect → OUT: detected=false landmarks=nil roll=nil pitch=nil yaw=nil (6296ms)
[2026-06-15 09:54:43] [hand_detect] IN: hand_detect 1920x1080 → OUT: detected=false landmarks=nil confidence=0
[2026-06-15 09:54:43] [face_detect] IN: face_detect → OUT: detected=false landmarks=nil roll=nil pitch=nil yaw=nil (6265ms)
[2026-06-15 09:54:43] [hand_detect] IN: hand_detect 1920x1080 → OUT: detected=false landmarks=nil confidence=0
[2026-06-15 09:54:43] [face_detect] IN: face_detect → OUT: detected=false landmarks=nil roll=nil pitch=nil yaw=nil (7446ms)
[2026-06-15 09:54:43] [hand_detect] IN: hand_detect 1920x1080 → OUT: detected=false landmarks=nil confidence=0
[2026-06-15 09:54:43] [face_detect] IN: face_detect → OUT: detected=false landmarks=nil roll=nil pitch=nil yaw=nil (6157ms)
[2026-06-15 09:54:44] [hand_detect] IN: hand_detect 1920x1080 → OUT: detected=false landmarks=nil confidence=0
[2026-06-15 09:54:44] [face_detect] IN: face_detect → OUT: detected=false landmarks=nil roll=nil pitch=nil yaw=nil (6698ms)
[2026-06-15 09:54:44] [hand_detect] IN: hand_detect 1920x1080 → OUT: detected=false landmarks=nil confidence=0
[2026-06-15 09:54:44] [face_detect] IN: face_detect → OUT: detected=false landmarks=nil roll=nil pitch=nil yaw=nil (6826ms)
[2026-06-15 09:54:44] [hand_detect] IN: hand_detect 1920x1080 → OUT: detected=false landmarks=nil confidence=0
[2026-06-15 09:54:44] [face_detect] IN: face_detect → OUT: detected=false landmarks=nil roll=nil pitch=nil yaw=nil (6963ms)
[2026-06-15 09:54:44] [hand_detect] IN: hand_detect 1920x1080 → OUT: detected=false landmarks=nil confidence=0
[2026-06-15 09:54:44] [face_detect] IN: face_detect → OUT: detected=false landmarks=nil roll=nil pitch=nil yaw=nil (7001ms)
[2026-06-15 09:54:44] [hand_detect] IN: hand_detect 1920x1080 → OUT: detected=false landmarks=nil confidence=0
[2026-06-15 09:54:44] [face_detect] IN: face_detect → OUT: detected=false landmarks=nil roll=nil pitch=nil yaw=nil (6211ms)
[2026-06-15 09:54:44] [hand_detect] IN: hand_detect 1920x1080 → OUT: detected=false landmarks=nil confidence=0
[2026-06-15 09:54:44] [face_detect] IN: face_detect → OUT: detected=false landmarks=nil roll=nil pitch=nil yaw=nil (6954ms)
[2026-06-15 09:54:44] [hand_detect] IN: hand_detect 1920x1080 → OUT: detected=false landmarks=nil confidence=0
[2026-06-15 09:54:44] [face_detect] IN: face_detect → OUT: detected=false landmarks=nil roll=nil pitch=nil yaw=nil (6474ms)
[2026-06-15 09:54:44] [hand_detect] IN: hand_detect 1920x1080 → OUT: detected=false landmarks=nil confidence=0
[2026-06-15 09:54:44] [face_detect] IN: face_detect → OUT: detected=false landmarks=nil roll=nil pitch=nil yaw=nil (6773ms)
[2026-06-15 09:54:44] [hand_detect] IN: hand_detect 1920x1080 → OUT: detected=false landmarks=nil confidence=0
[2026-06-15 09:54:44] [face_detect] IN: face_detect → OUT: detected=false landmarks=nil roll=nil pitch=nil yaw=nil (6353ms)
[2026-06-15 09:54:44] [axScan] IN: windows=4 → OUT: raw=49 visible=6 [pid690=1 pid689=1 pid685=1 pid8084=3] (53ms)
[2026-06-15 09:54:44] [hand_detect] IN: hand_detect 1920x1080 → OUT: detected=false landmarks=nil confidence=0
[2026-06-15 09:54:44] [face_detect] IN: face_detect → OUT: detected=false landmarks=nil roll=nil pitch=nil yaw=nil (5569ms)
[2026-06-15 09:54:44] [hand_detect] IN: hand_detect 1920x1080 → OUT: detected=false landmarks=nil confidence=0
[2026-06-15 09:54:44] [face_detect] IN: face_detect → OUT: detected=false landmarks=nil roll=nil pitch=nil yaw=nil (5856ms)
[2026-06-15 09:54:44] [hand_detect] IN: hand_detect 1920x1080 → OUT: detected=false landmarks=nil confidence=0
[2026-06-15 09:54:44] [face_detect] IN: face_detect → OUT: detected=false landmarks=nil roll=nil pitch=nil yaw=nil (6062ms)
[2026-06-15 09:54:44] [hand_detect] IN: hand_detect 1920x1080 → OUT: detected=false landmarks=nil confidence=0
[2026-06-15 09:54:44] [face_detect] IN: face_detect → OUT: detected=false landmarks=nil roll=nil pitch=nil yaw=nil (6500ms)
[2026-06-15 09:54:44] [hand_detect] IN: hand_detect 1920x1080 → OUT: detected=false landmarks=nil confidence=0
[2026-06-15 09:54:44] [face_detect] IN: face_detect → OUT: detected=false landmarks=nil roll=nil pitch=nil yaw=nil (7100ms)
[2026-06-15 09:54:44] [hand_detect] IN: hand_detect 1920x1080 → OUT: detected=false landmarks=nil confidence=0
[2026-06-15 09:54:44] [face_detect] IN: face_detect → OUT: detected=false landmarks=nil roll=nil pitch=nil yaw=nil (6013ms)
[2026-06-15 09:54:44] [hand_detect] IN: hand_detect 1920x1080 → OUT: detected=false landmarks=nil confidence=0
[2026-06-15 09:54:44] [face_detect] IN: face_detect → OUT: detected=false landmarks=nil roll=nil pitch=nil yaw=nil (6549ms)
[2026-06-15 09:54:44] [hand_detect] IN: hand_detect 1920x1080 → OUT: detected=false landmarks=nil confidence=0
[2026-06-15 09:54:44] [face_detect] IN: face_detect → OUT: detected=false landmarks=nil roll=nil pitch=nil yaw=nil (6022ms)
[2026-06-15 09:54:44] [hand_detect] IN: hand_detect 1920x1080 → OUT: detected=false landmarks=nil confidence=0
[2026-06-15 09:54:44] [face_detect] IN: face_detect → OUT: detected=false landmarks=nil roll=nil pitch=nil yaw=nil (6955ms)
[2026-06-15 09:54:44] [hand_detect] IN: hand_detect 1920x1080 → OUT: detected=false landmarks=nil confidence=0
[2026-06-15 09:54:44] [face_detect] IN: face_detect → OUT: detected=false landmarks=nil roll=nil pitch=nil yaw=nil (6963ms)
[2026-06-15 09:54:44] [hand_detect] IN: hand_detect 1920x1080 → OUT: detected=false landmarks=nil confidence=0
[2026-06-15 09:54:44] [face_detect] IN: face_detect → OUT: detected=false landmarks=nil roll=nil pitch=nil yaw=nil (6898ms)
[2026-06-15 09:54:44] [hand_detect] IN: hand_detect 1920x1080 → OUT: detected=false landmarks=nil confidence=0
[2026-06-15 09:54:44] [face_detect] IN: face_detect → OUT: detected=false landmarks=nil roll=nil pitch=nil yaw=nil (7691ms)
[2026-06-15 09:54:44] [hand_detect] IN: hand_detect 1920x1080 → OUT: detected=false landmarks=nil confidence=0
[2026-06-15 09:54:44] [face_detect] IN: face_detect → OUT: detected=false landmarks=nil roll=nil pitch=nil yaw=nil (6123ms)
[2026-06-15 09:54:44] [hand_detect] IN: hand_detect 1920x1080 → OUT: detected=false landmarks=nil confidence=0
[2026-06-15 09:54:44] [face_detect] IN: face_detect → OUT: detected=false landmarks=nil roll=nil pitch=nil yaw=nil (6078ms)
[2026-06-15 09:54:44] [axScan] IN: windows=4 → OUT: raw=49 visible=6 [pid8084=3 pid690=1 pid685=1 pid689=1] (57ms)
[2026-06-15 09:54:44] [hand_detect] IN: hand_detect 1920x1080 → OUT: detected=false landmarks=nil confidence=0
[2026-06-15 09:54:44] [face_detect] IN: face_detect → OUT: detected=false landmarks=nil roll=nil pitch=nil yaw=nil (4388ms)
[2026-06-15 09:54:44] [hand_detect] IN: hand_detect 1920x1080 → OUT: detected=false landmarks=nil confidence=0
[2026-06-15 09:54:44] [face_detect] IN: face_detect → OUT: detected=false landmarks=nil roll=nil pitch=nil yaw=nil (4902ms)
[2026-06-15 09:54:44] [hand_detect] IN: hand_detect 1920x1080 → OUT: detected=false landmarks=nil confidence=0
[2026-06-15 09:54:44] [face_detect] IN: face_detect → OUT: detected=false landmarks=nil roll=nil pitch=nil yaw=nil (4934ms)
[2026-06-15 09:54:44] [hand_detect] IN: hand_detect 1920x1080 → OUT: detected=false landmarks=nil confidence=0
[2026-06-15 09:54:44] [face_detect] IN: face_detect → OUT: detected=false landmarks=nil roll=nil pitch=nil yaw=nil (5509ms)
[2026-06-15 09:54:44] [hand_detect] IN: hand_detect 1920x1080 → OUT: detected=false landmarks=nil confidence=0
[2026-06-15 09:54:44] [face_detect] IN: face_detect → OUT: detected=false landmarks=nil roll=nil pitch=nil yaw=nil (5343ms)
[2026-06-15 09:54:44] [hand_detect] IN: hand_detect 1920x1080 → OUT: detected=false landmarks=nil confidence=0
[2026-06-15 09:54:44] [face_detect] IN: face_detect → OUT: detected=false landmarks=nil roll=nil pitch=nil yaw=nil (6073ms)
[2026-06-15 09:54:44] [hand_detect] IN: hand_detect 1920x1080 → OUT: detected=false landmarks=nil confidence=0
[2026-06-15 09:54:44] [face_detect] IN: face_detect → OUT: detected=false landmarks=nil roll=nil pitch=nil yaw=nil (6012ms)
[2026-06-15 09:54:45] [hand_detect] IN: hand_detect 1920x1080 → OUT: detected=false landmarks=nil confidence=0
[2026-06-15 09:54:45] [face_detect] IN: face_detect → OUT: detected=false landmarks=nil roll=nil pitch=nil yaw=nil (6641ms)
[2026-06-15 09:54:45] [hand_detect] IN: hand_detect 1920x1080 → OUT: detected=false landmarks=nil confidence=0
[2026-06-15 09:54:45] [face_detect] IN: face_detect → OUT: detected=false landmarks=nil roll=nil pitch=nil yaw=nil (6850ms)
[2026-06-15 09:54:45] [hand_detect] IN: hand_detect 1920x1080 → OUT: detected=false landmarks=nil confidence=0
[2026-06-15 09:54:45] [face_detect] IN: face_detect → OUT: detected=false landmarks=nil roll=nil pitch=nil yaw=nil (6841ms)
[2026-06-15 09:54:45] [hand_detect] IN: hand_detect 1920x1080 → OUT: detected=false landmarks=nil confidence=0
[2026-06-15 09:54:45] [face_detect] IN: face_detect → OUT: detected=false landmarks=nil roll=nil pitch=nil yaw=nil (6342ms)
[2026-06-15 09:54:45] [hand_detect] IN: hand_detect 1920x1080 → OUT: detected=false landmarks=nil confidence=0
[2026-06-15 09:54:45] [face_detect] IN: face_detect → OUT: detected=false landmarks=nil roll=nil pitch=nil yaw=nil (7336ms)
[2026-06-15 09:54:45] [hand_detect] IN: hand_detect 1920x1080 → OUT: detected=false landmarks=nil confidence=0
[2026-06-15 09:54:45] [face_detect] IN: face_detect → OUT: detected=false landmarks=nil roll=nil pitch=nil yaw=nil (6752ms)
[2026-06-15 09:54:45] [hand_detect] IN: hand_detect 1920x1080 → OUT: detected=false landmarks=nil confidence=0
[2026-06-15 09:54:45] [face_detect] IN: face_detect → OUT: detected=false landmarks=nil roll=nil pitch=nil yaw=nil (6549ms)
[2026-06-15 09:54:45] [hand_detect] IN: hand_detect 1920x1080 → OUT: detected=false landmarks=nil confidence=0
[2026-06-15 09:54:45] [face_detect] IN: face_detect → OUT: detected=false landmarks=nil roll=nil pitch=nil yaw=nil (6928ms)
[2026-06-15 09:54:45] [hand_detect] IN: hand_detect 1920x1080 → OUT: detected=false landmarks=nil confidence=0
[2026-06-15 09:54:45] [face_detect] IN: face_detect → OUT: detected=false landmarks=nil roll=nil pitch=nil yaw=nil (6623ms)
[2026-06-15 09:54:45] [axScan] IN: windows=4 → OUT: raw=49 visible=6 [pid685=1 pid690=1 pid8084=3 pid689=1] (57ms)
[2026-06-15 09:54:45] [hand_detect] IN: hand_detect 1920x1080 → OUT: detected=false landmarks=nil confidence=0
[2026-06-15 09:54:45] [face_detect] IN: face_detect → OUT: detected=false landmarks=nil roll=nil pitch=nil yaw=nil (5394ms)
[2026-06-15 09:54:45] [hand_detect] IN: hand_detect 1920x1080 → OUT: detected=false landmarks=nil confidence=0
[2026-06-15 09:54:45] [face_detect] IN: face_detect → OUT: detected=false landmarks=nil roll=nil pitch=nil yaw=nil (5517ms)
[2026-06-15 09:54:45] [hand_detect] IN: hand_detect 1920x1080 → OUT: detected=false landmarks=nil confidence=0
[2026-06-15 09:54:45] [face_detect] IN: face_detect → OUT: detected=false landmarks=nil roll=nil pitch=nil yaw=nil (5698ms)
[2026-06-15 09:54:45] [hand_detect] IN: hand_detect 1920x1080 → OUT: detected=false landmarks=nil confidence=0
[2026-06-15 09:54:45] [face_detect] IN: face_detect → OUT: detected=false landmarks=nil roll=nil pitch=nil yaw=nil (5616ms)
[2026-06-15 09:54:45] [hand_detect] IN: hand_detect 1920x1080 → OUT: detected=false landmarks=nil confidence=0
[2026-06-15 09:54:45] [face_detect] IN: face_detect → OUT: detected=false landmarks=nil roll=nil pitch=nil yaw=nil (6525ms)
[2026-06-15 09:54:45] [hand_detect] IN: hand_detect 1920x1080 → OUT: detected=false landmarks=nil confidence=0
[2026-06-15 09:54:45] [face_detect] IN: face_detect → OUT: detected=false landmarks=nil roll=nil pitch=nil yaw=nil (6735ms)
[2026-06-15 09:54:45] [hand_detect] IN: hand_detect 1920x1080 → OUT: detected=false landmarks=nil confidence=0
[2026-06-15 09:54:45] [face_detect] IN: face_detect → OUT: detected=false landmarks=nil roll=nil pitch=nil yaw=nil (6967ms)
[2026-06-15 09:54:45] [hand_detect] IN: hand_detect 1920x1080 → OUT: detected=false landmarks=nil confidence=0
[2026-06-15 09:54:45] [face_detect] IN: face_detect → OUT: detected=false landmarks=nil roll=nil pitch=nil yaw=nil (6540ms)
[2026-06-15 09:54:45] [hand_detect] IN: hand_detect 1920x1080 → OUT: detected=false landmarks=nil confidence=0
[2026-06-15 09:54:45] [face_detect] IN: face_detect → OUT: detected=false landmarks=nil roll=nil pitch=nil yaw=nil (7087ms)
[2026-06-15 09:54:45] [hand_detect] IN: hand_detect 1920x1080 → OUT: detected=false landmarks=nil confidence=0
[2026-06-15 09:54:45] [face_detect] IN: face_detect → OUT: detected=false landmarks=nil roll=nil pitch=nil yaw=nil (6394ms)
[2026-06-15 09:54:45] [hand_detect] IN: hand_detect 1920x1080 → OUT: detected=false landmarks=nil confidence=0
[2026-06-15 09:54:45] [face_detect] IN: face_detect → OUT: detected=false landmarks=nil roll=nil pitch=nil yaw=nil (6823ms)
[2026-06-15 09:54:45] [hand_detect] IN: hand_detect 1920x1080 → OUT: detected=false landmarks=nil confidence=0
[2026-06-15 09:54:45] [face_detect] IN: face_detect → OUT: detected=false landmarks=nil roll=nil pitch=nil yaw=nil (6595ms)
[2026-06-15 09:54:45] [hand_detect] IN: hand_detect 1920x1080 → OUT: detected=false landmarks=nil confidence=0
[2026-06-15 09:54:45] [face_detect] IN: face_detect → OUT: detected=false landmarks=nil roll=nil pitch=nil yaw=nil (6161ms)
[2026-06-15 09:54:45] [hand_detect] IN: hand_detect 1920x1080 → OUT: detected=false landmarks=nil confidence=0
[2026-06-15 09:54:45] [face_detect] IN: face_detect → OUT: detected=false landmarks=nil roll=nil pitch=nil yaw=nil (6450ms)
[2026-06-15 09:54:45] [hand_detect] IN: hand_detect 1920x1080 → OUT: detected=false landmarks=nil confidence=0
[2026-06-15 09:54:45] [face_detect] IN: face_detect → OUT: detected=false landmarks=nil roll=nil pitch=nil yaw=nil (6263ms)
[2026-06-15 09:54:45] [axScan] IN: windows=4 → OUT: raw=49 visible=6 [pid690=1 pid685=1 pid689=1 pid8084=3] (60ms)
[2026-06-15 09:54:45] [hand_detect] IN: hand_detect 1920x1080 → OUT: detected=false landmarks=nil confidence=0
[2026-06-15 09:54:45] [face_detect] IN: face_detect → OUT: detected=false landmarks=nil roll=nil pitch=nil yaw=nil (4947ms)
[2026-06-15 09:54:45] [hand_detect] IN: hand_detect 1920x1080 → OUT: detected=false landmarks=nil confidence=0
[2026-06-15 09:54:45] [face_detect] IN: face_detect → OUT: detected=false landmarks=nil roll=nil pitch=nil yaw=nil (5776ms)
[2026-06-15 09:54:45] [hand_detect] IN: hand_detect 1920x1080 → OUT: detected=false landmarks=nil confidence=0
[2026-06-15 09:54:45] [face_detect] IN: face_detect → OUT: detected=false landmarks=nil roll=nil pitch=nil yaw=nil (6119ms)
[2026-06-15 09:54:45] [hand_detect] IN: hand_detect 1920x1080 → OUT: detected=false landmarks=nil confidence=0
[2026-06-15 09:54:45] [face_detect] IN: face_detect → OUT: detected=false landmarks=nil roll=nil pitch=nil yaw=nil (5950ms)
[2026-06-15 09:54:45] [hand_detect] IN: hand_detect 1920x1080 → OUT: detected=false landmarks=nil confidence=0
[2026-06-15 09:54:45] [face_detect] IN: face_detect → OUT: detected=false landmarks=nil roll=nil pitch=nil yaw=nil (6523ms)
[2026-06-15 09:54:45] [hand_detect] IN: hand_detect 1920x1080 → OUT: detected=false landmarks=nil confidence=0
[2026-06-15 09:54:46] [face_detect] IN: face_detect → OUT: detected=false landmarks=nil roll=nil pitch=nil yaw=nil (6602ms)
[2026-06-15 09:54:46] [hand_detect] IN: hand_detect 1920x1080 → OUT: detected=false landmarks=nil confidence=0
[2026-06-15 09:54:46] [face_detect] IN: face_detect → OUT: detected=false landmarks=nil roll=nil pitch=nil yaw=nil (6399ms)
[2026-06-15 09:54:46] [hand_detect] IN: hand_detect 1920x1080 → OUT: detected=false landmarks=nil confidence=0
[2026-06-15 09:54:46] [face_detect] IN: face_detect → OUT: detected=false landmarks=nil roll=nil pitch=nil yaw=nil (6504ms)
[2026-06-15 09:54:46] [hand_detect] IN: hand_detect 1920x1080 → OUT: detected=false landmarks=nil confidence=0
[2026-06-15 09:54:46] [face_detect] IN: face_detect → OUT: detected=false landmarks=nil roll=nil pitch=nil yaw=nil (6626ms)
[2026-06-15 09:54:46] [hand_detect] IN: hand_detect 1920x1080 → OUT: detected=false landmarks=nil confidence=0
[2026-06-15 09:54:46] [face_detect] IN: face_detect → OUT: detected=false landmarks=nil roll=nil pitch=nil yaw=nil (6664ms)
[2026-06-15 09:54:46] [hand_detect] IN: hand_detect 1920x1080 → OUT: detected=false landmarks=nil confidence=0
[2026-06-15 09:54:46] [face_detect] IN: face_detect → OUT: detected=false landmarks=nil roll=nil pitch=nil yaw=nil (6312ms)
[2026-06-15 09:54:46] [hand_detect] IN: hand_detect 1920x1080 → OUT: detected=false landmarks=nil confidence=0
[2026-06-15 09:54:46] [face_detect] IN: face_detect → OUT: detected=false landmarks=nil roll=nil pitch=nil yaw=nil (6875ms)
[2026-06-15 09:54:46] [hand_detect] IN: hand_detect 1920x1080 → OUT: detected=false landmarks=nil confidence=0
[2026-06-15 09:54:46] [face_detect] IN: face_detect → OUT: detected=false landmarks=nil roll=nil pitch=nil yaw=nil (6321ms)
[2026-06-15 09:54:46] [hand_detect] IN: hand_detect 1920x1080 → OUT: detected=false landmarks=nil confidence=0
[2026-06-15 09:54:46] [face_detect] IN: face_detect → OUT: detected=false landmarks=nil roll=nil pitch=nil yaw=nil (6788ms)
[2026-06-15 09:54:46] [hand_detect] IN: hand_detect 1920x1080 → OUT: detected=false landmarks=nil confidence=0
[2026-06-15 09:54:46] [face_detect] IN: face_detect → OUT: detected=false landmarks=nil roll=nil pitch=nil yaw=nil (6142ms)
[2026-06-15 09:54:46] [axScan] IN: windows=4 → OUT: raw=49 visible=6 [pid8084=3 pid685=1 pid689=1 pid690=1] (50ms)
[2026-06-15 09:54:46] [hand_detect] IN: hand_detect 1920x1080 → OUT: detected=false landmarks=nil confidence=0
[2026-06-15 09:54:46] [face_detect] IN: face_detect → OUT: detected=false landmarks=nil roll=nil pitch=nil yaw=nil (5466ms)
[2026-06-15 09:54:46] [hand_detect] IN: hand_detect 1920x1080 → OUT: detected=false landmarks=nil confidence=0
[2026-06-15 09:54:46] [face_detect] IN: face_detect → OUT: detected=false landmarks=nil roll=nil pitch=nil yaw=nil (5575ms)
[2026-06-15 09:54:46] [hand_detect] IN: hand_detect 1920x1080 → OUT: detected=false landmarks=nil confidence=0
[2026-06-15 09:54:46] [face_detect] IN: face_detect → OUT: detected=false landmarks=nil roll=nil pitch=nil yaw=nil (5993ms)
[2026-06-15 09:54:46] [hand_detect] IN: hand_detect 1920x1080 → OUT: detected=false landmarks=nil confidence=0
[2026-06-15 09:54:46] [face_detect] IN: face_detect → OUT: detected=false landmarks=nil roll=nil pitch=nil yaw=nil (6502ms)
[2026-06-15 09:54:46] [hand_detect] IN: hand_detect 1920x1080 → OUT: detected=false landmarks=nil confidence=0
[2026-06-15 09:54:46] [face_detect] IN: face_detect → OUT: detected=false landmarks=nil roll=nil pitch=nil yaw=nil (6103ms)
[2026-06-15 09:54:46] [hand_detect] IN: hand_detect 1920x1080 → OUT: detected=false landmarks=nil confidence=0
[2026-06-15 09:54:46] [face_detect] IN: face_detect → OUT: detected=false landmarks=nil roll=nil pitch=nil yaw=nil (6617ms)
[2026-06-15 09:54:46] [hand_detect] IN: hand_detect 1920x1080 → OUT: detected=false landmarks=nil confidence=0
[2026-06-15 09:54:46] [face_detect] IN: face_detect → OUT: detected=false landmarks=nil roll=nil pitch=nil yaw=nil (6496ms)
[2026-06-15 09:54:46] [hand_detect] IN: hand_detect 1920x1080 → OUT: detected=false landmarks=nil confidence=0
[2026-06-15 09:54:46] [face_detect] IN: face_detect → OUT: detected=false landmarks=nil roll=nil pitch=nil yaw=nil (6294ms)
[2026-06-15 09:54:46] [hand_detect] IN: hand_detect 1920x1080 → OUT: detected=false landmarks=nil confidence=0
[2026-06-15 09:54:46] [face_detect] IN: face_detect → OUT: detected=false landmarks=nil roll=nil pitch=nil yaw=nil (6361ms)
[2026-06-15 09:54:46] [hand_detect] IN: hand_detect 1920x1080 → OUT: detected=false landmarks=nil confidence=0
[2026-06-15 09:54:46] [face_detect] IN: face_detect → OUT: detected=false landmarks=nil roll=nil pitch=nil yaw=nil (6568ms)
[2026-06-15 09:54:46] [hand_detect] IN: hand_detect 1920x1080 → OUT: detected=false landmarks=nil confidence=0
[2026-06-15 09:54:46] [face_detect] IN: face_detect → OUT: detected=false landmarks=nil roll=nil pitch=nil yaw=nil (6510ms)
[2026-06-15 09:54:46] [hand_detect] IN: hand_detect 1920x1080 → OUT: detected=false landmarks=nil confidence=0
[2026-06-15 09:54:46] [face_detect] IN: face_detect → OUT: detected=false landmarks=nil roll=nil pitch=nil yaw=nil (6503ms)
[2026-06-15 09:54:46] [hand_detect] IN: hand_detect 1920x1080 → OUT: detected=false landmarks=nil confidence=0
[2026-06-15 09:54:46] [face_detect] IN: face_detect → OUT: detected=false landmarks=nil roll=nil pitch=nil yaw=nil (6900ms)
[2026-06-15 09:54:46] [hand_detect] IN: hand_detect 1920x1080 → OUT: detected=false landmarks=nil confidence=0
[2026-06-15 09:54:46] [face_detect] IN: face_detect → OUT: detected=false landmarks=nil roll=nil pitch=nil yaw=nil (6124ms)
[2026-06-15 09:54:46] [hand_detect] IN: hand_detect 1920x1080 → OUT: detected=false landmarks=nil confidence=0
[2026-06-15 09:54:46] [face_detect] IN: face_detect → OUT: detected=false landmarks=nil roll=nil pitch=nil yaw=nil (5875ms)
[2026-06-15 09:54:46] [axScan] IN: windows=4 → OUT: raw=49 visible=6 [pid690=1 pid685=1 pid689=1 pid8084=3] (55ms)
[2026-06-15 09:54:46] [hand_detect] IN: hand_detect 1920x1080 → OUT: detected=false landmarks=nil confidence=0
[2026-06-15 09:54:46] [face_detect] IN: face_detect → OUT: detected=false landmarks=nil roll=nil pitch=nil yaw=nil (5627ms)
[2026-06-15 09:54:46] [hand_detect] IN: hand_detect 1920x1080 → OUT: detected=false landmarks=nil confidence=0
[2026-06-15 09:54:46] [face_detect] IN: face_detect → OUT: detected=false landmarks=nil roll=nil pitch=nil yaw=nil (5797ms)
[2026-06-15 09:54:46] [hand_detect] IN: hand_detect 1920x1080 → OUT: detected=false landmarks=nil confidence=0
[2026-06-15 09:54:46] [face_detect] IN: face_detect → OUT: detected=false landmarks=nil roll=nil pitch=nil yaw=nil (6400ms)
[2026-06-15 09:54:46] [hand_detect] IN: hand_detect 1920x1080 → OUT: detected=false landmarks=nil confidence=0
[2026-06-15 09:54:46] [face_detect] IN: face_detect → OUT: detected=false landmarks=nil roll=nil pitch=nil yaw=nil (6550ms)
[2026-06-15 09:54:46] [hand_detect] IN: hand_detect 1920x1080 → OUT: detected=false landmarks=nil confidence=0
[2026-06-15 09:54:46] [face_detect] IN: face_detect → OUT: detected=false landmarks=nil roll=nil pitch=nil yaw=nil (7049ms)
[2026-06-15 09:54:46] [hand_detect] IN: hand_detect 1920x1080 → OUT: detected=false landmarks=nil confidence=0
[2026-06-15 09:54:46] [face_detect] IN: face_detect → OUT: detected=false landmarks=nil roll=nil pitch=nil yaw=nil (6667ms)
[2026-06-15 09:54:47] [hand_detect] IN: hand_detect 1920x1080 → OUT: detected=false landmarks=nil confidence=0
[2026-06-15 09:54:47] [face_detect] IN: face_detect → OUT: detected=false landmarks=nil roll=nil pitch=nil yaw=nil (7063ms)
[2026-06-15 09:54:47] [hand_detect] IN: hand_detect 1920x1080 → OUT: detected=false landmarks=nil confidence=0
[2026-06-15 09:54:47] [face_detect] IN: face_detect → OUT: detected=false landmarks=nil roll=nil pitch=nil yaw=nil (7219ms)
[2026-06-15 09:54:47] [hand_detect] IN: hand_detect 1920x1080 → OUT: detected=false landmarks=nil confidence=0
[2026-06-15 09:54:47] [face_detect] IN: face_detect → OUT: detected=false landmarks=nil roll=nil pitch=nil yaw=nil (6421ms)
[2026-06-15 09:54:47] [hand_detect] IN: hand_detect 1920x1080 → OUT: detected=false landmarks=nil confidence=0
[2026-06-15 09:54:47] [face_detect] IN: face_detect → OUT: detected=false landmarks=nil roll=nil pitch=nil yaw=nil (6623ms)
[2026-06-15 09:54:47] [hand_detect] IN: hand_detect 1920x1080 → OUT: detected=false landmarks=nil confidence=0
[2026-06-15 09:54:47] [face_detect] IN: face_detect → OUT: detected=false landmarks=nil roll=nil pitch=nil yaw=nil (6358ms)
[2026-06-15 09:54:47] [hand_detect] IN: hand_detect 1920x1080 → OUT: detected=false landmarks=nil confidence=0
[2026-06-15 09:54:47] [face_detect] IN: face_detect → OUT: detected=false landmarks=nil roll=nil pitch=nil yaw=nil (6860ms)
[2026-06-15 09:54:47] [hand_detect] IN: hand_detect 1920x1080 → OUT: detected=false landmarks=nil confidence=0
[2026-06-15 09:54:47] [face_detect] IN: face_detect → OUT: detected=false landmarks=nil roll=nil pitch=nil yaw=nil (6605ms)
[2026-06-15 09:54:47] [hand_detect] IN: hand_detect 1920x1080 → OUT: detected=false landmarks=nil confidence=0
[2026-06-15 09:54:47] [face_detect] IN: face_detect → OUT: detected=false landmarks=nil roll=nil pitch=nil yaw=nil (6299ms)
[2026-06-15 09:54:47] [hand_detect] IN: hand_detect 1920x1080 → OUT: detected=false landmarks=nil confidence=0
[2026-06-15 09:54:47] [face_detect] IN: face_detect → OUT: detected=false landmarks=nil roll=nil pitch=nil yaw=nil (5992ms)
[2026-06-15 09:54:47] [axScan] IN: windows=4 → OUT: raw=49 visible=6 [pid690=1 pid685=1 pid689=1 pid8084=3] (45ms)
[2026-06-15 09:54:47] [hand_detect] IN: hand_detect 1920x1080 → OUT: detected=false landmarks=nil confidence=0
[2026-06-15 09:54:47] [face_detect] IN: face_detect → OUT: detected=false landmarks=nil roll=nil pitch=nil yaw=nil (5607ms)
[2026-06-15 09:54:47] [hand_detect] IN: hand_detect 1920x1080 → OUT: detected=false landmarks=nil confidence=0
[2026-06-15 09:54:47] [face_detect] IN: face_detect → OUT: detected=false landmarks=nil roll=nil pitch=nil yaw=nil (5722ms)
[2026-06-15 09:54:47] [hand_detect] IN: hand_detect 1920x1080 → OUT: detected=false landmarks=nil confidence=0
[2026-06-15 09:54:47] [face_detect] IN: face_detect → OUT: detected=false landmarks=nil roll=nil pitch=nil yaw=nil (6185ms)
[2026-06-15 09:54:47] [hand_detect] IN: hand_detect 1920x1080 → OUT: detected=false landmarks=nil confidence=0
[2026-06-15 09:54:47] [face_detect] IN: face_detect → OUT: detected=false landmarks=nil roll=nil pitch=nil yaw=nil (7040ms)
[2026-06-15 09:54:47] [hand_detect] IN: hand_detect 1920x1080 → OUT: detected=false landmarks=nil confidence=0
[2026-06-15 09:54:47] [face_detect] IN: face_detect → OUT: detected=false landmarks=nil roll=nil pitch=nil yaw=nil (6188ms)
[2026-06-15 09:54:47] [hand_detect] IN: hand_detect 1920x1080 → OUT: detected=false landmarks=nil confidence=0
[2026-06-15 09:54:47] [face_detect] IN: face_detect → OUT: detected=false landmarks=nil roll=nil pitch=nil yaw=nil (7179ms)
[2026-06-15 09:54:47] [hand_detect] IN: hand_detect 1920x1080 → OUT: detected=false landmarks=nil confidence=0
[2026-06-15 09:54:47] [face_detect] IN: face_detect → OUT: detected=false landmarks=nil roll=nil pitch=nil yaw=nil (6132ms)
[2026-06-15 09:54:47] [hand_detect] IN: hand_detect 1920x1080 → OUT: detected=false landmarks=nil confidence=0
[2026-06-15 09:54:47] [face_detect] IN: face_detect → OUT: detected=false landmarks=nil roll=nil pitch=nil yaw=nil (6630ms)
[2026-06-15 09:54:47] [hand_detect] IN: hand_detect 1920x1080 → OUT: detected=false landmarks=nil confidence=0
[2026-06-15 09:54:47] [face_detect] IN: face_detect → OUT: detected=false landmarks=nil roll=nil pitch=nil yaw=nil (7009ms)
[2026-06-15 09:54:47] [hand_detect] IN: hand_detect 1920x1080 → OUT: detected=false landmarks=nil confidence=0
[2026-06-15 09:54:47] [face_detect] IN: face_detect → OUT: detected=false landmarks=nil roll=nil pitch=nil yaw=nil (6368ms)
[2026-06-15 09:54:47] [hand_detect] IN: hand_detect 1920x1080 → OUT: detected=false landmarks=nil confidence=0
[2026-06-15 09:54:47] [face_detect] IN: face_detect → OUT: detected=false landmarks=nil roll=nil pitch=nil yaw=nil (6047ms)
[2026-06-15 09:54:47] [hand_detect] IN: hand_detect 1920x1080 → OUT: detected=false landmarks=nil confidence=0
[2026-06-15 09:54:47] [face_detect] IN: face_detect → OUT: detected=false landmarks=nil roll=nil pitch=nil yaw=nil (7743ms)
[2026-06-15 09:54:47] [hand_detect] IN: hand_detect 1920x1080 → OUT: detected=false landmarks=nil confidence=0
[2026-06-15 09:54:47] [face_detect] IN: face_detect → OUT: detected=false landmarks=nil roll=nil pitch=nil yaw=nil (5949ms)
[2026-06-15 09:54:47] [hand_detect] IN: hand_detect 1920x1080 → OUT: detected=false landmarks=nil confidence=0
[2026-06-15 09:54:47] [face_detect] IN: face_detect → OUT: detected=false landmarks=nil roll=nil pitch=nil yaw=nil (6624ms)
[2026-06-15 09:54:47] [hand_detect] IN: hand_detect 1920x1080 → OUT: detected=false landmarks=nil confidence=0
[2026-06-15 09:54:47] [face_detect] IN: face_detect → OUT: detected=false landmarks=nil roll=nil pitch=nil yaw=nil (6154ms)
[2026-06-15 09:54:47] [axScan] IN: windows=4 → OUT: raw=49 visible=6 [pid690=1 pid689=1 pid685=1 pid8084=3] (53ms)
[2026-06-15 09:54:47] [hand_detect] IN: hand_detect 1920x1080 → OUT: detected=false landmarks=nil confidence=0
[2026-06-15 09:54:47] [face_detect] IN: face_detect → OUT: detected=false landmarks=nil roll=nil pitch=nil yaw=nil (5958ms)
[2026-06-15 09:54:47] [hand_detect] IN: hand_detect 1920x1080 → OUT: detected=false landmarks=nil confidence=0
[2026-06-15 09:54:47] [face_detect] IN: face_detect → OUT: detected=false landmarks=nil roll=nil pitch=nil yaw=nil (5687ms)
[2026-06-15 09:54:47] [hand_detect] IN: hand_detect 1920x1080 → OUT: detected=false landmarks=nil confidence=0
[2026-06-15 09:54:47] [face_detect] IN: face_detect → OUT: detected=false landmarks=nil roll=nil pitch=nil yaw=nil (6353ms)
[2026-06-15 09:54:47] [hand_detect] IN: hand_detect 1920x1080 → OUT: detected=false landmarks=nil confidence=0
[2026-06-15 09:54:47] [face_detect] IN: face_detect → OUT: detected=false landmarks=nil roll=nil pitch=nil yaw=nil (6096ms)
[2026-06-15 09:54:47] [hand_detect] IN: hand_detect 1920x1080 → OUT: detected=false landmarks=nil confidence=0
[2026-06-15 09:54:47] [face_detect] IN: face_detect → OUT: detected=false landmarks=nil roll=nil pitch=nil yaw=nil (7017ms)
[2026-06-15 09:54:47] [hand_detect] IN: hand_detect 1920x1080 → OUT: detected=false landmarks=nil confidence=0
[2026-06-15 09:54:48] [face_detect] IN: face_detect → OUT: detected=false landmarks=nil roll=nil pitch=nil yaw=nil (6802ms)
[2026-06-15 09:54:48] [hand_detect] IN: hand_detect 1920x1080 → OUT: detected=false landmarks=nil confidence=0
[2026-06-15 09:54:48] [face_detect] IN: face_detect → OUT: detected=false landmarks=nil roll=nil pitch=nil yaw=nil (6205ms)
[2026-06-15 09:54:48] [hand_detect] IN: hand_detect 1920x1080 → OUT: detected=false landmarks=nil confidence=0
[2026-06-15 09:54:48] [face_detect] IN: face_detect → OUT: detected=false landmarks=nil roll=nil pitch=nil yaw=nil (6605ms)
[2026-06-15 09:54:48] [hand_detect] IN: hand_detect 1920x1080 → OUT: detected=false landmarks=nil confidence=0
[2026-06-15 09:54:48] [face_detect] IN: face_detect → OUT: detected=false landmarks=nil roll=nil pitch=nil yaw=nil (6736ms)
[2026-06-15 09:54:48] [hand_detect] IN: hand_detect 1920x1080 → OUT: detected=false landmarks=nil confidence=0
[2026-06-15 09:54:48] [face_detect] IN: face_detect → OUT: detected=false landmarks=nil roll=nil pitch=nil yaw=nil (6690ms)
[2026-06-15 09:54:48] [hand_detect] IN: hand_detect 1920x1080 → OUT: detected=false landmarks=nil confidence=0
[2026-06-15 09:54:48] [face_detect] IN: face_detect → OUT: detected=false landmarks=nil roll=nil pitch=nil yaw=nil (7034ms)
[2026-06-15 09:54:48] [hand_detect] IN: hand_detect 1920x1080 → OUT: detected=false landmarks=nil confidence=0
[2026-06-15 09:54:48] [face_detect] IN: face_detect → OUT: detected=false landmarks=nil roll=nil pitch=nil yaw=nil (7009ms)
[2026-06-15 09:54:48] [hand_detect] IN: hand_detect 1920x1080 → OUT: detected=false landmarks=nil confidence=0
[2026-06-15 09:54:48] [face_detect] IN: face_detect → OUT: detected=false landmarks=nil roll=nil pitch=nil yaw=nil (7200ms)
[2026-06-15 09:54:48] [hand_detect] IN: hand_detect 1920x1080 → OUT: detected=false landmarks=nil confidence=0
[2026-06-15 09:54:48] [face_detect] IN: face_detect → OUT: detected=false landmarks=nil roll=nil pitch=nil yaw=nil (7215ms)
[2026-06-15 09:54:48] [hand_detect] IN: hand_detect 1920x1080 → OUT: detected=false landmarks=nil confidence=0
[2026-06-15 09:54:48] [face_detect] IN: face_detect → OUT: detected=false landmarks=nil roll=nil pitch=nil yaw=nil (6018ms)
[2026-06-15 09:54:48] [axScan] IN: windows=4 → OUT: raw=49 visible=6 [pid685=1 pid690=1 pid689=1 pid8084=3] (57ms)
[2026-06-15 09:54:48] [hand_detect] IN: hand_detect 1920x1080 → OUT: detected=false landmarks=nil confidence=0
[2026-06-15 09:54:48] [face_detect] IN: face_detect → OUT: detected=false landmarks=nil roll=nil pitch=nil yaw=nil (5701ms)
[2026-06-15 09:54:48] [hand_detect] IN: hand_detect 1920x1080 → OUT: detected=false landmarks=nil confidence=0
[2026-06-15 09:54:48] [face_detect] IN: face_detect → OUT: detected=false landmarks=nil roll=nil pitch=nil yaw=nil (5715ms)
[2026-06-15 09:54:48] [hand_detect] IN: hand_detect 1920x1080 → OUT: detected=false landmarks=nil confidence=0
[2026-06-15 09:54:48] [face_detect] IN: face_detect → OUT: detected=false landmarks=nil roll=nil pitch=nil yaw=nil (5779ms)
[2026-06-15 09:54:48] [hand_detect] IN: hand_detect 1920x1080 → OUT: detected=false landmarks=nil confidence=0
[2026-06-15 09:54:48] [face_detect] IN: face_detect → OUT: detected=false landmarks=nil roll=nil pitch=nil yaw=nil (6237ms)
[2026-06-15 09:54:48] [hand_detect] IN: hand_detect 1920x1080 → OUT: detected=false landmarks=nil confidence=0
[2026-06-15 09:54:48] [face_detect] IN: face_detect → OUT: detected=false landmarks=nil roll=nil pitch=nil yaw=nil (7470ms)
[2026-06-15 09:54:48] [hand_detect] IN: hand_detect 1920x1080 → OUT: detected=false landmarks=nil confidence=0
[2026-06-15 09:54:48] [face_detect] IN: face_detect → OUT: detected=false landmarks=nil roll=nil pitch=nil yaw=nil (6855ms)
[2026-06-15 09:54:48] [hand_detect] IN: hand_detect 1920x1080 → OUT: detected=false landmarks=nil confidence=0
[2026-06-15 09:54:48] [face_detect] IN: face_detect → OUT: detected=false landmarks=nil roll=nil pitch=nil yaw=nil (6809ms)
[2026-06-15 09:54:48] [hand_detect] IN: hand_detect 1920x1080 → OUT: detected=false landmarks=nil confidence=0
[2026-06-15 09:54:48] [face_detect] IN: face_detect → OUT: detected=false landmarks=nil roll=nil pitch=nil yaw=nil (6954ms)
[2026-06-15 09:54:48] [hand_detect] IN: hand_detect 1920x1080 → OUT: detected=false landmarks=nil confidence=0
[2026-06-15 09:54:48] [face_detect] IN: face_detect → OUT: detected=false landmarks=nil roll=nil pitch=nil yaw=nil (7220ms)
[2026-06-15 09:54:48] [hand_detect] IN: hand_detect 1920x1080 → OUT: detected=false landmarks=nil confidence=0
[2026-06-15 09:54:48] [face_detect] IN: face_detect → OUT: detected=false landmarks=nil roll=nil pitch=nil yaw=nil (6305ms)
[2026-06-15 09:54:48] [hand_detect] IN: hand_detect 1920x1080 → OUT: detected=false landmarks=nil confidence=0
[2026-06-15 09:54:48] [face_detect] IN: face_detect → OUT: detected=false landmarks=nil roll=nil pitch=nil yaw=nil (6186ms)
[2026-06-15 09:54:48] [hand_detect] IN: hand_detect 1920x1080 → OUT: detected=false landmarks=nil confidence=0
[2026-06-15 09:54:48] [face_detect] IN: face_detect → OUT: detected=false landmarks=nil roll=nil pitch=nil yaw=nil (5979ms)
[2026-06-15 09:54:48] [hand_detect] IN: hand_detect 1920x1080 → OUT: detected=false landmarks=nil confidence=0
[2026-06-15 09:54:48] [face_detect] IN: face_detect → OUT: detected=false landmarks=nil roll=nil pitch=nil yaw=nil (6726ms)
[2026-06-15 09:54:48] [hand_detect] IN: hand_detect 1920x1080 → OUT: detected=false landmarks=nil confidence=0
[2026-06-15 09:54:48] [face_detect] IN: face_detect → OUT: detected=false landmarks=nil roll=nil pitch=nil yaw=nil (6492ms)
[2026-06-15 09:54:48] [hand_detect] IN: hand_detect 1920x1080 → OUT: detected=false landmarks=nil confidence=0
[2026-06-15 09:54:48] [face_detect] IN: face_detect → OUT: detected=false landmarks=nil roll=nil pitch=nil yaw=nil (6453ms)
[2026-06-15 09:54:48] [axScan] IN: windows=4 → OUT: raw=49 visible=6 [pid8084=3 pid690=1 pid685=1 pid689=1] (56ms)
[2026-06-15 09:54:48] [hand_detect] IN: hand_detect 1920x1080 → OUT: detected=false landmarks=nil confidence=0
[2026-06-15 09:54:48] [face_detect] IN: face_detect → OUT: detected=false landmarks=nil roll=nil pitch=nil yaw=nil (5853ms)
[2026-06-15 09:54:48] [hand_detect] IN: hand_detect 1920x1080 → OUT: detected=false landmarks=nil confidence=0
[2026-06-15 09:54:48] [face_detect] IN: face_detect → OUT: detected=false landmarks=nil roll=nil pitch=nil yaw=nil (5463ms)
[2026-06-15 09:54:48] [hand_detect] IN: hand_detect 1920x1080 → OUT: detected=false landmarks=nil confidence=0
[2026-06-15 09:54:48] [face_detect] IN: face_detect → OUT: detected=false landmarks=nil roll=nil pitch=nil yaw=nil (7145ms)
[2026-06-15 09:54:48] [hand_detect] IN: hand_detect 1920x1080 → OUT: detected=false landmarks=nil confidence=0
[2026-06-15 09:54:48] [face_detect] IN: face_detect → OUT: detected=false landmarks=nil roll=nil pitch=nil yaw=nil (6042ms)
[2026-06-15 09:54:48] [hand_detect] IN: hand_detect 1920x1080 → OUT: detected=false landmarks=nil confidence=0
[2026-06-15 09:54:48] [face_detect] IN: face_detect → OUT: detected=false landmarks=nil roll=nil pitch=nil yaw=nil (5823ms)
[2026-06-15 09:54:48] [hand_detect] IN: hand_detect 1920x1080 → OUT: detected=false landmarks=nil confidence=0
[2026-06-15 09:54:48] [face_detect] IN: face_detect → OUT: detected=false landmarks=nil roll=nil pitch=nil yaw=nil (6920ms)
[2026-06-15 09:54:49] [hand_detect] IN: hand_detect 1920x1080 → OUT: detected=false landmarks=nil confidence=0
[2026-06-15 09:54:49] [face_detect] IN: face_detect → OUT: detected=false landmarks=nil roll=nil pitch=nil yaw=nil (7279ms)
[2026-06-15 09:54:49] [hand_detect] IN: hand_detect 1920x1080 → OUT: detected=false landmarks=nil confidence=0
[2026-06-15 09:54:49] [face_detect] IN: face_detect → OUT: detected=false landmarks=nil roll=nil pitch=nil yaw=nil (6215ms)
[2026-06-15 09:54:49] [hand_detect] IN: hand_detect 1920x1080 → OUT: detected=false landmarks=nil confidence=0
[2026-06-15 09:54:49] [face_detect] IN: face_detect → OUT: detected=false landmarks=nil roll=nil pitch=nil yaw=nil (6427ms)
[2026-06-15 09:54:49] [hand_detect] IN: hand_detect 1920x1080 → OUT: detected=false landmarks=nil confidence=0
[2026-06-15 09:54:49] [face_detect] IN: face_detect → OUT: detected=false landmarks=nil roll=nil pitch=nil yaw=nil (6887ms)
[2026-06-15 09:54:49] [hand_detect] IN: hand_detect 1920x1080 → OUT: detected=false landmarks=nil confidence=0
[2026-06-15 09:54:49] [face_detect] IN: face_detect → OUT: detected=false landmarks=nil roll=nil pitch=nil yaw=nil (7915ms)
[2026-06-15 09:54:49] [hand_detect] IN: hand_detect 1920x1080 → OUT: detected=false landmarks=nil confidence=0
[2026-06-15 09:54:49] [face_detect] IN: face_detect → OUT: detected=false landmarks=nil roll=nil pitch=nil yaw=nil (6242ms)
[2026-06-15 09:54:49] [hand_detect] IN: hand_detect 1920x1080 → OUT: detected=false landmarks=nil confidence=0
[2026-06-15 09:54:49] [face_detect] IN: face_detect → OUT: detected=false landmarks=nil roll=nil pitch=nil yaw=nil (6958ms)
[2026-06-15 09:54:49] [hand_detect] IN: hand_detect 1920x1080 → OUT: detected=false landmarks=nil confidence=0
[2026-06-15 09:54:49] [face_detect] IN: face_detect → OUT: detected=false landmarks=nil roll=nil pitch=nil yaw=nil (6564ms)
[2026-06-15 09:54:49] [hand_detect] IN: hand_detect 1920x1080 → OUT: detected=false landmarks=nil confidence=0
[2026-06-15 09:54:49] [face_detect] IN: face_detect → OUT: detected=false landmarks=nil roll=nil pitch=nil yaw=nil (6701ms)
[2026-06-15 09:54:49] [axScan] IN: windows=4 → OUT: raw=49 visible=6 [pid685=1 pid690=1 pid689=1 pid8084=3] (54ms)
[2026-06-15 09:54:49] [hand_detect] IN: hand_detect 1920x1080 → OUT: detected=false landmarks=nil confidence=0
[2026-06-15 09:54:49] [face_detect] IN: face_detect → OUT: detected=false landmarks=nil roll=nil pitch=nil yaw=nil (5646ms)
[2026-06-15 09:54:49] [hand_detect] IN: hand_detect 1920x1080 → OUT: detected=false landmarks=nil confidence=0
[2026-06-15 09:54:49] [face_detect] IN: face_detect → OUT: detected=false landmarks=nil roll=nil pitch=nil yaw=nil (5764ms)
[2026-06-15 09:54:49] [hand_detect] IN: hand_detect 1920x1080 → OUT: detected=false landmarks=nil confidence=0
[2026-06-15 09:54:49] [face_detect] IN: face_detect → OUT: detected=false landmarks=nil roll=nil pitch=nil yaw=nil (6110ms)
[2026-06-15 09:54:49] [hand_detect] IN: hand_detect 1920x1080 → OUT: detected=false landmarks=nil confidence=0
[2026-06-15 09:54:49] [face_detect] IN: face_detect → OUT: detected=false landmarks=nil roll=nil pitch=nil yaw=nil (6839ms)
[2026-06-15 09:54:49] [hand_detect] IN: hand_detect 1920x1080 → OUT: detected=false landmarks=nil confidence=0
[2026-06-15 09:54:49] [face_detect] IN: face_detect → OUT: detected=false landmarks=nil roll=nil pitch=nil yaw=nil (6788ms)
[2026-06-15 09:54:49] [hand_detect] IN: hand_detect 1920x1080 → OUT: detected=false landmarks=nil confidence=0
[2026-06-15 09:54:49] [face_detect] IN: face_detect → OUT: detected=false landmarks=nil roll=nil pitch=nil yaw=nil (6539ms)
[2026-06-15 09:54:49] [hand_detect] IN: hand_detect 1920x1080 → OUT: detected=false landmarks=nil confidence=0
[2026-06-15 09:54:49] [face_detect] IN: face_detect → OUT: detected=false landmarks=nil roll=nil pitch=nil yaw=nil (6361ms)
[2026-06-15 09:54:49] [hand_detect] IN: hand_detect 1920x1080 → OUT: detected=false landmarks=nil confidence=0
[2026-06-15 09:54:49] [face_detect] IN: face_detect → OUT: detected=false landmarks=nil roll=nil pitch=nil yaw=nil (7369ms)
[2026-06-15 09:54:49] [hand_detect] IN: hand_detect 1920x1080 → OUT: detected=false landmarks=nil confidence=0
[2026-06-15 09:54:49] [face_detect] IN: face_detect → OUT: detected=false landmarks=nil roll=nil pitch=nil yaw=nil (7491ms)
[2026-06-15 09:54:49] [hand_detect] IN: hand_detect 1920x1080 → OUT: detected=false landmarks=nil confidence=0
[2026-06-15 09:54:49] [face_detect] IN: face_detect → OUT: detected=false landmarks=nil roll=nil pitch=nil yaw=nil (6531ms)
[2026-06-15 09:54:49] [hand_detect] IN: hand_detect 1920x1080 → OUT: detected=false landmarks=nil confidence=0
[2026-06-15 09:54:49] [face_detect] IN: face_detect → OUT: detected=false landmarks=nil roll=nil pitch=nil yaw=nil (6569ms)
[2026-06-15 09:54:49] [hand_detect] IN: hand_detect 1920x1080 → OUT: detected=false landmarks=nil confidence=0
[2026-06-15 09:54:49] [face_detect] IN: face_detect → OUT: detected=false landmarks=nil roll=nil pitch=nil yaw=nil (7306ms)
[2026-06-15 09:54:49] [hand_detect] IN: hand_detect 1920x1080 → OUT: detected=false landmarks=nil confidence=0
[2026-06-15 09:54:49] [face_detect] IN: face_detect → OUT: detected=false landmarks=nil roll=nil pitch=nil yaw=nil (6425ms)
[2026-06-15 09:54:49] [hand_detect] IN: hand_detect 1920x1080 → OUT: detected=false landmarks=nil confidence=0
[2026-06-15 09:54:49] [face_detect] IN: face_detect → OUT: detected=false landmarks=nil roll=nil pitch=nil yaw=nil (6712ms)
[2026-06-15 09:54:49] [hand_detect] IN: hand_detect 1920x1080 → OUT: detected=false landmarks=nil confidence=0
[2026-06-15 09:54:49] [face_detect] IN: face_detect → OUT: detected=false landmarks=nil roll=nil pitch=nil yaw=nil (6362ms)
[2026-06-15 09:54:49] [axScan] IN: windows=4 → OUT: raw=49 visible=6 [pid685=1 pid8084=3 pid690=1 pid689=1] (54ms)
[2026-06-15 09:54:49] [hand_detect] IN: hand_detect 1920x1080 → OUT: detected=false landmarks=nil confidence=0
[2026-06-15 09:54:49] [face_detect] IN: face_detect → OUT: detected=false landmarks=nil roll=nil pitch=nil yaw=nil (5550ms)
[2026-06-15 09:54:49] [hand_detect] IN: hand_detect 1920x1080 → OUT: detected=false landmarks=nil confidence=0
[2026-06-15 09:54:49] [face_detect] IN: face_detect → OUT: detected=false landmarks=nil roll=nil pitch=nil yaw=nil (5578ms)
[2026-06-15 09:54:49] [hand_detect] IN: hand_detect 1920x1080 → OUT: detected=false landmarks=nil confidence=0
[2026-06-15 09:54:49] [face_detect] IN: face_detect → OUT: detected=false landmarks=nil roll=nil pitch=nil yaw=nil (6259ms)
[2026-06-15 09:54:49] [hand_detect] IN: hand_detect 1920x1080 → OUT: detected=false landmarks=nil confidence=0
[2026-06-15 09:54:49] [face_detect] IN: face_detect → OUT: detected=false landmarks=nil roll=nil pitch=nil yaw=nil (6332ms)
[2026-06-15 09:54:49] [hand_detect] IN: hand_detect 1920x1080 → OUT: detected=false landmarks=nil confidence=0
[2026-06-15 09:54:49] [face_detect] IN: face_detect → OUT: detected=false landmarks=nil roll=nil pitch=nil yaw=nil (6877ms)
[2026-06-15 09:54:49] [hand_detect] IN: hand_detect 1920x1080 → OUT: detected=false landmarks=nil confidence=0
[2026-06-15 09:54:49] [face_detect] IN: face_detect → OUT: detected=false landmarks=nil roll=nil pitch=nil yaw=nil (6759ms)
[2026-06-15 09:54:50] [hand_detect] IN: hand_detect 1920x1080 → OUT: detected=false landmarks=nil confidence=0
[2026-06-15 09:54:50] [face_detect] IN: face_detect → OUT: detected=false landmarks=nil roll=nil pitch=nil yaw=nil (6098ms)
[2026-06-15 09:54:50] [hand_detect] IN: hand_detect 1920x1080 → OUT: detected=false landmarks=nil confidence=0
[2026-06-15 09:54:50] [face_detect] IN: face_detect → OUT: detected=false landmarks=nil roll=nil pitch=nil yaw=nil (6713ms)
[2026-06-15 09:54:50] [hand_detect] IN: hand_detect 1920x1080 → OUT: detected=false landmarks=nil confidence=0
[2026-06-15 09:54:50] [face_detect] IN: face_detect → OUT: detected=false landmarks=nil roll=nil pitch=nil yaw=nil (6454ms)
[2026-06-15 09:54:50] [hand_detect] IN: hand_detect 1920x1080 → OUT: detected=false landmarks=nil confidence=0
[2026-06-15 09:54:50] [face_detect] IN: face_detect → OUT: detected=false landmarks=nil roll=nil pitch=nil yaw=nil (6247ms)
[2026-06-15 09:54:50] [hand_detect] IN: hand_detect 1920x1080 → OUT: detected=false landmarks=nil confidence=0
[2026-06-15 09:54:50] [face_detect] IN: face_detect → OUT: detected=false landmarks=nil roll=nil pitch=nil yaw=nil (6484ms)
[2026-06-15 09:54:50] [hand_detect] IN: hand_detect 1920x1080 → OUT: detected=false landmarks=nil confidence=0
[2026-06-15 09:54:50] [face_detect] IN: face_detect → OUT: detected=false landmarks=nil roll=nil pitch=nil yaw=nil (6561ms)
[2026-06-15 09:54:50] [hand_detect] IN: hand_detect 1920x1080 → OUT: detected=false landmarks=nil confidence=0
[2026-06-15 09:54:50] [face_detect] IN: face_detect → OUT: detected=false landmarks=nil roll=nil pitch=nil yaw=nil (6796ms)
[2026-06-15 09:54:50] [hand_detect] IN: hand_detect 1920x1080 → OUT: detected=false landmarks=nil confidence=0
[2026-06-15 09:54:50] [face_detect] IN: face_detect → OUT: detected=false landmarks=nil roll=nil pitch=nil yaw=nil (6904ms)
[2026-06-15 09:54:50] [hand_detect] IN: hand_detect 1920x1080 → OUT: detected=false landmarks=nil confidence=0
[2026-06-15 09:54:50] [face_detect] IN: face_detect → OUT: detected=false landmarks=nil roll=nil pitch=nil yaw=nil (6045ms)
[2026-06-15 09:54:50] [axScan] IN: windows=4 → OUT: raw=49 visible=6 [pid685=1 pid689=1 pid8084=3 pid690=1] (58ms)
[2026-06-15 09:54:50] [hand_detect] IN: hand_detect 1920x1080 → OUT: detected=false landmarks=nil confidence=0
[2026-06-15 09:54:50] [face_detect] IN: face_detect → OUT: detected=false landmarks=nil roll=nil pitch=nil yaw=nil (5822ms)
[2026-06-15 09:54:50] [hand_detect] IN: hand_detect 1920x1080 → OUT: detected=false landmarks=nil confidence=0
[2026-06-15 09:54:50] [face_detect] IN: face_detect → OUT: detected=false landmarks=nil roll=nil pitch=nil yaw=nil (6008ms)
[2026-06-15 09:54:50] [hand_detect] IN: hand_detect 1920x1080 → OUT: detected=false landmarks=nil confidence=0
[2026-06-15 09:54:50] [face_detect] IN: face_detect → OUT: detected=false landmarks=nil roll=nil pitch=nil yaw=nil (6490ms)
[2026-06-15 09:54:50] [hand_detect] IN: hand_detect 1920x1080 → OUT: detected=false landmarks=nil confidence=0
[2026-06-15 09:54:50] [face_detect] IN: face_detect → OUT: detected=false landmarks=nil roll=nil pitch=nil yaw=nil (6678ms)
[2026-06-15 09:54:50] [hand_detect] IN: hand_detect 1920x1080 → OUT: detected=false landmarks=nil confidence=0
[2026-06-15 09:54:50] [face_detect] IN: face_detect → OUT: detected=false landmarks=nil roll=nil pitch=nil yaw=nil (6690ms)
[2026-06-15 09:54:50] [hand_detect] IN: hand_detect 1920x1080 → OUT: detected=false landmarks=nil confidence=0
[2026-06-15 09:54:50] [face_detect] IN: face_detect → OUT: detected=false landmarks=nil roll=nil pitch=nil yaw=nil (6319ms)
[2026-06-15 09:54:50] [hand_detect] IN: hand_detect 1920x1080 → OUT: detected=false landmarks=nil confidence=0
[2026-06-15 09:54:50] [face_detect] IN: face_detect → OUT: detected=false landmarks=nil roll=nil pitch=nil yaw=nil (6381ms)
[2026-06-15 09:54:50] [hand_detect] IN: hand_detect 1920x1080 → OUT: detected=false landmarks=nil confidence=0
[2026-06-15 09:54:50] [face_detect] IN: face_detect → OUT: detected=false landmarks=nil roll=nil pitch=nil yaw=nil (6721ms)
[2026-06-15 09:54:50] [hand_detect] IN: hand_detect 1920x1080 → OUT: detected=false landmarks=nil confidence=0
[2026-06-15 09:54:50] [face_detect] IN: face_detect → OUT: detected=false landmarks=nil roll=nil pitch=nil yaw=nil (6271ms)
[2026-06-15 09:54:50] [hand_detect] IN: hand_detect 1920x1080 → OUT: detected=false landmarks=nil confidence=0
[2026-06-15 09:54:50] [face_detect] IN: face_detect → OUT: detected=false landmarks=nil roll=nil pitch=nil yaw=nil (6878ms)
[2026-06-15 09:54:50] [hand_detect] IN: hand_detect 1920x1080 → OUT: detected=false landmarks=nil confidence=0
[2026-06-15 09:54:50] [face_detect] IN: face_detect → OUT: detected=false landmarks=nil roll=nil pitch=nil yaw=nil (6643ms)
[2026-06-15 09:54:50] [hand_detect] IN: hand_detect 1920x1080 → OUT: detected=false landmarks=nil confidence=0
[2026-06-15 09:54:50] [face_detect] IN: face_detect → OUT: detected=false landmarks=nil roll=nil pitch=nil yaw=nil (6858ms)
[2026-06-15 09:54:50] [hand_detect] IN: hand_detect 1920x1080 → OUT: detected=false landmarks=nil confidence=0
[2026-06-15 09:54:50] [face_detect] IN: face_detect → OUT: detected=false landmarks=nil roll=nil pitch=nil yaw=nil (6857ms)
[2026-06-15 09:54:50] [hand_detect] IN: hand_detect 1920x1080 → OUT: detected=false landmarks=nil confidence=0
[2026-06-15 09:54:50] [face_detect] IN: face_detect → OUT: detected=false landmarks=nil roll=nil pitch=nil yaw=nil (6498ms)
[2026-06-15 09:54:50] [hand_detect] IN: hand_detect 1920x1080 → OUT: detected=false landmarks=nil confidence=0
[2026-06-15 09:54:50] [face_detect] IN: face_detect → OUT: detected=false landmarks=nil roll=nil pitch=nil yaw=nil (6618ms)
[2026-06-15 09:54:50] [axScan] IN: windows=4 → OUT: raw=49 visible=6 [pid8084=3 pid689=1 pid690=1 pid685=1] (61ms)
[2026-06-15 09:54:50] [hand_detect] IN: hand_detect 1920x1080 → OUT: detected=false landmarks=nil confidence=0
[2026-06-15 09:54:50] [face_detect] IN: face_detect → OUT: detected=false landmarks=nil roll=nil pitch=nil yaw=nil (5573ms)
[2026-06-15 09:54:50] [hand_detect] IN: hand_detect 1920x1080 → OUT: detected=false landmarks=nil confidence=0
[2026-06-15 09:54:50] [face_detect] IN: face_detect → OUT: detected=false landmarks=nil roll=nil pitch=nil yaw=nil (5553ms)
[2026-06-15 09:54:50] [hand_detect] IN: hand_detect 1920x1080 → OUT: detected=false landmarks=nil confidence=0
[2026-06-15 09:54:50] [face_detect] IN: face_detect → OUT: detected=false landmarks=nil roll=nil pitch=nil yaw=nil (6018ms)
[2026-06-15 09:54:50] [hand_detect] IN: hand_detect 1920x1080 → OUT: detected=false landmarks=nil confidence=0
[2026-06-15 09:54:50] [face_detect] IN: face_detect → OUT: detected=false landmarks=nil roll=nil pitch=nil yaw=nil (6420ms)
[2026-06-15 09:54:50] [hand_detect] IN: hand_detect 1920x1080 → OUT: detected=false landmarks=nil confidence=0
[2026-06-15 09:54:50] [face_detect] IN: face_detect → OUT: detected=false landmarks=nil roll=nil pitch=nil yaw=nil (6287ms)
[2026-06-15 09:54:50] [hand_detect] IN: hand_detect 1920x1080 → OUT: detected=false landmarks=nil confidence=0
[2026-06-15 09:54:51] [face_detect] IN: face_detect → OUT: detected=false landmarks=nil roll=nil pitch=nil yaw=nil (6844ms)
[2026-06-15 09:54:51] [hand_detect] IN: hand_detect 1920x1080 → OUT: detected=false landmarks=nil confidence=0
[2026-06-15 09:54:51] [face_detect] IN: face_detect → OUT: detected=false landmarks=nil roll=nil pitch=nil yaw=nil (6578ms)
[2026-06-15 09:54:51] [hand_detect] IN: hand_detect 1920x1080 → OUT: detected=false landmarks=nil confidence=0
[2026-06-15 09:54:51] [face_detect] IN: face_detect → OUT: detected=false landmarks=nil roll=nil pitch=nil yaw=nil (6667ms)
[2026-06-15 09:54:51] [hand_detect] IN: hand_detect 1920x1080 → OUT: detected=false landmarks=nil confidence=0
[2026-06-15 09:54:51] [face_detect] IN: face_detect → OUT: detected=false landmarks=nil roll=nil pitch=nil yaw=nil (6381ms)
[2026-06-15 09:54:51] [hand_detect] IN: hand_detect 1920x1080 → OUT: detected=false landmarks=nil confidence=0
[2026-06-15 09:54:51] [face_detect] IN: face_detect → OUT: detected=false landmarks=nil roll=nil pitch=nil yaw=nil (6736ms)
[2026-06-15 09:54:51] [hand_detect] IN: hand_detect 1920x1080 → OUT: detected=false landmarks=nil confidence=0
[2026-06-15 09:54:51] [face_detect] IN: face_detect → OUT: detected=false landmarks=nil roll=nil pitch=nil yaw=nil (6461ms)
[2026-06-15 09:54:51] [hand_detect] IN: hand_detect 1920x1080 → OUT: detected=false landmarks=nil confidence=0
[2026-06-15 09:54:51] [face_detect] IN: face_detect → OUT: detected=false landmarks=nil roll=nil pitch=nil yaw=nil (6281ms)
[2026-06-15 09:54:51] [hand_detect] IN: hand_detect 1920x1080 → OUT: detected=false landmarks=nil confidence=0
[2026-06-15 09:54:51] [face_detect] IN: face_detect → OUT: detected=false landmarks=nil roll=nil pitch=nil yaw=nil (6796ms)
[2026-06-15 09:54:51] [hand_detect] IN: hand_detect 1920x1080 → OUT: detected=false landmarks=nil confidence=0
[2026-06-15 09:54:51] [face_detect] IN: face_detect → OUT: detected=false landmarks=nil roll=nil pitch=nil yaw=nil (11578ms)
[2026-06-15 09:54:51] [hand_detect] IN: hand_detect 1920x1080 → OUT: detected=false landmarks=nil confidence=0
[2026-06-15 09:54:51] [face_detect] IN: face_detect → OUT: detected=false landmarks=nil roll=nil pitch=nil yaw=nil (3858ms)
[2026-06-15 09:54:51] [axScan] IN: windows=4 → OUT: raw=49 visible=6 [pid8084=3 pid690=1 pid685=1 pid689=1] (58ms)
[2026-06-15 09:54:51] [hand_detect] IN: hand_detect 1920x1080 → OUT: detected=false landmarks=nil confidence=0
[2026-06-15 09:54:51] [face_detect] IN: face_detect → OUT: detected=false landmarks=nil roll=nil pitch=nil yaw=nil (5382ms)
[2026-06-15 09:54:51] [hand_detect] IN: hand_detect 1920x1080 → OUT: detected=false landmarks=nil confidence=0
[2026-06-15 09:54:51] [face_detect] IN: face_detect → OUT: detected=false landmarks=nil roll=nil pitch=nil yaw=nil (5494ms)
[2026-06-15 09:54:51] [hand_detect] IN: hand_detect 1920x1080 → OUT: detected=false landmarks=nil confidence=0
[2026-06-15 09:54:51] [face_detect] IN: face_detect → OUT: detected=false landmarks=nil roll=nil pitch=nil yaw=nil (6015ms)
[2026-06-15 09:54:51] [hand_detect] IN: hand_detect 1920x1080 → OUT: detected=false landmarks=nil confidence=0
[2026-06-15 09:54:51] [face_detect] IN: face_detect → OUT: detected=false landmarks=nil roll=nil pitch=nil yaw=nil (5576ms)
[2026-06-15 09:54:51] [hand_detect] IN: hand_detect 1920x1080 → OUT: detected=false landmarks=nil confidence=0
[2026-06-15 09:54:51] [face_detect] IN: face_detect → OUT: detected=false landmarks=nil roll=nil pitch=nil yaw=nil (6749ms)
[2026-06-15 09:54:51] [hand_detect] IN: hand_detect 1920x1080 → OUT: detected=false landmarks=nil confidence=0
[2026-06-15 09:54:51] [face_detect] IN: face_detect → OUT: detected=false landmarks=nil roll=nil pitch=nil yaw=nil (6461ms)
[2026-06-15 09:54:51] [hand_detect] IN: hand_detect 1920x1080 → OUT: detected=false landmarks=nil confidence=0
[2026-06-15 09:54:51] [face_detect] IN: face_detect → OUT: detected=false landmarks=nil roll=nil pitch=nil yaw=nil (6278ms)
[2026-06-15 09:54:51] [hand_detect] IN: hand_detect 1920x1080 → OUT: detected=false landmarks=nil confidence=0
[2026-06-15 09:54:51] [face_detect] IN: face_detect → OUT: detected=false landmarks=nil roll=nil pitch=nil yaw=nil (5952ms)
[2026-06-15 09:54:51] [hand_detect] IN: hand_detect 1920x1080 → OUT: detected=false landmarks=nil confidence=0
[2026-06-15 09:54:51] [face_detect] IN: face_detect → OUT: detected=false landmarks=nil roll=nil pitch=nil yaw=nil (6579ms)
[2026-06-15 09:54:51] [hand_detect] IN: hand_detect 1920x1080 → OUT: detected=false landmarks=nil confidence=0
[2026-06-15 09:54:51] [face_detect] IN: face_detect → OUT: detected=false landmarks=nil roll=nil pitch=nil yaw=nil (14829ms)
[2026-06-15 09:54:51] [hand_detect] IN: hand_detect 1920x1080 → OUT: detected=false landmarks=nil confidence=0
[2026-06-15 09:54:51] [face_detect] IN: face_detect → OUT: detected=false landmarks=nil roll=nil pitch=nil yaw=nil (4963ms)
[2026-06-15 09:54:51] [hand_detect] IN: hand_detect 1920x1080 → OUT: detected=false landmarks=nil confidence=0
[2026-06-15 09:54:51] [face_detect] IN: face_detect → OUT: detected=false landmarks=nil roll=nil pitch=nil yaw=nil (4660ms)
[2026-06-15 09:54:51] [hand_detect] IN: hand_detect 1920x1080 → OUT: detected=false landmarks=nil confidence=0
[2026-06-15 09:54:51] [face_detect] IN: face_detect → OUT: detected=false landmarks=nil roll=nil pitch=nil yaw=nil (6126ms)
[2026-06-15 09:54:51] [hand_detect] IN: hand_detect 1920x1080 → OUT: detected=false landmarks=nil confidence=0
[2026-06-15 09:54:51] [face_detect] IN: face_detect → OUT: detected=false landmarks=nil roll=nil pitch=nil yaw=nil (5838ms)
[2026-06-15 09:54:51] [hand_detect] IN: hand_detect 1920x1080 → OUT: detected=false landmarks=nil confidence=0
[2026-06-15 09:54:51] [face_detect] IN: face_detect → OUT: detected=false landmarks=nil roll=nil pitch=nil yaw=nil (6011ms)
[2026-06-15 09:54:51] [axScan] IN: windows=4 → OUT: raw=49 visible=6 [pid689=1 pid685=1 pid8084=3 pid690=1] (43ms)
[2026-06-15 09:54:51] [hand_detect] IN: hand_detect 1920x1080 → OUT: detected=false landmarks=nil confidence=0
[2026-06-15 09:54:51] [face_detect] IN: face_detect → OUT: detected=false landmarks=nil roll=nil pitch=nil yaw=nil (5601ms)
[2026-06-15 09:54:51] [hand_detect] IN: hand_detect 1920x1080 → OUT: detected=false landmarks=nil confidence=0
[2026-06-15 09:54:51] [face_detect] IN: face_detect → OUT: detected=false landmarks=nil roll=nil pitch=nil yaw=nil (5470ms)
[2026-06-15 09:54:51] [hand_detect] IN: hand_detect 1920x1080 → OUT: detected=false landmarks=nil confidence=0
[2026-06-15 09:54:51] [face_detect] IN: face_detect → OUT: detected=false landmarks=nil roll=nil pitch=nil yaw=nil (6034ms)
[2026-06-15 09:54:51] [hand_detect] IN: hand_detect 1920x1080 → OUT: detected=false landmarks=nil confidence=0
[2026-06-15 09:54:51] [face_detect] IN: face_detect → OUT: detected=false landmarks=nil roll=nil pitch=nil yaw=nil (5753ms)
[2026-06-15 09:54:51] [hand_detect] IN: hand_detect 1920x1080 → OUT: detected=false landmarks=nil confidence=0
[2026-06-15 09:54:51] [face_detect] IN: face_detect → OUT: detected=false landmarks=nil roll=nil pitch=nil yaw=nil (5972ms)
[2026-06-15 09:54:51] [hand_detect] IN: hand_detect 1920x1080 → OUT: detected=false landmarks=nil confidence=0
[2026-06-15 09:54:51] [face_detect] IN: face_detect → OUT: detected=false landmarks=nil roll=nil pitch=nil yaw=nil (7269ms)
[2026-06-15 09:54:52] [hand_detect] IN: hand_detect 1920x1080 → OUT: detected=false landmarks=nil confidence=0
[2026-06-15 09:54:52] [face_detect] IN: face_detect → OUT: detected=false landmarks=nil roll=nil pitch=nil yaw=nil (6850ms)
[2026-06-15 09:54:52] [hand_detect] IN: hand_detect 1920x1080 → OUT: detected=false landmarks=nil confidence=0
[2026-06-15 09:54:52] [face_detect] IN: face_detect → OUT: detected=false landmarks=nil roll=nil pitch=nil yaw=nil (6349ms)
[2026-06-15 09:54:52] [hand_detect] IN: hand_detect 1920x1080 → OUT: detected=false landmarks=nil confidence=0
[2026-06-15 09:54:52] [face_detect] IN: face_detect → OUT: detected=false landmarks=nil roll=nil pitch=nil yaw=nil (6075ms)
[2026-06-15 09:54:52] [hand_detect] IN: hand_detect 1920x1080 → OUT: detected=false landmarks=nil confidence=0
[2026-06-15 09:54:52] [face_detect] IN: face_detect → OUT: detected=false landmarks=nil roll=nil pitch=nil yaw=nil (6699ms)
[2026-06-15 09:54:52] [hand_detect] IN: hand_detect 1920x1080 → OUT: detected=false landmarks=nil confidence=0
[2026-06-15 09:54:52] [face_detect] IN: face_detect → OUT: detected=false landmarks=nil roll=nil pitch=nil yaw=nil (6206ms)
[2026-06-15 09:54:52] [hand_detect] IN: hand_detect 1920x1080 → OUT: detected=false landmarks=nil confidence=0
[2026-06-15 09:54:52] [face_detect] IN: face_detect → OUT: detected=false landmarks=nil roll=nil pitch=nil yaw=nil (7103ms)
[2026-06-15 09:54:52] [hand_detect] IN: hand_detect 1920x1080 → OUT: detected=false landmarks=nil confidence=0
[2026-06-15 09:54:52] [face_detect] IN: face_detect → OUT: detected=false landmarks=nil roll=nil pitch=nil yaw=nil (6615ms)
[2026-06-15 09:54:52] [hand_detect] IN: hand_detect 1920x1080 → OUT: detected=false landmarks=nil confidence=0
[2026-06-15 09:54:52] [face_detect] IN: face_detect → OUT: detected=false landmarks=nil roll=nil pitch=nil yaw=nil (6543ms)
[2026-06-15 09:54:52] [hand_detect] IN: hand_detect 1920x1080 → OUT: detected=false landmarks=nil confidence=0
[2026-06-15 09:54:52] [face_detect] IN: face_detect → OUT: detected=false landmarks=nil roll=nil pitch=nil yaw=nil (5926ms)
[2026-06-15 09:54:52] [axScan] IN: windows=4 → OUT: raw=49 visible=6 [pid685=1 pid8084=3 pid690=1 pid689=1] (45ms)
[2026-06-15 09:54:52] [hand_detect] IN: hand_detect 1920x1080 → OUT: detected=false landmarks=nil confidence=0
[2026-06-15 09:54:52] [face_detect] IN: face_detect → OUT: detected=false landmarks=nil roll=nil pitch=nil yaw=nil (5581ms)
[2026-06-15 09:54:52] [hand_detect] IN: hand_detect 1920x1080 → OUT: detected=false landmarks=nil confidence=0
[2026-06-15 09:54:52] [face_detect] IN: face_detect → OUT: detected=false landmarks=nil roll=nil pitch=nil yaw=nil (5690ms)
[2026-06-15 09:54:52] [hand_detect] IN: hand_detect 1920x1080 → OUT: detected=false landmarks=nil confidence=0
[2026-06-15 09:54:52] [face_detect] IN: face_detect → OUT: detected=false landmarks=nil roll=nil pitch=nil yaw=nil (6023ms)
[2026-06-15 09:54:52] [hand_detect] IN: hand_detect 1920x1080 → OUT: detected=false landmarks=nil confidence=0
[2026-06-15 09:54:52] [face_detect] IN: face_detect → OUT: detected=false landmarks=nil roll=nil pitch=nil yaw=nil (6217ms)
[2026-06-15 09:54:52] [hand_detect] IN: hand_detect 1920x1080 → OUT: detected=false landmarks=nil confidence=0
[2026-06-15 09:54:52] [face_detect] IN: face_detect → OUT: detected=false landmarks=nil roll=nil pitch=nil yaw=nil (6651ms)
[2026-06-15 09:54:52] [hand_detect] IN: hand_detect 1920x1080 → OUT: detected=false landmarks=nil confidence=0
[2026-06-15 09:54:52] [face_detect] IN: face_detect → OUT: detected=false landmarks=nil roll=nil pitch=nil yaw=nil (7216ms)
[2026-06-15 09:54:52] [hand_detect] IN: hand_detect 1920x1080 → OUT: detected=false landmarks=nil confidence=0
[2026-06-15 09:54:52] [face_detect] IN: face_detect → OUT: detected=false landmarks=nil roll=nil pitch=nil yaw=nil (6438ms)
[2026-06-15 09:54:52] [hand_detect] IN: hand_detect 1920x1080 → OUT: detected=false landmarks=nil confidence=0
[2026-06-15 09:54:52] [face_detect] IN: face_detect → OUT: detected=false landmarks=nil roll=nil pitch=nil yaw=nil (6497ms)
[2026-06-15 09:54:52] [hand_detect] IN: hand_detect 1920x1080 → OUT: detected=false landmarks=nil confidence=0
[2026-06-15 09:54:52] [face_detect] IN: face_detect → OUT: detected=false landmarks=nil roll=nil pitch=nil yaw=nil (6609ms)
[2026-06-15 09:54:52] [hand_detect] IN: hand_detect 1920x1080 → OUT: detected=false landmarks=nil confidence=0
[2026-06-15 09:54:52] [face_detect] IN: face_detect → OUT: detected=false landmarks=nil roll=nil pitch=nil yaw=nil (6555ms)
[2026-06-15 09:54:52] [hand_detect] IN: hand_detect 1920x1080 → OUT: detected=false landmarks=nil confidence=0
[2026-06-15 09:54:52] [face_detect] IN: face_detect → OUT: detected=false landmarks=nil roll=nil pitch=nil yaw=nil (5928ms)
[2026-06-15 09:54:52] [hand_detect] IN: hand_detect 1920x1080 → OUT: detected=false landmarks=nil confidence=0
[2026-06-15 09:54:52] [face_detect] IN: face_detect → OUT: detected=false landmarks=nil roll=nil pitch=nil yaw=nil (5684ms)
[2026-06-15 09:54:52] [hand_detect] IN: hand_detect 1920x1080 → OUT: detected=false landmarks=nil confidence=0
[2026-06-15 09:54:52] [face_detect] IN: face_detect → OUT: detected=false landmarks=nil roll=nil pitch=nil yaw=nil (6496ms)
[2026-06-15 09:54:52] [hand_detect] IN: hand_detect 1920x1080 → OUT: detected=false landmarks=nil confidence=0
[2026-06-15 09:54:52] [face_detect] IN: face_detect → OUT: detected=false landmarks=nil roll=nil pitch=nil yaw=nil (6316ms)
[2026-06-15 09:54:52] [hand_detect] IN: hand_detect 1920x1080 → OUT: detected=false landmarks=nil confidence=0
[2026-06-15 09:54:52] [face_detect] IN: face_detect → OUT: detected=false landmarks=nil roll=nil pitch=nil yaw=nil (6449ms)
[2026-06-15 09:54:52] [axScan] IN: windows=4 → OUT: raw=49 visible=6 [pid685=1 pid689=1 pid8084=3 pid690=1] (51ms)
[2026-06-15 09:54:52] [hand_detect] IN: hand_detect 1920x1080 → OUT: detected=false landmarks=nil confidence=0
[2026-06-15 09:54:52] [face_detect] IN: face_detect → OUT: detected=false landmarks=nil roll=nil pitch=nil yaw=nil (5457ms)
[2026-06-15 09:54:52] [hand_detect] IN: hand_detect 1920x1080 → OUT: detected=false landmarks=nil confidence=0
[2026-06-15 09:54:52] [face_detect] IN: face_detect → OUT: detected=false landmarks=nil roll=nil pitch=nil yaw=nil (5807ms)
[2026-06-15 09:54:52] [hand_detect] IN: hand_detect 1920x1080 → OUT: detected=false landmarks=nil confidence=0
[2026-06-15 09:54:52] [face_detect] IN: face_detect → OUT: detected=false landmarks=nil roll=nil pitch=nil yaw=nil (5720ms)
[2026-06-15 09:54:52] [hand_detect] IN: hand_detect 1920x1080 → OUT: detected=false landmarks=nil confidence=0
[2026-06-15 09:54:52] [face_detect] IN: face_detect → OUT: detected=false landmarks=nil roll=nil pitch=nil yaw=nil (6504ms)
[2026-06-15 09:54:52] [hand_detect] IN: hand_detect 1920x1080 → OUT: detected=false landmarks=nil confidence=0
[2026-06-15 09:54:52] [face_detect] IN: face_detect → OUT: detected=false landmarks=nil roll=nil pitch=nil yaw=nil (6911ms)
[2026-06-15 09:54:52] [hand_detect] IN: hand_detect 1920x1080 → OUT: detected=false landmarks=nil confidence=0
[2026-06-15 09:54:52] [face_detect] IN: face_detect → OUT: detected=false landmarks=nil roll=nil pitch=nil yaw=nil (6416ms)
[2026-06-15 09:54:53] [hand_detect] IN: hand_detect 1920x1080 → OUT: detected=false landmarks=nil confidence=0
[2026-06-15 09:54:53] [face_detect] IN: face_detect → OUT: detected=false landmarks=nil roll=nil pitch=nil yaw=nil (6044ms)
[2026-06-15 09:54:53] [hand_detect] IN: hand_detect 1920x1080 → OUT: detected=false landmarks=nil confidence=0
[2026-06-15 09:54:53] [face_detect] IN: face_detect → OUT: detected=false landmarks=nil roll=nil pitch=nil yaw=nil (6514ms)
[2026-06-15 09:54:53] [hand_detect] IN: hand_detect 1920x1080 → OUT: detected=false landmarks=nil confidence=0
[2026-06-15 09:54:53] [face_detect] IN: face_detect → OUT: detected=false landmarks=nil roll=nil pitch=nil yaw=nil (7081ms)
[2026-06-15 09:54:53] [hand_detect] IN: hand_detect 1920x1080 → OUT: detected=false landmarks=nil confidence=0
[2026-06-15 09:54:53] [face_detect] IN: face_detect → OUT: detected=false landmarks=nil roll=nil pitch=nil yaw=nil (6463ms)
[2026-06-15 09:54:53] [hand_detect] IN: hand_detect 1920x1080 → OUT: detected=false landmarks=nil confidence=0
[2026-06-15 09:54:53] [face_detect] IN: face_detect → OUT: detected=false landmarks=nil roll=nil pitch=nil yaw=nil (7007ms)
[2026-06-15 09:54:53] [hand_detect] IN: hand_detect 1920x1080 → OUT: detected=false landmarks=nil confidence=0
[2026-06-15 09:54:53] [face_detect] IN: face_detect → OUT: detected=false landmarks=nil roll=nil pitch=nil yaw=nil (6704ms)
[2026-06-15 09:54:53] [hand_detect] IN: hand_detect 1920x1080 → OUT: detected=false landmarks=nil confidence=0
[2026-06-15 09:54:53] [face_detect] IN: face_detect → OUT: detected=false landmarks=nil roll=nil pitch=nil yaw=nil (6739ms)
[2026-06-15 09:54:53] [hand_detect] IN: hand_detect 1920x1080 → OUT: detected=false landmarks=nil confidence=0
[2026-06-15 09:54:53] [face_detect] IN: face_detect → OUT: detected=false landmarks=nil roll=nil pitch=nil yaw=nil (6916ms)
[2026-06-15 09:54:53] [hand_detect] IN: hand_detect 1920x1080 → OUT: detected=false landmarks=nil confidence=0
[2026-06-15 09:54:53] [face_detect] IN: face_detect → OUT: detected=false landmarks=nil roll=nil pitch=nil yaw=nil (6035ms)
[2026-06-15 09:54:53] [axScan] IN: windows=4 → OUT: raw=49 visible=6 [pid685=1 pid8084=3 pid689=1 pid690=1] (52ms)
[2026-06-15 09:54:53] [hand_detect] IN: hand_detect 1920x1080 → OUT: detected=false landmarks=nil confidence=0
[2026-06-15 09:54:53] [face_detect] IN: face_detect → OUT: detected=false landmarks=nil roll=nil pitch=nil yaw=nil (5621ms)
[2026-06-15 09:54:53] [hand_detect] IN: hand_detect 1920x1080 → OUT: detected=false landmarks=nil confidence=0
[2026-06-15 09:54:53] [face_detect] IN: face_detect → OUT: detected=false landmarks=nil roll=nil pitch=nil yaw=nil (5469ms)
[2026-06-15 09:54:53] [hand_detect] IN: hand_detect 1920x1080 → OUT: detected=false landmarks=nil confidence=0
[2026-06-15 09:54:53] [face_detect] IN: face_detect → OUT: detected=false landmarks=nil roll=nil pitch=nil yaw=nil (5995ms)
[2026-06-15 09:54:53] [hand_detect] IN: hand_detect 1920x1080 → OUT: detected=false landmarks=nil confidence=0
[2026-06-15 09:54:53] [face_detect] IN: face_detect → OUT: detected=false landmarks=nil roll=nil pitch=nil yaw=nil (6972ms)
[2026-06-15 09:54:53] [hand_detect] IN: hand_detect 1920x1080 → OUT: detected=false landmarks=nil confidence=0
[2026-06-15 09:54:53] [face_detect] IN: face_detect → OUT: detected=false landmarks=nil roll=nil pitch=nil yaw=nil (7167ms)
[2026-06-15 09:54:53] [hand_detect] IN: hand_detect 1920x1080 → OUT: detected=false landmarks=nil confidence=0
[2026-06-15 09:54:53] [face_detect] IN: face_detect → OUT: detected=false landmarks=nil roll=nil pitch=nil yaw=nil (7110ms)
[2026-06-15 09:54:53] [hand_detect] IN: hand_detect 1920x1080 → OUT: detected=false landmarks=nil confidence=0
[2026-06-15 09:54:53] [face_detect] IN: face_detect → OUT: detected=false landmarks=nil roll=nil pitch=nil yaw=nil (6839ms)
[2026-06-15 09:54:53] [hand_detect] IN: hand_detect 1920x1080 → OUT: detected=false landmarks=nil confidence=0
[2026-06-15 09:54:53] [face_detect] IN: face_detect → OUT: detected=false landmarks=nil roll=nil pitch=nil yaw=nil (6908ms)
[2026-06-15 09:54:53] [hand_detect] IN: hand_detect 1920x1080 → OUT: detected=false landmarks=nil confidence=0
[2026-06-15 09:54:53] [face_detect] IN: face_detect → OUT: detected=false landmarks=nil roll=nil pitch=nil yaw=nil (7346ms)
[2026-06-15 09:54:53] [hand_detect] IN: hand_detect 1920x1080 → OUT: detected=false landmarks=nil confidence=0
[2026-06-15 09:54:53] [face_detect] IN: face_detect → OUT: detected=false landmarks=nil roll=nil pitch=nil yaw=nil (6385ms)
[2026-06-15 09:54:53] [hand_detect] IN: hand_detect 1920x1080 → OUT: detected=false landmarks=nil confidence=0
[2026-06-15 09:54:53] [face_detect] IN: face_detect → OUT: detected=false landmarks=nil roll=nil pitch=nil yaw=nil (6312ms)
[2026-06-15 09:54:53] [hand_detect] IN: hand_detect 1920x1080 → OUT: detected=false landmarks=nil confidence=0
[2026-06-15 09:54:53] [face_detect] IN: face_detect → OUT: detected=false landmarks=nil roll=nil pitch=nil yaw=nil (6774ms)
[2026-06-15 09:54:53] [hand_detect] IN: hand_detect 1920x1080 → OUT: detected=false landmarks=nil confidence=0
[2026-06-15 09:54:53] [face_detect] IN: face_detect → OUT: detected=false landmarks=nil roll=nil pitch=nil yaw=nil (6278ms)
[2026-06-15 09:54:53] [hand_detect] IN: hand_detect 1920x1080 → OUT: detected=false landmarks=nil confidence=0
[2026-06-15 09:54:53] [face_detect] IN: face_detect → OUT: detected=false landmarks=nil roll=nil pitch=nil yaw=nil (6368ms)
[2026-06-15 09:54:53] [hand_detect] IN: hand_detect 1920x1080 → OUT: detected=false landmarks=nil confidence=0
[2026-06-15 09:54:53] [face_detect] IN: face_detect → OUT: detected=false landmarks=nil roll=nil pitch=nil yaw=nil (5761ms)
[2026-06-15 09:54:53] [axScan] IN: windows=4 → OUT: raw=49 visible=6 [pid8084=3 pid685=1 pid689=1 pid690=1] (49ms)
[2026-06-15 09:54:53] [hand_detect] IN: hand_detect 1920x1080 → OUT: detected=false landmarks=nil confidence=0
[2026-06-15 09:54:53] [face_detect] IN: face_detect → OUT: detected=false landmarks=nil roll=nil pitch=nil yaw=nil (5712ms)
[2026-06-15 09:54:53] [hand_detect] IN: hand_detect 1920x1080 → OUT: detected=false landmarks=nil confidence=0
[2026-06-15 09:54:53] [face_detect] IN: face_detect → OUT: detected=false landmarks=nil roll=nil pitch=nil yaw=nil (5380ms)
[2026-06-15 09:54:53] [hand_detect] IN: hand_detect 1920x1080 → OUT: detected=false landmarks=nil confidence=0
[2026-06-15 09:54:53] [face_detect] IN: face_detect → OUT: detected=false landmarks=nil roll=nil pitch=nil yaw=nil (6286ms)
[2026-06-15 09:54:53] [hand_detect] IN: hand_detect 1920x1080 → OUT: detected=false landmarks=nil confidence=0
[2026-06-15 09:54:53] [face_detect] IN: face_detect → OUT: detected=false landmarks=nil roll=nil pitch=nil yaw=nil (6634ms)
[2026-06-15 09:54:53] [hand_detect] IN: hand_detect 1920x1080 → OUT: detected=false landmarks=nil confidence=0
[2026-06-15 09:54:53] [face_detect] IN: face_detect → OUT: detected=false landmarks=nil roll=nil pitch=nil yaw=nil (7618ms)
[2026-06-15 09:54:53] [hand_detect] IN: hand_detect 1920x1080 → OUT: detected=false landmarks=nil confidence=0
[2026-06-15 09:54:54] [face_detect] IN: face_detect → OUT: detected=false landmarks=nil roll=nil pitch=nil yaw=nil (6314ms)
[2026-06-15 09:54:54] [hand_detect] IN: hand_detect 1920x1080 → OUT: detected=false landmarks=nil confidence=0
[2026-06-15 09:54:54] [face_detect] IN: face_detect → OUT: detected=false landmarks=nil roll=nil pitch=nil yaw=nil (6677ms)
[2026-06-15 09:54:54] [hand_detect] IN: hand_detect 1920x1080 → OUT: detected=false landmarks=nil confidence=0
[2026-06-15 09:54:54] [face_detect] IN: face_detect → OUT: detected=false landmarks=nil roll=nil pitch=nil yaw=nil (6846ms)
[2026-06-15 09:54:54] [hand_detect] IN: hand_detect 1920x1080 → OUT: detected=false landmarks=nil confidence=0
[2026-06-15 09:54:54] [face_detect] IN: face_detect → OUT: detected=false landmarks=nil roll=nil pitch=nil yaw=nil (6604ms)
[2026-06-15 09:54:54] [hand_detect] IN: hand_detect 1920x1080 → OUT: detected=false landmarks=nil confidence=0
[2026-06-15 09:54:54] [face_detect] IN: face_detect → OUT: detected=false landmarks=nil roll=nil pitch=nil yaw=nil (6958ms)
[2026-06-15 09:54:54] [hand_detect] IN: hand_detect 1920x1080 → OUT: detected=false landmarks=nil confidence=0
[2026-06-15 09:54:54] [face_detect] IN: face_detect → OUT: detected=false landmarks=nil roll=nil pitch=nil yaw=nil (6276ms)
[2026-06-15 09:54:54] [hand_detect] IN: hand_detect 1920x1080 → OUT: detected=false landmarks=nil confidence=0
[2026-06-15 09:54:54] [face_detect] IN: face_detect → OUT: detected=false landmarks=nil roll=nil pitch=nil yaw=nil (6008ms)
[2026-06-15 09:54:54] [hand_detect] IN: hand_detect 1920x1080 → OUT: detected=false landmarks=nil confidence=0
[2026-06-15 09:54:54] [face_detect] IN: face_detect → OUT: detected=false landmarks=nil roll=nil pitch=nil yaw=nil (7096ms)
[2026-06-15 09:54:54] [hand_detect] IN: hand_detect 1920x1080 → OUT: detected=false landmarks=nil confidence=0
[2026-06-15 09:54:54] [face_detect] IN: face_detect → OUT: detected=false landmarks=nil roll=nil pitch=nil yaw=nil (6283ms)
[2026-06-15 09:54:54] [hand_detect] IN: hand_detect 1920x1080 → OUT: detected=false landmarks=nil confidence=0
[2026-06-15 09:54:54] [face_detect] IN: face_detect → OUT: detected=false landmarks=nil roll=nil pitch=nil yaw=nil (6189ms)
[2026-06-15 09:54:54] [axScan] IN: windows=4 → OUT: raw=49 visible=6 [pid685=1 pid689=1 pid690=1 pid8084=3] (52ms)
[2026-06-15 09:54:54] [hand_detect] IN: hand_detect 1920x1080 → OUT: detected=false landmarks=nil confidence=0
[2026-06-15 09:54:54] [face_detect] IN: face_detect → OUT: detected=false landmarks=nil roll=nil pitch=nil yaw=nil (5480ms)
[2026-06-15 09:54:54] [hand_detect] IN: hand_detect 1920x1080 → OUT: detected=false landmarks=nil confidence=0
[2026-06-15 09:54:54] [face_detect] IN: face_detect → OUT: detected=false landmarks=nil roll=nil pitch=nil yaw=nil (5924ms)
[2026-06-15 09:54:54] [hand_detect] IN: hand_detect 1920x1080 → OUT: detected=false landmarks=nil confidence=0
[2026-06-15 09:54:54] [face_detect] IN: face_detect → OUT: detected=false landmarks=nil roll=nil pitch=nil yaw=nil (6684ms)
[2026-06-15 09:54:54] [hand_detect] IN: hand_detect 1920x1080 → OUT: detected=false landmarks=nil confidence=0
[2026-06-15 09:54:54] [face_detect] IN: face_detect → OUT: detected=false landmarks=nil roll=nil pitch=nil yaw=nil (6656ms)
[2026-06-15 09:54:54] [hand_detect] IN: hand_detect 1920x1080 → OUT: detected=false landmarks=nil confidence=0
[2026-06-15 09:54:54] [face_detect] IN: face_detect → OUT: detected=false landmarks=nil roll=nil pitch=nil yaw=nil (6922ms)
[2026-06-15 09:54:54] [hand_detect] IN: hand_detect 1920x1080 → OUT: detected=false landmarks=nil confidence=0
[2026-06-15 09:54:54] [face_detect] IN: face_detect → OUT: detected=false landmarks=nil roll=nil pitch=nil yaw=nil (6464ms)
[2026-06-15 09:54:54] [hand_detect] IN: hand_detect 1920x1080 → OUT: detected=false landmarks=nil confidence=0
[2026-06-15 09:54:54] [face_detect] IN: face_detect → OUT: detected=false landmarks=nil roll=nil pitch=nil yaw=nil (6430ms)
[2026-06-15 09:54:54] [hand_detect] IN: hand_detect 1920x1080 → OUT: detected=false landmarks=nil confidence=0
[2026-06-15 09:54:54] [face_detect] IN: face_detect → OUT: detected=false landmarks=nil roll=nil pitch=nil yaw=nil (6263ms)
[2026-06-15 09:54:54] [hand_detect] IN: hand_detect 1920x1080 → OUT: detected=false landmarks=nil confidence=0
[2026-06-15 09:54:54] [face_detect] IN: face_detect → OUT: detected=false landmarks=nil roll=nil pitch=nil yaw=nil (6784ms)
[2026-06-15 09:54:54] [hand_detect] IN: hand_detect 1920x1080 → OUT: detected=false landmarks=nil confidence=0
[2026-06-15 09:54:54] [face_detect] IN: face_detect → OUT: detected=false landmarks=nil roll=nil pitch=nil yaw=nil (7058ms)
[2026-06-15 09:54:54] [hand_detect] IN: hand_detect 1920x1080 → OUT: detected=false landmarks=nil confidence=0
[2026-06-15 09:54:54] [face_detect] IN: face_detect → OUT: detected=false landmarks=nil roll=nil pitch=nil yaw=nil (6954ms)
[2026-06-15 09:54:54] [hand_detect] IN: hand_detect 1920x1080 → OUT: detected=false landmarks=nil confidence=0
[2026-06-15 09:54:54] [face_detect] IN: face_detect → OUT: detected=false landmarks=nil roll=nil pitch=nil yaw=nil (6891ms)
[2026-06-15 09:54:54] [hand_detect] IN: hand_detect 1920x1080 → OUT: detected=false landmarks=nil confidence=0
[2026-06-15 09:54:54] [face_detect] IN: face_detect → OUT: detected=false landmarks=nil roll=nil pitch=nil yaw=nil (5939ms)
[2026-06-15 09:54:54] [hand_detect] IN: hand_detect 1920x1080 → OUT: detected=false landmarks=nil confidence=0
[2026-06-15 09:54:54] [face_detect] IN: face_detect → OUT: detected=false landmarks=nil roll=nil pitch=nil yaw=nil (6650ms)
[2026-06-15 09:54:54] [hand_detect] IN: hand_detect 1920x1080 → OUT: detected=false landmarks=nil confidence=0
[2026-06-15 09:54:54] [face_detect] IN: face_detect → OUT: detected=false landmarks=nil roll=nil pitch=nil yaw=nil (6217ms)
[2026-06-15 09:54:54] [axScan] IN: windows=4 → OUT: raw=49 visible=6 [pid685=1 pid8084=3 pid689=1 pid690=1] (52ms)
[2026-06-15 09:54:54] [hand_detect] IN: hand_detect 1920x1080 → OUT: detected=false landmarks=nil confidence=0
[2026-06-15 09:54:54] [face_detect] IN: face_detect → OUT: detected=false landmarks=nil roll=nil pitch=nil yaw=nil (5309ms)
[2026-06-15 09:54:54] [hand_detect] IN: hand_detect 1920x1080 → OUT: detected=false landmarks=nil confidence=0
[2026-06-15 09:54:54] [face_detect] IN: face_detect → OUT: detected=false landmarks=nil roll=nil pitch=nil yaw=nil (5416ms)
[2026-06-15 09:54:54] [hand_detect] IN: hand_detect 1920x1080 → OUT: detected=false landmarks=nil confidence=0
[2026-06-15 09:54:54] [face_detect] IN: face_detect → OUT: detected=false landmarks=nil roll=nil pitch=nil yaw=nil (6425ms)
[2026-06-15 09:54:54] [hand_detect] IN: hand_detect 1920x1080 → OUT: detected=false landmarks=nil confidence=0
[2026-06-15 09:54:54] [face_detect] IN: face_detect → OUT: detected=false landmarks=nil roll=nil pitch=nil yaw=nil (6137ms)
[2026-06-15 09:54:54] [hand_detect] IN: hand_detect 1920x1080 → OUT: detected=false landmarks=nil confidence=0
[2026-06-15 09:54:54] [face_detect] IN: face_detect → OUT: detected=false landmarks=nil roll=nil pitch=nil yaw=nil (6723ms)
[2026-06-15 09:54:54] [hand_detect] IN: hand_detect 1920x1080 → OUT: detected=false landmarks=nil confidence=0
[2026-06-15 09:54:55] [face_detect] IN: face_detect → OUT: detected=false landmarks=nil roll=nil pitch=nil yaw=nil (6507ms)
[2026-06-15 09:54:55] [hand_detect] IN: hand_detect 1920x1080 → OUT: detected=false landmarks=nil confidence=0
[2026-06-15 09:54:55] [face_detect] IN: face_detect → OUT: detected=false landmarks=nil roll=nil pitch=nil yaw=nil (6662ms)
[2026-06-15 09:54:55] [hand_detect] IN: hand_detect 1920x1080 → OUT: detected=false landmarks=nil confidence=0
[2026-06-15 09:54:55] [face_detect] IN: face_detect → OUT: detected=false landmarks=nil roll=nil pitch=nil yaw=nil (7135ms)
[2026-06-15 09:54:55] [hand_detect] IN: hand_detect 1920x1080 → OUT: detected=false landmarks=nil confidence=0
[2026-06-15 09:54:55] [face_detect] IN: face_detect → OUT: detected=false landmarks=nil roll=nil pitch=nil yaw=nil (6654ms)
[2026-06-15 09:54:55] [hand_detect] IN: hand_detect 1920x1080 → OUT: detected=false landmarks=nil confidence=0
[2026-06-15 09:54:55] [face_detect] IN: face_detect → OUT: detected=false landmarks=nil roll=nil pitch=nil yaw=nil (7248ms)
[2026-06-15 09:54:55] [hand_detect] IN: hand_detect 1920x1080 → OUT: detected=false landmarks=nil confidence=0
[2026-06-15 09:54:55] [face_detect] IN: face_detect → OUT: detected=false landmarks=nil roll=nil pitch=nil yaw=nil (6598ms)
[2026-06-15 09:54:55] [hand_detect] IN: hand_detect 1920x1080 → OUT: detected=false landmarks=nil confidence=0
[2026-06-15 09:54:55] [face_detect] IN: face_detect → OUT: detected=false landmarks=nil roll=nil pitch=nil yaw=nil (7157ms)
[2026-06-15 09:54:55] [hand_detect] IN: hand_detect 1920x1080 → OUT: detected=false landmarks=nil confidence=0
[2026-06-15 09:54:55] [face_detect] IN: face_detect → OUT: detected=false landmarks=nil roll=nil pitch=nil yaw=nil (6133ms)
[2026-06-15 09:54:55] [hand_detect] IN: hand_detect 1920x1080 → OUT: detected=false landmarks=nil confidence=0
[2026-06-15 09:54:55] [face_detect] IN: face_detect → OUT: detected=false landmarks=nil roll=nil pitch=nil yaw=nil (6615ms)
[2026-06-15 09:54:55] [hand_detect] IN: hand_detect 1920x1080 → OUT: detected=false landmarks=nil confidence=0
[2026-06-15 09:54:55] [face_detect] IN: face_detect → OUT: detected=false landmarks=nil roll=nil pitch=nil yaw=nil (6460ms)
[2026-06-15 09:54:55] [axScan] IN: windows=4 → OUT: raw=49 visible=6 [pid689=1 pid690=1 pid685=1 pid8084=3] (54ms)
[2026-06-15 09:54:55] [hand_detect] IN: hand_detect 1920x1080 → OUT: detected=false landmarks=nil confidence=0
[2026-06-15 09:54:55] [face_detect] IN: face_detect → OUT: detected=false landmarks=nil roll=nil pitch=nil yaw=nil (5734ms)
[2026-06-15 09:54:55] [hand_detect] IN: hand_detect 1920x1080 → OUT: detected=false landmarks=nil confidence=0
[2026-06-15 09:54:55] [face_detect] IN: face_detect → OUT: detected=false landmarks=nil roll=nil pitch=nil yaw=nil (5723ms)
[2026-06-15 09:54:55] [hand_detect] IN: hand_detect 1920x1080 → OUT: detected=false landmarks=nil confidence=0
[2026-06-15 09:54:55] [face_detect] IN: face_detect → OUT: detected=false landmarks=nil roll=nil pitch=nil yaw=nil (5692ms)
[2026-06-15 09:54:55] [hand_detect] IN: hand_detect 1920x1080 → OUT: detected=false landmarks=nil confidence=0
[2026-06-15 09:54:55] [face_detect] IN: face_detect → OUT: detected=false landmarks=nil roll=nil pitch=nil yaw=nil (6621ms)
[2026-06-15 09:54:55] [hand_detect] IN: hand_detect 1920x1080 → OUT: detected=false landmarks=nil confidence=0
[2026-06-15 09:54:55] [face_detect] IN: face_detect → OUT: detected=false landmarks=nil roll=nil pitch=nil yaw=nil (6571ms)
[2026-06-15 09:54:55] [hand_detect] IN: hand_detect 1920x1080 → OUT: detected=false landmarks=nil confidence=0
[2026-06-15 09:54:55] [face_detect] IN: face_detect → OUT: detected=false landmarks=nil roll=nil pitch=nil yaw=nil (6872ms)
[2026-06-15 09:54:55] [hand_detect] IN: hand_detect 1920x1080 → OUT: detected=false landmarks=nil confidence=0
[2026-06-15 09:54:55] [face_detect] IN: face_detect → OUT: detected=false landmarks=nil roll=nil pitch=nil yaw=nil (6919ms)
[2026-06-15 09:54:55] [hand_detect] IN: hand_detect 1920x1080 → OUT: detected=false landmarks=nil confidence=0
[2026-06-15 09:54:55] [face_detect] IN: face_detect → OUT: detected=false landmarks=nil roll=nil pitch=nil yaw=nil (6342ms)
[2026-06-15 09:54:55] [hand_detect] IN: hand_detect 1920x1080 → OUT: detected=false landmarks=nil confidence=0
[2026-06-15 09:54:55] [face_detect] IN: face_detect → OUT: detected=false landmarks=nil roll=nil pitch=nil yaw=nil (6471ms)
[2026-06-15 09:54:55] [hand_detect] IN: hand_detect 1920x1080 → OUT: detected=false landmarks=nil confidence=0
[2026-06-15 09:54:55] [face_detect] IN: face_detect → OUT: detected=false landmarks=nil roll=nil pitch=nil yaw=nil (6397ms)
[2026-06-15 09:54:55] [hand_detect] IN: hand_detect 1920x1080 → OUT: detected=false landmarks=nil confidence=0
[2026-06-15 09:54:55] [face_detect] IN: face_detect → OUT: detected=false landmarks=nil roll=nil pitch=nil yaw=nil (6191ms)
[2026-06-15 09:54:55] [hand_detect] IN: hand_detect 1920x1080 → OUT: detected=false landmarks=nil confidence=0
[2026-06-15 09:54:55] [face_detect] IN: face_detect → OUT: detected=false landmarks=nil roll=nil pitch=nil yaw=nil (6680ms)
[2026-06-15 09:54:55] [hand_detect] IN: hand_detect 1920x1080 → OUT: detected=false landmarks=nil confidence=0
[2026-06-15 09:54:55] [face_detect] IN: face_detect → OUT: detected=false landmarks=nil roll=nil pitch=nil yaw=nil (6432ms)
[2026-06-15 09:54:55] [hand_detect] IN: hand_detect 1920x1080 → OUT: detected=false landmarks=nil confidence=0
[2026-06-15 09:54:55] [face_detect] IN: face_detect → OUT: detected=false landmarks=nil roll=nil pitch=nil yaw=nil (6605ms)
[2026-06-15 09:54:55] [hand_detect] IN: hand_detect 1920x1080 → OUT: detected=false landmarks=nil confidence=0
[2026-06-15 09:54:55] [face_detect] IN: face_detect → OUT: detected=false landmarks=nil roll=nil pitch=nil yaw=nil (5779ms)
[2026-06-15 09:54:55] [axScan] IN: windows=4 → OUT: raw=49 visible=6 [pid8084=3 pid690=1 pid685=1 pid689=1] (49ms)
[2026-06-15 09:54:55] [hand_detect] IN: hand_detect 1920x1080 → OUT: detected=false landmarks=nil confidence=0
[2026-06-15 09:54:55] [face_detect] IN: face_detect → OUT: detected=false landmarks=nil roll=nil pitch=nil yaw=nil (6055ms)
[2026-06-15 09:54:55] [hand_detect] IN: hand_detect 1920x1080 → OUT: detected=false landmarks=nil confidence=0
[2026-06-15 09:54:55] [face_detect] IN: face_detect → OUT: detected=false landmarks=nil roll=nil pitch=nil yaw=nil (5895ms)
[2026-06-15 09:54:55] [hand_detect] IN: hand_detect 1920x1080 → OUT: detected=false landmarks=nil confidence=0
[2026-06-15 09:54:55] [face_detect] IN: face_detect → OUT: detected=false landmarks=nil roll=nil pitch=nil yaw=nil (6144ms)
[2026-06-15 09:54:55] [hand_detect] IN: hand_detect 1920x1080 → OUT: detected=false landmarks=nil confidence=0
[2026-06-15 09:54:55] [face_detect] IN: face_detect → OUT: detected=false landmarks=nil roll=nil pitch=nil yaw=nil (6276ms)
[2026-06-15 09:54:55] [hand_detect] IN: hand_detect 1920x1080 → OUT: detected=false landmarks=nil confidence=0
[2026-06-15 09:54:55] [face_detect] IN: face_detect → OUT: detected=false landmarks=nil roll=nil pitch=nil yaw=nil (6147ms)
[2026-06-15 09:54:55] [hand_detect] IN: hand_detect 1920x1080 → OUT: detected=false landmarks=nil confidence=0
[2026-06-15 09:54:55] [face_detect] IN: face_detect → OUT: detected=false landmarks=nil roll=nil pitch=nil yaw=nil (6917ms)
[2026-06-15 09:54:56] [hand_detect] IN: hand_detect 1920x1080 → OUT: detected=false landmarks=nil confidence=0
[2026-06-15 09:54:56] [face_detect] IN: face_detect → OUT: detected=false landmarks=nil roll=nil pitch=nil yaw=nil (6631ms)
[2026-06-15 09:54:56] [hand_detect] IN: hand_detect 1920x1080 → OUT: detected=false landmarks=nil confidence=0
[2026-06-15 09:54:56] [face_detect] IN: face_detect → OUT: detected=false landmarks=nil roll=nil pitch=nil yaw=nil (6687ms)
[2026-06-15 09:54:56] [hand_detect] IN: hand_detect 1920x1080 → OUT: detected=false landmarks=nil confidence=0
[2026-06-15 09:54:56] [face_detect] IN: face_detect → OUT: detected=false landmarks=nil roll=nil pitch=nil yaw=nil (6693ms)
[2026-06-15 09:54:56] [hand_detect] IN: hand_detect 1920x1080 → OUT: detected=false landmarks=nil confidence=0
[2026-06-15 09:54:56] [face_detect] IN: face_detect → OUT: detected=false landmarks=nil roll=nil pitch=nil yaw=nil (6415ms)
[2026-06-15 09:54:56] [hand_detect] IN: hand_detect 1920x1080 → OUT: detected=false landmarks=nil confidence=0
[2026-06-15 09:54:56] [face_detect] IN: face_detect → OUT: detected=false landmarks=nil roll=nil pitch=nil yaw=nil (6689ms)
[2026-06-15 09:54:56] [hand_detect] IN: hand_detect 1920x1080 → OUT: detected=false landmarks=nil confidence=0
[2026-06-15 09:54:56] [face_detect] IN: face_detect → OUT: detected=false landmarks=nil roll=nil pitch=nil yaw=nil (6054ms)
[2026-06-15 09:54:56] [hand_detect] IN: hand_detect 1920x1080 → OUT: detected=false landmarks=nil confidence=0
[2026-06-15 09:54:56] [face_detect] IN: face_detect → OUT: detected=false landmarks=nil roll=nil pitch=nil yaw=nil (6853ms)
[2026-06-15 09:54:56] [hand_detect] IN: hand_detect 1920x1080 → OUT: detected=false landmarks=nil confidence=0
[2026-06-15 09:54:56] [face_detect] IN: face_detect → OUT: detected=false landmarks=nil roll=nil pitch=nil yaw=nil (6651ms)
[2026-06-15 09:54:56] [hand_detect] IN: hand_detect 1920x1080 → OUT: detected=false landmarks=nil confidence=0
[2026-06-15 09:54:56] [face_detect] IN: face_detect → OUT: detected=false landmarks=nil roll=nil pitch=nil yaw=nil (6430ms)
[2026-06-15 09:54:56] [axScan] IN: windows=4 → OUT: raw=49 visible=6 [pid8084=3 pid689=1 pid690=1 pid685=1] (54ms)
[2026-06-15 09:54:56] [hand_detect] IN: hand_detect 1920x1080 → OUT: detected=false landmarks=nil confidence=0
[2026-06-15 09:54:56] [face_detect] IN: face_detect → OUT: detected=false landmarks=nil roll=nil pitch=nil yaw=nil (5729ms)
[2026-06-15 09:54:56] [hand_detect] IN: hand_detect 1920x1080 → OUT: detected=false landmarks=nil confidence=0
[2026-06-15 09:54:56] [face_detect] IN: face_detect → OUT: detected=false landmarks=nil roll=nil pitch=nil yaw=nil (6065ms)
[2026-06-15 09:54:56] [hand_detect] IN: hand_detect 1920x1080 → OUT: detected=false landmarks=nil confidence=0
[2026-06-15 09:54:56] [face_detect] IN: face_detect → OUT: detected=false landmarks=nil roll=nil pitch=nil yaw=nil (6188ms)
[2026-06-15 09:54:56] [hand_detect] IN: hand_detect 1920x1080 → OUT: detected=false landmarks=nil confidence=0
[2026-06-15 09:54:56] [face_detect] IN: face_detect → OUT: detected=false landmarks=nil roll=nil pitch=nil yaw=nil (6467ms)
[2026-06-15 09:54:56] [hand_detect] IN: hand_detect 1920x1080 → OUT: detected=false landmarks=nil confidence=0
[2026-06-15 09:54:56] [face_detect] IN: face_detect → OUT: detected=false landmarks=nil roll=nil pitch=nil yaw=nil (7207ms)
[2026-06-15 09:54:56] [hand_detect] IN: hand_detect 1920x1080 → OUT: detected=false landmarks=nil confidence=0
[2026-06-15 09:54:56] [face_detect] IN: face_detect → OUT: detected=false landmarks=nil roll=nil pitch=nil yaw=nil (7270ms)
[2026-06-15 09:54:56] [hand_detect] IN: hand_detect 1920x1080 → OUT: detected=false landmarks=nil confidence=0
[2026-06-15 09:54:56] [face_detect] IN: face_detect → OUT: detected=false landmarks=nil roll=nil pitch=nil yaw=nil (6746ms)
[2026-06-15 09:54:56] [hand_detect] IN: hand_detect 1920x1080 → OUT: detected=false landmarks=nil confidence=0
[2026-06-15 09:54:56] [face_detect] IN: face_detect → OUT: detected=false landmarks=nil roll=nil pitch=nil yaw=nil (7276ms)
[2026-06-15 09:54:56] [hand_detect] IN: hand_detect 1920x1080 → OUT: detected=false landmarks=nil confidence=0
[2026-06-15 09:54:56] [face_detect] IN: face_detect → OUT: detected=false landmarks=nil roll=nil pitch=nil yaw=nil (6780ms)
[2026-06-15 09:54:56] [hand_detect] IN: hand_detect 1920x1080 → OUT: detected=false landmarks=nil confidence=0
[2026-06-15 09:54:56] [face_detect] IN: face_detect → OUT: detected=false landmarks=nil roll=nil pitch=nil yaw=nil (6810ms)
[2026-06-15 09:54:56] [hand_detect] IN: hand_detect 1920x1080 → OUT: detected=false landmarks=nil confidence=0
[2026-06-15 09:54:56] [face_detect] IN: face_detect → OUT: detected=false landmarks=nil roll=nil pitch=nil yaw=nil (6177ms)
[2026-06-15 09:54:56] [hand_detect] IN: hand_detect 1920x1080 → OUT: detected=false landmarks=nil confidence=0
[2026-06-15 09:54:56] [face_detect] IN: face_detect → OUT: detected=false landmarks=nil roll=nil pitch=nil yaw=nil (6984ms)
[2026-06-15 09:54:56] [hand_detect] IN: hand_detect 1920x1080 → OUT: detected=false landmarks=nil confidence=0
[2026-06-15 09:54:56] [face_detect] IN: face_detect → OUT: detected=false landmarks=nil roll=nil pitch=nil yaw=nil (5909ms)
[2026-06-15 09:54:56] [hand_detect] IN: hand_detect 1920x1080 → OUT: detected=false landmarks=nil confidence=0
[2026-06-15 09:54:56] [face_detect] IN: face_detect → OUT: detected=false landmarks=nil roll=nil pitch=nil yaw=nil (6910ms)
[2026-06-15 09:54:56] [hand_detect] IN: hand_detect 1920x1080 → OUT: detected=false landmarks=nil confidence=0
[2026-06-15 09:54:56] [face_detect] IN: face_detect → OUT: detected=false landmarks=nil roll=nil pitch=nil yaw=nil (6336ms)
[2026-06-15 09:54:56] [axScan] IN: windows=4 → OUT: raw=49 visible=6 [pid689=1 pid690=1 pid685=1 pid8084=3] (56ms)
[2026-06-15 09:54:56] [hand_detect] IN: hand_detect 1920x1080 → OUT: detected=false landmarks=nil confidence=0
[2026-06-15 09:54:56] [face_detect] IN: face_detect → OUT: detected=false landmarks=nil roll=nil pitch=nil yaw=nil (5942ms)
[2026-06-15 09:54:56] [hand_detect] IN: hand_detect 1920x1080 → OUT: detected=false landmarks=nil confidence=0
[2026-06-15 09:54:56] [face_detect] IN: face_detect → OUT: detected=false landmarks=nil roll=nil pitch=nil yaw=nil (5728ms)
[2026-06-15 09:54:56] [hand_detect] IN: hand_detect 1920x1080 → OUT: detected=false landmarks=nil confidence=0
[2026-06-15 09:54:56] [face_detect] IN: face_detect → OUT: detected=false landmarks=nil roll=nil pitch=nil yaw=nil (5940ms)
[2026-06-15 09:54:56] [hand_detect] IN: hand_detect 1920x1080 → OUT: detected=false landmarks=nil confidence=0
[2026-06-15 09:54:56] [face_detect] IN: face_detect → OUT: detected=false landmarks=nil roll=nil pitch=nil yaw=nil (6489ms)
[2026-06-15 09:54:56] [hand_detect] IN: hand_detect 1920x1080 → OUT: detected=false landmarks=nil confidence=0
[2026-06-15 09:54:56] [face_detect] IN: face_detect → OUT: detected=false landmarks=nil roll=nil pitch=nil yaw=nil (6739ms)
[2026-06-15 09:54:56] [hand_detect] IN: hand_detect 1920x1080 → OUT: detected=false landmarks=nil confidence=0
[2026-06-15 09:54:56] [face_detect] IN: face_detect → OUT: detected=false landmarks=nil roll=nil pitch=nil yaw=nil (6216ms)
[2026-06-15 09:54:57] [hand_detect] IN: hand_detect 1920x1080 → OUT: detected=false landmarks=nil confidence=0
[2026-06-15 09:54:57] [face_detect] IN: face_detect → OUT: detected=false landmarks=nil roll=nil pitch=nil yaw=nil (6506ms)
[2026-06-15 09:54:57] [hand_detect] IN: hand_detect 1920x1080 → OUT: detected=false landmarks=nil confidence=0
[2026-06-15 09:54:57] [face_detect] IN: face_detect → OUT: detected=false landmarks=nil roll=nil pitch=nil yaw=nil (6502ms)
[2026-06-15 09:54:57] [hand_detect] IN: hand_detect 1920x1080 → OUT: detected=false landmarks=nil confidence=0
[2026-06-15 09:54:57] [face_detect] IN: face_detect → OUT: detected=false landmarks=nil roll=nil pitch=nil yaw=nil (7608ms)
[2026-06-15 09:54:57] [hand_detect] IN: hand_detect 1920x1080 → OUT: detected=false landmarks=nil confidence=0
[2026-06-15 09:54:57] [face_detect] IN: face_detect → OUT: detected=false landmarks=nil roll=nil pitch=nil yaw=nil (6175ms)
[2026-06-15 09:54:57] [hand_detect] IN: hand_detect 1920x1080 → OUT: detected=false landmarks=nil confidence=0
[2026-06-15 09:54:57] [face_detect] IN: face_detect → OUT: detected=false landmarks=nil roll=nil pitch=nil yaw=nil (6347ms)
[2026-06-15 09:54:57] [hand_detect] IN: hand_detect 1920x1080 → OUT: detected=false landmarks=nil confidence=0
[2026-06-15 09:54:57] [face_detect] IN: face_detect → OUT: detected=false landmarks=nil roll=nil pitch=nil yaw=nil (7153ms)
[2026-06-15 09:54:57] [hand_detect] IN: hand_detect 1920x1080 → OUT: detected=false landmarks=nil confidence=0
[2026-06-15 09:54:57] [face_detect] IN: face_detect → OUT: detected=false landmarks=nil roll=nil pitch=nil yaw=nil (6654ms)
[2026-06-15 09:54:57] [hand_detect] IN: hand_detect 1920x1080 → OUT: detected=false landmarks=nil confidence=0
[2026-06-15 09:54:57] [face_detect] IN: face_detect → OUT: detected=false landmarks=nil roll=nil pitch=nil yaw=nil (6731ms)
[2026-06-15 09:54:57] [hand_detect] IN: hand_detect 1920x1080 → OUT: detected=false landmarks=nil confidence=0
[2026-06-15 09:54:57] [face_detect] IN: face_detect → OUT: detected=false landmarks=nil roll=nil pitch=nil yaw=nil (5648ms)
[2026-06-15 09:54:57] [hand_detect] IN: hand_detect 1920x1080 → OUT: detected=false landmarks=nil confidence=0
[2026-06-15 09:54:57] [axScan] IN: windows=4 → OUT: raw=49 visible=6 [pid690=1 pid689=1 pid685=1 pid8084=3] (60ms)
[2026-06-15 09:54:57] [face_detect] IN: face_detect → OUT: detected=false landmarks=nil roll=nil pitch=nil yaw=nil (4037ms)
[2026-06-15 09:54:57] [hand_detect] IN: hand_detect 1920x1080 → OUT: detected=false landmarks=nil confidence=0
[2026-06-15 09:54:57] [face_detect] IN: face_detect → OUT: detected=false landmarks=nil roll=nil pitch=nil yaw=nil (4711ms)
[2026-06-15 09:54:57] [hand_detect] IN: hand_detect 1920x1080 → OUT: detected=false landmarks=nil confidence=0
[2026-06-15 09:54:57] [face_detect] IN: face_detect → OUT: detected=false landmarks=nil roll=nil pitch=nil yaw=nil (5020ms)
[2026-06-15 09:54:57] [hand_detect] IN: hand_detect 1920x1080 → OUT: detected=false landmarks=nil confidence=0
[2026-06-15 09:54:57] [face_detect] IN: face_detect → OUT: detected=false landmarks=nil roll=nil pitch=nil yaw=nil (5635ms)
[2026-06-15 09:54:57] [hand_detect] IN: hand_detect 1920x1080 → OUT: detected=false landmarks=nil confidence=0
[2026-06-15 09:54:57] [face_detect] IN: face_detect → OUT: detected=false landmarks=nil roll=nil pitch=nil yaw=nil (5802ms)
[2026-06-15 09:54:57] [hand_detect] IN: hand_detect 1920x1080 → OUT: detected=false landmarks=nil confidence=0
[2026-06-15 09:54:57] [face_detect] IN: face_detect → OUT: detected=false landmarks=nil roll=nil pitch=nil yaw=nil (6338ms)
[2026-06-15 09:54:57] [hand_detect] IN: hand_detect 1920x1080 → OUT: detected=false landmarks=nil confidence=0
[2026-06-15 09:54:57] [face_detect] IN: face_detect → OUT: detected=false landmarks=nil roll=nil pitch=nil yaw=nil (6134ms)
[2026-06-15 09:54:57] [hand_detect] IN: hand_detect 1920x1080 → OUT: detected=false landmarks=nil confidence=0
[2026-06-15 09:54:57] [face_detect] IN: face_detect → OUT: detected=false landmarks=nil roll=nil pitch=nil yaw=nil (6440ms)
[2026-06-15 09:54:57] [hand_detect] IN: hand_detect 1920x1080 → OUT: detected=false landmarks=nil confidence=0
[2026-06-15 09:54:57] [face_detect] IN: face_detect → OUT: detected=false landmarks=nil roll=nil pitch=nil yaw=nil (6677ms)
[2026-06-15 09:54:57] [hand_detect] IN: hand_detect 1920x1080 → OUT: detected=false landmarks=nil confidence=0
[2026-06-15 09:54:57] [face_detect] IN: face_detect → OUT: detected=false landmarks=nil roll=nil pitch=nil yaw=nil (6729ms)
[2026-06-15 09:54:57] [hand_detect] IN: hand_detect 1920x1080 → OUT: detected=false landmarks=nil confidence=0
[2026-06-15 09:54:57] [face_detect] IN: face_detect → OUT: detected=false landmarks=nil roll=nil pitch=nil yaw=nil (6555ms)
[2026-06-15 09:54:57] [hand_detect] IN: hand_detect 1920x1080 → OUT: detected=false landmarks=nil confidence=0
[2026-06-15 09:54:57] [face_detect] IN: face_detect → OUT: detected=false landmarks=nil roll=nil pitch=nil yaw=nil (6505ms)
[2026-06-15 09:54:57] [hand_detect] IN: hand_detect 1920x1080 → OUT: detected=false landmarks=nil confidence=0
[2026-06-15 09:54:57] [face_detect] IN: face_detect → OUT: detected=false landmarks=nil roll=nil pitch=nil yaw=nil (7231ms)
[2026-06-15 09:54:57] [hand_detect] IN: hand_detect 1920x1080 → OUT: detected=false landmarks=nil confidence=0
[2026-06-15 09:54:57] [face_detect] IN: face_detect → OUT: detected=false landmarks=nil roll=nil pitch=nil yaw=nil (6301ms)
[2026-06-15 09:54:57] [hand_detect] IN: hand_detect 1920x1080 → OUT: detected=false landmarks=nil confidence=0
[2026-06-15 09:54:57] [face_detect] IN: face_detect → OUT: detected=false landmarks=nil roll=nil pitch=nil yaw=nil (6824ms)
[2026-06-15 09:54:57] [axScan] IN: windows=4 → OUT: raw=49 visible=6 [pid685=1 pid689=1 pid690=1 pid8084=3] (56ms)
[2026-06-15 09:54:57] [hand_detect] IN: hand_detect 1920x1080 → OUT: detected=false landmarks=nil confidence=0
[2026-06-15 09:54:57] [face_detect] IN: face_detect → OUT: detected=false landmarks=nil roll=nil pitch=nil yaw=nil (5218ms)
[2026-06-15 09:54:57] [hand_detect] IN: hand_detect 1920x1080 → OUT: detected=false landmarks=nil confidence=0
[2026-06-15 09:54:57] [face_detect] IN: face_detect → OUT: detected=false landmarks=nil roll=nil pitch=nil yaw=nil (6034ms)
[2026-06-15 09:54:57] [hand_detect] IN: hand_detect 1920x1080 → OUT: detected=false landmarks=nil confidence=0
[2026-06-15 09:54:57] [face_detect] IN: face_detect → OUT: detected=false landmarks=nil roll=nil pitch=nil yaw=nil (5568ms)
[2026-06-15 09:54:57] [hand_detect] IN: hand_detect 1920x1080 → OUT: detected=false landmarks=nil confidence=0
[2026-06-15 09:54:57] [face_detect] IN: face_detect → OUT: detected=false landmarks=nil roll=nil pitch=nil yaw=nil (6695ms)
[2026-06-15 09:54:57] [hand_detect] IN: hand_detect 1920x1080 → OUT: detected=false landmarks=nil confidence=0
[2026-06-15 09:54:57] [face_detect] IN: face_detect → OUT: detected=false landmarks=nil roll=nil pitch=nil yaw=nil (6364ms)
[2026-06-15 09:54:57] [hand_detect] IN: hand_detect 1920x1080 → OUT: detected=false landmarks=nil confidence=0
[2026-06-15 09:54:57] [face_detect] IN: face_detect → OUT: detected=false landmarks=nil roll=nil pitch=nil yaw=nil (6539ms)
[2026-06-15 09:54:58] [hand_detect] IN: hand_detect 1920x1080 → OUT: detected=false landmarks=nil confidence=0
[2026-06-15 09:54:58] [face_detect] IN: face_detect → OUT: detected=false landmarks=nil roll=nil pitch=nil yaw=nil (6546ms)
[2026-06-15 09:54:58] [hand_detect] IN: hand_detect 1920x1080 → OUT: detected=false landmarks=nil confidence=0
[2026-06-15 09:54:58] [face_detect] IN: face_detect → OUT: detected=false landmarks=nil roll=nil pitch=nil yaw=nil (6302ms)
[2026-06-15 09:54:58] [hand_detect] IN: hand_detect 1920x1080 → OUT: detected=false landmarks=nil confidence=0
[2026-06-15 09:54:58] [face_detect] IN: face_detect → OUT: detected=false landmarks=nil roll=nil pitch=nil yaw=nil (6613ms)
[2026-06-15 09:54:58] [hand_detect] IN: hand_detect 1920x1080 → OUT: detected=false landmarks=nil confidence=0
[2026-06-15 09:54:58] [face_detect] IN: face_detect → OUT: detected=false landmarks=nil roll=nil pitch=nil yaw=nil (6836ms)
[2026-06-15 09:54:58] [hand_detect] IN: hand_detect 1920x1080 → OUT: detected=false landmarks=nil confidence=0
[2026-06-15 09:54:58] [face_detect] IN: face_detect → OUT: detected=false landmarks=nil roll=nil pitch=nil yaw=nil (6208ms)
[2026-06-15 09:54:58] [hand_detect] IN: hand_detect 1920x1080 → OUT: detected=false landmarks=nil confidence=0
[2026-06-15 09:54:58] [face_detect] IN: face_detect → OUT: detected=false landmarks=nil roll=nil pitch=nil yaw=nil (6767ms)
[2026-06-15 09:54:58] [hand_detect] IN: hand_detect 1920x1080 → OUT: detected=false landmarks=nil confidence=0
[2026-06-15 09:54:58] [face_detect] IN: face_detect → OUT: detected=false landmarks=nil roll=nil pitch=nil yaw=nil (6191ms)
[2026-06-15 09:54:58] [hand_detect] IN: hand_detect 1920x1080 → OUT: detected=false landmarks=nil confidence=0
[2026-06-15 09:54:58] [face_detect] IN: face_detect → OUT: detected=false landmarks=nil roll=nil pitch=nil yaw=nil (6649ms)
[2026-06-15 09:54:58] [hand_detect] IN: hand_detect 1920x1080 → OUT: detected=false landmarks=nil confidence=0
[2026-06-15 09:54:58] [face_detect] IN: face_detect → OUT: detected=false landmarks=nil roll=nil pitch=nil yaw=nil (6096ms)
[2026-06-15 09:54:58] [axScan] IN: windows=4 → OUT: raw=49 visible=6 [pid685=1 pid689=1 pid690=1 pid8084=3] (56ms)
[2026-06-15 09:54:58] [hand_detect] IN: hand_detect 1920x1080 → OUT: detected=false landmarks=nil confidence=0
[2026-06-15 09:54:58] [face_detect] IN: face_detect → OUT: detected=false landmarks=nil roll=nil pitch=nil yaw=nil (5578ms)
[2026-06-15 09:54:58] [hand_detect] IN: hand_detect 1920x1080 → OUT: detected=false landmarks=nil confidence=0
[2026-06-15 09:54:58] [face_detect] IN: face_detect → OUT: detected=false landmarks=nil roll=nil pitch=nil yaw=nil (5828ms)
[2026-06-15 09:54:58] [hand_detect] IN: hand_detect 1920x1080 → OUT: detected=false landmarks=nil confidence=0
[2026-06-15 09:54:58] [face_detect] IN: face_detect → OUT: detected=false landmarks=nil roll=nil pitch=nil yaw=nil (6487ms)
[2026-06-15 09:54:58] [hand_detect] IN: hand_detect 1920x1080 → OUT: detected=false landmarks=nil confidence=0
[2026-06-15 09:54:58] [face_detect] IN: face_detect → OUT: detected=false landmarks=nil roll=nil pitch=nil yaw=nil (6603ms)
[2026-06-15 09:54:58] [hand_detect] IN: hand_detect 1920x1080 → OUT: detected=false landmarks=nil confidence=0
[2026-06-15 09:54:58] [face_detect] IN: face_detect → OUT: detected=false landmarks=nil roll=nil pitch=nil yaw=nil (7283ms)
[2026-06-15 09:54:58] [hand_detect] IN: hand_detect 1920x1080 → OUT: detected=false landmarks=nil confidence=0
[2026-06-15 09:54:58] [face_detect] IN: face_detect → OUT: detected=false landmarks=nil roll=nil pitch=nil yaw=nil (6870ms)
[2026-06-15 09:54:58] [hand_detect] IN: hand_detect 1920x1080 → OUT: detected=false landmarks=nil confidence=0
[2026-06-15 09:54:58] [face_detect] IN: face_detect → OUT: detected=false landmarks=nil roll=nil pitch=nil yaw=nil (6453ms)
[2026-06-15 09:54:58] [hand_detect] IN: hand_detect 1920x1080 → OUT: detected=false landmarks=nil confidence=0
[2026-06-15 09:54:58] [face_detect] IN: face_detect → OUT: detected=false landmarks=nil roll=nil pitch=nil yaw=nil (6891ms)
[2026-06-15 09:54:58] [hand_detect] IN: hand_detect 1920x1080 → OUT: detected=false landmarks=nil confidence=0
[2026-06-15 09:54:58] [face_detect] IN: face_detect → OUT: detected=false landmarks=nil roll=nil pitch=nil yaw=nil (6313ms)
[2026-06-15 09:54:58] [hand_detect] IN: hand_detect 1920x1080 → OUT: detected=false landmarks=nil confidence=0
[2026-06-15 09:54:58] [face_detect] IN: face_detect → OUT: detected=false landmarks=nil roll=nil pitch=nil yaw=nil (6654ms)
[2026-06-15 09:54:58] [hand_detect] IN: hand_detect 1920x1080 → OUT: detected=false landmarks=nil confidence=0
[2026-06-15 09:54:58] [face_detect] IN: face_detect → OUT: detected=false landmarks=nil roll=nil pitch=nil yaw=nil (6633ms)
[2026-06-15 09:54:58] [hand_detect] IN: hand_detect 1920x1080 → OUT: detected=false landmarks=nil confidence=0
[2026-06-15 09:54:58] [face_detect] IN: face_detect → OUT: detected=false landmarks=nil roll=nil pitch=nil yaw=nil (6512ms)
[2026-06-15 09:54:58] [hand_detect] IN: hand_detect 1920x1080 → OUT: detected=false landmarks=nil confidence=0
[2026-06-15 09:54:58] [face_detect] IN: face_detect → OUT: detected=false landmarks=nil roll=nil pitch=nil yaw=nil (6473ms)
[2026-06-15 09:54:58] [hand_detect] IN: hand_detect 1920x1080 → OUT: detected=false landmarks=nil confidence=0
[2026-06-15 09:54:58] [face_detect] IN: face_detect → OUT: detected=false landmarks=nil roll=nil pitch=nil yaw=nil (7002ms)
[2026-06-15 09:54:58] [hand_detect] IN: hand_detect 1920x1080 → OUT: detected=false landmarks=nil confidence=0
[2026-06-15 09:54:58] [face_detect] IN: face_detect → OUT: detected=false landmarks=nil roll=nil pitch=nil yaw=nil (5910ms)
[2026-06-15 09:54:58] [axScan] IN: windows=4 → OUT: raw=49 visible=6 [pid689=1 pid8084=3 pid690=1 pid685=1] (58ms)
[2026-06-15 09:54:58] [hand_detect] IN: hand_detect 1920x1080 → OUT: detected=false landmarks=nil confidence=0
[2026-06-15 09:54:58] [face_detect] IN: face_detect → OUT: detected=false landmarks=nil roll=nil pitch=nil yaw=nil (4957ms)
[2026-06-15 09:54:58] [hand_detect] IN: hand_detect 1920x1080 → OUT: detected=false landmarks=nil confidence=0
[2026-06-15 09:54:58] [face_detect] IN: face_detect → OUT: detected=false landmarks=nil roll=nil pitch=nil yaw=nil (6066ms)
[2026-06-15 09:54:58] [hand_detect] IN: hand_detect 1920x1080 → OUT: detected=false landmarks=nil confidence=0
[2026-06-15 09:54:58] [face_detect] IN: face_detect → OUT: detected=false landmarks=nil roll=nil pitch=nil yaw=nil (5746ms)
[2026-06-15 09:54:58] [hand_detect] IN: hand_detect 1920x1080 → OUT: detected=false landmarks=nil confidence=0
[2026-06-15 09:54:58] [face_detect] IN: face_detect → OUT: detected=false landmarks=nil roll=nil pitch=nil yaw=nil (6974ms)
[2026-06-15 09:54:58] [hand_detect] IN: hand_detect 1920x1080 → OUT: detected=false landmarks=nil confidence=0
[2026-06-15 09:54:58] [face_detect] IN: face_detect → OUT: detected=false landmarks=nil roll=nil pitch=nil yaw=nil (7646ms)
[2026-06-15 09:54:58] [hand_detect] IN: hand_detect 1920x1080 → OUT: detected=false landmarks=nil confidence=0
[2026-06-15 09:54:58] [face_detect] IN: face_detect → OUT: detected=false landmarks=nil roll=nil pitch=nil yaw=nil (6549ms)
[2026-06-15 09:54:59] [hand_detect] IN: hand_detect 1920x1080 → OUT: detected=false landmarks=nil confidence=0
[2026-06-15 09:54:59] [face_detect] IN: face_detect → OUT: detected=false landmarks=nil roll=nil pitch=nil yaw=nil (7104ms)
[2026-06-15 09:54:59] [hand_detect] IN: hand_detect 1920x1080 → OUT: detected=false landmarks=nil confidence=0
[2026-06-15 09:54:59] [face_detect] IN: face_detect → OUT: detected=false landmarks=nil roll=nil pitch=nil yaw=nil (6257ms)
[2026-06-15 09:54:59] [hand_detect] IN: hand_detect 1920x1080 → OUT: detected=false landmarks=nil confidence=0
[2026-06-15 09:54:59] [face_detect] IN: face_detect → OUT: detected=false landmarks=nil roll=nil pitch=nil yaw=nil (6790ms)
[2026-06-15 09:54:59] [hand_detect] IN: hand_detect 1920x1080 → OUT: detected=false landmarks=nil confidence=0
[2026-06-15 09:54:59] [face_detect] IN: face_detect → OUT: detected=false landmarks=nil roll=nil pitch=nil yaw=nil (6555ms)
[2026-06-15 09:54:59] [hand_detect] IN: hand_detect 1920x1080 → OUT: detected=false landmarks=nil confidence=0
[2026-06-15 09:54:59] [face_detect] IN: face_detect → OUT: detected=false landmarks=nil roll=nil pitch=nil yaw=nil (7086ms)
[2026-06-15 09:54:59] [hand_detect] IN: hand_detect 1920x1080 → OUT: detected=false landmarks=nil confidence=0
[2026-06-15 09:54:59] [face_detect] IN: face_detect → OUT: detected=false landmarks=nil roll=nil pitch=nil yaw=nil (6007ms)
[2026-06-15 09:54:59] [hand_detect] IN: hand_detect 1920x1080 → OUT: detected=false landmarks=nil confidence=0
[2026-06-15 09:54:59] [face_detect] IN: face_detect → OUT: detected=false landmarks=nil roll=nil pitch=nil yaw=nil (6617ms)
[2026-06-15 09:54:59] [hand_detect] IN: hand_detect 1920x1080 → OUT: detected=false landmarks=nil confidence=0
[2026-06-15 09:54:59] [face_detect] IN: face_detect → OUT: detected=false landmarks=nil roll=nil pitch=nil yaw=nil (6748ms)
[2026-06-15 09:54:59] [hand_detect] IN: hand_detect 1920x1080 → OUT: detected=false landmarks=nil confidence=0
[2026-06-15 09:54:59] [face_detect] IN: face_detect → OUT: detected=false landmarks=nil roll=nil pitch=nil yaw=nil (6108ms)
[2026-06-15 09:54:59] [axScan] IN: windows=4 → OUT: raw=49 visible=6 [pid685=1 pid8084=3 pid690=1 pid689=1] (51ms)
[2026-06-15 09:54:59] [hand_detect] IN: hand_detect 1920x1080 → OUT: detected=false landmarks=nil confidence=0
[2026-06-15 09:54:59] [face_detect] IN: face_detect → OUT: detected=false landmarks=nil roll=nil pitch=nil yaw=nil (5576ms)
[2026-06-15 09:54:59] [hand_detect] IN: hand_detect 1920x1080 → OUT: detected=false landmarks=nil confidence=0
[2026-06-15 09:54:59] [face_detect] IN: face_detect → OUT: detected=false landmarks=nil roll=nil pitch=nil yaw=nil (5717ms)
[2026-06-15 09:54:59] [hand_detect] IN: hand_detect 1920x1080 → OUT: detected=false landmarks=nil confidence=0
[2026-06-15 09:54:59] [face_detect] IN: face_detect → OUT: detected=false landmarks=nil roll=nil pitch=nil yaw=nil (6481ms)
[2026-06-15 09:54:59] [hand_detect] IN: hand_detect 1920x1080 → OUT: detected=false landmarks=nil confidence=0
[2026-06-15 09:54:59] [face_detect] IN: face_detect → OUT: detected=false landmarks=nil roll=nil pitch=nil yaw=nil (6016ms)
[2026-06-15 09:54:59] [hand_detect] IN: hand_detect 1920x1080 → OUT: detected=false landmarks=nil confidence=0
[2026-06-15 09:54:59] [face_detect] IN: face_detect → OUT: detected=false landmarks=nil roll=nil pitch=nil yaw=nil (6796ms)
[2026-06-15 09:54:59] [hand_detect] IN: hand_detect 1920x1080 → OUT: detected=false landmarks=nil confidence=0
[2026-06-15 09:54:59] [face_detect] IN: face_detect → OUT: detected=false landmarks=nil roll=nil pitch=nil yaw=nil (6269ms)
[2026-06-15 09:54:59] [hand_detect] IN: hand_detect 1920x1080 → OUT: detected=false landmarks=nil confidence=0
[2026-06-15 09:54:59] [face_detect] IN: face_detect → OUT: detected=false landmarks=nil roll=nil pitch=nil yaw=nil (6552ms)
[2026-06-15 09:54:59] [hand_detect] IN: hand_detect 1920x1080 → OUT: detected=false landmarks=nil confidence=0
[2026-06-15 09:54:59] [face_detect] IN: face_detect → OUT: detected=false landmarks=nil roll=nil pitch=nil yaw=nil (6517ms)
[2026-06-15 09:54:59] [hand_detect] IN: hand_detect 1920x1080 → OUT: detected=false landmarks=nil confidence=0
[2026-06-15 09:54:59] [face_detect] IN: face_detect → OUT: detected=false landmarks=nil roll=nil pitch=nil yaw=nil (6603ms)
[2026-06-15 09:54:59] [hand_detect] IN: hand_detect 1920x1080 → OUT: detected=false landmarks=nil confidence=0
[2026-06-15 09:54:59] [face_detect] IN: face_detect → OUT: detected=false landmarks=nil roll=nil pitch=nil yaw=nil (6227ms)
[2026-06-15 09:54:59] [hand_detect] IN: hand_detect 1920x1080 → OUT: detected=false landmarks=nil confidence=0
[2026-06-15 09:54:59] [face_detect] IN: face_detect → OUT: detected=false landmarks=nil roll=nil pitch=nil yaw=nil (7088ms)
[2026-06-15 09:54:59] [hand_detect] IN: hand_detect 1920x1080 → OUT: detected=false landmarks=nil confidence=0
[2026-06-15 09:54:59] [face_detect] IN: face_detect → OUT: detected=false landmarks=nil roll=nil pitch=nil yaw=nil (6682ms)
[2026-06-15 09:54:59] [hand_detect] IN: hand_detect 1920x1080 → OUT: detected=false landmarks=nil confidence=0
[2026-06-15 09:54:59] [face_detect] IN: face_detect → OUT: detected=false landmarks=nil roll=nil pitch=nil yaw=nil (6343ms)
[2026-06-15 09:54:59] [hand_detect] IN: hand_detect 1920x1080 → OUT: detected=false landmarks=nil confidence=0
[2026-06-15 09:54:59] [face_detect] IN: face_detect → OUT: detected=false landmarks=nil roll=nil pitch=nil yaw=nil (6196ms)
[2026-06-15 09:54:59] [hand_detect] IN: hand_detect 1920x1080 → OUT: detected=false landmarks=nil confidence=0
[2026-06-15 09:54:59] [face_detect] IN: face_detect → OUT: detected=false landmarks=nil roll=nil pitch=nil yaw=nil (6309ms)
[2026-06-15 09:54:59] [axScan] IN: windows=4 → OUT: raw=49 visible=6 [pid8084=3 pid689=1 pid690=1 pid685=1] (52ms)
[2026-06-15 09:54:59] [hand_detect] IN: hand_detect 1920x1080 → OUT: detected=false landmarks=nil confidence=0
[2026-06-15 09:54:59] [face_detect] IN: face_detect → OUT: detected=false landmarks=nil roll=nil pitch=nil yaw=nil (5566ms)
[2026-06-15 09:54:59] [hand_detect] IN: hand_detect 1920x1080 → OUT: detected=false landmarks=nil confidence=0
[2026-06-15 09:54:59] [face_detect] IN: face_detect → OUT: detected=false landmarks=nil roll=nil pitch=nil yaw=nil (5608ms)
[2026-06-15 09:54:59] [hand_detect] IN: hand_detect 1920x1080 → OUT: detected=false landmarks=nil confidence=0
[2026-06-15 09:54:59] [face_detect] IN: face_detect → OUT: detected=false landmarks=nil roll=nil pitch=nil yaw=nil (6381ms)
[2026-06-15 09:54:59] [hand_detect] IN: hand_detect 1920x1080 → OUT: detected=false landmarks=nil confidence=0
[2026-06-15 09:54:59] [face_detect] IN: face_detect → OUT: detected=false landmarks=nil roll=nil pitch=nil yaw=nil (5841ms)
[2026-06-15 09:54:59] [hand_detect] IN: hand_detect 1920x1080 → OUT: detected=false landmarks=nil confidence=0
[2026-06-15 09:54:59] [face_detect] IN: face_detect → OUT: detected=false landmarks=nil roll=nil pitch=nil yaw=nil (6214ms)
[2026-06-15 09:54:59] [hand_detect] IN: hand_detect 1920x1080 → OUT: detected=false landmarks=nil confidence=0
[2026-06-15 09:55:00] [face_detect] IN: face_detect → OUT: detected=false landmarks=nil roll=nil pitch=nil yaw=nil (6793ms)
[2026-06-15 09:55:00] [hand_detect] IN: hand_detect 1920x1080 → OUT: detected=false landmarks=nil confidence=0
[2026-06-15 09:55:00] [face_detect] IN: face_detect → OUT: detected=false landmarks=nil roll=nil pitch=nil yaw=nil (6572ms)
[2026-06-15 09:55:00] [hand_detect] IN: hand_detect 1920x1080 → OUT: detected=false landmarks=nil confidence=0
[2026-06-15 09:55:00] [face_detect] IN: face_detect → OUT: detected=false landmarks=nil roll=nil pitch=nil yaw=nil (8181ms)
[2026-06-15 09:55:00] [hand_detect] IN: hand_detect 1920x1080 → OUT: detected=false landmarks=nil confidence=0
[2026-06-15 09:55:00] [face_detect] IN: face_detect → OUT: detected=false landmarks=nil roll=nil pitch=nil yaw=nil (6145ms)
[2026-06-15 09:55:00] [hand_detect] IN: hand_detect 1920x1080 → OUT: detected=false landmarks=nil confidence=0
[2026-06-15 09:55:00] [face_detect] IN: face_detect → OUT: detected=false landmarks=nil roll=nil pitch=nil yaw=nil (6780ms)
[2026-06-15 09:55:00] [hand_detect] IN: hand_detect 1920x1080 → OUT: detected=false landmarks=nil confidence=0
[2026-06-15 09:55:00] [face_detect] IN: face_detect → OUT: detected=false landmarks=nil roll=nil pitch=nil yaw=nil (6147ms)
[2026-06-15 09:55:00] [hand_detect] IN: hand_detect 1920x1080 → OUT: detected=false landmarks=nil confidence=0
[2026-06-15 09:55:00] [face_detect] IN: face_detect → OUT: detected=false landmarks=nil roll=nil pitch=nil yaw=nil (6472ms)
[2026-06-15 09:55:00] [hand_detect] IN: hand_detect 1920x1080 → OUT: detected=false landmarks=nil confidence=0
[2026-06-15 09:55:00] [face_detect] IN: face_detect → OUT: detected=false landmarks=nil roll=nil pitch=nil yaw=nil (6691ms)
[2026-06-15 09:55:00] [hand_detect] IN: hand_detect 1920x1080 → OUT: detected=false landmarks=nil confidence=0
[2026-06-15 09:55:00] [face_detect] IN: face_detect → OUT: detected=false landmarks=nil roll=nil pitch=nil yaw=nil (6611ms)
[2026-06-15 09:55:00] [hand_detect] IN: hand_detect 1920x1080 → OUT: detected=false landmarks=nil confidence=0
[2026-06-15 09:55:00] [face_detect] IN: face_detect → OUT: detected=false landmarks=nil roll=nil pitch=nil yaw=nil (6152ms)
[2026-06-15 09:55:00] [axScan] IN: windows=4 → OUT: raw=49 visible=6 [pid689=1 pid685=1 pid8084=3 pid690=1] (57ms)
[2026-06-15 09:55:00] [hand_detect] IN: hand_detect 1920x1080 → OUT: detected=false landmarks=nil confidence=0
[2026-06-15 09:55:00] [face_detect] IN: face_detect → OUT: detected=false landmarks=nil roll=nil pitch=nil yaw=nil (5228ms)
[2026-06-15 09:55:00] [hand_detect] IN: hand_detect 1920x1080 → OUT: detected=false landmarks=nil confidence=0
[2026-06-15 09:55:00] [face_detect] IN: face_detect → OUT: detected=false landmarks=nil roll=nil pitch=nil yaw=nil (5498ms)
[2026-06-15 09:55:00] [hand_detect] IN: hand_detect 1920x1080 → OUT: detected=false landmarks=nil confidence=0
[2026-06-15 09:55:00] [face_detect] IN: face_detect → OUT: detected=false landmarks=nil roll=nil pitch=nil yaw=nil (6539ms)
[2026-06-15 09:55:00] [hand_detect] IN: hand_detect 1920x1080 → OUT: detected=false landmarks=nil confidence=0
[2026-06-15 09:55:00] [face_detect] IN: face_detect → OUT: detected=false landmarks=nil roll=nil pitch=nil yaw=nil (5542ms)
[2026-06-15 09:55:00] [hand_detect] IN: hand_detect 1920x1080 → OUT: detected=false landmarks=nil confidence=0
[2026-06-15 09:55:00] [face_detect] IN: face_detect → OUT: detected=false landmarks=nil roll=nil pitch=nil yaw=nil (5944ms)
[2026-06-15 09:55:00] [hand_detect] IN: hand_detect 1920x1080 → OUT: detected=false landmarks=nil confidence=0
[2026-06-15 09:55:00] [face_detect] IN: face_detect → OUT: detected=false landmarks=nil roll=nil pitch=nil yaw=nil (6600ms)
[2026-06-15 09:55:00] [hand_detect] IN: hand_detect 1920x1080 → OUT: detected=false landmarks=nil confidence=0
[2026-06-15 09:55:00] [face_detect] IN: face_detect → OUT: detected=false landmarks=nil roll=nil pitch=nil yaw=nil (7112ms)
[2026-06-15 09:55:00] [hand_detect] IN: hand_detect 1920x1080 → OUT: detected=false landmarks=nil confidence=0
[2026-06-15 09:55:00] [face_detect] IN: face_detect → OUT: detected=false landmarks=nil roll=nil pitch=nil yaw=nil (7151ms)
[2026-06-15 09:55:00] [hand_detect] IN: hand_detect 1920x1080 → OUT: detected=false landmarks=nil confidence=0
[2026-06-15 09:55:00] [face_detect] IN: face_detect → OUT: detected=false landmarks=nil roll=nil pitch=nil yaw=nil (7093ms)
[2026-06-15 09:55:00] [hand_detect] IN: hand_detect 1920x1080 → OUT: detected=false landmarks=nil confidence=0
[2026-06-15 09:55:00] [face_detect] IN: face_detect → OUT: detected=false landmarks=nil roll=nil pitch=nil yaw=nil (6636ms)
[2026-06-15 09:55:00] [hand_detect] IN: hand_detect 1920x1080 → OUT: detected=false landmarks=nil confidence=0
[2026-06-15 09:55:00] [face_detect] IN: face_detect → OUT: detected=false landmarks=nil roll=nil pitch=nil yaw=nil (7892ms)
[2026-06-15 09:55:00] [hand_detect] IN: hand_detect 1920x1080 → OUT: detected=false landmarks=nil confidence=0
[2026-06-15 09:55:00] [face_detect] IN: face_detect → OUT: detected=false landmarks=nil roll=nil pitch=nil yaw=nil (6584ms)
[2026-06-15 09:55:00] [hand_detect] IN: hand_detect 1920x1080 → OUT: detected=false landmarks=nil confidence=0
[2026-06-15 09:55:00] [face_detect] IN: face_detect → OUT: detected=false landmarks=nil roll=nil pitch=nil yaw=nil (7218ms)
[2026-06-15 09:55:00] [hand_detect] IN: hand_detect 1920x1080 → OUT: detected=false landmarks=nil confidence=0
[2026-06-15 09:55:00] [face_detect] IN: face_detect → OUT: detected=false landmarks=nil roll=nil pitch=nil yaw=nil (6351ms)
[2026-06-15 09:55:00] [hand_detect] IN: hand_detect 1920x1080 → OUT: detected=false landmarks=nil confidence=0
[2026-06-15 09:55:00] [face_detect] IN: face_detect → OUT: detected=false landmarks=nil roll=nil pitch=nil yaw=nil (6338ms)
[2026-06-15 09:55:00] [axScan] IN: windows=4 → OUT: raw=49 visible=6 [pid690=1 pid685=1 pid8084=3 pid689=1] (51ms)
[2026-06-15 09:55:00] [hand_detect] IN: hand_detect 1920x1080 → OUT: detected=false landmarks=nil confidence=0
[2026-06-15 09:55:00] [face_detect] IN: face_detect → OUT: detected=false landmarks=nil roll=nil pitch=nil yaw=nil (5720ms)
[2026-06-15 09:55:00] [hand_detect] IN: hand_detect 1920x1080 → OUT: detected=false landmarks=nil confidence=0
[2026-06-15 09:55:00] [face_detect] IN: face_detect → OUT: detected=false landmarks=nil roll=nil pitch=nil yaw=nil (5366ms)
[2026-06-15 09:55:00] [hand_detect] IN: hand_detect 1920x1080 → OUT: detected=false landmarks=nil confidence=0
[2026-06-15 09:55:00] [face_detect] IN: face_detect → OUT: detected=false landmarks=nil roll=nil pitch=nil yaw=nil (5936ms)
[2026-06-15 09:55:00] [hand_detect] IN: hand_detect 1920x1080 → OUT: detected=false landmarks=nil confidence=0
[2026-06-15 09:55:00] [face_detect] IN: face_detect → OUT: detected=false landmarks=nil roll=nil pitch=nil yaw=nil (5949ms)
[2026-06-15 09:55:00] [hand_detect] IN: hand_detect 1920x1080 → OUT: detected=false landmarks=nil confidence=0
[2026-06-15 09:55:00] [face_detect] IN: face_detect → OUT: detected=false landmarks=nil roll=nil pitch=nil yaw=nil (6891ms)
[2026-06-15 09:55:00] [hand_detect] IN: hand_detect 1920x1080 → OUT: detected=false landmarks=nil confidence=0
[2026-06-15 09:55:00] [face_detect] IN: face_detect → OUT: detected=false landmarks=nil roll=nil pitch=nil yaw=nil (6173ms)
[2026-06-15 09:55:01] [hand_detect] IN: hand_detect 1920x1080 → OUT: detected=false landmarks=nil confidence=0
[2026-06-15 09:55:01] [face_detect] IN: face_detect → OUT: detected=false landmarks=nil roll=nil pitch=nil yaw=nil (7089ms)
[2026-06-15 09:55:01] [hand_detect] IN: hand_detect 1920x1080 → OUT: detected=false landmarks=nil confidence=0
[2026-06-15 09:55:01] [face_detect] IN: face_detect → OUT: detected=false landmarks=nil roll=nil pitch=nil yaw=nil (6270ms)
[2026-06-15 09:55:01] [hand_detect] IN: hand_detect 1920x1080 → OUT: detected=false landmarks=nil confidence=0
[2026-06-15 09:55:01] [face_detect] IN: face_detect → OUT: detected=false landmarks=nil roll=nil pitch=nil yaw=nil (6824ms)
[2026-06-15 09:55:01] [hand_detect] IN: hand_detect 1920x1080 → OUT: detected=false landmarks=nil confidence=0
[2026-06-15 09:55:01] [face_detect] IN: face_detect → OUT: detected=false landmarks=nil roll=nil pitch=nil yaw=nil (6970ms)
[2026-06-15 09:55:01] [hand_detect] IN: hand_detect 1920x1080 → OUT: detected=false landmarks=nil confidence=0
[2026-06-15 09:55:01] [face_detect] IN: face_detect → OUT: detected=false landmarks=nil roll=nil pitch=nil yaw=nil (6556ms)
[2026-06-15 09:55:01] [hand_detect] IN: hand_detect 1920x1080 → OUT: detected=false landmarks=nil confidence=0
[2026-06-15 09:55:01] [face_detect] IN: face_detect → OUT: detected=false landmarks=nil roll=nil pitch=nil yaw=nil (6281ms)
[2026-06-15 09:55:01] [hand_detect] IN: hand_detect 1920x1080 → OUT: detected=false landmarks=nil confidence=0
[2026-06-15 09:55:01] [face_detect] IN: face_detect → OUT: detected=false landmarks=nil roll=nil pitch=nil yaw=nil (6189ms)
[2026-06-15 09:55:01] [hand_detect] IN: hand_detect 1920x1080 → OUT: detected=false landmarks=nil confidence=0
[2026-06-15 09:55:01] [face_detect] IN: face_detect → OUT: detected=false landmarks=nil roll=nil pitch=nil yaw=nil (6283ms)
[2026-06-15 09:55:01] [hand_detect] IN: hand_detect 1920x1080 → OUT: detected=false landmarks=nil confidence=0
[2026-06-15 09:55:01] [face_detect] IN: face_detect → OUT: detected=false landmarks=nil roll=nil pitch=nil yaw=nil (6250ms)
[2026-06-15 09:55:01] [axScan] IN: windows=4 → OUT: raw=49 visible=6 [pid689=1 pid690=1 pid8084=3 pid685=1] (50ms)
[2026-06-15 09:55:01] [hand_detect] IN: hand_detect 1920x1080 → OUT: detected=false landmarks=nil confidence=0
[2026-06-15 09:55:01] [face_detect] IN: face_detect → OUT: detected=false landmarks=nil roll=nil pitch=nil yaw=nil (5750ms)
[2026-06-15 09:55:01] [hand_detect] IN: hand_detect 1920x1080 → OUT: detected=false landmarks=nil confidence=0
[2026-06-15 09:55:01] [face_detect] IN: face_detect → OUT: detected=false landmarks=nil roll=nil pitch=nil yaw=nil (5658ms)
[2026-06-15 09:55:01] [hand_detect] IN: hand_detect 1920x1080 → OUT: detected=false landmarks=nil confidence=0
[2026-06-15 09:55:01] [face_detect] IN: face_detect → OUT: detected=false landmarks=nil roll=nil pitch=nil yaw=nil (6591ms)
[2026-06-15 09:55:01] [hand_detect] IN: hand_detect 1920x1080 → OUT: detected=false landmarks=nil confidence=0
[2026-06-15 09:55:01] [face_detect] IN: face_detect → OUT: detected=false landmarks=nil roll=nil pitch=nil yaw=nil (6336ms)
[2026-06-15 09:55:01] [hand_detect] IN: hand_detect 1920x1080 → OUT: detected=false landmarks=nil confidence=0
[2026-06-15 09:55:01] [face_detect] IN: face_detect → OUT: detected=false landmarks=nil roll=nil pitch=nil yaw=nil (7423ms)
[2026-06-15 09:55:01] [hand_detect] IN: hand_detect 1920x1080 → OUT: detected=false landmarks=nil confidence=0
[2026-06-15 09:55:01] [face_detect] IN: face_detect → OUT: detected=false landmarks=nil roll=nil pitch=nil yaw=nil (6713ms)
[2026-06-15 09:55:01] [hand_detect] IN: hand_detect 1920x1080 → OUT: detected=false landmarks=nil confidence=0
[2026-06-15 09:55:01] [face_detect] IN: face_detect → OUT: detected=false landmarks=nil roll=nil pitch=nil yaw=nil (8378ms)
[2026-06-15 09:55:01] [hand_detect] IN: hand_detect 1920x1080 → OUT: detected=false landmarks=nil confidence=0
[2026-06-15 09:55:01] [face_detect] IN: face_detect → OUT: detected=false landmarks=nil roll=nil pitch=nil yaw=nil (5735ms)
[2026-06-15 09:55:01] [hand_detect] IN: hand_detect 1920x1080 → OUT: detected=false landmarks=nil confidence=0
[2026-06-15 09:55:01] [face_detect] IN: face_detect → OUT: detected=false landmarks=nil roll=nil pitch=nil yaw=nil (4054ms)
[2026-06-15 09:55:01] [hand_detect] IN: hand_detect 1920x1080 → OUT: detected=false landmarks=nil confidence=0
[2026-06-15 09:55:01] [face_detect] IN: face_detect → OUT: detected=false landmarks=nil roll=nil pitch=nil yaw=nil (6434ms)
[2026-06-15 09:55:01] [hand_detect] IN: hand_detect 1920x1080 → OUT: detected=false landmarks=nil confidence=0
[2026-06-15 09:55:01] [face_detect] IN: face_detect → OUT: detected=false landmarks=nil roll=nil pitch=nil yaw=nil (7608ms)
[2026-06-15 09:55:01] [hand_detect] IN: hand_detect 1920x1080 → OUT: detected=false landmarks=nil confidence=0
[2026-06-15 09:55:01] [face_detect] IN: face_detect → OUT: detected=false landmarks=nil roll=nil pitch=nil yaw=nil (6973ms)
[2026-06-15 09:55:01] [hand_detect] IN: hand_detect 1920x1080 → OUT: detected=false landmarks=nil confidence=0
[2026-06-15 09:55:01] [face_detect] IN: face_detect → OUT: detected=false landmarks=nil roll=nil pitch=nil yaw=nil (6140ms)
[2026-06-15 09:55:01] [hand_detect] IN: hand_detect 1920x1080 → OUT: detected=false landmarks=nil confidence=0
[2026-06-15 09:55:01] [face_detect] IN: face_detect → OUT: detected=false landmarks=nil roll=nil pitch=nil yaw=nil (5303ms)
[2026-06-15 09:55:01] [hand_detect] IN: hand_detect 1920x1080 → OUT: detected=false landmarks=nil confidence=0
[2026-06-15 09:55:01] [axScan] IN: windows=4 → OUT: raw=49 visible=6 [pid8084=3 pid690=1 pid685=1 pid689=1] (46ms)
[2026-06-15 09:55:01] [face_detect] IN: face_detect → OUT: detected=false landmarks=nil roll=nil pitch=nil yaw=nil (4831ms)
[2026-06-15 09:55:01] [hand_detect] IN: hand_detect 1920x1080 → OUT: detected=false landmarks=nil confidence=0
[2026-06-15 09:55:01] [face_detect] IN: face_detect → OUT: detected=false landmarks=nil roll=nil pitch=nil yaw=nil (5407ms)
[2026-06-15 09:55:01] [hand_detect] IN: hand_detect 1920x1080 → OUT: detected=false landmarks=nil confidence=0
[2026-06-15 09:55:01] [face_detect] IN: face_detect → OUT: detected=false landmarks=nil roll=nil pitch=nil yaw=nil (14752ms)
[2026-06-15 09:55:01] [hand_detect] IN: hand_detect 1920x1080 → OUT: detected=false landmarks=nil confidence=0
[2026-06-15 09:55:01] [face_detect] IN: face_detect → OUT: detected=false landmarks=nil roll=nil pitch=nil yaw=nil (4889ms)
[2026-06-15 09:55:01] [hand_detect] IN: hand_detect 1920x1080 → OUT: detected=false landmarks=nil confidence=0
[2026-06-15 09:55:01] [face_detect] IN: face_detect → OUT: detected=false landmarks=nil roll=nil pitch=nil yaw=nil (6830ms)
[2026-06-15 09:55:01] [hand_detect] IN: hand_detect 1920x1080 → OUT: detected=false landmarks=nil confidence=0
[2026-06-15 09:55:01] [face_detect] IN: face_detect → OUT: detected=false landmarks=nil roll=nil pitch=nil yaw=nil (6075ms)
[2026-06-15 09:55:01] [hand_detect] IN: hand_detect 1920x1080 → OUT: detected=false landmarks=nil confidence=0
[2026-06-15 09:55:01] [face_detect] IN: face_detect → OUT: detected=false landmarks=nil roll=nil pitch=nil yaw=nil (7799ms)
[2026-06-15 09:55:02] [hand_detect] IN: hand_detect 1920x1080 → OUT: detected=false landmarks=nil confidence=0
[2026-06-15 09:55:02] [face_detect] IN: face_detect → OUT: detected=false landmarks=nil roll=nil pitch=nil yaw=nil (6196ms)
[2026-06-15 09:55:02] [hand_detect] IN: hand_detect 1920x1080 → OUT: detected=false landmarks=nil confidence=0
[2026-06-15 09:55:02] [face_detect] IN: face_detect → OUT: detected=false landmarks=nil roll=nil pitch=nil yaw=nil (6628ms)
[2026-06-15 09:55:02] [hand_detect] IN: hand_detect 1920x1080 → OUT: detected=false landmarks=nil confidence=0
[2026-06-15 09:55:02] [face_detect] IN: face_detect → OUT: detected=false landmarks=nil roll=nil pitch=nil yaw=nil (7586ms)
[2026-06-15 09:55:02] [hand_detect] IN: hand_detect 1920x1080 → OUT: detected=false landmarks=nil confidence=0
[2026-06-15 09:55:02] [face_detect] IN: face_detect → OUT: detected=false landmarks=nil roll=nil pitch=nil yaw=nil (6289ms)
[2026-06-15 09:55:02] [hand_detect] IN: hand_detect 1920x1080 → OUT: detected=false landmarks=nil confidence=0
[2026-06-15 09:55:02] [face_detect] IN: face_detect → OUT: detected=false landmarks=nil roll=nil pitch=nil yaw=nil (6150ms)
[2026-06-15 09:55:02] [hand_detect] IN: hand_detect 1920x1080 → OUT: detected=false landmarks=nil confidence=0
[2026-06-15 09:55:02] [face_detect] IN: face_detect → OUT: detected=false landmarks=nil roll=nil pitch=nil yaw=nil (7947ms)
[2026-06-15 09:55:02] [hand_detect] IN: hand_detect 1920x1080 → OUT: detected=false landmarks=nil confidence=0
[2026-06-15 09:55:02] [face_detect] IN: face_detect → OUT: detected=false landmarks=nil roll=nil pitch=nil yaw=nil (6686ms)
[2026-06-15 09:55:02] [hand_detect] IN: hand_detect 1920x1080 → OUT: detected=false landmarks=nil confidence=0
[2026-06-15 09:55:02] [face_detect] IN: face_detect → OUT: detected=false landmarks=nil roll=nil pitch=nil yaw=nil (6446ms)
[2026-06-15 09:55:02] [hand_detect] IN: hand_detect 1920x1080 → OUT: detected=false landmarks=nil confidence=0
[2026-06-15 09:55:02] [face_detect] IN: face_detect → OUT: detected=false landmarks=nil roll=nil pitch=nil yaw=nil (5918ms)
[2026-06-15 09:55:02] [axScan] IN: windows=4 → OUT: raw=49 visible=6 [pid685=1 pid8084=3 pid689=1 pid690=1] (54ms)
[2026-06-15 09:55:02] [hand_detect] IN: hand_detect 1920x1080 → OUT: detected=false landmarks=nil confidence=0
[2026-06-15 09:55:02] [face_detect] IN: face_detect → OUT: detected=false landmarks=nil roll=nil pitch=nil yaw=nil (5288ms)
[2026-06-15 09:55:02] [hand_detect] IN: hand_detect 1920x1080 → OUT: detected=false landmarks=nil confidence=0
[2026-06-15 09:55:02] [face_detect] IN: face_detect → OUT: detected=false landmarks=nil roll=nil pitch=nil yaw=nil (5854ms)
[2026-06-15 09:55:02] [hand_detect] IN: hand_detect 1920x1080 → OUT: detected=false landmarks=nil confidence=0
[2026-06-15 09:55:02] [face_detect] IN: face_detect → OUT: detected=false landmarks=nil roll=nil pitch=nil yaw=nil (5470ms)
[2026-06-15 09:55:02] [hand_detect] IN: hand_detect 1920x1080 → OUT: detected=false landmarks=nil confidence=0
[2026-06-15 09:55:02] [face_detect] IN: face_detect → OUT: detected=false landmarks=nil roll=nil pitch=nil yaw=nil (6047ms)
[2026-06-15 09:55:02] [hand_detect] IN: hand_detect 1920x1080 → OUT: detected=false landmarks=nil confidence=0
[2026-06-15 09:55:02] [face_detect] IN: face_detect → OUT: detected=false landmarks=nil roll=nil pitch=nil yaw=nil (5620ms)
[2026-06-15 09:55:02] [hand_detect] IN: hand_detect 1920x1080 → OUT: detected=false landmarks=nil confidence=0
[2026-06-15 09:55:02] [face_detect] IN: face_detect → OUT: detected=false landmarks=nil roll=nil pitch=nil yaw=nil (6676ms)
[2026-06-15 09:55:02] [hand_detect] IN: hand_detect 1920x1080 → OUT: detected=false landmarks=nil confidence=0
[2026-06-15 09:55:02] [face_detect] IN: face_detect → OUT: detected=false landmarks=nil roll=nil pitch=nil yaw=nil (6281ms)
[2026-06-15 09:55:02] [hand_detect] IN: hand_detect 1920x1080 → OUT: detected=false landmarks=nil confidence=0
[2026-06-15 09:55:02] [face_detect] IN: face_detect → OUT: detected=false landmarks=nil roll=nil pitch=nil yaw=nil (7213ms)
[2026-06-15 09:55:02] [hand_detect] IN: hand_detect 1920x1080 → OUT: detected=false landmarks=nil confidence=0
[2026-06-15 09:55:02] [face_detect] IN: face_detect → OUT: detected=false landmarks=nil roll=nil pitch=nil yaw=nil (6595ms)
[2026-06-15 09:55:02] [hand_detect] IN: hand_detect 1920x1080 → OUT: detected=false landmarks=nil confidence=0
[2026-06-15 09:55:02] [face_detect] IN: face_detect → OUT: detected=false landmarks=nil roll=nil pitch=nil yaw=nil (6603ms)
[2026-06-15 09:55:02] [hand_detect] IN: hand_detect 1920x1080 → OUT: detected=false landmarks=nil confidence=0
[2026-06-15 09:55:02] [face_detect] IN: face_detect → OUT: detected=false landmarks=nil roll=nil pitch=nil yaw=nil (7225ms)
[2026-06-15 09:55:02] [hand_detect] IN: hand_detect 1920x1080 → OUT: detected=false landmarks=nil confidence=0
[2026-06-15 09:55:02] [face_detect] IN: face_detect → OUT: detected=false landmarks=nil roll=nil pitch=nil yaw=nil (7157ms)
[2026-06-15 09:55:02] [hand_detect] IN: hand_detect 1920x1080 → OUT: detected=false landmarks=nil confidence=0
[2026-06-15 09:55:02] [face_detect] IN: face_detect → OUT: detected=false landmarks=nil roll=nil pitch=nil yaw=nil (6415ms)
[2026-06-15 09:55:02] [hand_detect] IN: hand_detect 1920x1080 → OUT: detected=false landmarks=nil confidence=0
[2026-06-15 09:55:02] [face_detect] IN: face_detect → OUT: detected=false landmarks=nil roll=nil pitch=nil yaw=nil (6676ms)
[2026-06-15 09:55:02] [hand_detect] IN: hand_detect 1920x1080 → OUT: detected=false landmarks=nil confidence=0
[2026-06-15 09:55:02] [face_detect] IN: face_detect → OUT: detected=false landmarks=nil roll=nil pitch=nil yaw=nil (6514ms)
[2026-06-15 09:55:02] [axScan] IN: windows=4 → OUT: raw=49 visible=6 [pid689=1 pid685=1 pid8084=3 pid690=1] (59ms)
[2026-06-15 09:55:02] [hand_detect] IN: hand_detect 1920x1080 → OUT: detected=false landmarks=nil confidence=0
[2026-06-15 09:55:02] [face_detect] IN: face_detect → OUT: detected=false landmarks=nil roll=nil pitch=nil yaw=nil (5442ms)
[2026-06-15 09:55:02] [hand_detect] IN: hand_detect 1920x1080 → OUT: detected=false landmarks=nil confidence=0
[2026-06-15 09:55:02] [face_detect] IN: face_detect → OUT: detected=false landmarks=nil roll=nil pitch=nil yaw=nil (6007ms)
[2026-06-15 09:55:02] [hand_detect] IN: hand_detect 1920x1080 → OUT: detected=false landmarks=nil confidence=0
[2026-06-15 09:55:02] [face_detect] IN: face_detect → OUT: detected=false landmarks=nil roll=nil pitch=nil yaw=nil (6472ms)
[2026-06-15 09:55:02] [hand_detect] IN: hand_detect 1920x1080 → OUT: detected=false landmarks=nil confidence=0
[2026-06-15 09:55:02] [face_detect] IN: face_detect → OUT: detected=false landmarks=nil roll=nil pitch=nil yaw=nil (6071ms)
[2026-06-15 09:55:02] [hand_detect] IN: hand_detect 1920x1080 → OUT: detected=false landmarks=nil confidence=0
[2026-06-15 09:55:02] [face_detect] IN: face_detect → OUT: detected=false landmarks=nil roll=nil pitch=nil yaw=nil (5725ms)
[2026-06-15 09:55:02] [hand_detect] IN: hand_detect 1920x1080 → OUT: detected=false landmarks=nil confidence=0
[2026-06-15 09:55:02] [face_detect] IN: face_detect → OUT: detected=false landmarks=nil roll=nil pitch=nil yaw=nil (6150ms)
[2026-06-15 09:55:03] [hand_detect] IN: hand_detect 1920x1080 → OUT: detected=false landmarks=nil confidence=0
[2026-06-15 09:55:03] [face_detect] IN: face_detect → OUT: detected=false landmarks=nil roll=nil pitch=nil yaw=nil (5854ms)
[2026-06-15 09:55:03] [hand_detect] IN: hand_detect 1920x1080 → OUT: detected=false landmarks=nil confidence=0
[2026-06-15 09:55:03] [face_detect] IN: face_detect → OUT: detected=false landmarks=nil roll=nil pitch=nil yaw=nil (5884ms)
[2026-06-15 09:55:03] [hand_detect] IN: hand_detect 1920x1080 → OUT: detected=false landmarks=nil confidence=0
[2026-06-15 09:55:03] [face_detect] IN: face_detect → OUT: detected=false landmarks=nil roll=nil pitch=nil yaw=nil (5846ms)
[2026-06-15 09:55:03] [hand_detect] IN: hand_detect 1920x1080 → OUT: detected=false landmarks=nil confidence=0
[2026-06-15 09:55:03] [face_detect] IN: face_detect → OUT: detected=false landmarks=nil roll=nil pitch=nil yaw=nil (5882ms)
[2026-06-15 09:55:03] [hand_detect] IN: hand_detect 1920x1080 → OUT: detected=false landmarks=nil confidence=0
[2026-06-15 09:55:03] [face_detect] IN: face_detect → OUT: detected=false landmarks=nil roll=nil pitch=nil yaw=nil (6425ms)
[2026-06-15 09:55:03] [hand_detect] IN: hand_detect 1920x1080 → OUT: detected=false landmarks=nil confidence=0
[2026-06-15 09:55:03] [face_detect] IN: face_detect → OUT: detected=false landmarks=nil roll=nil pitch=nil yaw=nil (7008ms)
[2026-06-15 09:55:03] [hand_detect] IN: hand_detect 1920x1080 → OUT: detected=false landmarks=nil confidence=0
[2026-06-15 09:55:03] [face_detect] IN: face_detect → OUT: detected=false landmarks=nil roll=nil pitch=nil yaw=nil (6281ms)
[2026-06-15 09:55:03] [hand_detect] IN: hand_detect 1920x1080 → OUT: detected=false landmarks=nil confidence=0
[2026-06-15 09:55:03] [face_detect] IN: face_detect → OUT: detected=false landmarks=nil roll=nil pitch=nil yaw=nil (6199ms)
[2026-06-15 09:55:03] [hand_detect] IN: hand_detect 1920x1080 → OUT: detected=false landmarks=nil confidence=0
[2026-06-15 09:55:03] [face_detect] IN: face_detect → OUT: detected=false landmarks=nil roll=nil pitch=nil yaw=nil (6126ms)
[2026-06-15 09:55:03] [axScan] IN: windows=4 → OUT: raw=49 visible=6 [pid690=1 pid689=1 pid685=1 pid8084=3] (53ms)
[2026-06-15 09:55:03] [hand_detect] IN: hand_detect 1920x1080 → OUT: detected=false landmarks=nil confidence=0
[2026-06-15 09:55:03] [face_detect] IN: face_detect → OUT: detected=false landmarks=nil roll=nil pitch=nil yaw=nil (5627ms)
[2026-06-15 09:55:03] [hand_detect] IN: hand_detect 1920x1080 → OUT: detected=false landmarks=nil confidence=0
[2026-06-15 09:55:03] [face_detect] IN: face_detect → OUT: detected=false landmarks=nil roll=nil pitch=nil yaw=nil (6160ms)
[2026-06-15 09:55:03] [hand_detect] IN: hand_detect 1920x1080 → OUT: detected=false landmarks=nil confidence=0
[2026-06-15 09:55:03] [face_detect] IN: face_detect → OUT: detected=false landmarks=nil roll=nil pitch=nil yaw=nil (5761ms)
[2026-06-15 09:55:03] [hand_detect] IN: hand_detect 1920x1080 → OUT: detected=false landmarks=nil confidence=0
[2026-06-15 09:55:03] [face_detect] IN: face_detect → OUT: detected=false landmarks=nil roll=nil pitch=nil yaw=nil (6370ms)
[2026-06-15 09:55:03] [hand_detect] IN: hand_detect 1920x1080 → OUT: detected=false landmarks=nil confidence=0
[2026-06-15 09:55:03] [face_detect] IN: face_detect → OUT: detected=false landmarks=nil roll=nil pitch=nil yaw=nil (5975ms)
[2026-06-15 09:55:03] [hand_detect] IN: hand_detect 1920x1080 → OUT: detected=false landmarks=nil confidence=0
[2026-06-15 09:55:03] [face_detect] IN: face_detect → OUT: detected=false landmarks=nil roll=nil pitch=nil yaw=nil (6253ms)
[2026-06-15 09:55:03] [hand_detect] IN: hand_detect 1920x1080 → OUT: detected=false landmarks=nil confidence=0
[2026-06-15 09:55:03] [face_detect] IN: face_detect → OUT: detected=false landmarks=nil roll=nil pitch=nil yaw=nil (6340ms)
[2026-06-15 09:55:03] [hand_detect] IN: hand_detect 1920x1080 → OUT: detected=false landmarks=nil confidence=0
[2026-06-15 09:55:03] [face_detect] IN: face_detect → OUT: detected=false landmarks=nil roll=nil pitch=nil yaw=nil (7212ms)
[2026-06-15 09:55:03] [hand_detect] IN: hand_detect 1920x1080 → OUT: detected=false landmarks=nil confidence=0
[2026-06-15 09:55:03] [face_detect] IN: face_detect → OUT: detected=false landmarks=nil roll=nil pitch=nil yaw=nil (6389ms)
[2026-06-15 09:55:03] [hand_detect] IN: hand_detect 1920x1080 → OUT: detected=false landmarks=nil confidence=0
[2026-06-15 09:55:03] [face_detect] IN: face_detect → OUT: detected=false landmarks=nil roll=nil pitch=nil yaw=nil (7102ms)
[2026-06-15 09:55:03] [hand_detect] IN: hand_detect 1920x1080 → OUT: detected=false landmarks=nil confidence=0
[2026-06-15 09:55:03] [face_detect] IN: face_detect → OUT: detected=false landmarks=nil roll=nil pitch=nil yaw=nil (7115ms)
[2026-06-15 09:55:03] [hand_detect] IN: hand_detect 1920x1080 → OUT: detected=false landmarks=nil confidence=0
[2026-06-15 09:55:03] [face_detect] IN: face_detect → OUT: detected=false landmarks=nil roll=nil pitch=nil yaw=nil (6230ms)
[2026-06-15 09:55:03] [hand_detect] IN: hand_detect 1920x1080 → OUT: detected=false landmarks=nil confidence=0
[2026-06-15 09:55:03] [face_detect] IN: face_detect → OUT: detected=false landmarks=nil roll=nil pitch=nil yaw=nil (7080ms)
[2026-06-15 09:55:03] [hand_detect] IN: hand_detect 1920x1080 → OUT: detected=false landmarks=nil confidence=0
[2026-06-15 09:55:03] [face_detect] IN: face_detect → OUT: detected=false landmarks=nil roll=nil pitch=nil yaw=nil (6721ms)
[2026-06-15 09:55:03] [hand_detect] IN: hand_detect 1920x1080 → OUT: detected=false landmarks=nil confidence=0
[2026-06-15 09:55:03] [face_detect] IN: face_detect → OUT: detected=false landmarks=nil roll=nil pitch=nil yaw=nil (6274ms)
[2026-06-15 09:55:03] [axScan] IN: windows=4 → OUT: raw=49 visible=6 [pid685=1 pid689=1 pid8084=3 pid690=1] (50ms)
[2026-06-15 09:55:03] [hand_detect] IN: hand_detect 1920x1080 → OUT: detected=false landmarks=nil confidence=0
[2026-06-15 09:55:03] [face_detect] IN: face_detect → OUT: detected=false landmarks=nil roll=nil pitch=nil yaw=nil (6020ms)
[2026-06-15 09:55:03] [hand_detect] IN: hand_detect 1920x1080 → OUT: detected=false landmarks=nil confidence=0
[2026-06-15 09:55:03] [face_detect] IN: face_detect → OUT: detected=false landmarks=nil roll=nil pitch=nil yaw=nil (6203ms)
[2026-06-15 09:55:03] [hand_detect] IN: hand_detect 1920x1080 → OUT: detected=false landmarks=nil confidence=0
[2026-06-15 09:55:03] [face_detect] IN: face_detect → OUT: detected=false landmarks=nil roll=nil pitch=nil yaw=nil (7377ms)
[2026-06-15 09:55:03] [hand_detect] IN: hand_detect 1920x1080 → OUT: detected=false landmarks=nil confidence=0
[2026-06-15 09:55:03] [face_detect] IN: face_detect → OUT: detected=false landmarks=nil roll=nil pitch=nil yaw=nil (6760ms)
[2026-06-15 09:55:03] [hand_detect] IN: hand_detect 1920x1080 → OUT: detected=false landmarks=nil confidence=0
[2026-06-15 09:55:03] [face_detect] IN: face_detect → OUT: detected=false landmarks=nil roll=nil pitch=nil yaw=nil (6209ms)
[2026-06-15 09:55:03] [hand_detect] IN: hand_detect 1920x1080 → OUT: detected=false landmarks=nil confidence=0
[2026-06-15 09:55:03] [face_detect] IN: face_detect → OUT: detected=false landmarks=nil roll=nil pitch=nil yaw=nil (6329ms)
[2026-06-15 09:55:04] [hand_detect] IN: hand_detect 1920x1080 → OUT: detected=false landmarks=nil confidence=0
[2026-06-15 09:55:04] [face_detect] IN: face_detect → OUT: detected=false landmarks=nil roll=nil pitch=nil yaw=nil (6667ms)
[2026-06-15 09:55:04] [hand_detect] IN: hand_detect 1920x1080 → OUT: detected=false landmarks=nil confidence=0
[2026-06-15 09:55:04] [face_detect] IN: face_detect → OUT: detected=false landmarks=nil roll=nil pitch=nil yaw=nil (6642ms)
[2026-06-15 09:55:04] [hand_detect] IN: hand_detect 1920x1080 → OUT: detected=false landmarks=nil confidence=0
[2026-06-15 09:55:04] [face_detect] IN: face_detect → OUT: detected=false landmarks=nil roll=nil pitch=nil yaw=nil (7598ms)
[2026-06-15 09:55:04] [hand_detect] IN: hand_detect 1920x1080 → OUT: detected=false landmarks=nil confidence=0
[2026-06-15 09:55:04] [face_detect] IN: face_detect → OUT: detected=false landmarks=nil roll=nil pitch=nil yaw=nil (6492ms)
[2026-06-15 09:55:04] [hand_detect] IN: hand_detect 1920x1080 → OUT: detected=false landmarks=nil confidence=0
[2026-06-15 09:55:04] [face_detect] IN: face_detect → OUT: detected=false landmarks=nil roll=nil pitch=nil yaw=nil (6902ms)
[2026-06-15 09:55:04] [hand_detect] IN: hand_detect 1920x1080 → OUT: detected=false landmarks=nil confidence=0
[2026-06-15 09:55:04] [face_detect] IN: face_detect → OUT: detected=false landmarks=nil roll=nil pitch=nil yaw=nil (6430ms)
[2026-06-15 09:55:04] [hand_detect] IN: hand_detect 1920x1080 → OUT: detected=false landmarks=nil confidence=0
[2026-06-15 09:55:04] [face_detect] IN: face_detect → OUT: detected=false landmarks=nil roll=nil pitch=nil yaw=nil (6797ms)
[2026-06-15 09:55:04] [hand_detect] IN: hand_detect 1920x1080 → OUT: detected=false landmarks=nil confidence=0
[2026-06-15 09:55:04] [face_detect] IN: face_detect → OUT: detected=false landmarks=nil roll=nil pitch=nil yaw=nil (6495ms)
[2026-06-15 09:55:04] [hand_detect] IN: hand_detect 1920x1080 → OUT: detected=false landmarks=nil confidence=0
[2026-06-15 09:55:04] [face_detect] IN: face_detect → OUT: detected=false landmarks=nil roll=nil pitch=nil yaw=nil (6404ms)
[2026-06-15 09:55:04] [axScan] IN: windows=4 → OUT: raw=49 visible=6 [pid8084=3 pid685=1 pid690=1 pid689=1] (56ms)
[2026-06-15 09:55:04] [hand_detect] IN: hand_detect 1920x1080 → OUT: detected=false landmarks=nil confidence=0
[2026-06-15 09:55:04] [face_detect] IN: face_detect → OUT: detected=false landmarks=nil roll=nil pitch=nil yaw=nil (5531ms)
[2026-06-15 09:55:04] [hand_detect] IN: hand_detect 1920x1080 → OUT: detected=false landmarks=nil confidence=0
[2026-06-15 09:55:04] [face_detect] IN: face_detect → OUT: detected=false landmarks=nil roll=nil pitch=nil yaw=nil (5146ms)
[2026-06-15 09:55:04] [hand_detect] IN: hand_detect 1920x1080 → OUT: detected=false landmarks=nil confidence=0
[2026-06-15 09:55:04] [face_detect] IN: face_detect → OUT: detected=false landmarks=nil roll=nil pitch=nil yaw=nil (5572ms)
[2026-06-15 09:55:04] [hand_detect] IN: hand_detect 1920x1080 → OUT: detected=false landmarks=nil confidence=0
[2026-06-15 09:55:04] [face_detect] IN: face_detect → OUT: detected=false landmarks=nil roll=nil pitch=nil yaw=nil (4719ms)
[2026-06-15 09:55:04] [hand_detect] IN: hand_detect 1920x1080 → OUT: detected=false landmarks=nil confidence=0
[2026-06-15 09:55:04] [face_detect] IN: face_detect → OUT: detected=false landmarks=nil roll=nil pitch=nil yaw=nil (6937ms)
[2026-06-15 09:55:04] [hand_detect] IN: hand_detect 1920x1080 → OUT: detected=false landmarks=nil confidence=0
[2026-06-15 09:55:04] [face_detect] IN: face_detect → OUT: detected=false landmarks=nil roll=nil pitch=nil yaw=nil (6266ms)
[2026-06-15 09:55:04] [hand_detect] IN: hand_detect 1920x1080 → OUT: detected=false landmarks=nil confidence=0
[2026-06-15 09:55:04] [face_detect] IN: face_detect → OUT: detected=false landmarks=nil roll=nil pitch=nil yaw=nil (6947ms)
[2026-06-15 09:55:04] [hand_detect] IN: hand_detect 1920x1080 → OUT: detected=false landmarks=nil confidence=0
[2026-06-15 09:55:04] [face_detect] IN: face_detect → OUT: detected=false landmarks=nil roll=nil pitch=nil yaw=nil (5957ms)
[2026-06-15 09:55:04] [hand_detect] IN: hand_detect 1920x1080 → OUT: detected=false landmarks=nil confidence=0
[2026-06-15 09:55:04] [face_detect] IN: face_detect → OUT: detected=false landmarks=nil roll=nil pitch=nil yaw=nil (6414ms)
[2026-06-15 09:55:04] [hand_detect] IN: hand_detect 1920x1080 → OUT: detected=false landmarks=nil confidence=0
[2026-06-15 09:55:04] [face_detect] IN: face_detect → OUT: detected=false landmarks=nil roll=nil pitch=nil yaw=nil (6887ms)
[2026-06-15 09:55:04] [hand_detect] IN: hand_detect 1920x1080 → OUT: detected=false landmarks=nil confidence=0
[2026-06-15 09:55:04] [face_detect] IN: face_detect → OUT: detected=false landmarks=nil roll=nil pitch=nil yaw=nil (6307ms)
[2026-06-15 09:55:04] [hand_detect] IN: hand_detect 1920x1080 → OUT: detected=false landmarks=nil confidence=0
[2026-06-15 09:55:04] [face_detect] IN: face_detect → OUT: detected=false landmarks=nil roll=nil pitch=nil yaw=nil (6543ms)
[2026-06-15 09:55:04] [hand_detect] IN: hand_detect 1920x1080 → OUT: detected=false landmarks=nil confidence=0
[2026-06-15 09:55:04] [face_detect] IN: face_detect → OUT: detected=false landmarks=nil roll=nil pitch=nil yaw=nil (7652ms)
[2026-06-15 09:55:04] [hand_detect] IN: hand_detect 1920x1080 → OUT: detected=false landmarks=nil confidence=0
[2026-06-15 09:55:04] [face_detect] IN: face_detect → OUT: detected=false landmarks=nil roll=nil pitch=nil yaw=nil (6631ms)
[2026-06-15 09:55:04] [hand_detect] IN: hand_detect 1920x1080 → OUT: detected=false landmarks=nil confidence=0
[2026-06-15 09:55:04] [face_detect] IN: face_detect → OUT: detected=false landmarks=nil roll=nil pitch=nil yaw=nil (6329ms)
[2026-06-15 09:55:04] [axScan] IN: windows=4 → OUT: raw=49 visible=6 [pid685=1 pid8084=3 pid690=1 pid689=1] (52ms)
[2026-06-15 09:55:04] [hand_detect] IN: hand_detect 1920x1080 → OUT: detected=false landmarks=nil confidence=0
[2026-06-15 09:55:04] [face_detect] IN: face_detect → OUT: detected=false landmarks=nil roll=nil pitch=nil yaw=nil (5638ms)
[2026-06-15 09:55:04] [hand_detect] IN: hand_detect 1920x1080 → OUT: detected=false landmarks=nil confidence=0
[2026-06-15 09:55:04] [face_detect] IN: face_detect → OUT: detected=false landmarks=nil roll=nil pitch=nil yaw=nil (5975ms)
[2026-06-15 09:55:04] [hand_detect] IN: hand_detect 1920x1080 → OUT: detected=false landmarks=nil confidence=0
[2026-06-15 09:55:04] [face_detect] IN: face_detect → OUT: detected=false landmarks=nil roll=nil pitch=nil yaw=nil (6482ms)
[2026-06-15 09:55:04] [hand_detect] IN: hand_detect 1920x1080 → OUT: detected=false landmarks=nil confidence=0
[2026-06-15 09:55:04] [face_detect] IN: face_detect → OUT: detected=false landmarks=nil roll=nil pitch=nil yaw=nil (6551ms)
[2026-06-15 09:55:04] [hand_detect] IN: hand_detect 1920x1080 → OUT: detected=false landmarks=nil confidence=0
[2026-06-15 09:55:04] [face_detect] IN: face_detect → OUT: detected=false landmarks=nil roll=nil pitch=nil yaw=nil (7315ms)
[2026-06-15 09:55:04] [hand_detect] IN: hand_detect 1920x1080 → OUT: detected=false landmarks=nil confidence=0
[2026-06-15 09:55:04] [face_detect] IN: face_detect → OUT: detected=false landmarks=nil roll=nil pitch=nil yaw=nil (6155ms)
[2026-06-15 09:55:05] [hand_detect] IN: hand_detect 1920x1080 → OUT: detected=false landmarks=nil confidence=0
[2026-06-15 09:55:05] [face_detect] IN: face_detect → OUT: detected=false landmarks=nil roll=nil pitch=nil yaw=nil (6807ms)
[2026-06-15 09:55:05] [hand_detect] IN: hand_detect 1920x1080 → OUT: detected=false landmarks=nil confidence=0
[2026-06-15 09:55:05] [face_detect] IN: face_detect → OUT: detected=false landmarks=nil roll=nil pitch=nil yaw=nil (6687ms)
[2026-06-15 09:55:05] [hand_detect] IN: hand_detect 1920x1080 → OUT: detected=false landmarks=nil confidence=0
[2026-06-15 09:55:05] [face_detect] IN: face_detect → OUT: detected=false landmarks=nil roll=nil pitch=nil yaw=nil (6416ms)
[2026-06-15 09:55:05] [hand_detect] IN: hand_detect 1920x1080 → OUT: detected=false landmarks=nil confidence=0
[2026-06-15 09:55:05] [face_detect] IN: face_detect → OUT: detected=false landmarks=nil roll=nil pitch=nil yaw=nil (7005ms)
[2026-06-15 09:55:05] [hand_detect] IN: hand_detect 1920x1080 → OUT: detected=false landmarks=nil confidence=0
[2026-06-15 09:55:05] [face_detect] IN: face_detect → OUT: detected=false landmarks=nil roll=nil pitch=nil yaw=nil (6295ms)
[2026-06-15 09:55:05] [hand_detect] IN: hand_detect 1920x1080 → OUT: detected=false landmarks=nil confidence=0
[2026-06-15 09:55:05] [face_detect] IN: face_detect → OUT: detected=false landmarks=nil roll=nil pitch=nil yaw=nil (6866ms)
[2026-06-15 09:55:05] [hand_detect] IN: hand_detect 1920x1080 → OUT: detected=false landmarks=nil confidence=0
[2026-06-15 09:55:05] [face_detect] IN: face_detect → OUT: detected=false landmarks=nil roll=nil pitch=nil yaw=nil (6414ms)
[2026-06-15 09:55:05] [hand_detect] IN: hand_detect 1920x1080 → OUT: detected=false landmarks=nil confidence=0
[2026-06-15 09:55:05] [face_detect] IN: face_detect → OUT: detected=false landmarks=nil roll=nil pitch=nil yaw=nil (6554ms)
[2026-06-15 09:55:05] [hand_detect] IN: hand_detect 1920x1080 → OUT: detected=false landmarks=nil confidence=0
[2026-06-15 09:55:05] [face_detect] IN: face_detect → OUT: detected=false landmarks=nil roll=nil pitch=nil yaw=nil (6071ms)
[2026-06-15 09:55:05] [axScan] IN: windows=4 → OUT: raw=49 visible=6 [pid8084=3 pid689=1 pid690=1 pid685=1] (57ms)
[2026-06-15 09:55:05] [hand_detect] IN: hand_detect 1920x1080 → OUT: detected=false landmarks=nil confidence=0
[2026-06-15 09:55:05] [face_detect] IN: face_detect → OUT: detected=false landmarks=nil roll=nil pitch=nil yaw=nil (5686ms)
[2026-06-15 09:55:05] [hand_detect] IN: hand_detect 1920x1080 → OUT: detected=false landmarks=nil confidence=0
[2026-06-15 09:55:05] [face_detect] IN: face_detect → OUT: detected=false landmarks=nil roll=nil pitch=nil yaw=nil (5354ms)
[2026-06-15 09:55:05] [hand_detect] IN: hand_detect 1920x1080 → OUT: detected=false landmarks=nil confidence=0
[2026-06-15 09:55:05] [face_detect] IN: face_detect → OUT: detected=false landmarks=nil roll=nil pitch=nil yaw=nil (6178ms)
[2026-06-15 09:55:05] [hand_detect] IN: hand_detect 1920x1080 → OUT: detected=false landmarks=nil confidence=0
[2026-06-15 09:55:05] [face_detect] IN: face_detect → OUT: detected=false landmarks=nil roll=nil pitch=nil yaw=nil (6107ms)
[2026-06-15 09:55:05] [hand_detect] IN: hand_detect 1920x1080 → OUT: detected=false landmarks=nil confidence=0
[2026-06-15 09:55:05] [face_detect] IN: face_detect → OUT: detected=false landmarks=nil roll=nil pitch=nil yaw=nil (6895ms)
[2026-06-15 09:55:05] [hand_detect] IN: hand_detect 1920x1080 → OUT: detected=false landmarks=nil confidence=0
[2026-06-15 09:55:05] [face_detect] IN: face_detect → OUT: detected=false landmarks=nil roll=nil pitch=nil yaw=nil (6389ms)
[2026-06-15 09:55:05] [hand_detect] IN: hand_detect 1920x1080 → OUT: detected=false landmarks=nil confidence=0
[2026-06-15 09:55:05] [face_detect] IN: face_detect → OUT: detected=false landmarks=nil roll=nil pitch=nil yaw=nil (6855ms)
[2026-06-15 09:55:05] [hand_detect] IN: hand_detect 1920x1080 → OUT: detected=false landmarks=nil confidence=0
[2026-06-15 09:55:05] [face_detect] IN: face_detect → OUT: detected=false landmarks=nil roll=nil pitch=nil yaw=nil (6442ms)
[2026-06-15 09:55:05] [hand_detect] IN: hand_detect 1920x1080 → OUT: detected=false landmarks=nil confidence=0
[2026-06-15 09:55:05] [face_detect] IN: face_detect → OUT: detected=false landmarks=nil roll=nil pitch=nil yaw=nil (7099ms)
[2026-06-15 09:55:05] [hand_detect] IN: hand_detect 1920x1080 → OUT: detected=false landmarks=nil confidence=0
[2026-06-15 09:55:05] [face_detect] IN: face_detect → OUT: detected=false landmarks=nil roll=nil pitch=nil yaw=nil (6821ms)
[2026-06-15 09:55:05] [hand_detect] IN: hand_detect 1920x1080 → OUT: detected=false landmarks=nil confidence=0
[2026-06-15 09:55:05] [face_detect] IN: face_detect → OUT: detected=false landmarks=nil roll=nil pitch=nil yaw=nil (6977ms)
[2026-06-15 09:55:05] [hand_detect] IN: hand_detect 1920x1080 → OUT: detected=false landmarks=nil confidence=0
[2026-06-15 09:55:05] [face_detect] IN: face_detect → OUT: detected=false landmarks=nil roll=nil pitch=nil yaw=nil (7247ms)
[2026-06-15 09:55:05] [hand_detect] IN: hand_detect 1920x1080 → OUT: detected=false landmarks=nil confidence=0
[2026-06-15 09:55:05] [face_detect] IN: face_detect → OUT: detected=false landmarks=nil roll=nil pitch=nil yaw=nil (6533ms)
[2026-06-15 09:55:05] [hand_detect] IN: hand_detect 1920x1080 → OUT: detected=false landmarks=nil confidence=0
[2026-06-15 09:55:05] [face_detect] IN: face_detect → OUT: detected=false landmarks=nil roll=nil pitch=nil yaw=nil (6607ms)
[2026-06-15 09:55:05] [hand_detect] IN: hand_detect 1920x1080 → OUT: detected=false landmarks=nil confidence=0
[2026-06-15 09:55:05] [face_detect] IN: face_detect → OUT: detected=false landmarks=nil roll=nil pitch=nil yaw=nil (5872ms)
[2026-06-15 09:55:05] [axScan] IN: windows=4 → OUT: raw=49 visible=6 [pid689=1 pid8084=3 pid685=1 pid690=1] (56ms)
[2026-06-15 09:55:05] [hand_detect] IN: hand_detect 1920x1080 → OUT: detected=false landmarks=nil confidence=0
[2026-06-15 09:55:05] [face_detect] IN: face_detect → OUT: detected=false landmarks=nil roll=nil pitch=nil yaw=nil (4276ms)
[2026-06-15 09:55:05] [hand_detect] IN: hand_detect 1920x1080 → OUT: detected=false landmarks=nil confidence=0
[2026-06-15 09:55:05] [face_detect] IN: face_detect → OUT: detected=false landmarks=nil roll=nil pitch=nil yaw=nil (4904ms)
[2026-06-15 09:55:05] [hand_detect] IN: hand_detect 1920x1080 → OUT: detected=false landmarks=nil confidence=0
[2026-06-15 09:55:05] [face_detect] IN: face_detect → OUT: detected=false landmarks=nil roll=nil pitch=nil yaw=nil (5612ms)
[2026-06-15 09:55:05] [hand_detect] IN: hand_detect 1920x1080 → OUT: detected=false landmarks=nil confidence=0
[2026-06-15 09:55:05] [face_detect] IN: face_detect → OUT: detected=false landmarks=nil roll=nil pitch=nil yaw=nil (5783ms)
[2026-06-15 09:55:05] [hand_detect] IN: hand_detect 1920x1080 → OUT: detected=false landmarks=nil confidence=0
[2026-06-15 09:55:05] [face_detect] IN: face_detect → OUT: detected=false landmarks=nil roll=nil pitch=nil yaw=nil (6631ms)
[2026-06-15 09:55:05] [hand_detect] IN: hand_detect 1920x1080 → OUT: detected=false landmarks=nil confidence=0
[2026-06-15 09:55:06] [face_detect] IN: face_detect → OUT: detected=false landmarks=nil roll=nil pitch=nil yaw=nil (6798ms)
[2026-06-15 09:55:06] [hand_detect] IN: hand_detect 1920x1080 → OUT: detected=false landmarks=nil confidence=0
[2026-06-15 09:55:06] [face_detect] IN: face_detect → OUT: detected=false landmarks=nil roll=nil pitch=nil yaw=nil (6720ms)
[2026-06-15 09:55:06] [hand_detect] IN: hand_detect 1920x1080 → OUT: detected=false landmarks=nil confidence=0
[2026-06-15 09:55:06] [face_detect] IN: face_detect → OUT: detected=false landmarks=nil roll=nil pitch=nil yaw=nil (6594ms)
[2026-06-15 09:55:06] [hand_detect] IN: hand_detect 1920x1080 → OUT: detected=false landmarks=nil confidence=0
[2026-06-15 09:55:06] [face_detect] IN: face_detect → OUT: detected=false landmarks=nil roll=nil pitch=nil yaw=nil (7341ms)
[2026-06-15 09:55:06] [hand_detect] IN: hand_detect 1920x1080 → OUT: detected=false landmarks=nil confidence=0
[2026-06-15 09:55:06] [face_detect] IN: face_detect → OUT: detected=false landmarks=nil roll=nil pitch=nil yaw=nil (6679ms)
[2026-06-15 09:55:06] [hand_detect] IN: hand_detect 1920x1080 → OUT: detected=false landmarks=nil confidence=0
[2026-06-15 09:55:06] [face_detect] IN: face_detect → OUT: detected=false landmarks=nil roll=nil pitch=nil yaw=nil (6165ms)
[2026-06-15 09:55:06] [hand_detect] IN: hand_detect 1920x1080 → OUT: detected=false landmarks=nil confidence=0
[2026-06-15 09:55:06] [face_detect] IN: face_detect → OUT: detected=false landmarks=nil roll=nil pitch=nil yaw=nil (7166ms)
[2026-06-15 09:55:06] [hand_detect] IN: hand_detect 1920x1080 → OUT: detected=false landmarks=nil confidence=0
[2026-06-15 09:55:06] [face_detect] IN: face_detect → OUT: detected=false landmarks=nil roll=nil pitch=nil yaw=nil (6886ms)
[2026-06-15 09:55:06] [hand_detect] IN: hand_detect 1920x1080 → OUT: detected=false landmarks=nil confidence=0
[2026-06-15 09:55:06] [face_detect] IN: face_detect → OUT: detected=false landmarks=nil roll=nil pitch=nil yaw=nil (6502ms)
[2026-06-15 09:55:06] [hand_detect] IN: hand_detect 1920x1080 → OUT: detected=false landmarks=nil confidence=0
[2026-06-15 09:55:06] [face_detect] IN: face_detect → OUT: detected=false landmarks=nil roll=nil pitch=nil yaw=nil (6570ms)
[2026-06-15 09:55:06] [axScan] IN: windows=4 → OUT: raw=49 visible=6 [pid8084=3 pid690=1 pid685=1 pid689=1] (53ms)
[2026-06-15 09:55:06] [hand_detect] IN: hand_detect 1920x1080 → OUT: detected=false landmarks=nil confidence=0
[2026-06-15 09:55:06] [face_detect] IN: face_detect → OUT: detected=false landmarks=nil roll=nil pitch=nil yaw=nil (5787ms)
[2026-06-15 09:55:06] [hand_detect] IN: hand_detect 1920x1080 → OUT: detected=false landmarks=nil confidence=0
[2026-06-15 09:55:06] [face_detect] IN: face_detect → OUT: detected=false landmarks=nil roll=nil pitch=nil yaw=nil (5908ms)
[2026-06-15 09:55:06] [hand_detect] IN: hand_detect 1920x1080 → OUT: detected=false landmarks=nil confidence=0
[2026-06-15 09:55:06] [face_detect] IN: face_detect → OUT: detected=false landmarks=nil roll=nil pitch=nil yaw=nil (6474ms)
[2026-06-15 09:55:06] [hand_detect] IN: hand_detect 1920x1080 → OUT: detected=false landmarks=nil confidence=0
[2026-06-15 09:55:06] [face_detect] IN: face_detect → OUT: detected=false landmarks=nil roll=nil pitch=nil yaw=nil (6953ms)
[2026-06-15 09:55:06] [hand_detect] IN: hand_detect 1920x1080 → OUT: detected=false landmarks=nil confidence=0
[2026-06-15 09:55:06] [face_detect] IN: face_detect → OUT: detected=false landmarks=nil roll=nil pitch=nil yaw=nil (6978ms)
[2026-06-15 09:55:06] [hand_detect] IN: hand_detect 1920x1080 → OUT: detected=false landmarks=nil confidence=0
[2026-06-15 09:55:06] [face_detect] IN: face_detect → OUT: detected=false landmarks=nil roll=nil pitch=nil yaw=nil (6857ms)
[2026-06-15 09:55:06] [hand_detect] IN: hand_detect 1920x1080 → OUT: detected=false landmarks=nil confidence=0
[2026-06-15 09:55:06] [face_detect] IN: face_detect → OUT: detected=false landmarks=nil roll=nil pitch=nil yaw=nil (6632ms)
[2026-06-15 09:55:06] [hand_detect] IN: hand_detect 1920x1080 → OUT: detected=false landmarks=nil confidence=0
[2026-06-15 09:55:06] [face_detect] IN: face_detect → OUT: detected=false landmarks=nil roll=nil pitch=nil yaw=nil (6389ms)
[2026-06-15 09:55:06] [hand_detect] IN: hand_detect 1920x1080 → OUT: detected=false landmarks=nil confidence=0
[2026-06-15 09:55:06] [face_detect] IN: face_detect → OUT: detected=false landmarks=nil roll=nil pitch=nil yaw=nil (7279ms)
[2026-06-15 09:55:06] [hand_detect] IN: hand_detect 1920x1080 → OUT: detected=false landmarks=nil confidence=0
[2026-06-15 09:55:06] [face_detect] IN: face_detect → OUT: detected=false landmarks=nil roll=nil pitch=nil yaw=nil (7028ms)
[2026-06-15 09:55:06] [hand_detect] IN: hand_detect 1920x1080 → OUT: detected=false landmarks=nil confidence=0
[2026-06-15 09:55:06] [face_detect] IN: face_detect → OUT: detected=false landmarks=nil roll=nil pitch=nil yaw=nil (6420ms)
[2026-06-15 09:55:06] [hand_detect] IN: hand_detect 1920x1080 → OUT: detected=false landmarks=nil confidence=0
[2026-06-15 09:55:06] [face_detect] IN: face_detect → OUT: detected=false landmarks=nil roll=nil pitch=nil yaw=nil (7238ms)
[2026-06-15 09:55:06] [hand_detect] IN: hand_detect 1920x1080 → OUT: detected=false landmarks=nil confidence=0
[2026-06-15 09:55:06] [face_detect] IN: face_detect → OUT: detected=false landmarks=nil roll=nil pitch=nil yaw=nil (6729ms)
[2026-06-15 09:55:06] [hand_detect] IN: hand_detect 1920x1080 → OUT: detected=false landmarks=nil confidence=0
[2026-06-15 09:55:06] [face_detect] IN: face_detect → OUT: detected=false landmarks=nil roll=nil pitch=nil yaw=nil (6870ms)
[2026-06-15 09:55:06] [hand_detect] IN: hand_detect 1920x1080 → OUT: detected=false landmarks=nil confidence=0
[2026-06-15 09:55:06] [face_detect] IN: face_detect → OUT: detected=false landmarks=nil roll=nil pitch=nil yaw=nil (6495ms)
[2026-06-15 09:55:06] [axScan] IN: windows=4 → OUT: raw=49 visible=6 [pid8084=3 pid685=1 pid689=1 pid690=1] (55ms)
[2026-06-15 09:55:06] [hand_detect] IN: hand_detect 1920x1080 → OUT: detected=false landmarks=nil confidence=0
[2026-06-15 09:55:06] [face_detect] IN: face_detect → OUT: detected=false landmarks=nil roll=nil pitch=nil yaw=nil (5252ms)
[2026-06-15 09:55:06] [hand_detect] IN: hand_detect 1920x1080 → OUT: detected=false landmarks=nil confidence=0
[2026-06-15 09:55:06] [face_detect] IN: face_detect → OUT: detected=false landmarks=nil roll=nil pitch=nil yaw=nil (6031ms)
[2026-06-15 09:55:06] [hand_detect] IN: hand_detect 1920x1080 → OUT: detected=false landmarks=nil confidence=0
[2026-06-15 09:55:06] [face_detect] IN: face_detect → OUT: detected=false landmarks=nil roll=nil pitch=nil yaw=nil (5668ms)
[2026-06-15 09:55:06] [hand_detect] IN: hand_detect 1920x1080 → OUT: detected=false landmarks=nil confidence=0
[2026-06-15 09:55:06] [face_detect] IN: face_detect → OUT: detected=false landmarks=nil roll=nil pitch=nil yaw=nil (6303ms)
[2026-06-15 09:55:06] [hand_detect] IN: hand_detect 1920x1080 → OUT: detected=false landmarks=nil confidence=0
[2026-06-15 09:55:06] [face_detect] IN: face_detect → OUT: detected=false landmarks=nil roll=nil pitch=nil yaw=nil (6592ms)
[2026-06-15 09:55:06] [hand_detect] IN: hand_detect 1920x1080 → OUT: detected=false landmarks=nil confidence=0
[2026-06-15 09:55:07] [face_detect] IN: face_detect → OUT: detected=false landmarks=nil roll=nil pitch=nil yaw=nil (6947ms)
[2026-06-15 09:55:07] [hand_detect] IN: hand_detect 1920x1080 → OUT: detected=false landmarks=nil confidence=0
[2026-06-15 09:55:07] [face_detect] IN: face_detect → OUT: detected=false landmarks=nil roll=nil pitch=nil yaw=nil (6718ms)
[2026-06-15 09:55:07] [hand_detect] IN: hand_detect 1920x1080 → OUT: detected=false landmarks=nil confidence=0
[2026-06-15 09:55:07] [face_detect] IN: face_detect → OUT: detected=false landmarks=nil roll=nil pitch=nil yaw=nil (6824ms)
[2026-06-15 09:55:07] [hand_detect] IN: hand_detect 1920x1080 → OUT: detected=false landmarks=nil confidence=0
[2026-06-15 09:55:07] [face_detect] IN: face_detect → OUT: detected=false landmarks=nil roll=nil pitch=nil yaw=nil (6989ms)
[2026-06-15 09:55:07] [hand_detect] IN: hand_detect 1920x1080 → OUT: detected=false landmarks=nil confidence=0
[2026-06-15 09:55:07] [face_detect] IN: face_detect → OUT: detected=false landmarks=nil roll=nil pitch=nil yaw=nil (6222ms)
[2026-06-15 09:55:07] [hand_detect] IN: hand_detect 1920x1080 → OUT: detected=false landmarks=nil confidence=0
[2026-06-15 09:55:07] [face_detect] IN: face_detect → OUT: detected=false landmarks=nil roll=nil pitch=nil yaw=nil (6996ms)
[2026-06-15 09:55:07] [hand_detect] IN: hand_detect 1920x1080 → OUT: detected=false landmarks=nil confidence=0
[2026-06-15 09:55:07] [face_detect] IN: face_detect → OUT: detected=false landmarks=nil roll=nil pitch=nil yaw=nil (6157ms)
[2026-06-15 09:55:07] [hand_detect] IN: hand_detect 1920x1080 → OUT: detected=false landmarks=nil confidence=0
[2026-06-15 09:55:07] [face_detect] IN: face_detect → OUT: detected=false landmarks=nil roll=nil pitch=nil yaw=nil (6842ms)
[2026-06-15 09:55:07] [hand_detect] IN: hand_detect 1920x1080 → OUT: detected=false landmarks=nil confidence=0
[2026-06-15 09:55:07] [face_detect] IN: face_detect → OUT: detected=false landmarks=nil roll=nil pitch=nil yaw=nil (6496ms)
[2026-06-15 09:55:07] [hand_detect] IN: hand_detect 1920x1080 → OUT: detected=false landmarks=nil confidence=0
[2026-06-15 09:55:07] [face_detect] IN: face_detect → OUT: detected=false landmarks=nil roll=nil pitch=nil yaw=nil (6211ms)
[2026-06-15 09:55:07] [axScan] IN: windows=4 → OUT: raw=49 visible=6 [pid689=1 pid8084=3 pid690=1 pid685=1] (59ms)
[2026-06-15 09:55:07] [hand_detect] IN: hand_detect 1920x1080 → OUT: detected=false landmarks=nil confidence=0
[2026-06-15 09:55:07] [face_detect] IN: face_detect → OUT: detected=false landmarks=nil roll=nil pitch=nil yaw=nil (5043ms)
[2026-06-15 09:55:07] [hand_detect] IN: hand_detect 1920x1080 → OUT: detected=false landmarks=nil confidence=0
[2026-06-15 09:55:07] [face_detect] IN: face_detect → OUT: detected=false landmarks=nil roll=nil pitch=nil yaw=nil (5694ms)
[2026-06-15 09:55:07] [hand_detect] IN: hand_detect 1920x1080 → OUT: detected=false landmarks=nil confidence=0
[2026-06-15 09:55:07] [face_detect] IN: face_detect → OUT: detected=false landmarks=nil roll=nil pitch=nil yaw=nil (5761ms)
[2026-06-15 09:55:07] [hand_detect] IN: hand_detect 1920x1080 → OUT: detected=false landmarks=nil confidence=0
[2026-06-15 09:55:07] [face_detect] IN: face_detect → OUT: detected=false landmarks=nil roll=nil pitch=nil yaw=nil (7081ms)
[2026-06-15 09:55:07] [hand_detect] IN: hand_detect 1920x1080 → OUT: detected=false landmarks=nil confidence=0
[2026-06-15 09:55:07] [face_detect] IN: face_detect → OUT: detected=false landmarks=nil roll=nil pitch=nil yaw=nil (6835ms)
[2026-06-15 09:55:07] [hand_detect] IN: hand_detect 1920x1080 → OUT: detected=false landmarks=nil confidence=0
[2026-06-15 09:55:07] [face_detect] IN: face_detect → OUT: detected=false landmarks=nil roll=nil pitch=nil yaw=nil (6473ms)
[2026-06-15 09:55:07] [hand_detect] IN: hand_detect 1920x1080 → OUT: detected=false landmarks=nil confidence=0
[2026-06-15 09:55:07] [face_detect] IN: face_detect → OUT: detected=false landmarks=nil roll=nil pitch=nil yaw=nil (6423ms)
[2026-06-15 09:55:07] [hand_detect] IN: hand_detect 1920x1080 → OUT: detected=false landmarks=nil confidence=0
[2026-06-15 09:55:07] [face_detect] IN: face_detect → OUT: detected=false landmarks=nil roll=nil pitch=nil yaw=nil (7309ms)
[2026-06-15 09:55:07] [hand_detect] IN: hand_detect 1920x1080 → OUT: detected=false landmarks=nil confidence=0
[2026-06-15 09:55:07] [face_detect] IN: face_detect → OUT: detected=false landmarks=nil roll=nil pitch=nil yaw=nil (7054ms)
[2026-06-15 09:55:07] [hand_detect] IN: hand_detect 1920x1080 → OUT: detected=false landmarks=nil confidence=0
[2026-06-15 09:55:07] [face_detect] IN: face_detect → OUT: detected=false landmarks=nil roll=nil pitch=nil yaw=nil (6507ms)
[2026-06-15 09:55:07] [hand_detect] IN: hand_detect 1920x1080 → OUT: detected=false landmarks=nil confidence=0
[2026-06-15 09:55:07] [face_detect] IN: face_detect → OUT: detected=false landmarks=nil roll=nil pitch=nil yaw=nil (7259ms)
[2026-06-15 09:55:07] [hand_detect] IN: hand_detect 1920x1080 → OUT: detected=false landmarks=nil confidence=0
[2026-06-15 09:55:07] [face_detect] IN: face_detect → OUT: detected=false landmarks=nil roll=nil pitch=nil yaw=nil (6458ms)
[2026-06-15 09:55:07] [hand_detect] IN: hand_detect 1920x1080 → OUT: detected=false landmarks=nil confidence=0
[2026-06-15 09:55:07] [face_detect] IN: face_detect → OUT: detected=false landmarks=nil roll=nil pitch=nil yaw=nil (6285ms)
[2026-06-15 09:55:07] [hand_detect] IN: hand_detect 1920x1080 → OUT: detected=false landmarks=nil confidence=0
[2026-06-15 09:55:07] [face_detect] IN: face_detect → OUT: detected=false landmarks=nil roll=nil pitch=nil yaw=nil (6582ms)
[2026-06-15 09:55:07] [hand_detect] IN: hand_detect 1920x1080 → OUT: detected=false landmarks=nil confidence=0
[2026-06-15 09:55:07] [face_detect] IN: face_detect → OUT: detected=false landmarks=nil roll=nil pitch=nil yaw=nil (5300ms)
[2026-06-15 09:55:07] [axScan] IN: windows=4 → OUT: raw=49 visible=6 [pid8084=3 pid689=1 pid690=1 pid685=1] (51ms)
[2026-06-15 09:55:07] [hand_detect] IN: hand_detect 1920x1080 → OUT: detected=false landmarks=nil confidence=0
[2026-06-15 09:55:07] [face_detect] IN: face_detect → OUT: detected=false landmarks=nil roll=nil pitch=nil yaw=nil (4098ms)
[2026-06-15 09:55:07] [hand_detect] IN: hand_detect 1920x1080 → OUT: detected=false landmarks=nil confidence=0
[2026-06-15 09:55:07] [face_detect] IN: face_detect → OUT: detected=false landmarks=nil roll=nil pitch=nil yaw=nil (5185ms)
[2026-06-15 09:55:07] [hand_detect] IN: hand_detect 1920x1080 → OUT: detected=false landmarks=nil confidence=0
[2026-06-15 09:55:07] [face_detect] IN: face_detect → OUT: detected=false landmarks=nil roll=nil pitch=nil yaw=nil (5908ms)
[2026-06-15 09:55:07] [hand_detect] IN: hand_detect 1920x1080 → OUT: detected=false landmarks=nil confidence=0
[2026-06-15 09:55:07] [face_detect] IN: face_detect → OUT: detected=false landmarks=nil roll=nil pitch=nil yaw=nil (6021ms)
[2026-06-15 09:55:07] [hand_detect] IN: hand_detect 1920x1080 → OUT: detected=false landmarks=nil confidence=0
[2026-06-15 09:55:07] [face_detect] IN: face_detect → OUT: detected=false landmarks=nil roll=nil pitch=nil yaw=nil (5505ms)
[2026-06-15 09:55:07] [hand_detect] IN: hand_detect 1920x1080 → OUT: detected=false landmarks=nil confidence=0
[2026-06-15 09:55:07] [face_detect] IN: face_detect → OUT: detected=false landmarks=nil roll=nil pitch=nil yaw=nil (6372ms)
[2026-06-15 09:55:08] [hand_detect] IN: hand_detect 1920x1080 → OUT: detected=false landmarks=nil confidence=0
[2026-06-15 09:55:08] [face_detect] IN: face_detect → OUT: detected=false landmarks=nil roll=nil pitch=nil yaw=nil (5187ms)
[2026-06-15 09:55:08] [hand_detect] IN: hand_detect 1920x1080 → OUT: detected=false landmarks=nil confidence=0
[2026-06-15 09:55:08] [face_detect] IN: face_detect → OUT: detected=false landmarks=nil roll=nil pitch=nil yaw=nil (3383ms)
[2026-06-15 09:55:08] [hand_detect] IN: hand_detect 1920x1080 → OUT: detected=false landmarks=nil confidence=0
[2026-06-15 09:55:08] [face_detect] IN: face_detect → OUT: detected=false landmarks=nil roll=nil pitch=nil yaw=nil (3257ms)
[2026-06-15 09:55:08] [hand_detect] IN: hand_detect 1920x1080 → OUT: detected=false landmarks=nil confidence=0
[2026-06-15 09:55:08] [face_detect] IN: face_detect → OUT: detected=false landmarks=nil roll=nil pitch=nil yaw=nil (4106ms)
[2026-06-15 09:55:08] [hand_detect] IN: hand_detect 1920x1080 → OUT: detected=false landmarks=nil confidence=0
[2026-06-15 09:55:08] [face_detect] IN: face_detect → OUT: detected=false landmarks=nil roll=nil pitch=nil yaw=nil (3951ms)
[2026-06-15 09:55:08] [hand_detect] IN: hand_detect 1920x1080 → OUT: detected=false landmarks=nil confidence=0
[2026-06-15 09:55:08] [face_detect] IN: face_detect → OUT: detected=false landmarks=nil roll=nil pitch=nil yaw=nil (3292ms)
[2026-06-15 09:55:08] [hand_detect] IN: hand_detect 1920x1080 → OUT: detected=false landmarks=nil confidence=0
[2026-06-15 09:55:08] [face_detect] IN: face_detect → OUT: detected=false landmarks=nil roll=nil pitch=nil yaw=nil (3412ms)
[2026-06-15 09:55:08] [hand_detect] IN: hand_detect 1920x1080 → OUT: detected=false landmarks=nil confidence=0
[2026-06-15 09:55:08] [face_detect] IN: face_detect → OUT: detected=false landmarks=nil roll=nil pitch=nil yaw=nil (3482ms)
[2026-06-15 09:55:08] [hand_detect] IN: hand_detect 1920x1080 → OUT: detected=false landmarks=nil confidence=0
[2026-06-15 09:55:08] [face_detect] IN: face_detect → OUT: detected=false landmarks=nil roll=nil pitch=nil yaw=nil (3221ms)
[2026-06-15 09:55:08] [axScan] IN: windows=4 → OUT: raw=49 visible=6 [pid689=1 pid685=1 pid690=1 pid8084=3] (51ms)
[2026-06-15 09:55:08] [hand_detect] IN: hand_detect 1920x1080 → OUT: detected=false landmarks=nil confidence=0
[2026-06-15 09:55:08] [face_detect] IN: face_detect → OUT: detected=false landmarks=nil roll=nil pitch=nil yaw=nil (3178ms)
[2026-06-15 09:55:08] [hand_detect] IN: hand_detect 1920x1080 → OUT: detected=false landmarks=nil confidence=0
[2026-06-15 09:55:08] [face_detect] IN: face_detect → OUT: detected=false landmarks=nil roll=nil pitch=nil yaw=nil (3553ms)
[2026-06-15 09:55:08] [hand_detect] IN: hand_detect 1920x1080 → OUT: detected=false landmarks=nil confidence=0
[2026-06-15 09:55:08] [face_detect] IN: face_detect → OUT: detected=false landmarks=nil roll=nil pitch=nil yaw=nil (3246ms)
[2026-06-15 09:55:08] [hand_detect] IN: hand_detect 1920x1080 → OUT: detected=false landmarks=nil confidence=0
[2026-06-15 09:55:08] [face_detect] IN: face_detect → OUT: detected=false landmarks=nil roll=nil pitch=nil yaw=nil (3239ms)
[2026-06-15 09:55:08] [hand_detect] IN: hand_detect 1920x1080 → OUT: detected=false landmarks=nil confidence=0
[2026-06-15 09:55:08] [face_detect] IN: face_detect → OUT: detected=false landmarks=nil roll=nil pitch=nil yaw=nil (2980ms)
[2026-06-15 09:55:08] [hand_detect] IN: hand_detect 1920x1080 → OUT: detected=false landmarks=nil confidence=0
[2026-06-15 09:55:08] [face_detect] IN: face_detect → OUT: detected=false landmarks=nil roll=nil pitch=nil yaw=nil (3004ms)
[2026-06-15 09:55:08] [hand_detect] IN: hand_detect 1920x1080 → OUT: detected=false landmarks=nil confidence=0
[2026-06-15 09:55:08] [face_detect] IN: face_detect → OUT: detected=false landmarks=nil roll=nil pitch=nil yaw=nil (2826ms)
[2026-06-15 09:55:08] [hand_detect] IN: hand_detect 1920x1080 → OUT: detected=false landmarks=nil confidence=0
[2026-06-15 09:55:08] [face_detect] IN: face_detect → OUT: detected=false landmarks=nil roll=nil pitch=nil yaw=nil (3046ms)
[2026-06-15 09:55:08] [hand_detect] IN: hand_detect 1920x1080 → OUT: detected=false landmarks=nil confidence=0
[2026-06-15 09:55:08] [face_detect] IN: face_detect → OUT: detected=false landmarks=nil roll=nil pitch=nil yaw=nil (3037ms)
[2026-06-15 09:55:08] [hand_detect] IN: hand_detect 1920x1080 → OUT: detected=false landmarks=nil confidence=0
[2026-06-15 09:55:08] [face_detect] IN: face_detect → OUT: detected=false landmarks=nil roll=nil pitch=nil yaw=nil (2879ms)
[2026-06-15 09:55:08] [hand_detect] IN: hand_detect 1920x1080 → OUT: detected=false landmarks=nil confidence=0
[2026-06-15 09:55:08] [face_detect] IN: face_detect → OUT: detected=false landmarks=nil roll=nil pitch=nil yaw=nil (2802ms)
[2026-06-15 09:55:08] [hand_detect] IN: hand_detect 1920x1080 → OUT: detected=false landmarks=nil confidence=0
[2026-06-15 09:55:08] [face_detect] IN: face_detect → OUT: detected=false landmarks=nil roll=nil pitch=nil yaw=nil (3422ms)
[2026-06-15 09:55:08] [hand_detect] IN: hand_detect 1920x1080 → OUT: detected=false landmarks=nil confidence=0
[2026-06-15 09:55:08] [face_detect] IN: face_detect → OUT: detected=false landmarks=nil roll=nil pitch=nil yaw=nil (3322ms)
[2026-06-15 09:55:08] [hand_detect] IN: hand_detect 1920x1080 → OUT: detected=false landmarks=nil confidence=0
[2026-06-15 09:55:08] [face_detect] IN: face_detect → OUT: detected=false landmarks=nil roll=nil pitch=nil yaw=nil (3627ms)
[2026-06-15 09:55:08] [hand_detect] IN: hand_detect 1920x1080 → OUT: detected=false landmarks=nil confidence=0
[2026-06-15 09:55:08] [face_detect] IN: face_detect → OUT: detected=false landmarks=nil roll=nil pitch=nil yaw=nil (2918ms)
[2026-06-15 09:55:08] [axScan] IN: windows=4 → OUT: raw=49 visible=6 [pid8084=3 pid689=1 pid690=1 pid685=1] (51ms)
[2026-06-15 09:55:08] [hand_detect] IN: hand_detect 1920x1080 → OUT: detected=false landmarks=nil confidence=0
[2026-06-15 09:55:08] [face_detect] IN: face_detect → OUT: detected=false landmarks=nil roll=nil pitch=nil yaw=nil (3250ms)
[2026-06-15 09:55:08] [hand_detect] IN: hand_detect 1920x1080 → OUT: detected=false landmarks=nil confidence=0
[2026-06-15 09:55:08] [face_detect] IN: face_detect → OUT: detected=false landmarks=nil roll=nil pitch=nil yaw=nil (3234ms)
[2026-06-15 09:55:08] [hand_detect] IN: hand_detect 1920x1080 → OUT: detected=false landmarks=nil confidence=0
[2026-06-15 09:55:08] [face_detect] IN: face_detect → OUT: detected=false landmarks=nil roll=nil pitch=nil yaw=nil (3345ms)
[2026-06-15 09:55:08] [hand_detect] IN: hand_detect 1920x1080 → OUT: detected=false landmarks=nil confidence=0
[2026-06-15 09:55:08] [face_detect] IN: face_detect → OUT: detected=false landmarks=nil roll=nil pitch=nil yaw=nil (4292ms)
[2026-06-15 09:55:08] [hand_detect] IN: hand_detect 1920x1080 → OUT: detected=false landmarks=nil confidence=0
[2026-06-15 09:55:08] [face_detect] IN: face_detect → OUT: detected=false landmarks=nil roll=nil pitch=nil yaw=nil (5228ms)
[2026-06-15 09:55:08] [hand_detect] IN: hand_detect 1920x1080 → OUT: detected=false landmarks=nil confidence=0
[2026-06-15 09:55:08] [face_detect] IN: face_detect → OUT: detected=false landmarks=nil roll=nil pitch=nil yaw=nil (4670ms)
[2026-06-15 09:55:09] [hand_detect] IN: hand_detect 1920x1080 → OUT: detected=false landmarks=nil confidence=0
[2026-06-15 09:55:09] [face_detect] IN: face_detect → OUT: detected=false landmarks=nil roll=nil pitch=nil yaw=nil (3041ms)
[2026-06-15 09:55:09] [hand_detect] IN: hand_detect 1920x1080 → OUT: detected=false landmarks=nil confidence=0
[2026-06-15 09:55:09] [face_detect] IN: face_detect → OUT: detected=false landmarks=nil roll=nil pitch=nil yaw=nil (2819ms)
[2026-06-15 09:55:09] [hand_detect] IN: hand_detect 1920x1080 → OUT: detected=false landmarks=nil confidence=0
[2026-06-15 09:55:09] [face_detect] IN: face_detect → OUT: detected=false landmarks=nil roll=nil pitch=nil yaw=nil (3008ms)
[2026-06-15 09:55:09] [hand_detect] IN: hand_detect 1920x1080 → OUT: detected=false landmarks=nil confidence=0
[2026-06-15 09:55:09] [face_detect] IN: face_detect → OUT: detected=false landmarks=nil roll=nil pitch=nil yaw=nil (3631ms)
[2026-06-15 09:55:09] [hand_detect] IN: hand_detect 1920x1080 → OUT: detected=false landmarks=nil confidence=0
[2026-06-15 09:55:09] [face_detect] IN: face_detect → OUT: detected=false landmarks=nil roll=nil pitch=nil yaw=nil (2833ms)
[2026-06-15 09:55:09] [hand_detect] IN: hand_detect 1920x1080 → OUT: detected=false landmarks=nil confidence=0
[2026-06-15 09:55:09] [face_detect] IN: face_detect → OUT: detected=false landmarks=nil roll=nil pitch=nil yaw=nil (4912ms)
[2026-06-15 09:55:09] [hand_detect] IN: hand_detect 1920x1080 → OUT: detected=false landmarks=nil confidence=0
[2026-06-15 09:55:09] [face_detect] IN: face_detect → OUT: detected=false landmarks=nil roll=nil pitch=nil yaw=nil (4570ms)
[2026-06-15 09:55:09] [hand_detect] IN: hand_detect 1920x1080 → OUT: detected=false landmarks=nil confidence=0
[2026-06-15 09:55:09] [face_detect] IN: face_detect → OUT: detected=false landmarks=nil roll=nil pitch=nil yaw=nil (2851ms)
[2026-06-15 09:55:09] [hand_detect] IN: hand_detect 1920x1080 → OUT: detected=false landmarks=nil confidence=0
[2026-06-15 09:55:09] [face_detect] IN: face_detect → OUT: detected=false landmarks=nil roll=nil pitch=nil yaw=nil (2732ms)
[2026-06-15 09:55:09] [axScan] IN: windows=4 → OUT: raw=49 visible=6 [pid8084=3 pid689=1 pid690=1 pid685=1] (48ms)
[2026-06-15 09:55:09] [hand_detect] IN: hand_detect 1920x1080 → OUT: detected=false landmarks=nil confidence=0
[2026-06-15 09:55:09] [face_detect] IN: face_detect → OUT: detected=false landmarks=nil roll=nil pitch=nil yaw=nil (2681ms)
[2026-06-15 09:55:09] [hand_detect] IN: hand_detect 1920x1080 → OUT: detected=false landmarks=nil confidence=0
[2026-06-15 09:55:09] [face_detect] IN: face_detect → OUT: detected=false landmarks=nil roll=nil pitch=nil yaw=nil (2611ms)
[2026-06-15 09:55:09] [hand_detect] IN: hand_detect 1920x1080 → OUT: detected=false landmarks=nil confidence=0
[2026-06-15 09:55:09] [face_detect] IN: face_detect → OUT: detected=false landmarks=nil roll=nil pitch=nil yaw=nil (2849ms)
[2026-06-15 09:55:09] [hand_detect] IN: hand_detect 1920x1080 → OUT: detected=false landmarks=nil confidence=0
[2026-06-15 09:55:09] [face_detect] IN: face_detect → OUT: detected=false landmarks=nil roll=nil pitch=nil yaw=nil (2788ms)
[2026-06-15 09:55:09] [hand_detect] IN: hand_detect 1920x1080 → OUT: detected=false landmarks=nil confidence=0
[2026-06-15 09:55:09] [face_detect] IN: face_detect → OUT: detected=false landmarks=nil roll=nil pitch=nil yaw=nil (2683ms)
[2026-06-15 09:55:09] [hand_detect] IN: hand_detect 1920x1080 → OUT: detected=false landmarks=nil confidence=0
[2026-06-15 09:55:09] [face_detect] IN: face_detect → OUT: detected=false landmarks=nil roll=nil pitch=nil yaw=nil (2694ms)
[2026-06-15 09:55:09] [hand_detect] IN: hand_detect 1920x1080 → OUT: detected=false landmarks=nil confidence=0
[2026-06-15 09:55:09] [face_detect] IN: face_detect → OUT: detected=false landmarks=nil roll=nil pitch=nil yaw=nil (2846ms)
[2026-06-15 09:55:09] [hand_detect] IN: hand_detect 1920x1080 → OUT: detected=false landmarks=nil confidence=0
[2026-06-15 09:55:09] [face_detect] IN: face_detect → OUT: detected=false landmarks=nil roll=nil pitch=nil yaw=nil (2715ms)
[2026-06-15 09:55:09] [hand_detect] IN: hand_detect 1920x1080 → OUT: detected=false landmarks=nil confidence=0
[2026-06-15 09:55:09] [face_detect] IN: face_detect → OUT: detected=false landmarks=nil roll=nil pitch=nil yaw=nil (2707ms)
[2026-06-15 09:55:09] [hand_detect] IN: hand_detect 1920x1080 → OUT: detected=false landmarks=nil confidence=0
[2026-06-15 09:55:09] [face_detect] IN: face_detect → OUT: detected=false landmarks=nil roll=nil pitch=nil yaw=nil (2850ms)
[2026-06-15 09:55:09] [hand_detect] IN: hand_detect 1920x1080 → OUT: detected=false landmarks=nil confidence=0
[2026-06-15 09:55:09] [face_detect] IN: face_detect → OUT: detected=false landmarks=nil roll=nil pitch=nil yaw=nil (2781ms)
[2026-06-15 09:55:09] [hand_detect] IN: hand_detect 1920x1080 → OUT: detected=false landmarks=nil confidence=0
[2026-06-15 09:55:09] [face_detect] IN: face_detect → OUT: detected=false landmarks=nil roll=nil pitch=nil yaw=nil (2856ms)
[2026-06-15 09:55:09] [hand_detect] IN: hand_detect 1920x1080 → OUT: detected=false landmarks=nil confidence=0
[2026-06-15 09:55:09] [face_detect] IN: face_detect → OUT: detected=false landmarks=nil roll=nil pitch=nil yaw=nil (2720ms)
[2026-06-15 09:55:09] [hand_detect] IN: hand_detect 1920x1080 → OUT: detected=false landmarks=nil confidence=0
[2026-06-15 09:55:09] [face_detect] IN: face_detect → OUT: detected=false landmarks=nil roll=nil pitch=nil yaw=nil (2701ms)
[2026-06-15 09:55:09] [hand_detect] IN: hand_detect 1920x1080 → OUT: detected=false landmarks=nil confidence=0
[2026-06-15 09:55:09] [face_detect] IN: face_detect → OUT: detected=false landmarks=nil roll=nil pitch=nil yaw=nil (2825ms)
[2026-06-15 09:55:09] [axScan] IN: windows=4 → OUT: raw=49 visible=6 [pid689=1 pid685=1 pid8084=3 pid690=1] (44ms)
[2026-06-15 09:55:09] [hand_detect] IN: hand_detect 1920x1080 → OUT: detected=false landmarks=nil confidence=0
[2026-06-15 09:55:09] [face_detect] IN: face_detect → OUT: detected=false landmarks=nil roll=nil pitch=nil yaw=nil (2839ms)
[2026-06-15 09:55:09] [hand_detect] IN: hand_detect 1920x1080 → OUT: detected=false landmarks=nil confidence=0
[2026-06-15 09:55:09] [face_detect] IN: face_detect → OUT: detected=false landmarks=nil roll=nil pitch=nil yaw=nil (2699ms)
[2026-06-15 09:55:09] [hand_detect] IN: hand_detect 1920x1080 → OUT: detected=false landmarks=nil confidence=0
[2026-06-15 09:55:09] [face_detect] IN: face_detect → OUT: detected=false landmarks=nil roll=nil pitch=nil yaw=nil (2933ms)
[2026-06-15 09:55:09] [hand_detect] IN: hand_detect 1920x1080 → OUT: detected=false landmarks=nil confidence=0
[2026-06-15 09:55:09] [face_detect] IN: face_detect → OUT: detected=false landmarks=nil roll=nil pitch=nil yaw=nil (2885ms)
[2026-06-15 09:55:09] [hand_detect] IN: hand_detect 1920x1080 → OUT: detected=false landmarks=nil confidence=0
[2026-06-15 09:55:09] [face_detect] IN: face_detect → OUT: detected=false landmarks=nil roll=nil pitch=nil yaw=nil (2708ms)
[2026-06-15 09:55:09] [hand_detect] IN: hand_detect 1920x1080 → OUT: detected=false landmarks=nil confidence=0
[2026-06-15 09:55:09] [face_detect] IN: face_detect → OUT: detected=false landmarks=nil roll=nil pitch=nil yaw=nil (2621ms)
[2026-06-15 09:55:10] [hand_detect] IN: hand_detect 1920x1080 → OUT: detected=false landmarks=nil confidence=0
[2026-06-15 09:55:10] [face_detect] IN: face_detect → OUT: detected=false landmarks=nil roll=nil pitch=nil yaw=nil (2742ms)
[2026-06-15 09:55:10] [hand_detect] IN: hand_detect 1920x1080 → OUT: detected=false landmarks=nil confidence=0
[2026-06-15 09:55:10] [face_detect] IN: face_detect → OUT: detected=false landmarks=nil roll=nil pitch=nil yaw=nil (2723ms)
[2026-06-15 09:55:10] [hand_detect] IN: hand_detect 1920x1080 → OUT: detected=false landmarks=nil confidence=0
[2026-06-15 09:55:10] [face_detect] IN: face_detect → OUT: detected=false landmarks=nil roll=nil pitch=nil yaw=nil (2768ms)
[2026-06-15 09:55:10] [hand_detect] IN: hand_detect 1920x1080 → OUT: detected=false landmarks=nil confidence=0
[2026-06-15 09:55:10] [face_detect] IN: face_detect → OUT: detected=false landmarks=nil roll=nil pitch=nil yaw=nil (2686ms)
[2026-06-15 09:55:10] [hand_detect] IN: hand_detect 1920x1080 → OUT: detected=false landmarks=nil confidence=0
[2026-06-15 09:55:10] [face_detect] IN: face_detect → OUT: detected=false landmarks=nil roll=nil pitch=nil yaw=nil (3113ms)
[2026-06-15 09:55:10] [hand_detect] IN: hand_detect 1920x1080 → OUT: detected=false landmarks=nil confidence=0
[2026-06-15 09:55:10] [face_detect] IN: face_detect → OUT: detected=false landmarks=nil roll=nil pitch=nil yaw=nil (2905ms)
[2026-06-15 09:55:10] [hand_detect] IN: hand_detect 1920x1080 → OUT: detected=false landmarks=nil confidence=0
[2026-06-15 09:55:10] [face_detect] IN: face_detect → OUT: detected=false landmarks=nil roll=nil pitch=nil yaw=nil (4747ms)
[2026-06-15 09:55:10] [hand_detect] IN: hand_detect 1920x1080 → OUT: detected=false landmarks=nil confidence=0
[2026-06-15 09:55:10] [face_detect] IN: face_detect → OUT: detected=false landmarks=nil roll=nil pitch=nil yaw=nil (2701ms)
[2026-06-15 09:55:10] [hand_detect] IN: hand_detect 1920x1080 → OUT: detected=false landmarks=nil confidence=0
[2026-06-15 09:55:10] [face_detect] IN: face_detect → OUT: detected=false landmarks=nil roll=nil pitch=nil yaw=nil (2551ms)
[2026-06-15 09:55:10] [axScan] IN: windows=4 → OUT: raw=49 visible=6 [pid8084=3 pid689=1 pid685=1 pid690=1] (60ms)
[2026-06-15 09:55:10] [hand_detect] IN: hand_detect 1920x1080 → OUT: detected=false landmarks=nil confidence=0
[2026-06-15 09:55:10] [face_detect] IN: face_detect → OUT: detected=false landmarks=nil roll=nil pitch=nil yaw=nil (2642ms)
[2026-06-15 09:55:10] [hand_detect] IN: hand_detect 1920x1080 → OUT: detected=false landmarks=nil confidence=0
[2026-06-15 09:55:10] [face_detect] IN: face_detect → OUT: detected=false landmarks=nil roll=nil pitch=nil yaw=nil (3946ms)
[2026-06-15 09:55:10] [hand_detect] IN: hand_detect 1920x1080 → OUT: detected=false landmarks=nil confidence=0
[2026-06-15 09:55:10] [face_detect] IN: face_detect → OUT: detected=false landmarks=nil roll=nil pitch=nil yaw=nil (3040ms)
[2026-06-15 09:55:10] [hand_detect] IN: hand_detect 1920x1080 → OUT: detected=false landmarks=nil confidence=0
[2026-06-15 09:55:10] [face_detect] IN: face_detect → OUT: detected=false landmarks=nil roll=nil pitch=nil yaw=nil (2880ms)
[2026-06-15 09:55:10] [hand_detect] IN: hand_detect 1920x1080 → OUT: detected=false landmarks=nil confidence=0
[2026-06-15 09:55:10] [face_detect] IN: face_detect → OUT: detected=false landmarks=nil roll=nil pitch=nil yaw=nil (2738ms)
[2026-06-15 09:55:10] [hand_detect] IN: hand_detect 1920x1080 → OUT: detected=false landmarks=nil confidence=0
[2026-06-15 09:55:10] [face_detect] IN: face_detect → OUT: detected=false landmarks=nil roll=nil pitch=nil yaw=nil (2704ms)
[2026-06-15 09:55:10] [hand_detect] IN: hand_detect 1920x1080 → OUT: detected=false landmarks=nil confidence=0
[2026-06-15 09:55:10] [face_detect] IN: face_detect → OUT: detected=false landmarks=nil roll=nil pitch=nil yaw=nil (2560ms)
[2026-06-15 09:55:10] [hand_detect] IN: hand_detect 1920x1080 → OUT: detected=false landmarks=nil confidence=0
[2026-06-15 09:55:10] [face_detect] IN: face_detect → OUT: detected=false landmarks=nil roll=nil pitch=nil yaw=nil (2582ms)
[2026-06-15 09:55:10] [hand_detect] IN: hand_detect 1920x1080 → OUT: detected=false landmarks=nil confidence=0
[2026-06-15 09:55:10] [face_detect] IN: face_detect → OUT: detected=false landmarks=nil roll=nil pitch=nil yaw=nil (2663ms)
