[2026-06-11 11:13:48] [extractElementInfo] IN: elementRole=AXButton → OUT: role=AXButton title= (188ms)
[2026-06-11 11:13:48] [extractElementInfo] IN: elementRole=AXButton → OUT: role=AXButton title= (133ms)
[2026-06-11 11:13:48] [extractElementInfo] IN: elementRole=AXButton → OUT: role=AXButton title= (94ms)
[2026-06-11 11:13:48] [scan] IN: scan → OUT: elements=3 (53627ms)
[2026-06-11 11:13:48] [extractElementInfo] IN: elementRole=AXButton → OUT: role=AXButton title= (272ms)
[2026-06-11 11:13:48] [extractElementInfo] IN: elementRole=AXButton → OUT: role=AXButton title= (238ms)
[2026-06-11 11:13:48] [extractElementInfo] IN: elementRole=AXButton → OUT: role=AXButton title= (211ms)
[2026-06-11 11:13:48] [scan] IN: scan → OUT: elements=3 (2856ms)
[2026-06-11 11:13:48] [extractElementInfo] IN: elementRole=AXGroup → OUT: role=AXGroup title= (502ms)
[2026-06-11 11:13:48] [elementAt] IN: x=455 y=268 → OUT: role=AXGroup title= (1986ms)
[2026-06-11 11:13:49] [extractElementInfo] IN: elementRole=AXGroup → OUT: role=AXGroup title= (665ms)
[2026-06-11 11:13:49] [elementAt] IN: x=455 y=268 → OUT: role=AXGroup title= (1281ms)
[2026-06-11 11:13:49] [extractElementInfo] IN: elementRole=AXStaticText → OUT: role=AXStaticText title= (278ms)
[2026-06-11 11:13:49] [elementAt] IN: x=455 y=268 → OUT: role=AXStaticText title= (741ms)
[2026-06-11 11:13:50] [extractElementInfo] IN: elementRole=AXStaticText → OUT: role=AXStaticText title= (325ms)
[2026-06-11 11:13:50] [elementAt] IN: x=455 y=268 → OUT: role=AXStaticText title= (774ms)
[2026-06-11 11:13:50] [extractElementInfo] IN: elementRole=AXStaticText → OUT: role=AXStaticText title= (337ms)
[2026-06-11 11:13:50] [elementAt] IN: x=455 y=268 → OUT: role=AXStaticText title= (939ms)
[2026-06-11 11:13:51] [extractElementInfo] IN: elementRole=AXStaticText → OUT: role=AXStaticText title= (266ms)
[2026-06-11 11:13:51] [elementAt] IN: x=455 y=268 → OUT: role=AXStaticText title= (713ms)
[2026-06-11 11:13:51] [extractElementInfo] IN: elementRole=AXStaticText → OUT: role=AXStaticText title= (647ms)
[2026-06-11 11:13:51] [elementAt] IN: x=455 y=268 → OUT: role=AXStaticText title= (1512ms)
[2026-06-11 11:13:52] [extractElementInfo] IN: elementRole=AXStaticText → OUT: role=AXStaticText title= (684ms)
[2026-06-11 11:13:52] [elementAt] IN: x=455 y=268 → OUT: role=AXStaticText title= (1797ms)
[2026-06-11 11:13:52] [extractElementInfo] IN: elementRole=AXStaticText → OUT: role=AXStaticText title= (761ms)
[2026-06-11 11:13:52] [elementAt] IN: x=455 y=268 → OUT: role=AXStaticText title= (1916ms)
[2026-06-11 11:13:53] [extractElementInfo] IN: elementRole=AXStaticText → OUT: role=AXStaticText title= (349ms)
[2026-06-11 11:13:53] [elementAt] IN: x=455 y=268 → OUT: role=AXStaticText title= (1091ms)
[2026-06-11 11:13:53] [extractElementInfo] IN: elementRole=AXButton → OUT: role=AXButton title= (469ms)
[2026-06-11 11:13:53] [extractElementInfo] IN: elementRole=AXButton → OUT: role=AXButton title= (419ms)
[2026-06-11 11:13:53] [extractElementInfo] IN: elementRole=AXButton → OUT: role=AXButton title= (397ms)
[2026-06-11 11:13:53] [scan] IN: scan → OUT: elements=3 (4887ms)
[2026-06-11 11:13:53] [extractElementInfo] IN: elementRole=AXStaticText → OUT: role=AXStaticText title= (284ms)
[2026-06-11 11:13:53] [elementAt] IN: x=455 y=268 → OUT: role=AXStaticText title= (771ms)
[2026-06-11 11:13:54] [extractElementInfo] IN: elementRole=AXStaticText → OUT: role=AXStaticText title= (476ms)
[2026-06-11 11:13:54] [elementAt] IN: x=455 y=268 → OUT: role=AXStaticText title= (1392ms)
[2026-06-11 11:13:54] [extractElementInfo] IN: elementRole=AXStaticText → OUT: role=AXStaticText title= (701ms)
[2026-06-11 11:13:54] [elementAt] IN: x=455 y=268 → OUT: role=AXStaticText title= (1798ms)
[2026-06-11 11:13:55] [extractElementInfo] IN: elementRole=AXStaticText → OUT: role=AXStaticText title= (695ms)
[2026-06-11 11:13:55] [elementAt] IN: x=455 y=268 → OUT: role=AXStaticText title= (1887ms)
[2026-06-11 11:13:55] [extractElementInfo] IN: elementRole=AXStaticText → OUT: role=AXStaticText title= (229ms)
[2026-06-11 11:13:55] [elementAt] IN: x=455 y=268 → OUT: role=AXStaticText title= (617ms)
[2026-06-11 11:13:56] [extractElementInfo] IN: elementRole=AXStaticText → OUT: role=AXStaticText title= (346ms)
[2026-06-11 11:13:56] [elementAt] IN: x=455 y=268 → OUT: role=AXStaticText title= (1124ms)
[2026-06-11 11:13:56] [extractElementInfo] IN: elementRole=AXStaticText → OUT: role=AXStaticText title= (391ms)
[2026-06-11 11:13:56] [elementAt] IN: x=455 y=268 → OUT: role=AXStaticText title= (931ms)
[2026-06-11 11:13:57] [extractElementInfo] IN: elementRole=AXStaticText → OUT: role=AXStaticText title= (236ms)
[2026-06-11 11:13:57] [elementAt] IN: x=455 y=268 → OUT: role=AXStaticText title= (692ms)
[2026-06-11 11:13:57] [extractElementInfo] IN: elementRole=AXStaticText → OUT: role=AXStaticText title= (234ms)
[2026-06-11 11:13:57] [elementAt] IN: x=455 y=268 → OUT: role=AXStaticText title= (835ms)
[2026-06-11 11:13:58] [extractElementInfo] IN: elementRole=AXStaticText → OUT: role=AXStaticText title= (253ms)
[2026-06-11 11:13:58] [elementAt] IN: x=455 y=268 → OUT: role=AXStaticText title= (687ms)
[2026-06-11 11:13:58] [extractElementInfo] IN: elementRole=AXButton → OUT: role=AXButton title= (436ms)
[2026-06-11 11:13:58] [extractElementInfo] IN: elementRole=AXButton → OUT: role=AXButton title= (416ms)
[2026-06-11 11:13:58] [extractElementInfo] IN: elementRole=AXButton → OUT: role=AXButton title= (404ms)
[2026-06-11 11:13:58] [scan] IN: scan → OUT: elements=3 (3866ms)
[2026-06-11 11:13:58] [extractElementInfo] IN: elementRole=AXStaticText → OUT: role=AXStaticText title= (357ms)
[2026-06-11 11:13:58] [elementAt] IN: x=455 y=268 → OUT: role=AXStaticText title= (916ms)
[2026-06-11 11:13:59] [extractElementInfo] IN: elementRole=AXStaticText → OUT: role=AXStaticText title= (321ms)
[2026-06-11 11:13:59] [elementAt] IN: x=455 y=268 → OUT: role=AXStaticText title= (929ms)
[2026-06-11 11:13:59] [extractElementInfo] IN: elementRole=AXStaticText → OUT: role=AXStaticText title= (309ms)
[2026-06-11 11:13:59] [elementAt] IN: x=455 y=268 → OUT: role=AXStaticText title= (1590ms)
[2026-06-11 11:14:00] [extractElementInfo] IN: elementRole=AXStaticText → OUT: role=AXStaticText title= (234ms)
[2026-06-11 11:14:00] [elementAt] IN: x=455 y=268 → OUT: role=AXStaticText title= (638ms)
[2026-06-11 11:14:00] [extractElementInfo] IN: elementRole=AXStaticText → OUT: role=AXStaticText title= (262ms)
[2026-06-11 11:14:00] [elementAt] IN: x=455 y=268 → OUT: role=AXStaticText title= (713ms)
[2026-06-11 11:14:01] [extractElementInfo] IN: elementRole=AXStaticText → OUT: role=AXStaticText title= (714ms)
[2026-06-11 11:14:01] [elementAt] IN: x=455 y=268 → OUT: role=AXStaticText title= (1877ms)
[2026-06-11 11:14:01] [extractElementInfo] IN: elementRole=AXStaticText → OUT: role=AXStaticText title= (680ms)
[2026-06-11 11:14:01] [elementAt] IN: x=455 y=268 → OUT: role=AXStaticText title= (1766ms)
[2026-06-11 11:14:02] [extractElementInfo] IN: elementRole=AXStaticText → OUT: role=AXStaticText title= (691ms)
[2026-06-11 11:14:02] [elementAt] IN: x=455 y=268 → OUT: role=AXStaticText title= (1742ms)
[2026-06-11 11:14:02] [extractElementInfo] IN: elementRole=AXStaticText → OUT: role=AXStaticText title= (689ms)
[2026-06-11 11:14:02] [elementAt] IN: x=455 y=268 → OUT: role=AXStaticText title= (1792ms)
[2026-06-11 11:14:03] [extractElementInfo] IN: elementRole=AXStaticText → OUT: role=AXStaticText title= (681ms)
[2026-06-11 11:14:03] [elementAt] IN: x=455 y=268 → OUT: role=AXStaticText title= (1767ms)
[2026-06-11 11:14:03] [extractElementInfo] IN: elementRole=AXButton → OUT: role=AXButton title= (479ms)
[2026-06-11 11:14:03] [extractElementInfo] IN: elementRole=AXButton → OUT: role=AXButton title= (432ms)
[2026-06-11 11:14:03] [extractElementInfo] IN: elementRole=AXButton → OUT: role=AXButton title= (383ms)
[2026-06-11 11:14:03] [scan] IN: scan → OUT: elements=3 (4934ms)
[2026-06-11 11:14:03] [extractElementInfo] IN: elementRole=AXStaticText → OUT: role=AXStaticText title= (298ms)
[2026-06-11 11:14:03] [elementAt] IN: x=455 y=268 → OUT: role=AXStaticText title= (826ms)
[2026-06-11 11:14:04] [extractElementInfo] IN: elementRole=AXStaticText → OUT: role=AXStaticText title= (451ms)
[2026-06-11 11:14:04] [elementAt] IN: x=455 y=268 → OUT: role=AXStaticText title= (1360ms)
[2026-06-11 11:14:04] [extractElementInfo] IN: elementRole=AXStaticText → OUT: role=AXStaticText title= (644ms)
[2026-06-11 11:14:04] [elementAt] IN: x=455 y=268 → OUT: role=AXStaticText title= (2164ms)
[2026-06-11 11:14:05] [extractElementInfo] IN: elementRole=AXStaticText → OUT: role=AXStaticText title= (674ms)
[2026-06-11 11:14:05] [elementAt] IN: x=455 y=268 → OUT: role=AXStaticText title= (1744ms)
[2026-06-11 11:14:05] [extractElementInfo] IN: elementRole=AXStaticText → OUT: role=AXStaticText title= (669ms)
[2026-06-11 11:14:05] [elementAt] IN: x=455 y=268 → OUT: role=AXStaticText title= (1678ms)
[2026-06-11 11:14:06] [extractElementInfo] IN: elementRole=AXStaticText → OUT: role=AXStaticText title= (680ms)
[2026-06-11 11:14:06] [elementAt] IN: x=455 y=268 → OUT: role=AXStaticText title= (1790ms)
[2026-06-11 11:14:06] [extractElementInfo] IN: elementRole=AXStaticText → OUT: role=AXStaticText title= (669ms)
[2026-06-11 11:14:06] [elementAt] IN: x=455 y=268 → OUT: role=AXStaticText title= (1706ms)
[2026-06-11 11:14:07] [extractElementInfo] IN: elementRole=AXStaticText → OUT: role=AXStaticText title= (679ms)
[2026-06-11 11:14:07] [elementAt] IN: x=455 y=268 → OUT: role=AXStaticText title= (1753ms)
[2026-06-11 11:14:07] [extractElementInfo] IN: elementRole=AXStaticText → OUT: role=AXStaticText title= (687ms)
[2026-06-11 11:14:07] [elementAt] IN: x=455 y=268 → OUT: role=AXStaticText title= (1749ms)
[2026-06-11 11:14:08] [extractElementInfo] IN: elementRole=AXStaticText → OUT: role=AXStaticText title= (697ms)
[2026-06-11 11:14:08] [elementAt] IN: x=455 y=268 → OUT: role=AXStaticText title= (1793ms)
[2026-06-11 11:14:08] [extractElementInfo] IN: elementRole=AXButton → OUT: role=AXButton title= (751ms)
[2026-06-11 11:14:08] [extractElementInfo] IN: elementRole=AXButton → OUT: role=AXButton title= (691ms)
[2026-06-11 11:14:08] [extractElementInfo] IN: elementRole=AXButton → OUT: role=AXButton title= (396ms)
[2026-06-11 11:14:08] [scan] IN: scan → OUT: elements=3 (5982ms)
[2026-06-11 11:14:08] [extractElementInfo] IN: elementRole=AXStaticText → OUT: role=AXStaticText title= (293ms)
[2026-06-11 11:14:08] [elementAt] IN: x=455 y=268 → OUT: role=AXStaticText title= (808ms)
[2026-06-11 11:14:09] [extractElementInfo] IN: elementRole=AXStaticText → OUT: role=AXStaticText title= (815ms)
[2026-06-11 11:14:09] [elementAt] IN: x=455 y=268 → OUT: role=AXStaticText title= (2032ms)
[2026-06-11 11:14:09] [extractElementInfo] IN: elementRole=AXStaticText → OUT: role=AXStaticText title= (671ms)
[2026-06-11 11:14:09] [elementAt] IN: x=455 y=268 → OUT: role=AXStaticText title= (1816ms)
[2026-06-11 11:14:10] [extractElementInfo] IN: elementRole=AXStaticText → OUT: role=AXStaticText title= (681ms)
[2026-06-11 11:14:10] [elementAt] IN: x=455 y=268 → OUT: role=AXStaticText title= (1759ms)
[2026-06-11 11:14:10] [extractElementInfo] IN: elementRole=AXStaticText → OUT: role=AXStaticText title= (649ms)
[2026-06-11 11:14:10] [elementAt] IN: x=455 y=268 → OUT: role=AXStaticText title= (1667ms)
[2026-06-11 11:14:11] [extractElementInfo] IN: elementRole=AXStaticText → OUT: role=AXStaticText title= (667ms)
[2026-06-11 11:14:11] [elementAt] IN: x=455 y=268 → OUT: role=AXStaticText title= (1747ms)
[2026-06-11 11:14:11] [extractElementInfo] IN: elementRole=AXStaticText → OUT: role=AXStaticText title= (681ms)
[2026-06-11 11:14:11] [elementAt] IN: x=455 y=268 → OUT: role=AXStaticText title= (1750ms)
[2026-06-11 11:14:12] [extractElementInfo] IN: elementRole=AXStaticText → OUT: role=AXStaticText title= (663ms)
[2026-06-11 11:14:12] [elementAt] IN: x=455 y=268 → OUT: role=AXStaticText title= (1783ms)
[2026-06-11 11:14:12] [extractElementInfo] IN: elementRole=AXStaticText → OUT: role=AXStaticText title= (662ms)
[2026-06-11 11:14:12] [elementAt] IN: x=455 y=268 → OUT: role=AXStaticText title= (1718ms)
[2026-06-11 11:14:13] [extractElementInfo] IN: elementRole=AXStaticText → OUT: role=AXStaticText title= (689ms)
[2026-06-11 11:14:13] [elementAt] IN: x=455 y=268 → OUT: role=AXStaticText title= (1772ms)
[2026-06-11 11:14:13] [extractElementInfo] IN: elementRole=AXButton → OUT: role=AXButton title= (488ms)
[2026-06-11 11:14:13] [extractElementInfo] IN: elementRole=AXButton → OUT: role=AXButton title= (450ms)
[2026-06-11 11:14:13] [extractElementInfo] IN: elementRole=AXButton → OUT: role=AXButton title= (401ms)
[2026-06-11 11:14:13] [scan] IN: scan → OUT: elements=3 (5396ms)
[2026-06-11 11:14:13] [extractElementInfo] IN: elementRole=AXStaticText → OUT: role=AXStaticText title= (324ms)
[2026-06-11 11:14:13] [elementAt] IN: x=455 y=268 → OUT: role=AXStaticText title= (908ms)
[2026-06-11 11:14:14] [extractElementInfo] IN: elementRole=AXStaticText → OUT: role=AXStaticText title= (679ms)
[2026-06-11 11:14:14] [elementAt] IN: x=455 y=268 → OUT: role=AXStaticText title= (1757ms)
[2026-06-11 11:14:14] [extractElementInfo] IN: elementRole=AXStaticText → OUT: role=AXStaticText title= (689ms)
[2026-06-11 11:14:14] [elementAt] IN: x=455 y=268 → OUT: role=AXStaticText title= (1760ms)
[2026-06-11 11:14:15] [extractElementInfo] IN: elementRole=AXStaticText → OUT: role=AXStaticText title= (674ms)
[2026-06-11 11:14:15] [elementAt] IN: x=455 y=268 → OUT: role=AXStaticText title= (1724ms)
[2026-06-11 11:14:15] [extractElementInfo] IN: elementRole=AXStaticText → OUT: role=AXStaticText title= (668ms)
[2026-06-11 11:14:15] [elementAt] IN: x=455 y=268 → OUT: role=AXStaticText title= (1703ms)
[2026-06-11 11:14:16] [extractElementInfo] IN: elementRole=AXStaticText → OUT: role=AXStaticText title= (681ms)
[2026-06-11 11:14:16] [elementAt] IN: x=455 y=268 → OUT: role=AXStaticText title= (1734ms)
[2026-06-11 11:14:16] [extractElementInfo] IN: elementRole=AXStaticText → OUT: role=AXStaticText title= (694ms)
[2026-06-11 11:14:16] [elementAt] IN: x=455 y=268 → OUT: role=AXStaticText title= (1757ms)
[2026-06-11 11:14:17] [extractElementInfo] IN: elementRole=AXStaticText → OUT: role=AXStaticText title= (663ms)
[2026-06-11 11:14:17] [elementAt] IN: x=455 y=268 → OUT: role=AXStaticText title= (1721ms)
[2026-06-11 11:14:17] [extractElementInfo] IN: elementRole=AXStaticText → OUT: role=AXStaticText title= (669ms)
[2026-06-11 11:14:17] [elementAt] IN: x=455 y=268 → OUT: role=AXStaticText title= (1731ms)
[2026-06-11 11:14:18] [extractElementInfo] IN: elementRole=AXStaticText → OUT: role=AXStaticText title= (761ms)
[2026-06-11 11:14:18] [elementAt] IN: x=455 y=268 → OUT: role=AXStaticText title= (1891ms)
[2026-06-11 11:14:18] [extractElementInfo] IN: elementRole=AXButton → OUT: role=AXButton title= (699ms)
[2026-06-11 11:14:18] [extractElementInfo] IN: elementRole=AXButton → OUT: role=AXButton title= (751ms)
[2026-06-11 11:14:18] [extractElementInfo] IN: elementRole=AXButton → OUT: role=AXButton title= (236ms)
[2026-06-11 11:14:18] [scan] IN: scan → OUT: elements=3 (5139ms)
[2026-06-11 11:14:18] [extractElementInfo] IN: elementRole=AXStaticText → OUT: role=AXStaticText title= (254ms)
[2026-06-11 11:14:18] [elementAt] IN: x=455 y=268 → OUT: role=AXStaticText title= (697ms)
[2026-06-11 11:14:19] [extractElementInfo] IN: elementRole=AXStaticText → OUT: role=AXStaticText title= (680ms)
[2026-06-11 11:14:19] [elementAt] IN: x=455 y=268 → OUT: role=AXStaticText title= (1744ms)
[2026-06-11 11:14:19] [extractElementInfo] IN: elementRole=AXStaticText → OUT: role=AXStaticText title= (681ms)
[2026-06-11 11:14:19] [elementAt] IN: x=455 y=268 → OUT: role=AXStaticText title= (1742ms)
[2026-06-11 11:14:20] [extractElementInfo] IN: elementRole=AXStaticText → OUT: role=AXStaticText title= (702ms)
[2026-06-11 11:14:20] [elementAt] IN: x=455 y=268 → OUT: role=AXStaticText title= (1882ms)
[2026-06-11 11:14:20] [extractElementInfo] IN: elementRole=AXStaticText → OUT: role=AXStaticText title= (670ms)
[2026-06-11 11:14:20] [elementAt] IN: x=455 y=268 → OUT: role=AXStaticText title= (1685ms)
[2026-06-11 11:14:21] [extractElementInfo] IN: elementRole=AXStaticText → OUT: role=AXStaticText title= (681ms)
[2026-06-11 11:14:21] [elementAt] IN: x=455 y=268 → OUT: role=AXStaticText title= (1762ms)
[2026-06-11 11:14:21] [extractElementInfo] IN: elementRole=AXStaticText → OUT: role=AXStaticText title= (658ms)
[2026-06-11 11:14:21] [elementAt] IN: x=455 y=268 → OUT: role=AXStaticText title= (1702ms)
[2026-06-11 11:14:22] [extractElementInfo] IN: elementRole=AXStaticText → OUT: role=AXStaticText title= (666ms)
[2026-06-11 11:14:22] [elementAt] IN: x=455 y=268 → OUT: role=AXStaticText title= (1703ms)
[2026-06-11 11:14:22] [extractElementInfo] IN: elementRole=AXStaticText → OUT: role=AXStaticText title= (681ms)
[2026-06-11 11:14:22] [elementAt] IN: x=455 y=268 → OUT: role=AXStaticText title= (1778ms)
[2026-06-11 11:14:23] [extractElementInfo] IN: elementRole=AXStaticText → OUT: role=AXStaticText title= (659ms)
[2026-06-11 11:14:23] [elementAt] IN: x=455 y=268 → OUT: role=AXStaticText title= (1729ms)
[2026-06-11 11:14:23] [extractElementInfo] IN: elementRole=AXButton → OUT: role=AXButton title= (630ms)
[2026-06-11 11:14:23] [extractElementInfo] IN: elementRole=AXButton → OUT: role=AXButton title= (411ms)
[2026-06-11 11:14:23] [extractElementInfo] IN: elementRole=AXButton → OUT: role=AXButton title= (440ms)
[2026-06-11 11:14:23] [scan] IN: scan → OUT: elements=3 (5172ms)
[2026-06-11 11:14:23] [extractElementInfo] IN: elementRole=AXStaticText → OUT: role=AXStaticText title= (306ms)
[2026-06-11 11:14:23] [elementAt] IN: x=455 y=268 → OUT: role=AXStaticText title= (800ms)
[2026-06-11 11:14:24] [extractElementInfo] IN: elementRole=AXStaticText → OUT: role=AXStaticText title= (682ms)
[2026-06-11 11:14:24] [elementAt] IN: x=455 y=268 → OUT: role=AXStaticText title= (1716ms)
[2026-06-11 11:14:24] [extractElementInfo] IN: elementRole=AXStaticText → OUT: role=AXStaticText title= (687ms)
[2026-06-11 11:14:24] [elementAt] IN: x=455 y=268 → OUT: role=AXStaticText title= (1734ms)
[2026-06-11 11:14:25] [extractElementInfo] IN: elementRole=AXStaticText → OUT: role=AXStaticText title= (658ms)
[2026-06-11 11:14:25] [elementAt] IN: x=455 y=268 → OUT: role=AXStaticText title= (1684ms)
[2026-06-11 11:14:25] [extractElementInfo] IN: elementRole=AXStaticText → OUT: role=AXStaticText title= (664ms)
[2026-06-11 11:14:25] [elementAt] IN: x=455 y=268 → OUT: role=AXStaticText title= (1662ms)
[2026-06-11 11:14:26] [extractElementInfo] IN: elementRole=AXStaticText → OUT: role=AXStaticText title= (683ms)
[2026-06-11 11:14:26] [elementAt] IN: x=455 y=268 → OUT: role=AXStaticText title= (1770ms)
[2026-06-11 11:14:26] [extractElementInfo] IN: elementRole=AXStaticText → OUT: role=AXStaticText title= (805ms)
[2026-06-11 11:14:26] [elementAt] IN: x=455 y=268 → OUT: role=AXStaticText title= (1899ms)
[2026-06-11 11:14:27] [extractElementInfo] IN: elementRole=AXStaticText → OUT: role=AXStaticText title= (681ms)
[2026-06-11 11:14:27] [elementAt] IN: x=455 y=268 → OUT: role=AXStaticText title= (1757ms)
[2026-06-11 11:14:27] [extractElementInfo] IN: elementRole=AXStaticText → OUT: role=AXStaticText title= (663ms)
[2026-06-11 11:14:27] [elementAt] IN: x=455 y=268 → OUT: role=AXStaticText title= (1688ms)
[2026-06-11 11:14:28] [extractElementInfo] IN: elementRole=AXStaticText → OUT: role=AXStaticText title= (752ms)
[2026-06-11 11:14:28] [elementAt] IN: x=455 y=268 → OUT: role=AXStaticText title= (1798ms)
[2026-06-11 11:14:28] [extractElementInfo] IN: elementRole=AXButton → OUT: role=AXButton title= (723ms)
[2026-06-11 11:14:28] [extractElementInfo] IN: elementRole=AXButton → OUT: role=AXButton title= (697ms)
[2026-06-11 11:14:28] [extractElementInfo] IN: elementRole=AXButton → OUT: role=AXButton title= (229ms)
[2026-06-11 11:14:28] [scan] IN: scan → OUT: elements=3 (5110ms)
[2026-06-11 11:14:28] [extractElementInfo] IN: elementRole=AXStaticText → OUT: role=AXStaticText title= (231ms)
[2026-06-11 11:14:28] [elementAt] IN: x=455 y=268 → OUT: role=AXStaticText title= (643ms)
[2026-06-11 11:14:29] [extractElementInfo] IN: elementRole=AXStaticText → OUT: role=AXStaticText title= (697ms)
[2026-06-11 11:14:29] [elementAt] IN: x=455 y=268 → OUT: role=AXStaticText title= (1798ms)
[2026-06-11 11:14:29] [extractElementInfo] IN: elementRole=AXStaticText → OUT: role=AXStaticText title= (666ms)
[2026-06-11 11:14:29] [elementAt] IN: x=455 y=268 → OUT: role=AXStaticText title= (1729ms)
[2026-06-11 11:14:30] [extractElementInfo] IN: elementRole=AXStaticText → OUT: role=AXStaticText title= (717ms)
[2026-06-11 11:14:30] [elementAt] IN: x=455 y=268 → OUT: role=AXStaticText title= (1819ms)
[2026-06-11 11:14:30] [extractElementInfo] IN: elementRole=AXStaticText → OUT: role=AXStaticText title= (675ms)
[2026-06-11 11:14:30] [elementAt] IN: x=455 y=268 → OUT: role=AXStaticText title= (1726ms)
[2026-06-11 11:14:31] [extractElementInfo] IN: elementRole=AXStaticText → OUT: role=AXStaticText title= (460ms)
[2026-06-11 11:14:31] [elementAt] IN: x=455 y=268 → OUT: role=AXStaticText title= (1400ms)
[2026-06-11 11:14:31] [extractElementInfo] IN: elementRole=AXStaticText → OUT: role=AXStaticText title= (687ms)
[2026-06-11 11:14:31] [elementAt] IN: x=455 y=268 → OUT: role=AXStaticText title= (1809ms)
[2026-06-11 11:14:32] [extractElementInfo] IN: elementRole=AXStaticText → OUT: role=AXStaticText title= (331ms)
[2026-06-11 11:14:32] [elementAt] IN: x=455 y=268 → OUT: role=AXStaticText title= (892ms)
[2026-06-11 11:14:32] [extractElementInfo] IN: elementRole=AXStaticText → OUT: role=AXStaticText title= (686ms)
[2026-06-11 11:14:32] [elementAt] IN: x=455 y=268 → OUT: role=AXStaticText title= (1784ms)
[2026-06-11 11:14:33] [extractElementInfo] IN: elementRole=AXStaticText → OUT: role=AXStaticText title= (527ms)
[2026-06-11 11:14:33] [elementAt] IN: x=455 y=268 → OUT: role=AXStaticText title= (1278ms)
[2026-06-11 11:14:33] [extractElementInfo] IN: elementRole=AXButton → OUT: role=AXButton title= (542ms)
[2026-06-11 11:14:33] [extractElementInfo] IN: elementRole=AXButton → OUT: role=AXButton title= (344ms)
[2026-06-11 11:14:33] [extractElementInfo] IN: elementRole=AXButton → OUT: role=AXButton title= (316ms)
[2026-06-11 11:14:33] [scan] IN: scan → OUT: elements=3 (4426ms)
[2026-06-11 11:14:33] [extractElementInfo] IN: elementRole=AXStaticText → OUT: role=AXStaticText title= (279ms)
[2026-06-11 11:14:33] [elementAt] IN: x=455 y=268 → OUT: role=AXStaticText title= (759ms)
[2026-06-11 11:14:34] [extractElementInfo] IN: elementRole=AXStaticText → OUT: role=AXStaticText title= (331ms)
[2026-06-11 11:14:34] [elementAt] IN: x=455 y=268 → OUT: role=AXStaticText title= (982ms)
[2026-06-11 11:14:34] [extractElementInfo] IN: elementRole=AXStaticText → OUT: role=AXStaticText title= (694ms)
[2026-06-11 11:14:34] [elementAt] IN: x=455 y=268 → OUT: role=AXStaticText title= (1806ms)
[2026-06-11 11:14:35] [extractElementInfo] IN: elementRole=AXStaticText → OUT: role=AXStaticText title= (1129ms)
[2026-06-11 11:14:35] [elementAt] IN: x=455 y=268 → OUT: role=AXStaticText title= (2232ms)
[2026-06-11 11:14:35] [extractElementInfo] IN: elementRole=AXStaticText → OUT: role=AXStaticText title= (615ms)
[2026-06-11 11:14:35] [elementAt] IN: x=455 y=268 → OUT: role=AXStaticText title= (1626ms)
[2026-06-11 11:14:36] [extractElementInfo] IN: elementRole=AXStaticText → OUT: role=AXStaticText title= (684ms)
[2026-06-11 11:14:36] [elementAt] IN: x=455 y=268 → OUT: role=AXStaticText title= (1861ms)
[2026-06-11 11:14:36] [extractElementInfo] IN: elementRole=AXStaticText → OUT: role=AXStaticText title= (676ms)
[2026-06-11 11:14:36] [elementAt] IN: x=455 y=268 → OUT: role=AXStaticText title= (1785ms)
[2026-06-11 11:14:37] [extractElementInfo] IN: elementRole=AXStaticText → OUT: role=AXStaticText title= (689ms)
[2026-06-11 11:14:37] [elementAt] IN: x=455 y=268 → OUT: role=AXStaticText title= (1917ms)
[2026-06-11 11:14:37] [extractElementInfo] IN: elementRole=AXStaticText → OUT: role=AXStaticText title= (802ms)
[2026-06-11 11:14:37] [elementAt] IN: x=455 y=268 → OUT: role=AXStaticText title= (1971ms)
[2026-06-11 11:14:38] [extractElementInfo] IN: elementRole=AXStaticText → OUT: role=AXStaticText title= (794ms)
[2026-06-11 11:14:38] [elementAt] IN: x=455 y=268 → OUT: role=AXStaticText title= (2048ms)
[2026-06-11 11:14:38] [extractElementInfo] IN: elementRole=AXButton → OUT: role=AXButton title= (761ms)
[2026-06-11 11:14:38] [extractElementInfo] IN: elementRole=AXButton → OUT: role=AXButton title= (483ms)
[2026-06-11 11:14:38] [extractElementInfo] IN: elementRole=AXButton → OUT: role=AXButton title= (391ms)
[2026-06-11 11:14:38] [scan] IN: scan → OUT: elements=3 (5116ms)
[2026-06-11 11:14:38] [extractElementInfo] IN: elementRole=AXStaticText → OUT: role=AXStaticText title= (367ms)
[2026-06-11 11:14:38] [elementAt] IN: x=455 y=268 → OUT: role=AXStaticText title= (949ms)
[2026-06-11 11:14:39] [extractElementInfo] IN: elementRole=AXStaticText → OUT: role=AXStaticText title= (669ms)
[2026-06-11 11:14:39] [elementAt] IN: x=455 y=268 → OUT: role=AXStaticText title= (1541ms)
[2026-06-11 11:14:39] [extractElementInfo] IN: elementRole=AXStaticText → OUT: role=AXStaticText title= (697ms)
[2026-06-11 11:14:39] [elementAt] IN: x=455 y=268 → OUT: role=AXStaticText title= (1848ms)
[2026-06-11 11:14:40] [extractElementInfo] IN: elementRole=AXStaticText → OUT: role=AXStaticText title= (671ms)
[2026-06-11 11:14:40] [elementAt] IN: x=455 y=268 → OUT: role=AXStaticText title= (1721ms)
[2026-06-11 11:14:40] [extractElementInfo] IN: elementRole=AXStaticText → OUT: role=AXStaticText title= (419ms)
[2026-06-11 11:14:40] [elementAt] IN: x=455 y=268 → OUT: role=AXStaticText title= (1137ms)
[2026-06-11 11:14:41] [extractElementInfo] IN: elementRole=AXStaticText → OUT: role=AXStaticText title= (671ms)
[2026-06-11 11:14:41] [elementAt] IN: x=455 y=268 → OUT: role=AXStaticText title= (1722ms)
[2026-06-11 11:14:41] [extractElementInfo] IN: elementRole=AXStaticText → OUT: role=AXStaticText title= (521ms)
[2026-06-11 11:14:41] [elementAt] IN: x=455 y=268 → OUT: role=AXStaticText title= (1302ms)
[2026-06-11 11:14:42] [extractElementInfo] IN: elementRole=AXStaticText → OUT: role=AXStaticText title= (741ms)
[2026-06-11 11:14:42] [elementAt] IN: x=455 y=268 → OUT: role=AXStaticText title= (1529ms)
[2026-06-11 11:14:42] [extractElementInfo] IN: elementRole=AXStaticText → OUT: role=AXStaticText title= (271ms)
[2026-06-11 11:14:42] [elementAt] IN: x=455 y=268 → OUT: role=AXStaticText title= (1026ms)
[2026-06-11 11:14:43] [extractElementInfo] IN: elementRole=AXStaticText → OUT: role=AXStaticText title= (697ms)
[2026-06-11 11:14:43] [elementAt] IN: x=455 y=268 → OUT: role=AXStaticText title= (1829ms)
[2026-06-11 11:14:43] [extractElementInfo] IN: elementRole=AXButton → OUT: role=AXButton title= (756ms)
[2026-06-11 11:14:43] [extractElementInfo] IN: elementRole=AXButton → OUT: role=AXButton title= (648ms)
[2026-06-11 11:14:43] [extractElementInfo] IN: elementRole=AXButton → OUT: role=AXButton title= (697ms)
[2026-06-11 11:14:43] [scan] IN: scan → OUT: elements=3 (8682ms)
[2026-06-11 11:14:43] [extractElementInfo] IN: elementRole=AXStaticText → OUT: role=AXStaticText title= (374ms)
[2026-06-11 11:14:43] [elementAt] IN: x=455 y=268 → OUT: role=AXStaticText title= (1101ms)
[2026-06-11 11:14:44] [extractElementInfo] IN: elementRole=AXStaticText → OUT: role=AXStaticText title= (811ms)
[2026-06-11 11:14:44] [elementAt] IN: x=455 y=268 → OUT: role=AXStaticText title= (2008ms)
[2026-06-11 11:14:44] [extractElementInfo] IN: elementRole=AXStaticText → OUT: role=AXStaticText title= (653ms)
[2026-06-11 11:14:44] [elementAt] IN: x=455 y=268 → OUT: role=AXStaticText title= (1637ms)
[2026-06-11 11:14:45] [extractElementInfo] IN: elementRole=AXStaticText → OUT: role=AXStaticText title= (736ms)
[2026-06-11 11:14:45] [elementAt] IN: x=455 y=268 → OUT: role=AXStaticText title= (2110ms)
[2026-06-11 11:14:45] [extractElementInfo] IN: elementRole=AXStaticText → OUT: role=AXStaticText title= (655ms)
[2026-06-11 11:14:45] [elementAt] IN: x=455 y=268 → OUT: role=AXStaticText title= (1815ms)
[2026-06-11 11:14:46] [extractElementInfo] IN: elementRole=AXStaticText → OUT: role=AXStaticText title= (872ms)
[2026-06-11 11:14:46] [elementAt] IN: x=455 y=268 → OUT: role=AXStaticText title= (2161ms)
[2026-06-11 11:14:46] [extractElementInfo] IN: elementRole=AXStaticText → OUT: role=AXStaticText title= (694ms)
[2026-06-11 11:14:46] [elementAt] IN: x=455 y=268 → OUT: role=AXStaticText title= (1848ms)
[2026-06-11 11:14:47] [extractElementInfo] IN: elementRole=AXStaticText → OUT: role=AXStaticText title= (717ms)
[2026-06-11 11:14:47] [elementAt] IN: x=455 y=268 → OUT: role=AXStaticText title= (1903ms)
[2026-06-11 11:14:47] [extractElementInfo] IN: elementRole=AXStaticText → OUT: role=AXStaticText title= (745ms)
[2026-06-11 11:14:47] [elementAt] IN: x=455 y=268 → OUT: role=AXStaticText title= (1874ms)
[2026-06-11 11:14:48] [extractElementInfo] IN: elementRole=AXStaticText → OUT: role=AXStaticText title= (709ms)
[2026-06-11 11:14:48] [elementAt] IN: x=455 y=268 → OUT: role=AXStaticText title= (1766ms)
[2026-06-11 11:14:48] [extractElementInfo] IN: elementRole=AXButton → OUT: role=AXButton title= (557ms)
[2026-06-11 11:14:48] [extractElementInfo] IN: elementRole=AXButton → OUT: role=AXButton title= (396ms)
[2026-06-11 11:14:48] [extractElementInfo] IN: elementRole=AXButton → OUT: role=AXButton title= (365ms)
[2026-06-11 11:14:48] [scan] IN: scan → OUT: elements=3 (8962ms)
[2026-06-11 11:14:48] [extractElementInfo] IN: elementRole=AXStaticText → OUT: role=AXStaticText title= (506ms)
[2026-06-11 11:14:48] [elementAt] IN: x=455 y=268 → OUT: role=AXStaticText title= (1383ms)
[2026-06-11 11:14:49] [extractElementInfo] IN: elementRole=AXStaticText → OUT: role=AXStaticText title= (633ms)
[2026-06-11 11:14:49] [elementAt] IN: x=455 y=268 → OUT: role=AXStaticText title= (1657ms)
[2026-06-11 11:14:49] [extractElementInfo] IN: elementRole=AXStaticText → OUT: role=AXStaticText title= (643ms)
[2026-06-11 11:14:49] [elementAt] IN: x=455 y=268 → OUT: role=AXStaticText title= (1744ms)
[2026-06-11 11:14:50] [extractElementInfo] IN: elementRole=AXStaticText → OUT: role=AXStaticText title= (661ms)
[2026-06-11 11:14:50] [elementAt] IN: x=455 y=268 → OUT: role=AXStaticText title= (1713ms)
[2026-06-11 11:14:50] [extractElementInfo] IN: elementRole=AXStaticText → OUT: role=AXStaticText title= (687ms)
[2026-06-11 11:14:50] [elementAt] IN: x=455 y=268 → OUT: role=AXStaticText title= (1811ms)
[2026-06-11 11:14:51] [extractElementInfo] IN: elementRole=AXStaticText → OUT: role=AXStaticText title= (722ms)
[2026-06-11 11:14:51] [elementAt] IN: x=455 y=268 → OUT: role=AXStaticText title= (1851ms)
[2026-06-11 11:14:51] [extractElementInfo] IN: elementRole=AXStaticText → OUT: role=AXStaticText title= (697ms)
[2026-06-11 11:14:51] [elementAt] IN: x=455 y=268 → OUT: role=AXStaticText title= (1621ms)
[2026-06-11 11:14:52] [extractElementInfo] IN: elementRole=AXStaticText → OUT: role=AXStaticText title= (517ms)
[2026-06-11 11:14:52] [elementAt] IN: x=455 y=268 → OUT: role=AXStaticText title= (1524ms)
[2026-06-11 11:14:52] [extractElementInfo] IN: elementRole=AXStaticText → OUT: role=AXStaticText title= (900ms)
[2026-06-11 11:14:52] [elementAt] IN: x=455 y=268 → OUT: role=AXStaticText title= (1932ms)
[2026-06-11 11:14:53] [extractElementInfo] IN: elementRole=AXStaticText → OUT: role=AXStaticText title= (580ms)
[2026-06-11 11:14:53] [elementAt] IN: x=455 y=268 → OUT: role=AXStaticText title= (1760ms)
[2026-06-11 11:14:53] [extractElementInfo] IN: elementRole=AXButton → OUT: role=AXButton title= (702ms)
[2026-06-11 11:14:53] [extractElementInfo] IN: elementRole=AXButton → OUT: role=AXButton title= (648ms)
[2026-06-11 11:14:53] [extractElementInfo] IN: elementRole=AXButton → OUT: role=AXButton title= (589ms)
[2026-06-11 11:14:53] [scan] IN: scan → OUT: elements=3 (6006ms)
[2026-06-11 11:14:53] [extractElementInfo] IN: elementRole=AXStaticText → OUT: role=AXStaticText title= (268ms)
[2026-06-11 11:14:53] [elementAt] IN: x=455 y=268 → OUT: role=AXStaticText title= (872ms)
[2026-06-11 11:14:54] [extractElementInfo] IN: elementRole=AXStaticText → OUT: role=AXStaticText title= (340ms)
[2026-06-11 11:14:54] [elementAt] IN: x=455 y=268 → OUT: role=AXStaticText title= (1172ms)
[2026-06-11 11:14:54] [extractElementInfo] IN: elementRole=AXStaticText → OUT: role=AXStaticText title= (761ms)
[2026-06-11 11:14:54] [elementAt] IN: x=455 y=268 → OUT: role=AXStaticText title= (1958ms)
[2026-06-11 11:14:55] [extractElementInfo] IN: elementRole=AXStaticText → OUT: role=AXStaticText title= (617ms)
[2026-06-11 11:14:55] [elementAt] IN: x=455 y=268 → OUT: role=AXStaticText title= (1628ms)
[2026-06-11 11:14:55] [extractElementInfo] IN: elementRole=AXStaticText → OUT: role=AXStaticText title= (841ms)
[2026-06-11 11:14:55] [elementAt] IN: x=455 y=268 → OUT: role=AXStaticText title= (2346ms)
[2026-06-11 11:14:56] [extractElementInfo] IN: elementRole=AXStaticText → OUT: role=AXStaticText title= (714ms)
[2026-06-11 11:14:56] [elementAt] IN: x=455 y=268 → OUT: role=AXStaticText title= (1837ms)
[2026-06-11 11:14:56] [extractElementInfo] IN: elementRole=AXStaticText → OUT: role=AXStaticText title= (658ms)
[2026-06-11 11:14:56] [elementAt] IN: x=455 y=268 → OUT: role=AXStaticText title= (1779ms)
[2026-06-11 11:14:57] [extractElementInfo] IN: elementRole=AXStaticText → OUT: role=AXStaticText title= (450ms)
[2026-06-11 11:14:57] [elementAt] IN: x=455 y=268 → OUT: role=AXStaticText title= (1357ms)
[2026-06-11 11:14:57] [extractElementInfo] IN: elementRole=AXStaticText → OUT: role=AXStaticText title= (316ms)
[2026-06-11 11:14:57] [elementAt] IN: x=455 y=268 → OUT: role=AXStaticText title= (802ms)
[2026-06-11 11:14:58] [extractElementInfo] IN: elementRole=AXStaticText → OUT: role=AXStaticText title= (441ms)
[2026-06-11 11:14:58] [elementAt] IN: x=455 y=268 → OUT: role=AXStaticText title= (1124ms)
[2026-06-11 11:14:58] [extractElementInfo] IN: elementRole=AXButton → OUT: role=AXButton title= (597ms)
[2026-06-11 11:14:58] [extractElementInfo] IN: elementRole=AXButton → OUT: role=AXButton title= (303ms)
[2026-06-11 11:14:58] [extractElementInfo] IN: elementRole=AXButton → OUT: role=AXButton title= (221ms)
[2026-06-11 11:14:58] [scan] IN: scan → OUT: elements=3 (4569ms)
[2026-06-11 11:14:58] [extractElementInfo] IN: elementRole=AXStaticText → OUT: role=AXStaticText title= (385ms)
[2026-06-11 11:14:58] [elementAt] IN: x=455 y=268 → OUT: role=AXStaticText title= (930ms)
[2026-06-11 11:14:59] [extractElementInfo] IN: elementRole=AXStaticText → OUT: role=AXStaticText title= (694ms)
[2026-06-11 11:14:59] [elementAt] IN: x=455 y=268 → OUT: role=AXStaticText title= (1633ms)
[2026-06-11 11:14:59] [extractElementInfo] IN: elementRole=AXStaticText → OUT: role=AXStaticText title= (409ms)
[2026-06-11 11:14:59] [elementAt] IN: x=455 y=268 → OUT: role=AXStaticText title= (1278ms)
[2026-06-11 11:15:00] [extractElementInfo] IN: elementRole=AXStaticText → OUT: role=AXStaticText title= (522ms)
[2026-06-11 11:15:00] [elementAt] IN: x=455 y=268 → OUT: role=AXStaticText title= (1433ms)
[2026-06-11 11:15:00] [extractElementInfo] IN: elementRole=AXStaticText → OUT: role=AXStaticText title= (216ms)
[2026-06-11 11:15:00] [elementAt] IN: x=455 y=268 → OUT: role=AXStaticText title= (604ms)
[2026-06-11 11:15:01] [extractElementInfo] IN: elementRole=AXStaticText → OUT: role=AXStaticText title= (537ms)
[2026-06-11 11:15:01] [elementAt] IN: x=455 y=268 → OUT: role=AXStaticText title= (1374ms)
[2026-06-11 11:15:01] [extractElementInfo] IN: elementRole=AXStaticText → OUT: role=AXStaticText title= (336ms)
[2026-06-11 11:15:01] [elementAt] IN: x=455 y=268 → OUT: role=AXStaticText title= (796ms)
[2026-06-11 11:15:02] [extractElementInfo] IN: elementRole=AXStaticText → OUT: role=AXStaticText title= (398ms)
[2026-06-11 11:15:02] [elementAt] IN: x=455 y=268 → OUT: role=AXStaticText title= (3301ms)
[2026-06-11 11:15:02] [extractElementInfo] IN: elementRole=AXStaticText → OUT: role=AXStaticText title= (715ms)
[2026-06-11 11:15:02] [elementAt] IN: x=455 y=268 → OUT: role=AXStaticText title= (1312ms)
[2026-06-11 11:15:03] [extractElementInfo] IN: elementRole=AXStaticText → OUT: role=AXStaticText title= (321ms)
[2026-06-11 11:15:03] [elementAt] IN: x=455 y=268 → OUT: role=AXStaticText title= (892ms)
[2026-06-11 11:15:03] [extractElementInfo] IN: elementRole=AXButton → OUT: role=AXButton title= (336ms)
[2026-06-11 11:15:03] [extractElementInfo] IN: elementRole=AXButton → OUT: role=AXButton title= (296ms)
[2026-06-11 11:15:03] [extractElementInfo] IN: elementRole=AXButton → OUT: role=AXButton title= (293ms)
[2026-06-11 11:15:03] [scan] IN: scan → OUT: elements=3 (3002ms)
[2026-06-11 11:15:03] [extractElementInfo] IN: elementRole=AXStaticText → OUT: role=AXStaticText title= (272ms)
[2026-06-11 11:15:03] [elementAt] IN: x=455 y=268 → OUT: role=AXStaticText title= (618ms)
[2026-06-11 11:15:04] [extractElementInfo] IN: elementRole=AXStaticText → OUT: role=AXStaticText title= (222ms)
[2026-06-11 11:15:04] [elementAt] IN: x=455 y=268 → OUT: role=AXStaticText title= (659ms)
[2026-06-11 11:15:04] [extractElementInfo] IN: elementRole=AXStaticText → OUT: role=AXStaticText title= (321ms)
[2026-06-11 11:15:04] [elementAt] IN: x=455 y=268 → OUT: role=AXStaticText title= (769ms)
[2026-06-11 11:15:05] [extractElementInfo] IN: elementRole=AXStaticText → OUT: role=AXStaticText title= (396ms)
[2026-06-11 11:15:05] [elementAt] IN: x=455 y=268 → OUT: role=AXStaticText title= (1103ms)
[2026-06-11 11:15:05] [extractElementInfo] IN: elementRole=AXStaticText → OUT: role=AXStaticText title= (500ms)
[2026-06-11 11:15:05] [elementAt] IN: x=455 y=268 → OUT: role=AXStaticText title= (1214ms)
[2026-06-11 11:15:06] [extractElementInfo] IN: elementRole=AXStaticText → OUT: role=AXStaticText title= (356ms)
[2026-06-11 11:15:06] [elementAt] IN: x=455 y=268 → OUT: role=AXStaticText title= (990ms)
[2026-06-11 11:15:06] [extractElementInfo] IN: elementRole=AXStaticText → OUT: role=AXStaticText title= (266ms)
[2026-06-11 11:15:06] [elementAt] IN: x=455 y=268 → OUT: role=AXStaticText title= (679ms)
[2026-06-11 11:15:07] [extractElementInfo] IN: elementRole=AXStaticText → OUT: role=AXStaticText title= (811ms)
[2026-06-11 11:15:07] [elementAt] IN: x=455 y=268 → OUT: role=AXStaticText title= (1736ms)
[2026-06-11 11:15:07] [extractElementInfo] IN: elementRole=AXStaticText → OUT: role=AXStaticText title= (226ms)
[2026-06-11 11:15:07] [elementAt] IN: x=455 y=268 → OUT: role=AXStaticText title= (681ms)
[2026-06-11 11:15:08] [extractElementInfo] IN: elementRole=AXStaticText → OUT: role=AXStaticText title= (272ms)
[2026-06-11 11:15:08] [elementAt] IN: x=455 y=268 → OUT: role=AXStaticText title= (859ms)
[2026-06-11 11:15:08] [extractElementInfo] IN: elementRole=AXButton → OUT: role=AXButton title= (242ms)
[2026-06-11 11:15:08] [extractElementInfo] IN: elementRole=AXButton → OUT: role=AXButton title= (240ms)
[2026-06-11 11:15:08] [extractElementInfo] IN: elementRole=AXButton → OUT: role=AXButton title= (259ms)
[2026-06-11 11:15:08] [scan] IN: scan → OUT: elements=3 (2398ms)
[2026-06-11 11:15:08] [extractElementInfo] IN: elementRole=AXStaticText → OUT: role=AXStaticText title= (231ms)
[2026-06-11 11:15:08] [elementAt] IN: x=455 y=268 → OUT: role=AXStaticText title= (562ms)
[2026-06-11 11:15:09] [extractElementInfo] IN: elementRole=AXStaticText → OUT: role=AXStaticText title= (615ms)
[2026-06-11 11:15:09] [elementAt] IN: x=455 y=268 → OUT: role=AXStaticText title= (1093ms)
[2026-06-11 11:15:09] [extractElementInfo] IN: elementRole=AXStaticText → OUT: role=AXStaticText title= (280ms)
[2026-06-11 11:15:09] [elementAt] IN: x=455 y=268 → OUT: role=AXStaticText title= (905ms)
[2026-06-11 11:15:10] [extractElementInfo] IN: elementRole=AXStaticText → OUT: role=AXStaticText title= (234ms)
[2026-06-11 11:15:10] [elementAt] IN: x=455 y=268 → OUT: role=AXStaticText title= (830ms)
[2026-06-11 11:15:10] [extractElementInfo] IN: elementRole=AXStaticText → OUT: role=AXStaticText title= (319ms)
[2026-06-11 11:15:10] [elementAt] IN: x=455 y=268 → OUT: role=AXStaticText title= (864ms)
[2026-06-11 11:15:11] [extractElementInfo] IN: elementRole=AXStaticText → OUT: role=AXStaticText title= (335ms)
[2026-06-11 11:15:11] [elementAt] IN: x=455 y=268 → OUT: role=AXStaticText title= (972ms)
[2026-06-11 11:15:11] [extractElementInfo] IN: elementRole=AXStaticText → OUT: role=AXStaticText title= (337ms)
[2026-06-11 11:15:11] [elementAt] IN: x=455 y=268 → OUT: role=AXStaticText title= (859ms)
[2026-06-11 11:15:12] [extractElementInfo] IN: elementRole=AXStaticText → OUT: role=AXStaticText title= (752ms)
[2026-06-11 11:15:12] [elementAt] IN: x=455 y=268 → OUT: role=AXStaticText title= (1595ms)
[2026-06-11 11:15:12] [extractElementInfo] IN: elementRole=AXStaticText → OUT: role=AXStaticText title= (244ms)
[2026-06-11 11:15:12] [elementAt] IN: x=455 y=268 → OUT: role=AXStaticText title= (2168ms)
[2026-06-11 11:15:13] [extractElementInfo] IN: elementRole=AXStaticText → OUT: role=AXStaticText title= (337ms)
[2026-06-11 11:15:13] [elementAt] IN: x=455 y=268 → OUT: role=AXStaticText title= (1001ms)
[2026-06-11 11:15:13] [extractElementInfo] IN: elementRole=AXButton → OUT: role=AXButton title= (469ms)
[2026-06-11 11:15:13] [extractElementInfo] IN: elementRole=AXButton → OUT: role=AXButton title= (474ms)
[2026-06-11 11:15:13] [extractElementInfo] IN: elementRole=AXButton → OUT: role=AXButton title= (379ms)
[2026-06-11 11:15:13] [scan] IN: scan → OUT: elements=3 (4979ms)
[2026-06-11 11:15:13] [extractElementInfo] IN: elementRole=AXStaticText → OUT: role=AXStaticText title= (297ms)
[2026-06-11 11:15:13] [elementAt] IN: x=455 y=268 → OUT: role=AXStaticText title= (829ms)
[2026-06-11 11:15:14] [extractElementInfo] IN: elementRole=AXStaticText → OUT: role=AXStaticText title= (661ms)
[2026-06-11 11:15:14] [elementAt] IN: x=455 y=268 → OUT: role=AXStaticText title= (1724ms)
[2026-06-11 11:15:14] [extractElementInfo] IN: elementRole=AXStaticText → OUT: role=AXStaticText title= (668ms)
[2026-06-11 11:15:14] [elementAt] IN: x=455 y=268 → OUT: role=AXStaticText title= (1736ms)
[2026-06-11 11:15:15] [extractElementInfo] IN: elementRole=AXStaticText → OUT: role=AXStaticText title= (731ms)
[2026-06-11 11:15:15] [elementAt] IN: x=455 y=268 → OUT: role=AXStaticText title= (1788ms)
[2026-06-11 11:15:15] [extractElementInfo] IN: elementRole=AXStaticText → OUT: role=AXStaticText title= (679ms)
[2026-06-11 11:15:15] [elementAt] IN: x=455 y=268 → OUT: role=AXStaticText title= (1727ms)
[2026-06-11 11:15:16] [extractElementInfo] IN: elementRole=AXStaticText → OUT: role=AXStaticText title= (664ms)
[2026-06-11 11:15:16] [elementAt] IN: x=455 y=268 → OUT: role=AXStaticText title= (1690ms)
[2026-06-11 11:15:16] [extractElementInfo] IN: elementRole=AXStaticText → OUT: role=AXStaticText title= (568ms)
[2026-06-11 11:15:16] [elementAt] IN: x=455 y=268 → OUT: role=AXStaticText title= (1484ms)
[2026-06-11 11:15:17] [extractElementInfo] IN: elementRole=AXStaticText → OUT: role=AXStaticText title= (275ms)
[2026-06-11 11:15:17] [elementAt] IN: x=455 y=268 → OUT: role=AXStaticText title= (711ms)
[2026-06-11 11:15:17] [extractElementInfo] IN: elementRole=AXStaticText → OUT: role=AXStaticText title= (323ms)
[2026-06-11 11:15:17] [elementAt] IN: x=455 y=268 → OUT: role=AXStaticText title= (1093ms)
[2026-06-11 11:15:18] [extractElementInfo] IN: elementRole=AXStaticText → OUT: role=AXStaticText title= (240ms)
[2026-06-11 11:15:18] [elementAt] IN: x=455 y=268 → OUT: role=AXStaticText title= (632ms)
[2026-06-11 11:15:18] [extractElementInfo] IN: elementRole=AXButton → OUT: role=AXButton title= (227ms)
[2026-06-11 11:15:18] [extractElementInfo] IN: elementRole=AXButton → OUT: role=AXButton title= (231ms)
[2026-06-11 11:15:18] [extractElementInfo] IN: elementRole=AXButton → OUT: role=AXButton title= (535ms)
[2026-06-11 11:15:18] [scan] IN: scan → OUT: elements=3 (9008ms)
[2026-06-11 11:15:18] [extractElementInfo] IN: elementRole=AXStaticText → OUT: role=AXStaticText title= (415ms)
[2026-06-11 11:15:18] [elementAt] IN: x=455 y=268 → OUT: role=AXStaticText title= (975ms)
[2026-06-11 11:15:19] [extractElementInfo] IN: elementRole=AXStaticText → OUT: role=AXStaticText title= (877ms)
[2026-06-11 11:15:19] [elementAt] IN: x=455 y=268 → OUT: role=AXStaticText title= (1832ms)
[2026-06-11 11:15:19] [extractElementInfo] IN: elementRole=AXStaticText → OUT: role=AXStaticText title= (288ms)
[2026-06-11 11:15:19] [elementAt] IN: x=455 y=268 → OUT: role=AXStaticText title= (900ms)
[2026-06-11 11:15:20] [extractElementInfo] IN: elementRole=AXStaticText → OUT: role=AXStaticText title= (262ms)
[2026-06-11 11:15:20] [elementAt] IN: x=455 y=268 → OUT: role=AXStaticText title= (851ms)
[2026-06-11 11:15:20] [extractElementInfo] IN: elementRole=AXStaticText → OUT: role=AXStaticText title= (311ms)
[2026-06-11 11:15:20] [elementAt] IN: x=455 y=268 → OUT: role=AXStaticText title= (928ms)
[2026-06-11 11:15:21] [extractElementInfo] IN: elementRole=AXStaticText → OUT: role=AXStaticText title= (258ms)
[2026-06-11 11:15:21] [elementAt] IN: x=455 y=268 → OUT: role=AXStaticText title= (1044ms)
[2026-06-11 11:15:21] [extractElementInfo] IN: elementRole=AXStaticText → OUT: role=AXStaticText title= (722ms)
[2026-06-11 11:15:21] [elementAt] IN: x=455 y=268 → OUT: role=AXStaticText title= (1817ms)
[2026-06-11 11:15:22] [extractElementInfo] IN: elementRole=AXStaticText → OUT: role=AXStaticText title= (712ms)
[2026-06-11 11:15:22] [elementAt] IN: x=455 y=268 → OUT: role=AXStaticText title= (1759ms)
[2026-06-11 11:15:22] [extractElementInfo] IN: elementRole=AXStaticText → OUT: role=AXStaticText title= (267ms)
[2026-06-11 11:15:22] [elementAt] IN: x=455 y=268 → OUT: role=AXStaticText title= (704ms)
[2026-06-11 11:15:23] [extractElementInfo] IN: elementRole=AXStaticText → OUT: role=AXStaticText title= (329ms)
[2026-06-11 11:15:23] [elementAt] IN: x=455 y=268 → OUT: role=AXStaticText title= (943ms)
[2026-06-11 11:15:23] [extractElementInfo] IN: elementRole=AXButton → OUT: role=AXButton title= (699ms)
[2026-06-11 11:15:23] [extractElementInfo] IN: elementRole=AXButton → OUT: role=AXButton title= (624ms)
[2026-06-11 11:15:23] [extractElementInfo] IN: elementRole=AXButton → OUT: role=AXButton title= (391ms)
[2026-06-11 11:15:23] [scan] IN: scan → OUT: elements=3 (5450ms)
[2026-06-11 11:15:23] [extractElementInfo] IN: elementRole=AXStaticText → OUT: role=AXStaticText title= (295ms)
[2026-06-11 11:15:23] [elementAt] IN: x=455 y=268 → OUT: role=AXStaticText title= (781ms)
[2026-06-11 11:15:24] [extractElementInfo] IN: elementRole=AXStaticText → OUT: role=AXStaticText title= (257ms)
[2026-06-11 11:15:24] [elementAt] IN: x=455 y=268 → OUT: role=AXStaticText title= (692ms)
[2026-06-11 11:15:24] [extractElementInfo] IN: elementRole=AXStaticText → OUT: role=AXStaticText title= (643ms)
[2026-06-11 11:15:24] [elementAt] IN: x=455 y=268 → OUT: role=AXStaticText title= (1287ms)
[2026-06-11 11:15:25] [extractElementInfo] IN: elementRole=AXStaticText → OUT: role=AXStaticText title= (594ms)
[2026-06-11 11:15:25] [elementAt] IN: x=455 y=268 → OUT: role=AXStaticText title= (1654ms)
[2026-06-11 11:15:25] [extractElementInfo] IN: elementRole=AXStaticText → OUT: role=AXStaticText title= (723ms)
[2026-06-11 11:15:25] [elementAt] IN: x=455 y=268 → OUT: role=AXStaticText title= (1781ms)
[2026-06-11 11:15:26] [extractElementInfo] IN: elementRole=AXStaticText → OUT: role=AXStaticText title= (294ms)
[2026-06-11 11:15:26] [elementAt] IN: x=455 y=268 → OUT: role=AXStaticText title= (899ms)
[2026-06-11 11:15:26] [extractElementInfo] IN: elementRole=AXStaticText → OUT: role=AXStaticText title= (767ms)
[2026-06-11 11:15:26] [elementAt] IN: x=455 y=268 → OUT: role=AXStaticText title= (1893ms)
[2026-06-11 11:15:27] [extractElementInfo] IN: elementRole=AXStaticText → OUT: role=AXStaticText title= (831ms)
[2026-06-11 11:15:27] [elementAt] IN: x=455 y=268 → OUT: role=AXStaticText title= (1541ms)
[2026-06-11 11:15:27] [extractElementInfo] IN: elementRole=AXStaticText → OUT: role=AXStaticText title= (752ms)
[2026-06-11 11:15:27] [elementAt] IN: x=455 y=268 → OUT: role=AXStaticText title= (1605ms)
[2026-06-11 11:15:28] [extractElementInfo] IN: elementRole=AXStaticText → OUT: role=AXStaticText title= (229ms)
[2026-06-11 11:15:28] [elementAt] IN: x=455 y=268 → OUT: role=AXStaticText title= (675ms)
[2026-06-11 11:15:28] [extractElementInfo] IN: elementRole=AXButton → OUT: role=AXButton title= (576ms)
[2026-06-11 11:15:28] [extractElementInfo] IN: elementRole=AXButton → OUT: role=AXButton title= (463ms)
[2026-06-11 11:15:28] [extractElementInfo] IN: elementRole=AXButton → OUT: role=AXButton title= (365ms)
[2026-06-11 11:15:28] [scan] IN: scan → OUT: elements=3 (4454ms)
[2026-06-11 11:15:28] [extractElementInfo] IN: elementRole=AXStaticText → OUT: role=AXStaticText title= (305ms)
[2026-06-11 11:15:28] [elementAt] IN: x=455 y=268 → OUT: role=AXStaticText title= (836ms)
[2026-06-11 11:15:29] [extractElementInfo] IN: elementRole=AXStaticText → OUT: role=AXStaticText title= (425ms)
[2026-06-11 11:15:29] [elementAt] IN: x=455 y=268 → OUT: role=AXStaticText title= (1288ms)
[2026-06-11 11:15:29] [extractElementInfo] IN: elementRole=AXStaticText → OUT: role=AXStaticText title= (699ms)
[2026-06-11 11:15:29] [elementAt] IN: x=455 y=268 → OUT: role=AXStaticText title= (1845ms)
[2026-06-11 11:15:30] [extractElementInfo] IN: elementRole=AXStaticText → OUT: role=AXStaticText title= (670ms)
[2026-06-11 11:15:30] [elementAt] IN: x=455 y=268 → OUT: role=AXStaticText title= (1741ms)
[2026-06-11 11:15:30] [extractElementInfo] IN: elementRole=AXStaticText → OUT: role=AXStaticText title= (720ms)
[2026-06-11 11:15:30] [elementAt] IN: x=455 y=268 → OUT: role=AXStaticText title= (1833ms)
[2026-06-11 11:15:31] [extractElementInfo] IN: elementRole=AXStaticText → OUT: role=AXStaticText title= (306ms)
[2026-06-11 11:15:31] [elementAt] IN: x=455 y=268 → OUT: role=AXStaticText title= (918ms)
[2026-06-11 11:15:31] [extractElementInfo] IN: elementRole=AXStaticText → OUT: role=AXStaticText title= (317ms)
[2026-06-11 11:15:31] [elementAt] IN: x=455 y=268 → OUT: role=AXStaticText title= (928ms)
[2026-06-11 11:15:32] [extractElementInfo] IN: elementRole=AXStaticText → OUT: role=AXStaticText title= (793ms)
[2026-06-11 11:15:32] [elementAt] IN: x=455 y=268 → OUT: role=AXStaticText title= (1648ms)
[2026-06-11 11:15:32] [extractElementInfo] IN: elementRole=AXStaticText → OUT: role=AXStaticText title= (717ms)
[2026-06-11 11:15:32] [elementAt] IN: x=455 y=268 → OUT: role=AXStaticText title= (1770ms)
[2026-06-11 11:15:33] [extractElementInfo] IN: elementRole=AXStaticText → OUT: role=AXStaticText title= (246ms)
[2026-06-11 11:15:33] [elementAt] IN: x=455 y=268 → OUT: role=AXStaticText title= (689ms)
[2026-06-11 11:15:33] [extractElementInfo] IN: elementRole=AXButton → OUT: role=AXButton title= (590ms)
[2026-06-11 11:15:33] [extractElementInfo] IN: elementRole=AXButton → OUT: role=AXButton title= (401ms)
[2026-06-11 11:15:33] [extractElementInfo] IN: elementRole=AXButton → OUT: role=AXButton title= (385ms)
[2026-06-11 11:15:33] [scan] IN: scan → OUT: elements=3 (4387ms)
[2026-06-11 11:15:33] [extractElementInfo] IN: elementRole=AXStaticText → OUT: role=AXStaticText title= (287ms)
[2026-06-11 11:15:33] [elementAt] IN: x=455 y=268 → OUT: role=AXStaticText title= (663ms)
[2026-06-11 11:15:34] [extractElementInfo] IN: elementRole=AXStaticText → OUT: role=AXStaticText title= (723ms)
[2026-06-11 11:15:34] [elementAt] IN: x=455 y=268 → OUT: role=AXStaticText title= (1721ms)
[2026-06-11 11:15:34] [extractElementInfo] IN: elementRole=AXStaticText → OUT: role=AXStaticText title= (676ms)
[2026-06-11 11:15:34] [elementAt] IN: x=455 y=268 → OUT: role=AXStaticText title= (1754ms)
[2026-06-11 11:15:35] [extractElementInfo] IN: elementRole=AXStaticText → OUT: role=AXStaticText title= (643ms)
[2026-06-11 11:15:35] [elementAt] IN: x=455 y=268 → OUT: role=AXStaticText title= (2171ms)
[2026-06-11 11:15:35] [extractElementInfo] IN: elementRole=AXStaticText → OUT: role=AXStaticText title= (676ms)
[2026-06-11 11:15:35] [elementAt] IN: x=455 y=268 → OUT: role=AXStaticText title= (1734ms)
[2026-06-11 11:15:36] [extractElementInfo] IN: elementRole=AXStaticText → OUT: role=AXStaticText title= (331ms)
[2026-06-11 11:15:36] [elementAt] IN: x=455 y=268 → OUT: role=AXStaticText title= (1242ms)
[2026-06-11 11:15:36] [extractElementInfo] IN: elementRole=AXWebArea → OUT: role=AXWebArea title=PECF Gate Report (412ms)
[2026-06-11 11:15:36] [elementAt] IN: x=1429 y=539 → OUT: role=AXWebArea title=PECF Gate Report (1222ms)
[2026-06-11 11:15:37] [extractElementInfo] IN: elementRole=AXGroup → OUT: role=AXGroup title= (280ms)
[2026-06-11 11:15:37] [elementAt] IN: x=1198 y=32 → OUT: role=AXGroup title= (3988ms)
[2026-06-11 11:15:37] [extractElementInfo] IN: elementRole=AXGroup → OUT: role=AXGroup title= (409ms)
[2026-06-11 11:15:37] [elementAt] IN: x=700 y=203 → OUT: role=AXGroup title= (4234ms)
[2026-06-11 11:15:38] [extractElementInfo] IN: elementRole=AXGroup → OUT: role=AXGroup title= (396ms)
[2026-06-11 11:15:38] [elementAt] IN: x=721 y=295 → OUT: role=AXGroup title= (3730ms)
[2026-06-11 11:15:38] [extractElementInfo] IN: elementRole=AXButton → OUT: role=AXButton title= (707ms)
[2026-06-11 11:15:38] [extractElementInfo] IN: elementRole=AXButton → OUT: role=AXButton title= (424ms)
[2026-06-11 11:15:38] [extractElementInfo] IN: elementRole=AXButton → OUT: role=AXButton title= (371ms)
[2026-06-11 11:15:38] [scan] IN: scan → OUT: elements=3 (5236ms)
[2026-06-11 11:15:38] [extractElementInfo] IN: elementRole=AXGroup → OUT: role=AXGroup title= (285ms)
[2026-06-11 11:15:38] [elementAt] IN: x=747 y=301 → OUT: role=AXGroup title= (728ms)
[2026-06-11 11:15:39] [extractElementInfo] IN: elementRole=AXGroup → OUT: role=AXGroup title= (711ms)
[2026-06-11 11:15:39] [elementAt] IN: x=747 y=301 → OUT: role=AXGroup title= (1899ms)
[2026-06-11 11:15:39] [extractElementInfo] IN: elementRole=AXGroup → OUT: role=AXGroup title= (468ms)
[2026-06-11 11:15:39] [elementAt] IN: x=638 y=233 → OUT: role=AXGroup title= (3083ms)
[2026-06-11 11:15:40] [extractElementInfo] IN: elementRole=AXGroup → OUT: role=AXGroup title= (437ms)
[2026-06-11 11:15:40] [elementAt] IN: x=654 y=302 → OUT: role=AXGroup title= (2519ms)
[2026-06-11 11:15:40] [extractElementInfo] IN: elementRole=AXGroup → OUT: role=AXGroup title= (525ms)
[2026-06-11 11:15:40] [elementAt] IN: x=630 y=371 → OUT: role=AXGroup title= (2743ms)
[2026-06-11 11:15:41] [extractElementInfo] IN: elementRole=AXGroup → OUT: role=AXGroup title= (251ms)
[2026-06-11 11:15:41] [elementAt] IN: x=559 y=438 → OUT: role=AXGroup title= (668ms)
[2026-06-11 11:15:41] [extractElementInfo] IN: elementRole=AXGroup → OUT: role=AXGroup title= (470ms)
[2026-06-11 11:15:41] [elementAt] IN: x=549 y=436 → OUT: role=AXGroup title= (1209ms)
[2026-06-11 11:15:42] [extractElementInfo] IN: elementRole=AXGroup → OUT: role=AXGroup title= (337ms)
[2026-06-11 11:15:42] [elementAt] IN: x=482 y=475 → OUT: role=AXGroup title= (1517ms)
[2026-06-11 11:15:42] [extractElementInfo] IN: elementRole=AXStaticText → OUT: role=AXStaticText title= (298ms)
[2026-06-11 11:15:42] [elementAt] IN: x=419 y=436 → OUT: role=AXStaticText title= (702ms)
[2026-06-11 11:15:43] [extractElementInfo] IN: elementRole=AXGroup → OUT: role=AXGroup title= (397ms)
[2026-06-11 11:15:43] [elementAt] IN: x=197 y=446 → OUT: role=AXGroup title= (1013ms)
[2026-06-11 11:15:43] [extractElementInfo] IN: elementRole=AXButton → OUT: role=AXButton title= (474ms)
[2026-06-11 11:15:43] [extractElementInfo] IN: elementRole=AXButton → OUT: role=AXButton title= (432ms)
[2026-06-11 11:15:43] [extractElementInfo] IN: elementRole=AXButton → OUT: role=AXButton title= (435ms)
[2026-06-11 11:15:43] [scan] IN: scan → OUT: elements=3 (5020ms)
[2026-06-11 11:15:43] [extractElementInfo] IN: elementRole=AXStaticText → OUT: role=AXStaticText title= (280ms)
[2026-06-11 11:15:43] [elementAt] IN: x=113 y=547 → OUT: role=AXStaticText title= (1369ms)
[2026-06-11 11:15:44] [extractElementInfo] IN: elementRole=AXStaticText → OUT: role=AXStaticText title= (481ms)
[2026-06-11 11:15:44] [elementAt] IN: x=151 y=410 → OUT: role=AXStaticText title= (1289ms)
[2026-06-11 11:15:44] [extractElementInfo] IN: elementRole=AXGroup → OUT: role=AXGroup title= (412ms)
[2026-06-11 11:15:44] [elementAt] IN: x=260 y=387 → OUT: role=AXGroup title= (1026ms)
[2026-06-11 11:15:45] [extractElementInfo] IN: elementRole=AXGroup → OUT: role=AXGroup title= (723ms)
[2026-06-11 11:15:45] [elementAt] IN: x=111 y=554 → OUT: role=AXGroup title= (1947ms)
[2026-06-11 11:15:45] [extractElementInfo] IN: elementRole=AXGroup → OUT: role=AXGroup title= (287ms)
[2026-06-11 11:15:45] [elementAt] IN: x=134 y=527 → OUT: role=AXGroup title= (967ms)
[2026-06-11 11:15:46] [extractElementInfo] IN: elementRole=AXGroup → OUT: role=AXGroup title= (253ms)
[2026-06-11 11:15:46] [elementAt] IN: x=179 y=410 → OUT: role=AXGroup title= (4840ms)
[2026-06-11 11:15:46] [extractElementInfo] IN: elementRole=AXStaticText → OUT: role=AXStaticText title= (522ms)
[2026-06-11 11:15:46] [elementAt] IN: x=189 y=420 → OUT: role=AXStaticText title= (1448ms)
[2026-06-11 11:15:47] [extractElementInfo] IN: elementRole=AXGroup → OUT: role=AXGroup title= (323ms)
[2026-06-11 11:15:47] [elementAt] IN: x=437 y=145 → OUT: role=AXGroup title= (1742ms)
[2026-06-11 11:15:47] [extractElementInfo] IN: elementRole=AXGroup → OUT: role=AXGroup title= (249ms)
[2026-06-11 11:15:47] [elementAt] IN: x=197 y=446 → OUT: role=AXGroup title= (643ms)
[2026-06-11 11:15:48] [extractElementInfo] IN: elementRole=AXGroup → OUT: role=AXGroup title= (643ms)
[2026-06-11 11:15:48] [elementAt] IN: x=142 y=349 → OUT: role=AXGroup title= (1937ms)
[2026-06-11 11:15:48] [extractElementInfo] IN: elementRole=AXButton → OUT: role=AXButton title= (159ms)
[2026-06-11 11:15:48] [extractElementInfo] IN: elementRole=AXButton → OUT: role=AXButton title= (136ms)
[2026-06-11 11:15:48] [extractElementInfo] IN: elementRole=AXButton → OUT: role=AXButton title= (118ms)
[2026-06-11 11:15:48] [scan] IN: scan → OUT: elements=3 (1584ms)
[2026-06-11 11:15:48] [extractElementInfo] IN: elementRole=AXGroup → OUT: role=AXGroup title= (131ms)
[2026-06-11 11:15:48] [elementAt] IN: x=148 y=346 → OUT: role=AXGroup title= (362ms)
[2026-06-11 11:15:49] [extractElementInfo] IN: elementRole=AXStaticText → OUT: role=AXStaticText title= (290ms)
[2026-06-11 11:15:49] [elementAt] IN: x=167 y=334 → OUT: role=AXStaticText title= (2400ms)
[2026-06-11 11:15:49] [extractElementInfo] IN: elementRole=AXStaticText → OUT: role=AXStaticText title= (349ms)
[2026-06-11 11:15:49] [elementAt] IN: x=167 y=334 → OUT: role=AXStaticText title= (1016ms)
[2026-06-11 11:15:50] [extractElementInfo] IN: elementRole=AXGroup → OUT: role=AXGroup title= (185ms)
[2026-06-11 11:15:50] [elementAt] IN: x=1216 y=375 → OUT: role=AXGroup title= (589ms)
[2026-06-11 11:15:50] [extractElementInfo] IN: elementRole=AXGroup → OUT: role=AXGroup title= (242ms)
[2026-06-11 11:15:50] [elementAt] IN: x=1285 y=448 → OUT: role=AXGroup title= (591ms)
[2026-06-11 11:15:51] [extractElementInfo] IN: elementRole=AXGroup → OUT: role=AXGroup title= (864ms)
[2026-06-11 11:15:51] [elementAt] IN: x=1261 y=470 → OUT: role=AXGroup title= (1749ms)
[2026-06-11 11:15:51] [extractElementInfo] IN: elementRole=AXGroup → OUT: role=AXGroup title= (323ms)
[2026-06-11 11:15:51] [elementAt] IN: x=1245 y=466 → OUT: role=AXGroup title= (927ms)
[2026-06-11 11:15:52] [extractElementInfo] IN: elementRole=AXGroup → OUT: role=AXGroup title= (766ms)
[2026-06-11 11:15:52] [elementAt] IN: x=1245 y=466 → OUT: role=AXGroup title= (1980ms)
[2026-06-11 11:15:52] [extractElementInfo] IN: elementRole=AXGroup → OUT: role=AXGroup title= (390ms)
[2026-06-11 11:15:52] [elementAt] IN: x=1240 y=461 → OUT: role=AXGroup title= (1096ms)
[2026-06-11 11:15:53] [extractElementInfo] IN: elementRole=AXGroup → OUT: role=AXGroup title= (640ms)
[2026-06-11 11:15:53] [elementAt] IN: x=1240 y=461 → OUT: role=AXGroup title= (4835ms)
[2026-06-11 11:15:53] [extractElementInfo] IN: elementRole=AXButton → OUT: role=AXButton title= (471ms)
[2026-06-11 11:15:53] [extractElementInfo] IN: elementRole=AXButton → OUT: role=AXButton title= (1784ms)
[2026-06-11 11:15:53] [extractElementInfo] IN: elementRole=AXButton → OUT: role=AXButton title= (360ms)
[2026-06-11 11:15:53] [scan] IN: scan → OUT: elements=3 (6384ms)
[2026-06-11 11:15:53] [extractElementInfo] IN: elementRole=AXGroup → OUT: role=AXGroup title= (269ms)
[2026-06-11 11:15:53] [elementAt] IN: x=1240 y=461 → OUT: role=AXGroup title= (741ms)
[2026-06-11 11:15:54] [extractElementInfo] IN: elementRole=AXGroup → OUT: role=AXGroup title= (588ms)
[2026-06-11 11:15:54] [elementAt] IN: x=1182 y=416 → OUT: role=AXGroup title= (1557ms)
[2026-06-11 11:15:54] [extractElementInfo] IN: elementRole=AXGroup → OUT: role=AXGroup title= (761ms)
[2026-06-11 11:15:54] [elementAt] IN: x=1182 y=416 → OUT: role=AXGroup title= (2030ms)
[2026-06-11 11:15:55] [extractElementInfo] IN: elementRole=AXGroup → OUT: role=AXGroup title= (730ms)
[2026-06-11 11:15:55] [elementAt] IN: x=1195 y=416 → OUT: role=AXGroup title= (1561ms)
[2026-06-11 11:15:55] [extractElementInfo] IN: elementRole=AXGroup → OUT: role=AXGroup title= (322ms)
[2026-06-11 11:15:55] [elementAt] IN: x=1212 y=410 → OUT: role=AXGroup title= (838ms)
[2026-06-11 11:15:56] [extractElementInfo] IN: elementRole=AXGroup → OUT: role=AXGroup title= (661ms)
[2026-06-11 11:15:56] [elementAt] IN: x=1206 y=413 → OUT: role=AXGroup title= (1772ms)
[2026-06-11 11:15:56] [extractElementInfo] IN: elementRole=AXGroup → OUT: role=AXGroup title= (349ms)
[2026-06-11 11:15:56] [elementAt] IN: x=1275 y=482 → OUT: role=AXGroup title= (841ms)
[2026-06-11 11:15:57] [extractElementInfo] IN: elementRole=AXGroup → OUT: role=AXGroup title= (302ms)
[2026-06-11 11:15:57] [elementAt] IN: x=1238 y=458 → OUT: role=AXGroup title= (937ms)
[2026-06-11 11:15:57] [extractElementInfo] IN: elementRole=AXGroup → OUT: role=AXGroup title= (296ms)
[2026-06-11 11:15:57] [elementAt] IN: x=1238 y=457 → OUT: role=AXGroup title= (1016ms)
[2026-06-11 11:15:58] [extractElementInfo] IN: elementRole=AXGroup → OUT: role=AXGroup title= (656ms)
[2026-06-11 11:15:58] [elementAt] IN: x=1238 y=457 → OUT: role=AXGroup title= (1753ms)
[2026-06-11 11:15:58] [extractElementInfo] IN: elementRole=AXButton → OUT: role=AXButton title= (492ms)
[2026-06-11 11:15:58] [extractElementInfo] IN: elementRole=AXButton → OUT: role=AXButton title= (417ms)
[2026-06-11 11:15:58] [extractElementInfo] IN: elementRole=AXButton → OUT: role=AXButton title= (398ms)
[2026-06-11 11:15:58] [scan] IN: scan → OUT: elements=3 (4928ms)
[2026-06-11 11:15:58] [extractElementInfo] IN: elementRole=AXGroup → OUT: role=AXGroup title= (280ms)
[2026-06-11 11:15:58] [elementAt] IN: x=1229 y=447 → OUT: role=AXGroup title= (759ms)
[2026-06-11 11:15:59] [extractElementInfo] IN: elementRole=AXGroup → OUT: role=AXGroup title= (699ms)
[2026-06-11 11:15:59] [elementAt] IN: x=1226 y=443 → OUT: role=AXGroup title= (1805ms)
[2026-06-11 11:15:59] [extractElementInfo] IN: elementRole=AXGroup → OUT: role=AXGroup title= (591ms)
[2026-06-11 11:15:59] [elementAt] IN: x=1226 y=443 → OUT: role=AXGroup title= (1581ms)
[2026-06-11 11:16:00] [extractElementInfo] IN: elementRole=AXGroup → OUT: role=AXGroup title= (357ms)
[2026-06-11 11:16:00] [elementAt] IN: x=1225 y=443 → OUT: role=AXGroup title= (1117ms)
[2026-06-11 11:16:00] [extractElementInfo] IN: elementRole=AXGroup → OUT: role=AXGroup title= (715ms)
[2026-06-11 11:16:00] [elementAt] IN: x=1224 y=441 → OUT: role=AXGroup title= (1628ms)
[2026-06-11 11:16:01] [extractElementInfo] IN: elementRole=AXGroup → OUT: role=AXGroup title= (647ms)
[2026-06-11 11:16:01] [elementAt] IN: x=1224 y=441 → OUT: role=AXGroup title= (1636ms)
[2026-06-11 11:16:01] [extractElementInfo] IN: elementRole=AXGroup → OUT: role=AXGroup title= (267ms)
[2026-06-11 11:16:01] [elementAt] IN: x=298 y=364 → OUT: role=AXGroup title= (1373ms)
[2026-06-11 11:16:02] [extractElementInfo] IN: elementRole=AXStaticText → OUT: role=AXStaticText title= (241ms)
[2026-06-11 11:16:02] [elementAt] IN: x=143 y=331 → OUT: role=AXStaticText title= (799ms)
[2026-06-11 11:16:02] [extractElementInfo] IN: elementRole=AXGroup → OUT: role=AXGroup title= (213ms)
[2026-06-11 11:16:02] [elementAt] IN: x=140 y=352 → OUT: role=AXGroup title= (4037ms)
[2026-06-11 11:16:03] [extractElementInfo] IN: elementRole=AXGroup → OUT: role=AXGroup title= (156ms)
[2026-06-11 11:16:03] [elementAt] IN: x=1326 y=378 → OUT: role=AXGroup title= (1039ms)
[2026-06-11 11:16:03] [extractElementInfo] IN: elementRole=AXButton → OUT: role=AXButton title= (488ms)
[2026-06-11 11:16:03] [extractElementInfo] IN: elementRole=AXButton → OUT: role=AXButton title= (867ms)
[2026-06-11 11:16:03] [extractElementInfo] IN: elementRole=AXButton → OUT: role=AXButton title= (504ms)
[2026-06-11 11:16:03] [scan] IN: scan → OUT: elements=3 (5792ms)
[2026-06-11 11:16:03] [extractElementInfo] IN: elementRole=AXGroup → OUT: role=AXGroup title= (324ms)
[2026-06-11 11:16:03] [elementAt] IN: x=1325 y=423 → OUT: role=AXGroup title= (908ms)
[2026-06-11 11:16:04] [extractElementInfo] IN: elementRole=AXGroup → OUT: role=AXGroup title= (833ms)
[2026-06-11 11:16:04] [elementAt] IN: x=1315 y=417 → OUT: role=AXGroup title= (1659ms)
[2026-06-11 11:16:04] [extractElementInfo] IN: elementRole=AXGroup → OUT: role=AXGroup title= (707ms)
[2026-06-11 11:16:04] [elementAt] IN: x=1292 y=421 → OUT: role=AXGroup title= (1770ms)
[2026-06-11 11:16:05] [extractElementInfo] IN: elementRole=AXGroup → OUT: role=AXGroup title= (334ms)
[2026-06-11 11:16:05] [elementAt] IN: x=1274 y=422 → OUT: role=AXGroup title= (833ms)
[2026-06-11 11:16:05] [extractElementInfo] IN: elementRole=AXGroup → OUT: role=AXGroup title= (533ms)
[2026-06-11 11:16:05] [elementAt] IN: x=1270 y=423 → OUT: role=AXGroup title= (1567ms)
[2026-06-11 11:16:06] [extractElementInfo] IN: elementRole=AXGroup → OUT: role=AXGroup title= (357ms)
[2026-06-11 11:16:06] [elementAt] IN: x=1270 y=423 → OUT: role=AXGroup title= (779ms)
[2026-06-11 11:16:06] [extractElementInfo] IN: elementRole=AXGroup → OUT: role=AXGroup title= (658ms)
[2026-06-11 11:16:06] [elementAt] IN: x=1270 y=423 → OUT: role=AXGroup title= (1662ms)
[2026-06-11 11:16:07] [extractElementInfo] IN: elementRole=AXGroup → OUT: role=AXGroup title= (576ms)
[2026-06-11 11:16:07] [elementAt] IN: x=963 y=395 → OUT: role=AXGroup title= (3828ms)
[2026-06-11 11:16:07] [extractElementInfo] IN: elementRole=AXGroup → OUT: role=AXGroup title= (849ms)
[2026-06-11 11:16:07] [elementAt] IN: x=265 y=443 → OUT: role=AXGroup title= (2206ms)
[2026-06-11 11:16:08] [extractElementInfo] IN: elementRole=AXGroup → OUT: role=AXGroup title= (295ms)
[2026-06-11 11:16:08] [elementAt] IN: x=144 y=372 → OUT: role=AXGroup title= (1049ms)
[2026-06-11 11:16:08] [extractElementInfo] IN: elementRole=AXButton → OUT: role=AXButton title= (181ms)
[2026-06-11 11:16:08] [extractElementInfo] IN: elementRole=AXButton → OUT: role=AXButton title= (177ms)
[2026-06-11 11:16:08] [extractElementInfo] IN: elementRole=AXButton → OUT: role=AXButton title= (162ms)
[2026-06-11 11:16:08] [scan] IN: scan → OUT: elements=3 (1761ms)
[2026-06-11 11:16:08] [extractElementInfo] IN: elementRole=AXGroup → OUT: role=AXGroup title= (146ms)
[2026-06-11 11:16:08] [elementAt] IN: x=1215 y=433 → OUT: role=AXGroup title= (402ms)
[2026-06-11 11:16:09] [extractElementInfo] IN: elementRole=AXGroup → OUT: role=AXGroup title= (363ms)
[2026-06-11 11:16:09] [elementAt] IN: x=1184 y=444 → OUT: role=AXGroup title= (885ms)
[2026-06-11 11:16:09] [extractElementInfo] IN: elementRole=AXGroup → OUT: role=AXGroup title= (668ms)
[2026-06-11 11:16:09] [elementAt] IN: x=1184 y=444 → OUT: role=AXGroup title= (1785ms)
[2026-06-11 11:16:10] [extractElementInfo] IN: elementRole=AXGroup → OUT: role=AXGroup title= (216ms)
[2026-06-11 11:16:10] [elementAt] IN: x=1535 y=1015 → OUT: role=AXGroup title= (1289ms)
[2026-06-11 11:16:10] [elementAt] IN: x=1440 y=1080 → OUT: nil (92ms)
[2026-06-11 11:16:11] [elementAt] IN: x=1440 y=1080 → OUT: nil (122ms)
[2026-06-11 11:16:11] [elementAt] IN: x=1440 y=1080 → OUT: nil (107ms)
[2026-06-11 11:16:12] [elementAt] IN: x=1440 y=1080 → OUT: nil (105ms)
[2026-06-11 11:16:12] [elementAt] IN: x=1440 y=1080 → OUT: nil (92ms)
[2026-06-11 11:16:13] [elementAt] IN: x=1440 y=1080 → OUT: nil (105ms)
[2026-06-11 11:16:13] [extractElementInfo] IN: elementRole=AXButton → OUT: role=AXButton title= (494ms)
[2026-06-11 11:16:13] [extractElementInfo] IN: elementRole=AXButton → OUT: role=AXButton title= (476ms)
[2026-06-11 11:16:13] [extractElementInfo] IN: elementRole=AXButton → OUT: role=AXButton title= (381ms)
[2026-06-11 11:16:13] [scan] IN: scan → OUT: elements=3 (5079ms)
[2026-06-11 11:16:13] [elementAt] IN: x=1440 y=1080 → OUT: nil (51ms)
[2026-06-11 11:16:14] [elementAt] IN: x=1440 y=1080 → OUT: nil (115ms)
[2026-06-11 11:16:14] [elementAt] IN: x=1440 y=1080 → OUT: nil (97ms)
[2026-06-11 11:16:15] [elementAt] IN: x=1440 y=1080 → OUT: nil (69ms)
[2026-06-11 11:16:15] [elementAt] IN: x=1440 y=1080 → OUT: nil (102ms)
[2026-06-11 11:16:16] [elementAt] IN: x=1440 y=1080 → OUT: nil (104ms)
[2026-06-11 11:16:16] [elementAt] IN: x=1440 y=1080 → OUT: nil (101ms)
[2026-06-11 11:16:17] [elementAt] IN: x=1440 y=1080 → OUT: nil (102ms)
[2026-06-11 11:16:17] [elementAt] IN: x=1440 y=1080 → OUT: nil (73ms)
[2026-06-11 11:16:18] [elementAt] IN: x=1440 y=1080 → OUT: nil (70ms)
[2026-06-11 11:16:18] [extractElementInfo] IN: elementRole=AXButton → OUT: role=AXButton title= (507ms)
[2026-06-11 11:16:18] [extractElementInfo] IN: elementRole=AXButton → OUT: role=AXButton title= (397ms)
[2026-06-11 11:16:18] [extractElementInfo] IN: elementRole=AXButton → OUT: role=AXButton title= (424ms)
[2026-06-11 11:16:18] [scan] IN: scan → OUT: elements=3 (4984ms)
[2026-06-11 11:16:18] [elementAt] IN: x=1440 y=1080 → OUT: nil (48ms)
[2026-06-11 11:16:19] [elementAt] IN: x=1440 y=1080 → OUT: nil (82ms)
[2026-06-11 11:16:19] [elementAt] IN: x=1440 y=1080 → OUT: nil (102ms)
[2026-06-11 11:16:20] [elementAt] IN: x=1440 y=1080 → OUT: nil (104ms)
[2026-06-11 11:16:20] [elementAt] IN: x=1440 y=1080 → OUT: nil (103ms)
[2026-06-11 11:16:21] [elementAt] IN: x=1440 y=1080 → OUT: nil (92ms)
[2026-06-11 11:16:21] [elementAt] IN: x=1440 y=1080 → OUT: nil (100ms)
[2026-06-11 11:16:22] [elementAt] IN: x=1440 y=1080 → OUT: nil (105ms)
[2026-06-11 11:16:22] [elementAt] IN: x=1440 y=1080 → OUT: nil (107ms)
[2026-06-11 11:16:23] [elementAt] IN: x=1440 y=1080 → OUT: nil (100ms)
[2026-06-11 11:16:23] [extractElementInfo] IN: elementRole=AXButton → OUT: role=AXButton title= (462ms)
[2026-06-11 11:16:23] [extractElementInfo] IN: elementRole=AXButton → OUT: role=AXButton title= (420ms)
[2026-06-11 11:16:23] [extractElementInfo] IN: elementRole=AXButton → OUT: role=AXButton title= (384ms)
[2026-06-11 11:16:23] [scan] IN: scan → OUT: elements=3 (4845ms)
[2026-06-11 11:16:23] [elementAt] IN: x=1440 y=1080 → OUT: nil (43ms)
[2026-06-11 11:16:24] [elementAt] IN: x=1440 y=1080 → OUT: nil (101ms)
[2026-06-11 11:16:24] [elementAt] IN: x=1440 y=1080 → OUT: nil (108ms)
[2026-06-11 11:16:25] [elementAt] IN: x=1440 y=1080 → OUT: nil (108ms)
[2026-06-11 11:16:25] [elementAt] IN: x=1440 y=1080 → OUT: nil (115ms)
[2026-06-11 11:16:26] [elementAt] IN: x=1440 y=1080 → OUT: nil (113ms)
[2026-06-11 11:16:26] [elementAt] IN: x=1440 y=1080 → OUT: nil (113ms)
[2026-06-11 11:16:27] [elementAt] IN: x=1440 y=1080 → OUT: nil (123ms)
[2026-06-11 11:16:27] [elementAt] IN: x=1440 y=1080 → OUT: nil (110ms)
[2026-06-11 11:16:28] [elementAt] IN: x=1440 y=1080 → OUT: nil (76ms)
[2026-06-11 11:16:28] [extractElementInfo] IN: elementRole=AXButton → OUT: role=AXButton title= (615ms)
[2026-06-11 11:16:28] [extractElementInfo] IN: elementRole=AXButton → OUT: role=AXButton title= (450ms)
[2026-06-11 11:16:28] [extractElementInfo] IN: elementRole=AXButton → OUT: role=AXButton title= (453ms)
[2026-06-11 11:16:28] [scan] IN: scan → OUT: elements=3 (6774ms)
[2026-06-11 11:16:28] [elementAt] IN: x=1440 y=1080 → OUT: nil (56ms)
[2026-06-11 11:16:29] [elementAt] IN: x=1440 y=1080 → OUT: nil (113ms)
[2026-06-11 11:16:29] [elementAt] IN: x=1440 y=1080 → OUT: nil (98ms)
[2026-06-11 11:16:30] [elementAt] IN: x=1440 y=1080 → OUT: nil (138ms)
[2026-06-11 11:16:30] [elementAt] IN: x=1440 y=1080 → OUT: nil (102ms)
[2026-06-11 11:16:31] [elementAt] IN: x=1440 y=1080 → OUT: nil (109ms)
[2026-06-11 11:16:31] [elementAt] IN: x=1440 y=1080 → OUT: nil (108ms)
[2026-06-11 11:16:32] [elementAt] IN: x=1440 y=1080 → OUT: nil (91ms)
[2026-06-11 11:16:32] [elementAt] IN: x=1440 y=1080 → OUT: nil (101ms)
[2026-06-11 11:16:33] [elementAt] IN: x=1440 y=1080 → OUT: nil (120ms)
[2026-06-11 11:16:33] [extractElementInfo] IN: elementRole=AXButton → OUT: role=AXButton title= (571ms)
[2026-06-11 11:16:33] [extractElementInfo] IN: elementRole=AXButton → OUT: role=AXButton title= (456ms)
[2026-06-11 11:16:33] [extractElementInfo] IN: elementRole=AXButton → OUT: role=AXButton title= (364ms)
[2026-06-11 11:16:33] [scan] IN: scan → OUT: elements=3 (5605ms)
[2026-06-11 11:16:33] [elementAt] IN: x=1440 y=1080 → OUT: nil (58ms)
[2026-06-11 11:16:34] [elementAt] IN: x=1440 y=1080 → OUT: nil (119ms)
[2026-06-11 11:16:34] [elementAt] IN: x=1440 y=1080 → OUT: nil (101ms)
[2026-06-11 11:16:35] [elementAt] IN: x=1440 y=1080 → OUT: nil (102ms)
[2026-06-11 11:16:35] [elementAt] IN: x=1440 y=1080 → OUT: nil (115ms)
[2026-06-11 11:16:36] [elementAt] IN: x=1440 y=1080 → OUT: nil (110ms)
[2026-06-11 11:16:36] [elementAt] IN: x=1440 y=1080 → OUT: nil (93ms)
[2026-06-11 11:16:37] [elementAt] IN: x=1440 y=1080 → OUT: nil (64ms)
[2026-06-11 11:16:37] [elementAt] IN: x=1440 y=1080 → OUT: nil (108ms)
[2026-06-11 11:16:38] [elementAt] IN: x=1440 y=1080 → OUT: nil (115ms)
[2026-06-11 11:16:38] [extractElementInfo] IN: elementRole=AXButton → OUT: role=AXButton title= (718ms)
[2026-06-11 11:16:38] [extractElementInfo] IN: elementRole=AXButton → OUT: role=AXButton title= (621ms)
[2026-06-11 11:16:38] [extractElementInfo] IN: elementRole=AXButton → OUT: role=AXButton title= (654ms)
[2026-06-11 11:16:38] [scan] IN: scan → OUT: elements=3 (6289ms)
[2026-06-11 11:16:38] [elementAt] IN: x=1440 y=1080 → OUT: nil (47ms)
[2026-06-11 11:16:39] [elementAt] IN: x=1440 y=1080 → OUT: nil (1785ms)
[2026-06-11 11:16:39] [elementAt] IN: x=1440 y=1080 → OUT: nil (75ms)
[2026-06-11 11:16:40] [elementAt] IN: x=1440 y=1080 → OUT: nil (117ms)
[2026-06-11 11:16:40] [elementAt] IN: x=1440 y=1080 → OUT: nil (113ms)
[2026-06-11 11:16:41] [elementAt] IN: x=1440 y=1080 → OUT: nil (123ms)
[2026-06-11 11:16:41] [elementAt] IN: x=1440 y=1080 → OUT: nil (102ms)
[2026-06-11 11:16:42] [elementAt] IN: x=1440 y=1080 → OUT: nil (96ms)
[2026-06-11 11:16:42] [elementAt] IN: x=1440 y=1080 → OUT: nil (100ms)
[2026-06-11 11:16:43] [elementAt] IN: x=1440 y=1080 → OUT: nil (107ms)
[2026-06-11 11:16:43] [extractElementInfo] IN: elementRole=AXButton → OUT: role=AXButton title= (695ms)
[2026-06-11 11:16:43] [extractElementInfo] IN: elementRole=AXButton → OUT: role=AXButton title= (712ms)
[2026-06-11 11:16:43] [extractElementInfo] IN: elementRole=AXButton → OUT: role=AXButton title= (234ms)
[2026-06-11 11:16:43] [scan] IN: scan → OUT: elements=3 (5132ms)
[2026-06-11 11:16:43] [elementAt] IN: x=1440 y=1080 → OUT: nil (43ms)
[2026-06-11 11:16:44] [elementAt] IN: x=1440 y=1080 → OUT: nil (100ms)
[2026-06-11 11:16:44] [elementAt] IN: x=1440 y=1080 → OUT: nil (109ms)
[2026-06-11 11:16:45] [elementAt] IN: x=1440 y=1080 → OUT: nil (102ms)
[2026-06-11 11:16:45] [elementAt] IN: x=1440 y=1080 → OUT: nil (103ms)
[2026-06-11 11:16:46] [elementAt] IN: x=1440 y=1080 → OUT: nil (100ms)
[2026-06-11 11:16:46] [elementAt] IN: x=1440 y=1080 → OUT: nil (110ms)
[2026-06-11 11:16:47] [elementAt] IN: x=1440 y=1080 → OUT: nil (110ms)
[2026-06-11 11:16:47] [elementAt] IN: x=1440 y=1080 → OUT: nil (120ms)
[2026-06-11 11:16:48] [elementAt] IN: x=1440 y=1080 → OUT: nil (103ms)
[2026-06-11 11:16:48] [extractElementInfo] IN: elementRole=AXButton → OUT: role=AXButton title= (710ms)
[2026-06-11 11:16:48] [extractElementInfo] IN: elementRole=AXButton → OUT: role=AXButton title= (648ms)
[2026-06-11 11:16:48] [extractElementInfo] IN: elementRole=AXButton → OUT: role=AXButton title= (241ms)
[2026-06-11 11:16:48] [scan] IN: scan → OUT: elements=3 (5072ms)
[2026-06-11 11:16:48] [elementAt] IN: x=1440 y=1080 → OUT: nil (38ms)
[2026-06-11 11:16:49] [elementAt] IN: x=1440 y=1080 → OUT: nil (98ms)
[2026-06-11 11:16:49] [elementAt] IN: x=1440 y=1080 → OUT: nil (100ms)
[2026-06-11 11:16:50] [elementAt] IN: x=1440 y=1080 → OUT: nil (92ms)
[2026-06-11 11:16:50] [elementAt] IN: x=1440 y=1080 → OUT: nil (101ms)
[2026-06-11 11:16:51] [elementAt] IN: x=1440 y=1080 → OUT: nil (107ms)
[2026-06-11 11:16:51] [extractElementInfo] IN: elementRole=AXStaticText → OUT: role=AXStaticText title= (303ms)
[2026-06-11 11:16:51] [elementAt] IN: x=460 y=339 → OUT: role=AXStaticText title= (1696ms)
[2026-06-11 11:16:52] [extractElementInfo] IN: elementRole=AXGroup → OUT: role=AXGroup title= (383ms)
[2026-06-11 11:16:52] [elementAt] IN: x=196 y=342 → OUT: role=AXGroup title= (1150ms)
[2026-06-11 11:16:52] [extractElementInfo] IN: elementRole=AXGroup → OUT: role=AXGroup title= (719ms)
[2026-06-11 11:16:52] [elementAt] IN: x=181 y=376 → OUT: role=AXGroup title= (1907ms)
[2026-06-11 11:16:53] [extractElementInfo] IN: elementRole=AXGroup → OUT: role=AXGroup title= (257ms)
[2026-06-11 11:16:53] [elementAt] IN: x=177 y=397 → OUT: role=AXGroup title= (1035ms)
[2026-06-11 11:16:53] [extractElementInfo] IN: elementRole=AXButton → OUT: role=AXButton title= (338ms)
[2026-06-11 11:16:53] [extractElementInfo] IN: elementRole=AXButton → OUT: role=AXButton title= (323ms)
[2026-06-11 11:16:53] [extractElementInfo] IN: elementRole=AXButton → OUT: role=AXButton title= (266ms)
[2026-06-11 11:16:53] [scan] IN: scan → OUT: elements=3 (4106ms)
[2026-06-11 11:16:53] [extractElementInfo] IN: elementRole=AXGroup → OUT: role=AXGroup title= (277ms)
[2026-06-11 11:16:53] [elementAt] IN: x=177 y=397 → OUT: role=AXGroup title= (759ms)
[2026-06-11 11:16:54] [extractElementInfo] IN: elementRole=AXGroup → OUT: role=AXGroup title= (241ms)
[2026-06-11 11:16:54] [elementAt] IN: x=1205 y=332 → OUT: role=AXGroup title= (2735ms)
[2026-06-11 11:16:54] [extractElementInfo] IN: elementRole=AXGroup → OUT: role=AXGroup title= (334ms)
[2026-06-11 11:16:54] [elementAt] IN: x=1335 y=300 → OUT: role=AXGroup title= (945ms)
[2026-06-11 11:16:55] [extractElementInfo] IN: elementRole=AXGroup → OUT: role=AXGroup title= (339ms)
[2026-06-11 11:16:55] [elementAt] IN: x=1320 y=305 → OUT: role=AXGroup title= (3174ms)
[2026-06-11 11:16:55] [extractElementInfo] IN: elementRole=AXGroup → OUT: role=AXGroup title= (658ms)
[2026-06-11 11:16:55] [elementAt] IN: x=1320 y=305 → OUT: role=AXGroup title= (1751ms)
[2026-06-11 11:16:56] [extractElementInfo] IN: elementRole=AXGroup → OUT: role=AXGroup title= (738ms)
[2026-06-11 11:16:56] [elementAt] IN: x=1320 y=305 → OUT: role=AXGroup title= (5455ms)
[2026-06-11 11:16:56] [extractElementInfo] IN: elementRole=AXGroup → OUT: role=AXGroup title= (225ms)
[2026-06-11 11:16:56] [elementAt] IN: x=939 y=222 → OUT: role=AXGroup title= (933ms)
[2026-06-11 11:16:57] [extractElementInfo] IN: elementRole=AXGroup → OUT: role=AXGroup title= (313ms)
[2026-06-11 11:16:57] [elementAt] IN: x=711 y=331 → OUT: role=AXGroup title= (1978ms)
[2026-06-11 11:16:57] [extractElementInfo] IN: elementRole=AXGroup → OUT: role=AXGroup title= (593ms)
[2026-06-11 11:16:57] [elementAt] IN: x=708 y=348 → OUT: role=AXGroup title= (4107ms)
[2026-06-11 11:16:58] [extractElementInfo] IN: elementRole=AXStaticText → OUT: role=AXStaticText title= (692ms)
[2026-06-11 11:16:58] [elementAt] IN: x=571 y=150 → OUT: role=AXStaticText title= (1963ms)
[2026-06-11 11:16:58] [extractElementInfo] IN: elementRole=AXButton → OUT: role=AXButton title= (448ms)
[2026-06-11 11:16:58] [extractElementInfo] IN: elementRole=AXButton → OUT: role=AXButton title= (658ms)
[2026-06-11 11:16:58] [extractElementInfo] IN: elementRole=AXButton → OUT: role=AXButton title= (529ms)
[2026-06-11 11:16:58] [scan] IN: scan → OUT: elements=3 (7426ms)
[2026-06-11 11:16:58] [extractElementInfo] IN: elementRole=AXGroup → OUT: role=AXGroup title= (344ms)
[2026-06-11 11:16:58] [elementAt] IN: x=563 y=172 → OUT: role=AXGroup title= (843ms)
[2026-06-11 11:16:59] [extractElementInfo] IN: elementRole=AXStaticText → OUT: role=AXStaticText title= (687ms)
[2026-06-11 11:16:59] [elementAt] IN: x=563 y=172 → OUT: role=AXStaticText title= (1801ms)
[2026-06-11 11:16:59] [extractElementInfo] IN: elementRole=AXStaticText → OUT: role=AXStaticText title= (684ms)
[2026-06-11 11:16:59] [elementAt] IN: x=563 y=172 → OUT: role=AXStaticText title= (1764ms)
[2026-06-11 11:17:00] [extractElementInfo] IN: elementRole=AXStaticText → OUT: role=AXStaticText title= (682ms)
[2026-06-11 11:17:00] [elementAt] IN: x=563 y=172 → OUT: role=AXStaticText title= (1713ms)
[2026-06-11 11:17:00] [extractElementInfo] IN: elementRole=AXStaticText → OUT: role=AXStaticText title= (488ms)
[2026-06-11 11:17:00] [elementAt] IN: x=563 y=172 → OUT: role=AXStaticText title= (1518ms)
[2026-06-11 11:17:01] [extractElementInfo] IN: elementRole=AXStaticText → OUT: role=AXStaticText title= (568ms)
[2026-06-11 11:17:01] [elementAt] IN: x=563 y=172 → OUT: role=AXStaticText title= (1335ms)
[2026-06-11 11:17:01] [extractElementInfo] IN: elementRole=AXStaticText → OUT: role=AXStaticText title= (674ms)
[2026-06-11 11:17:01] [elementAt] IN: x=563 y=172 → OUT: role=AXStaticText title= (1730ms)
[2026-06-11 11:17:02] [extractElementInfo] IN: elementRole=AXStaticText → OUT: role=AXStaticText title= (437ms)
[2026-06-11 11:17:02] [elementAt] IN: x=563 y=172 → OUT: role=AXStaticText title= (3841ms)
[2026-06-11 11:17:02] [extractElementInfo] IN: elementRole=AXStaticText → OUT: role=AXStaticText title= (346ms)
[2026-06-11 11:17:02] [elementAt] IN: x=563 y=172 → OUT: role=AXStaticText title= (904ms)
[2026-06-11 11:17:03] [extractElementInfo] IN: elementRole=AXStaticText → OUT: role=AXStaticText title= (668ms)
[2026-06-11 11:17:03] [elementAt] IN: x=563 y=172 → OUT: role=AXStaticText title= (1652ms)
[2026-06-11 11:17:03] [extractElementInfo] IN: elementRole=AXButton → OUT: role=AXButton title= (468ms)
[2026-06-11 11:17:03] [extractElementInfo] IN: elementRole=AXButton → OUT: role=AXButton title= (426ms)
[2026-06-11 11:17:03] [extractElementInfo] IN: elementRole=AXButton → OUT: role=AXButton title= (465ms)
[2026-06-11 11:17:03] [scan] IN: scan → OUT: elements=3 (5018ms)
[2026-06-11 11:17:03] [extractElementInfo] IN: elementRole=AXStaticText → OUT: role=AXStaticText title= (293ms)
[2026-06-11 11:17:03] [elementAt] IN: x=563 y=172 → OUT: role=AXStaticText title= (775ms)
[2026-06-11 11:17:04] [extractElementInfo] IN: elementRole=AXStaticText → OUT: role=AXStaticText title= (393ms)
[2026-06-11 11:17:04] [elementAt] IN: x=563 y=172 → OUT: role=AXStaticText title= (21281ms)
[2026-06-11 11:17:04] [extractElementInfo] IN: elementRole=AXStaticText → OUT: role=AXStaticText title= (615ms)
[2026-06-11 11:17:04] [elementAt] IN: x=563 y=172 → OUT: role=AXStaticText title= (1793ms)
[2026-06-11 11:17:05] [extractElementInfo] IN: elementRole=AXStaticText → OUT: role=AXStaticText title= (648ms)
[2026-06-11 11:17:05] [elementAt] IN: x=563 y=172 → OUT: role=AXStaticText title= (1662ms)
[2026-06-11 11:17:05] [extractElementInfo] IN: elementRole=AXStaticText → OUT: role=AXStaticText title= (169ms)
[2026-06-11 11:17:05] [elementAt] IN: x=563 y=172 → OUT: role=AXStaticText title= (622ms)
[2026-06-11 11:17:06] [extractElementInfo] IN: elementRole=AXStaticText → OUT: role=AXStaticText title= (677ms)
[2026-06-11 11:17:06] [elementAt] IN: x=563 y=172 → OUT: role=AXStaticText title= (1690ms)
[2026-06-11 11:17:06] [extractElementInfo] IN: elementRole=AXStaticText → OUT: role=AXStaticText title= (690ms)
[2026-06-11 11:17:06] [elementAt] IN: x=563 y=172 → OUT: role=AXStaticText title= (1760ms)
[2026-06-11 11:17:07] [extractElementInfo] IN: elementRole=AXStaticText → OUT: role=AXStaticText title= (301ms)
[2026-06-11 11:17:07] [elementAt] IN: x=563 y=172 → OUT: role=AXStaticText title= (11327ms)
[2026-06-11 11:17:07] [extractElementInfo] IN: elementRole=AXStaticText → OUT: role=AXStaticText title= (448ms)
[2026-06-11 11:17:07] [elementAt] IN: x=563 y=172 → OUT: role=AXStaticText title= (1161ms)
[2026-06-11 11:17:08] [extractElementInfo] IN: elementRole=AXStaticText → OUT: role=AXStaticText title= (653ms)
[2026-06-11 11:17:08] [elementAt] IN: x=563 y=172 → OUT: role=AXStaticText title= (1896ms)
[2026-06-11 11:17:08] [extractElementInfo] IN: elementRole=AXButton → OUT: role=AXButton title= (481ms)
[2026-06-11 11:17:08] [extractElementInfo] IN: elementRole=AXButton → OUT: role=AXButton title= (424ms)
[2026-06-11 11:17:08] [extractElementInfo] IN: elementRole=AXButton → OUT: role=AXButton title= (435ms)
[2026-06-11 11:17:08] [scan] IN: scan → OUT: elements=3 (5050ms)
[2026-06-11 11:17:08] [extractElementInfo] IN: elementRole=AXStaticText → OUT: role=AXStaticText title= (301ms)
[2026-06-11 11:17:08] [elementAt] IN: x=563 y=172 → OUT: role=AXStaticText title= (796ms)
[2026-06-11 11:17:09] [extractElementInfo] IN: elementRole=AXStaticText → OUT: role=AXStaticText title= (707ms)
[2026-06-11 11:17:09] [elementAt] IN: x=563 y=172 → OUT: role=AXStaticText title= (1798ms)
[2026-06-11 11:17:09] [extractElementInfo] IN: elementRole=AXStaticText → OUT: role=AXStaticText title= (733ms)
[2026-06-11 11:17:09] [elementAt] IN: x=563 y=172 → OUT: role=AXStaticText title= (1775ms)
[2026-06-11 11:17:10] [extractElementInfo] IN: elementRole=AXStaticText → OUT: role=AXStaticText title= (690ms)
[2026-06-11 11:17:10] [elementAt] IN: x=563 y=172 → OUT: role=AXStaticText title= (1726ms)
[2026-06-11 11:17:10] [extractElementInfo] IN: elementRole=AXStaticText → OUT: role=AXStaticText title= (725ms)
[2026-06-11 11:17:10] [elementAt] IN: x=563 y=172 → OUT: role=AXStaticText title= (1825ms)
[2026-06-11 11:17:11] [extractElementInfo] IN: elementRole=AXStaticText → OUT: role=AXStaticText title= (581ms)
[2026-06-11 11:17:11] [elementAt] IN: x=563 y=172 → OUT: role=AXStaticText title= (1468ms)
[2026-06-11 11:17:11] [extractElementInfo] IN: elementRole=AXStaticText → OUT: role=AXStaticText title= (735ms)
[2026-06-11 11:17:11] [elementAt] IN: x=563 y=172 → OUT: role=AXStaticText title= (1728ms)
[2026-06-11 11:17:12] [extractElementInfo] IN: elementRole=AXStaticText → OUT: role=AXStaticText title= (628ms)
[2026-06-11 11:17:12] [elementAt] IN: x=563 y=172 → OUT: role=AXStaticText title= (1525ms)
[2026-06-11 11:17:12] [extractElementInfo] IN: elementRole=AXStaticText → OUT: role=AXStaticText title= (672ms)
[2026-06-11 11:17:12] [elementAt] IN: x=563 y=172 → OUT: role=AXStaticText title= (1724ms)
[2026-06-11 11:17:13] [extractElementInfo] IN: elementRole=AXStaticText → OUT: role=AXStaticText title= (488ms)
[2026-06-11 11:17:13] [elementAt] IN: x=563 y=172 → OUT: role=AXStaticText title= (1379ms)
[2026-06-11 11:17:13] [extractElementInfo] IN: elementRole=AXButton → OUT: role=AXButton title= (527ms)
[2026-06-11 11:17:13] [extractElementInfo] IN: elementRole=AXButton → OUT: role=AXButton title= (473ms)
[2026-06-11 11:17:13] [extractElementInfo] IN: elementRole=AXButton → OUT: role=AXButton title= (371ms)
[2026-06-11 11:17:13] [scan] IN: scan → OUT: elements=3 (4907ms)
[2026-06-11 11:17:13] [extractElementInfo] IN: elementRole=AXStaticText → OUT: role=AXStaticText title= (339ms)
[2026-06-11 11:17:13] [elementAt] IN: x=563 y=172 → OUT: role=AXStaticText title= (859ms)
[2026-06-11 11:17:14] [extractElementInfo] IN: elementRole=AXStaticText → OUT: role=AXStaticText title= (677ms)
[2026-06-11 11:17:14] [elementAt] IN: x=563 y=172 → OUT: role=AXStaticText title= (1667ms)
[2026-06-11 11:17:14] [extractElementInfo] IN: elementRole=AXStaticText → OUT: role=AXStaticText title= (455ms)
[2026-06-11 11:17:14] [elementAt] IN: x=563 y=172 → OUT: role=AXStaticText title= (1217ms)
[2026-06-11 11:17:15] [extractElementInfo] IN: elementRole=AXStaticText → OUT: role=AXStaticText title= (445ms)
[2026-06-11 11:17:15] [elementAt] IN: x=563 y=172 → OUT: role=AXStaticText title= (1106ms)
[2026-06-11 11:17:15] [extractElementInfo] IN: elementRole=AXStaticText → OUT: role=AXStaticText title= (704ms)
[2026-06-11 11:17:15] [elementAt] IN: x=563 y=172 → OUT: role=AXStaticText title= (1760ms)
[2026-06-11 11:17:16] [extractElementInfo] IN: elementRole=AXStaticText → OUT: role=AXStaticText title= (692ms)
[2026-06-11 11:17:16] [elementAt] IN: x=563 y=172 → OUT: role=AXStaticText title= (1747ms)
[2026-06-11 11:17:16] [extractElementInfo] IN: elementRole=AXStaticText → OUT: role=AXStaticText title= (887ms)
[2026-06-11 11:17:16] [elementAt] IN: x=563 y=172 → OUT: role=AXStaticText title= (1997ms)
[2026-06-11 11:17:17] [extractElementInfo] IN: elementRole=AXStaticText → OUT: role=AXStaticText title= (698ms)
[2026-06-11 11:17:17] [elementAt] IN: x=563 y=172 → OUT: role=AXStaticText title= (1795ms)
[2026-06-11 11:17:17] [extractElementInfo] IN: elementRole=AXStaticText → OUT: role=AXStaticText title= (604ms)
[2026-06-11 11:17:17] [elementAt] IN: x=563 y=172 → OUT: role=AXStaticText title= (4336ms)
[2026-06-11 11:17:18] [extractElementInfo] IN: elementRole=AXStaticText → OUT: role=AXStaticText title= (398ms)
[2026-06-11 11:17:18] [elementAt] IN: x=563 y=172 → OUT: role=AXStaticText title= (3515ms)
[2026-06-11 11:17:18] [extractElementInfo] IN: elementRole=AXButton → OUT: role=AXButton title= (467ms)
[2026-06-11 11:17:18] [extractElementInfo] IN: elementRole=AXButton → OUT: role=AXButton title= (408ms)
[2026-06-11 11:17:18] [extractElementInfo] IN: elementRole=AXButton → OUT: role=AXButton title= (373ms)
[2026-06-11 11:17:18] [scan] IN: scan → OUT: elements=3 (4710ms)
[2026-06-11 11:17:18] [extractElementInfo] IN: elementRole=AXStaticText → OUT: role=AXStaticText title= (287ms)
[2026-06-11 11:17:18] [elementAt] IN: x=563 y=172 → OUT: role=AXStaticText title= (769ms)
[2026-06-11 11:17:19] [extractElementInfo] IN: elementRole=AXStaticText → OUT: role=AXStaticText title= (307ms)
[2026-06-11 11:17:19] [elementAt] IN: x=563 y=172 → OUT: role=AXStaticText title= (855ms)
[2026-06-11 11:17:19] [extractElementInfo] IN: elementRole=AXStaticText → OUT: role=AXStaticText title= (335ms)
[2026-06-11 11:17:19] [elementAt] IN: x=563 y=172 → OUT: role=AXStaticText title= (877ms)
[2026-06-11 11:17:20] [extractElementInfo] IN: elementRole=AXStaticText → OUT: role=AXStaticText title= (706ms)
[2026-06-11 11:17:20] [elementAt] IN: x=563 y=172 → OUT: role=AXStaticText title= (1715ms)
[2026-06-11 11:17:20] [extractElementInfo] IN: elementRole=AXStaticText → OUT: role=AXStaticText title= (697ms)
[2026-06-11 11:17:20] [elementAt] IN: x=563 y=172 → OUT: role=AXStaticText title= (1788ms)
[2026-06-11 11:17:21] [extractElementInfo] IN: elementRole=AXStaticText → OUT: role=AXStaticText title= (370ms)
[2026-06-11 11:17:21] [elementAt] IN: x=563 y=172 → OUT: role=AXStaticText title= (1013ms)
[2026-06-11 11:17:21] [extractElementInfo] IN: elementRole=AXStaticText → OUT: role=AXStaticText title= (666ms)
[2026-06-11 11:17:21] [elementAt] IN: x=563 y=172 → OUT: role=AXStaticText title= (1721ms)
[2026-06-11 11:17:22] [extractElementInfo] IN: elementRole=AXStaticText → OUT: role=AXStaticText title= (730ms)
[2026-06-11 11:17:22] [elementAt] IN: x=563 y=172 → OUT: role=AXStaticText title= (1867ms)
[2026-06-11 11:17:22] [extractElementInfo] IN: elementRole=AXStaticText → OUT: role=AXStaticText title= (661ms)
[2026-06-11 11:17:22] [elementAt] IN: x=563 y=172 → OUT: role=AXStaticText title= (1695ms)
[2026-06-11 11:17:23] [extractElementInfo] IN: elementRole=AXStaticText → OUT: role=AXStaticText title= (676ms)
[2026-06-11 11:17:23] [elementAt] IN: x=563 y=172 → OUT: role=AXStaticText title= (1780ms)
[2026-06-11 11:17:23] [extractElementInfo] IN: elementRole=AXButton → OUT: role=AXButton title= (369ms)
[2026-06-11 11:17:23] [extractElementInfo] IN: elementRole=AXButton → OUT: role=AXButton title= (447ms)
[2026-06-11 11:17:23] [extractElementInfo] IN: elementRole=AXButton → OUT: role=AXButton title= (386ms)
[2026-06-11 11:17:23] [scan] IN: scan → OUT: elements=3 (5985ms)
[2026-06-11 11:17:23] [extractElementInfo] IN: elementRole=AXStaticText → OUT: role=AXStaticText title= (319ms)
[2026-06-11 11:17:23] [elementAt] IN: x=563 y=172 → OUT: role=AXStaticText title= (792ms)
[2026-06-11 11:17:24] [extractElementInfo] IN: elementRole=AXStaticText → OUT: role=AXStaticText title= (277ms)
[2026-06-11 11:17:24] [elementAt] IN: x=563 y=172 → OUT: role=AXStaticText title= (800ms)
[2026-06-11 11:17:24] [extractElementInfo] IN: elementRole=AXStaticText → OUT: role=AXStaticText title= (688ms)
[2026-06-11 11:17:24] [elementAt] IN: x=563 y=172 → OUT: role=AXStaticText title= (1752ms)
[2026-06-11 11:17:25] [extractElementInfo] IN: elementRole=AXStaticText → OUT: role=AXStaticText title= (682ms)
[2026-06-11 11:17:25] [elementAt] IN: x=563 y=172 → OUT: role=AXStaticText title= (1805ms)
[2026-06-11 11:17:25] [extractElementInfo] IN: elementRole=AXStaticText → OUT: role=AXStaticText title= (306ms)
[2026-06-11 11:17:25] [elementAt] IN: x=563 y=172 → OUT: role=AXStaticText title= (948ms)
[2026-06-11 11:17:26] [extractElementInfo] IN: elementRole=AXStaticText → OUT: role=AXStaticText title= (378ms)
[2026-06-11 11:17:26] [elementAt] IN: x=563 y=172 → OUT: role=AXStaticText title= (15685ms)
[2026-06-11 11:17:26] [extractElementInfo] IN: elementRole=AXStaticText → OUT: role=AXStaticText title= (681ms)
[2026-06-11 11:17:26] [elementAt] IN: x=563 y=172 → OUT: role=AXStaticText title= (1689ms)
[2026-06-11 11:17:27] [extractElementInfo] IN: elementRole=AXStaticText → OUT: role=AXStaticText title= (287ms)
[2026-06-11 11:17:27] [elementAt] IN: x=563 y=172 → OUT: role=AXStaticText title= (21718ms)
[2026-06-11 11:17:27] [extractElementInfo] IN: elementRole=AXStaticText → OUT: role=AXStaticText title= (395ms)
[2026-06-11 11:17:27] [elementAt] IN: x=563 y=172 → OUT: role=AXStaticText title= (1109ms)
[2026-06-11 11:17:28] [extractElementInfo] IN: elementRole=AXStaticText → OUT: role=AXStaticText title= (679ms)
[2026-06-11 11:17:28] [elementAt] IN: x=563 y=172 → OUT: role=AXStaticText title= (1716ms)
[2026-06-11 11:17:28] [extractElementInfo] IN: elementRole=AXButton → OUT: role=AXButton title= (463ms)
[2026-06-11 11:17:28] [extractElementInfo] IN: elementRole=AXButton → OUT: role=AXButton title= (429ms)
[2026-06-11 11:17:28] [extractElementInfo] IN: elementRole=AXButton → OUT: role=AXButton title= (393ms)
[2026-06-11 11:17:28] [scan] IN: scan → OUT: elements=3 (4778ms)
[2026-06-11 11:17:28] [extractElementInfo] IN: elementRole=AXStaticText → OUT: role=AXStaticText title= (299ms)
[2026-06-11 11:17:28] [elementAt] IN: x=563 y=172 → OUT: role=AXStaticText title= (769ms)
[2026-06-11 11:17:29] [extractElementInfo] IN: elementRole=AXStaticText → OUT: role=AXStaticText title= (680ms)
[2026-06-11 11:17:29] [elementAt] IN: x=563 y=172 → OUT: role=AXStaticText title= (1791ms)
[2026-06-11 11:17:29] [extractElementInfo] IN: elementRole=AXStaticText → OUT: role=AXStaticText title= (687ms)
[2026-06-11 11:17:29] [elementAt] IN: x=563 y=172 → OUT: role=AXStaticText title= (1752ms)
[2026-06-11 11:17:30] [extractElementInfo] IN: elementRole=AXStaticText → OUT: role=AXStaticText title= (664ms)
[2026-06-11 11:17:30] [elementAt] IN: x=563 y=172 → OUT: role=AXStaticText title= (1775ms)
[2026-06-11 11:17:30] [extractElementInfo] IN: elementRole=AXStaticText → OUT: role=AXStaticText title= (633ms)
[2026-06-11 11:17:30] [elementAt] IN: x=563 y=172 → OUT: role=AXStaticText title= (2372ms)
[2026-06-11 11:17:31] [extractElementInfo] IN: elementRole=AXStaticText → OUT: role=AXStaticText title= (407ms)
[2026-06-11 11:17:31] [elementAt] IN: x=563 y=172 → OUT: role=AXStaticText title= (954ms)
[2026-06-11 11:17:31] [extractElementInfo] IN: elementRole=AXStaticText → OUT: role=AXStaticText title= (697ms)
[2026-06-11 11:17:31] [elementAt] IN: x=563 y=172 → OUT: role=AXStaticText title= (1778ms)
[2026-06-11 11:17:32] [extractElementInfo] IN: elementRole=AXStaticText → OUT: role=AXStaticText title= (372ms)
[2026-06-11 11:17:32] [elementAt] IN: x=563 y=172 → OUT: role=AXStaticText title= (1044ms)
[2026-06-11 11:17:32] [extractElementInfo] IN: elementRole=AXStaticText → OUT: role=AXStaticText title= (483ms)
[2026-06-11 11:17:32] [elementAt] IN: x=563 y=172 → OUT: role=AXStaticText title= (6992ms)
[2026-06-11 11:17:33] [extractElementInfo] IN: elementRole=AXStaticText → OUT: role=AXStaticText title= (710ms)
[2026-06-11 11:17:33] [elementAt] IN: x=563 y=172 → OUT: role=AXStaticText title= (1842ms)
[2026-06-11 11:17:33] [extractElementInfo] IN: elementRole=AXButton → OUT: role=AXButton title= (463ms)
[2026-06-11 11:17:33] [extractElementInfo] IN: elementRole=AXButton → OUT: role=AXButton title= (422ms)
[2026-06-11 11:17:33] [extractElementInfo] IN: elementRole=AXButton → OUT: role=AXButton title= (407ms)
[2026-06-11 11:17:33] [scan] IN: scan → OUT: elements=3 (4617ms)
[2026-06-11 11:17:33] [extractElementInfo] IN: elementRole=AXStaticText → OUT: role=AXStaticText title= (290ms)
[2026-06-11 11:17:33] [elementAt] IN: x=563 y=172 → OUT: role=AXStaticText title= (742ms)
[2026-06-11 11:17:34] [extractElementInfo] IN: elementRole=AXStaticText → OUT: role=AXStaticText title= (735ms)
[2026-06-11 11:17:34] [elementAt] IN: x=563 y=172 → OUT: role=AXStaticText title= (1621ms)
[2026-06-11 11:17:34] [extractElementInfo] IN: elementRole=AXStaticText → OUT: role=AXStaticText title= (535ms)
[2026-06-11 11:17:34] [elementAt] IN: x=563 y=172 → OUT: role=AXStaticText title= (23515ms)
[2026-06-11 11:17:35] [extractElementInfo] IN: elementRole=AXStaticText → OUT: role=AXStaticText title= (1443ms)
[2026-06-11 11:17:35] [elementAt] IN: x=563 y=172 → OUT: role=AXStaticText title= (9462ms)
[2026-06-11 11:17:35] [extractElementInfo] IN: elementRole=AXStaticText → OUT: role=AXStaticText title= (789ms)
[2026-06-11 11:17:35] [elementAt] IN: x=563 y=172 → OUT: role=AXStaticText title= (2179ms)
[2026-06-11 11:17:36] [extractElementInfo] IN: elementRole=AXStaticText → OUT: role=AXStaticText title= (350ms)
[2026-06-11 11:17:36] [elementAt] IN: x=563 y=172 → OUT: role=AXStaticText title= (41228ms)
[2026-06-11 11:17:36] [extractElementInfo] IN: elementRole=AXStaticText → OUT: role=AXStaticText title= (512ms)
[2026-06-11 11:17:36] [elementAt] IN: x=563 y=172 → OUT: role=AXStaticText title= (1306ms)
[2026-06-11 11:17:37] [extractElementInfo] IN: elementRole=AXStaticText → OUT: role=AXStaticText title= (612ms)
[2026-06-11 11:17:37] [elementAt] IN: x=563 y=172 → OUT: role=AXStaticText title= (1495ms)
[2026-06-11 11:17:37] [extractElementInfo] IN: elementRole=AXStaticText → OUT: role=AXStaticText title= (1138ms)
[2026-06-11 11:17:37] [elementAt] IN: x=563 y=172 → OUT: role=AXStaticText title= (2609ms)
[2026-06-11 11:17:38] [extractElementInfo] IN: elementRole=AXStaticText → OUT: role=AXStaticText title= (704ms)
[2026-06-11 11:17:38] [elementAt] IN: x=563 y=172 → OUT: role=AXStaticText title= (1888ms)
[2026-06-11 11:17:38] [extractElementInfo] IN: elementRole=AXButton → OUT: role=AXButton title= (514ms)
[2026-06-11 11:17:38] [extractElementInfo] IN: elementRole=AXButton → OUT: role=AXButton title= (473ms)
[2026-06-11 11:17:38] [extractElementInfo] IN: elementRole=AXButton → OUT: role=AXButton title= (349ms)
[2026-06-11 11:17:38] [scan] IN: scan → OUT: elements=3 (5048ms)
[2026-06-11 11:17:38] [extractElementInfo] IN: elementRole=AXStaticText → OUT: role=AXStaticText title= (287ms)
[2026-06-11 11:17:38] [elementAt] IN: x=563 y=172 → OUT: role=AXStaticText title= (800ms)
[2026-06-11 11:17:39] [extractElementInfo] IN: elementRole=AXStaticText → OUT: role=AXStaticText title= (298ms)
[2026-06-11 11:17:39] [elementAt] IN: x=563 y=172 → OUT: role=AXStaticText title= (779ms)
[2026-06-11 11:17:39] [extractElementInfo] IN: elementRole=AXStaticText → OUT: role=AXStaticText title= (761ms)
[2026-06-11 11:17:39] [elementAt] IN: x=563 y=172 → OUT: role=AXStaticText title= (1700ms)
[2026-06-11 11:17:40] [extractElementInfo] IN: elementRole=AXStaticText → OUT: role=AXStaticText title= (327ms)
[2026-06-11 11:17:40] [elementAt] IN: x=563 y=172 → OUT: role=AXStaticText title= (911ms)
[2026-06-11 11:17:40] [extractElementInfo] IN: elementRole=AXStaticText → OUT: role=AXStaticText title= (348ms)
[2026-06-11 11:17:40] [elementAt] IN: x=563 y=172 → OUT: role=AXStaticText title= (903ms)
[2026-06-11 11:17:41] [extractElementInfo] IN: elementRole=AXStaticText → OUT: role=AXStaticText title= (448ms)
[2026-06-11 11:17:41] [elementAt] IN: x=563 y=172 → OUT: role=AXStaticText title= (1250ms)
[2026-06-11 11:17:41] [extractElementInfo] IN: elementRole=AXStaticText → OUT: role=AXStaticText title= (867ms)
[2026-06-11 11:17:41] [elementAt] IN: x=563 y=172 → OUT: role=AXStaticText title= (2678ms)
[2026-06-11 11:17:42] [extractElementInfo] IN: elementRole=AXStaticText → OUT: role=AXStaticText title= (472ms)
[2026-06-11 11:17:42] [elementAt] IN: x=563 y=172 → OUT: role=AXStaticText title= (1156ms)
[2026-06-11 11:17:42] [extractElementInfo] IN: elementRole=AXStaticText → OUT: role=AXStaticText title= (261ms)
[2026-06-11 11:17:42] [elementAt] IN: x=563 y=172 → OUT: role=AXStaticText title= (2442ms)
[2026-06-11 11:17:43] [extractElementInfo] IN: elementRole=AXStaticText → OUT: role=AXStaticText title= (313ms)
[2026-06-11 11:17:43] [elementAt] IN: x=563 y=172 → OUT: role=AXStaticText title= (1073ms)
[2026-06-11 11:17:43] [extractElementInfo] IN: elementRole=AXButton → OUT: role=AXButton title= (312ms)
[2026-06-11 11:17:43] [extractElementInfo] IN: elementRole=AXButton → OUT: role=AXButton title= (270ms)
[2026-06-11 11:17:43] [extractElementInfo] IN: elementRole=AXButton → OUT: role=AXButton title= (273ms)
[2026-06-11 11:17:43] [scan] IN: scan → OUT: elements=3 (3275ms)
[2026-06-11 11:17:43] [extractElementInfo] IN: elementRole=AXStaticText → OUT: role=AXStaticText title= (223ms)
[2026-06-11 11:17:43] [elementAt] IN: x=563 y=172 → OUT: role=AXStaticText title= (674ms)
[2026-06-11 11:17:44] [extractElementInfo] IN: elementRole=AXStaticText → OUT: role=AXStaticText title= (411ms)
[2026-06-11 11:17:44] [elementAt] IN: x=563 y=172 → OUT: role=AXStaticText title= (1166ms)
[2026-06-11 11:17:44] [extractElementInfo] IN: elementRole=AXStaticText → OUT: role=AXStaticText title= (336ms)
[2026-06-11 11:17:44] [elementAt] IN: x=563 y=172 → OUT: role=AXStaticText title= (967ms)
[2026-06-11 11:17:45] [extractElementInfo] IN: elementRole=AXStaticText → OUT: role=AXStaticText title= (336ms)
[2026-06-11 11:17:45] [elementAt] IN: x=563 y=172 → OUT: role=AXStaticText title= (1001ms)
[2026-06-11 11:17:45] [extractElementInfo] IN: elementRole=AXStaticText → OUT: role=AXStaticText title= (634ms)
[2026-06-11 11:17:45] [elementAt] IN: x=563 y=172 → OUT: role=AXStaticText title= (3114ms)
[2026-06-11 11:17:46] [extractElementInfo] IN: elementRole=AXStaticText → OUT: role=AXStaticText title= (393ms)
[2026-06-11 11:17:46] [elementAt] IN: x=563 y=172 → OUT: role=AXStaticText title= (1153ms)
[2026-06-11 11:17:46] [extractElementInfo] IN: elementRole=AXStaticText → OUT: role=AXStaticText title= (306ms)
[2026-06-11 11:17:46] [elementAt] IN: x=563 y=172 → OUT: role=AXStaticText title= (856ms)
[2026-06-11 11:17:47] [extractElementInfo] IN: elementRole=AXStaticText → OUT: role=AXStaticText title= (656ms)
[2026-06-11 11:17:47] [elementAt] IN: x=563 y=172 → OUT: role=AXStaticText title= (7482ms)
[2026-06-11 11:17:47] [extractElementInfo] IN: elementRole=AXStaticText → OUT: role=AXStaticText title= (423ms)
[2026-06-11 11:17:47] [elementAt] IN: x=563 y=172 → OUT: role=AXStaticText title= (1088ms)
[2026-06-11 11:17:48] [extractElementInfo] IN: elementRole=AXStaticText → OUT: role=AXStaticText title= (494ms)
[2026-06-11 11:17:48] [elementAt] IN: x=563 y=172 → OUT: role=AXStaticText title= (3859ms)
[2026-06-11 11:17:48] [extractElementInfo] IN: elementRole=AXButton → OUT: role=AXButton title= (455ms)
[2026-06-11 11:17:48] [extractElementInfo] IN: elementRole=AXButton → OUT: role=AXButton title= (352ms)
[2026-06-11 11:17:48] [extractElementInfo] IN: elementRole=AXButton → OUT: role=AXButton title= (2678ms)
[2026-06-11 11:17:48] [scan] IN: scan → OUT: elements=3 (13061ms)
[2026-06-11 11:17:48] [extractElementInfo] IN: elementRole=AXStaticText → OUT: role=AXStaticText title= (342ms)
[2026-06-11 11:17:48] [elementAt] IN: x=563 y=172 → OUT: role=AXStaticText title= (2045ms)
[2026-06-11 11:17:49] [extractElementInfo] IN: elementRole=AXStaticText → OUT: role=AXStaticText title= (278ms)
[2026-06-11 11:17:49] [elementAt] IN: x=563 y=172 → OUT: role=AXStaticText title= (699ms)
[2026-06-11 11:17:49] [extractElementInfo] IN: elementRole=AXStaticText → OUT: role=AXStaticText title= (297ms)
[2026-06-11 11:17:49] [elementAt] IN: x=563 y=172 → OUT: role=AXStaticText title= (733ms)
[2026-06-11 11:17:50] [extractElementInfo] IN: elementRole=AXStaticText → OUT: role=AXStaticText title= (348ms)
[2026-06-11 11:17:50] [elementAt] IN: x=563 y=172 → OUT: role=AXStaticText title= (890ms)
[2026-06-11 11:17:50] [extractElementInfo] IN: elementRole=AXStaticText → OUT: role=AXStaticText title= (245ms)
[2026-06-11 11:17:50] [elementAt] IN: x=563 y=172 → OUT: role=AXStaticText title= (717ms)
[2026-06-11 11:17:51] [extractElementInfo] IN: elementRole=AXStaticText → OUT: role=AXStaticText title= (257ms)
[2026-06-11 11:17:51] [elementAt] IN: x=563 y=172 → OUT: role=AXStaticText title= (790ms)
[2026-06-11 11:17:51] [extractElementInfo] IN: elementRole=AXStaticText → OUT: role=AXStaticText title= (172ms)
[2026-06-11 11:17:51] [elementAt] IN: x=563 y=172 → OUT: role=AXStaticText title= (565ms)
[2026-06-11 11:17:52] [extractElementInfo] IN: elementRole=AXStaticText → OUT: role=AXStaticText title= (248ms)
[2026-06-11 11:17:52] [elementAt] IN: x=563 y=172 → OUT: role=AXStaticText title= (649ms)
[2026-06-11 11:17:52] [extractElementInfo] IN: elementRole=AXStaticText → OUT: role=AXStaticText title= (254ms)
[2026-06-11 11:17:52] [elementAt] IN: x=563 y=172 → OUT: role=AXStaticText title= (711ms)
[2026-06-11 11:17:53] [extractElementInfo] IN: elementRole=AXStaticText → OUT: role=AXStaticText title= (199ms)
[2026-06-11 11:17:53] [elementAt] IN: x=563 y=172 → OUT: role=AXStaticText title= (699ms)
[2026-06-11 11:17:53] [extractElementInfo] IN: elementRole=AXButton → OUT: role=AXButton title= (219ms)
[2026-06-11 11:17:53] [extractElementInfo] IN: elementRole=AXButton → OUT: role=AXButton title= (183ms)
[2026-06-11 11:17:53] [extractElementInfo] IN: elementRole=AXButton → OUT: role=AXButton title= (144ms)
[2026-06-11 11:17:53] [scan] IN: scan → OUT: elements=3 (2117ms)
[2026-06-11 11:17:53] [extractElementInfo] IN: elementRole=AXStaticText → OUT: role=AXStaticText title= (102ms)
[2026-06-11 11:17:53] [elementAt] IN: x=563 y=172 → OUT: role=AXStaticText title= (354ms)
[2026-06-11 11:17:54] [extractElementInfo] IN: elementRole=AXStaticText → OUT: role=AXStaticText title= (270ms)
[2026-06-11 11:17:54] [elementAt] IN: x=563 y=172 → OUT: role=AXStaticText title= (736ms)
[2026-06-11 11:17:54] [extractElementInfo] IN: elementRole=AXStaticText → OUT: role=AXStaticText title= (235ms)
[2026-06-11 11:17:54] [elementAt] IN: x=563 y=172 → OUT: role=AXStaticText title= (627ms)
[2026-06-11 11:17:55] [extractElementInfo] IN: elementRole=AXStaticText → OUT: role=AXStaticText title= (284ms)
[2026-06-11 11:17:55] [elementAt] IN: x=563 y=172 → OUT: role=AXStaticText title= (745ms)
[2026-06-11 11:17:55] [extractElementInfo] IN: elementRole=AXStaticText → OUT: role=AXStaticText title= (311ms)
[2026-06-11 11:17:55] [elementAt] IN: x=563 y=172 → OUT: role=AXStaticText title= (853ms)
[2026-06-11 11:17:56] [extractElementInfo] IN: elementRole=AXStaticText → OUT: role=AXStaticText title= (1940ms)
[2026-06-11 11:17:56] [elementAt] IN: x=563 y=172 → OUT: role=AXStaticText title= (2382ms)
[2026-06-11 11:17:56] [extractElementInfo] IN: elementRole=AXStaticText → OUT: role=AXStaticText title= (303ms)
[2026-06-11 11:17:56] [elementAt] IN: x=563 y=172 → OUT: role=AXStaticText title= (904ms)
[2026-06-11 11:17:57] [extractElementInfo] IN: elementRole=AXStaticText → OUT: role=AXStaticText title= (987ms)
[2026-06-11 11:17:57] [elementAt] IN: x=563 y=172 → OUT: role=AXStaticText title= (1599ms)
[2026-06-11 11:17:57] [extractElementInfo] IN: elementRole=AXStaticText → OUT: role=AXStaticText title= (195ms)
[2026-06-11 11:17:57] [elementAt] IN: x=563 y=172 → OUT: role=AXStaticText title= (749ms)
[2026-06-11 11:17:58] [extractElementInfo] IN: elementRole=AXStaticText → OUT: role=AXStaticText title= (432ms)
[2026-06-11 11:17:58] [elementAt] IN: x=563 y=172 → OUT: role=AXStaticText title= (1064ms)
[2026-06-11 11:17:58] [extractElementInfo] IN: elementRole=AXButton → OUT: role=AXButton title= (440ms)
[2026-06-11 11:17:58] [extractElementInfo] IN: elementRole=AXButton → OUT: role=AXButton title= (252ms)
[2026-06-11 11:17:58] [extractElementInfo] IN: elementRole=AXButton → OUT: role=AXButton title= (450ms)
[2026-06-11 11:17:58] [scan] IN: scan → OUT: elements=3 (3202ms)
[2026-06-11 11:17:58] [extractElementInfo] IN: elementRole=AXStaticText → OUT: role=AXStaticText title= (454ms)
[2026-06-11 11:17:58] [elementAt] IN: x=563 y=172 → OUT: role=AXStaticText title= (805ms)
[2026-06-11 11:17:59] [extractElementInfo] IN: elementRole=AXStaticText → OUT: role=AXStaticText title= (248ms)
[2026-06-11 11:17:59] [elementAt] IN: x=563 y=172 → OUT: role=AXStaticText title= (723ms)
[2026-06-11 11:17:59] [extractElementInfo] IN: elementRole=AXStaticText → OUT: role=AXStaticText title= (1041ms)
[2026-06-11 11:17:59] [elementAt] IN: x=563 y=172 → OUT: role=AXStaticText title= (1636ms)
[2026-06-11 11:18:00] [extractElementInfo] IN: elementRole=AXStaticText → OUT: role=AXStaticText title= (406ms)
[2026-06-11 11:18:00] [elementAt] IN: x=563 y=172 → OUT: role=AXStaticText title= (1349ms)
[2026-06-11 11:18:00] [extractElementInfo] IN: elementRole=AXStaticText → OUT: role=AXStaticText title= (404ms)
[2026-06-11 11:18:00] [elementAt] IN: x=563 y=172 → OUT: role=AXStaticText title= (867ms)
[2026-06-11 11:18:01] [extractElementInfo] IN: elementRole=AXStaticText → OUT: role=AXStaticText title= (719ms)
[2026-06-11 11:18:01] [elementAt] IN: x=563 y=172 → OUT: role=AXStaticText title= (1284ms)
[2026-06-11 11:18:01] [extractElementInfo] IN: elementRole=AXStaticText → OUT: role=AXStaticText title= (285ms)
[2026-06-11 11:18:01] [elementAt] IN: x=563 y=172 → OUT: role=AXStaticText title= (874ms)
[2026-06-11 11:18:02] [extractElementInfo] IN: elementRole=AXStaticText → OUT: role=AXStaticText title= (657ms)
[2026-06-11 11:18:02] [elementAt] IN: x=563 y=172 → OUT: role=AXStaticText title= (1543ms)
[2026-06-11 11:18:02] [extractElementInfo] IN: elementRole=AXStaticText → OUT: role=AXStaticText title= (264ms)
[2026-06-11 11:18:02] [elementAt] IN: x=563 y=172 → OUT: role=AXStaticText title= (792ms)
[2026-06-11 11:18:03] [extractElementInfo] IN: elementRole=AXStaticText → OUT: role=AXStaticText title= (212ms)
[2026-06-11 11:18:03] [elementAt] IN: x=563 y=172 → OUT: role=AXStaticText title= (597ms)
[2026-06-11 11:18:03] [extractElementInfo] IN: elementRole=AXButton → OUT: role=AXButton title= (243ms)
[2026-06-11 11:18:03] [extractElementInfo] IN: elementRole=AXButton → OUT: role=AXButton title= (252ms)
[2026-06-11 11:18:03] [extractElementInfo] IN: elementRole=AXButton → OUT: role=AXButton title= (199ms)
[2026-06-11 11:18:03] [scan] IN: scan → OUT: elements=3 (2336ms)
[2026-06-11 11:18:03] [extractElementInfo] IN: elementRole=AXStaticText → OUT: role=AXStaticText title= (167ms)
[2026-06-11 11:18:03] [elementAt] IN: x=563 y=172 → OUT: role=AXStaticText title= (469ms)
[2026-06-11 11:18:04] [extractElementInfo] IN: elementRole=AXStaticText → OUT: role=AXStaticText title= (184ms)
[2026-06-11 11:18:04] [elementAt] IN: x=563 y=172 → OUT: role=AXStaticText title= (1175ms)
[2026-06-11 11:18:04] [extractElementInfo] IN: elementRole=AXStaticText → OUT: role=AXStaticText title= (251ms)
[2026-06-11 11:18:04] [elementAt] IN: x=563 y=172 → OUT: role=AXStaticText title= (631ms)
[2026-06-11 11:18:05] [extractElementInfo] IN: elementRole=AXStaticText → OUT: role=AXStaticText title= (382ms)
[2026-06-11 11:18:05] [elementAt] IN: x=563 y=172 → OUT: role=AXStaticText title= (782ms)
[2026-06-11 11:18:05] [extractElementInfo] IN: elementRole=AXStaticText → OUT: role=AXStaticText title= (150ms)
[2026-06-11 11:18:05] [elementAt] IN: x=563 y=172 → OUT: role=AXStaticText title= (496ms)
[2026-06-11 11:18:06] [extractElementInfo] IN: elementRole=AXStaticText → OUT: role=AXStaticText title= (195ms)
[2026-06-11 11:18:06] [elementAt] IN: x=563 y=172 → OUT: role=AXStaticText title= (588ms)
[2026-06-11 11:18:06] [extractElementInfo] IN: elementRole=AXStaticText → OUT: role=AXStaticText title= (250ms)
[2026-06-11 11:18:06] [elementAt] IN: x=563 y=172 → OUT: role=AXStaticText title= (648ms)
[2026-06-11 11:18:07] [extractElementInfo] IN: elementRole=AXStaticText → OUT: role=AXStaticText title= (253ms)
[2026-06-11 11:18:07] [elementAt] IN: x=563 y=172 → OUT: role=AXStaticText title= (697ms)
[2026-06-11 11:18:07] [extractElementInfo] IN: elementRole=AXStaticText → OUT: role=AXStaticText title= (293ms)
[2026-06-11 11:18:07] [elementAt] IN: x=563 y=172 → OUT: role=AXStaticText title= (735ms)
[2026-06-11 11:18:08] [extractElementInfo] IN: elementRole=AXStaticText → OUT: role=AXStaticText title= (242ms)
[2026-06-11 11:18:08] [elementAt] IN: x=563 y=172 → OUT: role=AXStaticText title= (771ms)
[2026-06-11 11:18:08] [extractElementInfo] IN: elementRole=AXButton → OUT: role=AXButton title= (141ms)
[2026-06-11 11:18:08] [extractElementInfo] IN: elementRole=AXButton → OUT: role=AXButton title= (126ms)
[2026-06-11 11:18:08] [extractElementInfo] IN: elementRole=AXButton → OUT: role=AXButton title= (124ms)
[2026-06-11 11:18:08] [scan] IN: scan → OUT: elements=3 (1991ms)
[2026-06-11 11:18:08] [extractElementInfo] IN: elementRole=AXStaticText → OUT: role=AXStaticText title= (126ms)
[2026-06-11 11:18:08] [elementAt] IN: x=563 y=172 → OUT: role=AXStaticText title= (437ms)
[2026-06-11 11:18:09] [extractElementInfo] IN: elementRole=AXStaticText → OUT: role=AXStaticText title= (651ms)
[2026-06-11 11:18:09] [elementAt] IN: x=563 y=172 → OUT: role=AXStaticText title= (1252ms)
[2026-06-11 11:18:09] [extractElementInfo] IN: elementRole=AXStaticText → OUT: role=AXStaticText title= (382ms)
[2026-06-11 11:18:09] [elementAt] IN: x=563 y=172 → OUT: role=AXStaticText title= (977ms)
[2026-06-11 11:18:10] [extractElementInfo] IN: elementRole=AXStaticText → OUT: role=AXStaticText title= (319ms)
[2026-06-11 11:18:10] [elementAt] IN: x=563 y=172 → OUT: role=AXStaticText title= (979ms)
[2026-06-11 11:18:10] [extractElementInfo] IN: elementRole=AXStaticText → OUT: role=AXStaticText title= (343ms)
[2026-06-11 11:18:10] [elementAt] IN: x=563 y=172 → OUT: role=AXStaticText title= (728ms)
[2026-06-11 11:18:11] [extractElementInfo] IN: elementRole=AXStaticText → OUT: role=AXStaticText title= (519ms)
[2026-06-11 11:18:11] [elementAt] IN: x=563 y=172 → OUT: role=AXStaticText title= (1080ms)
[2026-06-11 11:18:11] [extractElementInfo] IN: elementRole=AXStaticText → OUT: role=AXStaticText title= (758ms)
[2026-06-11 11:18:11] [elementAt] IN: x=563 y=172 → OUT: role=AXStaticText title= (1839ms)
[2026-06-11 11:18:12] [extractElementInfo] IN: elementRole=AXStaticText → OUT: role=AXStaticText title= (759ms)
[2026-06-11 11:18:12] [elementAt] IN: x=563 y=172 → OUT: role=AXStaticText title= (1585ms)
[2026-06-11 11:18:12] [extractElementInfo] IN: elementRole=AXStaticText → OUT: role=AXStaticText title= (741ms)
[2026-06-11 11:18:12] [elementAt] IN: x=563 y=172 → OUT: role=AXStaticText title= (1575ms)
[2026-06-11 11:18:13] [extractElementInfo] IN: elementRole=AXStaticText → OUT: role=AXStaticText title= (473ms)
[2026-06-11 11:18:13] [elementAt] IN: x=563 y=172 → OUT: role=AXStaticText title= (1030ms)
[2026-06-11 11:18:13] [extractElementInfo] IN: elementRole=AXButton → OUT: role=AXButton title= (686ms)
[2026-06-11 11:18:13] [extractElementInfo] IN: elementRole=AXButton → OUT: role=AXButton title= (686ms)
[2026-06-11 11:18:13] [extractElementInfo] IN: elementRole=AXButton → OUT: role=AXButton title= (436ms)
[2026-06-11 11:18:13] [scan] IN: scan → OUT: elements=3 (5424ms)
[2026-06-11 11:18:13] [extractElementInfo] IN: elementRole=AXStaticText → OUT: role=AXStaticText title= (244ms)
[2026-06-11 11:18:13] [elementAt] IN: x=563 y=172 → OUT: role=AXStaticText title= (640ms)
[2026-06-11 11:18:14] [extractElementInfo] IN: elementRole=AXStaticText → OUT: role=AXStaticText title= (280ms)
[2026-06-11 11:18:14] [elementAt] IN: x=563 y=172 → OUT: role=AXStaticText title= (767ms)
[2026-06-11 11:18:14] [extractElementInfo] IN: elementRole=AXStaticText → OUT: role=AXStaticText title= (748ms)
[2026-06-11 11:18:14] [elementAt] IN: x=563 y=172 → OUT: role=AXStaticText title= (1802ms)
[2026-06-11 11:18:15] [extractElementInfo] IN: elementRole=AXStaticText → OUT: role=AXStaticText title= (659ms)
[2026-06-11 11:18:15] [elementAt] IN: x=563 y=172 → OUT: role=AXStaticText title= (1405ms)
[2026-06-11 11:18:15] [extractElementInfo] IN: elementRole=AXStaticText → OUT: role=AXStaticText title= (338ms)
[2026-06-11 11:18:15] [elementAt] IN: x=563 y=172 → OUT: role=AXStaticText title= (903ms)
[2026-06-11 11:18:16] [extractElementInfo] IN: elementRole=AXStaticText → OUT: role=AXStaticText title= (270ms)
[2026-06-11 11:18:16] [elementAt] IN: x=563 y=172 → OUT: role=AXStaticText title= (738ms)
[2026-06-11 11:18:16] [extractElementInfo] IN: elementRole=AXStaticText → OUT: role=AXStaticText title= (856ms)
[2026-06-11 11:18:16] [elementAt] IN: x=563 y=172 → OUT: role=AXStaticText title= (1655ms)
[2026-06-11 11:18:17] [extractElementInfo] IN: elementRole=AXStaticText → OUT: role=AXStaticText title= (270ms)
[2026-06-11 11:18:17] [elementAt] IN: x=563 y=172 → OUT: role=AXStaticText title= (777ms)
[2026-06-11 11:18:17] [extractElementInfo] IN: elementRole=AXStaticText → OUT: role=AXStaticText title= (377ms)
[2026-06-11 11:18:17] [elementAt] IN: x=563 y=172 → OUT: role=AXStaticText title= (813ms)
[2026-06-11 11:18:18] [extractElementInfo] IN: elementRole=AXStaticText → OUT: role=AXStaticText title= (670ms)
[2026-06-11 11:18:18] [elementAt] IN: x=563 y=172 → OUT: role=AXStaticText title= (1829ms)
[2026-06-11 11:18:18] [extractElementInfo] IN: elementRole=AXButton → OUT: role=AXButton title= (749ms)
[2026-06-11 11:18:18] [extractElementInfo] IN: elementRole=AXButton → OUT: role=AXButton title= (779ms)
[2026-06-11 11:18:18] [extractElementInfo] IN: elementRole=AXButton → OUT: role=AXButton title= (794ms)
[2026-06-11 11:18:18] [scan] IN: scan → OUT: elements=3 (5547ms)
[2026-06-11 11:18:18] [extractElementInfo] IN: elementRole=AXStaticText → OUT: role=AXStaticText title= (226ms)
[2026-06-11 11:18:18] [elementAt] IN: x=563 y=172 → OUT: role=AXStaticText title= (542ms)
[2026-06-11 11:18:19] [extractElementInfo] IN: elementRole=AXStaticText → OUT: role=AXStaticText title= (336ms)
[2026-06-11 11:18:19] [elementAt] IN: x=563 y=172 → OUT: role=AXStaticText title= (802ms)
[2026-06-11 11:18:19] [extractElementInfo] IN: elementRole=AXStaticText → OUT: role=AXStaticText title= (554ms)
[2026-06-11 11:18:19] [elementAt] IN: x=563 y=172 → OUT: role=AXStaticText title= (1305ms)
[2026-06-11 11:18:20] [extractElementInfo] IN: elementRole=AXGroup → OUT: role=AXGroup title= (293ms)
[2026-06-11 11:18:20] [elementAt] IN: x=1104 y=602 → OUT: role=AXGroup title= (1335ms)
[2026-06-11 11:18:20] [extractElementInfo] IN: elementRole=AXGroup → OUT: role=AXGroup title= (329ms)
[2026-06-11 11:18:20] [elementAt] IN: x=571 y=283 → OUT: role=AXGroup title= (789ms)
[2026-06-11 11:18:21] [extractElementInfo] IN: elementRole=AXStaticText → OUT: role=AXStaticText title= (383ms)
[2026-06-11 11:18:21] [elementAt] IN: x=554 y=268 → OUT: role=AXStaticText title= (1007ms)
[2026-06-11 11:18:21] [extractElementInfo] IN: elementRole=AXStaticText → OUT: role=AXStaticText title= (526ms)
[2026-06-11 11:18:21] [elementAt] IN: x=563 y=211 → OUT: role=AXStaticText title= (3077ms)
[2026-06-11 11:18:22] [extractElementInfo] IN: elementRole=AXGroup → OUT: role=AXGroup title= (488ms)
[2026-06-11 11:18:22] [elementAt] IN: x=612 y=224 → OUT: role=AXGroup title= (3012ms)
[2026-06-11 11:18:22] [extractElementInfo] IN: elementRole=AXGroup → OUT: role=AXGroup title= (692ms)
[2026-06-11 11:18:22] [elementAt] IN: x=611 y=238 → OUT: role=AXGroup title= (1411ms)
[2026-06-11 11:18:23] [extractElementInfo] IN: elementRole=AXGroup → OUT: role=AXGroup title= (473ms)
[2026-06-11 11:18:23] [elementAt] IN: x=611 y=238 → OUT: role=AXGroup title= (1025ms)
[2026-06-11 11:18:23] [extractElementInfo] IN: elementRole=AXButton → OUT: role=AXButton title= (806ms)
[2026-06-11 11:18:23] [extractElementInfo] IN: elementRole=AXButton → OUT: role=AXButton title= (598ms)
[2026-06-11 11:18:23] [extractElementInfo] IN: elementRole=AXButton → OUT: role=AXButton title= (244ms)
[2026-06-11 11:18:23] [scan] IN: scan → OUT: elements=3 (4179ms)
[2026-06-11 11:18:23] [extractElementInfo] IN: elementRole=AXStaticText → OUT: role=AXStaticText title= (345ms)
[2026-06-11 11:18:23] [elementAt] IN: x=600 y=204 → OUT: role=AXStaticText title= (1747ms)
[2026-06-11 11:18:24] [extractElementInfo] IN: elementRole=AXStaticText → OUT: role=AXStaticText title= (603ms)
[2026-06-11 11:18:24] [elementAt] IN: x=593 y=211 → OUT: role=AXStaticText title= (1419ms)
[2026-06-11 11:18:24] [extractElementInfo] IN: elementRole=AXGroup → OUT: role=AXGroup title= (458ms)
[2026-06-11 11:18:24] [elementAt] IN: x=593 y=211 → OUT: role=AXGroup title= (1054ms)
[2026-06-11 11:18:25] [extractElementInfo] IN: elementRole=AXGroup → OUT: role=AXGroup title= (434ms)
[2026-06-11 11:18:25] [elementAt] IN: x=593 y=211 → OUT: role=AXGroup title= (1091ms)
[2026-06-11 11:18:25] [extractElementInfo] IN: elementRole=AXGroup → OUT: role=AXGroup title= (277ms)
[2026-06-11 11:18:25] [elementAt] IN: x=593 y=211 → OUT: role=AXGroup title= (730ms)
[2026-06-11 11:18:26] [extractElementInfo] IN: elementRole=AXGroup → OUT: role=AXGroup title= (980ms)
[2026-06-11 11:18:26] [elementAt] IN: x=599 y=207 → OUT: role=AXGroup title= (1945ms)
[2026-06-11 11:18:26] [extractElementInfo] IN: elementRole=AXGroup → OUT: role=AXGroup title= (707ms)
[2026-06-11 11:18:26] [elementAt] IN: x=600 y=214 → OUT: role=AXGroup title= (2234ms)
[2026-06-11 11:18:27] [extractElementInfo] IN: elementRole=AXGroup → OUT: role=AXGroup title= (712ms)
[2026-06-11 11:18:27] [elementAt] IN: x=600 y=214 → OUT: role=AXGroup title= (1433ms)
[2026-06-11 11:18:27] [extractElementInfo] IN: elementRole=AXGroup → OUT: role=AXGroup title= (271ms)
[2026-06-11 11:18:27] [elementAt] IN: x=600 y=214 → OUT: role=AXGroup title= (700ms)
[2026-06-11 11:18:28] [extractElementInfo] IN: elementRole=AXGroup → OUT: role=AXGroup title= (584ms)
[2026-06-11 11:18:28] [elementAt] IN: x=600 y=214 → OUT: role=AXGroup title= (1335ms)
[2026-06-11 11:18:28] [extractElementInfo] IN: elementRole=AXButton → OUT: role=AXButton title= (504ms)
[2026-06-11 11:18:28] [extractElementInfo] IN: elementRole=AXButton → OUT: role=AXButton title= (495ms)
[2026-06-11 11:18:28] [extractElementInfo] IN: elementRole=AXButton → OUT: role=AXButton title= (409ms)
[2026-06-11 11:18:28] [scan] IN: scan → OUT: elements=3 (4158ms)
[2026-06-11 11:18:28] [extractElementInfo] IN: elementRole=AXGroup → OUT: role=AXGroup title= (262ms)
[2026-06-11 11:18:28] [elementAt] IN: x=600 y=214 → OUT: role=AXGroup title= (578ms)
[2026-06-11 11:18:29] [extractElementInfo] IN: elementRole=AXGroup → OUT: role=AXGroup title= (514ms)
[2026-06-11 11:18:29] [elementAt] IN: x=600 y=214 → OUT: role=AXGroup title= (1345ms)
[2026-06-11 11:18:29] [extractElementInfo] IN: elementRole=AXGroup → OUT: role=AXGroup title= (720ms)
[2026-06-11 11:18:29] [elementAt] IN: x=600 y=214 → OUT: role=AXGroup title= (1572ms)
[2026-06-11 11:18:30] [extractElementInfo] IN: elementRole=AXGroup → OUT: role=AXGroup title= (254ms)
[2026-06-11 11:18:30] [elementAt] IN: x=600 y=214 → OUT: role=AXGroup title= (712ms)
[2026-06-11 11:18:30] [extractElementInfo] IN: elementRole=AXGroup → OUT: role=AXGroup title= (622ms)
[2026-06-11 11:18:30] [elementAt] IN: x=600 y=214 → OUT: role=AXGroup title= (1288ms)
[2026-06-11 11:18:31] [extractElementInfo] IN: elementRole=AXGroup → OUT: role=AXGroup title= (757ms)
[2026-06-11 11:18:31] [elementAt] IN: x=600 y=214 → OUT: role=AXGroup title= (1602ms)
[2026-06-11 11:18:31] [extractElementInfo] IN: elementRole=AXGroup → OUT: role=AXGroup title= (313ms)
[2026-06-11 11:18:31] [elementAt] IN: x=600 y=214 → OUT: role=AXGroup title= (766ms)
[2026-06-11 11:18:32] [extractElementInfo] IN: elementRole=AXGroup → OUT: role=AXGroup title= (272ms)
[2026-06-11 11:18:32] [elementAt] IN: x=600 y=214 → OUT: role=AXGroup title= (710ms)
[2026-06-11 11:18:32] [extractElementInfo] IN: elementRole=AXGroup → OUT: role=AXGroup title= (359ms)
[2026-06-11 11:18:32] [elementAt] IN: x=600 y=214 → OUT: role=AXGroup title= (1149ms)
[2026-06-11 11:18:33] [extractElementInfo] IN: elementRole=AXGroup → OUT: role=AXGroup title= (236ms)
[2026-06-11 11:18:33] [elementAt] IN: x=600 y=214 → OUT: role=AXGroup title= (729ms)
[2026-06-11 11:18:33] [extractElementInfo] IN: elementRole=AXButton → OUT: role=AXButton title= (784ms)
[2026-06-11 11:18:33] [extractElementInfo] IN: elementRole=AXButton → OUT: role=AXButton title= (599ms)
[2026-06-11 11:18:33] [extractElementInfo] IN: elementRole=AXButton → OUT: role=AXButton title= (270ms)
[2026-06-11 11:18:33] [scan] IN: scan → OUT: elements=3 (5141ms)
[2026-06-11 11:18:33] [extractElementInfo] IN: elementRole=AXGroup → OUT: role=AXGroup title= (229ms)
[2026-06-11 11:18:33] [elementAt] IN: x=600 y=214 → OUT: role=AXGroup title= (611ms)
[2026-06-11 11:18:34] [extractElementInfo] IN: elementRole=AXGroup → OUT: role=AXGroup title= (910ms)
[2026-06-11 11:18:34] [elementAt] IN: x=600 y=214 → OUT: role=AXGroup title= (2140ms)
[2026-06-11 11:18:34] [extractElementInfo] IN: elementRole=AXGroup → OUT: role=AXGroup title= (739ms)
[2026-06-11 11:18:34] [elementAt] IN: x=600 y=214 → OUT: role=AXGroup title= (1577ms)
[2026-06-11 11:18:35] [extractElementInfo] IN: elementRole=AXGroup → OUT: role=AXGroup title= (389ms)
[2026-06-11 11:18:35] [elementAt] IN: x=600 y=214 → OUT: role=AXGroup title= (1047ms)
[2026-06-11 11:18:35] [extractElementInfo] IN: elementRole=AXGroup → OUT: role=AXGroup title= (756ms)
[2026-06-11 11:18:35] [elementAt] IN: x=600 y=214 → OUT: role=AXGroup title= (1610ms)
[2026-06-11 11:18:36] [extractElementInfo] IN: elementRole=AXGroup → OUT: role=AXGroup title= (249ms)
[2026-06-11 11:18:36] [elementAt] IN: x=600 y=214 → OUT: role=AXGroup title= (753ms)
[2026-06-11 11:18:36] [extractElementInfo] IN: elementRole=AXGroup → OUT: role=AXGroup title= (783ms)
[2026-06-11 11:18:36] [elementAt] IN: x=600 y=214 → OUT: role=AXGroup title= (1644ms)
[2026-06-11 11:18:37] [extractElementInfo] IN: elementRole=AXGroup → OUT: role=AXGroup title= (682ms)
[2026-06-11 11:18:37] [elementAt] IN: x=600 y=214 → OUT: role=AXGroup title= (1210ms)
[2026-06-11 11:18:37] [extractElementInfo] IN: elementRole=AXGroup → OUT: role=AXGroup title= (596ms)
[2026-06-11 11:18:37] [elementAt] IN: x=600 y=214 → OUT: role=AXGroup title= (1333ms)
[2026-06-11 11:18:38] [extractElementInfo] IN: elementRole=AXGroup → OUT: role=AXGroup title= (705ms)
[2026-06-11 11:18:38] [elementAt] IN: x=600 y=214 → OUT: role=AXGroup title= (1531ms)
[2026-06-11 11:18:38] [extractElementInfo] IN: elementRole=AXButton → OUT: role=AXButton title= (322ms)
[2026-06-11 11:18:38] [extractElementInfo] IN: elementRole=AXButton → OUT: role=AXButton title= (223ms)
[2026-06-11 11:18:38] [extractElementInfo] IN: elementRole=AXButton → OUT: role=AXButton title= (209ms)
[2026-06-11 11:18:38] [scan] IN: scan → OUT: elements=3 (3731ms)
[2026-06-11 11:18:38] [extractElementInfo] IN: elementRole=AXGroup → OUT: role=AXGroup title= (373ms)
[2026-06-11 11:18:38] [elementAt] IN: x=600 y=214 → OUT: role=AXGroup title= (851ms)
[2026-06-11 11:18:39] [extractElementInfo] IN: elementRole=AXGroup → OUT: role=AXGroup title= (740ms)
[2026-06-11 11:18:39] [elementAt] IN: x=600 y=214 → OUT: role=AXGroup title= (1566ms)
[2026-06-11 11:18:39] [extractElementInfo] IN: elementRole=AXGroup → OUT: role=AXGroup title= (290ms)
[2026-06-11 11:18:39] [elementAt] IN: x=600 y=214 → OUT: role=AXGroup title= (710ms)
[2026-06-11 11:18:40] [extractElementInfo] IN: elementRole=AXGroup → OUT: role=AXGroup title= (648ms)
[2026-06-11 11:18:40] [elementAt] IN: x=600 y=214 → OUT: role=AXGroup title= (1613ms)
[2026-06-11 11:18:40] [extractElementInfo] IN: elementRole=AXGroup → OUT: role=AXGroup title= (156ms)
[2026-06-11 11:18:40] [elementAt] IN: x=600 y=214 → OUT: role=AXGroup title= (599ms)
[2026-06-11 11:18:41] [extractElementInfo] IN: elementRole=AXGroup → OUT: role=AXGroup title= (271ms)
[2026-06-11 11:18:41] [elementAt] IN: x=600 y=214 → OUT: role=AXGroup title= (1170ms)
[2026-06-11 11:18:41] [extractElementInfo] IN: elementRole=AXStaticText → OUT: role=AXStaticText title= (338ms)
[2026-06-11 11:18:41] [elementAt] IN: x=598 y=250 → OUT: role=AXStaticText title= (1592ms)
[2026-06-11 11:18:42] [extractElementInfo] IN: elementRole=AXGroup → OUT: role=AXGroup title= (268ms)
[2026-06-11 11:18:42] [elementAt] IN: x=548 y=274 → OUT: role=AXGroup title= (849ms)
[2026-06-11 11:18:42] [extractElementInfo] IN: elementRole=AXGroup → OUT: role=AXGroup title= (285ms)
[2026-06-11 11:18:42] [elementAt] IN: x=545 y=263 → OUT: role=AXGroup title= (720ms)
[2026-06-11 11:18:43] [extractElementInfo] IN: elementRole=AXStaticText → OUT: role=AXStaticText title= (350ms)
[2026-06-11 11:18:43] [elementAt] IN: x=564 y=228 → OUT: role=AXStaticText title= (748ms)
[2026-06-11 11:18:43] [extractElementInfo] IN: elementRole=AXButton → OUT: role=AXButton title= (411ms)
[2026-06-11 11:18:43] [extractElementInfo] IN: elementRole=AXButton → OUT: role=AXButton title= (489ms)
[2026-06-11 11:18:43] [extractElementInfo] IN: elementRole=AXButton → OUT: role=AXButton title= (215ms)
[2026-06-11 11:18:43] [scan] IN: scan → OUT: elements=3 (3236ms)
[2026-06-11 11:18:43] [extractElementInfo] IN: elementRole=AXStaticText → OUT: role=AXStaticText title= (337ms)
[2026-06-11 11:18:43] [elementAt] IN: x=531 y=159 → OUT: role=AXStaticText title= (1892ms)
[2026-06-11 11:18:44] [extractElementInfo] IN: elementRole=AXStaticText → OUT: role=AXStaticText title= (445ms)
[2026-06-11 11:18:44] [elementAt] IN: x=522 y=152 → OUT: role=AXStaticText title= (1392ms)
[2026-06-11 11:18:44] [extractElementInfo] IN: elementRole=AXStaticText → OUT: role=AXStaticText title= (375ms)
[2026-06-11 11:18:44] [elementAt] IN: x=532 y=239 → OUT: role=AXStaticText title= (2548ms)
[2026-06-11 11:18:45] [extractElementInfo] IN: elementRole=AXGroup → OUT: role=AXGroup title= (316ms)
[2026-06-11 11:18:45] [elementAt] IN: x=418 y=312 → OUT: role=AXGroup title= (1811ms)
[2026-06-11 11:18:45] [extractElementInfo] IN: elementRole=AXGroup → OUT: role=AXGroup title= (380ms)
[2026-06-11 11:18:45] [elementAt] IN: x=411 y=340 → OUT: role=AXGroup title= (1124ms)
[2026-06-11 11:18:46] [extractElementInfo] IN: elementRole=AXGroup → OUT: role=AXGroup title= (788ms)
[2026-06-11 11:18:46] [elementAt] IN: x=413 y=351 → OUT: role=AXGroup title= (3541ms)
[2026-06-11 11:18:46] [extractElementInfo] IN: elementRole=AXGroup → OUT: role=AXGroup title= (468ms)
[2026-06-11 11:18:46] [elementAt] IN: x=391 y=308 → OUT: role=AXGroup title= (2074ms)
[2026-06-11 11:18:47] [extractElementInfo] IN: elementRole=AXGroup → OUT: role=AXGroup title= (290ms)
[2026-06-11 11:18:47] [elementAt] IN: x=477 y=176 → OUT: role=AXGroup title= (675ms)
[2026-06-11 11:18:47] [extractElementInfo] IN: elementRole=AXStaticText → OUT: role=AXStaticText title= (505ms)
[2026-06-11 11:18:47] [elementAt] IN: x=482 y=158 → OUT: role=AXStaticText title= (3369ms)
[2026-06-11 11:18:48] [extractElementInfo] IN: elementRole=AXGroup → OUT: role=AXGroup title= (553ms)
[2026-06-11 11:18:48] [elementAt] IN: x=492 y=158 → OUT: role=AXGroup title= (1332ms)
[2026-06-11 11:18:48] [extractElementInfo] IN: elementRole=AXButton → OUT: role=AXButton title= (277ms)
[2026-06-11 11:18:48] [extractElementInfo] IN: elementRole=AXButton → OUT: role=AXButton title= (264ms)
[2026-06-11 11:18:48] [extractElementInfo] IN: elementRole=AXButton → OUT: role=AXButton title= (21082ms)
[2026-06-11 11:18:48] [scan] IN: scan → OUT: elements=3 (24147ms)
[2026-06-11 11:18:48] [extractElementInfo] IN: elementRole=AXGroup → OUT: role=AXGroup title= (280ms)
[2026-06-11 11:18:48] [elementAt] IN: x=492 y=158 → OUT: role=AXGroup title= (663ms)
[2026-06-11 11:18:49] [extractElementInfo] IN: elementRole=AXGroup → OUT: role=AXGroup title= (684ms)
[2026-06-11 11:18:49] [elementAt] IN: x=492 y=158 → OUT: role=AXGroup title= (1523ms)
[2026-06-11 11:18:49] [extractElementInfo] IN: elementRole=AXGroup → OUT: role=AXGroup title= (448ms)
[2026-06-11 11:18:49] [elementAt] IN: x=492 y=158 → OUT: role=AXGroup title= (1119ms)
[2026-06-11 11:18:50] [extractElementInfo] IN: elementRole=AXGroup → OUT: role=AXGroup title= (271ms)
[2026-06-11 11:18:50] [elementAt] IN: x=492 y=158 → OUT: role=AXGroup title= (923ms)
[2026-06-11 11:18:50] [extractElementInfo] IN: elementRole=AXGroup → OUT: role=AXGroup title= (402ms)
[2026-06-11 11:18:50] [elementAt] IN: x=492 y=158 → OUT: role=AXGroup title= (1133ms)
[2026-06-11 11:18:51] [extractElementInfo] IN: elementRole=AXGroup → OUT: role=AXGroup title= (267ms)
[2026-06-11 11:18:51] [elementAt] IN: x=492 y=158 → OUT: role=AXGroup title= (821ms)
[2026-06-11 11:18:51] [extractElementInfo] IN: elementRole=AXGroup → OUT: role=AXGroup title= (279ms)
[2026-06-11 11:18:51] [elementAt] IN: x=492 y=158 → OUT: role=AXGroup title= (845ms)
[2026-06-11 11:18:52] [extractElementInfo] IN: elementRole=AXGroup → OUT: role=AXGroup title= (236ms)
[2026-06-11 11:18:52] [elementAt] IN: x=492 y=158 → OUT: role=AXGroup title= (656ms)
[2026-06-11 11:18:52] [extractElementInfo] IN: elementRole=AXGroup → OUT: role=AXGroup title= (782ms)
[2026-06-11 11:18:52] [elementAt] IN: x=492 y=158 → OUT: role=AXGroup title= (2488ms)
[2026-06-11 11:18:53] [extractElementInfo] IN: elementRole=AXGroup → OUT: role=AXGroup title= (505ms)
[2026-06-11 11:18:53] [elementAt] IN: x=492 y=158 → OUT: role=AXGroup title= (11016ms)
[2026-06-11 11:18:53] [extractElementInfo] IN: elementRole=AXButton → OUT: role=AXButton title= (705ms)
[2026-06-11 11:18:53] [extractElementInfo] IN: elementRole=AXButton → OUT: role=AXButton title= (658ms)
[2026-06-11 11:18:53] [extractElementInfo] IN: elementRole=AXButton → OUT: role=AXButton title= (514ms)
[2026-06-11 11:18:53] [scan] IN: scan → OUT: elements=3 (4719ms)
[2026-06-11 11:18:53] [extractElementInfo] IN: elementRole=AXGroup → OUT: role=AXGroup title= (203ms)
[2026-06-11 11:18:53] [elementAt] IN: x=492 y=158 → OUT: role=AXGroup title= (481ms)
[2026-06-11 11:18:54] [extractElementInfo] IN: elementRole=AXGroup → OUT: role=AXGroup title= (706ms)
[2026-06-11 11:18:54] [elementAt] IN: x=492 y=158 → OUT: role=AXGroup title= (1564ms)
[2026-06-11 11:18:54] [extractElementInfo] IN: elementRole=AXGroup → OUT: role=AXGroup title= (705ms)
[2026-06-11 11:18:54] [elementAt] IN: x=492 y=158 → OUT: role=AXGroup title= (1412ms)
[2026-06-11 11:18:55] [extractElementInfo] IN: elementRole=AXGroup → OUT: role=AXGroup title= (371ms)
[2026-06-11 11:18:55] [elementAt] IN: x=492 y=158 → OUT: role=AXGroup title= (885ms)
[2026-06-11 11:18:55] [extractElementInfo] IN: elementRole=AXGroup → OUT: role=AXGroup title= (764ms)
[2026-06-11 11:18:55] [elementAt] IN: x=492 y=158 → OUT: role=AXGroup title= (1546ms)
[2026-06-11 11:18:56] [extractElementInfo] IN: elementRole=AXGroup → OUT: role=AXGroup title= (365ms)
[2026-06-11 11:18:56] [elementAt] IN: x=492 y=158 → OUT: role=AXGroup title= (876ms)
[2026-06-11 11:18:56] [extractElementInfo] IN: elementRole=AXGroup → OUT: role=AXGroup title= (806ms)
[2026-06-11 11:18:56] [elementAt] IN: x=492 y=158 → OUT: role=AXGroup title= (1731ms)
[2026-06-11 11:18:57] [extractElementInfo] IN: elementRole=AXGroup → OUT: role=AXGroup title= (717ms)
[2026-06-11 11:18:57] [elementAt] IN: x=492 y=158 → OUT: role=AXGroup title= (1278ms)
[2026-06-11 11:18:57] [extractElementInfo] IN: elementRole=AXGroup → OUT: role=AXGroup title= (672ms)
[2026-06-11 11:18:57] [elementAt] IN: x=492 y=158 → OUT: role=AXGroup title= (1724ms)
[2026-06-11 11:18:58] [extractElementInfo] IN: elementRole=AXGroup → OUT: role=AXGroup title= (190ms)
[2026-06-11 11:18:58] [elementAt] IN: x=492 y=158 → OUT: role=AXGroup title= (640ms)
[2026-06-11 11:18:58] [extractElementInfo] IN: elementRole=AXButton → OUT: role=AXButton title= (240ms)
[2026-06-11 11:18:58] [extractElementInfo] IN: elementRole=AXButton → OUT: role=AXButton title= (354ms)
[2026-06-11 11:18:58] [extractElementInfo] IN: elementRole=AXButton → OUT: role=AXButton title= (331ms)
[2026-06-11 11:18:58] [scan] IN: scan → OUT: elements=3 (2987ms)
[2026-06-11 11:18:58] [extractElementInfo] IN: elementRole=AXGroup → OUT: role=AXGroup title= (265ms)
[2026-06-11 11:18:58] [elementAt] IN: x=492 y=158 → OUT: role=AXGroup title= (605ms)
[2026-06-11 11:18:59] [extractElementInfo] IN: elementRole=AXGroup → OUT: role=AXGroup title= (364ms)
[2026-06-11 11:18:59] [elementAt] IN: x=492 y=158 → OUT: role=AXGroup title= (825ms)
[2026-06-11 11:18:59] [extractElementInfo] IN: elementRole=AXGroup → OUT: role=AXGroup title= (249ms)
[2026-06-11 11:18:59] [elementAt] IN: x=492 y=158 → OUT: role=AXGroup title= (633ms)
[2026-06-11 11:19:00] [extractElementInfo] IN: elementRole=AXGroup → OUT: role=AXGroup title= (784ms)
[2026-06-11 11:19:00] [elementAt] IN: x=492 y=158 → OUT: role=AXGroup title= (1638ms)
[2026-06-11 11:19:00] [extractElementInfo] IN: elementRole=AXGroup → OUT: role=AXGroup title= (171ms)
[2026-06-11 11:19:00] [elementAt] IN: x=492 y=158 → OUT: role=AXGroup title= (531ms)
[2026-06-11 11:19:01] [extractElementInfo] IN: elementRole=AXGroup → OUT: role=AXGroup title= (795ms)
[2026-06-11 11:19:01] [elementAt] IN: x=492 y=158 → OUT: role=AXGroup title= (1670ms)
[2026-06-11 11:19:01] [extractElementInfo] IN: elementRole=AXGroup → OUT: role=AXGroup title= (244ms)
[2026-06-11 11:19:01] [elementAt] IN: x=492 y=158 → OUT: role=AXGroup title= (637ms)
[2026-06-11 11:19:02] [extractElementInfo] IN: elementRole=AXGroup → OUT: role=AXGroup title= (254ms)
[2026-06-11 11:19:02] [elementAt] IN: x=492 y=158 → OUT: role=AXGroup title= (669ms)
[2026-06-11 11:19:02] [extractElementInfo] IN: elementRole=AXGroup → OUT: role=AXGroup title= (803ms)
[2026-06-11 11:19:02] [elementAt] IN: x=492 y=158 → OUT: role=AXGroup title= (1392ms)
[2026-06-11 11:19:03] [extractElementInfo] IN: elementRole=AXGroup → OUT: role=AXGroup title= (518ms)
[2026-06-11 11:19:03] [elementAt] IN: x=492 y=158 → OUT: role=AXGroup title= (1091ms)
[2026-06-11 11:19:03] [extractElementInfo] IN: elementRole=AXButton → OUT: role=AXButton title= (198ms)
[2026-06-11 11:19:03] [extractElementInfo] IN: elementRole=AXButton → OUT: role=AXButton title= (205ms)
[2026-06-11 11:19:03] [extractElementInfo] IN: elementRole=AXButton → OUT: role=AXButton title= (174ms)
[2026-06-11 11:19:03] [scan] IN: scan → OUT: elements=3 (2174ms)
[2026-06-11 11:19:03] [extractElementInfo] IN: elementRole=AXGroup → OUT: role=AXGroup title= (131ms)
[2026-06-11 11:19:03] [elementAt] IN: x=492 y=158 → OUT: role=AXGroup title= (412ms)
[2026-06-11 11:19:04] [extractElementInfo] IN: elementRole=AXGroup → OUT: role=AXGroup title= (582ms)
[2026-06-11 11:19:04] [elementAt] IN: x=492 y=158 → OUT: role=AXGroup title= (1263ms)
[2026-06-11 11:19:04] [extractElementInfo] IN: elementRole=AXGroup → OUT: role=AXGroup title= (1203ms)
[2026-06-11 11:19:04] [elementAt] IN: x=492 y=158 → OUT: role=AXGroup title= (2472ms)
[2026-06-11 11:19:05] [extractElementInfo] IN: elementRole=AXGroup → OUT: role=AXGroup title= (629ms)
[2026-06-11 11:19:05] [elementAt] IN: x=492 y=158 → OUT: role=AXGroup title= (1523ms)
[2026-06-11 11:19:05] [extractElementInfo] IN: elementRole=AXGroup → OUT: role=AXGroup title= (244ms)
[2026-06-11 11:19:05] [elementAt] IN: x=492 y=158 → OUT: role=AXGroup title= (702ms)
[2026-06-11 11:19:06] [extractElementInfo] IN: elementRole=AXGroup → OUT: role=AXGroup title= (747ms)
[2026-06-11 11:19:06] [elementAt] IN: x=492 y=158 → OUT: role=AXGroup title= (3735ms)
[2026-06-11 11:19:06] [extractElementInfo] IN: elementRole=AXGroup → OUT: role=AXGroup title= (685ms)
[2026-06-11 11:19:06] [elementAt] IN: x=492 y=158 → OUT: role=AXGroup title= (1572ms)
[2026-06-11 11:19:07] [extractElementInfo] IN: elementRole=AXGroup → OUT: role=AXGroup title= (154ms)
[2026-06-11 11:19:07] [elementAt] IN: x=236 y=450 → OUT: role=AXGroup title= (519ms)
[2026-06-11 11:19:07] [extractElementInfo] IN: elementRole=AXStaticText → OUT: role=AXStaticText title= (324ms)
[2026-06-11 11:19:07] [elementAt] IN: x=394 y=244 → OUT: role=AXStaticText title= (1213ms)
[2026-06-11 11:19:08] [extractElementInfo] IN: elementRole=AXButton → OUT: role=AXButton title=Thought for 1s (351ms)
[2026-06-11 11:19:08] [elementAt] IN: x=452 y=238 → OUT: role=AXButton title=Thought for 1s (1479ms)
[2026-06-11 11:19:08] [extractElementInfo] IN: elementRole=AXButton → OUT: role=AXButton title= (361ms)
[2026-06-11 11:19:08] [extractElementInfo] IN: elementRole=AXButton → OUT: role=AXButton title= (581ms)
[2026-06-11 11:19:08] [extractElementInfo] IN: elementRole=AXButton → OUT: role=AXButton title= (292ms)
[2026-06-11 11:19:08] [scan] IN: scan → OUT: elements=3 (3116ms)
[2026-06-11 11:19:08] [extractElementInfo] IN: elementRole=AXCell → OUT: role=AXCell title= (196ms)
[2026-06-11 11:19:08] [elementAt] IN: x=651 y=314 → OUT: role=AXCell title= (1302ms)
[2026-06-11 11:19:09] [extractElementInfo] IN: elementRole=AXCell → OUT: role=AXCell title= (761ms)
[2026-06-11 11:19:09] [elementAt] IN: x=656 y=312 → OUT: role=AXCell title= (1592ms)
[2026-06-11 11:19:09] [extractElementInfo] IN: elementRole=AXCell → OUT: role=AXCell title= (405ms)
[2026-06-11 11:19:09] [elementAt] IN: x=656 y=312 → OUT: role=AXCell title= (1005ms)
[2026-06-11 11:19:10] [extractElementInfo] IN: elementRole=AXCell → OUT: role=AXCell title= (650ms)
[2026-06-11 11:19:10] [elementAt] IN: x=656 y=312 → OUT: role=AXCell title= (1443ms)
[2026-06-11 11:19:10] [extractElementInfo] IN: elementRole=AXCell → OUT: role=AXCell title= (316ms)
[2026-06-11 11:19:10] [elementAt] IN: x=656 y=312 → OUT: role=AXCell title= (1520ms)
[2026-06-11 11:19:11] [extractElementInfo] IN: elementRole=AXCell → OUT: role=AXCell title= (301ms)
[2026-06-11 11:19:11] [elementAt] IN: x=656 y=312 → OUT: role=AXCell title= (939ms)
[2026-06-11 11:19:11] [extractElementInfo] IN: elementRole=AXCell → OUT: role=AXCell title= (383ms)
[2026-06-11 11:19:11] [elementAt] IN: x=656 y=312 → OUT: role=AXCell title= (845ms)
[2026-06-11 11:19:12] [extractElementInfo] IN: elementRole=AXCell → OUT: role=AXCell title= (280ms)
[2026-06-11 11:19:12] [elementAt] IN: x=656 y=312 → OUT: role=AXCell title= (848ms)
[2026-06-11 11:19:12] [extractElementInfo] IN: elementRole=AXCell → OUT: role=AXCell title= (320ms)
[2026-06-11 11:19:12] [elementAt] IN: x=656 y=312 → OUT: role=AXCell title= (827ms)
[2026-06-11 11:19:13] [extractElementInfo] IN: elementRole=AXCell → OUT: role=AXCell title= (252ms)
[2026-06-11 11:19:13] [elementAt] IN: x=656 y=312 → OUT: role=AXCell title= (1206ms)
[2026-06-11 11:19:13] [extractElementInfo] IN: elementRole=AXButton → OUT: role=AXButton title= (155ms)
[2026-06-11 11:19:13] [extractElementInfo] IN: elementRole=AXButton → OUT: role=AXButton title= (131ms)
[2026-06-11 11:19:13] [extractElementInfo] IN: elementRole=AXButton → OUT: role=AXButton title= (117ms)
[2026-06-11 11:19:13] [scan] IN: scan → OUT: elements=3 (1649ms)
[2026-06-11 11:19:13] [extractElementInfo] IN: elementRole=AXCell → OUT: role=AXCell title= (159ms)
[2026-06-11 11:19:13] [elementAt] IN: x=656 y=312 → OUT: role=AXCell title= (473ms)
[2026-06-11 11:19:14] [extractElementInfo] IN: elementRole=AXStaticText → OUT: role=AXStaticText title= (673ms)
[2026-06-11 11:19:14] [elementAt] IN: x=656 y=312 → OUT: role=AXStaticText title= (1383ms)
[2026-06-11 11:19:14] [extractElementInfo] IN: elementRole=AXStaticText → OUT: role=AXStaticText title= (775ms)
[2026-06-11 11:19:14] [elementAt] IN: x=656 y=312 → OUT: role=AXStaticText title= (1924ms)
[2026-06-11 11:19:15] [extractElementInfo] IN: elementRole=AXStaticText → OUT: role=AXStaticText title= (240ms)
[2026-06-11 11:19:15] [elementAt] IN: x=656 y=312 → OUT: role=AXStaticText title= (700ms)
[2026-06-11 11:19:15] [extractElementInfo] IN: elementRole=AXStaticText → OUT: role=AXStaticText title= (267ms)
[2026-06-11 11:19:15] [elementAt] IN: x=656 y=312 → OUT: role=AXStaticText title= (664ms)
[2026-06-11 11:19:16] [extractElementInfo] IN: elementRole=AXStaticText → OUT: role=AXStaticText title= (542ms)
[2026-06-11 11:19:16] [elementAt] IN: x=656 y=312 → OUT: role=AXStaticText title= (1006ms)
[2026-06-11 11:19:16] [extractElementInfo] IN: elementRole=AXStaticText → OUT: role=AXStaticText title= (277ms)
[2026-06-11 11:19:16] [elementAt] IN: x=656 y=312 → OUT: role=AXStaticText title= (746ms)
[2026-06-11 11:19:17] [extractElementInfo] IN: elementRole=AXStaticText → OUT: role=AXStaticText title= (265ms)
[2026-06-11 11:19:17] [elementAt] IN: x=656 y=312 → OUT: role=AXStaticText title= (1072ms)
[2026-06-11 11:19:17] [extractElementInfo] IN: elementRole=AXStaticText → OUT: role=AXStaticText title= (254ms)
[2026-06-11 11:19:17] [elementAt] IN: x=656 y=312 → OUT: role=AXStaticText title= (706ms)
[2026-06-11 11:19:18] [extractElementInfo] IN: elementRole=AXStaticText → OUT: role=AXStaticText title= (694ms)
[2026-06-11 11:19:18] [elementAt] IN: x=656 y=312 → OUT: role=AXStaticText title= (1762ms)
[2026-06-11 11:19:18] [extractElementInfo] IN: elementRole=AXButton → OUT: role=AXButton title= (280ms)
[2026-06-11 11:19:18] [extractElementInfo] IN: elementRole=AXButton → OUT: role=AXButton title= (237ms)
[2026-06-11 11:19:18] [extractElementInfo] IN: elementRole=AXButton → OUT: role=AXButton title= (231ms)
[2026-06-11 11:19:18] [scan] IN: scan → OUT: elements=3 (14353ms)
[2026-06-11 11:19:18] [extractElementInfo] IN: elementRole=AXStaticText → OUT: role=AXStaticText title= (325ms)
[2026-06-11 11:19:18] [elementAt] IN: x=656 y=312 → OUT: role=AXStaticText title= (656ms)
[2026-06-11 11:19:19] [extractElementInfo] IN: elementRole=AXStaticText → OUT: role=AXStaticText title= (288ms)
[2026-06-11 11:19:19] [elementAt] IN: x=656 y=312 → OUT: role=AXStaticText title= (787ms)
[2026-06-11 11:19:19] [extractElementInfo] IN: elementRole=AXStaticText → OUT: role=AXStaticText title= (671ms)
[2026-06-11 11:19:19] [elementAt] IN: x=656 y=312 → OUT: role=AXStaticText title= (1414ms)
[2026-06-11 11:19:20] [extractElementInfo] IN: elementRole=AXStaticText → OUT: role=AXStaticText title= (373ms)
[2026-06-11 11:19:20] [elementAt] IN: x=656 y=312 → OUT: role=AXStaticText title= (1110ms)
[2026-06-11 11:19:20] [extractElementInfo] IN: elementRole=AXCell → OUT: role=AXCell title= (901ms)
[2026-06-11 11:19:20] [elementAt] IN: x=656 y=312 → OUT: role=AXCell title= (1767ms)
[2026-06-11 11:19:21] [extractElementInfo] IN: elementRole=AXCell → OUT: role=AXCell title= (625ms)
[2026-06-11 11:19:21] [elementAt] IN: x=656 y=312 → OUT: role=AXCell title= (1595ms)
[2026-06-11 11:19:21] [extractElementInfo] IN: elementRole=AXCell → OUT: role=AXCell title= (889ms)
[2026-06-11 11:19:21] [elementAt] IN: x=656 y=312 → OUT: role=AXCell title= (1896ms)
[2026-06-11 11:19:22] [extractElementInfo] IN: elementRole=AXCell → OUT: role=AXCell title= (676ms)
[2026-06-11 11:19:22] [elementAt] IN: x=656 y=312 → OUT: role=AXCell title= (1539ms)
[2026-06-11 11:19:22] [extractElementInfo] IN: elementRole=AXGroup → OUT: role=AXGroup title= (699ms)
[2026-06-11 11:19:22] [elementAt] IN: x=656 y=312 → OUT: role=AXGroup title= (1584ms)
[2026-06-11 11:19:23] [extractElementInfo] IN: elementRole=AXGroup → OUT: role=AXGroup title= (615ms)
[2026-06-11 11:19:23] [elementAt] IN: x=656 y=312 → OUT: role=AXGroup title= (1487ms)
[2026-06-11 11:19:23] [extractElementInfo] IN: elementRole=AXButton → OUT: role=AXButton title= (811ms)
[2026-06-11 11:19:23] [extractElementInfo] IN: elementRole=AXButton → OUT: role=AXButton title= (439ms)
[2026-06-11 11:19:23] [extractElementInfo] IN: elementRole=AXButton → OUT: role=AXButton title= (638ms)
[2026-06-11 11:19:23] [scan] IN: scan → OUT: elements=3 (7699ms)
[2026-06-11 11:19:23] [extractElementInfo] IN: elementRole=AXGroup → OUT: role=AXGroup title= (225ms)
[2026-06-11 11:19:23] [elementAt] IN: x=656 y=312 → OUT: role=AXGroup title= (778ms)
[2026-06-11 11:19:24] [extractElementInfo] IN: elementRole=AXGroup → OUT: role=AXGroup title= (368ms)
[2026-06-11 11:19:24] [elementAt] IN: x=656 y=312 → OUT: role=AXGroup title= (855ms)
[2026-06-11 11:19:24] [extractElementInfo] IN: elementRole=AXGroup → OUT: role=AXGroup title= (186ms)
[2026-06-11 11:19:24] [elementAt] IN: x=656 y=312 → OUT: role=AXGroup title= (560ms)
[2026-06-11 11:19:25] [extractElementInfo] IN: elementRole=AXGroup → OUT: role=AXGroup title= (280ms)
[2026-06-11 11:19:25] [elementAt] IN: x=656 y=312 → OUT: role=AXGroup title= (748ms)
[2026-06-11 11:19:25] [extractElementInfo] IN: elementRole=AXGroup → OUT: role=AXGroup title= (320ms)
[2026-06-11 11:19:25] [elementAt] IN: x=656 y=312 → OUT: role=AXGroup title= (923ms)
[2026-06-11 11:19:26] [extractElementInfo] IN: elementRole=AXGroup → OUT: role=AXGroup title= (313ms)
[2026-06-11 11:19:26] [elementAt] IN: x=656 y=312 → OUT: role=AXGroup title= (924ms)
[2026-06-11 11:19:26] [extractElementInfo] IN: elementRole=AXGroup → OUT: role=AXGroup title= (653ms)
[2026-06-11 11:19:26] [elementAt] IN: x=656 y=312 → OUT: role=AXGroup title= (1404ms)
[2026-06-11 11:19:27] [extractElementInfo] IN: elementRole=AXGroup → OUT: role=AXGroup title= (691ms)
[2026-06-11 11:19:27] [elementAt] IN: x=656 y=312 → OUT: role=AXGroup title= (1834ms)
[2026-06-11 11:19:27] [extractElementInfo] IN: elementRole=AXGroup → OUT: role=AXGroup title= (365ms)
[2026-06-11 11:19:27] [elementAt] IN: x=656 y=312 → OUT: role=AXGroup title= (856ms)
[2026-06-11 11:19:28] [extractElementInfo] IN: elementRole=AXGroup → OUT: role=AXGroup title= (329ms)
[2026-06-11 11:19:28] [elementAt] IN: x=656 y=312 → OUT: role=AXGroup title= (794ms)
[2026-06-11 11:19:28] [extractElementInfo] IN: elementRole=AXButton → OUT: role=AXButton title= (610ms)
[2026-06-11 11:19:28] [extractElementInfo] IN: elementRole=AXButton → OUT: role=AXButton title= (486ms)
[2026-06-11 11:19:28] [extractElementInfo] IN: elementRole=AXButton → OUT: role=AXButton title= (393ms)
[2026-06-11 11:19:28] [scan] IN: scan → OUT: elements=3 (4776ms)
[2026-06-11 11:19:28] [extractElementInfo] IN: elementRole=AXGroup → OUT: role=AXGroup title= (260ms)
[2026-06-11 11:19:28] [elementAt] IN: x=656 y=312 → OUT: role=AXGroup title= (565ms)
[2026-06-11 11:19:29] [extractElementInfo] IN: elementRole=AXGroup → OUT: role=AXGroup title= (360ms)
[2026-06-11 11:19:29] [elementAt] IN: x=656 y=312 → OUT: role=AXGroup title= (972ms)
[2026-06-11 11:19:29] [extractElementInfo] IN: elementRole=AXGroup → OUT: role=AXGroup title= (279ms)
[2026-06-11 11:19:29] [elementAt] IN: x=656 y=312 → OUT: role=AXGroup title= (725ms)
[2026-06-11 11:19:30] [extractElementInfo] IN: elementRole=AXGroup → OUT: role=AXGroup title= (272ms)
[2026-06-11 11:19:30] [elementAt] IN: x=656 y=312 → OUT: role=AXGroup title= (651ms)
[2026-06-11 11:19:30] [extractElementInfo] IN: elementRole=AXGroup → OUT: role=AXGroup title= (843ms)
[2026-06-11 11:19:30] [elementAt] IN: x=656 y=312 → OUT: role=AXGroup title= (1512ms)
[2026-06-11 11:19:31] [extractElementInfo] IN: elementRole=AXGroup → OUT: role=AXGroup title= (248ms)
[2026-06-11 11:19:31] [elementAt] IN: x=656 y=312 → OUT: role=AXGroup title= (646ms)
[2026-06-11 11:19:31] [extractElementInfo] IN: elementRole=AXGroup → OUT: role=AXGroup title= (368ms)
[2026-06-11 11:19:31] [elementAt] IN: x=656 y=312 → OUT: role=AXGroup title= (860ms)
[2026-06-11 11:19:32] [extractElementInfo] IN: elementRole=AXGroup → OUT: role=AXGroup title= (651ms)
[2026-06-11 11:19:32] [elementAt] IN: x=656 y=312 → OUT: role=AXGroup title= (1407ms)
[2026-06-11 11:19:32] [extractElementInfo] IN: elementRole=AXGroup → OUT: role=AXGroup title= (166ms)
[2026-06-11 11:19:32] [elementAt] IN: x=656 y=312 → OUT: role=AXGroup title= (586ms)
[2026-06-11 11:19:33] [extractElementInfo] IN: elementRole=AXStaticText → OUT: role=AXStaticText title= (355ms)
[2026-06-11 11:19:33] [elementAt] IN: x=656 y=312 → OUT: role=AXStaticText title= (2665ms)
[2026-06-11 11:19:33] [extractElementInfo] IN: elementRole=AXButton → OUT: role=AXButton title= (681ms)
[2026-06-11 11:19:33] [extractElementInfo] IN: elementRole=AXButton → OUT: role=AXButton title= (409ms)
[2026-06-11 11:19:33] [extractElementInfo] IN: elementRole=AXButton → OUT: role=AXButton title= (236ms)
[2026-06-11 11:19:33] [scan] IN: scan → OUT: elements=3 (4510ms)
[2026-06-11 11:19:33] [extractElementInfo] IN: elementRole=AXGroup → OUT: role=AXGroup title= (356ms)
[2026-06-11 11:19:33] [elementAt] IN: x=656 y=312 → OUT: role=AXGroup title= (852ms)
[2026-06-11 11:19:34] [extractElementInfo] IN: elementRole=AXGroup → OUT: role=AXGroup title= (376ms)
[2026-06-11 11:19:34] [elementAt] IN: x=656 y=312 → OUT: role=AXGroup title= (833ms)
[2026-06-11 11:19:34] [extractElementInfo] IN: elementRole=AXGroup → OUT: role=AXGroup title= (545ms)
[2026-06-11 11:19:34] [elementAt] IN: x=656 y=312 → OUT: role=AXGroup title= (1074ms)
[2026-06-11 11:19:35] [extractElementInfo] IN: elementRole=AXGroup → OUT: role=AXGroup title= (785ms)
[2026-06-11 11:19:35] [elementAt] IN: x=656 y=312 → OUT: role=AXGroup title= (1847ms)
[2026-06-11 11:19:35] [extractElementInfo] IN: elementRole=AXGroup → OUT: role=AXGroup title= (883ms)
[2026-06-11 11:19:35] [elementAt] IN: x=656 y=312 → OUT: role=AXGroup title= (1868ms)
[2026-06-11 11:19:36] [extractElementInfo] IN: elementRole=AXGroup → OUT: role=AXGroup title= (293ms)
[2026-06-11 11:19:36] [elementAt] IN: x=656 y=312 → OUT: role=AXGroup title= (892ms)
[2026-06-11 11:19:36] [extractElementInfo] IN: elementRole=AXGroup → OUT: role=AXGroup title= (311ms)
[2026-06-11 11:19:36] [elementAt] IN: x=656 y=312 → OUT: role=AXGroup title= (921ms)
[2026-06-11 11:19:37] [extractElementInfo] IN: elementRole=AXGroup → OUT: role=AXGroup title= (296ms)
[2026-06-11 11:19:37] [elementAt] IN: x=656 y=312 → OUT: role=AXGroup title= (742ms)
[2026-06-11 11:19:37] [extractElementInfo] IN: elementRole=AXGroup → OUT: role=AXGroup title= (816ms)
[2026-06-11 11:19:37] [elementAt] IN: x=656 y=312 → OUT: role=AXGroup title= (1772ms)
[2026-06-11 11:19:38] [extractElementInfo] IN: elementRole=AXGroup → OUT: role=AXGroup title= (660ms)
[2026-06-11 11:19:38] [elementAt] IN: x=656 y=312 → OUT: role=AXGroup title= (1491ms)
[2026-06-11 11:19:38] [extractElementInfo] IN: elementRole=AXButton → OUT: role=AXButton title= (282ms)
[2026-06-11 11:19:38] [extractElementInfo] IN: elementRole=AXButton → OUT: role=AXButton title= (232ms)
[2026-06-11 11:19:38] [extractElementInfo] IN: elementRole=AXButton → OUT: role=AXButton title= (203ms)
[2026-06-11 11:19:38] [scan] IN: scan → OUT: elements=3 (3411ms)
[2026-06-11 11:19:38] [extractElementInfo] IN: elementRole=AXGroup → OUT: role=AXGroup title= (220ms)
[2026-06-11 11:19:38] [elementAt] IN: x=656 y=312 → OUT: role=AXGroup title= (537ms)
[2026-06-11 11:19:39] [extractElementInfo] IN: elementRole=AXGroup → OUT: role=AXGroup title= (269ms)
[2026-06-11 11:19:39] [elementAt] IN: x=656 y=312 → OUT: role=AXGroup title= (748ms)
[2026-06-11 11:19:39] [extractElementInfo] IN: elementRole=AXGroup → OUT: role=AXGroup title= (719ms)
[2026-06-11 11:19:39] [elementAt] IN: x=656 y=312 → OUT: role=AXGroup title= (1196ms)
[2026-06-11 11:19:40] [extractElementInfo] IN: elementRole=AXGroup → OUT: role=AXGroup title= (789ms)
[2026-06-11 11:19:40] [elementAt] IN: x=656 y=312 → OUT: role=AXGroup title= (1779ms)
[2026-06-11 11:19:40] [extractElementInfo] IN: elementRole=AXGroup → OUT: role=AXGroup title= (680ms)
[2026-06-11 11:19:40] [elementAt] IN: x=656 y=312 → OUT: role=AXGroup title= (1760ms)
[2026-06-11 11:19:41] [extractElementInfo] IN: elementRole=AXGroup → OUT: role=AXGroup title= (699ms)
[2026-06-11 11:19:41] [elementAt] IN: x=656 y=312 → OUT: role=AXGroup title= (1536ms)
[2026-06-11 11:19:41] [extractElementInfo] IN: elementRole=AXGroup → OUT: role=AXGroup title= (283ms)
[2026-06-11 11:19:41] [elementAt] IN: x=656 y=312 → OUT: role=AXGroup title= (717ms)
[2026-06-11 11:19:42] [extractElementInfo] IN: elementRole=AXGroup → OUT: role=AXGroup title= (784ms)
[2026-06-11 11:19:42] [elementAt] IN: x=656 y=312 → OUT: role=AXGroup title= (1618ms)
[2026-06-11 11:19:42] [extractElementInfo] IN: elementRole=AXGroup → OUT: role=AXGroup title= (328ms)
[2026-06-11 11:19:42] [elementAt] IN: x=656 y=312 → OUT: role=AXGroup title= (954ms)
[2026-06-11 11:19:43] [extractElementInfo] IN: elementRole=AXGroup → OUT: role=AXGroup title= (265ms)
[2026-06-11 11:19:43] [elementAt] IN: x=656 y=312 → OUT: role=AXGroup title= (661ms)
[2026-06-11 11:19:43] [extractElementInfo] IN: elementRole=AXButton → OUT: role=AXButton title= (460ms)
[2026-06-11 11:19:43] [extractElementInfo] IN: elementRole=AXButton → OUT: role=AXButton title= (470ms)
[2026-06-11 11:19:43] [extractElementInfo] IN: elementRole=AXButton → OUT: role=AXButton title= (384ms)
[2026-06-11 11:19:43] [scan] IN: scan → OUT: elements=3 (4420ms)
[2026-06-11 11:19:43] [extractElementInfo] IN: elementRole=AXGroup → OUT: role=AXGroup title= (398ms)
[2026-06-11 11:19:43] [elementAt] IN: x=656 y=312 → OUT: role=AXGroup title= (999ms)
[2026-06-11 11:19:44] [extractElementInfo] IN: elementRole=AXGroup → OUT: role=AXGroup title= (259ms)
[2026-06-11 11:19:44] [elementAt] IN: x=656 y=312 → OUT: role=AXGroup title= (692ms)
[2026-06-11 11:19:44] [extractElementInfo] IN: elementRole=AXGroup → OUT: role=AXGroup title= (574ms)
[2026-06-11 11:19:44] [elementAt] IN: x=656 y=312 → OUT: role=AXGroup title= (1596ms)
[2026-06-11 11:19:45] [extractElementInfo] IN: elementRole=AXGroup → OUT: role=AXGroup title= (371ms)
[2026-06-11 11:19:45] [elementAt] IN: x=656 y=312 → OUT: role=AXGroup title= (1274ms)
[2026-06-11 11:19:45] [extractElementInfo] IN: elementRole=AXGroup → OUT: role=AXGroup title= (303ms)
[2026-06-11 11:19:45] [elementAt] IN: x=656 y=312 → OUT: role=AXGroup title= (850ms)
[2026-06-11 11:19:46] [extractElementInfo] IN: elementRole=AXGroup → OUT: role=AXGroup title= (555ms)
[2026-06-11 11:19:46] [elementAt] IN: x=656 y=312 → OUT: role=AXGroup title= (1057ms)
[2026-06-11 11:19:46] [extractElementInfo] IN: elementRole=AXGroup → OUT: role=AXGroup title= (283ms)
[2026-06-11 11:19:46] [elementAt] IN: x=656 y=312 → OUT: role=AXGroup title= (886ms)
[2026-06-11 11:19:47] [extractElementInfo] IN: elementRole=AXGroup → OUT: role=AXGroup title= (720ms)
[2026-06-11 11:19:47] [elementAt] IN: x=656 y=312 → OUT: role=AXGroup title= (1834ms)
[2026-06-11 11:19:47] [extractElementInfo] IN: elementRole=AXGroup → OUT: role=AXGroup title= (679ms)
[2026-06-11 11:19:47] [elementAt] IN: x=656 y=312 → OUT: role=AXGroup title= (1767ms)
[2026-06-11 11:19:48] [extractElementInfo] IN: elementRole=AXGroup → OUT: role=AXGroup title= (673ms)
[2026-06-11 11:19:48] [elementAt] IN: x=656 y=312 → OUT: role=AXGroup title= (1707ms)
[2026-06-11 11:19:48] [extractElementInfo] IN: elementRole=AXButton → OUT: role=AXButton title= (512ms)
[2026-06-11 11:19:48] [extractElementInfo] IN: elementRole=AXButton → OUT: role=AXButton title= (451ms)
[2026-06-11 11:19:48] [extractElementInfo] IN: elementRole=AXButton → OUT: role=AXButton title= (367ms)
[2026-06-11 11:19:48] [scan] IN: scan → OUT: elements=3 (4932ms)
[2026-06-11 11:19:48] [extractElementInfo] IN: elementRole=AXGroup → OUT: role=AXGroup title= (348ms)
[2026-06-11 11:19:48] [elementAt] IN: x=656 y=312 → OUT: role=AXGroup title= (872ms)
[2026-06-11 11:19:49] [extractElementInfo] IN: elementRole=AXGroup → OUT: role=AXGroup title= (355ms)
[2026-06-11 11:19:49] [elementAt] IN: x=656 y=312 → OUT: role=AXGroup title= (1052ms)
[2026-06-11 11:19:49] [extractElementInfo] IN: elementRole=AXGroup → OUT: role=AXGroup title= (898ms)
[2026-06-11 11:19:49] [elementAt] IN: x=656 y=312 → OUT: role=AXGroup title= (2002ms)
[2026-06-11 11:19:50] [extractElementInfo] IN: elementRole=AXGroup → OUT: role=AXGroup title= (534ms)
[2026-06-11 11:19:50] [elementAt] IN: x=656 y=312 → OUT: role=AXGroup title= (1628ms)
[2026-06-11 11:19:50] [extractElementInfo] IN: elementRole=AXGroup → OUT: role=AXGroup title= (748ms)
[2026-06-11 11:19:50] [elementAt] IN: x=656 y=312 → OUT: role=AXGroup title= (1904ms)
[2026-06-11 11:19:51] [extractElementInfo] IN: elementRole=AXGroup → OUT: role=AXGroup title= (710ms)
[2026-06-11 11:19:51] [elementAt] IN: x=656 y=312 → OUT: role=AXGroup title= (1801ms)
[2026-06-11 11:19:51] [extractElementInfo] IN: elementRole=AXGroup → OUT: role=AXGroup title= (274ms)
[2026-06-11 11:19:51] [elementAt] IN: x=656 y=312 → OUT: role=AXGroup title= (874ms)
[2026-06-11 11:19:52] [extractElementInfo] IN: elementRole=AXGroup → OUT: role=AXGroup title= (311ms)
[2026-06-11 11:19:52] [elementAt] IN: x=656 y=312 → OUT: role=AXGroup title= (952ms)
[2026-06-11 11:19:52] [extractElementInfo] IN: elementRole=AXGroup → OUT: role=AXGroup title= (317ms)
[2026-06-11 11:19:52] [elementAt] IN: x=656 y=312 → OUT: role=AXGroup title= (746ms)
[2026-06-11 11:19:53] [extractElementInfo] IN: elementRole=AXGroup → OUT: role=AXGroup title= (339ms)
[2026-06-11 11:19:53] [elementAt] IN: x=656 y=312 → OUT: role=AXGroup title= (942ms)
[2026-06-11 11:19:53] [extractElementInfo] IN: elementRole=AXButton → OUT: role=AXButton title= (307ms)
[2026-06-11 11:19:53] [extractElementInfo] IN: elementRole=AXButton → OUT: role=AXButton title= (285ms)
[2026-06-11 11:19:53] [extractElementInfo] IN: elementRole=AXButton → OUT: role=AXButton title= (267ms)
[2026-06-11 11:19:53] [scan] IN: scan → OUT: elements=3 (2980ms)
[2026-06-11 11:19:53] [extractElementInfo] IN: elementRole=AXGroup → OUT: role=AXGroup title= (349ms)
[2026-06-11 11:19:53] [elementAt] IN: x=656 y=312 → OUT: role=AXGroup title= (676ms)
[2026-06-11 11:19:54] [extractElementInfo] IN: elementRole=AXGroup → OUT: role=AXGroup title= (306ms)
[2026-06-11 11:19:54] [elementAt] IN: x=656 y=312 → OUT: role=AXGroup title= (823ms)
[2026-06-11 11:19:54] [extractElementInfo] IN: elementRole=AXGroup → OUT: role=AXGroup title= (450ms)
[2026-06-11 11:19:54] [elementAt] IN: x=656 y=312 → OUT: role=AXGroup title= (1231ms)
[2026-06-11 11:19:55] [extractElementInfo] IN: elementRole=AXGroup → OUT: role=AXGroup title= (722ms)
[2026-06-11 11:19:55] [elementAt] IN: x=656 y=312 → OUT: role=AXGroup title= (1771ms)
[2026-06-11 11:19:55] [extractElementInfo] IN: elementRole=AXGroup → OUT: role=AXGroup title= (691ms)
[2026-06-11 11:19:55] [elementAt] IN: x=656 y=312 → OUT: role=AXGroup title= (1776ms)
[2026-06-11 11:19:56] [extractElementInfo] IN: elementRole=AXGroup → OUT: role=AXGroup title= (686ms)
[2026-06-11 11:19:56] [elementAt] IN: x=656 y=312 → OUT: role=AXGroup title= (1806ms)
[2026-06-11 11:19:56] [extractElementInfo] IN: elementRole=AXGroup → OUT: role=AXGroup title= (666ms)
[2026-06-11 11:19:56] [elementAt] IN: x=656 y=312 → OUT: role=AXGroup title= (1662ms)
[2026-06-11 11:19:57] [extractElementInfo] IN: elementRole=AXGroup → OUT: role=AXGroup title= (676ms)
[2026-06-11 11:19:57] [elementAt] IN: x=656 y=312 → OUT: role=AXGroup title= (1746ms)
[2026-06-11 11:19:57] [extractElementInfo] IN: elementRole=AXGroup → OUT: role=AXGroup title= (663ms)
[2026-06-11 11:19:57] [elementAt] IN: x=656 y=312 → OUT: role=AXGroup title= (1718ms)
[2026-06-11 11:19:58] [extractElementInfo] IN: elementRole=AXGroup → OUT: role=AXGroup title= (682ms)
[2026-06-11 11:19:58] [elementAt] IN: x=656 y=312 → OUT: role=AXGroup title= (1754ms)
[2026-06-11 11:19:58] [extractElementInfo] IN: elementRole=AXButton → OUT: role=AXButton title= (460ms)
[2026-06-11 11:19:58] [extractElementInfo] IN: elementRole=AXButton → OUT: role=AXButton title= (421ms)
[2026-06-11 11:19:58] [extractElementInfo] IN: elementRole=AXButton → OUT: role=AXButton title= (367ms)
[2026-06-11 11:19:58] [scan] IN: scan → OUT: elements=3 (4783ms)
[2026-06-11 11:19:58] [extractElementInfo] IN: elementRole=AXGroup → OUT: role=AXGroup title= (293ms)
[2026-06-11 11:19:58] [elementAt] IN: x=656 y=312 → OUT: role=AXGroup title= (802ms)
[2026-06-11 11:19:59] [extractElementInfo] IN: elementRole=AXGroup → OUT: role=AXGroup title= (382ms)
[2026-06-11 11:19:59] [elementAt] IN: x=656 y=312 → OUT: role=AXGroup title= (1170ms)
[2026-06-11 11:19:59] [extractElementInfo] IN: elementRole=AXStaticText → OUT: role=AXStaticText title= (169ms)
[2026-06-11 11:19:59] [elementAt] IN: x=656 y=312 → OUT: role=AXStaticText title= (934ms)
[2026-06-11 11:20:00] [extractElementInfo] IN: elementRole=AXStaticText → OUT: role=AXStaticText title= (844ms)
[2026-06-11 11:20:00] [elementAt] IN: x=656 y=312 → OUT: role=AXStaticText title= (2063ms)
[2026-06-11 11:20:00] [extractElementInfo] IN: elementRole=AXGroup → OUT: role=AXGroup title= (378ms)
[2026-06-11 11:20:00] [elementAt] IN: x=567 y=428 → OUT: role=AXGroup title= (2225ms)
[2026-06-11 11:20:01] [extractElementInfo] IN: elementRole=AXStaticText → OUT: role=AXStaticText title= (509ms)
[2026-06-11 11:20:01] [elementAt] IN: x=494 y=474 → OUT: role=AXStaticText title= (3405ms)
[2026-06-11 11:20:01] [extractElementInfo] IN: elementRole=AXStaticText → OUT: role=AXStaticText title= (316ms)
[2026-06-11 11:20:01] [elementAt] IN: x=441 y=458 → OUT: role=AXStaticText title= (2153ms)
[2026-06-11 11:20:02] [extractElementInfo] IN: elementRole=AXGroup → OUT: role=AXGroup title= (655ms)
[2026-06-11 11:20:02] [elementAt] IN: x=441 y=474 → OUT: role=AXGroup title= (1785ms)
[2026-06-11 11:20:02] [extractElementInfo] IN: elementRole=AXGroup → OUT: role=AXGroup title= (692ms)
[2026-06-11 11:20:02] [elementAt] IN: x=441 y=474 → OUT: role=AXGroup title= (1805ms)
[2026-06-11 11:20:03] [extractElementInfo] IN: elementRole=AXGroup → OUT: role=AXGroup title= (208ms)
[2026-06-11 11:20:03] [elementAt] IN: x=441 y=474 → OUT: role=AXGroup title= (551ms)
[2026-06-11 11:20:03] [extractElementInfo] IN: elementRole=AXButton → OUT: role=AXButton title= (219ms)
[2026-06-11 11:20:03] [extractElementInfo] IN: elementRole=AXButton → OUT: role=AXButton title= (136ms)
[2026-06-11 11:20:03] [extractElementInfo] IN: elementRole=AXButton → OUT: role=AXButton title= (110ms)
[2026-06-11 11:20:03] [scan] IN: scan → OUT: elements=3 (2205ms)
[2026-06-11 11:20:03] [extractElementInfo] IN: elementRole=AXGroup → OUT: role=AXGroup title= (167ms)
[2026-06-11 11:20:03] [elementAt] IN: x=327 y=383 → OUT: role=AXGroup title= (1024ms)
[2026-06-11 11:20:04] [extractElementInfo] IN: elementRole=AXGroup → OUT: role=AXGroup title= (184ms)
[2026-06-11 11:20:04] [elementAt] IN: x=200 y=309 → OUT: role=AXGroup title= (584ms)
[2026-06-11 11:20:04] [extractElementInfo] IN: elementRole=AXGroup → OUT: role=AXGroup title= (257ms)
[2026-06-11 11:20:04] [elementAt] IN: x=167 y=327 → OUT: role=AXGroup title= (949ms)
[2026-06-11 11:20:05] [extractElementInfo] IN: elementRole=AXGroup → OUT: role=AXGroup title= (319ms)
[2026-06-11 11:20:05] [elementAt] IN: x=167 y=328 → OUT: role=AXGroup title= (918ms)
[2026-06-11 11:20:05] [extractElementInfo] IN: elementRole=AXGroup → OUT: role=AXGroup title= (326ms)
[2026-06-11 11:20:05] [elementAt] IN: x=167 y=328 → OUT: role=AXGroup title= (928ms)
[2026-06-11 11:20:06] [extractElementInfo] IN: elementRole=AXGroup → OUT: role=AXGroup title= (342ms)
[2026-06-11 11:20:06] [elementAt] IN: x=167 y=328 → OUT: role=AXGroup title= (1105ms)
[2026-06-11 11:20:06] [extractElementInfo] IN: elementRole=AXGroup → OUT: role=AXGroup title= (179ms)
[2026-06-11 11:20:06] [elementAt] IN: x=407 y=318 → OUT: role=AXGroup title= (907ms)
[2026-06-11 11:20:07] [extractElementInfo] IN: elementRole=AXGroup → OUT: role=AXGroup title= (308ms)
[2026-06-11 11:20:07] [elementAt] IN: x=527 y=279 → OUT: role=AXGroup title= (658ms)
[2026-06-11 11:20:07] [extractElementInfo] IN: elementRole=AXGroup → OUT: role=AXGroup title= (272ms)
[2026-06-11 11:20:07] [elementAt] IN: x=523 y=229 → OUT: role=AXGroup title= (1471ms)
[2026-06-11 11:20:08] [extractElementInfo] IN: elementRole=AXGroup → OUT: role=AXGroup title= (574ms)
[2026-06-11 11:20:08] [elementAt] IN: x=459 y=264 → OUT: role=AXGroup title= (6248ms)
[2026-06-11 11:20:08] [extractElementInfo] IN: elementRole=AXButton → OUT: role=AXButton title= (474ms)
[2026-06-11 11:20:08] [extractElementInfo] IN: elementRole=AXButton → OUT: role=AXButton title= (405ms)
[2026-06-11 11:20:08] [extractElementInfo] IN: elementRole=AXButton → OUT: role=AXButton title= (416ms)
[2026-06-11 11:20:08] [scan] IN: scan → OUT: elements=3 (4806ms)
[2026-06-11 11:20:08] [extractElementInfo] IN: elementRole=AXGroup → OUT: role=AXGroup title= (306ms)
[2026-06-11 11:20:08] [elementAt] IN: x=459 y=264 → OUT: role=AXGroup title= (817ms)
[2026-06-11 11:20:09] [extractElementInfo] IN: elementRole=AXGroup → OUT: role=AXGroup title= (372ms)
[2026-06-11 11:20:09] [elementAt] IN: x=459 y=264 → OUT: role=AXGroup title= (1095ms)
[2026-06-11 11:20:09] [extractElementInfo] IN: elementRole=AXGroup → OUT: role=AXGroup title= (226ms)
[2026-06-11 11:20:09] [elementAt] IN: x=524 y=387 → OUT: role=AXGroup title= (1371ms)
[2026-06-11 11:20:10] [extractElementInfo] IN: elementRole=AXGroup → OUT: role=AXGroup title= (286ms)
[2026-06-11 11:20:10] [elementAt] IN: x=541 y=404 → OUT: role=AXGroup title= (808ms)
[2026-06-11 11:20:10] [extractElementInfo] IN: elementRole=AXGroup → OUT: role=AXGroup title= (521ms)
[2026-06-11 11:20:10] [elementAt] IN: x=582 y=240 → OUT: role=AXGroup title= (2197ms)
[2026-06-11 11:20:11] [extractElementInfo] IN: elementRole=AXGroup → OUT: role=AXGroup title= (359ms)
[2026-06-11 11:20:11] [elementAt] IN: x=396 y=33 → OUT: role=AXGroup title= (1344ms)
[2026-06-11 11:20:11] [extractElementInfo] IN: elementRole=AXMenuBarItem → OUT: role=AXMenuBarItem title=运行 (563ms)
[2026-06-11 11:20:11] [elementAt] IN: x=368 y=21 → OUT: role=AXMenuBarItem title=运行 (1042ms)
[2026-06-11 11:20:12] [extractElementInfo] IN: elementRole=AXImage → OUT: role=AXImage title=VSCode-darwin-universal.dmg (514ms)
[2026-06-11 11:20:12] [elementAt] IN: x=1059 y=445 → OUT: role=AXImage title=VSCode-darwin-universal.dmg (23386ms)
[2026-06-11 11:20:12] [extractElementInfo] IN: elementRole=AXStaticText → OUT: role=AXStaticText title= (756ms)
[2026-06-11 11:20:12] [elementAt] IN: x=709 y=577 → OUT: role=AXStaticText title= (6771ms)
[2026-06-11 11:20:13] [extractElementInfo] IN: elementRole=AXStaticText → OUT: role=AXStaticText title= (1516ms)
[2026-06-11 11:20:13] [elementAt] IN: x=664 y=598 → OUT: role=AXStaticText title= (39780ms)
[2026-06-11 11:20:13] [extractElementInfo] IN: elementRole=AXButton → OUT: role=AXButton title= (319ms)
[2026-06-11 11:20:13] [extractElementInfo] IN: elementRole=AXButton → OUT: role=AXButton title= (310ms)
[2026-06-11 11:20:13] [extractElementInfo] IN: elementRole=AXButton → OUT: role=AXButton title= (303ms)
[2026-06-11 11:20:13] [scan] IN: scan → OUT: elements=3 (6749ms)
[2026-06-11 11:20:13] [extractElementInfo] IN: elementRole=AXStaticText → OUT: role=AXStaticText title= (282ms)
[2026-06-11 11:20:13] [elementAt] IN: x=659 y=569 → OUT: role=AXStaticText title= (964ms)
[2026-06-11 11:20:14] [extractElementInfo] IN: elementRole=AXDisclosureTriangle → OUT: role=AXDisclosureTriangle title= (1157ms)
[2026-06-11 11:20:14] [elementAt] IN: x=785 y=588 → OUT: role=AXDisclosureTriangle title= (2074ms)
[2026-06-11 11:20:14] [extractElementInfo] IN: elementRole=AXDisclosureTriangle → OUT: role=AXDisclosureTriangle title= (970ms)
[2026-06-11 11:20:14] [elementAt] IN: x=797 y=519 → OUT: role=AXDisclosureTriangle title= (1862ms)
[2026-06-11 11:20:15] [extractElementInfo] IN: elementRole=AXDisclosureTriangle → OUT: role=AXDisclosureTriangle title= (1585ms)
[2026-06-11 11:20:15] [elementAt] IN: x=796 y=490 → OUT: role=AXDisclosureTriangle title= (2812ms)
[2026-06-11 11:20:15] [extractElementInfo] IN: elementRole=AXDisclosureTriangle → OUT: role=AXDisclosureTriangle title= (1209ms)
[2026-06-11 11:20:15] [elementAt] IN: x=793 y=490 → OUT: role=AXDisclosureTriangle title= (4905ms)
[2026-06-11 11:20:16] [extractElementInfo] IN: elementRole=AXRow → OUT: role=AXRow title= (774ms)
[2026-06-11 11:20:16] [elementAt] IN: x=798 y=510 → OUT: role=AXRow title= (5450ms)
[2026-06-11 11:20:16] [extractElementInfo] IN: elementRole=AXDisclosureTriangle → OUT: role=AXDisclosureTriangle title= (2120ms)
[2026-06-11 11:20:16] [elementAt] IN: x=791 y=513 → OUT: role=AXDisclosureTriangle title= (3631ms)
[2026-06-11 11:20:17] [extractElementInfo] IN: elementRole=AXStaticText → OUT: role=AXStaticText title= (419ms)
[2026-06-11 11:20:17] [elementAt] IN: x=487 y=229 → OUT: role=AXStaticText title= (3208ms)
[2026-06-11 11:20:17] [extractElementInfo] IN: elementRole=AXGroup → OUT: role=AXGroup title= (256ms)
[2026-06-11 11:20:17] [elementAt] IN: x=482 y=265 → OUT: role=AXGroup title= (566ms)
[2026-06-11 11:20:18] [extractElementInfo] IN: elementRole=AXGroup → OUT: role=AXGroup title= (138ms)
[2026-06-11 11:20:18] [elementAt] IN: x=487 y=272 → OUT: role=AXGroup title= (481ms)
[2026-06-11 11:20:18] [extractElementInfo] IN: elementRole=AXButton → OUT: role=AXButton title= (136ms)
[2026-06-11 11:20:18] [extractElementInfo] IN: elementRole=AXButton → OUT: role=AXButton title= (164ms)
[2026-06-11 11:20:18] [extractElementInfo] IN: elementRole=AXButton → OUT: role=AXButton title= (119ms)
[2026-06-11 11:20:18] [scan] IN: scan → OUT: elements=3 (1584ms)
[2026-06-11 11:20:18] [extractElementInfo] IN: elementRole=AXStaticText → OUT: role=AXStaticText title= (97ms)
[2026-06-11 11:20:18] [elementAt] IN: x=519 y=274 → OUT: role=AXStaticText title= (392ms)
[2026-06-11 11:20:19] [extractElementInfo] IN: elementRole=AXStaticText → OUT: role=AXStaticText title= (360ms)
[2026-06-11 11:20:19] [elementAt] IN: x=511 y=275 → OUT: role=AXStaticText title= (859ms)
[2026-06-11 11:20:19] [extractElementInfo] IN: elementRole=AXStaticText → OUT: role=AXStaticText title= (316ms)
[2026-06-11 11:20:19] [elementAt] IN: x=495 y=225 → OUT: role=AXStaticText title= (1542ms)
[2026-06-11 11:20:20] [extractElementInfo] IN: elementRole=AXGroup → OUT: role=AXGroup title= (365ms)
[2026-06-11 11:20:20] [elementAt] IN: x=487 y=241 → OUT: role=AXGroup title= (1870ms)
[2026-06-11 11:20:20] [extractElementInfo] IN: elementRole=AXGroup → OUT: role=AXGroup title= (662ms)
[2026-06-11 11:20:20] [elementAt] IN: x=487 y=241 → OUT: role=AXGroup title= (1773ms)
[2026-06-11 11:20:21] [extractElementInfo] IN: elementRole=AXGroup → OUT: role=AXGroup title= (373ms)
[2026-06-11 11:20:21] [elementAt] IN: x=211 y=264 → OUT: role=AXGroup title= (1080ms)
[2026-06-11 11:20:21] [extractElementInfo] IN: elementRole=AXStaticText → OUT: role=AXStaticText title= (223ms)
[2026-06-11 11:20:21] [elementAt] IN: x=147 y=570 → OUT: role=AXStaticText title= (856ms)
[2026-06-11 11:20:22] [extractElementInfo] IN: elementRole=AXGroup → OUT: role=AXGroup title= (862ms)
[2026-06-11 11:20:22] [elementAt] IN: x=160 y=606 → OUT: role=AXGroup title= (2112ms)
[2026-06-11 11:20:22] [extractElementInfo] IN: elementRole=AXStaticText → OUT: role=AXStaticText title= (349ms)
[2026-06-11 11:20:22] [elementAt] IN: x=79 y=683 → OUT: role=AXStaticText title= (1224ms)
[2026-06-11 11:20:23] [extractElementInfo] IN: elementRole=AXGroup → OUT: role=AXGroup title= (297ms)
[2026-06-11 11:20:23] [elementAt] IN: x=79 y=626 → OUT: role=AXGroup title= (834ms)
[2026-06-11 11:20:23] [extractElementInfo] IN: elementRole=AXButton → OUT: role=AXButton title= (268ms)
[2026-06-11 11:20:23] [extractElementInfo] IN: elementRole=AXButton → OUT: role=AXButton title= (256ms)
[2026-06-11 11:20:23] [extractElementInfo] IN: elementRole=AXButton → OUT: role=AXButton title= (203ms)
[2026-06-11 11:20:23] [scan] IN: scan → OUT: elements=3 (2701ms)
[2026-06-11 11:20:23] [extractElementInfo] IN: elementRole=AXStaticText → OUT: role=AXStaticText title= (192ms)
[2026-06-11 11:20:23] [elementAt] IN: x=73 y=639 → OUT: role=AXStaticText title= (817ms)
[2026-06-11 11:20:24] [extractElementInfo] IN: elementRole=AXGroup → OUT: role=AXGroup title= (254ms)
[2026-06-11 11:20:24] [elementAt] IN: x=73 y=639 → OUT: role=AXGroup title= (846ms)
[2026-06-11 11:20:24] [extractElementInfo] IN: elementRole=AXStaticText → OUT: role=AXStaticText title= (334ms)
[2026-06-11 11:20:24] [elementAt] IN: x=94 y=623 → OUT: role=AXStaticText title= (1325ms)
[2026-06-11 11:20:25] [extractElementInfo] IN: elementRole=AXGroup → OUT: role=AXGroup title= (710ms)
[2026-06-11 11:20:25] [elementAt] IN: x=94 y=622 → OUT: role=AXGroup title= (2150ms)
[2026-06-11 11:20:25] [extractElementInfo] IN: elementRole=AXStaticText → OUT: role=AXStaticText title= (203ms)
[2026-06-11 11:20:25] [elementAt] IN: x=109 y=602 → OUT: role=AXStaticText title= (619ms)
[2026-06-11 11:20:26] [extractElementInfo] IN: elementRole=AXStaticText → OUT: role=AXStaticText title= (433ms)
[2026-06-11 11:20:26] [elementAt] IN: x=109 y=602 → OUT: role=AXStaticText title= (4487ms)
[2026-06-11 11:20:26] [extractElementInfo] IN: elementRole=AXGroup → OUT: role=AXGroup title= (234ms)
[2026-06-11 11:20:26] [elementAt] IN: x=1189 y=695 → OUT: role=AXGroup title= (749ms)
[2026-06-11 11:20:27] [extractElementInfo] IN: elementRole=AXGroup → OUT: role=AXGroup title= (324ms)
[2026-06-11 11:20:27] [elementAt] IN: x=1442 y=863 → OUT: role=AXGroup title= (717ms)
[2026-06-11 11:20:27] [extractElementInfo] IN: elementRole=AXGroup → OUT: role=AXGroup title= (363ms)
[2026-06-11 11:20:27] [elementAt] IN: x=1439 y=875 → OUT: role=AXGroup title= (1013ms)
[2026-06-11 11:20:28] [extractElementInfo] IN: elementRole=AXStaticText → OUT: role=AXStaticText title= (208ms)
[2026-06-11 11:20:28] [elementAt] IN: x=95 y=521 → OUT: role=AXStaticText title= (3960ms)
[2026-06-11 11:20:28] [extractElementInfo] IN: elementRole=AXButton → OUT: role=AXButton title= (268ms)
[2026-06-11 11:20:28] [extractElementInfo] IN: elementRole=AXButton → OUT: role=AXButton title= (270ms)
[2026-06-11 11:20:28] [extractElementInfo] IN: elementRole=AXButton → OUT: role=AXButton title= (215ms)
[2026-06-11 11:20:28] [scan] IN: scan → OUT: elements=3 (3069ms)
[2026-06-11 11:20:28] [extractElementInfo] IN: elementRole=AXGroup → OUT: role=AXGroup title= (247ms)
[2026-06-11 11:20:28] [elementAt] IN: x=71 y=604 → OUT: role=AXGroup title= (759ms)
[2026-06-11 11:20:29] [extractElementInfo] IN: elementRole=AXStaticText → OUT: role=AXStaticText title= (753ms)
[2026-06-11 11:20:29] [elementAt] IN: x=80 y=615 → OUT: role=AXStaticText title= (2190ms)
[2026-06-11 11:20:29] [extractElementInfo] IN: elementRole=AXGroup → OUT: role=AXGroup title= (332ms)
[2026-06-11 11:20:29] [elementAt] IN: x=73 y=637 → OUT: role=AXGroup title= (1389ms)
[2026-06-11 11:20:30] [extractElementInfo] IN: elementRole=AXGroup → OUT: role=AXGroup title= (779ms)
[2026-06-11 11:20:30] [elementAt] IN: x=73 y=637 → OUT: role=AXGroup title= (1870ms)
[2026-06-11 11:20:30] [extractElementInfo] IN: elementRole=AXGroup → OUT: role=AXGroup title= (294ms)
[2026-06-11 11:20:30] [elementAt] IN: x=366 y=429 → OUT: role=AXGroup title= (1944ms)
[2026-06-11 11:20:31] [extractElementInfo] IN: elementRole=AXGroup → OUT: role=AXGroup title= (344ms)
[2026-06-11 11:20:31] [elementAt] IN: x=511 y=295 → OUT: role=AXGroup title= (1945ms)
[2026-06-11 11:20:31] [extractElementInfo] IN: elementRole=AXGroup → OUT: role=AXGroup title= (616ms)
[2026-06-11 11:20:31] [elementAt] IN: x=460 y=269 → OUT: role=AXGroup title= (4171ms)
[2026-06-11 11:20:32] [extractElementInfo] IN: elementRole=AXGroup → OUT: role=AXGroup title= (757ms)
[2026-06-11 11:20:32] [elementAt] IN: x=460 y=269 → OUT: role=AXGroup title= (1896ms)
