[CURSOR-ABS] hand=(0.502,0.530) filter=(0.502,0.530) target=(277,703) cursor=(14,8)
[CURSOR-ABS] hand=(0.522,0.526) filter=(0.508,0.529) target=(256,700) cursor=(276,699)
[CURSOR-ABS] hand=(0.543,0.517) filter=(0.518,0.525) target=(217,693) cursor=(256,700)
[CURSOR-ABS] hand=(0.554,0.508) filter=(0.528,0.520) target=(177,683) cursor=(217,693)
[CURSOR-ABS] hand=(0.568,0.480) filter=(0.539,0.509) target=(134,658) cursor=(177,683)
[CURSOR-ABS] hand=(0.577,0.447) filter=(0.556,0.482) target=(70,599) cursor=(134,658)
[CURSOR-ABS] hand=(0.580,0.431) filter=(0.563,0.468) target=(44,568) cursor=(70,600)
[CURSOR-ABS] hand=(0.579,0.400) filter=(0.567,0.448) target=(27,527) cursor=(44,569)
[CURSOR-ABS] hand=(0.571,0.375) filter=(0.568,0.427) target=(22,482) cursor=(27,527)
[CURSOR-ABS] hand=(0.557,0.347) filter=(0.565,0.404) target=(34,432) cursor=(22,482)
[CURSOR-ABS] hand=(0.541,0.320) filter=(0.558,0.380) target=(61,378) cursor=(34,432)
[CURSOR-ABS] hand=(0.521,0.300) filter=(0.548,0.357) target=(100,329) cursor=(60,379)
[CURSOR-ABS] hand=(0.499,0.286) filter=(0.534,0.336) target=(153,285) cursor=(100,330)
[CURSOR-ABS] hand=(0.476,0.283) filter=(0.517,0.321) target=(219,251) cursor=(153,285)
[CURSOR-ABS] hand=(0.451,0.278) filter=(0.499,0.309) target=(289,225) cursor=(218,251)
[CURSOR-ABS] hand=(0.426,0.278) filter=(0.478,0.300) target=(369,206) cursor=(289,225)
[CURSOR-ABS] hand=(0.402,0.279) filter=(0.457,0.294) target=(451,193) cursor=(369,206)
[CURSOR-ABS] hand=(0.378,0.289) filter=(0.434,0.293) target=(538,190) cursor=(451,193)
[CURSOR-ABS] hand=(0.353,0.297) filter=(0.410,0.294) target=(629,193) cursor=(537,191)
[CURSOR-ABS] hand=(0.331,0.306) filter=(0.388,0.297) target=(716,201) cursor=(628,193)
[CURSOR-ABS] hand=(0.311,0.311) filter=(0.365,0.301) target=(803,209) cursor=(715,200)
[CURSOR-ABS] hand=(0.288,0.327) filter=(0.343,0.308) target=(886,224) cursor=(803,209)
[CURSOR-ABS] hand=(0.266,0.339) filter=(0.321,0.317) target=(972,243) cursor=(886,224)
[CURSOR-ABS] hand=(0.247,0.350) filter=(0.299,0.326) target=(1056,263) cursor=(972,243)
[CURSOR-ABS] hand=(0.231,0.357) filter=(0.280,0.335) target=(1131,281) cursor=(1055,263)
[CURSOR-ABS] hand=(0.215,0.369) filter=(0.261,0.344) target=(1203,302) cursor=(1130,281)
[CURSOR-ABS] hand=(0.206,0.373) filter=(0.245,0.352) target=(1264,320) cursor=(1203,302)
[CURSOR-ABS] hand=(0.197,0.383) filter=(0.231,0.361) target=(1317,339) cursor=(1264,320)
[CURSOR-ABS] hand=(0.192,0.392) filter=(0.220,0.370) target=(1360,358) cursor=(1316,338)
[CURSOR-ABS] hand=(0.191,0.395) filter=(0.212,0.377) target=(1392,373) cursor=(1360,358)
[CURSOR-ABS] hand=(0.193,0.405) filter=(0.206,0.385) target=(1413,390) cursor=(1392,372)
[CURSOR-ABS] hand=(0.200,0.413) filter=(0.205,0.393) target=(1419,407) cursor=(1412,390)
[CURSOR-ABS] hand=(0.209,0.424) filter=(0.206,0.402) target=(1414,427) cursor=(1419,407)
[CURSOR-ABS] hand=(0.224,0.439) filter=(0.211,0.413) target=(1395,450) cursor=(1414,426)
[CURSOR-ABS] hand=(0.239,0.460) filter=(0.219,0.426) target=(1365,478) cursor=(1395,450)
[CURSOR-ABS] hand=(0.257,0.473) filter=(0.230,0.439) target=(1323,507) cursor=(1365,478)
[CURSOR-ABS] hand=(0.276,0.484) filter=(0.242,0.452) target=(1274,534) cursor=(1324,507)
[CURSOR-ABS] hand=(0.295,0.491) filter=(0.257,0.463) target=(1216,558) cursor=(1274,534)
[CURSOR-ABS] hand=(0.315,0.493) filter=(0.274,0.472) target=(1153,577) cursor=(1217,558)
[CURSOR-ABS] hand=(0.333,0.500) filter=(0.290,0.480) target=(1090,595) cursor=(1154,577)
[CURSOR-ABS] hand=(0.354,0.506) filter=(0.309,0.487) target=(1019,611) cursor=(1090,595)
[CURSOR-ABS] hand=(0.374,0.512) filter=(0.327,0.494) target=(949,626) cursor=(1019,611)
[CURSOR-ABS] hand=(0.392,0.509) filter=(0.346,0.498) target=(877,635) cursor=(949,626)
[CURSOR-ABS] hand=(0.405,0.503) filter=(0.363,0.500) target=(811,638) cursor=(877,635)
[CURSOR-ABS] hand=(0.417,0.494) filter=(0.378,0.498) target=(752,635) cursor=(812,638)
[CURSOR-ABS] hand=(0.424,0.483) filter=(0.392,0.494) target=(701,626) cursor=(752,635)
[CURSOR-ABS] hand=(0.429,0.466) filter=(0.402,0.486) target=(661,609) cursor=(701,626)
[CURSOR-ABS] hand=(0.430,0.450) filter=(0.410,0.476) target=(630,587) cursor=(661,609)
[CURSOR-ABS] hand=(0.428,0.435) filter=(0.415,0.464) target=(610,562) cursor=(630,587)
[CURSOR-ABS] hand=(0.422,0.416) filter=(0.417,0.451) target=(602,532) cursor=(610,562)
[CURSOR-ABS] hand=(0.414,0.403) filter=(0.416,0.437) target=(606,503) cursor=(603,533)
[CURSOR-ABS] hand=(0.404,0.392) filter=(0.413,0.425) target=(619,476) cursor=(606,503)
[CURSOR-ABS] hand=(0.392,0.387) filter=(0.407,0.414) target=(642,453) cursor=(619,476)
[CURSOR-ABS] hand=(0.378,0.388) filter=(0.399,0.407) target=(673,437) cursor=(641,453)
[CURSOR-ABS] hand=(0.363,0.390) filter=(0.389,0.402) target=(710,426) cursor=(673,437)
[CURSOR-ABS] hand=(0.347,0.399) filter=(0.377,0.401) target=(757,425) cursor=(710,427)
[CURSOR-ABS] hand=(0.331,0.407) filter=(0.365,0.403) target=(805,428) cursor=(757,425)
[CURSOR-ABS] hand=(0.315,0.417) filter=(0.351,0.407) target=(858,437) cursor=(805,428)
[CURSOR-ABS] hand=(0.303,0.431) filter=(0.337,0.414) target=(911,452) cursor=(858,437)
[CURSOR-ABS] hand=(0.294,0.448) filter=(0.325,0.423) target=(958,473) cursor=(910,452)
[CURSOR-ABS] hand=(0.290,0.466) filter=(0.315,0.435) target=(996,499) cursor=(957,472)
[CURSOR-ABS] hand=(0.293,0.483) filter=(0.309,0.449) target=(1019,528) cursor=(995,499)
[CURSOR-ABS] hand=(0.299,0.497) filter=(0.306,0.462) target=(1029,557) cursor=(1018,527)
[CURSOR-ABS] hand=(0.309,0.510) filter=(0.307,0.476) target=(1026,587) cursor=(1029,557)
[CURSOR-ABS] hand=(0.321,0.523) filter=(0.311,0.489) target=(1011,615) cursor=(1026,587)
[CURSOR-ABS] hand=(0.334,0.538) filter=(0.321,0.511) target=(973,662) cursor=(1011,615)
[CURSOR-ABS] hand=(0.348,0.550) filter=(0.328,0.522) target=(944,686) cursor=(973,662)
[CURSOR-ABS] hand=(0.366,0.556) filter=(0.339,0.532) target=(903,707) cursor=(944,686)
[CURSOR-ABS] hand=(0.383,0.563) filter=(0.351,0.541) target=(855,726) cursor=(903,707)
[CURSOR-ABS] hand=(0.401,0.563) filter=(0.365,0.547) target=(802,740) cursor=(855,726)
[CURSOR-ABS] hand=(0.418,0.558) filter=(0.380,0.550) target=(744,747) cursor=(803,740)
[CURSOR-ABS] hand=(0.435,0.546) filter=(0.396,0.549) target=(686,745) cursor=(745,747)
[CURSOR-ABS] hand=(0.450,0.531) filter=(0.411,0.544) target=(626,734) cursor=(686,745)
[CURSOR-ABS] hand=(0.467,0.511) filter=(0.428,0.535) target=(563,713) cursor=(626,734)
[CURSOR-ABS] hand=(0.476,0.490) filter=(0.441,0.522) target=(510,687) cursor=(563,714)
[CURSOR-ABS] hand=(0.483,0.474) filter=(0.454,0.508) target=(463,657) cursor=(510,687)
[CURSOR-ABS] hand=(0.484,0.456) filter=(0.462,0.494) target=(431,625) cursor=(464,657)
[CURSOR-ABS] hand=(0.479,0.436) filter=(0.467,0.478) target=(413,590) cursor=(431,626)
[CURSOR-ABS] hand=(0.470,0.424) filter=(0.468,0.462) target=(409,557) cursor=(413,590)
[CURSOR-ABS] hand=(0.458,0.406) filter=(0.465,0.446) target=(420,523) cursor=(409,557)
[CURSOR-ABS] hand=(0.441,0.397) filter=(0.458,0.432) target=(446,492) cursor=(420,523)
[CURSOR-ABS] hand=(0.425,0.381) filter=(0.449,0.418) target=(482,461) cursor=(446,492)
[CURSOR-ABS] hand=(0.409,0.371) filter=(0.438,0.405) target=(524,432) cursor=(481,461)
[CURSOR-ABS] hand=(0.390,0.365) filter=(0.424,0.393) target=(576,408) cursor=(523,433)
[CURSOR-ABS] hand=(0.373,0.364) filter=(0.410,0.385) target=(630,390) cursor=(576,408)
[CURSOR-ABS] hand=(0.352,0.361) filter=(0.394,0.378) target=(694,375) cursor=(629,390)
[CURSOR-ABS] hand=(0.331,0.357) filter=(0.375,0.372) target=(764,362) cursor=(693,375)
[CURSOR-ABS] hand=(0.314,0.357) filter=(0.358,0.368) target=(829,353) cursor=(762,362)
[CURSOR-ABS] hand=(0.296,0.360) filter=(0.340,0.365) target=(898,348) cursor=(828,353)
[CURSOR-ABS] hand=(0.282,0.364) filter=(0.324,0.365) target=(961,347) cursor=(897,348)
[CURSOR-ABS] hand=(0.268,0.372) filter=(0.308,0.367) target=(1023,351) cursor=(960,347)
[CURSOR-ABS] hand=(0.257,0.381) filter=(0.293,0.371) target=(1081,360) cursor=(1023,351)
[CURSOR-ABS] hand=(0.245,0.388) filter=(0.278,0.376) target=(1136,370) cursor=(1081,360)
[CURSOR-ABS] hand=(0.232,0.399) filter=(0.266,0.382) target=(1184,384) cursor=(1135,370)
[CURSOR-ABS] hand=(0.219,0.413) filter=(0.253,0.391) target=(1233,402) cursor=(1184,384)
[CURSOR-ABS] hand=(0.210,0.417) filter=(0.240,0.398) target=(1282,418) cursor=(1233,402)
[CURSOR-ABS] hand=(0.200,0.429) filter=(0.229,0.407) target=(1325,437) cursor=(1282,418)
[CURSOR-ABS] hand=(0.190,0.445) filter=(0.218,0.417) target=(1368,460) cursor=(1325,437)
[CURSOR-ABS] hand=(0.183,0.456) filter=(0.208,0.429) target=(1408,485) cursor=(1368,460)
[CURSOR-ABS] hand=(0.174,0.469) filter=(0.198,0.440) target=(1444,509) cursor=(1407,484)
[CURSOR-ABS] hand=(0.164,0.483) filter=(0.188,0.452) target=(1481,536) cursor=(1443,509)
[CURSOR-ABS] hand=(0.156,0.491) filter=(0.179,0.463) target=(1516,559) cursor=(1481,535)
[CURSOR-ABS] hand=(0.149,0.502) filter=(0.171,0.474) target=(1549,583) cursor=(1516,559)
[CURSOR-ABS] hand=(0.143,0.514) filter=(0.163,0.486) target=(1579,608) cursor=(1548,583)
[CURSOR-ABS] hand=(0.142,0.527) filter=(0.157,0.497) target=(1602,633) cursor=(1579,608)
[CURSOR-ABS] hand=(0.140,0.541) filter=(0.152,0.510) target=(1621,660) cursor=(1602,633)
[CURSOR-ABS] hand=(0.138,0.555) filter=(0.148,0.523) target=(1636,687) cursor=(1621,660)
[CURSOR-ABS] hand=(0.139,0.571) filter=(0.146,0.536) target=(1645,717) cursor=(1636,687)
[CURSOR-ABS] hand=(0.141,0.592) filter=(0.144,0.553) target=(1651,752) cursor=(1645,717)
[CURSOR-ABS] hand=(0.148,0.603) filter=(0.145,0.567) target=(1646,783) cursor=(1651,752)
[CURSOR-ABS] hand=(0.159,0.620) filter=(0.149,0.582) target=(1632,816) cursor=(1646,783)
[CURSOR-ABS] hand=(0.172,0.638) filter=(0.155,0.598) target=(1608,850) cursor=(1632,815)
[CURSOR-ABS] hand=(0.192,0.649) filter=(0.166,0.612) target=(1569,882) cursor=(1608,850)
[CURSOR-ABS] hand=(0.212,0.659) filter=(0.179,0.626) target=(1519,910) cursor=(1569,881)
[CURSOR-ABS] hand=(0.231,0.672) filter=(0.195,0.640) target=(1456,941) cursor=(1519,910)
[CURSOR-ABS] hand=(0.250,0.684) filter=(0.209,0.652) target=(1402,966) cursor=(1457,941)
[CURSOR-ABS] hand=(0.274,0.687) filter=(0.227,0.662) target=(1332,988) cursor=(1402,966)
[CURSOR-ABS] hand=(0.299,0.683) filter=(0.248,0.668) target=(1253,1001) cursor=(1333,987)
[CURSOR-ABS] hand=(0.323,0.684) filter=(0.270,0.672) target=(1169,1011) cursor=(1253,1001)
[CURSOR-ABS] hand=(0.347,0.679) filter=(0.292,0.674) target=(1085,1015) cursor=(1169,1011)
[CURSOR-ABS] hand=(0.373,0.681) filter=(0.315,0.676) target=(996,1019) cursor=(1085,1015)
[CURSOR-ABS] hand=(0.398,0.665) filter=(0.339,0.673) target=(904,1012) cursor=(996,1019)
[CURSOR-ABS] hand=(0.424,0.654) filter=(0.364,0.668) target=(809,1000) cursor=(905,1012)
[CURSOR-ABS] hand=(0.446,0.638) filter=(0.387,0.659) target=(717,983) cursor=(810,1001)
[CURSOR-ABS] hand=(0.471,0.617) filter=(0.411,0.648) target=(625,957) cursor=(717,983)
[CURSOR-ABS] hand=(0.492,0.595) filter=(0.435,0.633) target=(534,925) cursor=(625,957)
[CURSOR-ABS] hand=(0.509,0.574) filter=(0.456,0.616) target=(453,890) cursor=(534,925)
[CURSOR-ABS] hand=(0.525,0.546) filter=(0.476,0.596) target=(376,846) cursor=(454,890)
[CURSOR-ABS] hand=(0.535,0.521) filter=(0.493,0.575) target=(310,800) cursor=(377,846)
[CURSOR-ABS] hand=(0.541,0.491) filter=(0.515,0.538) target=(229,720) cursor=(310,800)
[CURSOR-ABS] hand=(0.539,0.469) filter=(0.522,0.518) target=(201,677) cursor=(229,721)
[CURSOR-ABS] hand=(0.531,0.454) filter=(0.524,0.500) target=(191,638) cursor=(201,677)
[CURSOR-ABS] hand=(0.521,0.430) filter=(0.523,0.480) target=(195,595) cursor=(191,638)
[CURSOR-ABS] hand=(0.508,0.408) filter=(0.519,0.459) target=(211,550) cursor=(195,596)
[CURSOR-ABS] hand=(0.493,0.385) filter=(0.512,0.438) target=(239,504) cursor=(211,551)
[CURSOR-ABS] hand=(0.478,0.366) filter=(0.502,0.417) target=(276,459) cursor=(239,505)
[CURSOR-ABS] hand=(0.461,0.352) filter=(0.490,0.397) target=(324,415) cursor=(276,459)
[CURSOR-ABS] hand=(0.441,0.337) filter=(0.477,0.381) target=(372,381) cursor=(323,416)
[CURSOR-ABS] hand=(0.422,0.325) filter=(0.462,0.365) target=(433,346) cursor=(372,381)
[CURSOR-ABS] hand=(0.403,0.318) filter=(0.445,0.351) target=(495,317) cursor=(432,346)
[CURSOR-ABS] hand=(0.388,0.315) filter=(0.428,0.341) target=(560,294) cursor=(495,317)
[CURSOR-ABS] hand=(0.372,0.316) filter=(0.413,0.334) target=(620,279) cursor=(559,295)
[CURSOR-ABS] hand=(0.357,0.314) filter=(0.397,0.328) target=(681,267) cursor=(619,279)
[CURSOR-ABS] hand=(0.344,0.314) filter=(0.382,0.324) target=(740,258) cursor=(681,267)
[CURSOR-ABS] hand=(0.332,0.311) filter=(0.368,0.320) target=(793,250) cursor=(739,258)
[CURSOR-ABS] hand=(0.320,0.316) filter=(0.354,0.319) target=(847,248) cursor=(793,251)
[CURSOR-ABS] hand=(0.307,0.318) filter=(0.341,0.319) target=(897,247) cursor=(846,248)
[CURSOR-ABS] hand=(0.296,0.321) filter=(0.328,0.320) target=(946,249) cursor=(896,247)
[CURSOR-ABS] hand=(0.284,0.323) filter=(0.315,0.321) target=(995,251) cursor=(946,249)
[CURSOR-ABS] hand=(0.271,0.329) filter=(0.303,0.323) target=(1042,256) cursor=(995,251)
[CURSOR-ABS] hand=(0.259,0.331) filter=(0.290,0.325) target=(1090,261) cursor=(1042,256)
[CURSOR-ABS] hand=(0.250,0.335) filter=(0.279,0.328) target=(1134,267) cursor=(1090,261)
[CURSOR-ABS] hand=(0.241,0.334) filter=(0.268,0.330) target=(1176,271) cursor=(1134,267)
[CURSOR-ABS] hand=(0.229,0.340) filter=(0.257,0.333) target=(1218,277) cursor=(1175,271)
[CURSOR-ABS] hand=(0.222,0.343) filter=(0.247,0.336) target=(1256,283) cursor=(1218,277)
[CURSOR-ABS] hand=(0.213,0.346) filter=(0.237,0.338) target=(1294,290) cursor=(1256,283)
[CURSOR-ABS] hand=(0.210,0.352) filter=(0.230,0.342) target=(1323,298) cursor=(1294,290)
[CURSOR-ABS] hand=(0.209,0.363) filter=(0.224,0.348) target=(1346,310) cursor=(1323,298)
[CURSOR-ABS] hand=(0.212,0.374) filter=(0.220,0.355) target=(1359,326) cursor=(1346,310)
[CURSOR-ABS] hand=(0.217,0.383) filter=(0.219,0.363) target=(1362,343) cursor=(1359,326)
[CURSOR-ABS] hand=(0.219,0.395) filter=(0.219,0.372) target=(1363,362) cursor=(1362,343)
[CURSOR-ABS] hand=(0.224,0.408) filter=(0.221,0.382) target=(1358,384) cursor=(1362,362)
[CURSOR-ABS] hand=(0.227,0.421) filter=(0.222,0.393) target=(1351,408) cursor=(1358,384)
[CURSOR-ABS] hand=(0.230,0.439) filter=(0.225,0.406) target=(1342,436) cursor=(1351,408)
[CURSOR-ABS] hand=(0.236,0.446) filter=(0.228,0.418) target=(1330,460) cursor=(1342,436)
[CURSOR-ABS] hand=(0.243,0.457) filter=(0.232,0.429) target=(1314,485) cursor=(1330,460)
[CURSOR-ABS] hand=(0.248,0.471) filter=(0.237,0.441) target=(1297,510) cursor=(1314,484)
[CURSOR-ABS] hand=(0.256,0.476) filter=(0.242,0.451) target=(1275,532) cursor=(1297,510)
[CURSOR-ABS] hand=(0.265,0.482) filter=(0.248,0.460) target=(1251,551) cursor=(1276,532)
[CURSOR-ABS] hand=(0.277,0.494) filter=(0.257,0.469) target=(1220,572) cursor=(1251,551)
[CURSOR-ABS] hand=(0.290,0.498) filter=(0.266,0.477) target=(1183,590) cursor=(1220,572)
[CURSOR-ABS] hand=(0.303,0.497) filter=(0.277,0.483) target=(1143,602) cursor=(1183,590)
[CURSOR-ABS] hand=(0.319,0.500) filter=(0.288,0.488) target=(1097,612) cursor=(1143,602)
[CURSOR-ABS] hand=(0.336,0.498) filter=(0.302,0.491) target=(1045,618) cursor=(1098,612)
[CURSOR-ABS] hand=(0.354,0.497) filter=(0.317,0.493) target=(989,622) cursor=(1045,618)
[CURSOR-ABS] hand=(0.375,0.498) filter=(0.333,0.494) target=(924,625) cursor=(989,622)
[CURSOR-ABS] hand=(0.394,0.492) filter=(0.351,0.493) target=(859,624) cursor=(925,625)
[CURSOR-ABS] hand=(0.413,0.487) filter=(0.368,0.492) target=(791,620) cursor=(859,624)
[CURSOR-ABS] hand=(0.429,0.484) filter=(0.386,0.490) target=(723,616) cursor=(791,620)
[CURSOR-ABS] hand=(0.442,0.484) filter=(0.402,0.488) target=(661,612) cursor=(723,616)
[CURSOR-ABS] hand=(0.456,0.481) filter=(0.418,0.486) target=(601,608) cursor=(662,612)
[CURSOR-ABS] hand=(0.469,0.481) filter=(0.432,0.485) target=(545,605) cursor=(601,608)
[CURSOR-ABS] hand=(0.482,0.478) filter=(0.447,0.483) target=(489,601) cursor=(545,605)
[CURSOR-ABS] hand=(0.495,0.475) filter=(0.460,0.480) target=(437,596) cursor=(489,601)
[CURSOR-ABS] hand=(0.511,0.476) filter=(0.475,0.479) target=(382,594) cursor=(438,596)
[CURSOR-ABS] hand=(0.526,0.474) filter=(0.490,0.478) target=(325,590) cursor=(382,594)
[CURSOR-ABS] hand=(0.540,0.471) filter=(0.504,0.476) target=(270,586) cursor=(325,590)
[CURSOR-ABS] hand=(0.555,0.473) filter=(0.518,0.475) target=(214,585) cursor=(270,586)
[CURSOR-ABS] hand=(0.566,0.472) filter=(0.532,0.474) target=(160,583) cursor=(214,585)
[CURSOR-ABS] hand=(0.573,0.472) filter=(0.544,0.474) target=(116,581) cursor=(161,583)
[CURSOR-ABS] hand=(0.572,0.473) filter=(0.556,0.473) target=(69,581) cursor=(116,581)
[CURSOR-ABS] hand=(0.572,0.480) filter=(0.561,0.475) target=(52,584) cursor=(69,581)
[CURSOR-ABS] hand=(0.568,0.483) filter=(0.563,0.477) target=(44,589) cursor=(52,584)
[CURSOR-ABS] hand=(0.563,0.487) filter=(0.563,0.480) target=(44,596) cursor=(44,589)
[CURSOR-ABS] hand=(0.556,0.488) filter=(0.561,0.482) target=(51,600) cursor=(44,596)
[CURSOR-ABS] hand=(0.545,0.496) filter=(0.556,0.486) target=(68,608) cursor=(51,600)
[CURSOR-ABS] hand=(0.532,0.497) filter=(0.550,0.489) target=(94,615) cursor=(68,608)
[CURSOR-ABS] hand=(0.517,0.502) filter=(0.541,0.493) target=(128,623) cursor=(94,615)
[CURSOR-ABS] hand=(0.505,0.518) filter=(0.530,0.500) target=(168,638) cursor=(128,623)
[CURSOR-ABS] hand=(0.489,0.526) filter=(0.519,0.507) target=(212,654) cursor=(168,638)
[CURSOR-ABS] hand=(0.476,0.525) filter=(0.507,0.512) target=(259,665) cursor=(211,654)
[CURSOR-ABS] hand=(0.461,0.530) filter=(0.494,0.517) target=(307,675) cursor=(259,665)
[CURSOR-ABS] hand=(0.446,0.536) filter=(0.480,0.522) target=(360,687) cursor=(307,675)
[CURSOR-ABS] hand=(0.430,0.542) filter=(0.466,0.528) target=(416,699) cursor=(360,687)
[CURSOR-ABS] hand=(0.414,0.547) filter=(0.451,0.533) target=(472,710) cursor=(416,699)
[CURSOR-ABS] hand=(0.399,0.546) filter=(0.436,0.537) target=(531,718) cursor=(472,710)
[CURSOR-ABS] hand=(0.382,0.549) filter=(0.421,0.540) target=(590,725) cursor=(530,718)
[CURSOR-ABS] hand=(0.367,0.550) filter=(0.405,0.543) target=(649,732) cursor=(589,725)
[CURSOR-ABS] hand=(0.348,0.552) filter=(0.389,0.546) target=(713,737) cursor=(649,732)
[CURSOR-ABS] hand=(0.332,0.543) filter=(0.373,0.545) target=(774,736) cursor=(712,737)
[CURSOR-ABS] hand=(0.312,0.542) filter=(0.355,0.544) target=(842,734) cursor=(774,736)
[CURSOR-ABS] hand=(0.290,0.542) filter=(0.336,0.543) target=(913,732) cursor=(842,734)
[CURSOR-ABS] hand=(0.268,0.536) filter=(0.316,0.541) target=(990,728) cursor=(912,732)
[CURSOR-ABS] hand=(0.246,0.529) filter=(0.296,0.538) target=(1068,720) cursor=(989,728)
[CURSOR-ABS] hand=(0.221,0.522) filter=(0.275,0.534) target=(1151,711) cursor=(1067,720)
[CURSOR-ABS] hand=(0.198,0.513) filter=(0.252,0.528) target=(1237,698) cursor=(1150,711)
[CURSOR-ABS] hand=(0.178,0.498) filter=(0.231,0.519) target=(1319,680) cursor=(1237,698)
[CURSOR-ABS] hand=(0.155,0.492) filter=(0.209,0.512) target=(1403,664) cursor=(1318,681)
[CURSOR-ABS] hand=(0.131,0.482) filter=(0.186,0.503) target=(1490,645) cursor=(1402,664)
[CURSOR-ABS] hand=(0.111,0.477) filter=(0.165,0.496) target=(1573,629) cursor=(1490,645)
[CURSOR-ABS] hand=(0.087,0.476) filter=(0.142,0.490) target=(1660,617) cursor=(1573,629)
[CURSOR-ABS] hand=(0.081,0.443) filter=(0.124,0.477) target=(1727,589) cursor=(1659,618)
[CURSOR-ABS] hand=(0.070,0.427) filter=(0.109,0.463) target=(1788,558) cursor=(1727,589)
[CURSOR-ABS] hand=(0.063,0.415) filter=(0.095,0.449) target=(1838,529) cursor=(1788,559)
[CURSOR-ABS] hand=(0.057,0.397) filter=(0.085,0.434) target=(1880,497) cursor=(1838,529)
[CURSOR-ABS] hand=(0.054,0.359) filter=(0.076,0.413) target=(1914,450) cursor=(1880,497)
[CURSOR-ABS] hand=(0.062,0.330) filter=(0.072,0.389) target=(1920,399) cursor=(1914,450)
[CURSOR-ABS] hand=(0.078,0.316) filter=(0.074,0.368) target=(1920,353) cursor=(1920,399)
[CURSOR-ABS] hand=(0.099,0.304) filter=(0.081,0.349) target=(1895,313) cursor=(1920,354)
[CURSOR-ABS] hand=(0.099,0.277) filter=(0.086,0.329) target=(1875,268) cursor=(1895,313)
[CURSOR-ABS] hand=(0.108,0.255) filter=(0.092,0.307) target=(1851,222) cursor=(1875,269)
[CURSOR-ABS] hand=(0.117,0.232) filter=(0.099,0.285) target=(1824,175) cursor=(1851,222)
[CURSOR-ABS] hand=(0.102,0.223) filter=(0.101,0.241) target=(1818,80) cursor=(1824,175)
[CURSOR-ABS] hand=(0.128,0.227) filter=(0.108,0.237) target=(1788,71) cursor=(1818,81)
[CURSOR-ABS] hand=(0.162,0.215) filter=(0.123,0.231) target=(1731,57) cursor=(1788,71)
[CURSOR-ABS] hand=(0.196,0.215) filter=(0.144,0.226) target=(1651,47) cursor=(1731,57)
[CURSOR-ABS] hand=(0.223,0.222) filter=(0.166,0.225) target=(1566,45) cursor=(1652,47)
[CURSOR-ABS] hand=(0.255,0.241) filter=(0.192,0.229) target=(1469,54) cursor=(1566,45)
[CURSOR-ABS] hand=(0.285,0.254) filter=(0.219,0.236) target=(1364,69) cursor=(1469,54)
[CURSOR-ABS] hand=(0.314,0.287) filter=(0.246,0.251) target=(1258,100) cursor=(1365,69)
[CURSOR-ABS] hand=(0.345,0.310) filter=(0.275,0.267) target=(1148,136) cursor=(1259,100)
[CURSOR-ABS] hand=(0.372,0.336) filter=(0.303,0.287) target=(1042,177) cursor=(1149,136)
[CURSOR-ABS] hand=(0.394,0.352) filter=(0.329,0.305) target=(940,218) cursor=(1042,177)
[CURSOR-ABS] hand=(0.411,0.375) filter=(0.354,0.325) target=(847,262) cursor=(940,218)
[CURSOR-ABS] hand=(0.424,0.403) filter=(0.374,0.347) target=(770,309) cursor=(848,261)
[CURSOR-ABS] hand=(0.430,0.422) filter=(0.390,0.369) target=(706,356) cursor=(770,309)
[CURSOR-ABS] hand=(0.433,0.434) filter=(0.403,0.387) target=(659,395) cursor=(706,356)
[CURSOR-ABS] hand=(0.433,0.451) filter=(0.416,0.416) target=(607,457) cursor=(659,395)
[CURSOR-ABS] hand=(0.432,0.470) filter=(0.421,0.432) target=(589,491) cursor=(607,456)
[CURSOR-ABS] hand=(0.426,0.484) filter=(0.422,0.447) target=(584,523) cursor=(590,491)
[CURSOR-ABS] hand=(0.419,0.499) filter=(0.421,0.462) target=(587,556) cursor=(584,523)
[CURSOR-ABS] hand=(0.409,0.516) filter=(0.418,0.477) target=(601,589) cursor=(587,556)
[CURSOR-ABS] hand=(0.397,0.530) filter=(0.412,0.492) target=(623,622) cursor=(600,589)
[CURSOR-ABS] hand=(0.386,0.543) filter=(0.404,0.507) target=(652,654) cursor=(623,622)
[CURSOR-ABS] hand=(0.375,0.555) filter=(0.396,0.520) target=(683,683) cursor=(651,653)
[CURSOR-ABS] hand=(0.365,0.568) filter=(0.387,0.534) target=(718,713) cursor=(683,683)
[CURSOR-ABS] hand=(0.351,0.583) filter=(0.377,0.548) target=(756,743) cursor=(718,713)
[CURSOR-ABS] hand=(0.339,0.592) filter=(0.367,0.561) target=(797,770) cursor=(756,743)
[CURSOR-ABS] hand=(0.329,0.602) filter=(0.356,0.573) target=(838,796) cursor=(797,770)
[CURSOR-ABS] hand=(0.317,0.600) filter=(0.345,0.580) target=(880,812) cursor=(838,795)
[CURSOR-ABS] hand=(0.304,0.601) filter=(0.333,0.586) target=(925,825) cursor=(880,812)
[CURSOR-ABS] hand=(0.293,0.600) filter=(0.322,0.590) target=(968,833) cursor=(925,825)
[CURSOR-ABS] hand=(0.280,0.585) filter=(0.310,0.589) target=(1014,830) cursor=(968,833)
[CURSOR-ABS] hand=(0.266,0.571) filter=(0.298,0.584) target=(1062,819) cursor=(1014,830)
[CURSOR-ABS] hand=(0.255,0.558) filter=(0.285,0.577) target=(1109,804) cursor=(1062,819)
[CURSOR-ABS] hand=(0.238,0.545) filter=(0.272,0.568) target=(1161,784) cursor=(1108,804)
[CURSOR-ABS] hand=(0.223,0.513) filter=(0.258,0.553) target=(1213,752) cursor=(1160,785)
[CURSOR-ABS] hand=(0.204,0.494) filter=(0.243,0.536) target=(1272,716) cursor=(1212,752)
[CURSOR-ABS] hand=(0.190,0.474) filter=(0.228,0.518) target=(1331,678) cursor=(1272,716)
[CURSOR-ABS] hand=(0.175,0.449) filter=(0.213,0.498) target=(1388,635) cursor=(1330,678)
[CURSOR-ABS] hand=(0.165,0.423) filter=(0.199,0.476) target=(1442,588) cursor=(1388,635)
[CURSOR-ABS] hand=(0.158,0.409) filter=(0.187,0.458) target=(1485,547) cursor=(1442,588)
[CURSOR-ABS] hand=(0.157,0.383) filter=(0.179,0.436) target=(1519,501) cursor=(1485,547)
[CURSOR-ABS] hand=(0.162,0.362) filter=(0.174,0.414) target=(1537,454) cursor=(1519,501)
[CURSOR-ABS] hand=(0.175,0.332) filter=(0.174,0.391) target=(1536,403) cursor=(1537,454)
[CURSOR-ABS] hand=(0.187,0.322) filter=(0.178,0.371) target=(1522,360) cursor=(1536,403)
[CURSOR-ABS] hand=(0.206,0.298) filter=(0.186,0.350) target=(1491,314) cursor=(1522,360)
[CURSOR-ABS] hand=(0.224,0.288) filter=(0.196,0.332) target=(1451,276) cursor=(1492,315)
[CURSOR-ABS] hand=(0.245,0.285) filter=(0.210,0.318) target=(1397,246) cursor=(1451,276)
[CURSOR-ABS] hand=(0.267,0.290) filter=(0.226,0.310) target=(1337,229) cursor=(1398,246)
[CURSOR-ABS] hand=(0.291,0.298) filter=(0.245,0.307) target=(1265,221) cursor=(1337,229)
[CURSOR-ABS] hand=(0.312,0.314) filter=(0.264,0.309) target=(1192,226) cursor=(1266,221)
[CURSOR-ABS] hand=(0.342,0.324) filter=(0.286,0.313) target=(1106,235) cursor=(1193,225)
[CURSOR-ABS] hand=(0.364,0.334) filter=(0.309,0.319) target=(1019,248) cursor=(1107,235)
[CURSOR-ABS] hand=(0.392,0.353) filter=(0.332,0.328) target=(928,268) cursor=(1020,248)
[CURSOR-ABS] hand=(0.412,0.381) filter=(0.356,0.343) target=(839,300) cursor=(929,268)
[CURSOR-ABS] hand=(0.431,0.409) filter=(0.378,0.362) target=(755,340) cursor=(839,300)
[CURSOR-ABS] hand=(0.442,0.428) filter=(0.396,0.380) target=(684,380) cursor=(756,340)
[CURSOR-ABS] hand=(0.448,0.448) filter=(0.411,0.400) target=(625,423) cursor=(684,380)
[CURSOR-ABS] hand=(0.449,0.467) filter=(0.422,0.419) target=(584,463) cursor=(625,422)
[CURSOR-ABS] hand=(0.444,0.486) filter=(0.429,0.438) target=(559,505) cursor=(585,463)
[CURSOR-ABS] hand=(0.435,0.503) filter=(0.430,0.456) target=(552,544) cursor=(560,504)
[CURSOR-ABS] hand=(0.426,0.516) filter=(0.429,0.474) target=(556,582) cursor=(552,544)
[CURSOR-ABS] hand=(0.415,0.527) filter=(0.425,0.489) target=(572,615) cursor=(556,581)
[CURSOR-ABS] hand=(0.402,0.537) filter=(0.419,0.503) target=(597,644) cursor=(572,615)
[CURSOR-ABS] hand=(0.387,0.541) filter=(0.410,0.514) target=(631,668) cursor=(597,644)
[CURSOR-ABS] hand=(0.374,0.540) filter=(0.400,0.521) target=(669,684) cursor=(631,668)
[CURSOR-ABS] hand=(0.360,0.543) filter=(0.389,0.527) target=(713,698) cursor=(669,684)
[CURSOR-ABS] hand=(0.349,0.547) filter=(0.377,0.533) target=(756,710) cursor=(712,698)
[CURSOR-ABS] hand=(0.335,0.544) filter=(0.366,0.536) target=(801,717) cursor=(755,710)
[CURSOR-ABS] hand=(0.325,0.535) filter=(0.354,0.536) target=(845,716) cursor=(801,717)
[CURSOR-ABS] hand=(0.314,0.522) filter=(0.343,0.532) target=(889,707) cursor=(845,716)
[CURSOR-ABS] hand=(0.301,0.515) filter=(0.331,0.527) target=(934,698) cursor=(889,707)
[CURSOR-ABS] hand=(0.290,0.507) filter=(0.319,0.522) target=(979,685) cursor=(934,698)
[CURSOR-ABS] hand=(0.279,0.496) filter=(0.308,0.514) target=(1023,670) cursor=(979,685)
[CURSOR-ABS] hand=(0.269,0.480) filter=(0.297,0.505) target=(1065,648) cursor=(1022,670)
[CURSOR-ABS] hand=(0.262,0.469) filter=(0.287,0.495) target=(1103,627) cursor=(1065,649)
[CURSOR-ABS] hand=(0.260,0.453) filter=(0.279,0.483) target=(1133,601) cursor=(1103,627)
[CURSOR-ABS] hand=(0.260,0.441) filter=(0.271,0.465) target=(1164,562) cursor=(1133,601)
[CURSOR-ABS] hand=(0.263,0.425) filter=(0.269,0.453) target=(1172,538) cursor=(1164,562)
[CURSOR-ABS] hand=(0.272,0.410) filter=(0.270,0.441) target=(1169,511) cursor=(1172,538)
[CURSOR-ABS] hand=(0.281,0.408) filter=(0.273,0.432) target=(1157,491) cursor=(1169,511)
[CURSOR-ABS] hand=(0.298,0.401) filter=(0.280,0.423) target=(1130,472) cursor=(1157,491)
[CURSOR-ABS] hand=(0.313,0.398) filter=(0.289,0.416) target=(1094,457) cursor=(1131,473)
[CURSOR-ABS] hand=(0.330,0.393) filter=(0.301,0.410) target=(1050,443) cursor=(1095,457)
[CURSOR-ABS] hand=(0.350,0.383) filter=(0.315,0.402) target=(996,427) cursor=(1050,443)
[CURSOR-ABS] hand=(0.369,0.383) filter=(0.330,0.397) target=(938,415) cursor=(997,427)
[CURSOR-ABS] hand=(0.388,0.385) filter=(0.346,0.393) target=(875,408) cursor=(938,415)
[CURSOR-ABS] hand=(0.407,0.395) filter=(0.364,0.394) target=(807,409) cursor=(876,408)
[CURSOR-ABS] hand=(0.423,0.409) filter=(0.380,0.398) target=(744,418) cursor=(808,409)
[CURSOR-ABS] hand=(0.433,0.430) filter=(0.396,0.407) target=(686,438) cursor=(744,418)
[CURSOR-ABS] hand=(0.440,0.450) filter=(0.408,0.419) target=(638,464) cursor=(686,438)
[CURSOR-ABS] hand=(0.443,0.469) filter=(0.418,0.433) target=(600,494) cursor=(638,464)
[CURSOR-ABS] hand=(0.444,0.493) filter=(0.426,0.450) target=(570,531) cursor=(600,494)
[CURSOR-ABS] hand=(0.440,0.514) filter=(0.430,0.468) target=(555,569) cursor=(571,531)
[CURSOR-ABS] hand=(0.433,0.531) filter=(0.431,0.486) target=(551,609) cursor=(555,569)
[CURSOR-ABS] hand=(0.425,0.542) filter=(0.429,0.502) target=(557,643) cursor=(551,608)
[CURSOR-ABS] hand=(0.412,0.550) filter=(0.424,0.516) target=(575,672) cursor=(557,643)
[CURSOR-ABS] hand=(0.395,0.552) filter=(0.416,0.526) target=(607,695) cursor=(575,672)
[CURSOR-ABS] hand=(0.380,0.549) filter=(0.406,0.533) target=(645,709) cursor=(607,695)
[CURSOR-ABS] hand=(0.360,0.545) filter=(0.393,0.536) target=(696,717) cursor=(645,709)
[CURSOR-ABS] hand=(0.341,0.533) filter=(0.378,0.535) target=(752,715) cursor=(696,716)
[CURSOR-ABS] hand=(0.323,0.518) filter=(0.363,0.530) target=(812,704) cursor=(751,715)
[CURSOR-ABS] hand=(0.303,0.497) filter=(0.346,0.521) target=(877,684) cursor=(812,704)
[CURSOR-ABS] hand=(0.290,0.479) filter=(0.330,0.509) target=(937,658) cursor=(877,684)
[CURSOR-ABS] hand=(0.285,0.447) filter=(0.317,0.491) target=(988,620) cursor=(937,659)
[CURSOR-ABS] hand=(0.285,0.421) filter=(0.308,0.472) target=(1023,578) cursor=(988,620)
[CURSOR-ABS] hand=(0.289,0.407) filter=(0.302,0.453) target=(1044,538) cursor=(1022,578)
[CURSOR-ABS] hand=(0.299,0.396) filter=(0.301,0.437) target=(1048,502) cursor=(1044,538)
[CURSOR-ABS] hand=(0.310,0.385) filter=(0.304,0.422) target=(1038,470) cursor=(1048,502)
[CURSOR-ABS] hand=(0.328,0.380) filter=(0.311,0.410) target=(1012,444) cursor=(1038,471)
[CURSOR-ABS] hand=(0.347,0.375) filter=(0.321,0.400) target=(973,422) cursor=(1012,444)
[CURSOR-ABS] hand=(0.367,0.375) filter=(0.334,0.393) target=(923,407) cursor=(973,423)
[CURSOR-ABS] hand=(0.388,0.384) filter=(0.349,0.390) target=(864,402) cursor=(923,407)
[CURSOR-ABS] hand=(0.407,0.398) filter=(0.366,0.392) target=(801,406) cursor=(864,402)
[CURSOR-ABS] hand=(0.424,0.413) filter=(0.382,0.398) target=(738,419) cursor=(801,406)
[CURSOR-ABS] hand=(0.436,0.437) filter=(0.397,0.409) target=(679,442) cursor=(738,419)
[CURSOR-ABS] hand=(0.442,0.460) filter=(0.410,0.423) target=(631,473) cursor=(680,442)
[CURSOR-ABS] hand=(0.441,0.491) filter=(0.419,0.442) target=(597,514) cursor=(631,472)
[CURSOR-ABS] hand=(0.431,0.515) filter=(0.422,0.463) target=(583,558) cursor=(597,514)
[CURSOR-ABS] hand=(0.417,0.538) filter=(0.421,0.484) target=(589,605) cursor=(583,558)
[CURSOR-ABS] hand=(0.397,0.543) filter=(0.414,0.501) target=(614,641) cursor=(589,604)
[CURSOR-ABS] hand=(0.374,0.547) filter=(0.403,0.514) target=(658,669) cursor=(614,641)
[CURSOR-ABS] hand=(0.350,0.535) filter=(0.388,0.520) target=(714,682) cursor=(657,669)
[CURSOR-ABS] hand=(0.327,0.520) filter=(0.371,0.520) target=(780,682) cursor=(714,682)
[CURSOR-ABS] hand=(0.307,0.492) filter=(0.353,0.512) target=(850,665) cursor=(779,682)
[CURSOR-ABS] hand=(0.292,0.459) filter=(0.335,0.497) target=(917,633) cursor=(850,665)
[CURSOR-ABS] hand=(0.288,0.418) filter=(0.322,0.475) target=(969,585) cursor=(917,633)
[CURSOR-ABS] hand=(0.292,0.387) filter=(0.313,0.450) target=(1001,531) cursor=(968,585)
[CURSOR-ABS] hand=(0.304,0.364) filter=(0.311,0.426) target=(1011,478) cursor=(1001,531)
[CURSOR-ABS] hand=(0.325,0.345) filter=(0.315,0.402) target=(995,428) cursor=(1011,478)
[CURSOR-ABS] hand=(0.352,0.331) filter=(0.325,0.382) target=(956,384) cursor=(995,428)
[CURSOR-ABS] hand=(0.376,0.330) filter=(0.339,0.367) target=(902,352) cursor=(956,384)
[CURSOR-ABS] hand=(0.402,0.338) filter=(0.357,0.359) target=(833,334) cursor=(903,352)
[CURSOR-ABS] hand=(0.426,0.354) filter=(0.377,0.358) target=(759,331) cursor=(834,334)
[CURSOR-ABS] hand=(0.447,0.386) filter=(0.397,0.366) target=(681,349) cursor=(759,331)
[CURSOR-ABS] hand=(0.462,0.425) filter=(0.415,0.382) target=(611,384) cursor=(681,349)
[CURSOR-ABS] hand=(0.469,0.463) filter=(0.431,0.405) target=(551,433) cursor=(611,384)
[CURSOR-ABS] hand=(0.464,0.501) filter=(0.440,0.433) target=(514,493) cursor=(552,433)
[CURSOR-ABS] hand=(0.452,0.535) filter=(0.444,0.461) target=(501,555) cursor=(514,493)
[CURSOR-ABS] hand=(0.431,0.556) filter=(0.440,0.489) target=(515,615) cursor=(501,554)
[CURSOR-ABS] hand=(0.407,0.563) filter=(0.431,0.510) target=(549,660) cursor=(515,615)
[CURSOR-ABS] hand=(0.381,0.562) filter=(0.409,0.533) target=(632,710) cursor=(549,660)
[CURSOR-ABS] hand=(0.353,0.543) filter=(0.393,0.536) target=(694,716) cursor=(632,710)
[CURSOR-ABS] hand=(0.329,0.519) filter=(0.376,0.531) target=(763,706) cursor=(693,716)
[CURSOR-ABS] hand=(0.312,0.475) filter=(0.357,0.515) target=(833,671) cursor=(763,706)
[CURSOR-ABS] hand=(0.310,0.421) filter=(0.344,0.489) target=(883,615) cursor=(832,672)
[CURSOR-ABS] hand=(0.322,0.393) filter=(0.338,0.462) target=(908,556) cursor=(883,616)
[CURSOR-ABS] hand=(0.346,0.354) filter=(0.340,0.431) target=(898,489) cursor=(907,556)
[CURSOR-ABS] hand=(0.376,0.331) filter=(0.350,0.402) target=(860,428) cursor=(898,489)
[CURSOR-ABS] hand=(0.415,0.317) filter=(0.368,0.377) target=(790,374) cursor=(860,428)
[CURSOR-ABS] hand=(0.456,0.320) filter=(0.393,0.361) target=(696,338) cursor=(790,374)
[CURSOR-ABS] hand=(0.487,0.330) filter=(0.420,0.352) target=(593,319) cursor=(697,338)
[CURSOR-ABS] hand=(0.509,0.361) filter=(0.445,0.355) target=(494,324) cursor=(593,319)
[CURSOR-ABS] hand=(0.522,0.408) filter=(0.467,0.369) target=(411,357) cursor=(495,324)
[CURSOR-ABS] hand=(0.523,0.455) filter=(0.484,0.394) target=(348,409) cursor=(411,356)
[CURSOR-ABS] hand=(0.519,0.508) filter=(0.494,0.426) target=(310,478) cursor=(348,408)
[CURSOR-ABS] hand=(0.507,0.560) filter=(0.497,0.464) target=(295,560) cursor=(310,477)
[CURSOR-ABS] hand=(0.485,0.596) filter=(0.494,0.503) target=(309,645) cursor=(295,560)
[CURSOR-ABS] hand=(0.453,0.612) filter=(0.483,0.534) target=(351,711) cursor=(308,644)
[CURSOR-ABS] hand=(0.421,0.605) filter=(0.465,0.555) target=(419,757) cursor=(351,711)
[CURSOR-ABS] hand=(0.388,0.581) filter=(0.444,0.562) target=(501,773) cursor=(418,757)
[CURSOR-ABS] hand=(0.357,0.527) filter=(0.419,0.552) target=(596,751) cursor=(500,773)
[CURSOR-ABS] hand=(0.342,0.465) filter=(0.397,0.527) target=(680,698) cursor=(595,751)
[CURSOR-ABS] hand=(0.345,0.394) filter=(0.382,0.490) target=(737,617) cursor=(680,698)
[CURSOR-ABS] hand=(0.361,0.332) filter=(0.376,0.445) target=(760,519) cursor=(737,618)
[CURSOR-ABS] hand=(0.386,0.290) filter=(0.379,0.400) target=(749,423) cursor=(760,519)
[CURSOR-ABS] hand=(0.421,0.272) filter=(0.391,0.363) target=(704,342) cursor=(749,424)
[CURSOR-ABS] hand=(0.459,0.284) filter=(0.410,0.340) target=(630,292) cursor=(705,343)
[CURSOR-ABS] hand=(0.492,0.305) filter=(0.433,0.330) target=(543,270) cursor=(632,293)
[CURSOR-ABS] hand=(0.509,0.350) filter=(0.455,0.335) target=(458,283) cursor=(543,271)
[CURSOR-ABS] hand=(0.518,0.406) filter=(0.472,0.355) target=(391,325) cursor=(459,283)
[CURSOR-ABS] hand=(0.515,0.459) filter=(0.485,0.384) target=(344,388) cursor=(391,325)
[CURSOR-ABS] hand=(0.507,0.516) filter=(0.491,0.422) target=(318,470) cursor=(344,388)
[CURSOR-ABS] hand=(0.487,0.563) filter=(0.490,0.462) target=(323,556) cursor=(318,470)
[CURSOR-ABS] hand=(0.459,0.584) filter=(0.481,0.497) target=(357,633) cursor=(323,555)
[CURSOR-ABS] hand=(0.424,0.592) filter=(0.465,0.525) target=(419,692) cursor=(357,633)
[CURSOR-ABS] hand=(0.382,0.581) filter=(0.442,0.541) target=(508,727) cursor=(418,691)
[CURSOR-ABS] hand=(0.344,0.535) filter=(0.414,0.539) target=(617,724) cursor=(508,727)
[CURSOR-ABS] hand=(0.309,0.498) filter=(0.384,0.528) target=(730,698) cursor=(616,724)
[CURSOR-ABS] hand=(0.285,0.426) filter=(0.355,0.499) target=(840,636) cursor=(729,699)
[CURSOR-ABS] hand=(0.273,0.354) filter=(0.332,0.458) target=(931,548) cursor=(840,637)
[CURSOR-ABS] hand=(0.277,0.288) filter=(0.316,0.410) target=(991,443) cursor=(930,549)
[CURSOR-ABS] hand=(0.294,0.249) filter=(0.310,0.362) target=(1016,341) cursor=(991,444)
[CURSOR-ABS] hand=(0.322,0.233) filter=(0.313,0.324) target=(1002,259) cursor=(1016,341)
[CURSOR-ABS] hand=(0.356,0.226) filter=(0.325,0.295) target=(956,197) cursor=(1002,260)
[CURSOR-ABS] hand=(0.394,0.233) filter=(0.344,0.278) target=(882,158) cursor=(956,197)
[CURSOR-ABS] hand=(0.428,0.247) filter=(0.368,0.269) target=(792,139) cursor=(883,158)
[CURSOR-ABS] hand=(0.466,0.271) filter=(0.397,0.269) target=(682,140) cursor=(792,139)
[CURSOR-ABS] hand=(0.483,0.319) filter=(0.420,0.283) target=(591,169) cursor=(682,140)
[CURSOR-ABS] hand=(0.493,0.376) filter=(0.441,0.309) target=(511,226) cursor=(591,169)
[CURSOR-ABS] hand=(0.491,0.430) filter=(0.456,0.343) target=(455,300) cursor=(511,226)
[CURSOR-ABS] hand=(0.481,0.475) filter=(0.463,0.381) target=(428,381) cursor=(456,300)
[CURSOR-ABS] hand=(0.465,0.510) filter=(0.463,0.418) target=(425,462) cursor=(428,380)
[CURSOR-ABS] hand=(0.441,0.534) filter=(0.457,0.451) target=(449,534) cursor=(425,462)
[CURSOR-ABS] hand=(0.414,0.543) filter=(0.445,0.478) target=(496,592) cursor=(449,533)
[CURSOR-ABS] hand=(0.386,0.544) filter=(0.429,0.497) target=(559,633) cursor=(496,591)
[CURSOR-ABS] hand=(0.354,0.532) filter=(0.408,0.507) target=(640,654) cursor=(559,632)
[CURSOR-ABS] hand=(0.325,0.514) filter=(0.384,0.509) target=(731,659) cursor=(639,654)
[CURSOR-ABS] hand=(0.300,0.477) filter=(0.360,0.500) target=(822,639) cursor=(731,659)
[CURSOR-ABS] hand=(0.281,0.430) filter=(0.337,0.480) target=(911,596) cursor=(822,639)
[CURSOR-ABS] hand=(0.268,0.392) filter=(0.317,0.456) target=(987,543) cursor=(910,596)
[CURSOR-ABS] hand=(0.263,0.349) filter=(0.302,0.426) target=(1046,479) cursor=(987,543)
[CURSOR-ABS] hand=(0.273,0.309) filter=(0.289,0.374) target=(1095,365) cursor=(1046,479)
[CURSOR-ABS] hand=(0.289,0.292) filter=(0.289,0.351) target=(1095,316) cursor=(1095,366)
[CURSOR-ABS] hand=(0.311,0.283) filter=(0.295,0.331) target=(1071,274) cursor=(1095,317)
[CURSOR-ABS] hand=(0.344,0.281) filter=(0.309,0.317) target=(1019,243) cursor=(1071,275)
[CURSOR-ABS] hand=(0.377,0.292) filter=(0.328,0.310) target=(946,228) cursor=(1019,244)
[CURSOR-ABS] hand=(0.409,0.312) filter=(0.351,0.310) target=(856,229) cursor=(946,228)
[CURSOR-ABS] hand=(0.435,0.341) filter=(0.375,0.319) target=(766,247) cursor=(857,229)
[CURSOR-ABS] hand=(0.452,0.392) filter=(0.397,0.339) target=(681,292) cursor=(767,247)
[CURSOR-ABS] hand=(0.461,0.434) filter=(0.415,0.366) target=(611,350) cursor=(682,292)
[CURSOR-ABS] hand=(0.462,0.480) filter=(0.429,0.399) target=(559,419) cursor=(611,349)
[CURSOR-ABS] hand=(0.458,0.528) filter=(0.437,0.436) target=(526,501) cursor=(559,419)
[CURSOR-ABS] hand=(0.452,0.558) filter=(0.441,0.471) target=(510,576) cursor=(526,501)
[CURSOR-ABS] hand=(0.444,0.581) filter=(0.442,0.503) target=(507,646) cursor=(510,575)
[CURSOR-ABS] hand=(0.438,0.595) filter=(0.441,0.530) target=(511,703) cursor=(508,645)
[CURSOR-ABS] hand=(0.432,0.601) filter=(0.439,0.551) target=(521,748) cursor=(511,703)
[CURSOR-ABS] hand=(0.428,0.602) filter=(0.435,0.566) target=(533,781) cursor=(521,748)
[CURSOR-ABS] hand=(0.423,0.593) filter=(0.432,0.574) target=(546,797) cursor=(532,780)
[CURSOR-ABS] hand=(0.418,0.585) filter=(0.428,0.577) target=(561,805) cursor=(546,797)
[CURSOR-ABS] hand=(0.411,0.576) filter=(0.423,0.577) target=(580,804) cursor=(561,804)
[CURSOR-ABS] hand=(0.400,0.568) filter=(0.417,0.574) target=(604,799) cursor=(579,804)
[CURSOR-ABS] hand=(0.387,0.559) filter=(0.408,0.570) target=(637,789) cursor=(604,799)
[CURSOR-ABS] hand=(0.376,0.550) filter=(0.399,0.564) target=(671,777) cursor=(637,789)
[CURSOR-ABS] hand=(0.362,0.546) filter=(0.389,0.559) target=(713,766) cursor=(671,777)
[CURSOR-ABS] hand=(0.347,0.538) filter=(0.377,0.553) target=(758,753) cursor=(712,766)
[CURSOR-ABS] hand=(0.332,0.527) filter=(0.364,0.546) target=(807,737) cursor=(758,753)
[CURSOR-ABS] hand=(0.314,0.527) filter=(0.350,0.540) target=(861,725) cursor=(806,737)
[CURSOR-ABS] hand=(0.295,0.524) filter=(0.334,0.536) target=(921,716) cursor=(861,726)
[CURSOR-ABS] hand=(0.276,0.523) filter=(0.317,0.532) target=(986,708) cursor=(921,716)
[CURSOR-ABS] hand=(0.258,0.509) filter=(0.301,0.526) target=(1050,694) cursor=(985,708)
[CURSOR-ABS] hand=(0.239,0.507) filter=(0.283,0.520) target=(1118,683) cursor=(1050,694)
[CURSOR-ABS] hand=(0.222,0.499) filter=(0.266,0.514) target=(1185,669) cursor=(1117,683)
[CURSOR-ABS] hand=(0.203,0.493) filter=(0.248,0.508) target=(1254,657) cursor=(1185,669)
[CURSOR-ABS] hand=(0.187,0.492) filter=(0.230,0.504) target=(1322,647) cursor=(1254,657)
[CURSOR-ABS] hand=(0.170,0.495) filter=(0.213,0.501) target=(1387,641) cursor=(1321,647)
[CURSOR-ABS] hand=(0.151,0.507) filter=(0.195,0.503) target=(1455,645) cursor=(1387,641)
[CURSOR-ABS] hand=(0.137,0.508) filter=(0.178,0.504) target=(1520,648) cursor=(1454,645)
[CURSOR-ABS] hand=(0.126,0.511) filter=(0.164,0.506) target=(1576,652) cursor=(1519,648)
[CURSOR-ABS] hand=(0.120,0.520) filter=(0.151,0.510) target=(1625,660) cursor=(1576,652)
[CURSOR-ABS] hand=(0.117,0.537) filter=(0.141,0.518) target=(1662,677) cursor=(1625,660)
[CURSOR-ABS] hand=(0.121,0.554) filter=(0.136,0.528) target=(1684,699) cursor=(1662,677)
[CURSOR-ABS] hand=(0.122,0.584) filter=(0.132,0.544) target=(1699,733) cursor=(1684,698)
[CURSOR-ABS] hand=(0.130,0.602) filter=(0.131,0.560) target=(1702,769) cursor=(1699,733)
[CURSOR-ABS] hand=(0.139,0.621) filter=(0.133,0.578) target=(1693,806) cursor=(1702,768)
[CURSOR-ABS] hand=(0.150,0.646) filter=(0.138,0.597) target=(1676,848) cursor=(1693,806)
[CURSOR-ABS] hand=(0.160,0.666) filter=(0.144,0.617) target=(1651,891) cursor=(1676,848)
[CURSOR-ABS] hand=(0.169,0.690) filter=(0.151,0.638) target=(1624,936) cursor=(1651,891)
[CURSOR-ABS] hand=(0.180,0.706) filter=(0.159,0.657) target=(1594,978) cursor=(1624,936)
[CURSOR-ABS] hand=(0.194,0.721) filter=(0.169,0.676) target=(1555,1018) cursor=(1594,978)
[CURSOR-ABS] hand=(0.213,0.711) filter=(0.181,0.686) target=(1508,1040) cursor=(1556,1018)
[CURSOR-ABS] hand=(0.231,0.742) filter=(0.195,0.702) target=(1454,1075) cursor=(1509,1040)
[CURSOR-ABS] hand=(0.255,0.744) filter=(0.213,0.714) target=(1389,1080) cursor=(1454,1075)
[CURSOR-ABS] hand=(0.277,0.750) filter=(0.231,0.724) target=(1319,1080) cursor=(1389,1080)
[CURSOR-ABS] hand=(0.305,0.734) filter=(0.252,0.727) target=(1237,1080) cursor=(1319,1080)
[CURSOR-ABS] hand=(0.330,0.736) filter=(0.274,0.729) target=(1152,1080) cursor=(1238,1080)
[CURSOR-ABS] hand=(0.359,0.731) filter=(0.299,0.730) target=(1058,1080) cursor=(1152,1080)
[CURSOR-ABS] hand=(0.389,0.719) filter=(0.325,0.727) target=(957,1080) cursor=(1059,1080)
[CURSOR-ABS] hand=(0.421,0.699) filter=(0.352,0.719) target=(852,1080) cursor=(957,1080)
[CURSOR-ABS] hand=(0.456,0.676) filter=(0.383,0.707) target=(733,1080) cursor=(852,1080)
[CURSOR-ABS] hand=(0.494,0.656) filter=(0.415,0.693) target=(611,1055) cursor=(734,1080)
[CURSOR-ABS] hand=(0.530,0.629) filter=(0.449,0.675) target=(481,1016) cursor=(612,1055)
[CURSOR-ABS] hand=(0.568,0.594) filter=(0.485,0.651) target=(344,965) cursor=(482,1016)
[CURSOR-ABS] hand=(0.599,0.541) filter=(0.518,0.620) target=(216,898) cursor=(345,965)
[CURSOR-ABS] hand=(0.629,0.514) filter=(0.568,0.573) target=(23,795) cursor=(216,898)
[CURSOR-ABS] hand=(0.650,0.479) filter=(0.592,0.546) target=(0,738) cursor=(24,796)
[CURSOR-ABS] hand=(0.663,0.420) filter=(0.612,0.509) target=(0,659) cursor=(0,739)
[CURSOR-ABS] hand=(0.647,0.376) filter=(0.623,0.470) target=(0,573) cursor=(0,659)
[CURSOR-ABS] hand=(0.618,0.353) filter=(0.622,0.436) target=(0,500) cursor=(0,574)
[CURSOR-ABS] hand=(0.582,0.277) filter=(0.610,0.388) target=(0,397) cursor=(0,501)
[CURSOR-ABS] hand=(0.561,0.243) filter=(0.596,0.346) target=(0,305) cursor=(0,398)
[CURSOR-ABS] hand=(0.411,0.546) filter=(0.411,0.546) target=(399,773) cursor=(0,305)
[CURSOR-ABS] hand=(0.431,0.545) filter=(0.417,0.546) target=(378,772) cursor=(397,770)
[CURSOR-ABS] hand=(0.451,0.551) filter=(0.426,0.547) target=(342,775) cursor=(378,772)
[CURSOR-ABS] hand=(0.471,0.556) filter=(0.439,0.550) target=(292,781) cursor=(342,775)
[CURSOR-ABS] hand=(0.494,0.555) filter=(0.454,0.551) target=(233,784) cursor=(293,781)
[CURSOR-ABS] hand=(0.514,0.551) filter=(0.471,0.551) target=(168,784) cursor=(234,784)
[CURSOR-ABS] hand=(0.539,0.545) filter=(0.491,0.549) target=(93,780) cursor=(168,784)
[CURSOR-ABS] hand=(0.561,0.536) filter=(0.511,0.546) target=(17,773) cursor=(94,780)
[CURSOR-ABS] hand=(0.583,0.520) filter=(0.532,0.539) target=(0,757) cursor=(18,773)
[CURSOR-ABS] hand=(0.605,0.503) filter=(0.553,0.529) target=(0,735) cursor=(0,757)
[CURSOR-ABS] hand=(0.621,0.476) filter=(0.572,0.514) target=(0,704) cursor=(0,736)
[CURSOR-ABS] hand=(0.633,0.455) filter=(0.590,0.497) target=(0,667) cursor=(0,704)
[CURSOR-ABS] hand=(0.639,0.440) filter=(0.604,0.481) target=(0,633) cursor=(0,667)
[CURSOR-ABS] hand=(0.639,0.441) filter=(0.614,0.470) target=(0,608) cursor=(0,633)
[CURSOR-ABS] hand=(0.632,0.450) filter=(0.619,0.464) target=(0,596) cursor=(0,608)
[CURSOR-ABS] hand=(0.620,0.465) filter=(0.619,0.464) target=(0,597) cursor=(0,596)
[CURSOR-ABS] hand=(0.604,0.478) filter=(0.615,0.468) target=(0,605) cursor=(0,597)
[CURSOR-ABS] hand=(0.583,0.485) filter=(0.606,0.473) target=(0,615) cursor=(0,605)
[CURSOR-ABS] hand=(0.559,0.496) filter=(0.593,0.479) target=(0,629) cursor=(0,615)
[CURSOR-ABS] hand=(0.532,0.505) filter=(0.576,0.487) target=(0,645) cursor=(0,629)
[CURSOR-ABS] hand=(0.509,0.513) filter=(0.557,0.494) target=(0,660) cursor=(0,645)
[CURSOR-ABS] hand=(0.478,0.526) filter=(0.535,0.503) target=(0,680) cursor=(0,660)
[CURSOR-ABS] hand=(0.452,0.535) filter=(0.511,0.512) target=(15,700) cursor=(0,680)
[CURSOR-ABS] hand=(0.424,0.546) filter=(0.486,0.522) target=(112,720) cursor=(15,700)
[CURSOR-ABS] hand=(0.396,0.551) filter=(0.460,0.530) target=(211,738) cursor=(112,720)
[CURSOR-ABS] hand=(0.372,0.560) filter=(0.434,0.538) target=(309,757) cursor=(210,738)
[CURSOR-ABS] hand=(0.345,0.564) filter=(0.408,0.546) target=(410,773) cursor=(309,757)
[CURSOR-ABS] hand=(0.321,0.563) filter=(0.383,0.551) target=(507,783) cursor=(410,773)
[CURSOR-ABS] hand=(0.299,0.572) filter=(0.358,0.557) target=(602,796) cursor=(506,783)
[CURSOR-ABS] hand=(0.281,0.579) filter=(0.336,0.563) target=(687,809) cursor=(602,796)
[CURSOR-ABS] hand=(0.260,0.581) filter=(0.313,0.568) target=(774,821) cursor=(687,809)
[CURSOR-ABS] hand=(0.243,0.573) filter=(0.293,0.569) target=(852,824) cursor=(772,820)
[CURSOR-ABS] hand=(0.225,0.569) filter=(0.274,0.569) target=(927,823) cursor=(851,824)
[CURSOR-ABS] hand=(0.207,0.568) filter=(0.254,0.569) target=(1003,823) cursor=(927,823)
[CURSOR-ABS] hand=(0.191,0.566) filter=(0.236,0.568) target=(1072,821) cursor=(1003,823)
[CURSOR-ABS] hand=(0.175,0.565) filter=(0.218,0.567) target=(1140,819) cursor=(1072,821)
[CURSOR-ABS] hand=(0.160,0.565) filter=(0.200,0.567) target=(1211,818) cursor=(1140,819)
[CURSOR-ABS] hand=(0.147,0.564) filter=(0.186,0.566) target=(1264,817) cursor=(1210,818)
[CURSOR-ABS] hand=(0.130,0.570) filter=(0.169,0.567) target=(1327,819) cursor=(1264,817)
[CURSOR-ABS] hand=(0.116,0.565) filter=(0.155,0.567) target=(1384,818) cursor=(1327,819)
[CURSOR-ABS] hand=(0.103,0.558) filter=(0.140,0.564) target=(1441,813) cursor=(1384,818)
[CURSOR-ABS] hand=(0.090,0.549) filter=(0.125,0.560) target=(1496,803) cursor=(1441,813)
[CURSOR-ABS] hand=(0.082,0.531) filter=(0.113,0.552) target=(1543,786) cursor=(1496,804)
[CURSOR-ABS] hand=(0.077,0.516) filter=(0.102,0.542) target=(1584,764) cursor=(1543,786)
[CURSOR-ABS] hand=(0.071,0.493) filter=(0.094,0.528) target=(1618,735) cursor=(1584,764)
[CURSOR-ABS] hand=(0.067,0.476) filter=(0.086,0.513) target=(1647,703) cursor=(1618,735)
[CURSOR-ABS] hand=(0.070,0.444) filter=(0.082,0.493) target=(1665,659) cursor=(1647,703)
[CURSOR-ABS] hand=(0.072,0.411) filter=(0.079,0.470) target=(1674,609) cursor=(1664,660)
[CURSOR-ABS] hand=(0.080,0.374) filter=(0.079,0.442) target=(1674,549) cursor=(1674,610)
[CURSOR-ABS] hand=(0.088,0.335) filter=(0.082,0.410) target=(1663,480) cursor=(1674,550)
[CURSOR-ABS] hand=(0.106,0.294) filter=(0.088,0.378) target=(1639,410) cursor=(1663,480)
[CURSOR-ABS] hand=(0.121,0.267) filter=(0.098,0.345) target=(1603,340) cursor=(1639,411)
[CURSOR-ABS] hand=(0.146,0.230) filter=(0.111,0.312) target=(1551,267) cursor=(1603,340)
[CURSOR-ABS] hand=(0.169,0.201) filter=(0.128,0.279) target=(1487,196) cursor=(1551,268)
[CURSOR-ABS] hand=(0.193,0.170) filter=(0.146,0.247) target=(1417,128) cursor=(1488,197)
[CURSOR-ABS] hand=(0.220,0.147) filter=(0.167,0.218) target=(1337,64) cursor=(1417,128)
[CURSOR-ABS] hand=(0.271,0.168) filter=(0.213,0.195) target=(1158,16) cursor=(1337,64)
[CURSOR-ABS] hand=(0.299,0.171) filter=(0.239,0.188) target=(1061,0) cursor=(1159,16)
[CURSOR-ABS] hand=(0.327,0.175) filter=(0.263,0.185) target=(966,0) cursor=(1063,1)
[CURSOR-ABS] hand=(0.352,0.212) filter=(0.289,0.192) target=(868,9) cursor=(967,0)
[CURSOR-ABS] hand=(0.371,0.238) filter=(0.313,0.206) target=(776,38) cursor=(869,9)
[CURSOR-ABS] hand=(0.387,0.261) filter=(0.334,0.221) target=(694,71) cursor=(776,37)
[CURSOR-ABS] hand=(0.400,0.297) filter=(0.364,0.255) target=(580,143) cursor=(694,71)
[CURSOR-ABS] hand=(0.407,0.330) filter=(0.376,0.276) target=(533,189) cursor=(581,143)
[CURSOR-ABS] hand=(0.412,0.370) filter=(0.386,0.302) target=(494,247) cursor=(533,189)
[CURSOR-ABS] hand=(0.410,0.405) filter=(0.393,0.332) target=(467,311) cursor=(494,247)
[CURSOR-ABS] hand=(0.406,0.440) filter=(0.397,0.363) target=(453,377) cursor=(467,310)
[CURSOR-ABS] hand=(0.400,0.465) filter=(0.398,0.393) target=(449,442) cursor=(453,377)
[CURSOR-ABS] hand=(0.389,0.484) filter=(0.395,0.419) target=(459,499) cursor=(449,442)
[CURSOR-ABS] hand=(0.378,0.502) filter=(0.391,0.443) target=(477,551) cursor=(459,499)
[CURSOR-ABS] hand=(0.369,0.523) filter=(0.385,0.467) target=(501,602) cursor=(477,551)
[CURSOR-ABS] hand=(0.354,0.535) filter=(0.376,0.487) target=(533,645) cursor=(501,602)
[CURSOR-ABS] hand=(0.337,0.547) filter=(0.365,0.504) target=(576,683) cursor=(533,644)
[CURSOR-ABS] hand=(0.320,0.556) filter=(0.353,0.519) target=(624,715) cursor=(576,683)
[CURSOR-ABS] hand=(0.304,0.568) filter=(0.339,0.533) target=(676,745) cursor=(623,715)
[CURSOR-ABS] hand=(0.290,0.577) filter=(0.325,0.546) target=(729,773) cursor=(676,745)
[CURSOR-ABS] hand=(0.275,0.581) filter=(0.311,0.556) target=(783,795) cursor=(729,773)
[CURSOR-ABS] hand=(0.257,0.586) filter=(0.295,0.565) target=(844,813) cursor=(783,795)
[CURSOR-ABS] hand=(0.239,0.580) filter=(0.280,0.569) target=(904,823) cursor=(843,813)
[CURSOR-ABS] hand=(0.220,0.567) filter=(0.262,0.569) target=(970,822) cursor=(904,823)
[CURSOR-ABS] hand=(0.201,0.552) filter=(0.245,0.564) target=(1038,812) cursor=(969,822)
[CURSOR-ABS] hand=(0.183,0.532) filter=(0.227,0.555) target=(1105,793) cursor=(1037,812)
[CURSOR-ABS] hand=(0.168,0.503) filter=(0.210,0.540) target=(1173,760) cursor=(1105,793)
[CURSOR-ABS] hand=(0.158,0.471) filter=(0.195,0.521) target=(1228,720) cursor=(1172,761)
[CURSOR-ABS] hand=(0.157,0.433) filter=(0.184,0.496) target=(1270,666) cursor=(1228,720)
[CURSOR-ABS] hand=(0.160,0.392) filter=(0.177,0.466) target=(1297,601) cursor=(1270,666)
[CURSOR-ABS] hand=(0.167,0.366) filter=(0.174,0.438) target=(1308,539) cursor=(1297,601)
[CURSOR-ABS] hand=(0.184,0.334) filter=(0.177,0.407) target=(1297,474) cursor=(1308,540)
[CURSOR-ABS] hand=(0.206,0.309) filter=(0.185,0.379) target=(1266,413) cursor=(1297,474)
[CURSOR-ABS] hand=(0.231,0.283) filter=(0.198,0.351) target=(1217,352) cursor=(1266,413)
[CURSOR-ABS] hand=(0.259,0.263) filter=(0.215,0.325) target=(1151,296) cursor=(1218,352)
[CURSOR-ABS] hand=(0.288,0.248) filter=(0.236,0.303) target=(1073,248) cursor=(1151,297)
[CURSOR-ABS] hand=(0.321,0.249) filter=(0.260,0.287) target=(979,214) cursor=(1073,248)
[CURSOR-ABS] hand=(0.356,0.256) filter=(0.288,0.278) target=(873,194) cursor=(981,214)
[CURSOR-ABS] hand=(0.393,0.264) filter=(0.318,0.274) target=(757,185) cursor=(874,194)
[CURSOR-ABS] hand=(0.437,0.283) filter=(0.353,0.277) target=(621,191) cursor=(757,185)
[CURSOR-ABS] hand=(0.480,0.304) filter=(0.389,0.284) target=(482,207) cursor=(622,191)
[CURSOR-ABS] hand=(0.506,0.330) filter=(0.424,0.298) target=(347,236) cursor=(483,207)
[CURSOR-ABS] hand=(0.526,0.368) filter=(0.453,0.316) target=(237,277) cursor=(348,236)
[CURSOR-ABS] hand=(0.538,0.404) filter=(0.478,0.341) target=(141,331) cursor=(237,277)
[CURSOR-ABS] hand=(0.540,0.452) filter=(0.496,0.373) target=(72,399) cursor=(142,331)
[CURSOR-ABS] hand=(0.536,0.489) filter=(0.508,0.406) target=(27,471) cursor=(72,399)
[CURSOR-ABS] hand=(0.520,0.522) filter=(0.512,0.440) target=(13,544) cursor=(28,471)
[CURSOR-ABS] hand=(0.502,0.555) filter=(0.509,0.473) target=(24,616) cursor=(13,544)
[CURSOR-ABS] hand=(0.478,0.575) filter=(0.500,0.503) target=(58,680) cursor=(24,615)
[CURSOR-ABS] hand=(0.451,0.588) filter=(0.486,0.528) target=(112,734) cursor=(57,679)
[CURSOR-ABS] hand=(0.420,0.594) filter=(0.468,0.547) target=(181,775) cursor=(111,734)
[CURSOR-ABS] hand=(0.392,0.591) filter=(0.446,0.560) target=(265,803) cursor=(181,775)
[CURSOR-ABS] hand=(0.368,0.584) filter=(0.424,0.567) target=(348,818) cursor=(264,803)
[CURSOR-ABS] hand=(0.342,0.571) filter=(0.401,0.568) target=(439,821) cursor=(348,818)
[CURSOR-ABS] hand=(0.314,0.553) filter=(0.376,0.564) target=(535,811) cursor=(438,820)
[CURSOR-ABS] hand=(0.291,0.531) filter=(0.351,0.555) target=(629,792) cursor=(535,811)
[CURSOR-ABS] hand=(0.263,0.521) filter=(0.325,0.545) target=(728,771) cursor=(628,792)
[CURSOR-ABS] hand=(0.241,0.489) filter=(0.301,0.530) target=(821,737) cursor=(728,771)
[CURSOR-ABS] hand=(0.219,0.457) filter=(0.278,0.509) target=(911,694) cursor=(820,738)
[CURSOR-ABS] hand=(0.200,0.412) filter=(0.255,0.481) target=(998,633) cursor=(911,694)
[CURSOR-ABS] hand=(0.188,0.357) filter=(0.236,0.446) target=(1073,556) cursor=(998,634)
[CURSOR-ABS] hand=(0.180,0.307) filter=(0.219,0.405) target=(1135,468) cursor=(1073,557)
[CURSOR-ABS] hand=(0.181,0.270) filter=(0.208,0.366) target=(1177,384) cursor=(1134,469)
[CURSOR-ABS] hand=(0.190,0.239) filter=(0.203,0.328) target=(1197,303) cursor=(1177,385)
[CURSOR-ABS] hand=(0.209,0.203) filter=(0.205,0.291) target=(1191,223) cursor=(1197,304)
[CURSOR-ABS] hand=(0.230,0.185) filter=(0.212,0.260) target=(1163,155) cursor=(1191,223)
[CURSOR-ABS] hand=(0.256,0.179) filter=(0.231,0.223) target=(1089,76) cursor=(1163,155)
[CURSOR-ABS] hand=(0.286,0.171) filter=(0.246,0.208) target=(1032,43) cursor=(1090,76)
[CURSOR-ABS] hand=(0.316,0.161) filter=(0.266,0.195) target=(956,14) cursor=(1032,44)
[CURSOR-ABS] hand=(0.349,0.160) filter=(0.290,0.185) target=(865,0) cursor=(956,14)
[CURSOR-ABS] hand=(0.373,0.176) filter=(0.313,0.182) target=(774,0) cursor=(865,0)
[CURSOR-ABS] hand=(0.395,0.193) filter=(0.337,0.185) target=(683,0) cursor=(775,0)
[CURSOR-ABS] hand=(0.412,0.235) filter=(0.358,0.199) target=(602,23) cursor=(684,0)
[CURSOR-ABS] hand=(0.422,0.275) filter=(0.377,0.220) target=(532,69) cursor=(603,23)
[CURSOR-ABS] hand=(0.424,0.319) filter=(0.390,0.248) target=(478,130) cursor=(532,69)
[CURSOR-ABS] hand=(0.417,0.364) filter=(0.398,0.281) target=(449,200) cursor=(479,130)
[CURSOR-ABS] hand=(0.403,0.405) filter=(0.400,0.317) target=(443,279) cursor=(449,200)
[CURSOR-ABS] hand=(0.388,0.442) filter=(0.396,0.353) target=(455,356) cursor=(443,278)
[CURSOR-ABS] hand=(0.371,0.473) filter=(0.389,0.388) target=(482,432) cursor=(455,356)
[CURSOR-ABS] hand=(0.353,0.504) filter=(0.379,0.423) target=(522,506) cursor=(482,432)
[CURSOR-ABS] hand=(0.334,0.517) filter=(0.367,0.450) target=(569,565) cursor=(522,506)
[CURSOR-ABS] hand=(0.316,0.552) filter=(0.352,0.480) target=(625,631) cursor=(569,565)
[CURSOR-ABS] hand=(0.297,0.569) filter=(0.337,0.506) target=(684,687) cursor=(625,631)
[CURSOR-ABS] hand=(0.276,0.572) filter=(0.320,0.525) target=(750,729) cursor=(684,687)
[CURSOR-ABS] hand=(0.259,0.579) filter=(0.302,0.541) target=(817,762) cursor=(750,728)
[CURSOR-ABS] hand=(0.238,0.565) filter=(0.284,0.548) target=(887,777) cursor=(816,762)
[CURSOR-ABS] hand=(0.218,0.557) filter=(0.265,0.551) target=(961,783) cursor=(887,777)
[CURSOR-ABS] hand=(0.203,0.529) filter=(0.247,0.544) target=(1029,769) cursor=(961,783)
[CURSOR-ABS] hand=(0.190,0.495) filter=(0.231,0.531) target=(1092,740) cursor=(1029,769)
[CURSOR-ABS] hand=(0.181,0.453) filter=(0.216,0.509) target=(1148,692) cursor=(1092,740)
[CURSOR-ABS] hand=(0.171,0.406) filter=(0.203,0.480) target=(1196,631) cursor=(1147,692)
[CURSOR-ABS] hand=(0.164,0.324) filter=(0.192,0.435) target=(1240,532) cursor=(1196,631)
[CURSOR-ABS] hand=(0.137,0.329) filter=(0.176,0.405) target=(1300,468) cursor=(1240,533)
[CURSOR-ABS] hand=(0.627,0.399) filter=(0.627,0.399) target=(1429,184) cursor=(1300,468)
[CURSOR-ABS] hand=(0.622,0.360) filter=(0.626,0.388) target=(1434,160) cursor=(1428,186)
[CURSOR-ABS] hand=(0.617,0.323) filter=(0.623,0.370) target=(1444,120) cursor=(1434,161)
[CURSOR-ABS] hand=(0.614,0.292) filter=(0.621,0.348) target=(1453,73) cursor=(1444,120)
[CURSOR-ABS] hand=(0.616,0.271) filter=(0.619,0.326) target=(1459,26) cursor=(1453,73)
[CURSOR-ABS] hand=(0.625,0.254) filter=(0.621,0.305) target=(1453,0) cursor=(1459,26)
[CURSOR-ABS] hand=(0.643,0.234) filter=(0.627,0.285) target=(1430,0) cursor=(1453,0)
[CURSOR-ABS] hand=(0.665,0.220) filter=(0.637,0.266) target=(1388,0) cursor=(1430,0)
[CURSOR-ABS] hand=(0.686,0.211) filter=(0.651,0.251) target=(1337,0) cursor=(1389,0)
[CURSOR-ABS] hand=(0.702,0.209) filter=(0.665,0.239) target=(1281,0) cursor=(1337,0)
[CURSOR-ABS] hand=(0.717,0.199) filter=(0.680,0.227) target=(1224,0) cursor=(1282,0)
[CURSOR-ABS] hand=(0.735,0.197) filter=(0.696,0.218) target=(1165,0) cursor=(1225,0)
[CURSOR-ABS] hand=(0.753,0.199) filter=(0.712,0.213) target=(1102,0) cursor=(1166,0)
[CURSOR-ABS] hand=(0.772,0.210) filter=(0.729,0.212) target=(1036,0) cursor=(1102,0)
[CURSOR-ABS] hand=(0.793,0.223) filter=(0.747,0.215) target=(966,0) cursor=(1036,0)
[CURSOR-ABS] hand=(0.817,0.248) filter=(0.778,0.229) target=(847,0) cursor=(966,0)
[CURSOR-ABS] hand=(0.845,0.273) filter=(0.797,0.241) target=(776,0) cursor=(848,0)
[CURSOR-ABS] hand=(0.868,0.297) filter=(0.818,0.257) target=(696,0) cursor=(776,0)
[CURSOR-ABS] hand=(0.894,0.325) filter=(0.839,0.276) target=(613,0) cursor=(696,0)
[CURSOR-ABS] hand=(0.919,0.356) filter=(0.863,0.299) target=(524,0) cursor=(614,0)
[CURSOR-ABS] hand=(0.939,0.385) filter=(0.885,0.324) target=(438,21) cursor=(525,0)
[CURSOR-ABS] hand=(0.958,0.421) filter=(0.906,0.351) target=(358,81) cursor=(439,21)
[CURSOR-ABS] hand=(0.969,0.441) filter=(0.924,0.378) target=(287,137) cursor=(358,80)
[CURSOR-ABS] hand=(0.976,0.448) filter=(0.939,0.398) target=(231,181) cursor=(288,136)
[CURSOR-ABS] hand=(0.973,0.470) filter=(0.949,0.419) target=(193,226) cursor=(231,180)
[CURSOR-ABS] hand=(0.976,0.470) filter=(0.957,0.434) target=(163,258) cursor=(194,225)
[CURSOR-ABS] hand=(0.968,0.476) filter=(0.960,0.446) target=(151,284) cursor=(163,258)
[CURSOR-ABS] hand=(0.959,0.472) filter=(0.960,0.453) target=(151,301) cursor=(151,284)
[CURSOR-ABS] hand=(0.940,0.458) filter=(0.954,0.455) target=(172,304) cursor=(151,301)
[CURSOR-ABS] hand=(0.921,0.453) filter=(0.945,0.454) target=(208,303) cursor=(172,304)
[CURSOR-ABS] hand=(0.897,0.445) filter=(0.931,0.452) target=(260,297) cursor=(208,303)
[CURSOR-ABS] hand=(0.873,0.440) filter=(0.915,0.448) target=(322,290) cursor=(259,297)
[CURSOR-ABS] hand=(0.849,0.432) filter=(0.896,0.444) target=(395,280) cursor=(321,290)
[CURSOR-ABS] hand=(0.827,0.433) filter=(0.877,0.441) target=(470,273) cursor=(394,280)
[CURSOR-ABS] hand=(0.804,0.433) filter=(0.856,0.439) target=(549,269) cursor=(469,273)
[CURSOR-ABS] hand=(0.780,0.436) filter=(0.834,0.438) target=(633,267) cursor=(548,269)
[CURSOR-ABS] hand=(0.758,0.433) filter=(0.813,0.436) target=(716,264) cursor=(632,267)
[CURSOR-ABS] hand=(0.739,0.435) filter=(0.791,0.436) target=(798,264) cursor=(716,264)
[CURSOR-ABS] hand=(0.723,0.442) filter=(0.772,0.438) target=(873,267) cursor=(798,264)
[CURSOR-ABS] hand=(0.711,0.446) filter=(0.754,0.440) target=(940,272) cursor=(872,267)
[CURSOR-ABS] hand=(0.704,0.454) filter=(0.740,0.444) target=(997,281) cursor=(940,272)
[CURSOR-ABS] hand=(0.703,0.462) filter=(0.729,0.449) target=(1037,292) cursor=(996,281)
[CURSOR-ABS] hand=(0.706,0.469) filter=(0.722,0.455) target=(1063,304) cursor=(1037,291)
[CURSOR-ABS] hand=(0.711,0.477) filter=(0.719,0.461) target=(1075,317) cursor=(1063,303)
[CURSOR-ABS] hand=(0.720,0.485) filter=(0.719,0.468) target=(1074,332) cursor=(1075,317)
[CURSOR-ABS] hand=(0.730,0.497) filter=(0.722,0.476) target=(1062,350) cursor=(1074,331)
[CURSOR-ABS] hand=(0.745,0.506) filter=(0.729,0.485) target=(1038,368) cursor=(1062,350)
[CURSOR-ABS] hand=(0.761,0.519) filter=(0.738,0.494) target=(1002,390) cursor=(1038,368)
[CURSOR-ABS] hand=(0.778,0.532) filter=(0.749,0.505) target=(961,412) cursor=(1003,389)
[CURSOR-ABS] hand=(0.797,0.543) filter=(0.762,0.515) target=(909,435) cursor=(961,412)
[CURSOR-ABS] hand=(0.814,0.556) filter=(0.777,0.527) target=(852,460) cursor=(909,435)
[CURSOR-ABS] hand=(0.835,0.561) filter=(0.793,0.537) target=(790,481) cursor=(852,460)
[CURSOR-ABS] hand=(0.853,0.567) filter=(0.810,0.545) target=(724,499) cursor=(790,480)
[CURSOR-ABS] hand=(0.874,0.567) filter=(0.829,0.551) target=(655,512) cursor=(725,499)
[CURSOR-ABS] hand=(0.893,0.566) filter=(0.847,0.555) target=(584,521) cursor=(655,512)
[CURSOR-ABS] hand=(0.915,0.563) filter=(0.867,0.558) target=(508,526) cursor=(584,521)
[CURSOR-ABS] hand=(0.931,0.563) filter=(0.885,0.559) target=(439,529) cursor=(509,526)
[CURSOR-ABS] hand=(0.944,0.552) filter=(0.902,0.557) target=(373,525) cursor=(439,529)
[CURSOR-ABS] hand=(0.957,0.557) filter=(0.918,0.557) target=(313,525) cursor=(373,525)
[CURSOR-ABS] hand=(0.964,0.541) filter=(0.931,0.553) target=(262,515) cursor=(313,525)
[CURSOR-ABS] hand=(0.969,0.526) filter=(0.942,0.545) target=(219,499) cursor=(262,515)
[CURSOR-ABS] hand=(0.968,0.509) filter=(0.949,0.535) target=(191,477) cursor=(219,499)
[CURSOR-ABS] hand=(0.963,0.489) filter=(0.953,0.522) target=(176,449) cursor=(191,477)
[CURSOR-ABS] hand=(0.955,0.475) filter=(0.954,0.509) target=(174,421) cursor=(176,449)
[CURSOR-ABS] hand=(0.938,0.455) filter=(0.949,0.494) target=(191,388) cursor=(174,421)
[CURSOR-ABS] hand=(0.915,0.467) filter=(0.940,0.486) target=(229,371) cursor=(191,388)
[CURSOR-ABS] hand=(0.887,0.459) filter=(0.925,0.478) target=(285,355) cursor=(228,371)
[CURSOR-ABS] hand=(0.855,0.473) filter=(0.905,0.477) target=(361,352) cursor=(284,355)
[CURSOR-ABS] hand=(0.827,0.489) filter=(0.883,0.480) target=(445,359) cursor=(361,352)
[CURSOR-ABS] hand=(0.797,0.500) filter=(0.858,0.486) target=(540,371) cursor=(444,359)
[CURSOR-ABS] hand=(0.768,0.505) filter=(0.832,0.491) target=(641,382) cursor=(539,371)
[CURSOR-ABS] hand=(0.738,0.514) filter=(0.805,0.498) target=(744,396) cursor=(641,382)
[CURSOR-ABS] hand=(0.708,0.521) filter=(0.777,0.504) target=(854,411) cursor=(744,396)
[CURSOR-ABS] hand=(0.679,0.531) filter=(0.748,0.512) target=(962,426) cursor=(853,410)
[CURSOR-ABS] hand=(0.652,0.540) filter=(0.720,0.519) target=(1070,443) cursor=(961,426)
[CURSOR-ABS] hand=(0.626,0.540) filter=(0.693,0.525) target=(1176,456) cursor=(1069,443)
[CURSOR-ABS] hand=(0.605,0.549) filter=(0.668,0.532) target=(1273,470) cursor=(1175,456)
[CURSOR-ABS] hand=(0.587,0.546) filter=(0.631,0.538) target=(1413,484) cursor=(1273,470)
[CURSOR-ABS] hand=(0.573,0.552) filter=(0.615,0.542) target=(1476,492) cursor=(1412,484)
[CURSOR-ABS] hand=(0.565,0.559) filter=(0.600,0.547) target=(1532,502) cursor=(1476,492)
[CURSOR-ABS] hand=(0.560,0.577) filter=(0.588,0.555) target=(1577,521) cursor=(1532,502)
[CURSOR-ABS] hand=(0.563,0.600) filter=(0.581,0.568) target=(1605,547) cursor=(1577,521)
[CURSOR-ABS] hand=(0.574,0.621) filter=(0.579,0.583) target=(1613,581) cursor=(1604,547)
[CURSOR-ABS] hand=(0.592,0.649) filter=(0.583,0.602) target=(1599,621) cursor=(1613,581)
[CURSOR-ABS] hand=(0.617,0.671) filter=(0.592,0.622) target=(1562,664) cursor=(1599,620)
[CURSOR-ABS] hand=(0.643,0.689) filter=(0.606,0.641) target=(1507,706) cursor=(1562,664)
[CURSOR-ABS] hand=(0.673,0.704) filter=(0.625,0.659) target=(1436,745) cursor=(1508,706)
[CURSOR-ABS] hand=(0.702,0.714) filter=(0.647,0.675) target=(1352,780) cursor=(1436,745)
[CURSOR-ABS] hand=(0.729,0.724) filter=(0.670,0.689) target=(1264,809) cursor=(1352,779)
[CURSOR-ABS] hand=(0.758,0.717) filter=(0.695,0.697) target=(1167,826) cursor=(1264,809)
[CURSOR-ABS] hand=(0.788,0.715) filter=(0.723,0.702) target=(1062,838) cursor=(1168,826)
[CURSOR-ABS] hand=(0.820,0.692) filter=(0.750,0.699) target=(956,832) cursor=(1062,838)
[CURSOR-ABS] hand=(0.854,0.670) filter=(0.781,0.691) target=(839,814) cursor=(957,832)
[CURSOR-ABS] hand=(0.887,0.646) filter=(0.811,0.678) target=(720,787) cursor=(839,814)
[CURSOR-ABS] hand=(0.919,0.616) filter=(0.843,0.661) target=(600,749) cursor=(721,787)
[CURSOR-ABS] hand=(0.943,0.593) filter=(0.872,0.642) target=(486,707) cursor=(601,749)
[CURSOR-ABS] hand=(0.959,0.581) filter=(0.898,0.625) target=(389,670) cursor=(487,708)
[CURSOR-ABS] hand=(0.971,0.544) filter=(0.920,0.601) target=(305,620) cursor=(390,671)
[CURSOR-ABS] hand=(0.975,0.521) filter=(0.935,0.579) target=(245,571) cursor=(307,621)
[CURSOR-ABS] hand=(0.973,0.503) filter=(0.946,0.557) target=(203,524) cursor=(245,571)
[CURSOR-ABS] hand=(0.976,0.491) filter=(0.955,0.538) target=(170,483) cursor=(203,524)
[CURSOR-ABS] hand=(0.967,0.483) filter=(0.958,0.522) target=(156,449) cursor=(170,483)
[CURSOR-ABS] hand=(0.958,0.479) filter=(0.958,0.510) target=(157,422) cursor=(156,450)
[CURSOR-ABS] hand=(0.929,0.462) filter=(0.950,0.496) target=(189,392) cursor=(157,422)
[CURSOR-ABS] hand=(0.891,0.462) filter=(0.934,0.486) target=(252,372) cursor=(189,393)
[CURSOR-ABS] hand=(0.856,0.459) filter=(0.911,0.478) target=(337,355) cursor=(251,372)
[CURSOR-ABS] hand=(0.822,0.471) filter=(0.886,0.476) target=(432,350) cursor=(336,355)
[CURSOR-ABS] hand=(0.785,0.486) filter=(0.857,0.479) target=(546,356) cursor=(432,350)
[CURSOR-ABS] hand=(0.751,0.492) filter=(0.827,0.483) target=(661,364) cursor=(545,356)
[CURSOR-ABS] hand=(0.720,0.505) filter=(0.796,0.489) target=(779,377) cursor=(659,364)
[CURSOR-ABS] hand=(0.693,0.521) filter=(0.765,0.498) target=(897,397) cursor=(779,377)
[CURSOR-ABS] hand=(0.670,0.535) filter=(0.738,0.508) target=(1002,419) cursor=(897,397)
[CURSOR-ABS] hand=(0.652,0.548) filter=(0.713,0.519) target=(1099,444) cursor=(1001,419)
[CURSOR-ABS] hand=(0.636,0.560) filter=(0.691,0.531) target=(1184,468) cursor=(1098,443)
[CURSOR-ABS] hand=(0.625,0.574) filter=(0.672,0.543) target=(1257,495) cursor=(1183,468)
[CURSOR-ABS] hand=(0.619,0.589) filter=(0.656,0.556) target=(1316,523) cursor=(1257,495)
[CURSOR-ABS] hand=(0.616,0.607) filter=(0.645,0.571) target=(1360,554) cursor=(1316,523)
[CURSOR-ABS] hand=(0.617,0.623) filter=(0.637,0.586) target=(1392,588) cursor=(1360,554)
[CURSOR-ABS] hand=(0.622,0.639) filter=(0.633,0.601) target=(1407,619) cursor=(1392,587)
[CURSOR-ABS] hand=(0.630,0.652) filter=(0.632,0.615) target=(1410,651) cursor=(1407,618)
[CURSOR-ABS] hand=(0.643,0.667) filter=(0.635,0.630) target=(1398,682) cursor=(1410,650)
[CURSOR-ABS] hand=(0.661,0.679) filter=(0.642,0.644) target=(1370,713) cursor=(1398,682)
[CURSOR-ABS] hand=(0.682,0.686) filter=(0.653,0.656) target=(1327,739) cursor=(1370,713)
[CURSOR-ABS] hand=(0.705,0.695) filter=(0.668,0.667) target=(1273,762) cursor=(1328,738)
[CURSOR-ABS] hand=(0.727,0.693) filter=(0.684,0.675) target=(1208,778) cursor=(1273,762)
[CURSOR-ABS] hand=(0.753,0.688) filter=(0.704,0.678) target=(1133,787) cursor=(1209,778)
[CURSOR-ABS] hand=(0.778,0.680) filter=(0.725,0.679) target=(1053,788) cursor=(1134,787)
[CURSOR-ABS] hand=(0.803,0.668) filter=(0.747,0.676) target=(966,782) cursor=(1053,788)
[CURSOR-ABS] hand=(0.830,0.653) filter=(0.771,0.670) target=(876,768) cursor=(967,782)
[CURSOR-ABS] hand=(0.854,0.648) filter=(0.795,0.664) target=(783,755) cursor=(876,768)
[CURSOR-ABS] hand=(0.874,0.619) filter=(0.818,0.651) target=(695,727) cursor=(784,755)
[CURSOR-ABS] hand=(0.890,0.593) filter=(0.850,0.626) target=(571,673) cursor=(695,727)
[CURSOR-ABS] hand=(0.901,0.569) filter=(0.865,0.610) target=(515,639) cursor=(572,673)
[CURSOR-ABS] hand=(0.905,0.551) filter=(0.876,0.593) target=(471,603) cursor=(516,639)
[CURSOR-ABS] hand=(0.900,0.527) filter=(0.883,0.574) target=(445,562) cursor=(471,604)
[CURSOR-ABS] hand=(0.887,0.517) filter=(0.884,0.558) target=(441,527) cursor=(445,563)
[CURSOR-ABS] hand=(0.866,0.502) filter=(0.879,0.542) target=(460,492) cursor=(441,527)
[CURSOR-ABS] hand=(0.841,0.491) filter=(0.868,0.527) target=(503,460) cursor=(460,492)
[CURSOR-ABS] hand=(0.813,0.478) filter=(0.853,0.513) target=(561,430) cursor=(502,461)
[CURSOR-ABS] hand=(0.783,0.474) filter=(0.833,0.502) target=(637,406) cursor=(560,431)
[CURSOR-ABS] hand=(0.755,0.464) filter=(0.811,0.491) target=(722,383) cursor=(636,406)
[CURSOR-ABS] hand=(0.722,0.464) filter=(0.786,0.484) target=(819,366) cursor=(722,383)
[CURSOR-ABS] hand=(0.691,0.471) filter=(0.758,0.480) target=(924,358) cursor=(818,366)
[CURSOR-ABS] hand=(0.663,0.485) filter=(0.731,0.481) target=(1029,361) cursor=(924,358)
[CURSOR-ABS] hand=(0.642,0.498) filter=(0.705,0.486) target=(1127,371) cursor=(1029,361)
[CURSOR-ABS] hand=(0.625,0.513) filter=(0.682,0.494) target=(1217,388) cursor=(1127,371)
[CURSOR-ABS] hand=(0.610,0.528) filter=(0.661,0.503) target=(1297,409) cursor=(1216,388)
[CURSOR-ABS] hand=(0.600,0.541) filter=(0.643,0.514) target=(1366,432) cursor=(1297,408)
[CURSOR-ABS] hand=(0.594,0.558) filter=(0.629,0.526) target=(1421,458) cursor=(1366,431)
[CURSOR-ABS] hand=(0.591,0.578) filter=(0.618,0.541) target=(1463,490) cursor=(1420,458)
[CURSOR-ABS] hand=(0.592,0.594) filter=(0.610,0.556) target=(1493,523) cursor=(1463,490)
[CURSOR-ABS] hand=(0.593,0.613) filter=(0.605,0.572) target=(1512,558) cursor=(1493,523)
[CURSOR-ABS] hand=(0.600,0.630) filter=(0.604,0.589) target=(1517,593) cursor=(1512,557)
[CURSOR-ABS] hand=(0.612,0.647) filter=(0.606,0.605) target=(1508,629) cursor=(1517,593)
[CURSOR-ABS] hand=(0.627,0.667) filter=(0.612,0.623) target=(1486,667) cursor=(1508,628)
[CURSOR-ABS] hand=(0.645,0.682) filter=(0.621,0.640) target=(1451,704) cursor=(1487,667)
[CURSOR-ABS] hand=(0.668,0.690) filter=(0.634,0.654) target=(1401,735) cursor=(1451,704)
[CURSOR-ABS] hand=(0.692,0.696) filter=(0.651,0.666) target=(1338,761) cursor=(1402,734)
[CURSOR-ABS] hand=(0.718,0.700) filter=(0.670,0.676) target=(1265,782) cursor=(1338,761)
[CURSOR-ABS] hand=(0.748,0.695) filter=(0.692,0.681) target=(1180,793) cursor=(1267,781)
[CURSOR-ABS] hand=(0.779,0.693) filter=(0.717,0.685) target=(1084,800) cursor=(1180,793)
[CURSOR-ABS] hand=(0.810,0.668) filter=(0.743,0.680) target=(982,790) cursor=(1085,800)
[CURSOR-ABS] hand=(0.841,0.652) filter=(0.772,0.672) target=(872,773) cursor=(982,790)
[CURSOR-ABS] hand=(0.866,0.644) filter=(0.799,0.664) target=(768,756) cursor=(873,773)
[CURSOR-ABS] hand=(0.889,0.627) filter=(0.825,0.654) target=(668,734) cursor=(769,756)
[CURSOR-ABS] hand=(0.910,0.611) filter=(0.850,0.642) target=(572,707) cursor=(669,734)
[CURSOR-ABS] hand=(0.922,0.585) filter=(0.871,0.626) target=(493,673) cursor=(573,707)
[CURSOR-ABS] hand=(0.924,0.563) filter=(0.886,0.608) target=(433,635) cursor=(493,674)
[CURSOR-ABS] hand=(0.919,0.540) filter=(0.896,0.589) target=(398,593) cursor=(433,635)
[CURSOR-ABS] hand=(0.905,0.523) filter=(0.898,0.570) target=(388,552) cursor=(398,593)
[CURSOR-ABS] hand=(0.883,0.502) filter=(0.894,0.550) target=(404,510) cursor=(388,552)
[CURSOR-ABS] hand=(0.858,0.485) filter=(0.884,0.532) target=(442,470) cursor=(404,511)
[CURSOR-ABS] hand=(0.829,0.468) filter=(0.868,0.513) target=(503,430) cursor=(442,470)
[CURSOR-ABS] hand=(0.797,0.454) filter=(0.849,0.497) target=(577,394) cursor=(502,430)
[CURSOR-ABS] hand=(0.762,0.447) filter=(0.824,0.482) target=(672,364) cursor=(577,394)
[CURSOR-ABS] hand=(0.730,0.445) filter=(0.797,0.472) target=(776,340) cursor=(671,364)
[CURSOR-ABS] hand=(0.693,0.455) filter=(0.768,0.467) target=(889,330) cursor=(775,340)
[CURSOR-ABS] hand=(0.659,0.457) filter=(0.736,0.464) target=(1012,324) cursor=(888,330)
[CURSOR-ABS] hand=(0.628,0.472) filter=(0.705,0.466) target=(1128,328) cursor=(1011,324)
[CURSOR-ABS] hand=(0.599,0.482) filter=(0.673,0.471) target=(1253,338) cursor=(1128,328)
[CURSOR-ABS] hand=(0.579,0.488) filter=(0.646,0.475) target=(1355,349) cursor=(1252,338)
[CURSOR-ABS] hand=(0.566,0.503) filter=(0.623,0.483) target=(1443,365) cursor=(1355,348)
[CURSOR-ABS] hand=(0.556,0.524) filter=(0.603,0.495) target=(1520,390) cursor=(1443,365)
[CURSOR-ABS] hand=(0.552,0.550) filter=(0.589,0.510) target=(1576,424) cursor=(1519,390)
[CURSOR-ABS] hand=(0.552,0.575) filter=(0.578,0.529) target=(1617,463) cursor=(1576,423)
[CURSOR-ABS] hand=(0.553,0.598) filter=(0.571,0.548) target=(1644,506) cursor=(1617,463)
[CURSOR-ABS] hand=(0.558,0.624) filter=(0.567,0.570) target=(1658,552) cursor=(1644,506)
[CURSOR-ABS] hand=(0.565,0.647) filter=(0.567,0.592) target=(1660,600) cursor=(1658,552)
[CURSOR-ABS] hand=(0.572,0.668) filter=(0.568,0.613) target=(1654,647) cursor=(1660,600)
[CURSOR-ABS] hand=(0.585,0.690) filter=(0.573,0.635) target=(1637,694) cursor=(1654,646)
[CURSOR-ABS] hand=(0.597,0.710) filter=(0.580,0.658) target=(1610,742) cursor=(1637,694)
[CURSOR-ABS] hand=(0.614,0.730) filter=(0.589,0.678) target=(1574,787) cursor=(1610,741)
[CURSOR-ABS] hand=(0.631,0.744) filter=(0.601,0.697) target=(1529,828) cursor=(1574,787)
[CURSOR-ABS] hand=(0.653,0.761) filter=(0.615,0.715) target=(1474,867) cursor=(1529,827)
[CURSOR-ABS] hand=(0.675,0.769) filter=(0.642,0.739) target=(1373,919) cursor=(1474,867)
[CURSOR-ABS] hand=(0.698,0.771) filter=(0.658,0.749) target=(1310,938) cursor=(1373,918)
[CURSOR-ABS] hand=(0.727,0.773) filter=(0.678,0.756) target=(1235,953) cursor=(1311,938)
[CURSOR-ABS] hand=(0.753,0.776) filter=(0.699,0.761) target=(1151,966) cursor=(1235,953)
[CURSOR-ABS] hand=(0.779,0.773) filter=(0.722,0.765) target=(1064,973) cursor=(1152,966)
[CURSOR-ABS] hand=(0.805,0.764) filter=(0.746,0.765) target=(972,973) cursor=(1065,973)
[CURSOR-ABS] hand=(0.830,0.754) filter=(0.771,0.761) target=(877,966) cursor=(973,973)
[CURSOR-ABS] hand=(0.857,0.744) filter=(0.795,0.757) target=(782,956) cursor=(878,966)
[CURSOR-ABS] hand=(0.880,0.731) filter=(0.820,0.749) target=(686,940) cursor=(783,956)
[CURSOR-ABS] hand=(0.902,0.716) filter=(0.843,0.740) target=(597,920) cursor=(687,940)
[CURSOR-ABS] hand=(0.912,0.692) filter=(0.863,0.727) target=(521,891) cursor=(598,921)
[CURSOR-ABS] hand=(0.927,0.654) filter=(0.882,0.706) target=(450,847) cursor=(521,891)
[CURSOR-ABS] hand=(0.926,0.636) filter=(0.895,0.686) target=(401,803) cursor=(451,847)
[CURSOR-ABS] hand=(0.921,0.606) filter=(0.902,0.663) target=(372,753) cursor=(402,804)
[CURSOR-ABS] hand=(0.909,0.579) filter=(0.904,0.639) target=(365,702) cursor=(373,754)
[CURSOR-ABS] hand=(0.892,0.551) filter=(0.901,0.614) target=(378,647) cursor=(365,703)
[CURSOR-ABS] hand=(0.871,0.525) filter=(0.892,0.588) target=(411,591) cursor=(378,647)
[CURSOR-ABS] hand=(0.846,0.508) filter=(0.879,0.565) target=(460,542) cursor=(411,591)
[CURSOR-ABS] hand=(0.822,0.490) filter=(0.863,0.543) target=(523,494) cursor=(459,542)
[CURSOR-ABS] hand=(0.794,0.482) filter=(0.844,0.526) target=(596,457) cursor=(522,494)
[CURSOR-ABS] hand=(0.764,0.474) filter=(0.821,0.511) target=(683,424) cursor=(595,457)
[CURSOR-ABS] hand=(0.735,0.472) filter=(0.796,0.499) target=(779,400) cursor=(682,425)
[CURSOR-ABS] hand=(0.708,0.480) filter=(0.771,0.494) target=(875,389) cursor=(779,400)
[CURSOR-ABS] hand=(0.678,0.491) filter=(0.744,0.493) target=(980,386) cursor=(875,389)
[CURSOR-ABS] hand=(0.653,0.506) filter=(0.718,0.497) target=(1079,394) cursor=(979,386)
[CURSOR-ABS] hand=(0.637,0.524) filter=(0.695,0.504) target=(1169,411) cursor=(1078,394)
[CURSOR-ABS] hand=(0.632,0.536) filter=(0.676,0.513) target=(1240,431) cursor=(1168,411)
[CURSOR-ABS] hand=(0.634,0.540) filter=(0.664,0.521) target=(1285,446) cursor=(1239,430)
[CURSOR-ABS] hand=(0.648,0.523) filter=(0.660,0.521) target=(1303,448) cursor=(1285,446)
[CURSOR-ABS] hand=(0.674,0.474) filter=(0.664,0.508) target=(1288,420) cursor=(1303,448)
[CURSOR-ABS] hand=(0.695,0.416) filter=(0.673,0.482) target=(1253,363) cursor=(1288,420)
[CURSOR-ABS] hand=(0.719,0.329) filter=(0.686,0.438) target=(1202,267) cursor=(1254,363)
[CURSOR-ABS] hand=(0.746,0.233) filter=(0.702,0.379) target=(1139,140) cursor=(1203,267)
[CURSOR-ABS] hand=(0.427,0.168) filter=(0.427,0.168) target=(947,487) cursor=(1139,140)
[CURSOR-ABS] hand=(0.424,0.164) filter=(0.426,0.166) target=(950,484) cursor=(947,486)
[CURSOR-ABS] hand=(0.421,0.164) filter=(0.425,0.166) target=(956,483) cursor=(950,484)
[CURSOR-ABS] hand=(0.420,0.166) filter=(0.423,0.166) target=(961,483) cursor=(956,483)
[CURSOR-ABS] hand=(0.420,0.162) filter=(0.422,0.165) target=(964,480) cursor=(960,483)
[CURSOR-ABS] hand=(0.418,0.158) filter=(0.421,0.163) target=(969,477) cursor=(964,480)
[CURSOR-ABS] hand=(0.414,0.158) filter=(0.419,0.162) target=(977,474) cursor=(969,477)
[CURSOR-ABS] hand=(0.414,0.157) filter=(0.418,0.160) target=(982,471) cursor=(977,474)
[CURSOR-ABS] hand=(0.414,0.152) filter=(0.417,0.158) target=(986,466) cursor=(982,471)
[CURSOR-ABS] hand=(0.414,0.151) filter=(0.416,0.156) target=(989,462) cursor=(986,466)
[CURSOR-ABS] hand=(0.415,0.149) filter=(0.416,0.154) target=(990,457) cursor=(989,462)
[CURSOR-ABS] hand=(0.420,0.150) filter=(0.417,0.153) target=(986,455) cursor=(990,458)
[CURSOR-ABS] hand=(0.422,0.148) filter=(0.418,0.151) target=(980,452) cursor=(986,455)
[CURSOR-ABS] hand=(0.423,0.150) filter=(0.420,0.151) target=(975,451) cursor=(980,452)
[CURSOR-ABS] hand=(0.424,0.148) filter=(0.421,0.150) target=(971,449) cursor=(975,451)
[CURSOR-ABS] hand=(0.429,0.146) filter=(0.423,0.149) target=(962,447) cursor=(971,449)
[CURSOR-ABS] hand=(0.432,0.146) filter=(0.425,0.148) target=(953,445) cursor=(962,447)
[CURSOR-ABS] hand=(0.434,0.153) filter=(0.428,0.150) target=(944,448) cursor=(953,445)
[CURSOR-ABS] hand=(0.438,0.155) filter=(0.430,0.151) target=(934,451) cursor=(944,448)
[CURSOR-ABS] hand=(0.440,0.146) filter=(0.433,0.150) target=(923,448) cursor=(934,451)
[CURSOR-ABS] hand=(0.441,0.146) filter=(0.435,0.149) target=(915,446) cursor=(923,448)
[CURSOR-ABS] hand=(0.440,0.145) filter=(0.437,0.148) target=(910,444) cursor=(915,446)
[CURSOR-ABS] hand=(0.438,0.143) filter=(0.437,0.146) target=(908,441) cursor=(910,444)
[CURSOR-ABS] hand=(0.439,0.142) filter=(0.438,0.145) target=(906,438) cursor=(908,441)
[CURSOR-ABS] hand=(0.440,0.141) filter=(0.438,0.144) target=(903,436) cursor=(906,438)
[CURSOR-ABS] hand=(0.441,0.147) filter=(0.439,0.145) target=(900,438) cursor=(903,436)
[CURSOR-ABS] hand=(0.442,0.144) filter=(0.440,0.145) target=(897,437) cursor=(900,438)
[CURSOR-ABS] hand=(0.443,0.145) filter=(0.441,0.145) target=(893,438) cursor=(897,437)
[CURSOR-ABS] hand=(0.441,0.147) filter=(0.441,0.145) target=(893,439) cursor=(894,438)
[CURSOR-ABS] hand=(0.443,0.143) filter=(0.442,0.145) target=(891,438) cursor=(893,439)
[CURSOR-ABS] hand=(0.443,0.146) filter=(0.442,0.145) target=(889,438) cursor=(891,438)
[CURSOR-ABS] hand=(0.444,0.144) filter=(0.442,0.145) target=(887,438) cursor=(889,438)
[CURSOR-ABS] hand=(0.442,0.143) filter=(0.442,0.144) target=(888,437) cursor=(887,438)
[CURSOR-ABS] hand=(0.442,0.142) filter=(0.442,0.144) target=(889,435) cursor=(888,437)
[CURSOR-ABS] hand=(0.442,0.144) filter=(0.442,0.144) target=(889,435) cursor=(889,435)
[CURSOR-ABS] hand=(0.443,0.146) filter=(0.442,0.144) target=(887,437) cursor=(889,435)
[CURSOR-ABS] hand=(0.448,0.144) filter=(0.444,0.144) target=(882,437) cursor=(887,437)
[CURSOR-ABS] hand=(0.445,0.146) filter=(0.444,0.145) target=(881,438) cursor=(882,437)
[CURSOR-ABS] hand=(0.441,0.154) filter=(0.443,0.147) target=(884,443) cursor=(881,438)
[CURSOR-ABS] hand=(0.442,0.153) filter=(0.443,0.149) target=(885,447) cursor=(884,443)
[CURSOR-ABS] hand=(0.441,0.151) filter=(0.442,0.150) target=(888,448) cursor=(885,447)
[CURSOR-ABS] hand=(0.434,0.153) filter=(0.440,0.151) target=(897,450) cursor=(888,448)
[CURSOR-ABS] hand=(0.429,0.154) filter=(0.437,0.152) target=(908,452) cursor=(897,450)
[CURSOR-ABS] hand=(0.428,0.153) filter=(0.434,0.152) target=(918,453) cursor=(908,452)
[CURSOR-ABS] hand=(0.430,0.158) filter=(0.433,0.154) target=(923,457) cursor=(918,453)
[CURSOR-ABS] hand=(0.428,0.158) filter=(0.432,0.155) target=(928,459) cursor=(923,457)
[CURSOR-ABS] hand=(0.430,0.159) filter=(0.431,0.156) target=(930,462) cursor=(928,459)
[CURSOR-ABS] hand=(0.431,0.157) filter=(0.431,0.156) target=(930,463) cursor=(930,462)
[CURSOR-ABS] hand=(0.433,0.156) filter=(0.432,0.156) target=(928,463) cursor=(930,463)
[CURSOR-ABS] hand=(0.442,0.154) filter=(0.435,0.156) target=(917,461) cursor=(928,463)
[CURSOR-ABS] hand=(0.448,0.150) filter=(0.439,0.154) target=(902,458) cursor=(917,461)
[CURSOR-ABS] hand=(0.451,0.152) filter=(0.442,0.153) target=(890,456) cursor=(902,458)
[CURSOR-ABS] hand=(0.445,0.150) filter=(0.443,0.153) target=(886,454) cursor=(890,456)
[CURSOR-ABS] hand=(0.447,0.152) filter=(0.444,0.152) target=(882,454) cursor=(886,454)
[CURSOR-ABS] hand=(0.443,0.149) filter=(0.444,0.151) target=(883,452) cursor=(882,454)
[CURSOR-ABS] hand=(0.440,0.149) filter=(0.442,0.150) target=(888,450) cursor=(883,452)
[CURSOR-ABS] hand=(0.436,0.149) filter=(0.441,0.150) target=(895,449) cursor=(888,450)
[CURSOR-ABS] hand=(0.435,0.147) filter=(0.439,0.149) target=(901,447) cursor=(895,449)
[CURSOR-ABS] hand=(0.435,0.148) filter=(0.438,0.149) target=(905,447) cursor=(901,447)
[CURSOR-ABS] hand=(0.435,0.151) filter=(0.437,0.149) target=(908,448) cursor=(905,447)
[CURSOR-ABS] hand=(0.435,0.150) filter=(0.437,0.150) target=(910,448) cursor=(908,448)
[CURSOR-ABS] hand=(0.431,0.151) filter=(0.435,0.150) target=(916,448) cursor=(910,448)
[CURSOR-ABS] hand=(0.431,0.151) filter=(0.434,0.150) target=(920,449) cursor=(916,448)
[CURSOR-ABS] hand=(0.432,0.152) filter=(0.433,0.151) target=(922,451) cursor=(920,449)
[CURSOR-ABS] hand=(0.432,0.149) filter=(0.433,0.150) target=(923,450) cursor=(922,451)
[CURSOR-ABS] hand=(0.433,0.149) filter=(0.433,0.150) target=(923,449) cursor=(923,450)
[CURSOR-ABS] hand=(0.434,0.149) filter=(0.433,0.150) target=(922,448) cursor=(923,449)
[CURSOR-ABS] hand=(0.432,0.148) filter=(0.433,0.149) target=(923,448) cursor=(922,448)
[CURSOR-ABS] hand=(0.433,0.148) filter=(0.433,0.149) target=(924,447) cursor=(923,448)
[CURSOR-ABS] hand=(0.432,0.150) filter=(0.433,0.149) target=(925,448) cursor=(924,447)
[CURSOR-ABS] hand=(0.433,0.148) filter=(0.433,0.149) target=(925,447) cursor=(925,448)
[CURSOR-ABS] hand=(0.432,0.148) filter=(0.433,0.149) target=(925,446) cursor=(925,447)
[CURSOR-ABS] hand=(0.433,0.149) filter=(0.433,0.149) target=(925,446) cursor=(925,446)
[CURSOR-ABS] hand=(0.433,0.150) filter=(0.433,0.149) target=(925,447) cursor=(925,446)
[CURSOR-ABS] hand=(0.433,0.149) filter=(0.433,0.149) target=(924,447) cursor=(925,447)
[CURSOR-ABS] hand=(0.431,0.152) filter=(0.432,0.150) target=(926,448) cursor=(924,447)
[CURSOR-ABS] hand=(0.433,0.150) filter=(0.433,0.150) target=(925,448) cursor=(926,448)
[CURSOR-ABS] hand=(0.432,0.150) filter=(0.433,0.150) target=(926,449) cursor=(925,448)
[CURSOR-ABS] hand=(0.432,0.151) filter=(0.432,0.150) target=(926,449) cursor=(926,449)
[CURSOR-ABS] hand=(0.432,0.152) filter=(0.432,0.151) target=(927,450) cursor=(926,449)
[CURSOR-ABS] hand=(0.432,0.150) filter=(0.432,0.151) target=(927,450) cursor=(927,450)
[CURSOR-ABS] hand=(0.432,0.151) filter=(0.432,0.151) target=(928,451) cursor=(927,450)
[CURSOR-ABS] hand=(0.432,0.151) filter=(0.432,0.151) target=(928,451) cursor=(928,451)
[CURSOR-ABS] hand=(0.431,0.150) filter=(0.432,0.151) target=(929,450) cursor=(928,451)
[CURSOR-ABS] hand=(0.430,0.150) filter=(0.431,0.151) target=(931,450) cursor=(929,450)
[CURSOR-ABS] hand=(0.429,0.151) filter=(0.431,0.151) target=(933,450) cursor=(931,450)
[CURSOR-ABS] hand=(0.429,0.152) filter=(0.430,0.151) target=(934,451) cursor=(933,450)
[CURSOR-ABS] hand=(0.429,0.152) filter=(0.430,0.151) target=(935,452) cursor=(934,451)
[CURSOR-ABS] hand=(0.429,0.153) filter=(0.430,0.152) target=(936,453) cursor=(935,452)
[CURSOR-ABS] hand=(0.428,0.151) filter=(0.429,0.151) target=(938,452) cursor=(936,453)
[CURSOR-ABS] hand=(0.428,0.152) filter=(0.429,0.152) target=(939,452) cursor=(938,452)
[CURSOR-ABS] hand=(0.428,0.152) filter=(0.429,0.152) target=(940,453) cursor=(939,452)
[CURSOR-ABS] hand=(0.428,0.152) filter=(0.428,0.152) target=(941,453) cursor=(940,453)
[CURSOR-ABS] hand=(0.428,0.154) filter=(0.428,0.152) target=(942,454) cursor=(941,453)
[CURSOR-ABS] hand=(0.428,0.152) filter=(0.428,0.152) target=(942,454) cursor=(942,454)
[CURSOR-ABS] hand=(0.427,0.152) filter=(0.428,0.152) target=(943,454) cursor=(942,454)
[CURSOR-ABS] hand=(0.426,0.154) filter=(0.427,0.153) target=(945,455) cursor=(943,454)
[CURSOR-ABS] hand=(0.426,0.153) filter=(0.427,0.153) target=(947,455) cursor=(945,455)
[CURSOR-ABS] hand=(0.427,0.152) filter=(0.427,0.153) target=(947,454) cursor=(947,455)
[CURSOR-ABS] hand=(0.426,0.155) filter=(0.427,0.153) target=(948,456) cursor=(947,454)
[CURSOR-ABS] hand=(0.426,0.153) filter=(0.427,0.153) target=(948,456) cursor=(948,456)
[CURSOR-ABS] hand=(0.425,0.154) filter=(0.426,0.153) target=(950,456) cursor=(948,456)
[CURSOR-ABS] hand=(0.425,0.155) filter=(0.426,0.154) target=(951,457) cursor=(950,456)
[CURSOR-ABS] hand=(0.427,0.154) filter=(0.426,0.154) target=(950,457) cursor=(951,457)
[CURSOR-ABS] hand=(0.425,0.154) filter=(0.426,0.154) target=(951,457) cursor=(950,457)
[CURSOR-ABS] hand=(0.425,0.154) filter=(0.426,0.154) target=(952,457) cursor=(951,457)
[CURSOR-ABS] hand=(0.424,0.154) filter=(0.425,0.154) target=(954,457) cursor=(952,457)
[CURSOR-ABS] hand=(0.425,0.154) filter=(0.425,0.154) target=(954,457) cursor=(954,457)
[CURSOR-ABS] hand=(0.425,0.156) filter=(0.425,0.154) target=(954,459) cursor=(954,457)
[CURSOR-ABS] hand=(0.425,0.154) filter=(0.425,0.154) target=(954,459) cursor=(954,459)
[CURSOR-ABS] hand=(0.427,0.156) filter=(0.425,0.155) target=(953,460) cursor=(954,459)
[CURSOR-ABS] hand=(0.424,0.155) filter=(0.425,0.155) target=(954,460) cursor=(953,460)
[CURSOR-ABS] hand=(0.424,0.154) filter=(0.425,0.155) target=(955,459) cursor=(954,460)
[CURSOR-ABS] hand=(0.423,0.155) filter=(0.424,0.155) target=(957,459) cursor=(955,459)
[CURSOR-ABS] hand=(0.424,0.154) filter=(0.424,0.155) target=(957,459) cursor=(957,459)
[CURSOR-ABS] hand=(0.424,0.154) filter=(0.424,0.154) target=(957,458) cursor=(957,459)
[CURSOR-ABS] hand=(0.423,0.154) filter=(0.424,0.154) target=(958,458) cursor=(957,458)
[CURSOR-ABS] hand=(0.423,0.152) filter=(0.424,0.153) target=(960,456) cursor=(958,458)
[CURSOR-ABS] hand=(0.424,0.155) filter=(0.424,0.154) target=(959,457) cursor=(960,456)
[CURSOR-ABS] hand=(0.424,0.153) filter=(0.424,0.153) target=(959,456) cursor=(959,457)
[CURSOR-ABS] hand=(0.423,0.155) filter=(0.424,0.154) target=(960,457) cursor=(959,456)
[CURSOR-ABS] hand=(0.424,0.154) filter=(0.424,0.154) target=(959,457) cursor=(960,457)
[CURSOR-ABS] hand=(0.423,0.153) filter=(0.423,0.154) target=(960,457) cursor=(959,457)
[CURSOR-ABS] hand=(0.424,0.152) filter=(0.423,0.153) target=(960,456) cursor=(960,457)
[CURSOR-ABS] hand=(0.423,0.154) filter=(0.423,0.154) target=(960,456) cursor=(960,456)
[CURSOR-ABS] hand=(0.424,0.153) filter=(0.424,0.153) target=(960,456) cursor=(960,456)
[CURSOR-ABS] hand=(0.424,0.153) filter=(0.424,0.153) target=(960,456) cursor=(960,456)
[CURSOR-ABS] hand=(0.424,0.153) filter=(0.424,0.153) target=(960,456) cursor=(960,456)
[CURSOR-ABS] hand=(0.424,0.152) filter=(0.424,0.153) target=(960,455) cursor=(960,456)
[CURSOR-ABS] hand=(0.425,0.153) filter=(0.424,0.153) target=(958,455) cursor=(960,455)
[CURSOR-ABS] hand=(0.427,0.151) filter=(0.425,0.152) target=(955,454) cursor=(958,455)
[CURSOR-ABS] hand=(0.428,0.153) filter=(0.426,0.153) target=(952,455) cursor=(955,454)
[CURSOR-ABS] hand=(0.426,0.153) filter=(0.426,0.153) target=(951,455) cursor=(952,455)
[CURSOR-ABS] hand=(0.428,0.153) filter=(0.426,0.153) target=(949,455) cursor=(951,455)
[CURSOR-ABS] hand=(0.428,0.152) filter=(0.427,0.153) target=(947,455) cursor=(949,455)
[CURSOR-ABS] hand=(0.429,0.152) filter=(0.427,0.153) target=(945,455) cursor=(947,455)
[CURSOR-ABS] hand=(0.430,0.151) filter=(0.428,0.152) target=(943,454) cursor=(945,455)
[CURSOR-ABS] hand=(0.430,0.150) filter=(0.428,0.152) target=(941,453) cursor=(943,454)
[CURSOR-ABS] hand=(0.430,0.151) filter=(0.429,0.151) target=(940,452) cursor=(941,453)
[CURSOR-ABS] hand=(0.430,0.151) filter=(0.429,0.151) target=(937,451) cursor=(940,452)
[CURSOR-ABS] hand=(0.430,0.150) filter=(0.430,0.151) target=(937,451) cursor=(937,451)
[CURSOR-ABS] hand=(0.430,0.152) filter=(0.430,0.151) target=(936,451) cursor=(937,451)
[CURSOR-ABS] hand=(0.431,0.150) filter=(0.430,0.151) target=(935,451) cursor=(936,451)
[CURSOR-ABS] hand=(0.430,0.151) filter=(0.430,0.151) target=(935,451) cursor=(935,451)
[CURSOR-ABS] hand=(0.431,0.151) filter=(0.430,0.151) target=(934,450) cursor=(935,451)
[CURSOR-ABS] hand=(0.431,0.149) filter=(0.430,0.150) target=(934,450) cursor=(934,450)
[CURSOR-ABS] hand=(0.431,0.149) filter=(0.430,0.150) target=(933,449) cursor=(934,450)
[CURSOR-ABS] hand=(0.431,0.149) filter=(0.431,0.150) target=(933,448) cursor=(933,449)
[CURSOR-ABS] hand=(0.431,0.149) filter=(0.431,0.150) target=(933,448) cursor=(933,448)
[CURSOR-ABS] hand=(0.430,0.150) filter=(0.431,0.150) target=(933,448) cursor=(933,448)
[CURSOR-ABS] hand=(0.431,0.151) filter=(0.431,0.150) target=(933,449) cursor=(933,448)
[CURSOR-ABS] hand=(0.431,0.151) filter=(0.431,0.150) target=(932,450) cursor=(933,449)
[CURSOR-ABS] hand=(0.432,0.153) filter=(0.431,0.151) target=(931,451) cursor=(932,450)
[CURSOR-ABS] hand=(0.430,0.151) filter=(0.431,0.151) target=(932,451) cursor=(931,451)
[CURSOR-ABS] hand=(0.430,0.152) filter=(0.431,0.151) target=(933,452) cursor=(932,451)
[CURSOR-ABS] hand=(0.430,0.152) filter=(0.431,0.152) target=(933,452) cursor=(933,452)
[CURSOR-ABS] hand=(0.431,0.152) filter=(0.431,0.152) target=(933,453) cursor=(933,452)
[CURSOR-ABS] hand=(0.431,0.153) filter=(0.431,0.152) target=(933,454) cursor=(933,453)
[CURSOR-ABS] hand=(0.431,0.152) filter=(0.431,0.152) target=(932,453) cursor=(933,454)
[CURSOR-ABS] hand=(0.430,0.151) filter=(0.431,0.152) target=(933,453) cursor=(932,453)
[CURSOR-ABS] hand=(0.431,0.151) filter=(0.431,0.151) target=(932,452) cursor=(933,453)
[CURSOR-ABS] hand=(0.431,0.152) filter=(0.431,0.152) target=(932,452) cursor=(932,452)
[CURSOR-ABS] hand=(0.432,0.151) filter=(0.431,0.151) target=(931,452) cursor=(932,452)
[CURSOR-ABS] hand=(0.431,0.152) filter=(0.431,0.152) target=(931,452) cursor=(931,452)
[CURSOR-ABS] hand=(0.431,0.152) filter=(0.431,0.152) target=(932,453) cursor=(931,452)
[CURSOR-ABS] hand=(0.430,0.153) filter=(0.431,0.152) target=(933,453) cursor=(932,453)
[CURSOR-ABS] hand=(0.429,0.155) filter=(0.430,0.153) target=(934,455) cursor=(933,453)
[CURSOR-ABS] hand=(0.427,0.159) filter=(0.429,0.155) target=(937,459) cursor=(934,455)
[CURSOR-ABS] hand=(0.426,0.166) filter=(0.428,0.158) target=(941,465) cursor=(937,459)
[CURSOR-ABS] hand=(0.423,0.167) filter=(0.427,0.160) target=(946,471) cursor=(941,465)
[CURSOR-ABS] hand=(0.421,0.170) filter=(0.425,0.163) target=(953,477) cursor=(946,471)
[CURSOR-ABS] hand=(0.417,0.172) filter=(0.423,0.166) target=(962,483) cursor=(953,477)
[CURSOR-ABS] hand=(0.413,0.171) filter=(0.420,0.167) target=(972,486) cursor=(962,483)
[CURSOR-ABS] hand=(0.404,0.167) filter=(0.416,0.167) target=(990,486) cursor=(972,486)
[CURSOR-ABS] hand=(0.395,0.162) filter=(0.410,0.166) target=(1012,483) cursor=(990,486)
[CURSOR-ABS] hand=(0.356,0.197) filter=(0.356,0.197) target=(923,474) cursor=(1012,483)
[CURSOR-ABS] hand=(0.360,0.195) filter=(0.357,0.196) target=(919,473) cursor=(923,474)
[CURSOR-ABS] hand=(0.360,0.193) filter=(0.358,0.195) target=(916,471) cursor=(919,473)
[CURSOR-ABS] hand=(0.360,0.191) filter=(0.358,0.194) target=(914,469) cursor=(916,471)
[CURSOR-ABS] hand=(0.358,0.189) filter=(0.358,0.193) target=(914,466) cursor=(914,469)
[CURSOR-ABS] hand=(0.356,0.188) filter=(0.358,0.191) target=(917,462) cursor=(914,466)
[CURSOR-ABS] hand=(0.354,0.184) filter=(0.357,0.189) target=(921,458) cursor=(917,462)
[CURSOR-ABS] hand=(0.351,0.183) filter=(0.355,0.188) target=(927,454) cursor=(921,458)
[CURSOR-ABS] hand=(0.350,0.181) filter=(0.354,0.186) target=(932,450) cursor=(927,454)
[CURSOR-ABS] hand=(0.349,0.179) filter=(0.352,0.184) target=(937,446) cursor=(932,450)
[CURSOR-ABS] hand=(0.349,0.175) filter=(0.351,0.181) target=(941,441) cursor=(937,446)
[CURSOR-ABS] hand=(0.348,0.174) filter=(0.350,0.179) target=(945,437) cursor=(941,441)
[CURSOR-ABS] hand=(0.742,0.304) filter=(0.465,0.215) target=(507,513) cursor=(945,437)
[CURSOR-ABS] hand=(0.348,0.170) filter=(0.431,0.202) target=(635,486) cursor=(509,512)
[CURSOR-ABS] hand=(0.764,0.309) filter=(0.530,0.233) target=(255,552) cursor=(634,486)
[CURSOR-ABS] hand=(0.764,0.331) filter=(0.601,0.261) target=(0,613) cursor=(257,551)
[CURSOR-ABS] hand=(0.755,0.346) filter=(0.646,0.285) target=(0,664) cursor=(1,613)
[CURSOR-ABS] hand=(0.755,0.343) filter=(0.678,0.302) target=(0,700) cursor=(0,664)
[CURSOR-ABS] hand=(0.761,0.337) filter=(0.703,0.312) target=(0,723) cursor=(0,700)
[CURSOR-ABS] hand=(0.767,0.325) filter=(0.722,0.316) target=(0,731) cursor=(0,723)
[CURSOR-ABS] hand=(0.774,0.319) filter=(0.738,0.317) target=(0,733) cursor=(0,731)
[CURSOR-ABS] hand=(0.782,0.317) filter=(0.750,0.317) target=(0,733) cursor=(0,733)
[CURSOR-ABS] hand=(0.792,0.317) filter=(0.762,0.317) target=(0,733) cursor=(0,733)
[CURSOR-ABS] hand=(0.799,0.316) filter=(0.773,0.317) target=(0,733) cursor=(0,733)
[CURSOR-ABS] hand=(0.806,0.317) filter=(0.782,0.317) target=(0,733) cursor=(0,733)
[CURSOR-ABS] hand=(0.813,0.314) filter=(0.791,0.316) target=(0,732) cursor=(0,733)
[CURSOR-ABS] hand=(0.820,0.316) filter=(0.799,0.316) target=(0,732) cursor=(0,732)
[CURSOR-ABS] hand=(0.830,0.319) filter=(0.808,0.317) target=(0,733) cursor=(0,732)
[CURSOR-ABS] hand=(0.837,0.318) filter=(0.816,0.317) target=(0,734) cursor=(0,733)
[CURSOR-ABS] hand=(0.844,0.315) filter=(0.824,0.316) target=(0,732) cursor=(0,734)
[CURSOR-ABS] hand=(0.851,0.319) filter=(0.832,0.317) target=(0,734) cursor=(0,732)
[CURSOR-ABS] hand=(0.856,0.316) filter=(0.839,0.317) target=(0,733) cursor=(0,734)
[CURSOR-ABS] hand=(0.863,0.315) filter=(0.846,0.316) target=(0,732) cursor=(0,733)
[CURSOR-ABS] hand=(0.870,0.315) filter=(0.852,0.316) target=(0,732) cursor=(0,732)
[CURSOR-ABS] hand=(0.877,0.315) filter=(0.859,0.316) target=(0,731) cursor=(0,732)
[CURSOR-ABS] hand=(0.885,0.315) filter=(0.867,0.315) target=(0,730) cursor=(0,731)
[CURSOR-ABS] hand=(0.890,0.311) filter=(0.873,0.314) target=(0,728) cursor=(0,730)
[CURSOR-ABS] hand=(0.897,0.316) filter=(0.884,0.315) target=(0,729) cursor=(0,728)
[CURSOR-ABS] hand=(0.901,0.315) filter=(0.888,0.315) target=(0,730) cursor=(0,729)
[CURSOR-ABS] hand=(0.903,0.312) filter=(0.893,0.314) target=(0,727) cursor=(0,730)
[CURSOR-ABS] hand=(0.907,0.313) filter=(0.897,0.314) target=(0,727) cursor=(0,727)
[CURSOR-ABS] hand=(0.911,0.312) filter=(0.901,0.313) target=(0,725) cursor=(0,727)
[CURSOR-ABS] hand=(0.916,0.312) filter=(0.905,0.313) target=(0,725) cursor=(0,726)
[CURSOR-ABS] hand=(0.918,0.312) filter=(0.909,0.313) target=(0,724) cursor=(0,725)
[CURSOR-ABS] hand=(0.917,0.311) filter=(0.911,0.312) target=(0,724) cursor=(0,724)
[CURSOR-ABS] hand=(0.920,0.312) filter=(0.914,0.312) target=(0,723) cursor=(0,724)
[CURSOR-ABS] hand=(0.922,0.311) filter=(0.916,0.312) target=(0,723) cursor=(0,723)
[CURSOR-ABS] hand=(0.923,0.312) filter=(0.918,0.312) target=(0,723) cursor=(0,723)
[CURSOR-ABS] hand=(0.924,0.311) filter=(0.919,0.312) target=(0,722) cursor=(0,723)
[CURSOR-ABS] hand=(0.920,0.314) filter=(0.920,0.312) target=(0,724) cursor=(0,722)
[CURSOR-ABS] hand=(0.916,0.301) filter=(0.918,0.309) target=(0,717) cursor=(0,724)
[CURSOR-ABS] hand=(0.917,0.268) filter=(0.918,0.298) target=(0,693) cursor=(0,717)
[CURSOR-ABS] hand=(0.325,0.057) filter=(0.748,0.231) target=(0,548) cursor=(0,693)
[CURSOR-ABS] hand=(0.940,0.133) filter=(0.805,0.202) target=(0,485) cursor=(0,549)
[CURSOR-ABS] hand=(0.330,0.009) filter=(0.541,0.096) target=(213,256) cursor=(0,485)
[CURSOR-ABS] hand=(0.620,0.420) filter=(0.620,0.420) target=(593,724) cursor=(213,256)
[CURSOR-ABS] hand=(0.628,0.422) filter=(0.624,0.421) target=(580,727) cursor=(593,724)
[CURSOR-ABS] hand=(0.635,0.422) filter=(0.627,0.421) target=(567,727) cursor=(580,726)
[CURSOR-ABS] hand=(0.642,0.426) filter=(0.631,0.422) target=(551,730) cursor=(568,727)
[CURSOR-ABS] hand=(0.649,0.428) filter=(0.636,0.424) target=(532,734) cursor=(551,730)
[CURSOR-ABS] hand=(0.657,0.426) filter=(0.642,0.424) target=(510,735) cursor=(532,734)
[CURSOR-ABS] hand=(0.666,0.421) filter=(0.649,0.423) target=(484,732) cursor=(510,735)
[CURSOR-ABS] hand=(0.672,0.416) filter=(0.655,0.421) target=(458,728) cursor=(484,732)
[CURSOR-ABS] hand=(0.681,0.404) filter=(0.663,0.416) target=(430,717) cursor=(459,728)
[CURSOR-ABS] hand=(0.690,0.391) filter=(0.670,0.409) target=(401,702) cursor=(430,717)
[CURSOR-ABS] hand=(0.695,0.376) filter=(0.677,0.400) target=(374,682) cursor=(401,702)
[CURSOR-ABS] hand=(0.699,0.359) filter=(0.683,0.388) target=(350,657) cursor=(374,682)
[CURSOR-ABS] hand=(0.701,0.344) filter=(0.689,0.376) target=(331,629) cursor=(350,657)
[CURSOR-ABS] hand=(0.700,0.331) filter=(0.692,0.363) target=(318,601) cursor=(331,629)
[CURSOR-ABS] hand=(0.698,0.325) filter=(0.694,0.352) target=(312,579) cursor=(318,602)
[CURSOR-ABS] hand=(0.692,0.327) filter=(0.693,0.345) target=(313,563) cursor=(312,579)
[CURSOR-ABS] hand=(0.684,0.332) filter=(0.691,0.341) target=(323,556) cursor=(313,563)
[CURSOR-ABS] hand=(0.674,0.336) filter=(0.686,0.340) target=(340,552) cursor=(323,556)
[CURSOR-ABS] hand=(0.664,0.351) filter=(0.680,0.343) target=(365,559) cursor=(340,552)
[CURSOR-ABS] hand=(0.653,0.360) filter=(0.672,0.348) target=(393,569) cursor=(365,559)
[CURSOR-ABS] hand=(0.641,0.364) filter=(0.663,0.352) target=(427,579) cursor=(393,569)
[CURSOR-ABS] hand=(0.628,0.370) filter=(0.654,0.357) target=(465,590) cursor=(427,579)
[CURSOR-ABS] hand=(0.616,0.377) filter=(0.643,0.363) target=(506,601) cursor=(465,590)
[CURSOR-ABS] hand=(0.603,0.383) filter=(0.631,0.369) target=(551,614) cursor=(506,601)
[CURSOR-ABS] hand=(0.586,0.382) filter=(0.619,0.372) target=(598,621) cursor=(551,614)
[CURSOR-ABS] hand=(0.574,0.384) filter=(0.606,0.375) target=(648,629) cursor=(598,621)
[CURSOR-ABS] hand=(0.560,0.384) filter=(0.593,0.378) target=(699,634) cursor=(648,628)
[CURSOR-ABS] hand=(0.546,0.386) filter=(0.580,0.380) target=(749,639) cursor=(698,634)
[CURSOR-ABS] hand=(0.533,0.382) filter=(0.566,0.381) target=(802,640) cursor=(749,639)
[CURSOR-ABS] hand=(0.520,0.383) filter=(0.553,0.381) target=(852,641) cursor=(801,640)
[CURSOR-ABS] hand=(0.508,0.382) filter=(0.540,0.381) target=(901,642) cursor=(851,641)
[CURSOR-ABS] hand=(0.497,0.381) filter=(0.528,0.381) target=(948,642) cursor=(900,642)
[CURSOR-ABS] hand=(0.487,0.378) filter=(0.516,0.380) target=(993,639) cursor=(948,642)
[CURSOR-ABS] hand=(0.476,0.371) filter=(0.504,0.378) target=(1038,634) cursor=(993,639)
[CURSOR-ABS] hand=(0.466,0.369) filter=(0.494,0.375) target=(1079,628) cursor=(1038,634)
[CURSOR-ABS] hand=(0.457,0.367) filter=(0.483,0.373) target=(1119,623) cursor=(1079,628)
[CURSOR-ABS] hand=(0.446,0.368) filter=(0.473,0.371) target=(1160,620) cursor=(1119,623)
[CURSOR-ABS] hand=(0.438,0.365) filter=(0.463,0.370) target=(1199,616) cursor=(1160,620)
[CURSOR-ABS] hand=(0.428,0.360) filter=(0.452,0.367) target=(1237,610) cursor=(1198,616)
[CURSOR-ABS] hand=(0.420,0.350) filter=(0.443,0.362) target=(1272,600) cursor=(1237,610)
[CURSOR-ABS] hand=(0.408,0.342) filter=(0.433,0.357) target=(1311,588) cursor=(1272,600)
[CURSOR-ABS] hand=(0.398,0.337) filter=(0.423,0.351) target=(1349,576) cursor=(1311,588)
[CURSOR-ABS] hand=(0.388,0.334) filter=(0.413,0.346) target=(1388,566) cursor=(1349,576)
[CURSOR-ABS] hand=(0.378,0.324) filter=(0.403,0.340) target=(1427,552) cursor=(1388,566)
[CURSOR-ABS] hand=(0.370,0.316) filter=(0.394,0.333) target=(1462,538) cursor=(1426,552)
[CURSOR-ABS] hand=(0.363,0.311) filter=(0.385,0.327) target=(1496,524) cursor=(1462,538)
[CURSOR-ABS] hand=(0.358,0.308) filter=(0.378,0.322) target=(1525,512) cursor=(1495,524)
[CURSOR-ABS] hand=(0.355,0.306) filter=(0.371,0.317) target=(1550,503) cursor=(1525,513)
[CURSOR-ABS] hand=(0.352,0.306) filter=(0.366,0.314) target=(1570,496) cursor=(1550,503)
[CURSOR-ABS] hand=(0.351,0.307) filter=(0.362,0.312) target=(1586,492) cursor=(1570,496)
[CURSOR-ABS] hand=(0.352,0.312) filter=(0.359,0.312) target=(1597,492) cursor=(1585,492)
[CURSOR-ABS] hand=(0.353,0.318) filter=(0.357,0.314) target=(1603,496) cursor=(1597,492)
[CURSOR-ABS] hand=(0.358,0.324) filter=(0.358,0.316) target=(1602,501) cursor=(1602,496)
[CURSOR-ABS] hand=(0.365,0.327) filter=(0.360,0.319) target=(1593,508) cursor=(1602,501)
[CURSOR-ABS] hand=(0.375,0.335) filter=(0.364,0.324) target=(1577,517) cursor=(1593,508)
[CURSOR-ABS] hand=(0.386,0.341) filter=(0.370,0.328) target=(1554,527) cursor=(1577,517)
[CURSOR-ABS] hand=(0.398,0.342) filter=(0.378,0.332) target=(1524,535) cursor=(1554,527)
[CURSOR-ABS] hand=(0.416,0.341) filter=(0.388,0.335) target=(1483,541) cursor=(1524,535)
[CURSOR-ABS] hand=(0.431,0.350) filter=(0.401,0.339) target=(1436,550) cursor=(1484,541)
[CURSOR-ABS] hand=(0.447,0.358) filter=(0.414,0.344) target=(1387,561) cursor=(1436,550)
[CURSOR-ABS] hand=(0.468,0.357) filter=(0.429,0.348) target=(1328,569) cursor=(1387,561)
[CURSOR-ABS] hand=(0.489,0.367) filter=(0.456,0.356) target=(1226,587) cursor=(1328,569)
[CURSOR-ABS] hand=(0.509,0.371) filter=(0.471,0.361) target=(1167,597) cursor=(1226,587)
[CURSOR-ABS] hand=(0.531,0.374) filter=(0.488,0.364) target=(1100,605) cursor=(1167,597)
[CURSOR-ABS] hand=(0.556,0.373) filter=(0.507,0.367) target=(1027,610) cursor=(1100,605)
[CURSOR-ABS] hand=(0.580,0.370) filter=(0.528,0.368) target=(947,612) cursor=(1027,610)
[CURSOR-ABS] hand=(0.599,0.371) filter=(0.549,0.369) target=(868,614) cursor=(948,612)
[CURSOR-ABS] hand=(0.615,0.362) filter=(0.567,0.367) target=(796,610) cursor=(868,614)
[CURSOR-ABS] hand=(0.628,0.360) filter=(0.585,0.365) target=(728,606) cursor=(797,610)
[CURSOR-ABS] hand=(0.637,0.358) filter=(0.600,0.363) target=(672,602) cursor=(729,606)
[CURSOR-ABS] hand=(0.647,0.355) filter=(0.613,0.361) target=(620,597) cursor=(672,602)
[CURSOR-ABS] hand=(0.654,0.351) filter=(0.625,0.358) target=(575,591) cursor=(621,597)
[CURSOR-ABS] hand=(0.660,0.350) filter=(0.635,0.356) target=(536,586) cursor=(575,591)
[CURSOR-ABS] hand=(0.665,0.349) filter=(0.644,0.354) target=(502,582) cursor=(536,586)
[CURSOR-ABS] hand=(0.668,0.354) filter=(0.651,0.354) target=(477,582) cursor=(502,582)
[CURSOR-ABS] hand=(0.666,0.367) filter=(0.655,0.358) target=(460,590) cursor=(477,582)
[CURSOR-ABS] hand=(0.662,0.382) filter=(0.657,0.364) target=(452,605) cursor=(461,590)
[CURSOR-ABS] hand=(0.657,0.396) filter=(0.657,0.373) target=(452,624) cursor=(452,605)
[CURSOR-ABS] hand=(0.649,0.418) filter=(0.655,0.386) target=(461,652) cursor=(452,624)
[CURSOR-ABS] hand=(0.638,0.439) filter=(0.650,0.401) target=(478,683) cursor=(461,652)
[CURSOR-ABS] hand=(0.627,0.457) filter=(0.644,0.417) target=(503,718) cursor=(478,683)
[CURSOR-ABS] hand=(0.613,0.473) filter=(0.635,0.433) target=(536,753) cursor=(503,717)
[CURSOR-ABS] hand=(0.600,0.486) filter=(0.625,0.448) target=(574,785) cursor=(536,752)
[CURSOR-ABS] hand=(0.586,0.496) filter=(0.614,0.462) target=(618,816) cursor=(573,785)
[CURSOR-ABS] hand=(0.570,0.499) filter=(0.602,0.472) target=(664,838) cursor=(618,816)
[CURSOR-ABS] hand=(0.555,0.500) filter=(0.589,0.480) target=(715,855) cursor=(663,838)
[CURSOR-ABS] hand=(0.539,0.503) filter=(0.575,0.487) target=(769,869) cursor=(714,855)
[CURSOR-ABS] hand=(0.523,0.506) filter=(0.560,0.492) target=(825,881) cursor=(768,869)
[CURSOR-ABS] hand=(0.506,0.502) filter=(0.544,0.495) target=(885,887) cursor=(824,881)
[CURSOR-ABS] hand=(0.491,0.503) filter=(0.529,0.497) target=(942,892) cursor=(884,887)
[CURSOR-ABS] hand=(0.476,0.498) filter=(0.514,0.498) target=(1001,893) cursor=(942,892)
[CURSOR-ABS] hand=(0.459,0.492) filter=(0.498,0.496) target=(1061,890) cursor=(1000,893)
[CURSOR-ABS] hand=(0.445,0.488) filter=(0.483,0.494) target=(1120,885) cursor=(1061,890)
[CURSOR-ABS] hand=(0.428,0.483) filter=(0.467,0.491) target=(1182,878) cursor=(1120,885)
[CURSOR-ABS] hand=(0.413,0.482) filter=(0.452,0.488) target=(1239,873) cursor=(1182,878)
[CURSOR-ABS] hand=(0.397,0.479) filter=(0.436,0.486) target=(1299,867) cursor=(1239,873)
[CURSOR-ABS] hand=(0.384,0.476) filter=(0.421,0.483) target=(1356,861) cursor=(1299,867)
[CURSOR-ABS] hand=(0.373,0.475) filter=(0.408,0.481) target=(1410,856) cursor=(1356,861)
[CURSOR-ABS] hand=(0.360,0.476) filter=(0.393,0.479) target=(1464,854) cursor=(1410,856)
[CURSOR-ABS] hand=(0.346,0.474) filter=(0.380,0.478) target=(1515,850) cursor=(1464,854)
[CURSOR-ABS] hand=(0.333,0.466) filter=(0.367,0.475) target=(1566,843) cursor=(1514,850)
[CURSOR-ABS] hand=(0.324,0.454) filter=(0.354,0.469) target=(1614,831) cursor=(1566,843)
[CURSOR-ABS] hand=(0.312,0.443) filter=(0.342,0.462) target=(1661,815) cursor=(1614,831)
[CURSOR-ABS] hand=(0.302,0.427) filter=(0.331,0.452) target=(1706,793) cursor=(1660,815)
[CURSOR-ABS] hand=(0.297,0.405) filter=(0.321,0.439) target=(1741,765) cursor=(1705,794)
[CURSOR-ABS] hand=(0.292,0.383) filter=(0.313,0.423) target=(1774,731) cursor=(1741,766)
[CURSOR-ABS] hand=(0.289,0.357) filter=(0.306,0.404) target=(1799,691) cursor=(1774,731)
[CURSOR-ABS] hand=(0.286,0.332) filter=(0.300,0.383) target=(1822,646) cursor=(1799,691)
[CURSOR-ABS] hand=(0.279,0.310) filter=(0.294,0.362) target=(1845,600) cursor=(1822,646)
[CURSOR-ABS] hand=(0.277,0.283) filter=(0.290,0.340) target=(1863,552) cursor=(1845,601)
[CURSOR-ABS] hand=(0.274,0.269) filter=(0.285,0.319) target=(1880,508) cursor=(1863,552)
[CURSOR-ABS] hand=(0.282,0.253) filter=(0.284,0.300) target=(1883,466) cursor=(1880,508)
[CURSOR-ABS] hand=(0.291,0.245) filter=(0.286,0.284) target=(1876,432) cursor=(1883,467)
[CURSOR-ABS] hand=(0.301,0.240) filter=(0.290,0.271) target=(1859,404) cursor=(1876,432)
[CURSOR-ABS] hand=(0.313,0.239) filter=(0.297,0.262) target=(1836,384) cursor=(1860,404)
[CURSOR-ABS] hand=(0.327,0.233) filter=(0.305,0.254) target=(1803,366) cursor=(1836,385)
[CURSOR-ABS] hand=(0.340,0.229) filter=(0.315,0.247) target=(1765,351) cursor=(1803,366)
[CURSOR-ABS] hand=(0.355,0.228) filter=(0.326,0.241) target=(1723,339) cursor=(1766,351)
[CURSOR-ABS] hand=(0.369,0.225) filter=(0.339,0.236) target=(1675,329) cursor=(1723,339)
[CURSOR-ABS] hand=(0.386,0.222) filter=(0.352,0.232) target=(1625,320) cursor=(1675,329)
[CURSOR-ABS] hand=(0.404,0.224) filter=(0.367,0.230) target=(1567,315) cursor=(1625,320)
[CURSOR-ABS] hand=(0.423,0.225) filter=(0.383,0.229) target=(1506,312) cursor=(1568,315)
[CURSOR-ABS] hand=(0.445,0.225) filter=(0.400,0.228) target=(1437,310) cursor=(1506,312)
[CURSOR-ABS] hand=(0.467,0.225) filter=(0.420,0.227) target=(1363,308) cursor=(1438,310)
[CURSOR-ABS] hand=(0.490,0.229) filter=(0.451,0.228) target=(1245,311) cursor=(1363,308)
[CURSOR-ABS] hand=(0.509,0.243) filter=(0.467,0.232) target=(1181,319) cursor=(1245,311)
[CURSOR-ABS] hand=(0.534,0.252) filter=(0.486,0.238) target=(1107,331) cursor=(1181,319)
[CURSOR-ABS] hand=(0.550,0.264) filter=(0.505,0.245) target=(1037,347) cursor=(1108,331)
[CURSOR-ABS] hand=(0.573,0.285) filter=(0.525,0.257) target=(959,372) cursor=(1038,347)
[CURSOR-ABS] hand=(0.592,0.305) filter=(0.544,0.270) target=(888,401) cursor=(960,372)
[CURSOR-ABS] hand=(0.612,0.320) filter=(0.563,0.284) target=(812,431) cursor=(888,400)
[CURSOR-ABS] hand=(0.630,0.332) filter=(0.583,0.297) target=(738,460) cursor=(812,431)
[CURSOR-ABS] hand=(0.647,0.343) filter=(0.601,0.310) target=(666,488) cursor=(738,460)
[CURSOR-ABS] hand=(0.658,0.345) filter=(0.618,0.321) target=(602,510) cursor=(666,488)
[CURSOR-ABS] hand=(0.673,0.345) filter=(0.633,0.327) target=(543,525) cursor=(602,510)
[CURSOR-ABS] hand=(0.688,0.347) filter=(0.649,0.333) target=(482,537) cursor=(543,525)
[CURSOR-ABS] hand=(0.700,0.349) filter=(0.664,0.337) target=(426,547) cursor=(482,537)
[CURSOR-ABS] hand=(0.706,0.363) filter=(0.676,0.345) target=(379,562) cursor=(426,547)
[CURSOR-ABS] hand=(0.710,0.380) filter=(0.686,0.355) target=(341,584) cursor=(379,562)
[CURSOR-ABS] hand=(0.704,0.402) filter=(0.691,0.368) target=(321,612) cursor=(341,584)
[CURSOR-ABS] hand=(0.699,0.423) filter=(0.693,0.384) target=(313,646) cursor=(321,612)
[CURSOR-ABS] hand=(0.690,0.445) filter=(0.692,0.401) target=(316,685) cursor=(313,646)
[CURSOR-ABS] hand=(0.682,0.470) filter=(0.690,0.421) target=(327,727) cursor=(316,684)
[CURSOR-ABS] hand=(0.674,0.489) filter=(0.685,0.441) target=(345,770) cursor=(327,727)
[CURSOR-ABS] hand=(0.665,0.501) filter=(0.679,0.458) target=(366,807) cursor=(344,770)
[CURSOR-ABS] hand=(0.654,0.519) filter=(0.673,0.475) target=(392,845) cursor=(365,806)
[CURSOR-ABS] hand=(0.646,0.524) filter=(0.665,0.489) target=(421,875) cursor=(392,845)
[CURSOR-ABS] hand=(0.639,0.534) filter=(0.658,0.502) target=(449,903) cursor=(421,875)
[CURSOR-ABS] hand=(0.629,0.539) filter=(0.650,0.513) target=(481,926) cursor=(449,903)
[CURSOR-ABS] hand=(0.619,0.541) filter=(0.641,0.521) target=(512,943) cursor=(480,926)
[CURSOR-ABS] hand=(0.608,0.540) filter=(0.632,0.526) target=(549,955) cursor=(512,943)
[CURSOR-ABS] hand=(0.600,0.538) filter=(0.623,0.530) target=(583,962) cursor=(548,955)
[CURSOR-ABS] hand=(0.588,0.536) filter=(0.613,0.531) target=(621,966) cursor=(583,962)
[CURSOR-ABS] hand=(0.577,0.535) filter=(0.602,0.532) target=(662,968) cursor=(621,965)
[CURSOR-ABS] hand=(0.564,0.530) filter=(0.592,0.532) target=(702,967) cursor=(661,968)
[CURSOR-ABS] hand=(0.551,0.529) filter=(0.580,0.531) target=(746,965) cursor=(702,967)
[CURSOR-ABS] hand=(0.539,0.526) filter=(0.569,0.530) target=(791,962) cursor=(746,965)
[CURSOR-ABS] hand=(0.522,0.523) filter=(0.555,0.528) target=(843,958) cursor=(791,962)
[CURSOR-ABS] hand=(0.505,0.521) filter=(0.541,0.526) target=(899,954) cursor=(842,958)
[CURSOR-ABS] hand=(0.487,0.518) filter=(0.526,0.524) target=(956,949) cursor=(899,954)
[CURSOR-ABS] hand=(0.471,0.517) filter=(0.510,0.522) target=(1016,945) cursor=(956,949)
[CURSOR-ABS] hand=(0.452,0.518) filter=(0.494,0.521) target=(1080,943) cursor=(1016,945)
[CURSOR-ABS] hand=(0.433,0.513) filter=(0.476,0.519) target=(1147,938) cursor=(1079,943)
[CURSOR-ABS] hand=(0.414,0.506) filter=(0.458,0.515) target=(1216,931) cursor=(1146,938)
[CURSOR-ABS] hand=(0.393,0.504) filter=(0.440,0.512) target=(1286,924) cursor=(1215,931)
[CURSOR-ABS] hand=(0.378,0.495) filter=(0.422,0.507) target=(1355,913) cursor=(1285,924)
[CURSOR-ABS] hand=(0.362,0.492) filter=(0.405,0.503) target=(1420,904) cursor=(1355,913)
[CURSOR-ABS] hand=(0.351,0.494) filter=(0.389,0.500) target=(1482,898) cursor=(1420,904)
[CURSOR-ABS] hand=(0.337,0.490) filter=(0.374,0.497) target=(1540,892) cursor=(1481,898)
[CURSOR-ABS] hand=(0.327,0.488) filter=(0.361,0.495) target=(1590,887) cursor=(1539,892)
[CURSOR-ABS] hand=(0.316,0.491) filter=(0.348,0.494) target=(1640,884) cursor=(1590,887)
[CURSOR-ABS] hand=(0.311,0.491) filter=(0.337,0.493) target=(1680,883) cursor=(1639,884)
[CURSOR-ABS] hand=(0.305,0.498) filter=(0.328,0.494) target=(1715,886) cursor=(1680,883)
[CURSOR-ABS] hand=(0.303,0.506) filter=(0.321,0.498) target=(1744,893) cursor=(1715,886)
[CURSOR-ABS] hand=(0.301,0.514) filter=(0.315,0.502) target=(1765,902) cursor=(1744,893)
[CURSOR-ABS] hand=(0.301,0.522) filter=(0.311,0.508) target=(1780,914) cursor=(1765,902)
[CURSOR-ABS] hand=(0.302,0.529) filter=(0.308,0.513) target=(1790,927) cursor=(1780,914)
[CURSOR-ABS] hand=(0.304,0.536) filter=(0.307,0.520) target=(1795,940) cursor=(1790,927)
[CURSOR-ABS] hand=(0.305,0.545) filter=(0.306,0.527) target=(1798,957) cursor=(1795,940)
[CURSOR-ABS] hand=(0.308,0.548) filter=(0.307,0.533) target=(1796,969) cursor=(1798,956)
[CURSOR-ABS] hand=(0.312,0.551) filter=(0.308,0.538) target=(1791,980) cursor=(1796,969)
[CURSOR-ABS] hand=(0.313,0.552) filter=(0.310,0.542) target=(1786,989) cursor=(1791,980)
[CURSOR-ABS] hand=(0.315,0.555) filter=(0.311,0.546) target=(1780,997) cursor=(1786,988)
[CURSOR-ABS] hand=(0.317,0.554) filter=(0.313,0.548) target=(1774,1002) cursor=(1780,997)
[CURSOR-ABS] hand=(0.318,0.554) filter=(0.314,0.550) target=(1768,1005) cursor=(1774,1002)
[CURSOR-ABS] hand=(0.319,0.548) filter=(0.316,0.549) target=(1763,1004) cursor=(1768,1005)
[CURSOR-ABS] hand=(0.320,0.543) filter=(0.317,0.547) target=(1759,1000) cursor=(1763,1004)
[CURSOR-ABS] hand=(0.321,0.538) filter=(0.318,0.545) target=(1754,995) cursor=(1759,1000)
[CURSOR-ABS] hand=(0.322,0.536) filter=(0.320,0.541) target=(1747,986) cursor=(1754,995)
[CURSOR-ABS] hand=(0.322,0.528) filter=(0.320,0.537) target=(1745,979) cursor=(1747,986)
[CURSOR-ABS] hand=(0.324,0.525) filter=(0.321,0.534) target=(1740,971) cursor=(1745,979)
[CURSOR-ABS] hand=(0.324,0.522) filter=(0.322,0.530) target=(1737,964) cursor=(1740,971)
[CURSOR-ABS] hand=(0.326,0.520) filter=(0.323,0.527) target=(1734,957) cursor=(1737,964)
[CURSOR-ABS] hand=(0.326,0.518) filter=(0.324,0.525) target=(1731,952) cursor=(1734,957)
[CURSOR-ABS] hand=(0.327,0.517) filter=(0.325,0.523) target=(1728,947) cursor=(1731,952)
[CURSOR-ABS] hand=(0.327,0.516) filter=(0.325,0.521) target=(1726,943) cursor=(1728,947)
[CURSOR-ABS] hand=(0.326,0.512) filter=(0.326,0.518) target=(1725,937) cursor=(1726,943)
[CURSOR-ABS] hand=(0.326,0.503) filter=(0.326,0.514) target=(1724,928) cursor=(1725,937)
[CURSOR-ABS] hand=(0.326,0.499) filter=(0.326,0.510) target=(1723,919) cursor=(1724,928)
[CURSOR-ABS] hand=(0.329,0.503) filter=(0.327,0.508) target=(1720,915) cursor=(1723,919)
[CURSOR-ABS] hand=(0.329,0.514) filter=(0.327,0.510) target=(1717,918) cursor=(1720,915)
[CURSOR-ABS] hand=(0.334,0.524) filter=(0.329,0.514) target=(1711,927) cursor=(1717,918)
[CURSOR-ABS] hand=(0.336,0.538) filter=(0.331,0.520) target=(1704,942) cursor=(1711,927)
[CURSOR-ABS] hand=(0.338,0.543) filter=(0.333,0.527) target=(1696,956) cursor=(1704,942)
[CURSOR-ABS] hand=(0.337,0.549) filter=(0.334,0.533) target=(1692,969) cursor=(1697,956)
[CURSOR-ABS] hand=(0.335,0.548) filter=(0.334,0.537) target=(1691,978) cursor=(1692,969)
[CURSOR-ABS] hand=(0.335,0.546) filter=(0.334,0.539) target=(1690,983) cursor=(1691,978)
[CURSOR-ABS] hand=(0.338,0.554) filter=(0.335,0.543) target=(1687,992) cursor=(1690,983)
[CURSOR-ABS] hand=(0.339,0.557) filter=(0.336,0.547) target=(1683,1000) cursor=(1687,992)
[CURSOR-ABS] hand=(0.339,0.559) filter=(0.337,0.551) target=(1680,1007) cursor=(1683,1000)
[CURSOR-ABS] hand=(0.339,0.559) filter=(0.338,0.553) target=(1679,1012) cursor=(1680,1007)
[CURSOR-ABS] hand=(0.338,0.561) filter=(0.338,0.555) target=(1678,1017) cursor=(1679,1012)
[CURSOR-ABS] hand=(0.338,0.562) filter=(0.338,0.557) target=(1678,1021) cursor=(1678,1017)
[CURSOR-ABS] hand=(0.335,0.563) filter=(0.337,0.559) target=(1681,1025) cursor=(1678,1021)
[CURSOR-ABS] hand=(0.336,0.563) filter=(0.337,0.560) target=(1682,1027) cursor=(1681,1025)
[CURSOR-ABS] hand=(0.336,0.564) filter=(0.337,0.561) target=(1683,1030) cursor=(1682,1027)
[CURSOR-ABS] hand=(0.337,0.563) filter=(0.337,0.562) target=(1682,1031) cursor=(1683,1030)
[CURSOR-ABS] hand=(0.335,0.556) filter=(0.336,0.560) target=(1684,1027) cursor=(1682,1031)
[CURSOR-ABS] hand=(0.334,0.549) filter=(0.335,0.557) target=(1687,1021) cursor=(1684,1027)
[CURSOR-ABS] hand=(0.337,0.548) filter=(0.336,0.554) target=(1685,1015) cursor=(1687,1021)
[CURSOR-ABS] hand=(0.340,0.549) filter=(0.337,0.553) target=(1681,1012) cursor=(1685,1015)
[CURSOR-ABS] hand=(0.338,0.545) filter=(0.337,0.551) target=(1680,1008) cursor=(1681,1012)
[CURSOR-ABS] hand=(0.336,0.537) filter=(0.337,0.547) target=(1681,999) cursor=(1680,1008)
[CURSOR-ABS] hand=(0.338,0.537) filter=(0.337,0.544) target=(1680,993) cursor=(1681,999)
[CURSOR-ABS] hand=(0.339,0.533) filter=(0.338,0.541) target=(1678,986) cursor=(1680,993)
[CURSOR-ABS] hand=(0.339,0.536) filter=(0.338,0.540) target=(1676,984) cursor=(1678,986)
[CURSOR-ABS] hand=(0.341,0.541) filter=(0.339,0.540) target=(1673,984) cursor=(1676,984)
[CURSOR-ABS] hand=(0.342,0.539) filter=(0.340,0.540) target=(1670,984) cursor=(1673,984)
[CURSOR-ABS] hand=(0.343,0.542) filter=(0.341,0.540) target=(1667,985) cursor=(1670,984)
[CURSOR-ABS] hand=(0.343,0.539) filter=(0.341,0.540) target=(1665,984) cursor=(1667,985)
[CURSOR-ABS] hand=(0.344,0.539) filter=(0.342,0.540) target=(1662,983) cursor=(1665,984)
[CURSOR-ABS] hand=(0.346,0.534) filter=(0.343,0.538) target=(1658,980) cursor=(1662,983)
[CURSOR-ABS] hand=(0.344,0.529) filter=(0.343,0.536) target=(1657,975) cursor=(1658,980)
[CURSOR-ABS] hand=(0.343,0.524) filter=(0.343,0.532) target=(1657,968) cursor=(1657,975)
[CURSOR-ABS] hand=(0.342,0.519) filter=(0.343,0.529) target=(1658,959) cursor=(1657,968)
[CURSOR-ABS] hand=(0.341,0.514) filter=(0.342,0.524) target=(1660,951) cursor=(1658,960)
[CURSOR-ABS] hand=(0.342,0.508) filter=(0.342,0.520) target=(1660,941) cursor=(1660,951)
[CURSOR-ABS] hand=(0.343,0.500) filter=(0.342,0.514) target=(1660,929) cursor=(1660,941)
[CURSOR-ABS] hand=(0.341,0.491) filter=(0.342,0.507) target=(1661,914) cursor=(1660,929)
[CURSOR-ABS] hand=(0.344,0.475) filter=(0.343,0.499) target=(1659,895) cursor=(1661,914)
[CURSOR-ABS] hand=(0.348,0.457) filter=(0.344,0.487) target=(1653,869) cursor=(1659,895)
[CURSOR-ABS] hand=(0.356,0.443) filter=(0.347,0.474) target=(1641,842) cursor=(1653,869)
[CURSOR-ABS] hand=(0.363,0.435) filter=(0.352,0.463) target=(1625,818) cursor=(1641,842)
[CURSOR-ABS] hand=(0.378,0.430) filter=(0.359,0.453) target=(1595,797) cursor=(1625,818)
[CURSOR-ABS] hand=(0.403,0.434) filter=(0.371,0.448) target=(1549,785) cursor=(1595,798)
[CURSOR-ABS] hand=(0.430,0.422) filter=(0.388,0.441) target=(1486,770) cursor=(1549,786)
[CURSOR-ABS] hand=(0.469,0.416) filter=(0.411,0.434) target=(1397,754) cursor=(1486,770)
[CURSOR-ABS] hand=(0.505,0.401) filter=(0.438,0.424) target=(1293,735) cursor=(1397,754)
[CURSOR-ABS] hand=(0.538,0.390) filter=(0.467,0.415) target=(1181,713) cursor=(1293,735)
[CURSOR-ABS] hand=(0.563,0.382) filter=(0.510,0.400) target=(1018,683) cursor=(1181,713)
[CURSOR-ABS] hand=(0.586,0.375) filter=(0.532,0.393) target=(934,668) cursor=(1019,683)
[CURSOR-ABS] hand=(0.613,0.362) filter=(0.557,0.384) target=(837,647) cursor=(934,668)
[CURSOR-ABS] hand=(0.629,0.354) filter=(0.576,0.376) target=(762,630) cursor=(838,647)
[CURSOR-ABS] hand=(0.639,0.348) filter=(0.595,0.368) target=(691,612) cursor=(762,630)
[CURSOR-ABS] hand=(0.649,0.339) filter=(0.610,0.360) target=(632,595) cursor=(692,612)
[CURSOR-ABS] hand=(0.653,0.331) filter=(0.622,0.352) target=(585,577) cursor=(633,595)
[CURSOR-ABS] hand=(0.660,0.317) filter=(0.633,0.342) target=(544,556) cursor=(585,577)
[CURSOR-ABS] hand=(0.662,0.306) filter=(0.642,0.332) target=(511,534) cursor=(544,556)
[CURSOR-ABS] hand=(0.663,0.293) filter=(0.648,0.320) target=(488,510) cursor=(512,534)
[CURSOR-ABS] hand=(0.655,0.284) filter=(0.650,0.310) target=(480,488) cursor=(488,510)
[CURSOR-ABS] hand=(0.646,0.284) filter=(0.649,0.303) target=(484,472) cursor=(481,488)
[CURSOR-ABS] hand=(0.639,0.294) filter=(0.646,0.300) target=(494,467) cursor=(484,472)
[CURSOR-ABS] hand=(0.629,0.315) filter=(0.641,0.304) target=(512,476) cursor=(494,467)
[CURSOR-ABS] hand=(0.605,0.336) filter=(0.631,0.313) target=(552,495) cursor=(512,476)
[CURSOR-ABS] hand=(0.586,0.364) filter=(0.619,0.327) target=(599,524) cursor=(552,495)
[CURSOR-ABS] hand=(0.569,0.400) filter=(0.605,0.347) target=(652,568) cursor=(599,524)
[CURSOR-ABS] hand=(0.551,0.422) filter=(0.590,0.368) target=(711,614) cursor=(652,568)
[CURSOR-ABS] hand=(0.531,0.449) filter=(0.573,0.391) target=(774,663) cursor=(710,613)
[CURSOR-ABS] hand=(0.508,0.468) filter=(0.554,0.414) target=(848,712) cursor=(774,663)
[CURSOR-ABS] hand=(0.491,0.479) filter=(0.536,0.432) target=(915,751) cursor=(848,712)
[CURSOR-ABS] hand=(0.476,0.488) filter=(0.519,0.448) target=(981,786) cursor=(915,751)
[CURSOR-ABS] hand=(0.466,0.493) filter=(0.504,0.461) target=(1040,813) cursor=(981,785)
[CURSOR-ABS] hand=(0.460,0.498) filter=(0.491,0.471) target=(1088,836) cursor=(1039,813)
[CURSOR-ABS] hand=(0.459,0.500) filter=(0.482,0.480) target=(1124,854) cursor=(1087,836)
[CURSOR-ABS] hand=(0.459,0.502) filter=(0.476,0.486) target=(1149,868) cursor=(1124,854)
[CURSOR-ABS] hand=(0.462,0.503) filter=(0.472,0.491) target=(1164,878) cursor=(1149,868)
[CURSOR-ABS] hand=(0.465,0.502) filter=(0.470,0.494) target=(1171,885) cursor=(1164,878)
[CURSOR-ABS] hand=(0.468,0.502) filter=(0.469,0.496) target=(1173,890) cursor=(1171,885)
[CURSOR-ABS] hand=(0.474,0.502) filter=(0.471,0.498) target=(1168,894) cursor=(1173,890)
[CURSOR-ABS] hand=(0.477,0.506) filter=(0.472,0.500) target=(1161,898) cursor=(1168,894)
[CURSOR-ABS] hand=(0.481,0.504) filter=(0.475,0.501) target=(1152,900) cursor=(1161,898)
[CURSOR-ABS] hand=(0.483,0.500) filter=(0.477,0.501) target=(1143,899) cursor=(1152,900)
[CURSOR-ABS] hand=(0.486,0.498) filter=(0.479,0.500) target=(1134,898) cursor=(1143,899)
[CURSOR-ABS] hand=(0.489,0.492) filter=(0.482,0.498) target=(1123,893) cursor=(1134,898)
[CURSOR-ABS] hand=(0.493,0.489) filter=(0.485,0.495) target=(1112,888) cursor=(1123,893)
[CURSOR-ABS] hand=(0.495,0.486) filter=(0.488,0.493) target=(1101,882) cursor=(1112,888)
[CURSOR-ABS] hand=(0.497,0.480) filter=(0.491,0.489) target=(1091,874) cursor=(1101,882)
[CURSOR-ABS] hand=(0.499,0.472) filter=(0.493,0.484) target=(1082,864) cursor=(1091,875)
[CURSOR-ABS] hand=(0.500,0.463) filter=(0.495,0.478) target=(1074,851) cursor=(1082,864)
[CURSOR-ABS] hand=(0.500,0.460) filter=(0.496,0.473) target=(1069,840) cursor=(1074,851)
[CURSOR-ABS] hand=(0.498,0.454) filter=(0.497,0.468) target=(1068,829) cursor=(1069,841)
[CURSOR-ABS] hand=(0.495,0.448) filter=(0.496,0.462) target=(1069,817) cursor=(1068,829)
[CURSOR-ABS] hand=(0.494,0.445) filter=(0.496,0.457) target=(1071,806) cursor=(1069,817)
[CURSOR-ABS] hand=(0.492,0.440) filter=(0.495,0.452) target=(1075,795) cursor=(1071,806)
[CURSOR-ABS] hand=(0.492,0.437) filter=(0.494,0.448) target=(1078,786) cursor=(1075,795)
[CURSOR-ABS] hand=(0.491,0.434) filter=(0.493,0.444) target=(1081,777) cursor=(1078,786)
[CURSOR-ABS] hand=(0.490,0.431) filter=(0.492,0.440) target=(1084,769) cursor=(1081,777)
[CURSOR-ABS] hand=(0.491,0.428) filter=(0.492,0.437) target=(1086,762) cursor=(1084,769)
[CURSOR-ABS] hand=(0.491,0.427) filter=(0.492,0.434) target=(1087,755) cursor=(1086,762)
[CURSOR-ABS] hand=(0.492,0.428) filter=(0.492,0.432) target=(1087,752) cursor=(1087,755)
[CURSOR-ABS] hand=(0.491,0.429) filter=(0.491,0.431) target=(1088,750) cursor=(1087,752)
[CURSOR-ABS] hand=(0.491,0.434) filter=(0.491,0.432) target=(1089,751) cursor=(1088,750)
[CURSOR-ABS] hand=(0.491,0.437) filter=(0.491,0.433) target=(1089,754) cursor=(1089,751)
[CURSOR-ABS] hand=(0.491,0.435) filter=(0.491,0.434) target=(1089,755) cursor=(1089,754)
[CURSOR-ABS] hand=(0.492,0.438) filter=(0.491,0.435) target=(1088,758) cursor=(1089,755)
[CURSOR-ABS] hand=(0.493,0.443) filter=(0.492,0.437) target=(1086,763) cursor=(1088,758)
[CURSOR-ABS] hand=(0.495,0.445) filter=(0.493,0.440) target=(1082,767) cursor=(1086,763)
[CURSOR-ABS] hand=(0.496,0.452) filter=(0.494,0.443) target=(1079,775) cursor=(1082,767)
[CURSOR-ABS] hand=(0.497,0.455) filter=(0.495,0.446) target=(1076,782) cursor=(1079,775)
[CURSOR-ABS] hand=(0.497,0.458) filter=(0.495,0.449) target=(1073,789) cursor=(1076,782)
[CURSOR-ABS] hand=(0.498,0.461) filter=(0.496,0.454) target=(1069,799) cursor=(1073,789)
[CURSOR-ABS] hand=(0.499,0.464) filter=(0.497,0.457) target=(1066,805) cursor=(1069,799)
[CURSOR-ABS] hand=(0.498,0.467) filter=(0.497,0.460) target=(1065,811) cursor=(1066,805)
[CURSOR-ABS] hand=(0.500,0.466) filter=(0.498,0.462) target=(1062,815) cursor=(1065,811)
[CURSOR-ABS] hand=(0.500,0.466) filter=(0.499,0.463) target=(1060,817) cursor=(1062,815)
[CURSOR-ABS] hand=(0.499,0.466) filter=(0.499,0.463) target=(1059,819) cursor=(1060,817)
[CURSOR-ABS] hand=(0.500,0.464) filter=(0.499,0.464) target=(1058,820) cursor=(1059,819)
[CURSOR-ABS] hand=(0.501,0.461) filter=(0.500,0.463) target=(1057,818) cursor=(1058,820)
[CURSOR-ABS] hand=(0.501,0.464) filter=(0.500,0.463) target=(1055,818) cursor=(1057,818)
[CURSOR-ABS] hand=(0.500,0.460) filter=(0.500,0.462) target=(1055,816) cursor=(1055,818)
[CURSOR-ABS] hand=(0.501,0.460) filter=(0.500,0.462) target=(1054,815) cursor=(1055,817)
[CURSOR-ABS] hand=(0.501,0.460) filter=(0.500,0.461) target=(1053,814) cursor=(1054,815)
[CURSOR-ABS] hand=(0.501,0.459) filter=(0.500,0.461) target=(1053,813) cursor=(1053,814)
[CURSOR-ABS] hand=(0.501,0.460) filter=(0.501,0.460) target=(1052,812) cursor=(1053,813)
[CURSOR-ABS] hand=(0.502,0.458) filter=(0.501,0.460) target=(1051,811) cursor=(1052,812)
[CURSOR-ABS] hand=(0.502,0.461) filter=(0.501,0.460) target=(1050,812) cursor=(1051,811)
[CURSOR-ABS] hand=(0.502,0.459) filter=(0.501,0.460) target=(1049,811) cursor=(1050,812)
[CURSOR-ABS] hand=(0.503,0.462) filter=(0.502,0.460) target=(1048,813) cursor=(1049,811)
[CURSOR-ABS] hand=(0.503,0.463) filter=(0.502,0.461) target=(1047,814) cursor=(1048,813)
[CURSOR-ABS] hand=(0.503,0.463) filter=(0.502,0.462) target=(1046,815) cursor=(1047,814)
[CURSOR-ABS] hand=(0.503,0.464) filter=(0.502,0.462) target=(1045,817) cursor=(1046,815)
[CURSOR-ABS] hand=(0.507,0.465) filter=(0.504,0.463) target=(1041,818) cursor=(1045,817)
[CURSOR-ABS] hand=(0.508,0.467) filter=(0.505,0.464) target=(1036,821) cursor=(1041,818)
[CURSOR-ABS] hand=(0.509,0.467) filter=(0.506,0.465) target=(1032,823) cursor=(1036,821)
[CURSOR-ABS] hand=(0.507,0.471) filter=(0.506,0.467) target=(1030,826) cursor=(1032,823)
[CURSOR-ABS] hand=(0.507,0.470) filter=(0.507,0.468) target=(1030,828) cursor=(1031,826)
[CURSOR-ABS] hand=(0.504,0.474) filter=(0.506,0.469) target=(1033,832) cursor=(1030,828)
[CURSOR-ABS] hand=(0.504,0.472) filter=(0.505,0.470) target=(1035,833) cursor=(1033,832)
[CURSOR-ABS] hand=(0.503,0.473) filter=(0.504,0.471) target=(1038,835) cursor=(1035,833)
[CURSOR-ABS] hand=(0.503,0.475) filter=(0.504,0.472) target=(1039,838) cursor=(1038,835)
[CURSOR-ABS] hand=(0.502,0.475) filter=(0.504,0.473) target=(1041,840) cursor=(1039,838)
[CURSOR-ABS] hand=(0.502,0.473) filter=(0.503,0.473) target=(1043,839) cursor=(1041,840)
[CURSOR-ABS] hand=(0.502,0.471) filter=(0.503,0.472) target=(1044,838) cursor=(1043,839)
[CURSOR-ABS] hand=(0.502,0.469) filter=(0.503,0.472) target=(1045,836) cursor=(1044,838)
[CURSOR-ABS] hand=(0.503,0.470) filter=(0.503,0.471) target=(1045,836) cursor=(1045,836)
[CURSOR-ABS] hand=(0.502,0.468) filter=(0.503,0.470) target=(1045,833) cursor=(1045,836)
[CURSOR-ABS] hand=(0.502,0.466) filter=(0.502,0.469) target=(1045,831) cursor=(1045,833)
[CURSOR-ABS] hand=(0.503,0.467) filter=(0.503,0.468) target=(1045,829) cursor=(1045,831)
[CURSOR-ABS] hand=(0.502,0.466) filter=(0.502,0.468) target=(1046,828) cursor=(1045,829)
[CURSOR-ABS] hand=(0.502,0.466) filter=(0.502,0.467) target=(1046,827) cursor=(1046,828)
[CURSOR-ABS] hand=(0.502,0.466) filter=(0.502,0.467) target=(1046,827) cursor=(1046,827)
[CURSOR-ABS] hand=(0.503,0.465) filter=(0.503,0.467) target=(1045,826) cursor=(1046,827)
[CURSOR-ABS] hand=(0.502,0.464) filter=(0.503,0.466) target=(1045,824) cursor=(1045,826)
[CURSOR-ABS] hand=(0.502,0.463) filter=(0.503,0.465) target=(1045,822) cursor=(1045,824)
[CURSOR-ABS] hand=(0.503,0.464) filter=(0.503,0.465) target=(1045,822) cursor=(1045,822)
[CURSOR-ABS] hand=(0.502,0.463) filter=(0.502,0.464) target=(1046,821) cursor=(1045,822)
[CURSOR-ABS] hand=(0.503,0.465) filter=(0.503,0.464) target=(1045,821) cursor=(1046,821)
[CURSOR-ABS] hand=(0.503,0.465) filter=(0.503,0.465) target=(1045,821) cursor=(1045,821)
[CURSOR-ABS] hand=(0.503,0.463) filter=(0.503,0.464) target=(1045,821) cursor=(1045,821)
[CURSOR-ABS] hand=(0.503,0.463) filter=(0.503,0.464) target=(1044,820) cursor=(1045,821)
[CURSOR-ABS] hand=(0.503,0.461) filter=(0.503,0.463) target=(1044,818) cursor=(1044,820)
[CURSOR-ABS] hand=(0.503,0.461) filter=(0.503,0.462) target=(1044,817) cursor=(1044,818)
[CURSOR-ABS] hand=(0.502,0.458) filter=(0.503,0.461) target=(1044,814) cursor=(1044,817)
[CURSOR-ABS] hand=(0.501,0.458) filter=(0.502,0.460) target=(1046,812) cursor=(1044,814)
[CURSOR-ABS] hand=(0.501,0.458) filter=(0.502,0.460) target=(1047,811) cursor=(1046,812)
[CURSOR-ABS] hand=(0.501,0.457) filter=(0.502,0.459) target=(1048,809) cursor=(1047,811)
[CURSOR-ABS] hand=(0.501,0.456) filter=(0.502,0.458) target=(1048,808) cursor=(1048,809)
[CURSOR-ABS] hand=(0.502,0.456) filter=(0.502,0.458) target=(1048,806) cursor=(1048,808)
[CURSOR-ABS] hand=(0.501,0.456) filter=(0.502,0.457) target=(1048,806) cursor=(1048,806)
[CURSOR-ABS] hand=(0.503,0.457) filter=(0.502,0.457) target=(1047,805) cursor=(1048,806)
[CURSOR-ABS] hand=(0.502,0.457) filter=(0.502,0.457) target=(1046,805) cursor=(1047,805)
[CURSOR-ABS] hand=(0.503,0.455) filter=(0.502,0.456) target=(1046,803) cursor=(1046,805)
[CURSOR-ABS] hand=(0.502,0.454) filter=(0.502,0.455) target=(1046,802) cursor=(1046,803)
[CURSOR-ABS] hand=(0.502,0.456) filter=(0.502,0.455) target=(1047,802) cursor=(1046,802)
[CURSOR-ABS] hand=(0.502,0.456) filter=(0.502,0.455) target=(1047,802) cursor=(1047,802)
[CURSOR-ABS] hand=(0.502,0.459) filter=(0.502,0.456) target=(1047,804) cursor=(1047,802)
[CURSOR-ABS] hand=(0.503,0.461) filter=(0.502,0.458) target=(1046,806) cursor=(1047,804)
[CURSOR-ABS] hand=(0.503,0.459) filter=(0.502,0.458) target=(1046,807) cursor=(1046,806)
[CURSOR-ABS] hand=(0.502,0.460) filter=(0.502,0.459) target=(1046,808) cursor=(1046,807)
[CURSOR-ABS] hand=(0.503,0.461) filter=(0.503,0.459) target=(1045,810) cursor=(1046,808)
[CURSOR-ABS] hand=(0.504,0.461) filter=(0.503,0.460) target=(1044,811) cursor=(1045,810)
[CURSOR-ABS] hand=(0.503,0.461) filter=(0.503,0.460) target=(1044,811) cursor=(1044,811)
[CURSOR-ABS] hand=(0.503,0.463) filter=(0.503,0.461) target=(1044,813) cursor=(1044,811)
[CURSOR-ABS] hand=(0.503,0.464) filter=(0.503,0.462) target=(1044,815) cursor=(1044,813)
[CURSOR-ABS] hand=(0.503,0.467) filter=(0.503,0.463) target=(1044,819) cursor=(1044,815)
[CURSOR-ABS] hand=(0.504,0.472) filter=(0.503,0.466) target=(1043,824) cursor=(1044,819)
[CURSOR-ABS] hand=(0.505,0.473) filter=(0.504,0.468) target=(1040,828) cursor=(1043,824)
[CURSOR-ABS] hand=(0.505,0.472) filter=(0.504,0.469) target=(1039,830) cursor=(1041,828)
[CURSOR-ABS] hand=(0.507,0.471) filter=(0.505,0.470) target=(1036,832) cursor=(1039,830)
[CURSOR-ABS] hand=(0.507,0.470) filter=(0.505,0.470) target=(1034,833) cursor=(1036,832)
[CURSOR-ABS] hand=(0.507,0.470) filter=(0.506,0.470) target=(1032,833) cursor=(1034,833)
[CURSOR-ABS] hand=(0.508,0.470) filter=(0.506,0.470) target=(1030,833) cursor=(1032,833)
[CURSOR-ABS] hand=(0.508,0.467) filter=(0.507,0.469) target=(1028,831) cursor=(1030,833)
[CURSOR-ABS] hand=(0.508,0.466) filter=(0.507,0.468) target=(1027,829) cursor=(1028,831)
[CURSOR-ABS] hand=(0.507,0.465) filter=(0.507,0.467) target=(1028,827) cursor=(1027,829)
[CURSOR-ABS] hand=(0.507,0.463) filter=(0.507,0.466) target=(1027,825) cursor=(1028,827)
[CURSOR-ABS] hand=(0.507,0.464) filter=(0.507,0.465) target=(1027,823) cursor=(1027,825)
[CURSOR-ABS] hand=(0.508,0.462) filter=(0.507,0.465) target=(1027,821) cursor=(1027,823)
[CURSOR-ABS] hand=(0.507,0.461) filter=(0.507,0.464) target=(1028,819) cursor=(1027,821)
[CURSOR-ABS] hand=(0.507,0.460) filter=(0.507,0.463) target=(1027,817) cursor=(1028,819)
[CURSOR-ABS] hand=(0.507,0.460) filter=(0.507,0.462) target=(1028,816) cursor=(1027,817)
[CURSOR-ABS] hand=(0.507,0.460) filter=(0.507,0.461) target=(1028,814) cursor=(1028,816)
[CURSOR-ABS] hand=(0.507,0.461) filter=(0.507,0.461) target=(1028,814) cursor=(1028,814)
[CURSOR-ABS] hand=(0.507,0.463) filter=(0.507,0.462) target=(1028,815) cursor=(1028,814)
[CURSOR-ABS] hand=(0.506,0.463) filter=(0.507,0.462) target=(1028,816) cursor=(1028,815)
[CURSOR-ABS] hand=(0.506,0.463) filter=(0.507,0.462) target=(1029,817) cursor=(1028,816)
[CURSOR-ABS] hand=(0.506,0.465) filter=(0.507,0.463) target=(1030,818) cursor=(1029,817)
[CURSOR-ABS] hand=(0.507,0.465) filter=(0.507,0.464) target=(1029,819) cursor=(1030,818)
[CURSOR-ABS] hand=(0.507,0.465) filter=(0.507,0.464) target=(1029,820) cursor=(1029,819)
[CURSOR-ABS] hand=(0.507,0.465) filter=(0.507,0.464) target=(1029,821) cursor=(1029,820)
[CURSOR-ABS] hand=(0.507,0.466) filter=(0.507,0.465) target=(1028,822) cursor=(1029,821)
[CURSOR-ABS] hand=(0.507,0.467) filter=(0.507,0.465) target=(1028,823) cursor=(1028,822)
[CURSOR-ABS] hand=(0.507,0.464) filter=(0.507,0.465) target=(1028,822) cursor=(1028,823)
[CURSOR-ABS] hand=(0.506,0.464) filter=(0.507,0.465) target=(1029,822) cursor=(1028,822)
[CURSOR-ABS] hand=(0.506,0.464) filter=(0.506,0.464) target=(1030,821) cursor=(1029,822)
[CURSOR-ABS] hand=(0.505,0.465) filter=(0.506,0.465) target=(1032,821) cursor=(1030,821)
[CURSOR-ABS] hand=(0.504,0.463) filter=(0.505,0.464) target=(1034,820) cursor=(1032,821)
[CURSOR-ABS] hand=(0.505,0.458) filter=(0.505,0.463) target=(1034,817) cursor=(1034,820)
[CURSOR-ABS] hand=(0.505,0.460) filter=(0.505,0.462) target=(1035,816) cursor=(1034,817)
[CURSOR-ABS] hand=(0.506,0.461) filter=(0.505,0.462) target=(1034,815) cursor=(1035,816)
[CURSOR-ABS] hand=(0.505,0.460) filter=(0.505,0.461) target=(1035,814) cursor=(1034,815)
[CURSOR-ABS] hand=(0.504,0.459) filter=(0.505,0.461) target=(1036,813) cursor=(1035,814)
[CURSOR-ABS] hand=(0.504,0.459) filter=(0.505,0.460) target=(1037,812) cursor=(1036,813)
[CURSOR-ABS] hand=(0.505,0.460) filter=(0.505,0.460) target=(1037,812) cursor=(1037,812)
[CURSOR-ABS] hand=(0.504,0.462) filter=(0.504,0.461) target=(1038,813) cursor=(1037,812)
[CURSOR-ABS] hand=(0.503,0.464) filter=(0.504,0.462) target=(1039,815) cursor=(1038,813)
[CURSOR-ABS] hand=(0.503,0.465) filter=(0.504,0.463) target=(1041,817) cursor=(1039,815)
[CURSOR-ABS] hand=(0.503,0.464) filter=(0.504,0.463) target=(1041,818) cursor=(1041,817)
[CURSOR-ABS] hand=(0.504,0.468) filter=(0.504,0.465) target=(1041,821) cursor=(1041,818)
[CURSOR-ABS] hand=(0.506,0.471) filter=(0.504,0.466) target=(1038,825) cursor=(1041,821)
[CURSOR-ABS] hand=(0.511,0.474) filter=(0.506,0.469) target=(1031,830) cursor=(1038,825)
[CURSOR-ABS] hand=(0.520,0.474) filter=(0.510,0.470) target=(1017,833) cursor=(1031,830)
[CURSOR-ABS] hand=(0.541,0.475) filter=(0.519,0.472) target=(982,836) cursor=(1017,833)
[CURSOR-ABS] hand=(0.560,0.474) filter=(0.530,0.472) target=(938,838) cursor=(983,836)
[CURSOR-ABS] hand=(0.583,0.471) filter=(0.553,0.471) target=(851,836) cursor=(938,838)
[CURSOR-ABS] hand=(0.598,0.473) filter=(0.566,0.472) target=(802,837) cursor=(852,836)
[CURSOR-ABS] hand=(0.621,0.467) filter=(0.582,0.470) target=(741,834) cursor=(803,837)
[CURSOR-ABS] hand=(0.637,0.453) filter=(0.597,0.466) target=(681,824) cursor=(742,834)
[CURSOR-ABS] hand=(0.644,0.440) filter=(0.611,0.458) target=(629,808) cursor=(681,824)
[CURSOR-ABS] hand=(0.644,0.435) filter=(0.620,0.452) target=(594,794) cursor=(629,808)
[CURSOR-ABS] hand=(0.632,0.430) filter=(0.624,0.446) target=(580,781) cursor=(594,794)
[CURSOR-ABS] hand=(0.616,0.435) filter=(0.621,0.443) target=(589,774) cursor=(580,781)
[CURSOR-ABS] hand=(0.595,0.440) filter=(0.614,0.442) target=(617,773) cursor=(589,774)
[CURSOR-ABS] hand=(0.584,0.444) filter=(0.605,0.443) target=(650,774) cursor=(617,773)
[CURSOR-ABS] hand=(0.575,0.429) filter=(0.597,0.439) target=(682,766) cursor=(650,774)
[CURSOR-ABS] hand=(0.590,0.414) filter=(0.595,0.432) target=(689,751) cursor=(682,766)
[CURSOR-ABS] hand=(0.617,0.389) filter=(0.601,0.420) target=(666,725) cursor=(689,751)
[CURSOR-ABS] hand=(0.664,0.366) filter=(0.619,0.404) target=(598,691) cursor=(666,725)
[CURSOR-ABS] hand=(0.714,0.324) filter=(0.647,0.381) target=(491,640) cursor=(599,692)
[CURSOR-ABS] hand=(0.750,0.304) filter=(0.675,0.360) target=(381,594) cursor=(491,641)
[CURSOR-ABS] hand=(0.775,0.272) filter=(0.704,0.334) target=(271,540) cursor=(382,595)
[CURSOR-ABS] hand=(0.785,0.261) filter=(0.727,0.313) target=(181,495) cursor=(272,541)
[CURSOR-ABS] hand=(0.776,0.230) filter=(0.742,0.289) target=(127,443) cursor=(182,495)
[CURSOR-ABS] hand=(0.749,0.168) filter=(0.744,0.253) target=(119,365) cursor=(128,443)
[CURSOR-ABS] hand=(0.696,0.112) filter=(0.731,0.213) target=(169,277) cursor=(119,365)
[CURSOR-ABS] hand=(0.643,0.138) filter=(0.706,0.191) target=(262,231) cursor=(169,278)
[CURSOR-ABS] hand=(0.614,0.141) filter=(0.680,0.176) target=(362,199) cursor=(262,231)
[CURSOR-ABS] hand=(0.528,0.116) filter=(0.637,0.159) target=(528,161) cursor=(361,200)
[CURSOR-ABS] hand=(0.473,0.153) filter=(0.588,0.157) target=(716,158) cursor=(528,161)
[CURSOR-ABS] hand=(0.414,0.173) filter=(0.538,0.162) target=(907,167) cursor=(713,158)
[CURSOR-ABS] hand=(0.377,0.185) filter=(0.491,0.168) target=(1090,182) cursor=(906,167)
[CURSOR-ABS] hand=(0.343,0.202) filter=(0.447,0.178) target=(1259,202) cursor=(1089,182)
[CURSOR-ABS] hand=(0.324,0.212) filter=(0.410,0.187) target=(1399,223) cursor=(1258,202)
[CURSOR-ABS] hand=(0.305,0.238) filter=(0.378,0.202) target=(1522,254) cursor=(1399,223)
[CURSOR-ABS] hand=(0.295,0.252) filter=(0.354,0.216) target=(1615,284) cursor=(1522,254)
[CURSOR-ABS] hand=(0.290,0.266) filter=(0.335,0.230) target=(1688,314) cursor=(1614,283)
[CURSOR-ABS] hand=(0.288,0.284) filter=(0.321,0.245) target=(1741,347) cursor=(1688,314)
[CURSOR-ABS] hand=(0.285,0.308) filter=(0.311,0.263) target=(1781,386) cursor=(1741,347)
[CURSOR-ABS] hand=(0.289,0.327) filter=(0.304,0.282) target=(1807,427) cursor=(1781,385)
[CURSOR-ABS] hand=(0.293,0.350) filter=(0.301,0.301) target=(1819,467) cursor=(1807,426)
[CURSOR-ABS] hand=(0.300,0.375) filter=(0.301,0.322) target=(1820,513) cursor=(1819,467)
[CURSOR-ABS] hand=(0.311,0.402) filter=(0.304,0.345) target=(1808,563) cursor=(1820,513)
[CURSOR-ABS] hand=(0.326,0.427) filter=(0.310,0.369) target=(1784,615) cursor=(1808,563)
[CURSOR-ABS] hand=(0.349,0.452) filter=(0.321,0.393) target=(1742,667) cursor=(1784,615)
[CURSOR-ABS] hand=(0.375,0.462) filter=(0.336,0.413) target=(1685,710) cursor=(1742,667)
[CURSOR-ABS] hand=(0.408,0.469) filter=(0.356,0.429) target=(1607,745) cursor=(1685,710)
[CURSOR-ABS] hand=(0.442,0.468) filter=(0.381,0.440) target=(1514,769) cursor=(1608,745)
[CURSOR-ABS] hand=(0.466,0.484) filter=(0.405,0.453) target=(1420,796) cursor=(1514,769)
[CURSOR-ABS] hand=(0.502,0.482) filter=(0.434,0.462) target=(1310,815) cursor=(1421,796)
[CURSOR-ABS] hand=(0.536,0.478) filter=(0.462,0.466) target=(1200,825) cursor=(1311,815)
[CURSOR-ABS] hand=(0.568,0.471) filter=(0.493,0.468) target=(1081,828) cursor=(1200,825)
[CURSOR-ABS] hand=(0.600,0.454) filter=(0.524,0.464) target=(963,820) cursor=(1083,828)
[CURSOR-ABS] hand=(0.625,0.427) filter=(0.554,0.453) target=(848,797) cursor=(963,820)
[CURSOR-ABS] hand=(0.643,0.400) filter=(0.580,0.438) target=(747,765) cursor=(849,797)
[CURSOR-ABS] hand=(0.653,0.359) filter=(0.601,0.417) target=(667,718) cursor=(748,765)
[CURSOR-ABS] hand=(0.650,0.303) filter=(0.615,0.384) target=(612,647) cursor=(668,718)
[CURSOR-ABS] hand=(0.632,0.255) filter=(0.620,0.347) target=(594,567) cursor=(612,647)
[CURSOR-ABS] hand=(0.604,0.223) filter=(0.615,0.311) target=(612,489) cursor=(594,568)
[CURSOR-ABS] hand=(0.567,0.201) filter=(0.601,0.278) target=(665,419) cursor=(612,489)
[CURSOR-ABS] hand=(0.535,0.182) filter=(0.583,0.251) target=(735,360) cursor=(665,419)
[CURSOR-ABS] hand=(0.499,0.173) filter=(0.560,0.228) target=(826,311) cursor=(735,360)
[CURSOR-ABS] hand=(0.464,0.182) filter=(0.533,0.215) target=(929,282) cursor=(825,311)
[CURSOR-ABS] hand=(0.439,0.193) filter=(0.506,0.209) target=(1032,268) cursor=(929,282)
[CURSOR-ABS] hand=(0.427,0.211) filter=(0.483,0.209) target=(1120,270) cursor=(1031,268)
[CURSOR-ABS] hand=(0.407,0.275) filter=(0.461,0.228) target=(1204,310) cursor=(1120,270)
[CURSOR-ABS] hand=(0.409,0.335) filter=(0.446,0.258) target=(1261,374) cursor=(1202,309)
[CURSOR-ABS] hand=(0.432,0.388) filter=(0.442,0.295) target=(1277,455) cursor=(1261,374)
[CURSOR-ABS] hand=(0.465,0.434) filter=(0.449,0.335) target=(1252,541) cursor=(1277,455)
[CURSOR-ABS] hand=(0.498,0.466) filter=(0.463,0.374) target=(1197,625) cursor=(1252,540)
[CURSOR-ABS] hand=(0.538,0.475) filter=(0.495,0.419) target=(1074,722) cursor=(1197,625)
[CURSOR-ABS] hand=(0.585,0.461) filter=(0.521,0.431) target=(975,749) cursor=(1074,721)
[CURSOR-ABS] hand=(0.630,0.409) filter=(0.552,0.425) target=(856,735) cursor=(976,749)
[CURSOR-ABS] hand=(0.660,0.332) filter=(0.583,0.399) target=(737,679) cursor=(857,736)
[CURSOR-ABS] hand=(0.683,0.264) filter=(0.612,0.360) target=(623,595) cursor=(738,680)
[CURSOR-ABS] hand=(0.653,0.250) filter=(0.624,0.329) target=(579,529) cursor=(624,595)
[CURSOR-ABS] hand=(0.632,0.218) filter=(0.626,0.297) target=(570,460) cursor=(579,529)
[CURSOR-ABS] hand=(0.599,0.202) filter=(0.618,0.270) target=(600,400) cursor=(570,460)
[CURSOR-ABS] hand=(0.440,0.099) filter=(0.522,0.176) target=(969,199) cursor=(600,400)
