[CURSOR-ABS] hand=(0.418,0.392) filter=(0.418,0.392) target=(596,702) cursor=(5,3)
[CURSOR-ABS] hand=(0.434,0.396) filter=(0.420,0.393) target=(585,703) cursor=(587,692)
[CURSOR-ABS] hand=(0.450,0.401) filter=(0.426,0.394) target=(565,706) cursor=(585,703)
[CURSOR-ABS] hand=(0.468,0.400) filter=(0.433,0.395) target=(537,709) cursor=(566,706)
[CURSOR-ABS] hand=(0.485,0.404) filter=(0.442,0.397) target=(502,712) cursor=(537,709)
[CURSOR-ABS] hand=(0.499,0.407) filter=(0.452,0.398) target=(463,716) cursor=(502,712)
[CURSOR-ABS] hand=(0.516,0.407) filter=(0.463,0.400) target=(421,719) cursor=(463,716)
[CURSOR-ABS] hand=(0.531,0.405) filter=(0.475,0.401) target=(374,721) cursor=(421,719)
[CURSOR-ABS] hand=(0.544,0.395) filter=(0.488,0.400) target=(326,719) cursor=(374,721)
[CURSOR-ABS] hand=(0.554,0.383) filter=(0.500,0.397) target=(279,712) cursor=(326,719)
[CURSOR-ABS] hand=(0.561,0.372) filter=(0.511,0.392) target=(236,703) cursor=(280,713)
[CURSOR-ABS] hand=(0.566,0.359) filter=(0.521,0.387) target=(199,691) cursor=(236,703)
[CURSOR-ABS] hand=(0.567,0.348) filter=(0.529,0.380) target=(167,676) cursor=(199,691)
[CURSOR-ABS] hand=(0.562,0.333) filter=(0.535,0.372) target=(144,658) cursor=(167,676)
[CURSOR-ABS] hand=(0.554,0.327) filter=(0.539,0.364) target=(131,641) cursor=(144,658)
[CURSOR-ABS] hand=(0.544,0.322) filter=(0.540,0.356) target=(127,625) cursor=(131,641)
[CURSOR-ABS] hand=(0.534,0.323) filter=(0.539,0.351) target=(131,613) cursor=(127,625)
[CURSOR-ABS] hand=(0.515,0.328) filter=(0.535,0.346) target=(147,604) cursor=(131,613)
[CURSOR-ABS] hand=(0.498,0.334) filter=(0.528,0.344) target=(171,599) cursor=(146,604)
[CURSOR-ABS] hand=(0.480,0.340) filter=(0.520,0.343) target=(203,597) cursor=(171,599)
[CURSOR-ABS] hand=(0.462,0.348) filter=(0.510,0.344) target=(243,599) cursor=(203,597)
[CURSOR-ABS] hand=(0.444,0.351) filter=(0.498,0.345) target=(286,602) cursor=(242,599)
[CURSOR-ABS] hand=(0.424,0.355) filter=(0.485,0.347) target=(337,605) cursor=(285,602)
[CURSOR-ABS] hand=(0.407,0.365) filter=(0.471,0.350) target=(390,612) cursor=(336,605)
[CURSOR-ABS] hand=(0.388,0.372) filter=(0.456,0.354) target=(448,620) cursor=(390,612)
[CURSOR-ABS] hand=(0.368,0.376) filter=(0.439,0.358) target=(512,628) cursor=(448,620)
[CURSOR-ABS] hand=(0.350,0.375) filter=(0.412,0.363) target=(617,639) cursor=(512,628)
[CURSOR-ABS] hand=(0.333,0.374) filter=(0.398,0.365) target=(673,643) cursor=(616,639)
[CURSOR-ABS] hand=(0.317,0.371) filter=(0.383,0.366) target=(730,645) cursor=(672,643)
[CURSOR-ABS] hand=(0.302,0.369) filter=(0.368,0.366) target=(787,646) cursor=(730,645)
[CURSOR-ABS] hand=(0.286,0.372) filter=(0.352,0.367) target=(848,648) cursor=(787,646)
[CURSOR-ABS] hand=(0.273,0.367) filter=(0.338,0.367) target=(902,649) cursor=(847,648)
[CURSOR-ABS] hand=(0.262,0.363) filter=(0.324,0.366) target=(957,647) cursor=(902,649)
[CURSOR-ABS] hand=(0.250,0.361) filter=(0.310,0.365) target=(1009,645) cursor=(956,647)
[CURSOR-ABS] hand=(0.238,0.360) filter=(0.297,0.365) target=(1061,643) cursor=(1009,645)
[CURSOR-ABS] hand=(0.227,0.359) filter=(0.283,0.364) target=(1111,641) cursor=(1061,643)
[CURSOR-ABS] hand=(0.216,0.359) filter=(0.271,0.363) target=(1158,639) cursor=(1111,641)
[CURSOR-ABS] hand=(0.205,0.357) filter=(0.259,0.362) target=(1205,637) cursor=(1157,639)
[CURSOR-ABS] hand=(0.192,0.359) filter=(0.247,0.361) target=(1253,636) cursor=(1204,637)
[CURSOR-ABS] hand=(0.181,0.356) filter=(0.234,0.360) target=(1300,634) cursor=(1253,636)
[CURSOR-ABS] hand=(0.170,0.355) filter=(0.222,0.359) target=(1347,632) cursor=(1299,634)
[CURSOR-ABS] hand=(0.160,0.353) filter=(0.211,0.358) target=(1390,630) cursor=(1347,632)
[CURSOR-ABS] hand=(0.147,0.347) filter=(0.199,0.357) target=(1435,626) cursor=(1390,630)
[CURSOR-ABS] hand=(0.136,0.344) filter=(0.185,0.354) target=(1491,620) cursor=(1435,626)
[CURSOR-ABS] hand=(0.125,0.334) filter=(0.176,0.351) target=(1523,614) cursor=(1490,620)
[CURSOR-ABS] hand=(0.118,0.325) filter=(0.165,0.347) target=(1565,604) cursor=(1523,614)
[CURSOR-ABS] hand=(0.109,0.316) filter=(0.155,0.341) target=(1603,593) cursor=(1564,604)
[CURSOR-ABS] hand=(0.103,0.308) filter=(0.146,0.336) target=(1640,580) cursor=(1603,593)
[CURSOR-ABS] hand=(0.099,0.301) filter=(0.137,0.329) target=(1673,567) cursor=(1640,580)
[CURSOR-ABS] hand=(0.094,0.296) filter=(0.129,0.324) target=(1703,554) cursor=(1673,567)
[CURSOR-ABS] hand=(0.095,0.288) filter=(0.123,0.317) target=(1728,540) cursor=(1703,554)
[CURSOR-ABS] hand=(0.094,0.291) filter=(0.118,0.313) target=(1748,531) cursor=(1728,541)
[CURSOR-ABS] hand=(0.095,0.302) filter=(0.114,0.311) target=(1763,527) cursor=(1748,531)
[CURSOR-ABS] hand=(0.101,0.312) filter=(0.111,0.311) target=(1772,527) cursor=(1763,527)
[CURSOR-ABS] hand=(0.109,0.329) filter=(0.111,0.314) target=(1773,534) cursor=(1772,527)
[CURSOR-ABS] hand=(0.120,0.342) filter=(0.113,0.319) target=(1767,545) cursor=(1773,534)
[CURSOR-ABS] hand=(0.131,0.359) filter=(0.116,0.326) target=(1756,559) cursor=(1767,545)
[CURSOR-ABS] hand=(0.145,0.373) filter=(0.121,0.334) target=(1736,577) cursor=(1756,559)
[CURSOR-ABS] hand=(0.157,0.394) filter=(0.127,0.344) target=(1712,600) cursor=(1736,577)
[CURSOR-ABS] hand=(0.169,0.410) filter=(0.134,0.356) target=(1684,625) cursor=(1712,599)
[CURSOR-ABS] hand=(0.184,0.417) filter=(0.143,0.367) target=(1650,649) cursor=(1684,625)
[CURSOR-ABS] hand=(0.196,0.435) filter=(0.152,0.379) target=(1615,675) cursor=(1650,649)
[CURSOR-ABS] hand=(0.211,0.452) filter=(0.163,0.392) target=(1576,703) cursor=(1615,674)
[CURSOR-ABS] hand=(0.224,0.468) filter=(0.174,0.406) target=(1533,733) cursor=(1576,703)
[CURSOR-ABS] hand=(0.241,0.479) filter=(0.186,0.420) target=(1486,762) cursor=(1533,733)
[CURSOR-ABS] hand=(0.256,0.490) filter=(0.199,0.433) target=(1436,791) cursor=(1486,762)
[CURSOR-ABS] hand=(0.274,0.497) filter=(0.212,0.444) target=(1385,815) cursor=(1436,791)
[CURSOR-ABS] hand=(0.293,0.498) filter=(0.227,0.454) target=(1327,837) cursor=(1385,815)
[CURSOR-ABS] hand=(0.313,0.501) filter=(0.243,0.463) target=(1267,855) cursor=(1328,837)
[CURSOR-ABS] hand=(0.335,0.493) filter=(0.260,0.468) target=(1201,867) cursor=(1267,855)
[CURSOR-ABS] hand=(0.355,0.497) filter=(0.278,0.474) target=(1132,878) cursor=(1201,867)
[CURSOR-ABS] hand=(0.379,0.491) filter=(0.297,0.477) target=(1060,885) cursor=(1132,878)
[CURSOR-ABS] hand=(0.397,0.485) filter=(0.316,0.478) target=(988,888) cursor=(1061,885)
[CURSOR-ABS] hand=(0.414,0.474) filter=(0.334,0.477) target=(916,886) cursor=(988,888)
[CURSOR-ABS] hand=(0.433,0.468) filter=(0.353,0.476) target=(843,883) cursor=(916,886)
[CURSOR-ABS] hand=(0.448,0.453) filter=(0.371,0.472) target=(773,874) cursor=(844,883)
[CURSOR-ABS] hand=(0.462,0.445) filter=(0.388,0.467) target=(708,865) cursor=(774,874)
[CURSOR-ABS] hand=(0.477,0.432) filter=(0.405,0.461) target=(643,851) cursor=(709,865)
[CURSOR-ABS] hand=(0.490,0.415) filter=(0.421,0.453) target=(582,834) cursor=(643,851)
[CURSOR-ABS] hand=(0.503,0.394) filter=(0.437,0.443) target=(523,812) cursor=(583,834)
[CURSOR-ABS] hand=(0.507,0.368) filter=(0.450,0.429) target=(471,782) cursor=(523,812)
[CURSOR-ABS] hand=(0.506,0.339) filter=(0.460,0.413) target=(432,748) cursor=(471,782)
[CURSOR-ABS] hand=(0.498,0.313) filter=(0.467,0.395) target=(405,708) cursor=(432,748)
[CURSOR-ABS] hand=(0.487,0.287) filter=(0.471,0.375) target=(391,665) cursor=(405,709)
[CURSOR-ABS] hand=(0.473,0.265) filter=(0.471,0.354) target=(390,621) cursor=(391,666)
[CURSOR-ABS] hand=(0.456,0.251) filter=(0.468,0.334) target=(401,578) cursor=(390,621)
[CURSOR-ABS] hand=(0.436,0.230) filter=(0.463,0.315) target=(422,537) cursor=(401,578)
[CURSOR-ABS] hand=(0.419,0.203) filter=(0.450,0.280) target=(472,460) cursor=(422,537)
[CURSOR-ABS] hand=(0.403,0.185) filter=(0.442,0.262) target=(503,422) cursor=(472,460)
[CURSOR-ABS] hand=(0.385,0.175) filter=(0.432,0.246) target=(541,386) cursor=(502,422)
[CURSOR-ABS] hand=(0.372,0.161) filter=(0.421,0.230) target=(582,351) cursor=(541,386)
[CURSOR-ABS] hand=(0.358,0.152) filter=(0.410,0.215) target=(625,320) cursor=(582,351)
[CURSOR-ABS] hand=(0.340,0.142) filter=(0.398,0.201) target=(673,290) cursor=(625,320)
[CURSOR-ABS] hand=(0.324,0.135) filter=(0.384,0.189) target=(725,263) cursor=(673,291)
[CURSOR-ABS] hand=(0.308,0.126) filter=(0.370,0.177) target=(778,238) cursor=(724,264)
[CURSOR-ABS] hand=(0.293,0.116) filter=(0.356,0.166) target=(834,213) cursor=(778,238)
[CURSOR-ABS] hand=(0.265,0.111) filter=(0.328,0.149) target=(941,177) cursor=(834,213)
[CURSOR-ABS] hand=(0.248,0.101) filter=(0.313,0.140) target=(997,158) cursor=(940,177)
[CURSOR-ABS] hand=(0.201,0.123) filter=(0.269,0.133) target=(1168,143) cursor=(997,158)
[CURSOR-ABS] hand=(0.162,0.127) filter=(0.226,0.131) target=(1331,138) cursor=(1168,143)
[CURSOR-ABS] hand=(0.151,0.134) filter=(0.212,0.131) target=(1384,139) cursor=(1330,138)
[CURSOR-ABS] hand=(0.145,0.136) filter=(0.200,0.132) target=(1430,141) cursor=(1384,139)
[CURSOR-ABS] hand=(0.137,0.163) filter=(0.189,0.137) target=(1475,152) cursor=(1430,141)
[CURSOR-ABS] hand=(0.135,0.182) filter=(0.179,0.145) target=(1513,169) cursor=(1475,152)
[CURSOR-ABS] hand=(0.134,0.210) filter=(0.171,0.156) target=(1544,193) cursor=(1512,169)
[CURSOR-ABS] hand=(0.138,0.244) filter=(0.165,0.173) target=(1568,228) cursor=(1544,193)
[CURSOR-ABS] hand=(0.144,0.292) filter=(0.161,0.194) target=(1581,273) cursor=(1567,228)
[CURSOR-ABS] hand=(0.155,0.344) filter=(0.160,0.222) target=(1586,334) cursor=(1581,273)
[CURSOR-ABS] hand=(0.171,0.342) filter=(0.162,0.244) target=(1578,383) cursor=(1586,334)
[CURSOR-ABS] hand=(0.191,0.377) filter=(0.167,0.269) target=(1559,437) cursor=(1578,383)
[CURSOR-ABS] hand=(0.210,0.405) filter=(0.175,0.296) target=(1529,496) cursor=(1559,437)
[CURSOR-ABS] hand=(0.228,0.433) filter=(0.184,0.322) target=(1495,551) cursor=(1530,495)
[CURSOR-ABS] hand=(0.249,0.447) filter=(0.195,0.346) target=(1451,604) cursor=(1495,551)
[CURSOR-ABS] hand=(0.265,0.461) filter=(0.207,0.368) target=(1404,651) cursor=(1451,603)
[CURSOR-ABS] hand=(0.283,0.475) filter=(0.221,0.389) target=(1352,696) cursor=(1404,651)
[CURSOR-ABS] hand=(0.299,0.491) filter=(0.235,0.410) target=(1295,740) cursor=(1352,696)
[CURSOR-ABS] hand=(0.318,0.511) filter=(0.250,0.428) target=(1240,781) cursor=(1296,739)
[CURSOR-ABS] hand=(0.339,0.512) filter=(0.266,0.444) target=(1177,816) cursor=(1240,781)
[CURSOR-ABS] hand=(0.361,0.519) filter=(0.284,0.459) target=(1109,847) cursor=(1177,815)
[CURSOR-ABS] hand=(0.389,0.518) filter=(0.304,0.470) target=(1033,871) cursor=(1109,847)
[CURSOR-ABS] hand=(0.418,0.510) filter=(0.326,0.478) target=(950,887) cursor=(1034,871)
[CURSOR-ABS] hand=(0.444,0.502) filter=(0.348,0.482) target=(864,897) cursor=(950,887)
[CURSOR-ABS] hand=(0.472,0.486) filter=(0.371,0.483) target=(774,898) cursor=(864,897)
[CURSOR-ABS] hand=(0.499,0.464) filter=(0.396,0.479) target=(680,891) cursor=(774,898)
[CURSOR-ABS] hand=(0.526,0.446) filter=(0.421,0.474) target=(583,879) cursor=(680,891)
[CURSOR-ABS] hand=(0.546,0.414) filter=(0.446,0.463) target=(487,856) cursor=(584,879)
[CURSOR-ABS] hand=(0.559,0.380) filter=(0.468,0.449) target=(404,825) cursor=(488,856)
[CURSOR-ABS] hand=(0.565,0.343) filter=(0.487,0.430) target=(331,784) cursor=(404,825)
[CURSOR-ABS] hand=(0.563,0.304) filter=(0.501,0.407) target=(275,736) cursor=(332,785)
[CURSOR-ABS] hand=(0.557,0.268) filter=(0.512,0.381) target=(234,679) cursor=(275,736)
[CURSOR-ABS] hand=(0.544,0.236) filter=(0.518,0.354) target=(211,619) cursor=(234,679)
[CURSOR-ABS] hand=(0.525,0.213) filter=(0.519,0.327) target=(206,562) cursor=(211,619)
[CURSOR-ABS] hand=(0.504,0.194) filter=(0.516,0.302) target=(217,507) cursor=(206,562)
[CURSOR-ABS] hand=(0.478,0.181) filter=(0.510,0.278) target=(243,456) cursor=(216,507)
[CURSOR-ABS] hand=(0.453,0.171) filter=(0.500,0.258) target=(281,412) cursor=(243,457)
[CURSOR-ABS] hand=(0.424,0.159) filter=(0.486,0.238) target=(333,369) cursor=(281,412)
[CURSOR-ABS] hand=(0.398,0.170) filter=(0.471,0.225) target=(390,342) cursor=(333,369)
[CURSOR-ABS] hand=(0.366,0.176) filter=(0.452,0.216) target=(463,322) cursor=(390,342)
[CURSOR-ABS] hand=(0.340,0.195) filter=(0.432,0.212) target=(542,313) cursor=(462,322)
[CURSOR-ABS] hand=(0.318,0.221) filter=(0.411,0.214) target=(622,317) cursor=(541,313)
[CURSOR-ABS] hand=(0.293,0.241) filter=(0.388,0.219) target=(708,328) cursor=(621,317)
[CURSOR-ABS] hand=(0.273,0.272) filter=(0.367,0.228) target=(789,347) cursor=(707,328)
[CURSOR-ABS] hand=(0.246,0.293) filter=(0.344,0.239) target=(879,372) cursor=(789,347)
[CURSOR-ABS] hand=(0.226,0.322) filter=(0.322,0.253) target=(965,402) cursor=(878,372)
[CURSOR-ABS] hand=(0.218,0.349) filter=(0.289,0.282) target=(1091,465) cursor=(965,402)
[CURSOR-ABS] hand=(0.209,0.364) filter=(0.273,0.297) target=(1151,497) cursor=(1091,464)
[CURSOR-ABS] hand=(0.203,0.383) filter=(0.260,0.312) target=(1200,530) cursor=(1151,497)
[CURSOR-ABS] hand=(0.198,0.409) filter=(0.249,0.330) target=(1244,568) cursor=(1200,530)
[CURSOR-ABS] hand=(0.197,0.430) filter=(0.239,0.349) target=(1282,608) cursor=(1244,568)
[CURSOR-ABS] hand=(0.196,0.455) filter=(0.231,0.368) target=(1312,651) cursor=(1281,608)
[CURSOR-ABS] hand=(0.203,0.466) filter=(0.226,0.387) target=(1332,691) cursor=(1312,651)
[CURSOR-ABS] hand=(0.212,0.495) filter=(0.223,0.407) target=(1342,735) cursor=(1332,691)
[CURSOR-ABS] hand=(0.226,0.507) filter=(0.224,0.426) target=(1340,775) cursor=(1341,734)
[CURSOR-ABS] hand=(0.241,0.532) filter=(0.227,0.446) target=(1328,819) cursor=(1340,775)
[CURSOR-ABS] hand=(0.258,0.544) filter=(0.232,0.465) target=(1307,860) cursor=(1328,819)
[CURSOR-ABS] hand=(0.280,0.557) filter=(0.241,0.483) target=(1276,898) cursor=(1307,860)
[CURSOR-ABS] hand=(0.301,0.567) filter=(0.251,0.498) target=(1237,932) cursor=(1276,897)
[CURSOR-ABS] hand=(0.322,0.577) filter=(0.263,0.513) target=(1188,964) cursor=(1237,931)
[CURSOR-ABS] hand=(0.344,0.577) filter=(0.278,0.525) target=(1132,990) cursor=(1188,964)
[CURSOR-ABS] hand=(0.364,0.577) filter=(0.293,0.535) target=(1073,1011) cursor=(1133,990)
[CURSOR-ABS] hand=(0.386,0.578) filter=(0.311,0.543) target=(1007,1028) cursor=(1073,1011)
[CURSOR-ABS] hand=(0.403,0.563) filter=(0.327,0.547) target=(943,1036) cursor=(1007,1028)
[CURSOR-ABS] hand=(0.419,0.545) filter=(0.344,0.546) target=(878,1036) cursor=(944,1036)
[CURSOR-ABS] hand=(0.435,0.515) filter=(0.361,0.541) target=(813,1023) cursor=(878,1036)
[CURSOR-ABS] hand=(0.446,0.480) filter=(0.377,0.530) target=(752,1000) cursor=(813,1023)
[CURSOR-ABS] hand=(0.451,0.437) filter=(0.391,0.514) target=(698,965) cursor=(752,1001)
[CURSOR-ABS] hand=(0.447,0.388) filter=(0.401,0.492) target=(659,918) cursor=(698,966)
[CURSOR-ABS] hand=(0.441,0.329) filter=(0.409,0.462) target=(631,854) cursor=(659,918)
[CURSOR-ABS] hand=(0.429,0.271) filter=(0.412,0.426) target=(616,776) cursor=(631,854)
[CURSOR-ABS] hand=(0.413,0.217) filter=(0.413,0.385) target=(616,687) cursor=(616,776)
[CURSOR-ABS] hand=(0.396,0.161) filter=(0.410,0.340) target=(627,590) cursor=(616,688)
[CURSOR-ABS] hand=(0.353,0.113) filter=(0.393,0.266) target=(690,430) cursor=(627,590)
[CURSOR-ABS] hand=(0.346,0.064) filter=(0.385,0.225) target=(722,341) cursor=(690,430)
[CURSOR-ABS] hand=(0.272,0.026) filter=(0.351,0.159) target=(852,199) cursor=(722,341)
[CURSOR-ABS] hand=(0.247,0.024) filter=(0.333,0.133) target=(922,143) cursor=(851,200)
[CURSOR-ABS] hand=(0.238,0.053) filter=(0.316,0.117) target=(987,109) cursor=(921,143)
[CURSOR-ABS] hand=(0.232,0.051) filter=(0.300,0.104) target=(1046,81) cursor=(987,109)
[CURSOR-ABS] hand=(0.201,0.062) filter=(0.282,0.096) target=(1116,64) cursor=(1046,81)
[CURSOR-ABS] hand=(0.171,0.095) filter=(0.261,0.096) target=(1199,63) cursor=(1116,64)
[CURSOR-ABS] hand=(0.161,0.114) filter=(0.242,0.099) target=(1269,70) cursor=(1199,63)
[CURSOR-ABS] hand=(0.153,0.128) filter=(0.226,0.104) target=(1333,81) cursor=(1269,70)
[CURSOR-ABS] hand=(0.142,0.144) filter=(0.210,0.111) target=(1393,96) cursor=(1333,81)
[CURSOR-ABS] hand=(0.136,0.157) filter=(0.196,0.119) target=(1447,113) cursor=(1393,96)
[CURSOR-ABS] hand=(0.137,0.165) filter=(0.185,0.127) target=(1490,130) cursor=(1446,113)
[CURSOR-ABS] hand=(0.141,0.160) filter=(0.177,0.133) target=(1520,142) cursor=(1490,130)
[CURSOR-ABS] hand=(0.161,0.150) filter=(0.174,0.136) target=(1532,149) cursor=(1520,142)
[CURSOR-ABS] hand=(0.620,0.032) filter=(0.620,0.032) target=(995,525) cursor=(1532,149)
[CURSOR-ABS] hand=(0.621,0.032) filter=(0.620,0.032) target=(994,525) cursor=(1003,519)
[CURSOR-ABS] hand=(0.620,0.033) filter=(0.620,0.032) target=(994,525) cursor=(994,525)
[CURSOR-ABS] hand=(0.618,0.032) filter=(0.619,0.032) target=(996,525) cursor=(994,525)
[CURSOR-ABS] hand=(0.620,0.031) filter=(0.619,0.032) target=(996,525) cursor=(996,525)
[CURSOR-ABS] hand=(0.618,0.029) filter=(0.619,0.031) target=(997,523) cursor=(996,525)
[CURSOR-ABS] hand=(0.618,0.033) filter=(0.619,0.032) target=(998,524) cursor=(997,523)
[CURSOR-ABS] hand=(0.618,0.026) filter=(0.619,0.031) target=(998,522) cursor=(998,524)
[CURSOR-ABS] hand=(0.616,0.027) filter=(0.618,0.030) target=(1000,520) cursor=(998,522)
[CURSOR-ABS] hand=(0.615,0.028) filter=(0.618,0.030) target=(1002,519) cursor=(1000,520)
[CURSOR-ABS] hand=(0.613,0.029) filter=(0.617,0.030) target=(1005,519) cursor=(1002,519)
[CURSOR-ABS] hand=(0.613,0.036) filter=(0.616,0.031) target=(1008,522) cursor=(1005,519)
[CURSOR-ABS] hand=(0.611,0.037) filter=(0.615,0.032) target=(1012,524) cursor=(1008,522)
[CURSOR-ABS] hand=(0.612,0.038) filter=(0.615,0.033) target=(1014,526) cursor=(1012,524)
[CURSOR-ABS] hand=(0.613,0.036) filter=(0.614,0.033) target=(1015,527) cursor=(1014,526)
[CURSOR-ABS] hand=(0.613,0.031) filter=(0.614,0.033) target=(1016,526) cursor=(1015,527)
[CURSOR-ABS] hand=(0.613,0.031) filter=(0.614,0.032) target=(1018,524) cursor=(1016,526)
[CURSOR-ABS] hand=(0.612,0.031) filter=(0.613,0.032) target=(1020,524) cursor=(1018,525)
[CURSOR-ABS] hand=(0.612,0.032) filter=(0.613,0.032) target=(1020,524) cursor=(1020,524)
[CURSOR-ABS] hand=(0.618,0.032) filter=(0.615,0.032) target=(1013,524) cursor=(1020,524)
[CURSOR-ABS] hand=(0.617,0.030) filter=(0.616,0.031) target=(1010,523) cursor=(1013,524)
[CURSOR-ABS] hand=(0.618,0.029) filter=(0.616,0.031) target=(1009,522) cursor=(1010,523)
[CURSOR-ABS] hand=(0.617,0.030) filter=(0.616,0.031) target=(1008,522) cursor=(1009,522)
[CURSOR-ABS] hand=(0.616,0.028) filter=(0.616,0.030) target=(1008,521) cursor=(1008,522)
[CURSOR-ABS] hand=(0.618,0.027) filter=(0.616,0.030) target=(1007,520) cursor=(1008,521)
[CURSOR-ABS] hand=(0.617,0.026) filter=(0.617,0.029) target=(1007,518) cursor=(1007,520)
[CURSOR-ABS] hand=(0.617,0.026) filter=(0.617,0.028) target=(1006,517) cursor=(1007,518)
[CURSOR-ABS] hand=(0.619,0.026) filter=(0.617,0.028) target=(1005,516) cursor=(1006,517)
[CURSOR-ABS] hand=(0.617,0.026) filter=(0.617,0.028) target=(1005,515) cursor=(1005,516)
[CURSOR-ABS] hand=(0.618,0.026) filter=(0.617,0.027) target=(1004,514) cursor=(1005,515)
[CURSOR-ABS] hand=(0.618,0.025) filter=(0.617,0.027) target=(1004,514) cursor=(1004,514)
[CURSOR-ABS] hand=(0.618,0.028) filter=(0.617,0.027) target=(1004,514) cursor=(1004,514)
[CURSOR-ABS] hand=(0.617,0.027) filter=(0.617,0.027) target=(1004,514) cursor=(1004,514)
[CURSOR-ABS] hand=(0.613,0.032) filter=(0.617,0.028) target=(1007,516) cursor=(1004,514)
[CURSOR-ABS] hand=(0.610,0.035) filter=(0.616,0.029) target=(1011,518) cursor=(1007,516)
[CURSOR-ABS] hand=(0.612,0.033) filter=(0.615,0.030) target=(1013,520) cursor=(1011,518)
[CURSOR-ABS] hand=(0.611,0.032) filter=(0.614,0.030) target=(1016,521) cursor=(1013,520)
[CURSOR-ABS] hand=(0.614,0.028) filter=(0.614,0.030) target=(1016,520) cursor=(1016,521)
[CURSOR-ABS] hand=(0.615,0.027) filter=(0.614,0.029) target=(1016,519) cursor=(1016,520)
[CURSOR-ABS] hand=(0.612,0.030) filter=(0.614,0.030) target=(1018,519) cursor=(1016,519)
[CURSOR-ABS] hand=(0.614,0.028) filter=(0.614,0.029) target=(1018,519) cursor=(1018,519)
[CURSOR-ABS] hand=(0.613,0.028) filter=(0.614,0.029) target=(1018,518) cursor=(1018,519)
[CURSOR-ABS] hand=(0.615,0.027) filter=(0.614,0.029) target=(1017,518) cursor=(1018,518)
[CURSOR-ABS] hand=(0.613,0.028) filter=(0.614,0.029) target=(1018,517) cursor=(1017,518)
[CURSOR-ABS] hand=(0.616,0.026) filter=(0.614,0.028) target=(1016,516) cursor=(1018,517)
[CURSOR-ABS] hand=(0.614,0.026) filter=(0.614,0.028) target=(1016,516) cursor=(1016,516)
[CURSOR-ABS] hand=(0.616,0.027) filter=(0.615,0.028) target=(1015,515) cursor=(1016,516)
[CURSOR-ABS] hand=(0.615,0.028) filter=(0.615,0.028) target=(1014,515) cursor=(1015,515)
[CURSOR-ABS] hand=(0.616,0.026) filter=(0.615,0.027) target=(1014,515) cursor=(1014,515)
[CURSOR-ABS] hand=(0.616,0.025) filter=(0.615,0.027) target=(1013,514) cursor=(1014,515)
[CURSOR-ABS] hand=(0.614,0.030) filter=(0.615,0.028) target=(1014,515) cursor=(1013,514)
[CURSOR-ABS] hand=(0.614,0.028) filter=(0.615,0.028) target=(1014,515) cursor=(1014,515)
[CURSOR-ABS] hand=(0.614,0.027) filter=(0.615,0.028) target=(1015,515) cursor=(1014,515)
[CURSOR-ABS] hand=(0.612,0.034) filter=(0.614,0.029) target=(1016,517) cursor=(1015,515)
[CURSOR-ABS] hand=(0.611,0.033) filter=(0.614,0.029) target=(1018,519) cursor=(1016,517)
[CURSOR-ABS] hand=(0.610,0.034) filter=(0.613,0.030) target=(1021,521) cursor=(1018,519)
[CURSOR-ABS] hand=(0.613,0.025) filter=(0.613,0.029) target=(1021,519) cursor=(1021,521)
[CURSOR-ABS] hand=(0.613,0.028) filter=(0.613,0.029) target=(1020,518) cursor=(1021,519)
[CURSOR-ABS] hand=(0.614,0.029) filter=(0.613,0.029) target=(1020,518) cursor=(1020,518)
[CURSOR-ABS] hand=(0.614,0.029) filter=(0.613,0.029) target=(1019,518) cursor=(1020,518)
[CURSOR-ABS] hand=(0.614,0.029) filter=(0.614,0.029) target=(1019,518) cursor=(1019,518)
[CURSOR-ABS] hand=(0.614,0.028) filter=(0.614,0.029) target=(1018,518) cursor=(1019,518)
[CURSOR-ABS] hand=(0.615,0.028) filter=(0.614,0.029) target=(1017,517) cursor=(1018,518)
[CURSOR-ABS] hand=(0.617,0.026) filter=(0.614,0.028) target=(1015,516) cursor=(1017,517)
[CURSOR-ABS] hand=(0.616,0.026) filter=(0.615,0.028) target=(1014,516) cursor=(1015,516)
[CURSOR-ABS] hand=(0.615,0.028) filter=(0.615,0.028) target=(1014,516) cursor=(1014,516)
[CURSOR-ABS] hand=(0.617,0.025) filter=(0.615,0.027) target=(1012,515) cursor=(1014,516)
[CURSOR-ABS] hand=(0.618,0.027) filter=(0.616,0.027) target=(1010,514) cursor=(1012,515)
[CURSOR-ABS] hand=(0.616,0.028) filter=(0.616,0.027) target=(1010,515) cursor=(1010,514)
[CURSOR-ABS] hand=(0.615,0.027) filter=(0.616,0.027) target=(1010,515) cursor=(1010,515)
[CURSOR-ABS] hand=(0.616,0.026) filter=(0.616,0.027) target=(1010,514) cursor=(1010,515)
[CURSOR-ABS] hand=(0.616,0.027) filter=(0.616,0.027) target=(1010,514) cursor=(1010,514)
[CURSOR-ABS] hand=(0.616,0.027) filter=(0.616,0.027) target=(1010,514) cursor=(1010,514)
[CURSOR-ABS] hand=(0.617,0.026) filter=(0.616,0.027) target=(1009,514) cursor=(1010,514)
[CURSOR-ABS] hand=(0.616,0.026) filter=(0.616,0.027) target=(1009,513) cursor=(1009,514)
[CURSOR-ABS] hand=(0.617,0.026) filter=(0.616,0.027) target=(1009,513) cursor=(1009,513)
[CURSOR-ABS] hand=(0.614,0.033) filter=(0.616,0.028) target=(1010,515) cursor=(1009,513)
[CURSOR-ABS] hand=(0.616,0.027) filter=(0.616,0.028) target=(1010,515) cursor=(1010,515)
[CURSOR-ABS] hand=(0.614,0.032) filter=(0.616,0.028) target=(1011,516) cursor=(1010,515)
[CURSOR-ABS] hand=(0.614,0.033) filter=(0.615,0.029) target=(1012,518) cursor=(1011,516)
[CURSOR-ABS] hand=(0.614,0.027) filter=(0.615,0.029) target=(1013,518) cursor=(1012,518)
[CURSOR-ABS] hand=(0.613,0.031) filter=(0.615,0.029) target=(1014,518) cursor=(1013,518)
[CURSOR-ABS] hand=(0.615,0.027) filter=(0.615,0.029) target=(1014,518) cursor=(1014,518)
[CURSOR-ABS] hand=(0.617,0.024) filter=(0.615,0.028) target=(1012,516) cursor=(1014,518)
[CURSOR-ABS] hand=(0.613,0.030) filter=(0.615,0.028) target=(1014,517) cursor=(1012,516)
[CURSOR-ABS] hand=(0.618,0.024) filter=(0.615,0.028) target=(1012,515) cursor=(1014,517)
[CURSOR-ABS] hand=(0.618,0.027) filter=(0.616,0.028) target=(1010,515) cursor=(1012,515)
[CURSOR-ABS] hand=(0.617,0.026) filter=(0.616,0.027) target=(1009,514) cursor=(1010,515)
[CURSOR-ABS] hand=(0.618,0.023) filter=(0.616,0.027) target=(1008,513) cursor=(1009,514)
[CURSOR-ABS] hand=(0.617,0.025) filter=(0.616,0.026) target=(1007,512) cursor=(1008,513)
[CURSOR-ABS] hand=(0.618,0.025) filter=(0.617,0.026) target=(1006,512) cursor=(1007,512)
[CURSOR-ABS] hand=(0.618,0.024) filter=(0.617,0.026) target=(1005,511) cursor=(1006,512)
[CURSOR-ABS] hand=(0.619,0.023) filter=(0.617,0.025) target=(1004,510) cursor=(1005,511)
[CURSOR-ABS] hand=(0.618,0.028) filter=(0.617,0.026) target=(1004,511) cursor=(1004,510)
[CURSOR-ABS] hand=(0.619,0.023) filter=(0.618,0.025) target=(1003,510) cursor=(1004,511)
[CURSOR-ABS] hand=(0.617,0.029) filter=(0.618,0.026) target=(1003,512) cursor=(1003,510)
[CURSOR-ABS] hand=(0.619,0.024) filter=(0.618,0.026) target=(1002,511) cursor=(1003,512)
[CURSOR-ABS] hand=(0.619,0.023) filter=(0.618,0.025) target=(1001,510) cursor=(1002,511)
[CURSOR-ABS] hand=(0.617,0.029) filter=(0.618,0.026) target=(1002,511) cursor=(1001,510)
[CURSOR-ABS] hand=(0.621,0.023) filter=(0.618,0.025) target=(1001,510) cursor=(1002,511)
[CURSOR-ABS] hand=(0.620,0.024) filter=(0.619,0.025) target=(999,510) cursor=(1001,510)
[CURSOR-ABS] hand=(0.619,0.029) filter=(0.619,0.026) target=(999,511) cursor=(999,510)
[CURSOR-ABS] hand=(0.618,0.029) filter=(0.618,0.026) target=(1000,512) cursor=(999,511)
[CURSOR-ABS] hand=(0.616,0.030) filter=(0.618,0.027) target=(1001,514) cursor=(1000,512)
[CURSOR-ABS] hand=(0.619,0.028) filter=(0.618,0.027) target=(1001,514) cursor=(1001,514)
[CURSOR-ABS] hand=(0.619,0.028) filter=(0.618,0.027) target=(1000,514) cursor=(1001,514)
[CURSOR-ABS] hand=(0.620,0.027) filter=(0.619,0.027) target=(999,514) cursor=(1000,514)
[CURSOR-ABS] hand=(0.618,0.030) filter=(0.619,0.028) target=(999,515) cursor=(999,514)
[CURSOR-ABS] hand=(0.618,0.029) filter=(0.618,0.028) target=(1000,516) cursor=(999,515)
[CURSOR-ABS] hand=(0.617,0.033) filter=(0.618,0.029) target=(1001,518) cursor=(1000,516)
[CURSOR-ABS] hand=(0.620,0.026) filter=(0.619,0.028) target=(999,516) cursor=(1001,518)
[CURSOR-ABS] hand=(0.620,0.025) filter=(0.619,0.028) target=(998,515) cursor=(999,516)
[CURSOR-ABS] hand=(0.619,0.029) filter=(0.619,0.028) target=(998,516) cursor=(998,515)
[CURSOR-ABS] hand=(0.622,0.023) filter=(0.619,0.027) target=(996,514) cursor=(998,516)
[CURSOR-ABS] hand=(0.622,0.024) filter=(0.620,0.027) target=(995,513) cursor=(996,514)
[CURSOR-ABS] hand=(0.625,0.022) filter=(0.621,0.026) target=(991,511) cursor=(995,513)
[CURSOR-ABS] hand=(0.620,0.026) filter=(0.621,0.026) target=(992,511) cursor=(991,511)
[CURSOR-ABS] hand=(0.620,0.025) filter=(0.621,0.026) target=(992,511) cursor=(992,511)
[CURSOR-ABS] hand=(0.621,0.024) filter=(0.621,0.025) target=(991,510) cursor=(992,511)
[CURSOR-ABS] hand=(0.622,0.025) filter=(0.621,0.025) target=(990,510) cursor=(991,510)
[CURSOR-ABS] hand=(0.622,0.024) filter=(0.621,0.025) target=(989,510) cursor=(990,510)
[CURSOR-ABS] hand=(0.620,0.025) filter=(0.621,0.025) target=(990,510) cursor=(989,510)
[CURSOR-ABS] hand=(0.620,0.028) filter=(0.621,0.026) target=(991,511) cursor=(990,510)
[CURSOR-ABS] hand=(0.620,0.028) filter=(0.621,0.026) target=(992,512) cursor=(991,511)
[CURSOR-ABS] hand=(0.619,0.028) filter=(0.620,0.026) target=(993,512) cursor=(992,512)
[CURSOR-ABS] hand=(0.621,0.028) filter=(0.620,0.027) target=(992,513) cursor=(993,512)
[CURSOR-ABS] hand=(0.621,0.031) filter=(0.621,0.027) target=(991,515) cursor=(992,513)
[CURSOR-ABS] hand=(0.621,0.029) filter=(0.621,0.028) target=(991,515) cursor=(991,515)
[CURSOR-ABS] hand=(0.619,0.028) filter=(0.620,0.028) target=(992,515) cursor=(991,515)
[CURSOR-ABS] hand=(0.621,0.028) filter=(0.620,0.028) target=(992,516) cursor=(992,515)
[CURSOR-ABS] hand=(0.622,0.024) filter=(0.621,0.027) target=(991,514) cursor=(992,516)
[CURSOR-ABS] hand=(0.622,0.024) filter=(0.621,0.027) target=(990,513) cursor=(991,514)
[CURSOR-ABS] hand=(0.622,0.024) filter=(0.621,0.026) target=(989,512) cursor=(990,513)
[CURSOR-ABS] hand=(0.621,0.027) filter=(0.621,0.026) target=(990,512) cursor=(989,512)
[CURSOR-ABS] hand=(0.621,0.025) filter=(0.621,0.026) target=(990,512) cursor=(990,512)
[CURSOR-ABS] hand=(0.620,0.027) filter=(0.621,0.026) target=(990,512) cursor=(990,512)
[CURSOR-ABS] hand=(0.622,0.026) filter=(0.621,0.026) target=(990,512) cursor=(990,512)
[CURSOR-ABS] hand=(0.626,0.022) filter=(0.622,0.026) target=(986,511) cursor=(990,512)
[CURSOR-ABS] hand=(0.625,0.022) filter=(0.623,0.025) target=(984,509) cursor=(986,511)
[CURSOR-ABS] hand=(0.626,0.020) filter=(0.623,0.024) target=(982,508) cursor=(984,509)
[CURSOR-ABS] hand=(0.621,0.028) filter=(0.623,0.025) target=(983,509) cursor=(982,508)
[CURSOR-ABS] hand=(0.624,0.025) filter=(0.623,0.025) target=(983,509) cursor=(983,509)
[CURSOR-ABS] hand=(0.622,0.026) filter=(0.623,0.025) target=(983,510) cursor=(983,509)
[CURSOR-ABS] hand=(0.620,0.027) filter=(0.622,0.025) target=(985,510) cursor=(983,510)
[CURSOR-ABS] hand=(0.623,0.024) filter=(0.622,0.025) target=(985,510) cursor=(985,510)
[CURSOR-ABS] hand=(0.625,0.023) filter=(0.623,0.025) target=(983,509) cursor=(985,510)
[CURSOR-ABS] hand=(0.627,0.019) filter=(0.624,0.024) target=(980,507) cursor=(983,509)
[CURSOR-ABS] hand=(0.629,0.019) filter=(0.624,0.023) target=(977,505) cursor=(980,507)
[CURSOR-ABS] hand=(0.623,0.026) filter=(0.624,0.023) target=(977,506) cursor=(977,505)
[CURSOR-ABS] hand=(0.623,0.029) filter=(0.624,0.024) target=(979,508) cursor=(977,506)
[CURSOR-ABS] hand=(0.621,0.023) filter=(0.623,0.024) target=(981,507) cursor=(979,508)
[CURSOR-ABS] hand=(0.624,0.023) filter=(0.623,0.024) target=(980,507) cursor=(981,507)
[CURSOR-ABS] hand=(0.622,0.024) filter=(0.623,0.024) target=(981,507) cursor=(980,507)
[CURSOR-ABS] hand=(0.623,0.023) filter=(0.623,0.024) target=(981,507) cursor=(981,507)
[CURSOR-ABS] hand=(0.622,0.022) filter=(0.623,0.023) target=(982,506) cursor=(981,507)
[CURSOR-ABS] hand=(0.625,0.018) filter=(0.623,0.023) target=(981,504) cursor=(982,506)
[CURSOR-ABS] hand=(0.628,0.019) filter=(0.624,0.022) target=(978,503) cursor=(981,504)
[CURSOR-ABS] hand=(0.628,0.021) filter=(0.625,0.022) target=(975,502) cursor=(978,503)
[CURSOR-ABS] hand=(0.624,0.026) filter=(0.625,0.022) target=(975,504) cursor=(975,502)
[CURSOR-ABS] hand=(0.622,0.027) filter=(0.624,0.023) target=(977,506) cursor=(975,504)
[CURSOR-ABS] hand=(0.624,0.024) filter=(0.624,0.023) target=(977,506) cursor=(977,506)
[CURSOR-ABS] hand=(0.623,0.026) filter=(0.624,0.024) target=(978,507) cursor=(977,506)
[CURSOR-ABS] hand=(0.624,0.023) filter=(0.624,0.024) target=(978,507) cursor=(978,507)
[CURSOR-ABS] hand=(0.624,0.021) filter=(0.624,0.023) target=(978,506) cursor=(978,507)
[CURSOR-ABS] hand=(0.621,0.023) filter=(0.624,0.023) target=(980,506) cursor=(978,506)
[CURSOR-ABS] hand=(0.621,0.023) filter=(0.623,0.023) target=(981,506) cursor=(980,506)
[CURSOR-ABS] hand=(0.621,0.027) filter=(0.623,0.024) target=(983,507) cursor=(981,506)
[CURSOR-ABS] hand=(0.623,0.024) filter=(0.623,0.024) target=(983,507) cursor=(983,507)
[CURSOR-ABS] hand=(0.622,0.027) filter=(0.623,0.024) target=(983,508) cursor=(983,507)
[CURSOR-ABS] hand=(0.621,0.034) filter=(0.622,0.026) target=(984,512) cursor=(983,508)
[CURSOR-ABS] hand=(0.625,0.021) filter=(0.623,0.025) target=(983,510) cursor=(984,512)
[CURSOR-ABS] hand=(0.618,0.026) filter=(0.622,0.025) target=(986,510) cursor=(983,510)
[CURSOR-ABS] hand=(0.624,0.026) filter=(0.622,0.026) target=(985,511) cursor=(986,510)
[CURSOR-ABS] hand=(0.623,0.026) filter=(0.622,0.026) target=(984,511) cursor=(985,511)
[CURSOR-ABS] hand=(0.627,0.017) filter=(0.623,0.024) target=(982,508) cursor=(984,511)
[CURSOR-ABS] hand=(0.627,0.019) filter=(0.624,0.023) target=(979,506) cursor=(982,508)
[CURSOR-ABS] hand=(0.623,0.022) filter=(0.624,0.023) target=(979,505) cursor=(979,506)
[CURSOR-ABS] hand=(0.626,0.020) filter=(0.624,0.023) target=(978,504) cursor=(979,505)
[CURSOR-ABS] hand=(0.628,0.021) filter=(0.625,0.022) target=(975,503) cursor=(978,504)
[CURSOR-ABS] hand=(0.628,0.022) filter=(0.626,0.022) target=(971,503) cursor=(975,503)
[CURSOR-ABS] hand=(0.625,0.027) filter=(0.626,0.023) target=(972,505) cursor=(971,503)
[CURSOR-ABS] hand=(0.623,0.034) filter=(0.625,0.025) target=(974,509) cursor=(972,505)
[CURSOR-ABS] hand=(0.624,0.027) filter=(0.625,0.025) target=(975,510) cursor=(974,509)
[CURSOR-ABS] hand=(0.623,0.024) filter=(0.625,0.025) target=(976,510) cursor=(975,510)
[CURSOR-ABS] hand=(0.625,0.025) filter=(0.625,0.025) target=(975,510) cursor=(976,510)
[CURSOR-ABS] hand=(0.622,0.027) filter=(0.624,0.025) target=(977,510) cursor=(975,510)
[CURSOR-ABS] hand=(0.625,0.022) filter=(0.624,0.025) target=(977,509) cursor=(977,510)
[CURSOR-ABS] hand=(0.625,0.023) filter=(0.625,0.024) target=(976,508) cursor=(977,509)
[CURSOR-ABS] hand=(0.628,0.020) filter=(0.625,0.024) target=(974,507) cursor=(976,508)
[CURSOR-ABS] hand=(0.625,0.027) filter=(0.625,0.024) target=(974,508) cursor=(974,507)
[CURSOR-ABS] hand=(0.625,0.025) filter=(0.625,0.024) target=(974,508) cursor=(974,508)
[CURSOR-ABS] hand=(0.622,0.027) filter=(0.625,0.025) target=(976,509) cursor=(974,508)
[CURSOR-ABS] hand=(0.624,0.027) filter=(0.624,0.025) target=(977,510) cursor=(976,509)
[CURSOR-ABS] hand=(0.625,0.024) filter=(0.625,0.025) target=(976,509) cursor=(977,510)
[CURSOR-ABS] hand=(0.627,0.023) filter=(0.625,0.025) target=(975,509) cursor=(976,509)
[CURSOR-ABS] hand=(0.623,0.029) filter=(0.625,0.025) target=(976,510) cursor=(975,509)
[CURSOR-ABS] hand=(0.625,0.027) filter=(0.625,0.026) target=(976,511) cursor=(976,510)
[CURSOR-ABS] hand=(0.627,0.023) filter=(0.625,0.025) target=(974,510) cursor=(976,511)
[CURSOR-ABS] hand=(0.623,0.031) filter=(0.625,0.026) target=(975,512) cursor=(974,510)
[CURSOR-ABS] hand=(0.628,0.024) filter=(0.625,0.026) target=(973,511) cursor=(975,512)
[CURSOR-ABS] hand=(0.626,0.029) filter=(0.625,0.026) target=(973,513) cursor=(973,511)
[CURSOR-ABS] hand=(0.625,0.028) filter=(0.625,0.027) target=(973,513) cursor=(973,512)
[CURSOR-ABS] hand=(0.626,0.029) filter=(0.625,0.027) target=(973,514) cursor=(973,513)
[CURSOR-ABS] hand=(0.629,0.022) filter=(0.626,0.026) target=(971,512) cursor=(973,514)
[CURSOR-ABS] hand=(0.620,0.027) filter=(0.625,0.026) target=(975,512) cursor=(971,512)
[CURSOR-ABS] hand=(0.627,0.020) filter=(0.625,0.025) target=(973,510) cursor=(975,512)
[CURSOR-ABS] hand=(0.620,0.025) filter=(0.625,0.025) target=(976,510) cursor=(973,510)
[CURSOR-ABS] hand=(0.625,0.025) filter=(0.625,0.025) target=(976,510) cursor=(976,510)
[CURSOR-ABS] hand=(0.621,0.027) filter=(0.624,0.025) target=(978,510) cursor=(976,510)
[CURSOR-ABS] hand=(0.631,0.021) filter=(0.625,0.025) target=(974,509) cursor=(978,510)
[CURSOR-ABS] hand=(0.622,0.034) filter=(0.625,0.026) target=(976,512) cursor=(974,509)
[CURSOR-ABS] hand=(0.624,0.035) filter=(0.625,0.028) target=(976,515) cursor=(976,512)
[CURSOR-ABS] hand=(0.623,0.032) filter=(0.624,0.028) target=(977,517) cursor=(976,515)
[CURSOR-ABS] hand=(0.625,0.028) filter=(0.625,0.028) target=(976,517) cursor=(977,517)
[CURSOR-ABS] hand=(0.624,0.026) filter=(0.625,0.028) target=(976,516) cursor=(976,517)
[CURSOR-ABS] hand=(0.627,0.020) filter=(0.625,0.027) target=(975,513) cursor=(976,516)
[CURSOR-ABS] hand=(0.625,0.024) filter=(0.625,0.026) target=(975,512) cursor=(975,513)
[CURSOR-ABS] hand=(0.625,0.023) filter=(0.625,0.026) target=(975,511) cursor=(975,512)
[CURSOR-ABS] hand=(0.618,0.025) filter=(0.624,0.026) target=(979,511) cursor=(975,511)
[CURSOR-ABS] hand=(0.627,0.024) filter=(0.624,0.025) target=(977,510) cursor=(979,511)
[CURSOR-ABS] hand=(0.622,0.029) filter=(0.624,0.026) target=(978,512) cursor=(977,510)
[CURSOR-ABS] hand=(0.624,0.025) filter=(0.624,0.026) target=(978,511) cursor=(978,512)
[CURSOR-ABS] hand=(0.625,0.031) filter=(0.624,0.027) target=(978,513) cursor=(978,511)
[CURSOR-ABS] hand=(0.623,0.037) filter=(0.624,0.028) target=(978,517) cursor=(978,513)
[CURSOR-ABS] hand=(0.620,0.031) filter=(0.623,0.029) target=(981,518) cursor=(978,517)
[CURSOR-ABS] hand=(0.616,0.022) filter=(0.622,0.028) target=(986,515) cursor=(981,518)
[CURSOR-ABS] hand=(0.623,0.024) filter=(0.622,0.027) target=(985,513) cursor=(986,515)
[CURSOR-ABS] hand=(0.625,0.027) filter=(0.623,0.027) target=(983,513) cursor=(985,513)
[CURSOR-ABS] hand=(0.625,0.028) filter=(0.623,0.027) target=(982,514) cursor=(983,513)
[CURSOR-ABS] hand=(0.625,0.028) filter=(0.623,0.027) target=(981,514) cursor=(982,514)
[CURSOR-ABS] hand=(0.625,0.028) filter=(0.624,0.027) target=(980,514) cursor=(981,514)
[CURSOR-ABS] hand=(0.625,0.029) filter=(0.624,0.028) target=(979,515) cursor=(980,514)
[CURSOR-ABS] hand=(0.619,0.024) filter=(0.623,0.027) target=(982,514) cursor=(979,515)
[CURSOR-ABS] hand=(0.625,0.026) filter=(0.623,0.027) target=(981,514) cursor=(982,514)
[CURSOR-ABS] hand=(0.623,0.025) filter=(0.623,0.027) target=(981,513) cursor=(981,514)
[CURSOR-ABS] hand=(0.624,0.022) filter=(0.623,0.026) target=(981,511) cursor=(981,513)
[CURSOR-ABS] hand=(0.620,0.033) filter=(0.623,0.027) target=(983,514) cursor=(981,511)
[CURSOR-ABS] hand=(0.622,0.034) filter=(0.623,0.028) target=(984,516) cursor=(983,514)
[CURSOR-ABS] hand=(0.618,0.034) filter=(0.622,0.029) target=(987,519) cursor=(984,516)
[CURSOR-ABS] hand=(0.621,0.028) filter=(0.622,0.029) target=(987,518) cursor=(987,519)
[CURSOR-ABS] hand=(0.614,0.018) filter=(0.620,0.027) target=(992,514) cursor=(987,518)
[CURSOR-ABS] hand=(0.619,0.024) filter=(0.620,0.026) target=(993,513) cursor=(992,514)
[CURSOR-ABS] hand=(0.620,0.029) filter=(0.620,0.027) target=(993,514) cursor=(993,513)
[CURSOR-ABS] hand=(0.624,0.025) filter=(0.621,0.027) target=(990,513) cursor=(993,514)
[CURSOR-ABS] hand=(0.624,0.027) filter=(0.621,0.027) target=(989,513) cursor=(990,513)
[CURSOR-ABS] hand=(0.624,0.027) filter=(0.622,0.027) target=(987,513) cursor=(989,513)
[CURSOR-ABS] hand=(0.623,0.026) filter=(0.622,0.027) target=(986,513) cursor=(987,513)
[CURSOR-ABS] hand=(0.627,0.021) filter=(0.623,0.026) target=(983,511) cursor=(986,513)
[CURSOR-ABS] hand=(0.625,0.028) filter=(0.623,0.026) target=(982,512) cursor=(983,511)
[CURSOR-ABS] hand=(0.626,0.025) filter=(0.624,0.026) target=(980,511) cursor=(982,512)
[CURSOR-ABS] hand=(0.623,0.029) filter=(0.624,0.026) target=(980,512) cursor=(980,511)
[CURSOR-ABS] hand=(0.623,0.027) filter=(0.624,0.026) target=(980,513) cursor=(980,512)
[CURSOR-ABS] hand=(0.623,0.028) filter=(0.624,0.027) target=(980,513) cursor=(980,513)
[CURSOR-ABS] hand=(0.624,0.026) filter=(0.624,0.027) target=(980,513) cursor=(980,513)
[CURSOR-ABS] hand=(0.624,0.024) filter=(0.624,0.026) target=(980,512) cursor=(980,513)
[CURSOR-ABS] hand=(0.625,0.024) filter=(0.624,0.026) target=(979,511) cursor=(980,512)
[CURSOR-ABS] hand=(0.625,0.026) filter=(0.624,0.026) target=(979,511) cursor=(979,511)
[CURSOR-ABS] hand=(0.623,0.023) filter=(0.624,0.025) target=(979,510) cursor=(979,511)
[CURSOR-ABS] hand=(0.625,0.022) filter=(0.624,0.025) target=(978,509) cursor=(979,510)
[CURSOR-ABS] hand=(0.624,0.028) filter=(0.624,0.025) target=(978,510) cursor=(978,509)
[CURSOR-ABS] hand=(0.624,0.026) filter=(0.624,0.025) target=(978,510) cursor=(978,510)
[CURSOR-ABS] hand=(0.619,0.031) filter=(0.623,0.026) target=(981,513) cursor=(978,510)
[CURSOR-ABS] hand=(0.620,0.030) filter=(0.623,0.027) target=(983,514) cursor=(981,513)
[CURSOR-ABS] hand=(0.607,0.029) filter=(0.620,0.027) target=(994,514) cursor=(983,514)
[CURSOR-ABS] hand=(0.580,0.059) filter=(0.608,0.037) target=(1039,535) cursor=(994,514)
[CURSOR-ABS] hand=(0.571,0.091) filter=(0.602,0.047) target=(1065,556) cursor=(1039,535)
[CURSOR-ABS] hand=(0.561,0.121) filter=(0.594,0.059) target=(1092,584) cursor=(1065,556)
[CURSOR-ABS] hand=(0.533,0.109) filter=(0.584,0.068) target=(1133,603) cursor=(1092,584)
[CURSOR-ABS] hand=(0.508,0.142) filter=(0.570,0.082) target=(1186,632) cursor=(1133,602)
[CURSOR-ABS] hand=(0.484,0.183) filter=(0.555,0.100) target=(1245,671) cursor=(1186,631)
[CURSOR-ABS] hand=(0.457,0.221) filter=(0.536,0.123) target=(1317,722) cursor=(1245,670)
[CURSOR-ABS] hand=(0.426,0.238) filter=(0.516,0.144) target=(1391,766) cursor=(1317,721)
[CURSOR-ABS] hand=(0.404,0.256) filter=(0.495,0.165) target=(1474,812) cursor=(1391,766)
[CURSOR-ABS] hand=(0.381,0.269) filter=(0.474,0.185) target=(1555,854) cursor=(1473,812)
[CURSOR-ABS] hand=(0.367,0.280) filter=(0.453,0.203) target=(1634,894) cursor=(1554,854)
[CURSOR-ABS] hand=(0.357,0.290) filter=(0.435,0.220) target=(1705,930) cursor=(1633,893)
[CURSOR-ABS] hand=(0.353,0.302) filter=(0.420,0.235) target=(1763,963) cursor=(1704,930)
[CURSOR-ABS] hand=(0.351,0.310) filter=(0.407,0.249) target=(1813,993) cursor=(1763,963)
[CURSOR-ABS] hand=(0.351,0.319) filter=(0.396,0.262) target=(1853,1022) cursor=(1813,993)
[CURSOR-ABS] hand=(0.356,0.328) filter=(0.389,0.274) target=(1882,1048) cursor=(1853,1022)
[CURSOR-ABS] hand=(0.361,0.335) filter=(0.384,0.286) target=(1902,1073) cursor=(1882,1048)
[CURSOR-ABS] hand=(0.370,0.341) filter=(0.381,0.296) target=(1911,1080) cursor=(1902,1073)
[CURSOR-ABS] hand=(0.380,0.345) filter=(0.381,0.305) target=(1912,1080) cursor=(1911,1080)
[CURSOR-ABS] hand=(0.392,0.345) filter=(0.383,0.312) target=(1904,1080) cursor=(1912,1080)
[CURSOR-ABS] hand=(0.404,0.341) filter=(0.386,0.318) target=(1890,1080) cursor=(1904,1080)
[CURSOR-ABS] hand=(0.421,0.336) filter=(0.393,0.321) target=(1867,1080) cursor=(1891,1080)
[CURSOR-ABS] hand=(0.441,0.333) filter=(0.401,0.323) target=(1836,1080) cursor=(1867,1080)
[CURSOR-ABS] hand=(0.465,0.328) filter=(0.412,0.324) target=(1793,1080) cursor=(1836,1080)
[CURSOR-ABS] hand=(0.490,0.318) filter=(0.426,0.323) target=(1740,1080) cursor=(1794,1080)
[CURSOR-ABS] hand=(0.520,0.314) filter=(0.443,0.322) target=(1674,1080) cursor=(1740,1080)
[CURSOR-ABS] hand=(0.550,0.306) filter=(0.463,0.319) target=(1598,1080) cursor=(1674,1080)
[CURSOR-ABS] hand=(0.576,0.301) filter=(0.484,0.316) target=(1518,1080) cursor=(1598,1080)
[CURSOR-ABS] hand=(0.603,0.293) filter=(0.506,0.312) target=(1433,1080) cursor=(1518,1080)
[CURSOR-ABS] hand=(0.631,0.282) filter=(0.529,0.307) target=(1342,1080) cursor=(1433,1080)
[CURSOR-ABS] hand=(0.653,0.276) filter=(0.553,0.301) target=(1251,1080) cursor=(1342,1080)
[CURSOR-ABS] hand=(0.671,0.259) filter=(0.576,0.294) target=(1162,1080) cursor=(1251,1080)
[CURSOR-ABS] hand=(0.689,0.254) filter=(0.598,0.287) target=(1079,1075) cursor=(1162,1080)
[CURSOR-ABS] hand=(0.701,0.251) filter=(0.617,0.281) target=(1004,1062) cursor=(1080,1075)
[CURSOR-ABS] hand=(0.710,0.248) filter=(0.635,0.275) target=(936,1049) cursor=(1005,1062)
[CURSOR-ABS] hand=(0.720,0.247) filter=(0.651,0.270) target=(874,1038) cursor=(936,1049)
[CURSOR-ABS] hand=(0.731,0.248) filter=(0.667,0.266) target=(813,1029) cursor=(874,1038)
[CURSOR-ABS] hand=(0.739,0.234) filter=(0.689,0.256) target=(728,1009) cursor=(813,1029)
[CURSOR-ABS] hand=(0.746,0.218) filter=(0.700,0.250) target=(687,995) cursor=(728,1009)
[CURSOR-ABS] hand=(0.755,0.190) filter=(0.710,0.239) target=(648,972) cursor=(688,995)
[CURSOR-ABS] hand=(0.768,0.176) filter=(0.721,0.228) target=(607,947) cursor=(649,972)
[CURSOR-ABS] hand=(0.783,0.107) filter=(0.740,0.191) target=(534,868) cursor=(607,947)
[CURSOR-ABS] hand=(0.494,0.308) filter=(0.494,0.308) target=(704,710) cursor=(534,868)
[CURSOR-ABS] hand=(0.508,0.310) filter=(0.496,0.308) target=(694,711) cursor=(703,711)
[CURSOR-ABS] hand=(0.522,0.301) filter=(0.501,0.307) target=(677,708) cursor=(694,711)
[CURSOR-ABS] hand=(0.532,0.282) filter=(0.506,0.302) target=(656,699) cursor=(677,708)
[CURSOR-ABS] hand=(0.527,0.254) filter=(0.512,0.288) target=(633,668) cursor=(656,699)
[CURSOR-ABS] hand=(0.502,0.194) filter=(0.511,0.271) target=(639,632) cursor=(633,668)
[CURSOR-ABS] hand=(0.467,0.115) filter=(0.503,0.243) target=(668,571) cursor=(639,632)
[CURSOR-ABS] hand=(0.424,0.106) filter=(0.489,0.217) target=(722,515) cursor=(668,571)
[CURSOR-ABS] hand=(0.531,0.438) filter=(0.531,0.438) target=(339,722) cursor=(722,515)
[CURSOR-ABS] hand=(0.558,0.442) filter=(0.536,0.439) target=(321,723) cursor=(341,721)
[CURSOR-ABS] hand=(0.581,0.441) filter=(0.544,0.439) target=(290,724) cursor=(321,723)
[CURSOR-ABS] hand=(0.601,0.436) filter=(0.554,0.439) target=(251,722) cursor=(290,724)
[CURSOR-ABS] hand=(0.622,0.429) filter=(0.566,0.437) target=(204,719) cursor=(251,722)
[CURSOR-ABS] hand=(0.643,0.417) filter=(0.580,0.434) target=(152,712) cursor=(205,719)
[CURSOR-ABS] hand=(0.662,0.399) filter=(0.595,0.428) target=(94,698) cursor=(152,712)
[CURSOR-ABS] hand=(0.678,0.382) filter=(0.610,0.420) target=(35,681) cursor=(95,699)
[CURSOR-ABS] hand=(0.689,0.353) filter=(0.625,0.407) target=(0,655) cursor=(36,681)
[CURSOR-ABS] hand=(0.696,0.323) filter=(0.638,0.392) target=(0,623) cursor=(1,655)
[CURSOR-ABS] hand=(0.698,0.295) filter=(0.649,0.375) target=(0,585) cursor=(0,623)
[CURSOR-ABS] hand=(0.696,0.267) filter=(0.657,0.355) target=(0,542) cursor=(0,585)
[CURSOR-ABS] hand=(0.689,0.226) filter=(0.663,0.331) target=(0,489) cursor=(0,542)
[CURSOR-ABS] hand=(0.671,0.203) filter=(0.665,0.306) target=(0,435) cursor=(0,490)
[CURSOR-ABS] hand=(0.650,0.186) filter=(0.662,0.284) target=(0,388) cursor=(0,435)
[CURSOR-ABS] hand=(0.633,0.185) filter=(0.657,0.265) target=(0,346) cursor=(0,388)
[CURSOR-ABS] hand=(0.617,0.189) filter=(0.650,0.250) target=(0,316) cursor=(0,347)
[CURSOR-ABS] hand=(0.596,0.186) filter=(0.641,0.238) target=(0,289) cursor=(0,316)
[CURSOR-ABS] hand=(0.573,0.190) filter=(0.629,0.229) target=(0,269) cursor=(0,289)
[CURSOR-ABS] hand=(0.550,0.194) filter=(0.615,0.223) target=(15,256) cursor=(0,269)
[CURSOR-ABS] hand=(0.523,0.194) filter=(0.599,0.218) target=(79,245) cursor=(15,256)
[CURSOR-ABS] hand=(0.497,0.205) filter=(0.580,0.215) target=(151,240) cursor=(78,245)
[CURSOR-ABS] hand=(0.471,0.208) filter=(0.560,0.214) target=(228,237) cursor=(150,240)
[CURSOR-ABS] hand=(0.442,0.211) filter=(0.537,0.213) target=(316,235) cursor=(228,237)
[CURSOR-ABS] hand=(0.417,0.217) filter=(0.515,0.214) target=(399,237) cursor=(315,235)
[CURSOR-ABS] hand=(0.388,0.230) filter=(0.491,0.217) target=(494,243) cursor=(399,237)
[CURSOR-ABS] hand=(0.362,0.235) filter=(0.466,0.220) target=(588,249) cursor=(493,243)
[CURSOR-ABS] hand=(0.344,0.234) filter=(0.442,0.222) target=(679,255) cursor=(588,249)
[CURSOR-ABS] hand=(0.323,0.236) filter=(0.419,0.225) target=(769,260) cursor=(679,255)
[CURSOR-ABS] hand=(0.304,0.243) filter=(0.397,0.228) target=(853,267) cursor=(769,260)
[CURSOR-ABS] hand=(0.284,0.249) filter=(0.375,0.231) target=(939,274) cursor=(853,267)
[CURSOR-ABS] hand=(0.265,0.256) filter=(0.354,0.235) target=(1019,283) cursor=(938,274)
[CURSOR-ABS] hand=(0.250,0.263) filter=(0.334,0.240) target=(1096,294) cursor=(1019,283)
[CURSOR-ABS] hand=(0.237,0.276) filter=(0.315,0.247) target=(1170,308) cursor=(1096,294)
[CURSOR-ABS] hand=(0.228,0.285) filter=(0.298,0.253) target=(1232,322) cursor=(1169,308)
[CURSOR-ABS] hand=(0.223,0.297) filter=(0.284,0.261) target=(1288,339) cursor=(1232,322)
[CURSOR-ABS] hand=(0.219,0.311) filter=(0.272,0.270) target=(1335,357) cursor=(1287,338)
[CURSOR-ABS] hand=(0.217,0.331) filter=(0.261,0.281) target=(1374,381) cursor=(1334,357)
[CURSOR-ABS] hand=(0.222,0.348) filter=(0.254,0.293) target=(1403,408) cursor=(1374,381)
[CURSOR-ABS] hand=(0.225,0.367) filter=(0.249,0.306) target=(1423,436) cursor=(1403,408)
[CURSOR-ABS] hand=(0.233,0.388) filter=(0.246,0.321) target=(1434,468) cursor=(1423,436)
[CURSOR-ABS] hand=(0.243,0.400) filter=(0.245,0.335) target=(1436,499) cursor=(1434,468)
[CURSOR-ABS] hand=(0.257,0.422) filter=(0.247,0.351) target=(1427,534) cursor=(1436,499)
[CURSOR-ABS] hand=(0.274,0.443) filter=(0.252,0.369) target=(1409,571) cursor=(1427,533)
[CURSOR-ABS] hand=(0.294,0.453) filter=(0.259,0.384) target=(1383,604) cursor=(1409,571)
[CURSOR-ABS] hand=(0.313,0.461) filter=(0.268,0.398) target=(1347,635) cursor=(1383,604)
[CURSOR-ABS] hand=(0.330,0.470) filter=(0.279,0.412) target=(1305,664) cursor=(1347,635)
[CURSOR-ABS] hand=(0.352,0.477) filter=(0.292,0.424) target=(1256,690) cursor=(1306,664)
[CURSOR-ABS] hand=(0.374,0.477) filter=(0.307,0.434) target=(1199,712) cursor=(1256,690)
[CURSOR-ABS] hand=(0.401,0.476) filter=(0.324,0.441) target=(1134,728) cursor=(1199,712)
[CURSOR-ABS] hand=(0.428,0.469) filter=(0.343,0.447) target=(1060,739) cursor=(1135,728)
[CURSOR-ABS] hand=(0.456,0.466) filter=(0.364,0.450) target=(978,747) cursor=(1061,739)
[CURSOR-ABS] hand=(0.486,0.455) filter=(0.387,0.451) target=(893,749) cursor=(979,747)
[CURSOR-ABS] hand=(0.516,0.451) filter=(0.412,0.451) target=(796,749) cursor=(893,749)
[CURSOR-ABS] hand=(0.549,0.446) filter=(0.438,0.450) target=(697,747) cursor=(796,749)
[CURSOR-ABS] hand=(0.575,0.438) filter=(0.465,0.448) target=(593,743) cursor=(698,747)
[CURSOR-ABS] hand=(0.606,0.434) filter=(0.510,0.444) target=(421,734) cursor=(593,743)
[CURSOR-ABS] hand=(0.637,0.432) filter=(0.534,0.442) target=(327,729) cursor=(423,734)
[CURSOR-ABS] hand=(0.671,0.422) filter=(0.562,0.438) target=(221,722) cursor=(327,729)
[CURSOR-ABS] hand=(0.696,0.402) filter=(0.587,0.432) target=(123,709) cursor=(223,722)
[CURSOR-ABS] hand=(0.719,0.405) filter=(0.613,0.428) target=(24,698) cursor=(124,709)
[CURSOR-ABS] hand=(0.743,0.403) filter=(0.638,0.423) target=(0,689) cursor=(25,698)
[CURSOR-ABS] hand=(0.769,0.390) filter=(0.664,0.418) target=(0,677) cursor=(0,689)
[CURSOR-ABS] hand=(0.794,0.384) filter=(0.690,0.412) target=(0,664) cursor=(0,677)
[CURSOR-ABS] hand=(0.805,0.373) filter=(0.712,0.405) target=(0,649) cursor=(0,664)
[CURSOR-ABS] hand=(0.823,0.361) filter=(0.734,0.397) target=(0,633) cursor=(0,649)
[CURSOR-ABS] hand=(0.834,0.357) filter=(0.753,0.390) target=(0,617) cursor=(0,633)
[CURSOR-ABS] hand=(0.842,0.355) filter=(0.770,0.384) target=(0,604) cursor=(0,617)
[CURSOR-ABS] hand=(0.845,0.347) filter=(0.785,0.377) target=(0,589) cursor=(0,604)
[CURSOR-ABS] hand=(0.844,0.348) filter=(0.796,0.372) target=(0,578) cursor=(0,590)
[CURSOR-ABS] hand=(0.843,0.347) filter=(0.805,0.368) target=(0,569) cursor=(0,578)
[CURSOR-ABS] hand=(0.833,0.349) filter=(0.810,0.364) target=(0,562) cursor=(0,569)
[CURSOR-ABS] hand=(0.828,0.346) filter=(0.813,0.361) target=(0,555) cursor=(0,562)
[CURSOR-ABS] hand=(0.823,0.340) filter=(0.815,0.357) target=(0,547) cursor=(0,555)
[CURSOR-ABS] hand=(0.816,0.343) filter=(0.815,0.355) target=(0,542) cursor=(0,547)
[CURSOR-ABS] hand=(0.808,0.345) filter=(0.814,0.353) target=(0,538) cursor=(0,542)
[CURSOR-ABS] hand=(0.797,0.351) filter=(0.811,0.353) target=(0,537) cursor=(0,538)
[CURSOR-ABS] hand=(0.789,0.354) filter=(0.807,0.353) target=(0,537) cursor=(0,537)
[CURSOR-ABS] hand=(0.785,0.352) filter=(0.803,0.353) target=(0,537) cursor=(0,537)
[CURSOR-ABS] hand=(0.772,0.354) filter=(0.798,0.353) target=(0,537) cursor=(0,537)
[CURSOR-ABS] hand=(0.756,0.354) filter=(0.791,0.353) target=(0,538) cursor=(0,537)
[CURSOR-ABS] hand=(0.743,0.346) filter=(0.782,0.352) target=(0,535) cursor=(0,538)
[CURSOR-ABS] hand=(0.735,0.348) filter=(0.774,0.351) target=(0,534) cursor=(0,535)
[CURSOR-ABS] hand=(0.726,0.335) filter=(0.765,0.349) target=(0,528) cursor=(0,534)
[CURSOR-ABS] hand=(0.713,0.326) filter=(0.756,0.345) target=(0,520) cursor=(0,528)
[CURSOR-ABS] hand=(0.706,0.323) filter=(0.747,0.341) target=(0,511) cursor=(0,520)
[CURSOR-ABS] hand=(0.695,0.324) filter=(0.738,0.338) target=(0,505) cursor=(0,512)
[CURSOR-ABS] hand=(0.684,0.329) filter=(0.728,0.336) target=(0,502) cursor=(0,505)
[CURSOR-ABS] hand=(0.675,0.333) filter=(0.718,0.336) target=(0,500) cursor=(0,502)
[CURSOR-ABS] hand=(0.664,0.346) filter=(0.709,0.338) target=(0,504) cursor=(0,500)
[CURSOR-ABS] hand=(0.657,0.354) filter=(0.699,0.341) target=(0,510) cursor=(0,504)
[CURSOR-ABS] hand=(0.645,0.363) filter=(0.690,0.344) target=(0,519) cursor=(0,510)
[CURSOR-ABS] hand=(0.635,0.364) filter=(0.680,0.348) target=(0,526) cursor=(0,518)
[CURSOR-ABS] hand=(0.624,0.365) filter=(0.669,0.351) target=(0,533) cursor=(0,526)
[CURSOR-ABS] hand=(0.616,0.367) filter=(0.660,0.354) target=(0,539) cursor=(0,533)
[CURSOR-ABS] hand=(0.610,0.368) filter=(0.651,0.356) target=(0,544) cursor=(0,539)
[CURSOR-ABS] hand=(0.605,0.369) filter=(0.643,0.358) target=(0,549) cursor=(0,544)
[CURSOR-ABS] hand=(0.603,0.371) filter=(0.635,0.361) target=(0,554) cursor=(0,549)
[CURSOR-ABS] hand=(0.599,0.372) filter=(0.629,0.363) target=(0,558) cursor=(0,554)
[CURSOR-ABS] hand=(0.596,0.374) filter=(0.623,0.365) target=(0,562) cursor=(0,558)
[CURSOR-ABS] hand=(0.592,0.377) filter=(0.617,0.367) target=(7,567) cursor=(0,562)
[CURSOR-ABS] hand=(0.591,0.378) filter=(0.613,0.369) target=(25,571) cursor=(7,567)
[CURSOR-ABS] hand=(0.590,0.377) filter=(0.609,0.370) target=(41,574) cursor=(25,571)
[CURSOR-ABS] hand=(0.590,0.376) filter=(0.605,0.371) target=(54,576) cursor=(41,574)
[CURSOR-ABS] hand=(0.592,0.376) filter=(0.603,0.372) target=(62,578) cursor=(54,576)
[CURSOR-ABS] hand=(0.599,0.375) filter=(0.602,0.373) target=(65,579) cursor=(62,578)
[CURSOR-ABS] hand=(0.606,0.379) filter=(0.603,0.374) target=(63,582) cursor=(65,579)
[CURSOR-ABS] hand=(0.616,0.382) filter=(0.605,0.375) target=(54,585) cursor=(63,582)
[CURSOR-ABS] hand=(0.624,0.384) filter=(0.608,0.377) target=(41,588) cursor=(54,585)
[CURSOR-ABS] hand=(0.630,0.390) filter=(0.612,0.379) target=(27,593) cursor=(42,588)
[CURSOR-ABS] hand=(0.634,0.398) filter=(0.616,0.382) target=(13,600) cursor=(27,593)
[CURSOR-ABS] hand=(0.636,0.410) filter=(0.619,0.387) target=(0,611) cursor=(13,600)
[CURSOR-ABS] hand=(0.634,0.423) filter=(0.622,0.393) target=(0,625) cursor=(0,611)
[CURSOR-ABS] hand=(0.635,0.430) filter=(0.624,0.400) target=(0,639) cursor=(0,624)
[CURSOR-ABS] hand=(0.633,0.434) filter=(0.626,0.406) target=(0,652) cursor=(0,639)
[CURSOR-ABS] hand=(0.632,0.434) filter=(0.627,0.411) target=(0,662) cursor=(0,651)
[CURSOR-ABS] hand=(0.636,0.431) filter=(0.628,0.414) target=(0,670) cursor=(0,662)
[CURSOR-ABS] hand=(0.641,0.423) filter=(0.632,0.417) target=(0,676) cursor=(0,670)
[CURSOR-ABS] hand=(0.648,0.416) filter=(0.635,0.417) target=(0,675) cursor=(0,676)
[CURSOR-ABS] hand=(0.657,0.408) filter=(0.639,0.415) target=(0,672) cursor=(0,675)
[CURSOR-ABS] hand=(0.665,0.389) filter=(0.643,0.411) target=(0,662) cursor=(0,672)
[CURSOR-ABS] hand=(0.670,0.384) filter=(0.648,0.406) target=(0,652) cursor=(0,662)
[CURSOR-ABS] hand=(0.672,0.382) filter=(0.652,0.402) target=(0,643) cursor=(0,652)
[CURSOR-ABS] hand=(0.675,0.379) filter=(0.656,0.398) target=(0,634) cursor=(0,643)
[CURSOR-ABS] hand=(0.676,0.377) filter=(0.660,0.394) target=(0,627) cursor=(0,634)
[CURSOR-ABS] hand=(0.676,0.383) filter=(0.663,0.392) target=(0,622) cursor=(0,627)
[CURSOR-ABS] hand=(0.672,0.382) filter=(0.664,0.391) target=(0,618) cursor=(0,622)
[CURSOR-ABS] hand=(0.671,0.385) filter=(0.665,0.390) target=(0,616) cursor=(0,618)
[CURSOR-ABS] hand=(0.666,0.392) filter=(0.665,0.390) target=(0,617) cursor=(0,616)
[CURSOR-ABS] hand=(0.662,0.396) filter=(0.665,0.391) target=(0,619) cursor=(0,617)
[CURSOR-ABS] hand=(0.657,0.404) filter=(0.664,0.393) target=(0,624) cursor=(0,619)
[CURSOR-ABS] hand=(0.651,0.408) filter=(0.661,0.396) target=(0,630) cursor=(0,624)
[CURSOR-ABS] hand=(0.647,0.411) filter=(0.659,0.398) target=(0,635) cursor=(0,630)
[CURSOR-ABS] hand=(0.640,0.414) filter=(0.656,0.401) target=(0,641) cursor=(0,635)
[CURSOR-ABS] hand=(0.636,0.416) filter=(0.652,0.404) target=(0,647) cursor=(0,641)
[CURSOR-ABS] hand=(0.630,0.418) filter=(0.648,0.406) target=(0,652) cursor=(0,647)
[CURSOR-ABS] hand=(0.625,0.424) filter=(0.644,0.409) target=(0,659) cursor=(0,652)
[CURSOR-ABS] hand=(0.619,0.429) filter=(0.640,0.413) target=(0,666) cursor=(0,659)
[CURSOR-ABS] hand=(0.615,0.432) filter=(0.635,0.416) target=(0,673) cursor=(0,666)
[CURSOR-ABS] hand=(0.610,0.434) filter=(0.631,0.419) target=(0,680) cursor=(0,673)
[CURSOR-ABS] hand=(0.607,0.437) filter=(0.627,0.422) target=(0,687) cursor=(0,680)
[CURSOR-ABS] hand=(0.605,0.438) filter=(0.623,0.425) target=(0,693) cursor=(0,687)
[CURSOR-ABS] hand=(0.603,0.440) filter=(0.620,0.428) target=(0,698) cursor=(0,693)
[CURSOR-ABS] hand=(0.602,0.440) filter=(0.616,0.430) target=(11,703) cursor=(0,698)
[CURSOR-ABS] hand=(0.599,0.438) filter=(0.613,0.431) target=(22,706) cursor=(10,703)
[CURSOR-ABS] hand=(0.595,0.438) filter=(0.610,0.432) target=(34,709) cursor=(22,706)
[CURSOR-ABS] hand=(0.593,0.441) filter=(0.607,0.434) target=(46,712) cursor=(34,709)
[CURSOR-ABS] hand=(0.591,0.439) filter=(0.604,0.435) target=(57,714) cursor=(46,712)
[CURSOR-ABS] hand=(0.590,0.439) filter=(0.602,0.436) target=(67,716) cursor=(57,714)
[CURSOR-ABS] hand=(0.589,0.438) filter=(0.600,0.436) target=(75,716) cursor=(67,716)
[CURSOR-ABS] hand=(0.588,0.437) filter=(0.598,0.436) target=(83,717) cursor=(75,716)
[CURSOR-ABS] hand=(0.587,0.438) filter=(0.596,0.436) target=(90,717) cursor=(83,717)
[CURSOR-ABS] hand=(0.587,0.439) filter=(0.594,0.437) target=(96,718) cursor=(90,717)
[CURSOR-ABS] hand=(0.586,0.441) filter=(0.593,0.438) target=(102,720) cursor=(96,718)
[CURSOR-ABS] hand=(0.587,0.441) filter=(0.592,0.438) target=(106,721) cursor=(102,720)
[CURSOR-ABS] hand=(0.587,0.440) filter=(0.591,0.438) target=(109,722) cursor=(106,721)
[CURSOR-ABS] hand=(0.590,0.443) filter=(0.591,0.439) target=(110,723) cursor=(109,722)
[CURSOR-ABS] hand=(0.594,0.443) filter=(0.591,0.440) target=(107,725) cursor=(109,723)
[CURSOR-ABS] hand=(0.598,0.441) filter=(0.592,0.440) target=(103,725) cursor=(107,725)
[CURSOR-ABS] hand=(0.603,0.444) filter=(0.594,0.441) target=(96,727) cursor=(103,725)
[CURSOR-ABS] hand=(0.606,0.445) filter=(0.596,0.441) target=(88,728) cursor=(96,727)
[CURSOR-ABS] hand=(0.610,0.443) filter=(0.599,0.442) target=(79,729) cursor=(88,728)
[CURSOR-ABS] hand=(0.614,0.440) filter=(0.601,0.441) target=(69,728) cursor=(79,729)
[CURSOR-ABS] hand=(0.619,0.441) filter=(0.604,0.441) target=(57,728) cursor=(69,728)
[CURSOR-ABS] hand=(0.623,0.440) filter=(0.608,0.441) target=(44,727) cursor=(57,728)
[CURSOR-ABS] hand=(0.625,0.437) filter=(0.611,0.440) target=(32,726) cursor=(44,727)
[CURSOR-ABS] hand=(0.629,0.437) filter=(0.614,0.440) target=(20,725) cursor=(33,726)
[CURSOR-ABS] hand=(0.630,0.436) filter=(0.617,0.439) target=(10,723) cursor=(21,725)
[CURSOR-ABS] hand=(0.630,0.436) filter=(0.619,0.439) target=(0,722) cursor=(10,723)
[CURSOR-ABS] hand=(0.630,0.436) filter=(0.621,0.438) target=(0,721) cursor=(0,722)
[CURSOR-ABS] hand=(0.627,0.438) filter=(0.622,0.438) target=(0,721) cursor=(0,721)
[CURSOR-ABS] hand=(0.627,0.436) filter=(0.623,0.438) target=(0,720) cursor=(0,721)
[CURSOR-ABS] hand=(0.628,0.436) filter=(0.624,0.437) target=(0,720) cursor=(0,720)
[CURSOR-ABS] hand=(0.629,0.434) filter=(0.625,0.437) target=(0,718) cursor=(0,720)
[CURSOR-ABS] hand=(0.631,0.433) filter=(0.626,0.436) target=(0,717) cursor=(0,718)
[CURSOR-ABS] hand=(0.630,0.433) filter=(0.626,0.436) target=(0,716) cursor=(0,717)
[CURSOR-ABS] hand=(0.628,0.436) filter=(0.627,0.436) target=(0,716) cursor=(0,716)
[CURSOR-ABS] hand=(0.628,0.436) filter=(0.627,0.436) target=(0,716) cursor=(0,716)
[CURSOR-ABS] hand=(0.628,0.436) filter=(0.627,0.436) target=(0,716) cursor=(0,716)
[CURSOR-ABS] hand=(0.626,0.439) filter=(0.627,0.436) target=(0,717) cursor=(0,716)
[CURSOR-ABS] hand=(0.625,0.439) filter=(0.627,0.437) target=(0,718) cursor=(0,717)
[CURSOR-ABS] hand=(0.622,0.440) filter=(0.626,0.438) target=(0,720) cursor=(0,718)
[CURSOR-ABS] hand=(0.619,0.440) filter=(0.625,0.438) target=(0,721) cursor=(0,720)
[CURSOR-ABS] hand=(0.616,0.439) filter=(0.623,0.438) target=(0,721) cursor=(0,721)
[CURSOR-ABS] hand=(0.613,0.442) filter=(0.622,0.439) target=(0,723) cursor=(0,721)
[CURSOR-ABS] hand=(0.609,0.442) filter=(0.619,0.439) target=(0,724) cursor=(0,723)
[CURSOR-ABS] hand=(0.605,0.440) filter=(0.617,0.439) target=(8,724) cursor=(0,724)
[CURSOR-ABS] hand=(0.602,0.441) filter=(0.614,0.440) target=(18,725) cursor=(8,724)
[CURSOR-ABS] hand=(0.598,0.440) filter=(0.612,0.440) target=(29,725) cursor=(18,725)
[CURSOR-ABS] hand=(0.597,0.440) filter=(0.609,0.440) target=(39,725) cursor=(29,725)
[CURSOR-ABS] hand=(0.595,0.440) filter=(0.607,0.440) target=(48,725) cursor=(39,725)
[CURSOR-ABS] hand=(0.596,0.444) filter=(0.605,0.440) target=(55,726) cursor=(48,725)
[CURSOR-ABS] hand=(0.595,0.445) filter=(0.603,0.441) target=(62,728) cursor=(55,726)
[CURSOR-ABS] hand=(0.594,0.445) filter=(0.601,0.442) target=(68,729) cursor=(62,728)
[CURSOR-ABS] hand=(0.594,0.445) filter=(0.600,0.442) target=(73,730) cursor=(68,729)
[CURSOR-ABS] hand=(0.594,0.445) filter=(0.599,0.443) target=(77,732) cursor=(73,730)
[CURSOR-ABS] hand=(0.592,0.443) filter=(0.598,0.443) target=(82,731) cursor=(77,732)
[CURSOR-ABS] hand=(0.592,0.441) filter=(0.597,0.443) target=(86,731) cursor=(82,731)
[CURSOR-ABS] hand=(0.592,0.442) filter=(0.596,0.443) target=(89,731) cursor=(86,731)
[CURSOR-ABS] hand=(0.595,0.441) filter=(0.596,0.442) target=(89,730) cursor=(89,731)
[CURSOR-ABS] hand=(0.598,0.443) filter=(0.596,0.442) target=(88,730) cursor=(89,730)
[CURSOR-ABS] hand=(0.604,0.444) filter=(0.598,0.443) target=(82,731) cursor=(88,730)
[CURSOR-ABS] hand=(0.607,0.442) filter=(0.599,0.443) target=(76,731) cursor=(82,731)
[CURSOR-ABS] hand=(0.613,0.444) filter=(0.602,0.443) target=(67,731) cursor=(76,731)
[CURSOR-ABS] hand=(0.615,0.441) filter=(0.604,0.442) target=(58,730) cursor=(67,731)
[CURSOR-ABS] hand=(0.617,0.438) filter=(0.606,0.442) target=(49,729) cursor=(58,730)
[CURSOR-ABS] hand=(0.618,0.439) filter=(0.608,0.441) target=(42,728) cursor=(49,729)
[CURSOR-ABS] hand=(0.619,0.438) filter=(0.610,0.441) target=(34,726) cursor=(42,728)
[CURSOR-ABS] hand=(0.617,0.435) filter=(0.611,0.440) target=(30,724) cursor=(34,726)
[CURSOR-ABS] hand=(0.614,0.437) filter=(0.612,0.439) target=(28,724) cursor=(30,724)
[CURSOR-ABS] hand=(0.611,0.438) filter=(0.612,0.439) target=(28,723) cursor=(28,724)
[CURSOR-ABS] hand=(0.609,0.439) filter=(0.611,0.439) target=(30,723) cursor=(28,723)
[CURSOR-ABS] hand=(0.605,0.437) filter=(0.610,0.439) target=(34,722) cursor=(30,723)
[CURSOR-ABS] hand=(0.603,0.441) filter=(0.609,0.439) target=(39,723) cursor=(34,722)
[CURSOR-ABS] hand=(0.601,0.440) filter=(0.608,0.439) target=(44,723) cursor=(39,723)
[CURSOR-ABS] hand=(0.599,0.441) filter=(0.606,0.439) target=(50,724) cursor=(44,723)
[CURSOR-ABS] hand=(0.599,0.440) filter=(0.605,0.440) target=(55,724) cursor=(50,724)
[CURSOR-ABS] hand=(0.597,0.440) filter=(0.604,0.440) target=(60,724) cursor=(55,724)
[CURSOR-ABS] hand=(0.597,0.441) filter=(0.602,0.440) target=(64,725) cursor=(60,724)
[CURSOR-ABS] hand=(0.597,0.442) filter=(0.602,0.440) target=(67,725) cursor=(64,725)
[CURSOR-ABS] hand=(0.598,0.444) filter=(0.601,0.441) target=(70,727) cursor=(67,725)
[CURSOR-ABS] hand=(0.602,0.442) filter=(0.601,0.441) target=(69,727) cursor=(70,727)
[CURSOR-ABS] hand=(0.606,0.443) filter=(0.602,0.441) target=(66,728) cursor=(69,727)
[CURSOR-ABS] hand=(0.610,0.440) filter=(0.603,0.441) target=(60,727) cursor=(66,728)
[CURSOR-ABS] hand=(0.613,0.436) filter=(0.605,0.440) target=(54,726) cursor=(60,727)
[CURSOR-ABS] hand=(0.616,0.433) filter=(0.607,0.439) target=(47,723) cursor=(54,726)
[CURSOR-ABS] hand=(0.617,0.429) filter=(0.609,0.437) target=(40,719) cursor=(47,723)
[CURSOR-ABS] hand=(0.618,0.428) filter=(0.610,0.436) target=(34,716) cursor=(41,719)
[CURSOR-ABS] hand=(0.616,0.426) filter=(0.611,0.434) target=(30,712) cursor=(34,716)
[CURSOR-ABS] hand=(0.612,0.425) filter=(0.611,0.432) target=(30,709) cursor=(30,712)
[CURSOR-ABS] hand=(0.607,0.423) filter=(0.611,0.431) target=(33,705) cursor=(30,709)
[CURSOR-ABS] hand=(0.604,0.425) filter=(0.609,0.430) target=(37,703) cursor=(33,705)
[CURSOR-ABS] hand=(0.601,0.421) filter=(0.608,0.428) target=(43,700) cursor=(37,703)
[CURSOR-ABS] hand=(0.597,0.423) filter=(0.606,0.427) target=(51,698) cursor=(43,700)
[CURSOR-ABS] hand=(0.596,0.424) filter=(0.604,0.427) target=(57,696) cursor=(51,698)
[CURSOR-ABS] hand=(0.595,0.428) filter=(0.603,0.427) target=(63,697) cursor=(57,696)
[CURSOR-ABS] hand=(0.597,0.428) filter=(0.602,0.427) target=(67,697) cursor=(63,697)
[CURSOR-ABS] hand=(0.599,0.429) filter=(0.601,0.427) target=(69,698) cursor=(67,697)
[CURSOR-ABS] hand=(0.604,0.433) filter=(0.602,0.428) target=(67,700) cursor=(69,698)
[CURSOR-ABS] hand=(0.608,0.434) filter=(0.603,0.429) target=(63,702) cursor=(67,700)
[CURSOR-ABS] hand=(0.612,0.435) filter=(0.604,0.430) target=(57,705) cursor=(63,702)
[CURSOR-ABS] hand=(0.618,0.433) filter=(0.607,0.431) target=(48,706) cursor=(57,705)
[CURSOR-ABS] hand=(0.623,0.431) filter=(0.611,0.431) target=(30,706) cursor=(48,706)
[CURSOR-ABS] hand=(0.627,0.427) filter=(0.614,0.430) target=(19,704) cursor=(30,706)
[CURSOR-ABS] hand=(0.633,0.418) filter=(0.617,0.428) target=(7,700) cursor=(19,704)
[CURSOR-ABS] hand=(0.635,0.414) filter=(0.620,0.426) target=(0,694) cursor=(7,700)
[CURSOR-ABS] hand=(0.634,0.407) filter=(0.623,0.423) target=(0,688) cursor=(0,695)
[CURSOR-ABS] hand=(0.633,0.405) filter=(0.625,0.420) target=(0,681) cursor=(0,688)
[CURSOR-ABS] hand=(0.630,0.400) filter=(0.626,0.416) target=(0,673) cursor=(0,681)
[CURSOR-ABS] hand=(0.629,0.397) filter=(0.626,0.413) target=(0,666) cursor=(0,673)
[CURSOR-ABS] hand=(0.624,0.394) filter=(0.626,0.410) target=(0,659) cursor=(0,666)
[CURSOR-ABS] hand=(0.619,0.392) filter=(0.624,0.406) target=(0,653) cursor=(0,659)
[CURSOR-ABS] hand=(0.614,0.389) filter=(0.623,0.403) target=(0,646) cursor=(0,653)
[CURSOR-ABS] hand=(0.608,0.390) filter=(0.620,0.401) target=(0,641) cursor=(0,646)
[CURSOR-ABS] hand=(0.603,0.392) filter=(0.617,0.400) target=(8,638) cursor=(0,641)
[CURSOR-ABS] hand=(0.597,0.395) filter=(0.614,0.399) target=(22,636) cursor=(8,638)
[CURSOR-ABS] hand=(0.593,0.400) filter=(0.610,0.399) target=(35,637) cursor=(22,636)
[CURSOR-ABS] hand=(0.587,0.405) filter=(0.606,0.400) target=(50,639) cursor=(35,637)
[CURSOR-ABS] hand=(0.582,0.415) filter=(0.602,0.403) target=(67,645) cursor=(50,639)
[CURSOR-ABS] hand=(0.578,0.424) filter=(0.598,0.406) target=(82,652) cursor=(67,645)
[CURSOR-ABS] hand=(0.576,0.432) filter=(0.594,0.411) target=(97,662) cursor=(82,652)
[CURSOR-ABS] hand=(0.574,0.438) filter=(0.590,0.416) target=(110,672) cursor=(97,662)
[CURSOR-ABS] hand=(0.575,0.447) filter=(0.588,0.421) target=(121,684) cursor=(110,672)
[CURSOR-ABS] hand=(0.575,0.453) filter=(0.586,0.427) target=(129,696) cursor=(121,684)
[CURSOR-ABS] hand=(0.579,0.456) filter=(0.584,0.432) target=(134,707) cursor=(129,696)
[CURSOR-ABS] hand=(0.583,0.459) filter=(0.584,0.437) target=(135,718) cursor=(134,707)
[CURSOR-ABS] hand=(0.588,0.460) filter=(0.585,0.441) target=(132,726) cursor=(135,717)
[CURSOR-ABS] hand=(0.594,0.462) filter=(0.586,0.444) target=(126,734) cursor=(132,726)
[CURSOR-ABS] hand=(0.599,0.461) filter=(0.589,0.447) target=(117,741) cursor=(126,734)
[CURSOR-ABS] hand=(0.604,0.459) filter=(0.591,0.449) target=(107,745) cursor=(117,741)
[CURSOR-ABS] hand=(0.609,0.455) filter=(0.594,0.450) target=(96,747) cursor=(108,745)
[CURSOR-ABS] hand=(0.614,0.449) filter=(0.598,0.450) target=(82,747) cursor=(96,747)
[CURSOR-ABS] hand=(0.619,0.437) filter=(0.601,0.448) target=(69,742) cursor=(82,747)
[CURSOR-ABS] hand=(0.620,0.429) filter=(0.605,0.444) target=(56,735) cursor=(69,742)
[CURSOR-ABS] hand=(0.622,0.415) filter=(0.607,0.440) target=(45,724) cursor=(56,735)
[CURSOR-ABS] hand=(0.619,0.401) filter=(0.610,0.433) target=(37,709) cursor=(45,724)
[CURSOR-ABS] hand=(0.617,0.389) filter=(0.611,0.425) target=(32,693) cursor=(37,709)
[CURSOR-ABS] hand=(0.613,0.379) filter=(0.611,0.417) target=(31,676) cursor=(32,693)
[CURSOR-ABS] hand=(0.606,0.372) filter=(0.610,0.409) target=(35,658) cursor=(31,676)
[CURSOR-ABS] hand=(0.600,0.367) filter=(0.608,0.402) target=(41,642) cursor=(35,658)
[CURSOR-ABS] hand=(0.593,0.366) filter=(0.606,0.395) target=(51,629) cursor=(41,642)
[CURSOR-ABS] hand=(0.586,0.367) filter=(0.602,0.390) target=(64,618) cursor=(51,629)
[CURSOR-ABS] hand=(0.578,0.369) filter=(0.598,0.386) target=(80,609) cursor=(64,618)
[CURSOR-ABS] hand=(0.570,0.374) filter=(0.593,0.384) target=(99,605) cursor=(80,610)
[CURSOR-ABS] hand=(0.562,0.383) filter=(0.588,0.384) target=(119,604) cursor=(99,605)
[CURSOR-ABS] hand=(0.554,0.386) filter=(0.582,0.384) target=(142,605) cursor=(119,604)
[CURSOR-ABS] hand=(0.548,0.393) filter=(0.576,0.386) target=(165,608) cursor=(142,605)
[CURSOR-ABS] hand=(0.542,0.402) filter=(0.570,0.389) target=(188,614) cursor=(165,608)
[CURSOR-ABS] hand=(0.537,0.411) filter=(0.564,0.393) target=(211,623) cursor=(188,614)
[CURSOR-ABS] hand=(0.532,0.418) filter=(0.559,0.397) target=(233,632) cursor=(211,623)
[CURSOR-ABS] hand=(0.528,0.422) filter=(0.553,0.401) target=(254,641) cursor=(233,632)
[CURSOR-ABS] hand=(0.526,0.427) filter=(0.548,0.406) target=(272,651) cursor=(253,641)
[CURSOR-ABS] hand=(0.525,0.433) filter=(0.544,0.410) target=(288,661) cursor=(272,651)
[CURSOR-ABS] hand=(0.525,0.436) filter=(0.541,0.415) target=(301,671) cursor=(288,661)
[CURSOR-ABS] hand=(0.526,0.441) filter=(0.538,0.420) target=(311,681) cursor=(301,671)
[CURSOR-ABS] hand=(0.527,0.444) filter=(0.536,0.424) target=(318,690) cursor=(311,681)
[CURSOR-ABS] hand=(0.525,0.445) filter=(0.534,0.428) target=(326,698) cursor=(318,690)
[CURSOR-ABS] hand=(0.521,0.444) filter=(0.532,0.430) target=(335,704) cursor=(326,698)
[CURSOR-ABS] hand=(0.516,0.444) filter=(0.529,0.433) target=(346,710) cursor=(335,704)
[CURSOR-ABS] hand=(0.509,0.442) filter=(0.526,0.434) target=(359,713) cursor=(346,710)
[CURSOR-ABS] hand=(0.500,0.440) filter=(0.521,0.435) target=(377,715) cursor=(359,713)
[CURSOR-ABS] hand=(0.490,0.436) filter=(0.516,0.436) target=(397,716) cursor=(376,715)
[CURSOR-ABS] hand=(0.480,0.436) filter=(0.509,0.436) target=(422,716) cursor=(397,716)
[CURSOR-ABS] hand=(0.471,0.432) filter=(0.498,0.435) target=(466,713) cursor=(422,716)
[CURSOR-ABS] hand=(0.459,0.431) filter=(0.491,0.434) target=(492,712) cursor=(465,713)
[CURSOR-ABS] hand=(0.447,0.425) filter=(0.483,0.432) target=(521,709) cursor=(491,712)
[CURSOR-ABS] hand=(0.436,0.425) filter=(0.475,0.431) target=(554,706) cursor=(521,709)
[CURSOR-ABS] hand=(0.422,0.420) filter=(0.465,0.429) target=(591,702) cursor=(554,706)
[CURSOR-ABS] hand=(0.409,0.423) filter=(0.455,0.428) target=(630,699) cursor=(591,702)
[CURSOR-ABS] hand=(0.396,0.421) filter=(0.445,0.427) target=(670,697) cursor=(630,699)
[CURSOR-ABS] hand=(0.383,0.417) filter=(0.433,0.425) target=(713,693) cursor=(670,697)
[CURSOR-ABS] hand=(0.369,0.416) filter=(0.422,0.424) target=(758,690) cursor=(713,693)
[CURSOR-ABS] hand=(0.358,0.411) filter=(0.410,0.421) target=(803,685) cursor=(758,690)
[CURSOR-ABS] hand=(0.347,0.403) filter=(0.398,0.418) target=(848,678) cursor=(803,685)
[CURSOR-ABS] hand=(0.337,0.397) filter=(0.387,0.415) target=(890,670) cursor=(848,678)
[CURSOR-ABS] hand=(0.324,0.392) filter=(0.376,0.411) target=(935,662) cursor=(890,670)
[CURSOR-ABS] hand=(0.314,0.385) filter=(0.364,0.406) target=(978,652) cursor=(934,662)
[CURSOR-ABS] hand=(0.302,0.382) filter=(0.353,0.402) target=(1022,643) cursor=(978,652)
[CURSOR-ABS] hand=(0.291,0.375) filter=(0.341,0.397) target=(1066,633) cursor=(1022,643)
[CURSOR-ABS] hand=(0.280,0.373) filter=(0.330,0.393) target=(1109,624) cursor=(1066,633)
[CURSOR-ABS] hand=(0.269,0.369) filter=(0.319,0.389) target=(1152,614) cursor=(1109,624)
[CURSOR-ABS] hand=(0.259,0.368) filter=(0.308,0.385) target=(1194,606) cursor=(1152,614)
[CURSOR-ABS] hand=(0.251,0.369) filter=(0.298,0.382) target=(1235,600) cursor=(1194,606)
[CURSOR-ABS] hand=(0.241,0.369) filter=(0.287,0.380) target=(1276,595) cursor=(1235,600)
[CURSOR-ABS] hand=(0.229,0.365) filter=(0.276,0.377) target=(1316,590) cursor=(1276,595)
[CURSOR-ABS] hand=(0.218,0.361) filter=(0.266,0.374) target=(1357,583) cursor=(1315,590)
[CURSOR-ABS] hand=(0.207,0.359) filter=(0.255,0.372) target=(1398,578) cursor=(1357,583)
[CURSOR-ABS] hand=(0.195,0.355) filter=(0.244,0.369) target=(1441,571) cursor=(1398,578)
[CURSOR-ABS] hand=(0.184,0.353) filter=(0.233,0.366) target=(1484,565) cursor=(1440,571)
[CURSOR-ABS] hand=(0.175,0.350) filter=(0.222,0.363) target=(1524,559) cursor=(1484,565)
[CURSOR-ABS] hand=(0.165,0.345) filter=(0.212,0.360) target=(1565,552) cursor=(1523,559)
[CURSOR-ABS] hand=(0.155,0.345) filter=(0.201,0.357) target=(1605,547) cursor=(1564,552)
[CURSOR-ABS] hand=(0.147,0.336) filter=(0.191,0.354) target=(1643,539) cursor=(1604,547)
[CURSOR-ABS] hand=(0.141,0.332) filter=(0.182,0.350) target=(1679,530) cursor=(1643,539)
[CURSOR-ABS] hand=(0.133,0.332) filter=(0.173,0.347) target=(1713,524) cursor=(1679,530)
[CURSOR-ABS] hand=(0.123,0.332) filter=(0.164,0.344) target=(1748,518) cursor=(1712,524)
[CURSOR-ABS] hand=(0.115,0.325) filter=(0.155,0.341) target=(1782,511) cursor=(1748,518)
[CURSOR-ABS] hand=(0.110,0.321) filter=(0.147,0.338) target=(1814,504) cursor=(1782,511)
[CURSOR-ABS] hand=(0.103,0.318) filter=(0.139,0.334) target=(1845,496) cursor=(1814,504)
[CURSOR-ABS] hand=(0.101,0.317) filter=(0.132,0.331) target=(1871,490) cursor=(1845,496)
[CURSOR-ABS] hand=(0.097,0.310) filter=(0.126,0.327) target=(1895,482) cursor=(1871,490)
[CURSOR-ABS] hand=(0.093,0.313) filter=(0.120,0.325) target=(1918,477) cursor=(1895,482)
[CURSOR-ABS] hand=(0.090,0.309) filter=(0.114,0.322) target=(1920,470) cursor=(1918,477)
[CURSOR-ABS] hand=(0.084,0.309) filter=(0.109,0.320) target=(1920,465) cursor=(1920,470)
[CURSOR-ABS] hand=(0.083,0.305) filter=(0.104,0.317) target=(1920,460) cursor=(1920,465)
[CURSOR-ABS] hand=(0.078,0.303) filter=(0.100,0.315) target=(1920,454) cursor=(1920,460)
[CURSOR-ABS] hand=(0.074,0.304) filter=(0.095,0.313) target=(1920,450) cursor=(1920,454)
[CURSOR-ABS] hand=(0.071,0.297) filter=(0.091,0.310) target=(1920,444) cursor=(1920,450)
[CURSOR-ABS] hand=(0.073,0.295) filter=(0.088,0.307) target=(1920,439) cursor=(1920,445)
[CURSOR-ABS] hand=(0.075,0.286) filter=(0.086,0.304) target=(1920,431) cursor=(1920,439)
[CURSOR-ABS] hand=(0.073,0.287) filter=(0.083,0.301) target=(1920,424) cursor=(1920,431)
[CURSOR-ABS] hand=(0.072,0.287) filter=(0.081,0.298) target=(1920,419) cursor=(1920,424)
[CURSOR-ABS] hand=(0.073,0.286) filter=(0.080,0.296) target=(1920,414) cursor=(1920,419)
[CURSOR-ABS] hand=(0.073,0.287) filter=(0.079,0.294) target=(1920,411) cursor=(1920,414)
[CURSOR-ABS] hand=(0.071,0.291) filter=(0.077,0.294) target=(1920,409) cursor=(1920,411)
[CURSOR-ABS] hand=(0.074,0.290) filter=(0.077,0.293) target=(1920,408) cursor=(1920,409)
[CURSOR-ABS] hand=(0.081,0.292) filter=(0.078,0.293) target=(1920,407) cursor=(1920,408)
[CURSOR-ABS] hand=(0.089,0.297) filter=(0.080,0.294) target=(1920,409) cursor=(1920,407)
[CURSOR-ABS] hand=(0.095,0.302) filter=(0.082,0.295) target=(1920,412) cursor=(1920,409)
[CURSOR-ABS] hand=(0.102,0.309) filter=(0.086,0.297) target=(1920,417) cursor=(1920,412)
[CURSOR-ABS] hand=(0.108,0.314) filter=(0.089,0.300) target=(1920,423) cursor=(1920,417)
[CURSOR-ABS] hand=(0.115,0.321) filter=(0.094,0.304) target=(1920,431) cursor=(1920,423)
[CURSOR-ABS] hand=(0.124,0.323) filter=(0.099,0.307) target=(1920,438) cursor=(1920,431)
[CURSOR-ABS] hand=(0.134,0.321) filter=(0.105,0.310) target=(1920,443) cursor=(1920,438)
[CURSOR-ABS] hand=(0.139,0.330) filter=(0.111,0.313) target=(1920,451) cursor=(1920,443)
[CURSOR-ABS] hand=(0.144,0.332) filter=(0.117,0.316) target=(1920,458) cursor=(1920,451)
[CURSOR-ABS] hand=(0.151,0.333) filter=(0.123,0.319) target=(1906,464) cursor=(1920,458)
[CURSOR-ABS] hand=(0.156,0.336) filter=(0.133,0.324) target=(1867,475) cursor=(1906,464)
[CURSOR-ABS] hand=(0.161,0.333) filter=(0.138,0.326) target=(1848,478) cursor=(1867,475)
[CURSOR-ABS] hand=(0.167,0.334) filter=(0.143,0.327) target=(1829,481) cursor=(1848,478)
[CURSOR-ABS] hand=(0.172,0.335) filter=(0.148,0.328) target=(1809,484) cursor=(1829,481)
[CURSOR-ABS] hand=(0.175,0.333) filter=(0.153,0.329) target=(1791,486) cursor=(1809,484)
[CURSOR-ABS] hand=(0.178,0.334) filter=(0.157,0.330) target=(1773,488) cursor=(1791,486)
[CURSOR-ABS] hand=(0.181,0.337) filter=(0.162,0.331) target=(1757,490) cursor=(1773,488)
[CURSOR-ABS] hand=(0.185,0.337) filter=(0.166,0.332) target=(1741,492) cursor=(1757,490)
[CURSOR-ABS] hand=(0.190,0.335) filter=(0.170,0.333) target=(1724,493) cursor=(1741,492)
[CURSOR-ABS] hand=(0.192,0.336) filter=(0.174,0.333) target=(1710,494) cursor=(1725,493)
[CURSOR-ABS] hand=(0.196,0.334) filter=(0.178,0.333) target=(1695,495) cursor=(1710,494)
[CURSOR-ABS] hand=(0.201,0.335) filter=(0.182,0.334) target=(1679,495) cursor=(1695,495)
[CURSOR-ABS] hand=(0.205,0.334) filter=(0.186,0.334) target=(1664,495) cursor=(1679,495)
[CURSOR-ABS] hand=(0.208,0.334) filter=(0.190,0.334) target=(1649,495) cursor=(1664,495)
[CURSOR-ABS] hand=(0.209,0.334) filter=(0.193,0.334) target=(1636,496) cursor=(1649,495)
[CURSOR-ABS] hand=(0.212,0.334) filter=(0.196,0.334) target=(1623,496) cursor=(1636,496)
[CURSOR-ABS] hand=(0.213,0.335) filter=(0.199,0.334) target=(1612,496) cursor=(1623,496)
[CURSOR-ABS] hand=(0.219,0.335) filter=(0.203,0.334) target=(1599,496) cursor=(1612,496)
[CURSOR-ABS] hand=(0.223,0.335) filter=(0.206,0.334) target=(1585,497) cursor=(1599,496)
[CURSOR-ABS] hand=(0.230,0.335) filter=(0.210,0.334) target=(1569,497) cursor=(1585,497)
[CURSOR-ABS] hand=(0.238,0.336) filter=(0.215,0.335) target=(1551,498) cursor=(1570,497)
[CURSOR-ABS] hand=(0.241,0.338) filter=(0.220,0.335) target=(1533,499) cursor=(1551,498)
[CURSOR-ABS] hand=(0.248,0.334) filter=(0.225,0.335) target=(1514,498) cursor=(1534,499)
[CURSOR-ABS] hand=(0.255,0.334) filter=(0.230,0.335) target=(1494,498) cursor=(1515,498)
[CURSOR-ABS] hand=(0.262,0.332) filter=(0.236,0.334) target=(1472,497) cursor=(1494,498)
[CURSOR-ABS] hand=(0.270,0.332) filter=(0.242,0.334) target=(1449,496) cursor=(1472,497)
[CURSOR-ABS] hand=(0.277,0.332) filter=(0.248,0.333) target=(1425,495) cursor=(1449,496)
[CURSOR-ABS] hand=(0.285,0.335) filter=(0.255,0.334) target=(1400,496) cursor=(1425,495)
[CURSOR-ABS] hand=(0.292,0.336) filter=(0.261,0.334) target=(1375,497) cursor=(1400,496)
[CURSOR-ABS] hand=(0.299,0.337) filter=(0.268,0.335) target=(1348,497) cursor=(1375,497)
[CURSOR-ABS] hand=(0.307,0.333) filter=(0.275,0.334) target=(1322,497) cursor=(1349,497)
[CURSOR-ABS] hand=(0.315,0.334) filter=(0.282,0.334) target=(1294,497) cursor=(1322,497)
[CURSOR-ABS] hand=(0.325,0.335) filter=(0.290,0.334) target=(1265,497) cursor=(1294,497)
[CURSOR-ABS] hand=(0.338,0.327) filter=(0.298,0.333) target=(1232,494) cursor=(1265,497)
[CURSOR-ABS] hand=(0.352,0.326) filter=(0.308,0.332) target=(1195,492) cursor=(1232,494)
[CURSOR-ABS] hand=(0.369,0.326) filter=(0.319,0.331) target=(1153,489) cursor=(1195,492)
[CURSOR-ABS] hand=(0.392,0.319) filter=(0.333,0.329) target=(1100,485) cursor=(1153,489)
[CURSOR-ABS] hand=(0.416,0.310) filter=(0.348,0.326) target=(1043,478) cursor=(1101,485)
[CURSOR-ABS] hand=(0.441,0.313) filter=(0.365,0.323) target=(977,473) cursor=(1043,478)
[CURSOR-ABS] hand=(0.473,0.310) filter=(0.385,0.321) target=(900,468) cursor=(977,473)
[CURSOR-ABS] hand=(0.503,0.312) filter=(0.407,0.320) target=(814,465) cursor=(900,468)
[CURSOR-ABS] hand=(0.537,0.303) filter=(0.433,0.317) target=(716,459) cursor=(815,465)
[CURSOR-ABS] hand=(0.563,0.304) filter=(0.457,0.315) target=(623,454) cursor=(717,459)
[CURSOR-ABS] hand=(0.597,0.301) filter=(0.484,0.312) target=(519,449) cursor=(624,454)
[CURSOR-ABS] hand=(0.633,0.299) filter=(0.513,0.310) target=(407,444) cursor=(520,449)
[CURSOR-ABS] hand=(0.663,0.291) filter=(0.543,0.307) target=(294,437) cursor=(407,444)
[CURSOR-ABS] hand=(0.700,0.276) filter=(0.575,0.301) target=(170,425) cursor=(295,437)
[CURSOR-ABS] hand=(0.720,0.258) filter=(0.603,0.294) target=(63,409) cursor=(172,425)
[CURSOR-ABS] hand=(0.748,0.251) filter=(0.632,0.286) target=(0,393) cursor=(64,409)
[CURSOR-ABS] hand=(0.775,0.250) filter=(0.660,0.280) target=(0,379) cursor=(0,393)
[CURSOR-ABS] hand=(0.793,0.237) filter=(0.687,0.272) target=(0,363) cursor=(0,379)
[CURSOR-ABS] hand=(0.807,0.233) filter=(0.712,0.265) target=(0,347) cursor=(0,363)
[CURSOR-ABS] hand=(0.826,0.222) filter=(0.733,0.257) target=(0,331) cursor=(0,347)
[CURSOR-ABS] hand=(0.844,0.234) filter=(0.755,0.253) target=(0,322) cursor=(0,331)
[CURSOR-ABS] hand=(0.848,0.228) filter=(0.773,0.249) target=(0,312) cursor=(0,322)
[CURSOR-ABS] hand=(0.853,0.228) filter=(0.789,0.245) target=(0,304) cursor=(0,312)
[CURSOR-ABS] hand=(0.853,0.230) filter=(0.801,0.242) target=(0,298) cursor=(0,304)
[CURSOR-ABS] hand=(0.848,0.230) filter=(0.810,0.240) target=(0,294) cursor=(0,298)
[CURSOR-ABS] hand=(0.842,0.239) filter=(0.816,0.240) target=(0,293) cursor=(0,294)
[CURSOR-ABS] hand=(0.830,0.247) filter=(0.819,0.241) target=(0,296) cursor=(0,293)
[CURSOR-ABS] hand=(0.818,0.248) filter=(0.818,0.242) target=(0,298) cursor=(0,296)
[CURSOR-ABS] hand=(0.806,0.249) filter=(0.816,0.243) target=(0,301) cursor=(0,298)
[CURSOR-ABS] hand=(0.797,0.247) filter=(0.813,0.244) target=(0,302) cursor=(0,301)
[CURSOR-ABS] hand=(0.789,0.247) filter=(0.809,0.244) target=(0,303) cursor=(0,302)
[CURSOR-ABS] hand=(0.778,0.255) filter=(0.800,0.247) target=(0,309) cursor=(0,303)
[CURSOR-ABS] hand=(0.759,0.262) filter=(0.793,0.250) target=(0,315) cursor=(0,309)
[CURSOR-ABS] hand=(0.750,0.268) filter=(0.785,0.253) target=(0,321) cursor=(0,315)
[CURSOR-ABS] hand=(0.739,0.268) filter=(0.777,0.256) target=(0,327) cursor=(0,321)
[CURSOR-ABS] hand=(0.728,0.274) filter=(0.769,0.259) target=(0,334) cursor=(0,327)
[CURSOR-ABS] hand=(0.716,0.274) filter=(0.759,0.261) target=(0,339) cursor=(0,334)
[CURSOR-ABS] hand=(0.709,0.270) filter=(0.750,0.263) target=(0,343) cursor=(0,339)
[CURSOR-ABS] hand=(0.702,0.272) filter=(0.741,0.265) target=(0,346) cursor=(0,343)
[CURSOR-ABS] hand=(0.694,0.277) filter=(0.733,0.267) target=(0,351) cursor=(0,346)
[CURSOR-ABS] hand=(0.685,0.283) filter=(0.724,0.269) target=(0,357) cursor=(0,351)
[CURSOR-ABS] hand=(0.679,0.284) filter=(0.716,0.272) target=(0,362) cursor=(0,357)
[CURSOR-ABS] hand=(0.675,0.297) filter=(0.709,0.276) target=(0,372) cursor=(0,362)
[CURSOR-ABS] hand=(0.669,0.296) filter=(0.702,0.280) target=(0,379) cursor=(0,372)
[CURSOR-ABS] hand=(0.662,0.298) filter=(0.695,0.283) target=(0,386) cursor=(0,379)
[CURSOR-ABS] hand=(0.657,0.298) filter=(0.688,0.286) target=(0,392) cursor=(0,386)
[CURSOR-ABS] hand=(0.650,0.298) filter=(0.681,0.288) target=(0,397) cursor=(0,392)
[CURSOR-ABS] hand=(0.646,0.299) filter=(0.675,0.290) target=(0,401) cursor=(0,397)
[CURSOR-ABS] hand=(0.641,0.303) filter=(0.668,0.292) target=(0,406) cursor=(0,401)
[CURSOR-ABS] hand=(0.637,0.303) filter=(0.663,0.294) target=(0,410) cursor=(0,406)
[CURSOR-ABS] hand=(0.632,0.305) filter=(0.657,0.296) target=(0,414) cursor=(0,410)
[CURSOR-ABS] hand=(0.631,0.305) filter=(0.653,0.297) target=(0,417) cursor=(0,414)
[CURSOR-ABS] hand=(0.626,0.306) filter=(0.648,0.299) target=(0,421) cursor=(0,417)
[CURSOR-ABS] hand=(0.624,0.308) filter=(0.644,0.301) target=(0,424) cursor=(0,421)
[CURSOR-ABS] hand=(0.620,0.310) filter=(0.640,0.302) target=(0,428) cursor=(0,424)
[CURSOR-ABS] hand=(0.616,0.315) filter=(0.635,0.304) target=(0,432) cursor=(0,427)
[CURSOR-ABS] hand=(0.613,0.315) filter=(0.631,0.306) target=(0,436) cursor=(0,432)
[CURSOR-ABS] hand=(0.611,0.319) filter=(0.628,0.308) target=(0,441) cursor=(0,436)
[CURSOR-ABS] hand=(0.608,0.322) filter=(0.624,0.311) target=(0,446) cursor=(0,441)
[CURSOR-ABS] hand=(0.605,0.324) filter=(0.621,0.313) target=(0,451) cursor=(0,446)
[CURSOR-ABS] hand=(0.603,0.330) filter=(0.618,0.316) target=(5,457) cursor=(0,451)
[CURSOR-ABS] hand=(0.600,0.332) filter=(0.615,0.319) target=(16,463) cursor=(5,457)
[CURSOR-ABS] hand=(0.598,0.332) filter=(0.612,0.321) target=(28,468) cursor=(16,463)
[CURSOR-ABS] hand=(0.595,0.333) filter=(0.609,0.323) target=(39,473) cursor=(28,468)
[CURSOR-ABS] hand=(0.591,0.335) filter=(0.606,0.325) target=(51,477) cursor=(39,473)
[CURSOR-ABS] hand=(0.588,0.337) filter=(0.603,0.327) target=(63,482) cursor=(51,477)
[CURSOR-ABS] hand=(0.583,0.332) filter=(0.599,0.328) target=(77,483) cursor=(63,482)
[CURSOR-ABS] hand=(0.578,0.333) filter=(0.596,0.329) target=(91,485) cursor=(76,483)
[CURSOR-ABS] hand=(0.575,0.332) filter=(0.592,0.329) target=(105,486) cursor=(91,485)
[CURSOR-ABS] hand=(0.571,0.331) filter=(0.588,0.330) target=(119,487) cursor=(105,486)
[CURSOR-ABS] hand=(0.566,0.333) filter=(0.584,0.330) target=(134,488) cursor=(119,487)
[CURSOR-ABS] hand=(0.562,0.334) filter=(0.580,0.331) target=(149,489) cursor=(134,488)
[CURSOR-ABS] hand=(0.560,0.335) filter=(0.577,0.332) target=(162,491) cursor=(149,489)
[CURSOR-ABS] hand=(0.555,0.338) filter=(0.573,0.333) target=(177,493) cursor=(162,491)
[CURSOR-ABS] hand=(0.549,0.339) filter=(0.569,0.334) target=(193,496) cursor=(177,493)
[CURSOR-ABS] hand=(0.545,0.339) filter=(0.565,0.335) target=(209,497) cursor=(193,496)
[CURSOR-ABS] hand=(0.540,0.342) filter=(0.560,0.336) target=(225,500) cursor=(208,497)
[CURSOR-ABS] hand=(0.534,0.344) filter=(0.556,0.337) target=(243,503) cursor=(225,500)
[CURSOR-ABS] hand=(0.526,0.345) filter=(0.550,0.338) target=(264,506) cursor=(243,503)
[CURSOR-ABS] hand=(0.515,0.342) filter=(0.544,0.339) target=(287,507) cursor=(264,506)
[CURSOR-ABS] hand=(0.503,0.338) filter=(0.537,0.339) target=(315,507) cursor=(287,507)
[CURSOR-ABS] hand=(0.487,0.329) filter=(0.528,0.337) target=(350,503) cursor=(315,507)
[CURSOR-ABS] hand=(0.466,0.304) filter=(0.517,0.332) target=(392,491) cursor=(349,503)
[CURSOR-ABS] hand=(0.437,0.271) filter=(0.502,0.321) target=(450,468) cursor=(392,491)
[CURSOR-ABS] hand=(0.412,0.225) filter=(0.486,0.304) target=(511,432) cursor=(449,468)
[CURSOR-ABS] hand=(0.358,0.184) filter=(0.462,0.282) target=(603,385) cursor=(510,432)
[CURSOR-ABS] hand=(0.813,0.394) filter=(0.813,0.394) target=(202,703) cursor=(603,385)
[CURSOR-ABS] hand=(0.835,0.400) filter=(0.817,0.395) target=(187,704) cursor=(202,702)
[CURSOR-ABS] hand=(0.852,0.396) filter=(0.823,0.395) target=(165,705) cursor=(188,704)
[CURSOR-ABS] hand=(0.869,0.395) filter=(0.831,0.395) target=(133,705) cursor=(165,705)
[CURSOR-ABS] hand=(0.883,0.396) filter=(0.840,0.395) target=(99,705) cursor=(134,705)
[CURSOR-ABS] hand=(0.894,0.401) filter=(0.850,0.396) target=(63,707) cursor=(99,705)
[CURSOR-ABS] hand=(0.894,0.405) filter=(0.858,0.398) target=(32,710) cursor=(63,707)
[CURSOR-ABS] hand=(0.889,0.408) filter=(0.863,0.400) target=(11,714) cursor=(32,710)
[CURSOR-ABS] hand=(0.879,0.412) filter=(0.866,0.402) target=(0,719) cursor=(11,714)
[CURSOR-ABS] hand=(0.864,0.417) filter=(0.866,0.404) target=(1,724) cursor=(0,719)
[CURSOR-ABS] hand=(0.848,0.419) filter=(0.863,0.407) target=(13,730) cursor=(1,724)
[CURSOR-ABS] hand=(0.832,0.421) filter=(0.857,0.410) target=(34,735) cursor=(13,730)
[CURSOR-ABS] hand=(0.816,0.429) filter=(0.850,0.413) target=(60,742) cursor=(34,735)
[CURSOR-ABS] hand=(0.802,0.433) filter=(0.842,0.416) target=(92,750) cursor=(60,742)
[CURSOR-ABS] hand=(0.789,0.447) filter=(0.833,0.422) target=(128,761) cursor=(92,750)
[CURSOR-ABS] hand=(0.775,0.460) filter=(0.822,0.429) target=(167,776) cursor=(128,761)
[CURSOR-ABS] hand=(0.755,0.459) filter=(0.810,0.434) target=(215,788) cursor=(167,776)
[CURSOR-ABS] hand=(0.737,0.457) filter=(0.797,0.438) target=(264,797) cursor=(215,788)
[CURSOR-ABS] hand=(0.718,0.448) filter=(0.783,0.440) target=(319,800) cursor=(264,797)
[CURSOR-ABS] hand=(0.699,0.455) filter=(0.767,0.442) target=(378,806) cursor=(319,800)
[CURSOR-ABS] hand=(0.677,0.461) filter=(0.751,0.446) target=(442,813) cursor=(378,806)
[CURSOR-ABS] hand=(0.655,0.463) filter=(0.733,0.449) target=(512,820) cursor=(442,813)
[CURSOR-ABS] hand=(0.630,0.460) filter=(0.714,0.451) target=(584,824) cursor=(512,820)
[CURSOR-ABS] hand=(0.606,0.457) filter=(0.693,0.452) target=(662,826) cursor=(584,824)
[CURSOR-ABS] hand=(0.581,0.454) filter=(0.672,0.452) target=(744,827) cursor=(662,826)
[CURSOR-ABS] hand=(0.560,0.446) filter=(0.651,0.451) target=(826,825) cursor=(743,827)
[CURSOR-ABS] hand=(0.537,0.442) filter=(0.628,0.450) target=(913,822) cursor=(826,825)
[CURSOR-ABS] hand=(0.505,0.435) filter=(0.605,0.447) target=(1000,816) cursor=(911,822)
[CURSOR-ABS] hand=(0.475,0.419) filter=(0.580,0.442) target=(1099,806) cursor=(1000,816)
[CURSOR-ABS] hand=(0.439,0.403) filter=(0.552,0.435) target=(1204,791) cursor=(1098,806)
[CURSOR-ABS] hand=(0.413,0.381) filter=(0.525,0.426) target=(1309,770) cursor=(1204,791)
[CURSOR-ABS] hand=(0.387,0.365) filter=(0.497,0.415) target=(1416,747) cursor=(1308,770)
[CURSOR-ABS] hand=(0.358,0.358) filter=(0.470,0.405) target=(1519,725) cursor=(1415,747)
[CURSOR-ABS] hand=(0.335,0.341) filter=(0.444,0.393) target=(1622,700) cursor=(1518,725)
[CURSOR-ABS] hand=(0.317,0.318) filter=(0.418,0.380) target=(1718,671) cursor=(1621,701)
[CURSOR-ABS] hand=(0.297,0.303) filter=(0.395,0.366) target=(1810,641) cursor=(1718,671)
[CURSOR-ABS] hand=(0.278,0.289) filter=(0.371,0.351) target=(1900,610) cursor=(1810,641)
[CURSOR-ABS] hand=(0.257,0.279) filter=(0.349,0.338) target=(1920,581) cursor=(1900,610)
[CURSOR-ABS] hand=(0.239,0.265) filter=(0.328,0.325) target=(1920,552) cursor=(1920,582)
[CURSOR-ABS] hand=(0.221,0.260) filter=(0.307,0.313) target=(1920,526) cursor=(1920,552)
[CURSOR-ABS] hand=(0.208,0.251) filter=(0.287,0.301) target=(1920,501) cursor=(1920,526)
[CURSOR-ABS] hand=(0.201,0.246) filter=(0.270,0.291) target=(1920,479) cursor=(1920,501)
[CURSOR-ABS] hand=(0.197,0.241) filter=(0.256,0.282) target=(1920,460) cursor=(1920,479)
[CURSOR-ABS] hand=(0.199,0.244) filter=(0.246,0.275) target=(1920,445) cursor=(1920,460)
[CURSOR-ABS] hand=(0.209,0.252) filter=(0.239,0.271) target=(1920,436) cursor=(1920,445)
[CURSOR-ABS] hand=(0.222,0.271) filter=(0.236,0.271) target=(1920,436) cursor=(1920,436)
[CURSOR-ABS] hand=(0.239,0.293) filter=(0.236,0.275) target=(1920,445) cursor=(1920,436)
[CURSOR-ABS] hand=(0.259,0.319) filter=(0.240,0.282) target=(1920,461) cursor=(1920,445)
[CURSOR-ABS] hand=(0.277,0.338) filter=(0.247,0.292) target=(1920,481) cursor=(1920,460)
[CURSOR-ABS] hand=(0.298,0.362) filter=(0.256,0.304) target=(1920,508) cursor=(1920,481)
[CURSOR-ABS] hand=(0.318,0.389) filter=(0.266,0.319) target=(1920,540) cursor=(1920,508)
[CURSOR-ABS] hand=(0.338,0.414) filter=(0.279,0.337) target=(1920,578) cursor=(1920,540)
[CURSOR-ABS] hand=(0.354,0.436) filter=(0.292,0.354) target=(1920,616) cursor=(1920,577)
[CURSOR-ABS] hand=(0.373,0.459) filter=(0.307,0.374) target=(1920,658) cursor=(1920,616)
[CURSOR-ABS] hand=(0.391,0.475) filter=(0.322,0.392) target=(1920,698) cursor=(1920,658)
[CURSOR-ABS] hand=(0.409,0.488) filter=(0.338,0.410) target=(1920,737) cursor=(1920,698)
[CURSOR-ABS] hand=(0.424,0.500) filter=(0.354,0.428) target=(1920,775) cursor=(1920,737)
[CURSOR-ABS] hand=(0.441,0.513) filter=(0.370,0.444) target=(1903,809) cursor=(1920,774)
[CURSOR-ABS] hand=(0.454,0.523) filter=(0.385,0.458) target=(1845,840) cursor=(1903,809)
[CURSOR-ABS] hand=(0.468,0.536) filter=(0.411,0.482) target=(1747,892) cursor=(1845,840)
[CURSOR-ABS] hand=(0.484,0.540) filter=(0.425,0.493) target=(1694,916) cursor=(1747,892)
[CURSOR-ABS] hand=(0.498,0.547) filter=(0.439,0.503) target=(1641,937) cursor=(1695,916)
[CURSOR-ABS] hand=(0.512,0.553) filter=(0.452,0.512) target=(1590,957) cursor=(1642,937)
[CURSOR-ABS] hand=(0.525,0.555) filter=(0.465,0.520) target=(1539,974) cursor=(1590,957)
[CURSOR-ABS] hand=(0.540,0.560) filter=(0.479,0.527) target=(1485,990) cursor=(1539,974)
[CURSOR-ABS] hand=(0.555,0.561) filter=(0.493,0.534) target=(1431,1003) cursor=(1485,990)
[CURSOR-ABS] hand=(0.568,0.565) filter=(0.507,0.539) target=(1377,1016) cursor=(1431,1003)
[CURSOR-ABS] hand=(0.582,0.566) filter=(0.521,0.544) target=(1325,1026) cursor=(1377,1016)
[CURSOR-ABS] hand=(0.595,0.568) filter=(0.535,0.548) target=(1272,1035) cursor=(1325,1026)
[CURSOR-ABS] hand=(0.608,0.565) filter=(0.548,0.551) target=(1219,1041) cursor=(1272,1035)
[CURSOR-ABS] hand=(0.620,0.564) filter=(0.562,0.554) target=(1168,1046) cursor=(1219,1041)
[CURSOR-ABS] hand=(0.631,0.564) filter=(0.575,0.556) target=(1116,1051) cursor=(1168,1046)
[CURSOR-ABS] hand=(0.638,0.565) filter=(0.587,0.557) target=(1073,1054) cursor=(1116,1050)
[CURSOR-ABS] hand=(0.646,0.567) filter=(0.598,0.559) target=(1030,1058) cursor=(1073,1054)
[CURSOR-ABS] hand=(0.650,0.570) filter=(0.607,0.561) target=(993,1062) cursor=(1031,1058)
[CURSOR-ABS] hand=(0.652,0.573) filter=(0.616,0.563) target=(961,1067) cursor=(994,1062)
[CURSOR-ABS] hand=(0.653,0.577) filter=(0.623,0.566) target=(934,1072) cursor=(961,1067)
[CURSOR-ABS] hand=(0.650,0.588) filter=(0.627,0.569) target=(916,1080) cursor=(935,1072)
[CURSOR-ABS] hand=(0.646,0.594) filter=(0.631,0.574) target=(903,1080) cursor=(916,1080)
[CURSOR-ABS] hand=(0.642,0.602) filter=(0.633,0.579) target=(895,1080) cursor=(903,1080)
[CURSOR-ABS] hand=(0.636,0.604) filter=(0.633,0.583) target=(893,1080) cursor=(896,1080)
[CURSOR-ABS] hand=(0.631,0.606) filter=(0.633,0.587) target=(895,1080) cursor=(893,1080)
[CURSOR-ABS] hand=(0.624,0.614) filter=(0.631,0.592) target=(900,1080) cursor=(895,1080)
[CURSOR-ABS] hand=(0.619,0.616) filter=(0.629,0.596) target=(909,1080) cursor=(900,1080)
[CURSOR-ABS] hand=(0.616,0.618) filter=(0.627,0.600) target=(917,1080) cursor=(909,1080)
[CURSOR-ABS] hand=(0.612,0.618) filter=(0.624,0.603) target=(928,1080) cursor=(917,1080)
[CURSOR-ABS] hand=(0.607,0.619) filter=(0.621,0.606) target=(939,1080) cursor=(928,1080)
[CURSOR-ABS] hand=(0.606,0.623) filter=(0.619,0.609) target=(949,1080) cursor=(939,1080)
[CURSOR-ABS] hand=(0.605,0.619) filter=(0.616,0.611) target=(958,1080) cursor=(949,1080)
[CURSOR-ABS] hand=(0.604,0.618) filter=(0.614,0.612) target=(966,1080) cursor=(958,1080)
[CURSOR-ABS] hand=(0.603,0.618) filter=(0.612,0.613) target=(974,1080) cursor=(966,1080)
[CURSOR-ABS] hand=(0.602,0.618) filter=(0.610,0.614) target=(981,1080) cursor=(974,1080)
[CURSOR-ABS] hand=(0.601,0.615) filter=(0.609,0.614) target=(987,1080) cursor=(981,1080)
[CURSOR-ABS] hand=(0.600,0.609) filter=(0.607,0.613) target=(993,1080) cursor=(987,1080)
[CURSOR-ABS] hand=(0.600,0.594) filter=(0.606,0.610) target=(998,1080) cursor=(993,1080)
[CURSOR-ABS] hand=(0.598,0.567) filter=(0.605,0.603) target=(1003,1080) cursor=(998,1080)
[CURSOR-ABS] hand=(0.597,0.534) filter=(0.603,0.590) target=(1008,1080) cursor=(1003,1080)
[CURSOR-ABS] hand=(0.595,0.495) filter=(0.602,0.574) target=(1014,1080) cursor=(1008,1080)
[CURSOR-ABS] hand=(0.590,0.452) filter=(0.600,0.552) target=(1021,1042) cursor=(1014,1080)
[CURSOR-ABS] hand=(0.585,0.415) filter=(0.597,0.526) target=(1031,987) cursor=(1021,1042)
[CURSOR-ABS] hand=(0.580,0.371) filter=(0.594,0.497) target=(1043,923) cursor=(1031,988)
[CURSOR-ABS] hand=(0.573,0.332) filter=(0.591,0.464) target=(1057,853) cursor=(1043,924)
[CURSOR-ABS] hand=(0.568,0.292) filter=(0.587,0.431) target=(1072,782) cursor=(1057,854)
[CURSOR-ABS] hand=(0.563,0.258) filter=(0.583,0.397) target=(1088,709) cursor=(1072,782)
[CURSOR-ABS] hand=(0.556,0.227) filter=(0.578,0.363) target=(1106,634) cursor=(1088,709)
[CURSOR-ABS] hand=(0.548,0.194) filter=(0.573,0.329) target=(1126,562) cursor=(1106,635)
[CURSOR-ABS] hand=(0.543,0.166) filter=(0.567,0.296) target=(1147,489) cursor=(1126,562)
[CURSOR-ABS] hand=(0.541,0.141) filter=(0.563,0.265) target=(1164,424) cursor=(1147,489)
[CURSOR-ABS] hand=(0.541,0.117) filter=(0.559,0.235) target=(1179,359) cursor=(1164,424)
[CURSOR-ABS] hand=(0.462,0.377) filter=(0.462,0.377) target=(1050,709) cursor=(1179,359)
[CURSOR-ABS] hand=(0.460,0.369) filter=(0.461,0.376) target=(1051,706) cursor=(1051,707)
[CURSOR-ABS] hand=(0.459,0.361) filter=(0.461,0.373) target=(1053,700) cursor=(1051,706)
[CURSOR-ABS] hand=(0.464,0.338) filter=(0.461,0.367) target=(1051,687) cursor=(1053,700)
[CURSOR-ABS] hand=(0.467,0.315) filter=(0.462,0.358) target=(1048,667) cursor=(1051,687)
[CURSOR-ABS] hand=(0.471,0.290) filter=(0.464,0.346) target=(1042,641) cursor=(1048,668)
[CURSOR-ABS] hand=(0.479,0.275) filter=(0.466,0.333) target=(1032,614) cursor=(1042,641)
[CURSOR-ABS] hand=(0.484,0.268) filter=(0.469,0.321) target=(1020,588) cursor=(1032,614)
[CURSOR-ABS] hand=(0.487,0.265) filter=(0.472,0.311) target=(1008,566) cursor=(1020,588)
[CURSOR-ABS] hand=(0.491,0.261) filter=(0.476,0.302) target=(996,547) cursor=(1008,567)
[CURSOR-ABS] hand=(0.492,0.263) filter=(0.479,0.295) target=(985,532) cursor=(996,547)
[CURSOR-ABS] hand=(0.497,0.265) filter=(0.482,0.290) target=(973,520) cursor=(985,532)
[CURSOR-ABS] hand=(0.503,0.267) filter=(0.486,0.286) target=(958,511) cursor=(973,520)
[CURSOR-ABS] hand=(0.505,0.261) filter=(0.489,0.281) target=(946,501) cursor=(958,511)
[CURSOR-ABS] hand=(0.506,0.253) filter=(0.492,0.276) target=(934,490) cursor=(946,501)
[CURSOR-ABS] hand=(0.510,0.241) filter=(0.495,0.270) target=(922,477) cursor=(934,490)
[CURSOR-ABS] hand=(0.516,0.220) filter=(0.499,0.261) target=(908,458) cursor=(922,477)
[CURSOR-ABS] hand=(0.522,0.193) filter=(0.503,0.248) target=(892,430) cursor=(908,458)
[CURSOR-ABS] hand=(0.525,0.163) filter=(0.507,0.233) target=(877,397) cursor=(892,431)
[CURSOR-ABS] hand=(0.528,0.134) filter=(0.510,0.215) target=(863,358) cursor=(877,397)
[CURSOR-ABS] hand=(0.529,0.106) filter=(0.514,0.195) target=(851,315) cursor=(863,358)
[CURSOR-ABS] hand=(0.555,0.311) filter=(0.555,0.311) target=(729,691) cursor=(851,315)
[CURSOR-ABS] hand=(0.580,0.322) filter=(0.559,0.313) target=(712,695) cursor=(729,689)
[CURSOR-ABS] hand=(0.600,0.337) filter=(0.566,0.317) target=(685,703) cursor=(712,695)
[CURSOR-ABS] hand=(0.623,0.347) filter=(0.576,0.323) target=(647,715) cursor=(686,703)
[CURSOR-ABS] hand=(0.649,0.360) filter=(0.589,0.329) target=(597,729) cursor=(647,715)
[CURSOR-ABS] hand=(0.671,0.371) filter=(0.604,0.337) target=(538,745) cursor=(597,729)
[CURSOR-ABS] hand=(0.698,0.388) filter=(0.621,0.346) target=(475,764) cursor=(539,745)
[CURSOR-ABS] hand=(0.723,0.396) filter=(0.640,0.354) target=(403,783) cursor=(476,764)
[CURSOR-ABS] hand=(0.741,0.397) filter=(0.658,0.362) target=(331,800) cursor=(404,783)
[CURSOR-ABS] hand=(0.759,0.394) filter=(0.677,0.368) target=(258,812) cursor=(331,800)
[CURSOR-ABS] hand=(0.775,0.399) filter=(0.696,0.373) target=(185,825) cursor=(259,812)
[CURSOR-ABS] hand=(0.789,0.399) filter=(0.713,0.378) target=(121,834) cursor=(186,824)
[CURSOR-ABS] hand=(0.798,0.397) filter=(0.729,0.381) target=(59,841) cursor=(121,834)
[CURSOR-ABS] hand=(0.806,0.390) filter=(0.744,0.383) target=(4,844) cursor=(59,841)
[CURSOR-ABS] hand=(0.814,0.386) filter=(0.757,0.383) target=(0,846) cursor=(4,844)
[CURSOR-ABS] hand=(0.820,0.380) filter=(0.769,0.383) target=(0,844) cursor=(0,846)
[CURSOR-ABS] hand=(0.826,0.368) filter=(0.779,0.380) target=(0,839) cursor=(0,844)
[CURSOR-ABS] hand=(0.835,0.356) filter=(0.790,0.376) target=(0,830) cursor=(0,839)
[CURSOR-ABS] hand=(0.841,0.342) filter=(0.799,0.370) target=(0,818) cursor=(0,830)
[CURSOR-ABS] hand=(0.842,0.331) filter=(0.807,0.363) target=(0,802) cursor=(0,818)
[CURSOR-ABS] hand=(0.839,0.326) filter=(0.813,0.357) target=(0,788) cursor=(0,802)
[CURSOR-ABS] hand=(0.842,0.318) filter=(0.818,0.350) target=(0,774) cursor=(0,788)
[CURSOR-ABS] hand=(0.835,0.318) filter=(0.821,0.345) target=(0,762) cursor=(0,774)
[CURSOR-ABS] hand=(0.830,0.322) filter=(0.823,0.340) target=(0,753) cursor=(0,762)
[CURSOR-ABS] hand=(0.819,0.337) filter=(0.822,0.340) target=(0,752) cursor=(0,753)
[CURSOR-ABS] hand=(0.807,0.346) filter=(0.820,0.341) target=(0,754) cursor=(0,752)
[CURSOR-ABS] hand=(0.795,0.362) filter=(0.815,0.345) target=(0,762) cursor=(0,754)
[CURSOR-ABS] hand=(0.780,0.382) filter=(0.809,0.351) target=(0,776) cursor=(0,762)
[CURSOR-ABS] hand=(0.772,0.407) filter=(0.803,0.361) target=(0,797) cursor=(0,776)
[CURSOR-ABS] hand=(0.756,0.423) filter=(0.795,0.372) target=(0,821) cursor=(0,797)
[CURSOR-ABS] hand=(0.741,0.440) filter=(0.785,0.384) target=(0,848) cursor=(0,821)
[CURSOR-ABS] hand=(0.722,0.458) filter=(0.774,0.397) target=(0,875) cursor=(0,847)
[CURSOR-ABS] hand=(0.705,0.467) filter=(0.762,0.410) target=(0,903) cursor=(0,875)
[CURSOR-ABS] hand=(0.690,0.475) filter=(0.749,0.421) target=(0,928) cursor=(0,903)
[CURSOR-ABS] hand=(0.674,0.477) filter=(0.735,0.431) target=(36,950) cursor=(0,928)
[CURSOR-ABS] hand=(0.659,0.478) filter=(0.721,0.440) target=(91,969) cursor=(36,950)
[CURSOR-ABS] hand=(0.644,0.475) filter=(0.707,0.446) target=(144,982) cursor=(91,969)
[CURSOR-ABS] hand=(0.630,0.473) filter=(0.693,0.451) target=(199,992) cursor=(144,982)
[CURSOR-ABS] hand=(0.614,0.469) filter=(0.678,0.454) target=(255,999) cursor=(198,992)
[CURSOR-ABS] hand=(0.600,0.464) filter=(0.664,0.456) target=(311,1003) cursor=(254,999)
[CURSOR-ABS] hand=(0.585,0.459) filter=(0.649,0.456) target=(368,1004) cursor=(310,1003)
[CURSOR-ABS] hand=(0.572,0.455) filter=(0.625,0.456) target=(458,1003) cursor=(368,1004)
[CURSOR-ABS] hand=(0.557,0.454) filter=(0.613,0.456) target=(506,1002) cursor=(457,1003)
[CURSOR-ABS] hand=(0.544,0.446) filter=(0.600,0.454) target=(555,999) cursor=(506,1002)
[CURSOR-ABS] hand=(0.532,0.442) filter=(0.587,0.452) target=(604,994) cursor=(554,999)
[CURSOR-ABS] hand=(0.520,0.440) filter=(0.575,0.450) target=(653,990) cursor=(603,994)
[CURSOR-ABS] hand=(0.507,0.437) filter=(0.563,0.448) target=(699,985) cursor=(652,990)
[CURSOR-ABS] hand=(0.497,0.432) filter=(0.551,0.445) target=(745,979) cursor=(699,985)
[CURSOR-ABS] hand=(0.484,0.430) filter=(0.538,0.443) target=(792,974) cursor=(745,979)
[CURSOR-ABS] hand=(0.474,0.428) filter=(0.526,0.440) target=(838,968) cursor=(792,974)
[CURSOR-ABS] hand=(0.464,0.424) filter=(0.515,0.437) target=(884,962) cursor=(838,968)
[CURSOR-ABS] hand=(0.454,0.425) filter=(0.504,0.435) target=(926,958) cursor=(883,962)
[CURSOR-ABS] hand=(0.444,0.422) filter=(0.492,0.433) target=(969,953) cursor=(926,958)
[CURSOR-ABS] hand=(0.436,0.421) filter=(0.482,0.431) target=(1008,949) cursor=(968,953)
[CURSOR-ABS] hand=(0.427,0.420) filter=(0.472,0.429) target=(1047,944) cursor=(1008,949)
[CURSOR-ABS] hand=(0.419,0.418) filter=(0.462,0.427) target=(1085,940) cursor=(1047,944)
[CURSOR-ABS] hand=(0.413,0.415) filter=(0.453,0.425) target=(1119,936) cursor=(1084,940)
[CURSOR-ABS] hand=(0.404,0.409) filter=(0.444,0.422) target=(1153,930) cursor=(1118,936)
[CURSOR-ABS] hand=(0.393,0.403) filter=(0.435,0.419) target=(1189,923) cursor=(1153,930)
[CURSOR-ABS] hand=(0.384,0.394) filter=(0.426,0.415) target=(1225,914) cursor=(1189,923)
[CURSOR-ABS] hand=(0.373,0.384) filter=(0.416,0.409) target=(1262,902) cursor=(1224,914)
[CURSOR-ABS] hand=(0.365,0.375) filter=(0.407,0.403) target=(1296,889) cursor=(1262,902)
[CURSOR-ABS] hand=(0.358,0.364) filter=(0.398,0.396) target=(1331,874) cursor=(1296,889)
[CURSOR-ABS] hand=(0.353,0.352) filter=(0.390,0.388) target=(1363,857) cursor=(1331,874)
[CURSOR-ABS] hand=(0.348,0.341) filter=(0.382,0.380) target=(1391,839) cursor=(1362,857)
[CURSOR-ABS] hand=(0.345,0.325) filter=(0.375,0.370) target=(1418,817) cursor=(1391,839)
[CURSOR-ABS] hand=(0.343,0.309) filter=(0.370,0.359) target=(1440,794) cursor=(1418,817)
[CURSOR-ABS] hand=(0.339,0.293) filter=(0.364,0.347) target=(1461,768) cursor=(1440,794)
[CURSOR-ABS] hand=(0.338,0.278) filter=(0.359,0.335) target=(1479,741) cursor=(1461,768)
[CURSOR-ABS] hand=(0.335,0.260) filter=(0.355,0.321) target=(1496,711) cursor=(1479,741)
[CURSOR-ABS] hand=(0.335,0.247) filter=(0.351,0.307) target=(1510,682) cursor=(1496,711)
[CURSOR-ABS] hand=(0.332,0.234) filter=(0.348,0.294) target=(1523,653) cursor=(1510,682)
[CURSOR-ABS] hand=(0.329,0.222) filter=(0.345,0.281) target=(1536,624) cursor=(1523,653)
[CURSOR-ABS] hand=(0.328,0.215) filter=(0.342,0.269) target=(1547,598) cursor=(1536,624)
[CURSOR-ABS] hand=(0.327,0.206) filter=(0.339,0.257) target=(1557,573) cursor=(1547,598)
[CURSOR-ABS] hand=(0.326,0.197) filter=(0.337,0.246) target=(1566,549) cursor=(1557,573)
[CURSOR-ABS] hand=(0.328,0.195) filter=(0.335,0.237) target=(1572,529) cursor=(1566,549)
[CURSOR-ABS] hand=(0.328,0.194) filter=(0.334,0.229) target=(1577,512) cursor=(1572,529)
[CURSOR-ABS] hand=(0.331,0.194) filter=(0.333,0.223) target=(1579,499) cursor=(1577,512)
[CURSOR-ABS] hand=(0.332,0.198) filter=(0.333,0.218) target=(1580,489) cursor=(1579,499)
[CURSOR-ABS] hand=(0.334,0.200) filter=(0.333,0.215) target=(1580,482) cursor=(1580,489)
[CURSOR-ABS] hand=(0.339,0.201) filter=(0.334,0.213) target=(1576,477) cursor=(1580,482)
[CURSOR-ABS] hand=(0.343,0.204) filter=(0.336,0.211) target=(1570,474) cursor=(1576,477)
[CURSOR-ABS] hand=(0.348,0.204) filter=(0.338,0.210) target=(1563,471) cursor=(1570,474)
[CURSOR-ABS] hand=(0.352,0.202) filter=(0.340,0.208) target=(1553,468) cursor=(1563,471)
[CURSOR-ABS] hand=(0.357,0.193) filter=(0.343,0.206) target=(1542,462) cursor=(1553,468)
[CURSOR-ABS] hand=(0.360,0.185) filter=(0.346,0.202) target=(1531,454) cursor=(1542,462)
[CURSOR-ABS] hand=(0.362,0.167) filter=(0.349,0.196) target=(1520,441) cursor=(1531,454)
[CURSOR-ABS] hand=(0.364,0.147) filter=(0.351,0.187) target=(1510,422) cursor=(1520,441)
[CURSOR-ABS] hand=(0.365,0.127) filter=(0.354,0.177) target=(1501,399) cursor=(1510,423)
[CURSOR-ABS] hand=(0.383,0.120) filter=(0.359,0.166) target=(1481,377) cursor=(1501,399)
[CURSOR-ABS] hand=(0.684,0.405) filter=(0.684,0.405) target=(427,618) cursor=(1481,377)
[CURSOR-ABS] hand=(0.678,0.410) filter=(0.683,0.406) target=(431,620) cursor=(433,617)
[CURSOR-ABS] hand=(0.675,0.434) filter=(0.682,0.411) target=(436,630) cursor=(431,620)
[CURSOR-ABS] hand=(0.665,0.460) filter=(0.679,0.419) target=(448,649) cursor=(436,630)
[CURSOR-ABS] hand=(0.651,0.477) filter=(0.671,0.436) target=(478,685) cursor=(448,649)
[CURSOR-ABS] hand=(0.637,0.497) filter=(0.665,0.447) target=(501,709) cursor=(478,685)
[CURSOR-ABS] hand=(0.616,0.523) filter=(0.656,0.461) target=(534,738) cursor=(500,708)
[CURSOR-ABS] hand=(0.596,0.541) filter=(0.645,0.476) target=(575,770) cursor=(533,738)
[CURSOR-ABS] hand=(0.574,0.558) filter=(0.633,0.491) target=(625,802) cursor=(575,770)
[CURSOR-ABS] hand=(0.555,0.574) filter=(0.619,0.506) target=(678,835) cursor=(625,802)
[CURSOR-ABS] hand=(0.534,0.583) filter=(0.603,0.520) target=(737,865) cursor=(677,834)
[CURSOR-ABS] hand=(0.512,0.589) filter=(0.587,0.533) target=(801,893) cursor=(736,865)
[CURSOR-ABS] hand=(0.492,0.593) filter=(0.569,0.544) target=(869,917) cursor=(801,893)
[CURSOR-ABS] hand=(0.478,0.591) filter=(0.552,0.553) target=(935,936) cursor=(868,917)
[CURSOR-ABS] hand=(0.462,0.590) filter=(0.535,0.559) target=(998,950) cursor=(935,936)
[CURSOR-ABS] hand=(0.449,0.586) filter=(0.519,0.564) target=(1061,961) cursor=(998,950)
[CURSOR-ABS] hand=(0.436,0.577) filter=(0.503,0.566) target=(1120,966) cursor=(1060,961)
[CURSOR-ABS] hand=(0.426,0.569) filter=(0.489,0.567) target=(1176,967) cursor=(1120,966)
[CURSOR-ABS] hand=(0.416,0.560) filter=(0.475,0.566) target=(1230,964) cursor=(1176,967)
[CURSOR-ABS] hand=(0.405,0.555) filter=(0.462,0.564) target=(1279,960) cursor=(1230,964)
[CURSOR-ABS] hand=(0.395,0.549) filter=(0.450,0.561) target=(1327,955) cursor=(1279,960)
[CURSOR-ABS] hand=(0.382,0.545) filter=(0.437,0.558) target=(1376,949) cursor=(1327,955)
[CURSOR-ABS] hand=(0.370,0.537) filter=(0.425,0.555) target=(1424,941) cursor=(1375,949)
[CURSOR-ABS] hand=(0.359,0.537) filter=(0.412,0.552) target=(1473,934) cursor=(1423,941)
[CURSOR-ABS] hand=(0.346,0.536) filter=(0.400,0.549) target=(1518,928) cursor=(1472,934)
[CURSOR-ABS] hand=(0.338,0.529) filter=(0.389,0.545) target=(1562,921) cursor=(1517,928)
[CURSOR-ABS] hand=(0.328,0.527) filter=(0.377,0.542) target=(1604,914) cursor=(1561,921)
[CURSOR-ABS] hand=(0.321,0.522) filter=(0.367,0.539) target=(1644,906) cursor=(1604,914)
[CURSOR-ABS] hand=(0.312,0.517) filter=(0.357,0.535) target=(1684,898) cursor=(1644,906)
[CURSOR-ABS] hand=(0.304,0.511) filter=(0.347,0.531) target=(1720,889) cursor=(1684,898)
[CURSOR-ABS] hand=(0.299,0.506) filter=(0.339,0.526) target=(1753,880) cursor=(1720,889)
[CURSOR-ABS] hand=(0.292,0.498) filter=(0.330,0.521) target=(1786,869) cursor=(1753,880)
[CURSOR-ABS] hand=(0.285,0.488) filter=(0.322,0.516) target=(1818,856) cursor=(1786,869)
[CURSOR-ABS] hand=(0.279,0.483) filter=(0.314,0.510) target=(1849,844) cursor=(1818,856)
[CURSOR-ABS] hand=(0.273,0.477) filter=(0.307,0.504) target=(1876,831) cursor=(1848,844)
[CURSOR-ABS] hand=(0.269,0.465) filter=(0.300,0.497) target=(1902,817) cursor=(1876,832)
[CURSOR-ABS] hand=(0.264,0.452) filter=(0.293,0.489) target=(1920,799) cursor=(1902,817)
[CURSOR-ABS] hand=(0.260,0.435) filter=(0.287,0.480) target=(1920,778) cursor=(1920,799)
[CURSOR-ABS] hand=(0.257,0.419) filter=(0.282,0.468) target=(1920,754) cursor=(1920,778)
[CURSOR-ABS] hand=(0.255,0.402) filter=(0.277,0.457) target=(1920,729) cursor=(1920,754)
[CURSOR-ABS] hand=(0.253,0.384) filter=(0.273,0.443) target=(1920,700) cursor=(1920,729)
[CURSOR-ABS] hand=(0.254,0.366) filter=(0.269,0.429) target=(1920,670) cursor=(1920,700)
[CURSOR-ABS] hand=(0.254,0.351) filter=(0.267,0.415) target=(1920,639) cursor=(1920,670)
[CURSOR-ABS] hand=(0.256,0.336) filter=(0.265,0.400) target=(1920,607) cursor=(1920,639)
[CURSOR-ABS] hand=(0.260,0.321) filter=(0.264,0.386) target=(1920,576) cursor=(1920,607)
[CURSOR-ABS] hand=(0.266,0.303) filter=(0.264,0.370) target=(1920,543) cursor=(1920,576)
[CURSOR-ABS] hand=(0.270,0.285) filter=(0.265,0.354) target=(1920,508) cursor=(1920,543)
[CURSOR-ABS] hand=(0.275,0.268) filter=(0.267,0.338) target=(1920,473) cursor=(1920,508)
[CURSOR-ABS] hand=(0.282,0.251) filter=(0.270,0.322) target=(1920,437) cursor=(1920,473)
[CURSOR-ABS] hand=(0.285,0.236) filter=(0.272,0.306) target=(1920,403) cursor=(1920,438)
[CURSOR-ABS] hand=(0.291,0.227) filter=(0.275,0.291) target=(1920,372) cursor=(1920,403)
[CURSOR-ABS] hand=(0.299,0.219) filter=(0.280,0.278) target=(1920,342) cursor=(1920,372)
[CURSOR-ABS] hand=(0.308,0.218) filter=(0.284,0.267) target=(1920,318) cursor=(1920,343)
[CURSOR-ABS] hand=(0.320,0.219) filter=(0.291,0.257) target=(1920,299) cursor=(1920,319)
[CURSOR-ABS] hand=(0.333,0.217) filter=(0.298,0.250) target=(1909,283) cursor=(1920,299)
[CURSOR-ABS] hand=(0.347,0.217) filter=(0.307,0.244) target=(1875,270) cursor=(1909,283)
[CURSOR-ABS] hand=(0.360,0.223) filter=(0.316,0.240) target=(1839,262) cursor=(1876,270)
[CURSOR-ABS] hand=(0.374,0.227) filter=(0.327,0.238) target=(1799,256) cursor=(1839,262)
[CURSOR-ABS] hand=(0.389,0.228) filter=(0.338,0.236) target=(1755,253) cursor=(1800,256)
[CURSOR-ABS] hand=(0.403,0.234) filter=(0.350,0.236) target=(1712,252) cursor=(1756,253)
[CURSOR-ABS] hand=(0.417,0.238) filter=(0.362,0.236) target=(1665,253) cursor=(1712,252)
[CURSOR-ABS] hand=(0.430,0.240) filter=(0.374,0.237) target=(1616,254) cursor=(1665,253)
[CURSOR-ABS] hand=(0.445,0.243) filter=(0.387,0.238) target=(1567,256) cursor=(1617,254)
[CURSOR-ABS] hand=(0.459,0.247) filter=(0.401,0.240) target=(1515,260) cursor=(1567,256)
[CURSOR-ABS] hand=(0.473,0.252) filter=(0.414,0.242) target=(1465,264) cursor=(1515,260)
[CURSOR-ABS] hand=(0.487,0.257) filter=(0.427,0.244) target=(1413,270) cursor=(1465,264)
[CURSOR-ABS] hand=(0.500,0.262) filter=(0.450,0.249) target=(1327,281) cursor=(1413,270)
[CURSOR-ABS] hand=(0.512,0.268) filter=(0.461,0.253) target=(1283,288) cursor=(1327,281)
[CURSOR-ABS] hand=(0.525,0.273) filter=(0.473,0.256) target=(1237,296) cursor=(1284,288)
[CURSOR-ABS] hand=(0.538,0.275) filter=(0.485,0.259) target=(1192,303) cursor=(1237,296)
[CURSOR-ABS] hand=(0.554,0.280) filter=(0.498,0.263) target=(1143,311) cursor=(1193,303)
[CURSOR-ABS] hand=(0.573,0.283) filter=(0.511,0.266) target=(1090,318) cursor=(1143,311)
[CURSOR-ABS] hand=(0.590,0.282) filter=(0.526,0.269) target=(1034,324) cursor=(1090,318)
[CURSOR-ABS] hand=(0.604,0.280) filter=(0.541,0.271) target=(978,328) cursor=(1034,324)
[CURSOR-ABS] hand=(0.622,0.279) filter=(0.556,0.272) target=(920,331) cursor=(978,328)
[CURSOR-ABS] hand=(0.636,0.276) filter=(0.571,0.273) target=(862,332) cursor=(920,331)
[CURSOR-ABS] hand=(0.646,0.269) filter=(0.585,0.272) target=(808,331) cursor=(863,332)
[CURSOR-ABS] hand=(0.656,0.269) filter=(0.598,0.272) target=(757,329) cursor=(808,331)
[CURSOR-ABS] hand=(0.668,0.276) filter=(0.611,0.272) target=(706,331) cursor=(758,329)
[CURSOR-ABS] hand=(0.684,0.270) filter=(0.624,0.272) target=(656,330) cursor=(706,331)
[CURSOR-ABS] hand=(0.693,0.268) filter=(0.637,0.271) target=(607,329) cursor=(656,330)
[CURSOR-ABS] hand=(0.694,0.261) filter=(0.648,0.270) target=(566,325) cursor=(607,329)
[CURSOR-ABS] hand=(0.694,0.255) filter=(0.656,0.267) target=(534,320) cursor=(566,325)
[CURSOR-ABS] hand=(0.686,0.247) filter=(0.662,0.263) target=(512,312) cursor=(534,320)
[CURSOR-ABS] hand=(0.674,0.238) filter=(0.664,0.259) target=(504,302) cursor=(512,312)
[CURSOR-ABS] hand=(0.663,0.217) filter=(0.664,0.252) target=(505,286) cursor=(504,302)
[CURSOR-ABS] hand=(0.654,0.183) filter=(0.662,0.240) target=(512,260) cursor=(505,286)
[CURSOR-ABS] hand=(0.644,0.157) filter=(0.659,0.225) target=(524,228) cursor=(512,261)
[CURSOR-ABS] hand=(0.635,0.133) filter=(0.655,0.208) target=(540,191) cursor=(524,229)
[CURSOR-ABS] hand=(0.541,0.186) filter=(0.541,0.186) target=(1012,677) cursor=(540,191)
[CURSOR-ABS] hand=(0.538,0.199) filter=(0.540,0.188) target=(1014,682) cursor=(1010,675)
[CURSOR-ABS] hand=(0.537,0.209) filter=(0.540,0.192) target=(1016,690) cursor=(1014,682)
[CURSOR-ABS] hand=(0.535,0.221) filter=(0.539,0.197) target=(1019,701) cursor=(1016,690)
[CURSOR-ABS] hand=(0.534,0.233) filter=(0.538,0.203) target=(1022,715) cursor=(1019,701)
[CURSOR-ABS] hand=(0.535,0.240) filter=(0.538,0.209) target=(1024,728) cursor=(1022,715)
[CURSOR-ABS] hand=(0.533,0.250) filter=(0.537,0.217) target=(1027,744) cursor=(1024,728)
[CURSOR-ABS] hand=(0.533,0.256) filter=(0.536,0.224) target=(1030,759) cursor=(1027,744)
[CURSOR-ABS] hand=(0.531,0.267) filter=(0.535,0.231) target=(1033,776) cursor=(1030,759)
[CURSOR-ABS] hand=(0.531,0.275) filter=(0.534,0.239) target=(1036,793) cursor=(1033,776)
[CURSOR-ABS] hand=(0.529,0.287) filter=(0.534,0.247) target=(1040,811) cursor=(1036,793)
[CURSOR-ABS] hand=(0.529,0.298) filter=(0.533,0.256) target=(1043,830) cursor=(1040,811)
[CURSOR-ABS] hand=(0.528,0.306) filter=(0.532,0.265) target=(1046,849) cursor=(1043,830)
[CURSOR-ABS] hand=(0.527,0.315) filter=(0.531,0.274) target=(1050,869) cursor=(1046,849)
[CURSOR-ABS] hand=(0.527,0.323) filter=(0.530,0.283) target=(1052,888) cursor=(1050,869)
[CURSOR-ABS] hand=(0.525,0.329) filter=(0.529,0.291) target=(1056,905) cursor=(1052,888)
[CURSOR-ABS] hand=(0.526,0.335) filter=(0.529,0.299) target=(1058,922) cursor=(1056,905)
[CURSOR-ABS] hand=(0.524,0.339) filter=(0.528,0.306) target=(1061,937) cursor=(1058,922)
[CURSOR-ABS] hand=(0.525,0.338) filter=(0.527,0.312) target=(1063,950) cursor=(1061,937)
[CURSOR-ABS] hand=(0.523,0.338) filter=(0.527,0.317) target=(1066,960) cursor=(1063,950)
[CURSOR-ABS] hand=(0.523,0.340) filter=(0.526,0.321) target=(1068,969) cursor=(1066,960)
[CURSOR-ABS] hand=(0.524,0.344) filter=(0.526,0.325) target=(1070,978) cursor=(1068,969)
[CURSOR-ABS] hand=(0.524,0.354) filter=(0.525,0.330) target=(1071,989) cursor=(1070,978)
[CURSOR-ABS] hand=(0.525,0.373) filter=(0.525,0.338) target=(1071,1005) cursor=(1071,989)
[CURSOR-ABS] hand=(0.525,0.394) filter=(0.525,0.348) target=(1071,1028) cursor=(1071,1005)
[CURSOR-ABS] hand=(0.527,0.412) filter=(0.526,0.359) target=(1070,1052) cursor=(1071,1028)
[CURSOR-ABS] hand=(0.529,0.425) filter=(0.526,0.371) target=(1068,1077) cursor=(1070,1051)
[CURSOR-ABS] hand=(0.532,0.437) filter=(0.527,0.383) target=(1064,1080) cursor=(1068,1077)
[CURSOR-ABS] hand=(0.533,0.446) filter=(0.528,0.395) target=(1061,1080) cursor=(1064,1080)
[CURSOR-ABS] hand=(0.535,0.454) filter=(0.529,0.406) target=(1056,1080) cursor=(1061,1080)
[CURSOR-ABS] hand=(0.537,0.461) filter=(0.531,0.416) target=(1051,1080) cursor=(1056,1080)
[CURSOR-ABS] hand=(0.539,0.467) filter=(0.532,0.425) target=(1046,1080) cursor=(1051,1080)
[CURSOR-ABS] hand=(0.542,0.471) filter=(0.534,0.433) target=(1040,1080) cursor=(1046,1080)
[CURSOR-ABS] hand=(0.543,0.472) filter=(0.535,0.440) target=(1034,1080) cursor=(1040,1080)
[CURSOR-ABS] hand=(0.544,0.473) filter=(0.537,0.446) target=(1028,1080) cursor=(1034,1080)
[CURSOR-ABS] hand=(0.546,0.473) filter=(0.538,0.451) target=(1022,1080) cursor=(1028,1080)
[CURSOR-ABS] hand=(0.547,0.473) filter=(0.540,0.455) target=(1016,1080) cursor=(1022,1080)
[CURSOR-ABS] hand=(0.549,0.470) filter=(0.541,0.458) target=(1009,1080) cursor=(1016,1080)
[CURSOR-ABS] hand=(0.558,0.468) filter=(0.544,0.459) target=(999,1080) cursor=(1010,1080)
[CURSOR-ABS] hand=(0.569,0.460) filter=(0.549,0.459) target=(982,1080) cursor=(999,1080)
[CURSOR-ABS] hand=(0.583,0.454) filter=(0.554,0.459) target=(960,1080) cursor=(983,1080)
[CURSOR-ABS] hand=(0.600,0.447) filter=(0.562,0.457) target=(929,1080) cursor=(960,1080)
[CURSOR-ABS] hand=(0.616,0.444) filter=(0.572,0.454) target=(893,1080) cursor=(930,1080)
[CURSOR-ABS] hand=(0.636,0.439) filter=(0.583,0.452) target=(849,1080) cursor=(893,1080)
[CURSOR-ABS] hand=(0.658,0.436) filter=(0.597,0.449) target=(796,1080) cursor=(849,1080)
[CURSOR-ABS] hand=(0.677,0.432) filter=(0.611,0.446) target=(742,1080) cursor=(796,1080)
[CURSOR-ABS] hand=(0.697,0.423) filter=(0.627,0.442) target=(681,1080) cursor=(742,1080)
[CURSOR-ABS] hand=(0.713,0.411) filter=(0.653,0.433) target=(580,1080) cursor=(681,1080)
[CURSOR-ABS] hand=(0.731,0.408) filter=(0.668,0.429) target=(525,1080) cursor=(580,1080)
[CURSOR-ABS] hand=(0.745,0.400) filter=(0.682,0.424) target=(470,1080) cursor=(526,1080)
[CURSOR-ABS] hand=(0.750,0.382) filter=(0.694,0.416) target=(422,1080) cursor=(471,1080)
[CURSOR-ABS] hand=(0.762,0.373) filter=(0.707,0.409) target=(374,1080) cursor=(423,1080)
[CURSOR-ABS] hand=(0.777,0.353) filter=(0.720,0.399) target=(325,1080) cursor=(374,1080)
[CURSOR-ABS] hand=(0.794,0.336) filter=(0.734,0.387) target=(271,1080) cursor=(325,1080)
[CURSOR-ABS] hand=(0.802,0.324) filter=(0.747,0.376) target=(222,1080) cursor=(272,1080)
[CURSOR-ABS] hand=(0.814,0.319) filter=(0.759,0.366) target=(175,1066) cursor=(222,1080)
[CURSOR-ABS] hand=(0.820,0.305) filter=(0.770,0.355) target=(132,1043) cursor=(175,1067)
[CURSOR-ABS] hand=(0.828,0.286) filter=(0.781,0.342) target=(90,1016) cursor=(132,1043)
[CURSOR-ABS] hand=(0.830,0.258) filter=(0.790,0.327) target=(56,982) cursor=(91,1016)
[CURSOR-ABS] hand=(0.834,0.236) filter=(0.798,0.310) target=(24,945) cursor=(56,982)
[CURSOR-ABS] hand=(0.836,0.207) filter=(0.805,0.291) target=(0,905) cursor=(24,945)
[CURSOR-ABS] hand=(0.834,0.183) filter=(0.810,0.271) target=(0,860) cursor=(0,905)
[CURSOR-ABS] hand=(0.835,0.164) filter=(0.815,0.250) target=(0,817) cursor=(0,861)
[CURSOR-ABS] hand=(0.831,0.154) filter=(0.818,0.232) target=(0,777) cursor=(0,817)
[CURSOR-ABS] hand=(0.824,0.139) filter=(0.819,0.214) target=(0,739) cursor=(0,778)
[CURSOR-ABS] hand=(0.824,0.131) filter=(0.820,0.199) target=(0,706) cursor=(0,739)
[CURSOR-ABS] hand=(0.815,0.111) filter=(0.819,0.182) target=(0,669) cursor=(0,706)
[CURSOR-ABS] hand=(0.814,0.104) filter=(0.818,0.167) target=(0,638) cursor=(0,670)
[CURSOR-ABS] hand=(0.808,0.096) filter=(0.816,0.154) target=(0,609) cursor=(0,638)
[CURSOR-ABS] hand=(0.804,0.095) filter=(0.814,0.143) target=(0,584) cursor=(0,609)
[CURSOR-ABS] hand=(0.792,0.090) filter=(0.810,0.133) target=(0,564) cursor=(0,585)
[CURSOR-ABS] hand=(0.782,0.075) filter=(0.806,0.122) target=(0,541) cursor=(0,564)
[CURSOR-ABS] hand=(0.775,0.076) filter=(0.800,0.114) target=(15,522) cursor=(0,541)
[CURSOR-ABS] hand=(0.770,0.076) filter=(0.795,0.107) target=(36,507) cursor=(15,522)
[CURSOR-ABS] hand=(0.761,0.078) filter=(0.789,0.101) target=(59,495) cursor=(36,507)
[CURSOR-ABS] hand=(0.651,0.097) filter=(0.695,0.098) target=(419,488) cursor=(59,495)
[CURSOR-ABS] hand=(0.639,0.110) filter=(0.686,0.100) target=(456,492) cursor=(417,488)
[CURSOR-ABS] hand=(0.623,0.108) filter=(0.675,0.101) target=(498,495) cursor=(456,492)
[CURSOR-ABS] hand=(0.608,0.107) filter=(0.663,0.102) target=(544,497) cursor=(498,495)
[CURSOR-ABS] hand=(0.595,0.110) filter=(0.650,0.104) target=(591,500) cursor=(544,497)
[CURSOR-ABS] hand=(0.582,0.118) filter=(0.638,0.106) target=(640,505) cursor=(591,500)
[CURSOR-ABS] hand=(0.570,0.130) filter=(0.626,0.110) target=(686,514) cursor=(639,505)
[CURSOR-ABS] hand=(0.558,0.141) filter=(0.613,0.115) target=(734,525) cursor=(686,514)
[CURSOR-ABS] hand=(0.547,0.145) filter=(0.601,0.120) target=(780,536) cursor=(733,525)
[CURSOR-ABS] hand=(0.538,0.158) filter=(0.590,0.127) target=(824,550) cursor=(780,536)
[CURSOR-ABS] hand=(0.525,0.167) filter=(0.578,0.134) target=(871,566) cursor=(824,550)
[CURSOR-ABS] hand=(0.515,0.177) filter=(0.566,0.142) target=(914,582) cursor=(871,566)
[CURSOR-ABS] hand=(0.503,0.184) filter=(0.555,0.149) target=(959,598) cursor=(914,582)
[CURSOR-ABS] hand=(0.491,0.191) filter=(0.543,0.156) target=(1004,614) cursor=(959,598)
[CURSOR-ABS] hand=(0.475,0.189) filter=(0.530,0.162) target=(1052,627) cursor=(1003,614)
[CURSOR-ABS] hand=(0.465,0.192) filter=(0.518,0.168) target=(1099,638) cursor=(1052,626)
[CURSOR-ABS] hand=(0.453,0.197) filter=(0.506,0.173) target=(1144,649) cursor=(1099,638)
[CURSOR-ABS] hand=(0.449,0.198) filter=(0.496,0.177) target=(1185,659) cursor=(1144,649)
[CURSOR-ABS] hand=(0.447,0.199) filter=(0.487,0.181) target=(1220,667) cursor=(1185,659)
[CURSOR-ABS] hand=(0.448,0.200) filter=(0.480,0.184) target=(1247,674) cursor=(1220,667)
[CURSOR-ABS] hand=(0.449,0.199) filter=(0.474,0.187) target=(1269,680) cursor=(1247,674)
[CURSOR-ABS] hand=(0.454,0.193) filter=(0.470,0.188) target=(1283,682) cursor=(1269,680)
[CURSOR-ABS] hand=(0.461,0.189) filter=(0.469,0.188) target=(1289,683) cursor=(1283,682)
[CURSOR-ABS] hand=(0.469,0.181) filter=(0.469,0.187) target=(1289,680) cursor=(1289,683)
[CURSOR-ABS] hand=(0.479,0.181) filter=(0.471,0.186) target=(1282,678) cursor=(1289,680)
[CURSOR-ABS] hand=(0.491,0.179) filter=(0.474,0.185) target=(1268,675) cursor=(1282,678)
[CURSOR-ABS] hand=(0.502,0.175) filter=(0.482,0.182) target=(1237,669) cursor=(1268,675)
[CURSOR-ABS] hand=(0.518,0.170) filter=(0.489,0.180) target=(1213,665) cursor=(1237,669)
[CURSOR-ABS] hand=(0.531,0.172) filter=(0.496,0.179) target=(1185,662) cursor=(1213,665)
[CURSOR-ABS] hand=(0.544,0.165) filter=(0.504,0.176) target=(1152,657) cursor=(1185,662)
[CURSOR-ABS] hand=(0.558,0.166) filter=(0.514,0.174) target=(1115,653) cursor=(1153,657)
[CURSOR-ABS] hand=(0.571,0.165) filter=(0.524,0.173) target=(1077,649) cursor=(1115,653)
[CURSOR-ABS] hand=(0.583,0.161) filter=(0.534,0.171) target=(1037,645) cursor=(1077,649)
[CURSOR-ABS] hand=(0.597,0.164) filter=(0.546,0.170) target=(993,643) cursor=(1037,645)
[CURSOR-ABS] hand=(0.614,0.174) filter=(0.558,0.171) target=(946,644) cursor=(994,643)
[CURSOR-ABS] hand=(0.625,0.176) filter=(0.571,0.172) target=(897,647) cursor=(946,644)
[CURSOR-ABS] hand=(0.640,0.183) filter=(0.583,0.173) target=(851,651) cursor=(898,647)
[CURSOR-ABS] hand=(0.648,0.184) filter=(0.595,0.175) target=(805,655) cursor=(851,651)
[CURSOR-ABS] hand=(0.660,0.186) filter=(0.607,0.177) target=(759,658) cursor=(805,655)
[CURSOR-ABS] hand=(0.678,0.181) filter=(0.620,0.178) target=(709,660) cursor=(760,658)
[CURSOR-ABS] hand=(0.692,0.176) filter=(0.633,0.177) target=(656,659) cursor=(709,660)
[CURSOR-ABS] hand=(0.698,0.175) filter=(0.645,0.177) target=(612,658) cursor=(657,659)
[CURSOR-ABS] hand=(0.704,0.166) filter=(0.656,0.175) target=(571,654) cursor=(613,658)
[CURSOR-ABS] hand=(0.713,0.162) filter=(0.666,0.173) target=(531,649) cursor=(571,654)
[CURSOR-ABS] hand=(0.720,0.148) filter=(0.676,0.168) target=(493,640) cursor=(531,649)
[CURSOR-ABS] hand=(0.723,0.136) filter=(0.685,0.163) target=(459,628) cursor=(493,640)
[CURSOR-ABS] hand=(0.728,0.124) filter=(0.693,0.156) target=(429,613) cursor=(459,628)
[CURSOR-ABS] hand=(0.734,0.118) filter=(0.700,0.149) target=(400,599) cursor=(429,613)
[CURSOR-ABS] hand=(0.732,0.109) filter=(0.706,0.142) target=(378,583) cursor=(400,599)
[CURSOR-ABS] hand=(0.730,0.101) filter=(0.710,0.135) target=(361,567) cursor=(378,583)
[CURSOR-ABS] hand=(0.730,0.097) filter=(0.714,0.128) target=(347,553) cursor=(361,567)
[CURSOR-ABS] hand=(0.570,0.076) filter=(0.603,0.088) target=(772,467) cursor=(347,553)
[CURSOR-ABS] hand=(0.556,0.081) filter=(0.595,0.087) target=(803,464) cursor=(770,467)
[CURSOR-ABS] hand=(0.544,0.090) filter=(0.586,0.087) target=(838,465) cursor=(803,464)
[CURSOR-ABS] hand=(0.529,0.095) filter=(0.576,0.089) target=(877,468) cursor=(837,465)
[CURSOR-ABS] hand=(0.516,0.101) filter=(0.565,0.091) target=(919,472) cursor=(876,468)
[CURSOR-ABS] hand=(0.501,0.111) filter=(0.554,0.094) target=(962,480) cursor=(918,472)
[CURSOR-ABS] hand=(0.485,0.114) filter=(0.541,0.098) target=(1010,487) cursor=(962,480)
[CURSOR-ABS] hand=(0.471,0.120) filter=(0.528,0.102) target=(1060,495) cursor=(1009,487)
[CURSOR-ABS] hand=(0.455,0.127) filter=(0.515,0.106) target=(1111,505) cursor=(1059,495)
[CURSOR-ABS] hand=(0.440,0.132) filter=(0.501,0.111) target=(1165,515) cursor=(1111,505)
[CURSOR-ABS] hand=(0.423,0.142) filter=(0.487,0.116) target=(1218,527) cursor=(1165,515)
[CURSOR-ABS] hand=(0.410,0.152) filter=(0.473,0.122) target=(1274,541) cursor=(1218,527)
[CURSOR-ABS] hand=(0.398,0.156) filter=(0.459,0.128) target=(1327,553) cursor=(1273,540)
[CURSOR-ABS] hand=(0.384,0.159) filter=(0.445,0.134) target=(1380,565) cursor=(1326,553)
[CURSOR-ABS] hand=(0.373,0.163) filter=(0.431,0.139) target=(1433,576) cursor=(1380,565)
[CURSOR-ABS] hand=(0.361,0.167) filter=(0.419,0.144) target=(1481,587) cursor=(1432,576)
[CURSOR-ABS] hand=(0.350,0.170) filter=(0.406,0.148) target=(1530,597) cursor=(1481,587)
[CURSOR-ABS] hand=(0.338,0.170) filter=(0.393,0.152) target=(1579,605) cursor=(1530,597)
[CURSOR-ABS] hand=(0.329,0.170) filter=(0.381,0.155) target=(1625,612) cursor=(1578,605)
[CURSOR-ABS] hand=(0.318,0.165) filter=(0.370,0.157) target=(1670,615) cursor=(1624,612)
[CURSOR-ABS] hand=(0.311,0.158) filter=(0.359,0.157) target=(1710,616) cursor=(1670,615)
[CURSOR-ABS] hand=(0.307,0.150) filter=(0.350,0.156) target=(1747,613) cursor=(1710,616)
[CURSOR-ABS] hand=(0.307,0.139) filter=(0.337,0.151) target=(1796,603) cursor=(1747,613)
[CURSOR-ABS] hand=(0.308,0.133) filter=(0.331,0.148) target=(1816,596) cursor=(1796,603)
[CURSOR-ABS] hand=(0.313,0.124) filter=(0.328,0.144) target=(1829,587) cursor=(1816,596)
[CURSOR-ABS] hand=(0.320,0.119) filter=(0.327,0.140) target=(1834,578) cursor=(1829,587)
[CURSOR-ABS] hand=(0.330,0.113) filter=(0.327,0.135) target=(1832,568) cursor=(1834,578)
[CURSOR-ABS] hand=(0.341,0.104) filter=(0.330,0.130) target=(1823,556) cursor=(1832,568)
[CURSOR-ABS] hand=(0.413,0.062) filter=(0.372,0.095) target=(1661,481) cursor=(1823,556)
[CURSOR-ABS] hand=(0.440,0.056) filter=(0.384,0.088) target=(1615,466) cursor=(1662,481)
[CURSOR-ABS] hand=(0.746,0.221) filter=(0.746,0.221) target=(957,694) cursor=(1615,466)
[CURSOR-ABS] hand=(0.741,0.229) filter=(0.745,0.223) target=(960,697) cursor=(960,693)
[CURSOR-ABS] hand=(0.737,0.237) filter=(0.744,0.225) target=(965,702) cursor=(960,697)
[CURSOR-ABS] hand=(0.726,0.251) filter=(0.741,0.230) target=(976,712) cursor=(965,702)
[CURSOR-ABS] hand=(0.717,0.259) filter=(0.736,0.235) target=(993,723) cursor=(976,712)
[CURSOR-ABS] hand=(0.703,0.273) filter=(0.730,0.242) target=(1016,738) cursor=(993,723)
[CURSOR-ABS] hand=(0.689,0.276) filter=(0.723,0.248) target=(1042,750) cursor=(1015,738)
[CURSOR-ABS] hand=(0.677,0.293) filter=(0.714,0.257) target=(1079,770) cursor=(1042,750)
[CURSOR-ABS] hand=(0.655,0.299) filter=(0.705,0.263) target=(1113,784) cursor=(1079,770)
[CURSOR-ABS] hand=(0.640,0.313) filter=(0.693,0.272) target=(1158,803) cursor=(1113,784)
[CURSOR-ABS] hand=(0.625,0.318) filter=(0.681,0.280) target=(1207,821) cursor=(1158,803)
[CURSOR-ABS] hand=(0.609,0.322) filter=(0.668,0.288) target=(1255,837) cursor=(1207,821)
[CURSOR-ABS] hand=(0.591,0.323) filter=(0.654,0.294) target=(1309,851) cursor=(1255,837)
[CURSOR-ABS] hand=(0.574,0.322) filter=(0.639,0.299) target=(1366,861) cursor=(1309,851)
[CURSOR-ABS] hand=(0.560,0.311) filter=(0.624,0.301) target=(1423,866) cursor=(1365,861)
[CURSOR-ABS] hand=(0.545,0.306) filter=(0.610,0.302) target=(1480,868) cursor=(1422,866)
[CURSOR-ABS] hand=(0.529,0.298) filter=(0.595,0.301) target=(1536,866) cursor=(1480,868)
[CURSOR-ABS] hand=(0.515,0.286) filter=(0.580,0.299) target=(1593,861) cursor=(1535,866)
[CURSOR-ABS] hand=(0.503,0.271) filter=(0.566,0.294) target=(1648,850) cursor=(1593,861)
[CURSOR-ABS] hand=(0.496,0.255) filter=(0.553,0.287) target=(1698,836) cursor=(1648,850)
[CURSOR-ABS] hand=(0.484,0.236) filter=(0.540,0.278) target=(1748,816) cursor=(1698,836)
[CURSOR-ABS] hand=(0.471,0.206) filter=(0.527,0.266) target=(1796,790) cursor=(1747,817)
[CURSOR-ABS] hand=(0.451,0.151) filter=(0.513,0.245) target=(1851,745) cursor=(1796,790)
[CURSOR-ABS] hand=(0.425,0.098) filter=(0.497,0.218) target=(1914,687) cursor=(1851,745)
