[CURSOR-ABS] handSide=unknown hand=(0.184,0.417) filter=(0.184,0.417) target=(1920,461) cursor=(1915,461)
[CURSOR-ABS] handSide=unknown hand=(0.196,0.435) filter=(0.196,0.435) target=(1920,461) cursor=(1920,461)
[CURSOR-ABS] handSide=unknown hand=(0.211,0.452) filter=(0.211,0.452) target=(1920,461) cursor=(1920,461)
[CURSOR-ABS] handSide=unknown hand=(0.224,0.468) filter=(0.224,0.468) target=(1920,461) cursor=(1920,461)
[CURSOR-ABS] handSide=unknown hand=(0.241,0.479) filter=(0.241,0.479) target=(1920,461) cursor=(1920,461)
[CURSOR-ABS] handSide=unknown hand=(0.256,0.490) filter=(0.256,0.490) target=(1920,462) cursor=(1920,462)
[CURSOR-ABS] handSide=unknown hand=(0.274,0.497) filter=(0.274,0.497) target=(1920,465) cursor=(1920,465)
[CURSOR-ABS] handSide=unknown hand=(0.293,0.498) filter=(0.293,0.498) target=(1918,467) cursor=(1918,467)
[CURSOR-ABS] handSide=unknown hand=(0.313,0.501) filter=(0.313,0.501) target=(1918,467) cursor=(1918,467)
[CURSOR-ABS] handSide=unknown hand=(0.335,0.493) filter=(0.335,0.493) target=(1918,467) cursor=(1918,467)
[CURSOR-ABS] handSide=unknown hand=(0.355,0.497) filter=(0.355,0.497) target=(1918,467) cursor=(1918,467)
[CURSOR-ABS] handSide=unknown hand=(0.379,0.491) filter=(0.379,0.491) target=(1918,468) cursor=(1918,468)
[CURSOR-ABS] handSide=unknown hand=(0.397,0.485) filter=(0.397,0.485) target=(1917,468) cursor=(1917,468)
[CURSOR-ABS] handSide=unknown hand=(0.414,0.474) filter=(0.414,0.474) target=(1917,468) cursor=(1917,468)
[CURSOR-ABS] handSide=unknown hand=(0.433,0.468) filter=(0.433,0.468) target=(1917,468) cursor=(1917,468)
[CURSOR-ABS] handSide=unknown hand=(0.448,0.453) filter=(0.448,0.453) target=(1917,468) cursor=(1917,468)
[CURSOR-ABS] handSide=unknown hand=(0.462,0.445) filter=(0.462,0.445) target=(1916,468) cursor=(1916,468)
[CURSOR-ABS] handSide=unknown hand=(0.477,0.432) filter=(0.477,0.432) target=(1916,468) cursor=(1916,468)
[CURSOR-ABS] handSide=unknown hand=(0.490,0.415) filter=(0.490,0.415) target=(1916,468) cursor=(1916,468)
[CURSOR-ABS] handSide=unknown hand=(0.503,0.394) filter=(0.503,0.394) target=(1915,468) cursor=(1915,468)
[CURSOR-ABS] handSide=unknown hand=(0.507,0.368) filter=(0.507,0.368) target=(1915,468) cursor=(1915,468)
[CURSOR-ABS] handSide=unknown hand=(0.506,0.339) filter=(0.506,0.339) target=(1915,468) cursor=(1915,468)
[CURSOR-ABS] handSide=unknown hand=(0.498,0.313) filter=(0.498,0.313) target=(1914,468) cursor=(1914,468)
[CURSOR-ABS] handSide=unknown hand=(0.487,0.287) filter=(0.487,0.287) target=(1914,468) cursor=(1914,468)
[CURSOR-ABS] handSide=unknown hand=(0.473,0.265) filter=(0.473,0.265) target=(1913,468) cursor=(1913,468)
[CURSOR-ABS] handSide=unknown hand=(0.456,0.251) filter=(0.456,0.251) target=(1913,468) cursor=(1913,468)
[CURSOR-ABS] handSide=unknown hand=(0.436,0.230) filter=(0.436,0.230) target=(1913,468) cursor=(1913,468)
[CURSOR-ABS] handSide=unknown hand=(0.419,0.203) filter=(0.419,0.203) target=(1913,468) cursor=(1913,468)
[CURSOR-ABS] handSide=unknown hand=(0.403,0.185) filter=(0.403,0.185) target=(1912,468) cursor=(1912,468)
[CURSOR-ABS] handSide=unknown hand=(0.385,0.175) filter=(0.385,0.175) target=(1912,467) cursor=(1912,467)
[CURSOR-ABS] handSide=unknown hand=(0.372,0.161) filter=(0.372,0.161) target=(1912,467) cursor=(1912,467)
[CURSOR-ABS] handSide=unknown hand=(0.358,0.152) filter=(0.358,0.152) target=(1912,467) cursor=(1912,467)
[CURSOR-ABS] handSide=unknown hand=(0.340,0.142) filter=(0.340,0.142) target=(1912,467) cursor=(1912,467)
[CURSOR-ABS] handSide=unknown hand=(0.324,0.135) filter=(0.324,0.135) target=(1912,467) cursor=(1912,467)
[CURSOR-ABS] handSide=unknown hand=(0.308,0.126) filter=(0.308,0.126) target=(1912,467) cursor=(1912,467)
[CURSOR-ABS] handSide=unknown hand=(0.293,0.116) filter=(0.293,0.116) target=(1912,467) cursor=(1912,467)
[CURSOR-ABS] handSide=unknown hand=(0.265,0.111) filter=(0.265,0.111) target=(1912,466) cursor=(1912,466)
[CURSOR-ABS] handSide=unknown hand=(0.248,0.101) filter=(0.248,0.101) target=(1912,466) cursor=(1912,466)
[CURSOR-ABS] handSide=unknown hand=(0.201,0.123) filter=(0.201,0.123) target=(1912,466) cursor=(1912,466)
[CURSOR-ABS] handSide=unknown hand=(0.162,0.127) filter=(0.162,0.127) target=(1912,466) cursor=(1912,466)
[CURSOR-ABS] handSide=unknown hand=(0.151,0.134) filter=(0.151,0.134) target=(1913,465) cursor=(1913,465)
[CURSOR-ABS] handSide=unknown hand=(0.145,0.136) filter=(0.145,0.136) target=(1913,465) cursor=(1913,465)
[CURSOR-ABS] handSide=unknown hand=(0.137,0.163) filter=(0.137,0.163) target=(1913,465) cursor=(1913,465)
[CURSOR-ABS] handSide=unknown hand=(0.135,0.182) filter=(0.135,0.182) target=(1914,465) cursor=(1914,465)
[CURSOR-ABS] handSide=unknown hand=(0.134,0.210) filter=(0.134,0.210) target=(1914,465) cursor=(1914,465)
[CURSOR-ABS] handSide=unknown hand=(0.138,0.244) filter=(0.138,0.244) target=(1914,465) cursor=(1914,465)
[CURSOR-ABS] handSide=unknown hand=(0.144,0.292) filter=(0.144,0.292) target=(1915,464) cursor=(1915,464)
[CURSOR-ABS] handSide=unknown hand=(0.155,0.344) filter=(0.155,0.344) target=(1915,464) cursor=(1915,464)
[CURSOR-ABS] handSide=unknown hand=(0.171,0.342) filter=(0.171,0.342) target=(1915,464) cursor=(1915,464)
[CURSOR-ABS] handSide=unknown hand=(0.191,0.377) filter=(0.191,0.377) target=(1915,464) cursor=(1915,464)
[CURSOR-ABS] handSide=unknown hand=(0.210,0.405) filter=(0.210,0.405) target=(1915,464) cursor=(1915,464)
[CURSOR-ABS] handSide=unknown hand=(0.228,0.433) filter=(0.228,0.433) target=(1916,465) cursor=(1916,465)
[CURSOR-ABS] handSide=unknown hand=(0.249,0.447) filter=(0.249,0.447) target=(1916,465) cursor=(1916,465)
[CURSOR-ABS] handSide=unknown hand=(0.265,0.461) filter=(0.265,0.461) target=(1916,465) cursor=(1916,465)
[CURSOR-ABS] handSide=unknown hand=(0.283,0.475) filter=(0.283,0.475) target=(1916,465) cursor=(1916,465)
[CURSOR-ABS] handSide=unknown hand=(0.299,0.491) filter=(0.299,0.491) target=(1916,465) cursor=(1916,465)
[CURSOR-ABS] handSide=unknown hand=(0.318,0.511) filter=(0.318,0.511) target=(1916,465) cursor=(1916,465)
[CURSOR-ABS] handSide=unknown hand=(0.339,0.512) filter=(0.339,0.512) target=(1916,465) cursor=(1916,465)
[CURSOR-ABS] handSide=unknown hand=(0.361,0.519) filter=(0.361,0.519) target=(1915,465) cursor=(1915,465)
[CURSOR-ABS] handSide=unknown hand=(0.389,0.518) filter=(0.389,0.518) target=(1915,465) cursor=(1915,465)
[CURSOR-ABS] handSide=unknown hand=(0.418,0.510) filter=(0.418,0.510) target=(1915,465) cursor=(1915,465)
[CURSOR-ABS] handSide=unknown hand=(0.444,0.502) filter=(0.444,0.502) target=(1915,466) cursor=(1915,466)
[CURSOR-ABS] handSide=unknown hand=(0.472,0.486) filter=(0.472,0.486) target=(1914,466) cursor=(1914,466)
[CURSOR-ABS] handSide=unknown hand=(0.499,0.464) filter=(0.499,0.464) target=(1914,466) cursor=(1914,466)
[CURSOR-ABS] handSide=unknown hand=(0.526,0.446) filter=(0.526,0.446) target=(1914,466) cursor=(1914,466)
[CURSOR-ABS] handSide=unknown hand=(0.546,0.414) filter=(0.546,0.414) target=(1913,466) cursor=(1913,466)
[CURSOR-ABS] handSide=unknown hand=(0.559,0.380) filter=(0.559,0.380) target=(1912,466) cursor=(1912,466)
[CURSOR-ABS] handSide=unknown hand=(0.565,0.343) filter=(0.565,0.343) target=(1912,466) cursor=(1912,466)
[CURSOR-ABS] handSide=unknown hand=(0.563,0.304) filter=(0.563,0.304) target=(1911,466) cursor=(1911,466)
[CURSOR-ABS] handSide=unknown hand=(0.557,0.268) filter=(0.557,0.268) target=(1910,466) cursor=(1910,466)
[CURSOR-ABS] handSide=unknown hand=(0.544,0.236) filter=(0.544,0.236) target=(1910,466) cursor=(1910,466)
[CURSOR-ABS] handSide=unknown hand=(0.525,0.213) filter=(0.525,0.213) target=(1909,466) cursor=(1909,466)
[CURSOR-ABS] handSide=unknown hand=(0.504,0.194) filter=(0.504,0.194) target=(1909,465) cursor=(1909,465)
[CURSOR-ABS] handSide=unknown hand=(0.478,0.181) filter=(0.478,0.181) target=(1908,465) cursor=(1908,465)
[CURSOR-ABS] handSide=unknown hand=(0.453,0.171) filter=(0.453,0.171) target=(1908,465) cursor=(1908,465)
[CURSOR-ABS] handSide=unknown hand=(0.424,0.159) filter=(0.424,0.159) target=(1907,465) cursor=(1907,465)
[CURSOR-ABS] handSide=unknown hand=(0.398,0.170) filter=(0.398,0.170) target=(1907,465) cursor=(1907,465)
[CURSOR-ABS] handSide=unknown hand=(0.366,0.176) filter=(0.366,0.176) target=(1907,464) cursor=(1907,464)
[CURSOR-ABS] handSide=unknown hand=(0.340,0.195) filter=(0.340,0.195) target=(1907,464) cursor=(1907,464)
[CURSOR-ABS] handSide=unknown hand=(0.318,0.221) filter=(0.318,0.221) target=(1907,464) cursor=(1907,464)
[CURSOR-ABS] handSide=unknown hand=(0.293,0.241) filter=(0.293,0.241) target=(1907,464) cursor=(1907,464)
[CURSOR-ABS] handSide=unknown hand=(0.273,0.272) filter=(0.273,0.272) target=(1907,464) cursor=(1907,464)
[CURSOR-ABS] handSide=unknown hand=(0.246,0.293) filter=(0.246,0.293) target=(1907,464) cursor=(1907,464)
[CURSOR-ABS] handSide=unknown hand=(0.226,0.322) filter=(0.226,0.322) target=(1907,464) cursor=(1907,464)
[CURSOR-ABS] handSide=unknown hand=(0.218,0.349) filter=(0.218,0.349) target=(1907,464) cursor=(1907,464)
[CURSOR-ABS] handSide=unknown hand=(0.209,0.364) filter=(0.209,0.364) target=(1908,464) cursor=(1908,464)
[CURSOR-ABS] handSide=unknown hand=(0.203,0.383) filter=(0.203,0.383) target=(1908,464) cursor=(1908,464)
[CURSOR-ABS] handSide=unknown hand=(0.198,0.409) filter=(0.198,0.409) target=(1908,464) cursor=(1908,464)
[CURSOR-ABS] handSide=unknown hand=(0.197,0.430) filter=(0.197,0.430) target=(1908,464) cursor=(1908,464)
[CURSOR-ABS] handSide=unknown hand=(0.196,0.455) filter=(0.196,0.455) target=(1909,464) cursor=(1909,464)
[CURSOR-ABS] handSide=unknown hand=(0.203,0.466) filter=(0.203,0.466) target=(1909,464) cursor=(1909,464)
[CURSOR-ABS] handSide=unknown hand=(0.212,0.495) filter=(0.212,0.495) target=(1909,464) cursor=(1909,464)
[CURSOR-ABS] handSide=unknown hand=(0.226,0.507) filter=(0.226,0.507) target=(1909,464) cursor=(1909,464)
[CURSOR-ABS] handSide=unknown hand=(0.241,0.532) filter=(0.241,0.532) target=(1909,464) cursor=(1909,464)
[CURSOR-ABS] handSide=unknown hand=(0.258,0.544) filter=(0.258,0.544) target=(1909,465) cursor=(1909,465)
[CURSOR-ABS] handSide=unknown hand=(0.280,0.557) filter=(0.280,0.557) target=(1909,465) cursor=(1909,465)
[CURSOR-ABS] handSide=unknown hand=(0.301,0.567) filter=(0.301,0.567) target=(1909,465) cursor=(1909,465)
[CURSOR-ABS] handSide=unknown hand=(0.322,0.577) filter=(0.322,0.577) target=(1909,465) cursor=(1909,465)
[CURSOR-ABS] handSide=unknown hand=(0.344,0.577) filter=(0.344,0.577) target=(1909,465) cursor=(1909,465)
[CURSOR-ABS] handSide=unknown hand=(0.364,0.577) filter=(0.364,0.577) target=(1909,465) cursor=(1909,465)
[CURSOR-ABS] handSide=unknown hand=(0.386,0.578) filter=(0.386,0.578) target=(1909,466) cursor=(1909,466)
[CURSOR-ABS] handSide=unknown hand=(0.403,0.563) filter=(0.403,0.563) target=(1908,466) cursor=(1908,466)
[CURSOR-ABS] handSide=unknown hand=(0.419,0.545) filter=(0.419,0.545) target=(1908,466) cursor=(1908,466)
[CURSOR-ABS] handSide=unknown hand=(0.435,0.515) filter=(0.435,0.515) target=(1908,466) cursor=(1908,466)
[CURSOR-ABS] handSide=unknown hand=(0.446,0.480) filter=(0.446,0.480) target=(1907,466) cursor=(1907,466)
[CURSOR-ABS] handSide=unknown hand=(0.451,0.437) filter=(0.451,0.437) target=(1907,466) cursor=(1907,466)
[CURSOR-ABS] handSide=unknown hand=(0.447,0.388) filter=(0.447,0.388) target=(1906,466) cursor=(1906,466)
[CURSOR-ABS] handSide=unknown hand=(0.441,0.329) filter=(0.441,0.329) target=(1906,466) cursor=(1906,466)
[CURSOR-ABS] handSide=unknown hand=(0.429,0.271) filter=(0.429,0.271) target=(1906,466) cursor=(1906,466)
[CURSOR-ABS] handSide=unknown hand=(0.413,0.217) filter=(0.413,0.217) target=(1905,466) cursor=(1905,466)
[CURSOR-ABS] handSide=unknown hand=(0.396,0.161) filter=(0.396,0.161) target=(1905,466) cursor=(1905,466)
[CURSOR-ABS] handSide=unknown hand=(0.353,0.113) filter=(0.353,0.113) target=(1905,466) cursor=(1905,466)
[CURSOR-ABS] handSide=unknown hand=(0.346,0.064) filter=(0.346,0.064) target=(1905,465) cursor=(1905,465)
[CURSOR-ABS] handSide=unknown hand=(0.272,0.026) filter=(0.272,0.026) target=(1905,465) cursor=(1905,465)
[CURSOR-ABS] handSide=unknown hand=(0.247,0.024) filter=(0.247,0.024) target=(1905,465) cursor=(1905,465)
[CURSOR-ABS] handSide=unknown hand=(0.238,0.053) filter=(0.238,0.053) target=(1905,464) cursor=(1905,464)
[CURSOR-ABS] handSide=unknown hand=(0.232,0.051) filter=(0.232,0.051) target=(1905,464) cursor=(1905,464)
[CURSOR-ABS] handSide=unknown hand=(0.201,0.062) filter=(0.201,0.062) target=(1906,464) cursor=(1906,464)
[CURSOR-ABS] handSide=unknown hand=(0.171,0.095) filter=(0.171,0.095) target=(1906,463) cursor=(1906,463)
[CURSOR-ABS] handSide=unknown hand=(0.161,0.114) filter=(0.161,0.114) target=(1907,463) cursor=(1907,463)
[CURSOR-ABS] handSide=unknown hand=(0.153,0.128) filter=(0.153,0.128) target=(1907,463) cursor=(1907,463)
[CURSOR-ABS] handSide=unknown hand=(0.142,0.144) filter=(0.142,0.144) target=(1907,462) cursor=(1907,462)
[CURSOR-ABS] handSide=unknown hand=(0.136,0.157) filter=(0.136,0.157) target=(1908,462) cursor=(1908,462)
[CURSOR-ABS] handSide=unknown hand=(0.137,0.165) filter=(0.137,0.165) target=(1908,462) cursor=(1908,462)
[CURSOR-ABS] handSide=unknown hand=(0.141,0.160) filter=(0.141,0.160) target=(1909,462) cursor=(1909,462)
[CURSOR-ABS] handSide=unknown hand=(0.161,0.150) filter=(0.161,0.150) target=(1909,461) cursor=(1909,461)
[CURSOR-ABS] handSide=unknown hand=(0.620,0.032) filter=(0.620,0.032) target=(1908,461) cursor=(1908,461)
[CURSOR-ABS] handSide=unknown hand=(0.621,0.032) filter=(0.621,0.032) target=(1907,460) cursor=(1907,460)
[CURSOR-ABS] handSide=unknown hand=(0.620,0.033) filter=(0.620,0.033) target=(1905,459) cursor=(1905,459)
[CURSOR-ABS] handSide=unknown hand=(0.618,0.032) filter=(0.618,0.032) target=(1904,459) cursor=(1904,459)
[CURSOR-ABS] handSide=unknown hand=(0.620,0.031) filter=(0.620,0.031) target=(1903,458) cursor=(1903,458)
[CURSOR-ABS] handSide=unknown hand=(0.618,0.029) filter=(0.618,0.029) target=(1902,458) cursor=(1902,458)
[CURSOR-ABS] handSide=unknown hand=(0.618,0.033) filter=(0.618,0.033) target=(1901,457) cursor=(1901,457)
[CURSOR-ABS] handSide=unknown hand=(0.618,0.026) filter=(0.618,0.026) target=(1900,457) cursor=(1900,457)
[CURSOR-ABS] handSide=unknown hand=(0.616,0.027) filter=(0.616,0.027) target=(1899,456) cursor=(1899,456)
[CURSOR-ABS] handSide=unknown hand=(0.615,0.028) filter=(0.615,0.028) target=(1898,455) cursor=(1898,455)
[CURSOR-ABS] handSide=unknown hand=(0.613,0.029) filter=(0.613,0.029) target=(1896,455) cursor=(1896,455)
[CURSOR-ABS] handSide=unknown hand=(0.613,0.036) filter=(0.613,0.036) target=(1895,454) cursor=(1895,454)
[CURSOR-ABS] handSide=unknown hand=(0.611,0.037) filter=(0.611,0.037) target=(1894,454) cursor=(1894,454)
[CURSOR-ABS] handSide=unknown hand=(0.612,0.038) filter=(0.612,0.038) target=(1893,453) cursor=(1893,453)
[CURSOR-ABS] handSide=unknown hand=(0.613,0.036) filter=(0.613,0.036) target=(1891,452) cursor=(1891,452)
[CURSOR-ABS] handSide=unknown hand=(0.613,0.031) filter=(0.613,0.031) target=(1890,452) cursor=(1890,452)
[CURSOR-ABS] handSide=unknown hand=(0.613,0.031) filter=(0.613,0.031) target=(1889,451) cursor=(1889,451)
[CURSOR-ABS] handSide=unknown hand=(0.612,0.031) filter=(0.612,0.031) target=(1887,450) cursor=(1887,450)
[CURSOR-ABS] handSide=unknown hand=(0.612,0.032) filter=(0.612,0.032) target=(1886,450) cursor=(1886,450)
[CURSOR-ABS] handSide=unknown hand=(0.618,0.032) filter=(0.618,0.032) target=(1885,449) cursor=(1885,449)
[CURSOR-ABS] handSide=unknown hand=(0.617,0.030) filter=(0.617,0.030) target=(1883,448) cursor=(1883,448)
[CURSOR-ABS] handSide=unknown hand=(0.618,0.029) filter=(0.618,0.029) target=(1882,447) cursor=(1882,447)
[CURSOR-ABS] handSide=unknown hand=(0.617,0.030) filter=(0.617,0.030) target=(1881,447) cursor=(1881,447)
[CURSOR-ABS] handSide=unknown hand=(0.616,0.028) filter=(0.616,0.028) target=(1879,446) cursor=(1879,446)
[CURSOR-ABS] handSide=unknown hand=(0.618,0.027) filter=(0.618,0.027) target=(1878,445) cursor=(1878,445)
[CURSOR-ABS] handSide=unknown hand=(0.617,0.026) filter=(0.617,0.026) target=(1876,445) cursor=(1876,445)
[CURSOR-ABS] handSide=unknown hand=(0.617,0.026) filter=(0.617,0.026) target=(1874,444) cursor=(1874,444)
[CURSOR-ABS] handSide=unknown hand=(0.619,0.026) filter=(0.619,0.026) target=(1873,443) cursor=(1873,443)
[CURSOR-ABS] handSide=unknown hand=(0.617,0.026) filter=(0.617,0.026) target=(1871,442) cursor=(1871,442)
[CURSOR-ABS] handSide=unknown hand=(0.618,0.026) filter=(0.618,0.026) target=(1869,441) cursor=(1869,441)
[CURSOR-ABS] handSide=unknown hand=(0.618,0.025) filter=(0.618,0.025) target=(1867,440) cursor=(1867,440)
[CURSOR-ABS] handSide=unknown hand=(0.618,0.028) filter=(0.618,0.028) target=(1865,439) cursor=(1865,439)
[CURSOR-ABS] handSide=unknown hand=(0.617,0.027) filter=(0.617,0.027) target=(1864,438) cursor=(1864,438)
[CURSOR-ABS] handSide=unknown hand=(0.613,0.032) filter=(0.613,0.032) target=(1862,437) cursor=(1862,437)
[CURSOR-ABS] handSide=unknown hand=(0.610,0.035) filter=(0.610,0.035) target=(1860,437) cursor=(1860,437)
[CURSOR-ABS] handSide=unknown hand=(0.612,0.033) filter=(0.612,0.033) target=(1858,436) cursor=(1858,436)
[CURSOR-ABS] handSide=unknown hand=(0.611,0.032) filter=(0.611,0.032) target=(1856,435) cursor=(1857,435)
[CURSOR-ABS] handSide=unknown hand=(0.614,0.028) filter=(0.614,0.028) target=(1855,434) cursor=(1855,434)
[CURSOR-ABS] handSide=unknown hand=(0.615,0.027) filter=(0.615,0.027) target=(1853,433) cursor=(1853,433)
[CURSOR-ABS] handSide=unknown hand=(0.612,0.030) filter=(0.612,0.030) target=(1848,431) cursor=(1848,431)
[CURSOR-ABS] handSide=unknown hand=(0.614,0.028) filter=(0.614,0.028) target=(1846,430) cursor=(1846,430)
[CURSOR-ABS] handSide=unknown hand=(0.613,0.028) filter=(0.613,0.028) target=(1844,428) cursor=(1844,428)
[CURSOR-ABS] handSide=unknown hand=(0.615,0.027) filter=(0.615,0.027) target=(1842,427) cursor=(1842,427)
[CURSOR-ABS] handSide=unknown hand=(0.613,0.028) filter=(0.613,0.028) target=(1840,426) cursor=(1840,426)
[CURSOR-ABS] handSide=unknown hand=(0.616,0.026) filter=(0.616,0.026) target=(1837,425) cursor=(1838,425)
[CURSOR-ABS] handSide=unknown hand=(0.614,0.026) filter=(0.614,0.026) target=(1835,424) cursor=(1835,424)
[CURSOR-ABS] handSide=unknown hand=(0.616,0.027) filter=(0.616,0.027) target=(1833,423) cursor=(1833,423)
[CURSOR-ABS] handSide=unknown hand=(0.615,0.028) filter=(0.615,0.028) target=(1831,422) cursor=(1831,422)
[CURSOR-ABS] handSide=unknown hand=(0.616,0.026) filter=(0.616,0.026) target=(1829,421) cursor=(1829,421)
[CURSOR-ABS] handSide=unknown hand=(0.616,0.025) filter=(0.616,0.025) target=(1827,420) cursor=(1827,420)
[CURSOR-ABS] handSide=unknown hand=(0.614,0.030) filter=(0.614,0.030) target=(1825,419) cursor=(1825,419)
[CURSOR-ABS] handSide=unknown hand=(0.614,0.028) filter=(0.614,0.028) target=(1823,418) cursor=(1823,418)
[CURSOR-ABS] handSide=unknown hand=(0.614,0.027) filter=(0.614,0.027) target=(1821,417) cursor=(1821,417)
[CURSOR-ABS] handSide=unknown hand=(0.612,0.034) filter=(0.612,0.034) target=(1818,416) cursor=(1818,416)
[CURSOR-ABS] handSide=unknown hand=(0.611,0.033) filter=(0.611,0.033) target=(1816,415) cursor=(1816,415)
[CURSOR-ABS] handSide=unknown hand=(0.610,0.034) filter=(0.610,0.034) target=(1814,413) cursor=(1814,414)
[CURSOR-ABS] handSide=unknown hand=(0.613,0.025) filter=(0.613,0.025) target=(1812,412) cursor=(1812,412)
[CURSOR-ABS] handSide=unknown hand=(0.613,0.028) filter=(0.613,0.028) target=(1810,411) cursor=(1810,411)
[CURSOR-ABS] handSide=unknown hand=(0.614,0.029) filter=(0.614,0.029) target=(1807,410) cursor=(1807,410)
[CURSOR-ABS] handSide=unknown hand=(0.614,0.029) filter=(0.614,0.029) target=(1805,409) cursor=(1805,409)
[CURSOR-ABS] handSide=unknown hand=(0.614,0.029) filter=(0.614,0.029) target=(1803,408) cursor=(1803,408)
[CURSOR-ABS] handSide=unknown hand=(0.614,0.028) filter=(0.614,0.028) target=(1801,407) cursor=(1801,407)
[CURSOR-ABS] handSide=unknown hand=(0.615,0.028) filter=(0.615,0.028) target=(1798,406) cursor=(1798,406)
[CURSOR-ABS] handSide=unknown hand=(0.617,0.026) filter=(0.617,0.026) target=(1796,404) cursor=(1796,404)
[CURSOR-ABS] handSide=unknown hand=(0.616,0.026) filter=(0.616,0.026) target=(1793,403) cursor=(1793,403)
[CURSOR-ABS] handSide=unknown hand=(0.615,0.028) filter=(0.615,0.028) target=(1791,402) cursor=(1791,402)
[CURSOR-ABS] handSide=unknown hand=(0.617,0.025) filter=(0.617,0.025) target=(1789,401) cursor=(1789,401)
[CURSOR-ABS] handSide=unknown hand=(0.618,0.027) filter=(0.618,0.027) target=(1786,399) cursor=(1786,399)
[CURSOR-ABS] handSide=unknown hand=(0.616,0.028) filter=(0.616,0.028) target=(1784,398) cursor=(1784,398)
[CURSOR-ABS] handSide=unknown hand=(0.615,0.027) filter=(0.615,0.027) target=(1781,397) cursor=(1781,397)
[CURSOR-ABS] handSide=unknown hand=(0.616,0.026) filter=(0.616,0.026) target=(1779,396) cursor=(1779,396)
[CURSOR-ABS] handSide=unknown hand=(0.616,0.027) filter=(0.616,0.027) target=(1776,394) cursor=(1776,394)
[CURSOR-ABS] handSide=unknown hand=(0.616,0.027) filter=(0.616,0.027) target=(1774,393) cursor=(1774,393)
[CURSOR-ABS] handSide=unknown hand=(0.617,0.026) filter=(0.617,0.026) target=(1771,392) cursor=(1771,392)
[CURSOR-ABS] handSide=unknown hand=(0.616,0.026) filter=(0.616,0.026) target=(1767,390) cursor=(1767,390)
[CURSOR-ABS] handSide=unknown hand=(0.617,0.026) filter=(0.617,0.026) target=(1761,386) cursor=(1761,387)
[CURSOR-ABS] handSide=unknown hand=(0.614,0.033) filter=(0.614,0.033) target=(1758,385) cursor=(1758,385)
[CURSOR-ABS] handSide=unknown hand=(0.616,0.027) filter=(0.616,0.027) target=(1750,381) cursor=(1750,381)
[CURSOR-ABS] handSide=unknown hand=(0.614,0.032) filter=(0.614,0.032) target=(1747,380) cursor=(1747,380)
[CURSOR-ABS] handSide=unknown hand=(0.614,0.033) filter=(0.614,0.033) target=(1743,377) cursor=(1743,377)
[CURSOR-ABS] handSide=unknown hand=(0.614,0.027) filter=(0.614,0.027) target=(1740,376) cursor=(1740,376)
[CURSOR-ABS] handSide=unknown hand=(0.613,0.031) filter=(0.613,0.031) target=(1737,375) cursor=(1737,375)
[CURSOR-ABS] handSide=unknown hand=(0.615,0.027) filter=(0.615,0.027) target=(1735,373) cursor=(1735,373)
[CURSOR-ABS] handSide=unknown hand=(0.617,0.024) filter=(0.617,0.024) target=(1732,372) cursor=(1732,372)
[CURSOR-ABS] handSide=unknown hand=(0.613,0.030) filter=(0.613,0.030) target=(1729,371) cursor=(1729,371)
[CURSOR-ABS] handSide=unknown hand=(0.618,0.024) filter=(0.618,0.024) target=(1727,369) cursor=(1727,369)
[CURSOR-ABS] handSide=unknown hand=(0.618,0.027) filter=(0.618,0.027) target=(1724,367) cursor=(1724,368)
[CURSOR-ABS] handSide=unknown hand=(0.617,0.026) filter=(0.617,0.026) target=(1721,366) cursor=(1721,366)
[CURSOR-ABS] handSide=unknown hand=(0.618,0.023) filter=(0.618,0.023) target=(1718,364) cursor=(1718,364)
[CURSOR-ABS] handSide=unknown hand=(0.617,0.025) filter=(0.617,0.025) target=(1715,363) cursor=(1715,363)
[CURSOR-ABS] handSide=unknown hand=(0.618,0.025) filter=(0.618,0.025) target=(1712,361) cursor=(1712,361)
[CURSOR-ABS] handSide=unknown hand=(0.618,0.024) filter=(0.618,0.024) target=(1708,360) cursor=(1708,360)
[CURSOR-ABS] handSide=unknown hand=(0.619,0.023) filter=(0.619,0.023) target=(1706,358) cursor=(1706,358)
[CURSOR-ABS] handSide=unknown hand=(0.618,0.028) filter=(0.618,0.028) target=(1703,357) cursor=(1703,357)
[CURSOR-ABS] handSide=unknown hand=(0.619,0.023) filter=(0.619,0.023) target=(1700,355) cursor=(1700,355)
[CURSOR-ABS] handSide=unknown hand=(0.617,0.029) filter=(0.617,0.029) target=(1697,354) cursor=(1697,354)
[CURSOR-ABS] handSide=unknown hand=(0.619,0.024) filter=(0.619,0.024) target=(1694,352) cursor=(1694,352)
[CURSOR-ABS] handSide=unknown hand=(0.619,0.023) filter=(0.619,0.023) target=(1691,350) cursor=(1691,351)
[CURSOR-ABS] handSide=unknown hand=(0.617,0.029) filter=(0.617,0.029) target=(1688,349) cursor=(1688,349)
[CURSOR-ABS] handSide=unknown hand=(0.621,0.023) filter=(0.621,0.023) target=(1685,347) cursor=(1685,347)
[CURSOR-ABS] handSide=unknown hand=(0.620,0.024) filter=(0.620,0.024) target=(1682,346) cursor=(1682,346)
[CURSOR-ABS] handSide=unknown hand=(0.619,0.029) filter=(0.619,0.029) target=(1679,344) cursor=(1679,344)
[CURSOR-ABS] handSide=unknown hand=(0.618,0.029) filter=(0.618,0.029) target=(1676,342) cursor=(1676,342)
[CURSOR-ABS] handSide=unknown hand=(0.616,0.030) filter=(0.616,0.030) target=(1673,341) cursor=(1673,341)
[CURSOR-ABS] handSide=unknown hand=(0.619,0.028) filter=(0.619,0.028) target=(1670,339) cursor=(1670,339)
[CURSOR-ABS] handSide=unknown hand=(0.619,0.028) filter=(0.619,0.028) target=(1667,338) cursor=(1667,338)
[CURSOR-ABS] handSide=unknown hand=(0.620,0.027) filter=(0.620,0.027) target=(1664,336) cursor=(1664,336)
[CURSOR-ABS] handSide=unknown hand=(0.618,0.030) filter=(0.618,0.030) target=(1661,334) cursor=(1661,334)
[CURSOR-ABS] handSide=unknown hand=(0.618,0.029) filter=(0.618,0.029) target=(1658,333) cursor=(1658,333)
[CURSOR-ABS] handSide=unknown hand=(0.617,0.033) filter=(0.617,0.033) target=(1654,331) cursor=(1654,331)
[CURSOR-ABS] handSide=unknown hand=(0.620,0.026) filter=(0.620,0.026) target=(1651,329) cursor=(1651,329)
[CURSOR-ABS] handSide=unknown hand=(0.620,0.025) filter=(0.620,0.025) target=(1648,327) cursor=(1648,327)
[CURSOR-ABS] handSide=unknown hand=(0.619,0.029) filter=(0.619,0.029) target=(1644,326) cursor=(1645,326)
[CURSOR-ABS] handSide=unknown hand=(0.622,0.023) filter=(0.622,0.023) target=(1641,324) cursor=(1641,324)
[CURSOR-ABS] handSide=unknown hand=(0.622,0.024) filter=(0.622,0.024) target=(1638,322) cursor=(1638,322)
[CURSOR-ABS] handSide=unknown hand=(0.625,0.022) filter=(0.625,0.022) target=(1635,320) cursor=(1635,320)
[CURSOR-ABS] handSide=unknown hand=(0.620,0.026) filter=(0.620,0.026) target=(1631,318) cursor=(1631,318)
[CURSOR-ABS] handSide=unknown hand=(0.620,0.025) filter=(0.620,0.025) target=(1628,316) cursor=(1628,316)
[CURSOR-ABS] handSide=unknown hand=(0.621,0.024) filter=(0.621,0.024) target=(1624,314) cursor=(1624,314)
[CURSOR-ABS] handSide=unknown hand=(0.622,0.025) filter=(0.622,0.025) target=(1621,312) cursor=(1621,312)
[CURSOR-ABS] handSide=unknown hand=(0.622,0.024) filter=(0.622,0.024) target=(1617,311) cursor=(1617,311)
[CURSOR-ABS] handSide=unknown hand=(0.620,0.025) filter=(0.620,0.025) target=(1614,309) cursor=(1614,309)
[CURSOR-ABS] handSide=unknown hand=(0.620,0.028) filter=(0.620,0.028) target=(1611,307) cursor=(1611,307)
[CURSOR-ABS] handSide=unknown hand=(0.620,0.028) filter=(0.620,0.028) target=(1607,305) cursor=(1607,305)
[CURSOR-ABS] handSide=unknown hand=(0.619,0.028) filter=(0.619,0.028) target=(1604,303) cursor=(1604,303)
[CURSOR-ABS] handSide=unknown hand=(0.621,0.028) filter=(0.621,0.028) target=(1600,301) cursor=(1600,301)
[CURSOR-ABS] handSide=unknown hand=(0.621,0.031) filter=(0.621,0.031) target=(1597,299) cursor=(1597,299)
[CURSOR-ABS] handSide=unknown hand=(0.621,0.029) filter=(0.621,0.029) target=(1594,297) cursor=(1594,297)
[CURSOR-ABS] handSide=unknown hand=(0.619,0.028) filter=(0.619,0.028) target=(1590,296) cursor=(1590,296)
[CURSOR-ABS] handSide=unknown hand=(0.621,0.028) filter=(0.621,0.028) target=(1587,294) cursor=(1587,294)
[CURSOR-ABS] handSide=unknown hand=(0.622,0.024) filter=(0.622,0.024) target=(1584,292) cursor=(1584,292)
[CURSOR-ABS] handSide=unknown hand=(0.622,0.024) filter=(0.622,0.024) target=(1581,290) cursor=(1581,290)
[CURSOR-ABS] handSide=unknown hand=(0.622,0.024) filter=(0.622,0.024) target=(1578,288) cursor=(1578,288)
[CURSOR-ABS] handSide=unknown hand=(0.621,0.027) filter=(0.621,0.027) target=(1575,286) cursor=(1575,287)
[CURSOR-ABS] handSide=unknown hand=(0.621,0.025) filter=(0.621,0.025) target=(1572,285) cursor=(1572,285)
[CURSOR-ABS] handSide=unknown hand=(0.620,0.027) filter=(0.620,0.027) target=(1569,283) cursor=(1569,283)
[CURSOR-ABS] handSide=unknown hand=(0.622,0.026) filter=(0.622,0.026) target=(1566,282) cursor=(1566,282)
[CURSOR-ABS] handSide=unknown hand=(0.626,0.022) filter=(0.626,0.022) target=(1563,279) cursor=(1563,280)
[CURSOR-ABS] handSide=unknown hand=(0.625,0.022) filter=(0.625,0.022) target=(1560,278) cursor=(1560,278)
[CURSOR-ABS] handSide=unknown hand=(0.626,0.020) filter=(0.626,0.020) target=(1557,276) cursor=(1557,276)
[CURSOR-ABS] handSide=unknown hand=(0.621,0.028) filter=(0.621,0.028) target=(1554,274) cursor=(1554,274)
[CURSOR-ABS] handSide=unknown hand=(0.624,0.025) filter=(0.624,0.025) target=(1551,273) cursor=(1551,273)
[CURSOR-ABS] handSide=unknown hand=(0.622,0.026) filter=(0.622,0.026) target=(1548,271) cursor=(1548,271)
[CURSOR-ABS] handSide=unknown hand=(0.620,0.027) filter=(0.620,0.027) target=(1545,269) cursor=(1545,269)
[CURSOR-ABS] handSide=unknown hand=(0.623,0.024) filter=(0.623,0.024) target=(1542,267) cursor=(1543,267)
[CURSOR-ABS] handSide=unknown hand=(0.625,0.023) filter=(0.625,0.023) target=(1540,266) cursor=(1540,266)
[CURSOR-ABS] handSide=unknown hand=(0.627,0.019) filter=(0.627,0.019) target=(1536,264) cursor=(1536,264)
[CURSOR-ABS] handSide=unknown hand=(0.629,0.019) filter=(0.629,0.019) target=(1533,262) cursor=(1533,262)
[CURSOR-ABS] handSide=unknown hand=(0.623,0.026) filter=(0.623,0.026) target=(1529,259) cursor=(1529,259)
[CURSOR-ABS] handSide=unknown hand=(0.623,0.029) filter=(0.623,0.029) target=(1526,257) cursor=(1526,257)
[CURSOR-ABS] handSide=unknown hand=(0.621,0.023) filter=(0.621,0.023) target=(1523,255) cursor=(1523,255)
[CURSOR-ABS] handSide=unknown hand=(0.624,0.023) filter=(0.624,0.023) target=(1519,253) cursor=(1519,253)
[CURSOR-ABS] handSide=unknown hand=(0.622,0.024) filter=(0.622,0.024) target=(1516,251) cursor=(1516,251)
[CURSOR-ABS] handSide=unknown hand=(0.623,0.023) filter=(0.623,0.023) target=(1513,249) cursor=(1513,249)
[CURSOR-ABS] handSide=unknown hand=(0.622,0.022) filter=(0.622,0.022) target=(1509,247) cursor=(1509,247)
[CURSOR-ABS] handSide=unknown hand=(0.625,0.018) filter=(0.625,0.018) target=(1506,245) cursor=(1506,245)
[CURSOR-ABS] handSide=unknown hand=(0.628,0.019) filter=(0.628,0.019) target=(1503,243) cursor=(1503,243)
[CURSOR-ABS] handSide=unknown hand=(0.628,0.021) filter=(0.628,0.021) target=(1499,241) cursor=(1499,241)
[CURSOR-ABS] handSide=unknown hand=(0.624,0.026) filter=(0.624,0.026) target=(1496,239) cursor=(1496,239)
[CURSOR-ABS] handSide=unknown hand=(0.622,0.027) filter=(0.622,0.027) target=(1493,237) cursor=(1493,237)
[CURSOR-ABS] handSide=unknown hand=(0.624,0.024) filter=(0.624,0.024) target=(1489,234) cursor=(1489,234)
[CURSOR-ABS] handSide=unknown hand=(0.623,0.026) filter=(0.623,0.026) target=(1486,232) cursor=(1486,232)
[CURSOR-ABS] handSide=unknown hand=(0.624,0.023) filter=(0.624,0.023) target=(1482,230) cursor=(1482,230)
[CURSOR-ABS] handSide=unknown hand=(0.624,0.021) filter=(0.624,0.021) target=(1479,228) cursor=(1479,228)
[CURSOR-ABS] handSide=unknown hand=(0.621,0.023) filter=(0.621,0.023) target=(1476,225) cursor=(1476,226)
[CURSOR-ABS] handSide=unknown hand=(0.621,0.023) filter=(0.621,0.023) target=(1472,223) cursor=(1472,223)
[CURSOR-ABS] handSide=unknown hand=(0.621,0.027) filter=(0.621,0.027) target=(1469,221) cursor=(1469,221)
[CURSOR-ABS] handSide=unknown hand=(0.623,0.024) filter=(0.623,0.024) target=(1466,219) cursor=(1466,219)
[CURSOR-ABS] handSide=unknown hand=(0.622,0.027) filter=(0.622,0.027) target=(1462,217) cursor=(1462,217)
[CURSOR-ABS] handSide=unknown hand=(0.621,0.034) filter=(0.621,0.034) target=(1459,215) cursor=(1459,215)
[CURSOR-ABS] handSide=unknown hand=(0.625,0.021) filter=(0.625,0.021) target=(1456,213) cursor=(1456,213)
[CURSOR-ABS] handSide=unknown hand=(0.618,0.026) filter=(0.618,0.026) target=(1453,211) cursor=(1453,211)
[CURSOR-ABS] handSide=unknown hand=(0.624,0.026) filter=(0.624,0.026) target=(1450,209) cursor=(1450,209)
[CURSOR-ABS] handSide=unknown hand=(0.623,0.026) filter=(0.623,0.026) target=(1446,206) cursor=(1446,206)
[CURSOR-ABS] handSide=unknown hand=(0.627,0.017) filter=(0.627,0.017) target=(1443,204) cursor=(1443,204)
[CURSOR-ABS] handSide=unknown hand=(0.627,0.019) filter=(0.627,0.019) target=(1440,202) cursor=(1440,202)
[CURSOR-ABS] handSide=unknown hand=(0.623,0.022) filter=(0.623,0.022) target=(1436,199) cursor=(1436,199)
[CURSOR-ABS] handSide=unknown hand=(0.626,0.020) filter=(0.626,0.020) target=(1433,197) cursor=(1433,197)
[CURSOR-ABS] handSide=unknown hand=(0.628,0.021) filter=(0.628,0.021) target=(1430,195) cursor=(1430,195)
[CURSOR-ABS] handSide=unknown hand=(0.628,0.022) filter=(0.628,0.022) target=(1427,193) cursor=(1427,193)
[CURSOR-ABS] handSide=unknown hand=(0.625,0.027) filter=(0.625,0.027) target=(1424,191) cursor=(1424,191)
[CURSOR-ABS] handSide=unknown hand=(0.623,0.034) filter=(0.623,0.034) target=(1417,187) cursor=(1417,187)
[CURSOR-ABS] handSide=unknown hand=(0.624,0.027) filter=(0.624,0.027) target=(1415,185) cursor=(1415,185)
[CURSOR-ABS] handSide=unknown hand=(0.623,0.024) filter=(0.623,0.024) target=(1412,182) cursor=(1412,182)
[CURSOR-ABS] handSide=unknown hand=(0.625,0.025) filter=(0.625,0.025) target=(1407,179) cursor=(1407,179)
[CURSOR-ABS] handSide=unknown hand=(0.622,0.027) filter=(0.622,0.027) target=(1405,178) cursor=(1405,178)
[CURSOR-ABS] handSide=unknown hand=(0.625,0.022) filter=(0.625,0.022) target=(1402,176) cursor=(1402,176)
[CURSOR-ABS] handSide=unknown hand=(0.625,0.023) filter=(0.625,0.023) target=(1399,174) cursor=(1399,174)
[CURSOR-ABS] handSide=unknown hand=(0.628,0.020) filter=(0.628,0.020) target=(1396,171) cursor=(1396,171)
[CURSOR-ABS] handSide=unknown hand=(0.625,0.027) filter=(0.625,0.027) target=(1393,169) cursor=(1393,169)
[CURSOR-ABS] handSide=unknown hand=(0.625,0.025) filter=(0.625,0.025) target=(1390,167) cursor=(1390,167)
[CURSOR-ABS] handSide=unknown hand=(0.622,0.027) filter=(0.622,0.027) target=(1387,165) cursor=(1387,165)
[CURSOR-ABS] handSide=unknown hand=(0.624,0.027) filter=(0.624,0.027) target=(1384,163) cursor=(1384,163)
[CURSOR-ABS] handSide=unknown hand=(0.625,0.024) filter=(0.625,0.024) target=(1380,160) cursor=(1380,160)
[CURSOR-ABS] handSide=unknown hand=(0.627,0.023) filter=(0.627,0.023) target=(1377,158) cursor=(1377,158)
[CURSOR-ABS] handSide=unknown hand=(0.623,0.029) filter=(0.623,0.029) target=(1374,156) cursor=(1374,156)
[CURSOR-ABS] handSide=unknown hand=(0.625,0.027) filter=(0.625,0.027) target=(1371,154) cursor=(1371,154)
[CURSOR-ABS] handSide=unknown hand=(0.627,0.023) filter=(0.627,0.023) target=(1368,151) cursor=(1368,151)
[CURSOR-ABS] handSide=unknown hand=(0.623,0.031) filter=(0.623,0.031) target=(1365,149) cursor=(1365,149)
[CURSOR-ABS] handSide=unknown hand=(0.628,0.024) filter=(0.628,0.024) target=(1361,147) cursor=(1361,147)
[CURSOR-ABS] handSide=unknown hand=(0.626,0.029) filter=(0.626,0.029) target=(1358,144) cursor=(1358,144)
[CURSOR-ABS] handSide=unknown hand=(0.625,0.028) filter=(0.625,0.028) target=(1355,142) cursor=(1355,142)
[CURSOR-ABS] handSide=unknown hand=(0.626,0.029) filter=(0.626,0.029) target=(1352,140) cursor=(1352,140)
[CURSOR-ABS] handSide=unknown hand=(0.629,0.022) filter=(0.629,0.022) target=(1349,137) cursor=(1349,137)
[CURSOR-ABS] handSide=unknown hand=(0.620,0.027) filter=(0.620,0.027) target=(1345,135) cursor=(1346,135)
[CURSOR-ABS] handSide=unknown hand=(0.627,0.020) filter=(0.627,0.020) target=(1342,133) cursor=(1342,133)
[CURSOR-ABS] handSide=unknown hand=(0.620,0.025) filter=(0.620,0.025) target=(1339,130) cursor=(1339,130)
[CURSOR-ABS] handSide=unknown hand=(0.625,0.025) filter=(0.625,0.025) target=(1336,128) cursor=(1336,128)
[CURSOR-ABS] handSide=unknown hand=(0.621,0.027) filter=(0.621,0.027) target=(1333,126) cursor=(1333,126)
[CURSOR-ABS] handSide=unknown hand=(0.631,0.021) filter=(0.631,0.021) target=(1330,123) cursor=(1330,123)
[CURSOR-ABS] handSide=unknown hand=(0.622,0.034) filter=(0.622,0.034) target=(1327,121) cursor=(1327,121)
[CURSOR-ABS] handSide=unknown hand=(0.624,0.035) filter=(0.624,0.035) target=(1324,119) cursor=(1324,119)
[CURSOR-ABS] handSide=unknown hand=(0.623,0.032) filter=(0.623,0.032) target=(1321,117) cursor=(1321,117)
[CURSOR-ABS] handSide=unknown hand=(0.625,0.028) filter=(0.625,0.028) target=(1318,115) cursor=(1318,115)
[CURSOR-ABS] handSide=unknown hand=(0.624,0.026) filter=(0.624,0.026) target=(1315,112) cursor=(1315,112)
[CURSOR-ABS] handSide=unknown hand=(0.627,0.020) filter=(0.627,0.020) target=(1312,110) cursor=(1312,110)
[CURSOR-ABS] handSide=unknown hand=(0.625,0.024) filter=(0.625,0.024) target=(1309,108) cursor=(1309,108)
[CURSOR-ABS] handSide=unknown hand=(0.625,0.023) filter=(0.625,0.023) target=(1306,105) cursor=(1306,105)
[CURSOR-ABS] handSide=unknown hand=(0.618,0.025) filter=(0.618,0.025) target=(1303,103) cursor=(1303,103)
[CURSOR-ABS] handSide=unknown hand=(0.627,0.024) filter=(0.627,0.024) target=(1300,100) cursor=(1300,100)
[CURSOR-ABS] handSide=unknown hand=(0.622,0.029) filter=(0.622,0.029) target=(1296,98) cursor=(1297,98)
[CURSOR-ABS] handSide=unknown hand=(0.624,0.025) filter=(0.624,0.025) target=(1293,96) cursor=(1293,96)
[CURSOR-ABS] handSide=unknown hand=(0.625,0.031) filter=(0.625,0.031) target=(1290,93) cursor=(1290,93)
[CURSOR-ABS] handSide=unknown hand=(0.623,0.037) filter=(0.623,0.037) target=(1287,91) cursor=(1287,91)
[CURSOR-ABS] handSide=unknown hand=(0.620,0.031) filter=(0.620,0.031) target=(1284,89) cursor=(1284,89)
[CURSOR-ABS] handSide=unknown hand=(0.616,0.022) filter=(0.616,0.022) target=(1281,86) cursor=(1281,86)
[CURSOR-ABS] handSide=unknown hand=(0.623,0.024) filter=(0.623,0.024) target=(1278,84) cursor=(1278,84)
[CURSOR-ABS] handSide=unknown hand=(0.625,0.027) filter=(0.625,0.027) target=(1275,82) cursor=(1275,82)
[CURSOR-ABS] handSide=unknown hand=(0.625,0.028) filter=(0.625,0.028) target=(1272,79) cursor=(1272,79)
[CURSOR-ABS] handSide=unknown hand=(0.625,0.028) filter=(0.625,0.028) target=(1269,77) cursor=(1269,77)
[CURSOR-ABS] handSide=unknown hand=(0.625,0.028) filter=(0.625,0.028) target=(1266,74) cursor=(1266,74)
[CURSOR-ABS] handSide=unknown hand=(0.625,0.029) filter=(0.625,0.029) target=(1263,72) cursor=(1263,72)
[CURSOR-ABS] handSide=unknown hand=(0.619,0.024) filter=(0.619,0.024) target=(1260,70) cursor=(1260,70)
[CURSOR-ABS] handSide=unknown hand=(0.625,0.026) filter=(0.625,0.026) target=(1257,68) cursor=(1257,68)
[CURSOR-ABS] handSide=unknown hand=(0.623,0.025) filter=(0.623,0.025) target=(1255,65) cursor=(1255,65)
[CURSOR-ABS] handSide=unknown hand=(0.624,0.022) filter=(0.624,0.022) target=(1252,63) cursor=(1252,63)
[CURSOR-ABS] handSide=unknown hand=(0.620,0.033) filter=(0.620,0.033) target=(1249,61) cursor=(1249,61)
[CURSOR-ABS] handSide=unknown hand=(0.622,0.034) filter=(0.622,0.034) target=(1246,59) cursor=(1246,59)
[CURSOR-ABS] handSide=unknown hand=(0.618,0.034) filter=(0.618,0.034) target=(1243,56) cursor=(1243,56)
[CURSOR-ABS] handSide=unknown hand=(0.621,0.028) filter=(0.621,0.028) target=(1240,54) cursor=(1240,54)
[CURSOR-ABS] handSide=unknown hand=(0.614,0.018) filter=(0.614,0.018) target=(1237,52) cursor=(1237,52)
[CURSOR-ABS] handSide=unknown hand=(0.619,0.024) filter=(0.619,0.024) target=(1235,49) cursor=(1235,49)
[CURSOR-ABS] handSide=unknown hand=(0.620,0.029) filter=(0.620,0.029) target=(1232,47) cursor=(1232,47)
[CURSOR-ABS] handSide=unknown hand=(0.624,0.025) filter=(0.624,0.025) target=(1230,45) cursor=(1230,45)
[CURSOR-ABS] handSide=unknown hand=(0.624,0.027) filter=(0.624,0.027) target=(1227,43) cursor=(1227,43)
[CURSOR-ABS] handSide=unknown hand=(0.624,0.027) filter=(0.624,0.027) target=(1224,41) cursor=(1224,41)
[CURSOR-ABS] handSide=unknown hand=(0.623,0.026) filter=(0.623,0.026) target=(1222,39) cursor=(1222,39)
[CURSOR-ABS] handSide=unknown hand=(0.627,0.021) filter=(0.627,0.021) target=(1219,37) cursor=(1219,37)
[CURSOR-ABS] handSide=unknown hand=(0.625,0.028) filter=(0.625,0.028) target=(1216,35) cursor=(1216,35)
[CURSOR-ABS] handSide=unknown hand=(0.626,0.025) filter=(0.626,0.025) target=(1213,32) cursor=(1213,32)
[CURSOR-ABS] handSide=unknown hand=(0.623,0.029) filter=(0.623,0.029) target=(1210,29) cursor=(1210,29)
[CURSOR-ABS] handSide=unknown hand=(0.623,0.027) filter=(0.623,0.027) target=(1207,27) cursor=(1207,27)
[CURSOR-ABS] handSide=unknown hand=(0.623,0.028) filter=(0.623,0.028) target=(1204,25) cursor=(1204,25)
[CURSOR-ABS] handSide=unknown hand=(0.624,0.026) filter=(0.624,0.026) target=(1201,22) cursor=(1201,22)
[CURSOR-ABS] handSide=unknown hand=(0.624,0.024) filter=(0.624,0.024) target=(1198,20) cursor=(1198,20)
[CURSOR-ABS] handSide=unknown hand=(0.625,0.024) filter=(0.625,0.024) target=(1195,17) cursor=(1195,17)
[CURSOR-ABS] handSide=unknown hand=(0.625,0.026) filter=(0.625,0.026) target=(1192,15) cursor=(1192,15)
[CURSOR-ABS] handSide=unknown hand=(0.623,0.023) filter=(0.623,0.023) target=(1189,12) cursor=(1189,12)
[CURSOR-ABS] handSide=unknown hand=(0.625,0.022) filter=(0.625,0.022) target=(1186,10) cursor=(1186,10)
[CURSOR-ABS] handSide=unknown hand=(0.624,0.028) filter=(0.624,0.028) target=(1183,7) cursor=(1183,7)
[CURSOR-ABS] handSide=unknown hand=(0.624,0.026) filter=(0.624,0.026) target=(1180,5) cursor=(1180,5)
[CURSOR-ABS] handSide=unknown hand=(0.619,0.031) filter=(0.619,0.031) target=(1177,2) cursor=(1177,2)
[CURSOR-ABS] handSide=unknown hand=(0.620,0.030) filter=(0.620,0.030) target=(1174,0) cursor=(1174,0)
[CURSOR-ABS] handSide=unknown hand=(0.607,0.029) filter=(0.607,0.029) target=(1171,0) cursor=(1171,0)
[CURSOR-ABS] handSide=unknown hand=(0.580,0.059) filter=(0.580,0.059) target=(1184,0) cursor=(1184,0)
[CURSOR-ABS] handSide=unknown hand=(0.571,0.091) filter=(0.571,0.091) target=(1181,0) cursor=(1181,0)
[CURSOR-ABS] handSide=unknown hand=(0.561,0.121) filter=(0.561,0.121) target=(1179,0) cursor=(1179,0)
[CURSOR-ABS] handSide=unknown hand=(0.533,0.109) filter=(0.533,0.109) target=(1178,0) cursor=(1178,0)
[CURSOR-ABS] handSide=unknown hand=(0.508,0.142) filter=(0.508,0.142) target=(1177,0) cursor=(1177,0)
[CURSOR-ABS] handSide=unknown hand=(0.484,0.183) filter=(0.484,0.183) target=(1165,0) cursor=(1165,0)
[CURSOR-ABS] handSide=unknown hand=(0.457,0.221) filter=(0.457,0.221) target=(1151,96) cursor=(1151,96)
[CURSOR-ABS] handSide=unknown hand=(0.426,0.238) filter=(0.426,0.238) target=(1151,96) cursor=(1151,96)
[CURSOR-ABS] handSide=unknown hand=(0.404,0.256) filter=(0.404,0.256) target=(1152,96) cursor=(1152,96)
[CURSOR-ABS] handSide=unknown hand=(0.381,0.269) filter=(0.381,0.269) target=(1154,96) cursor=(1154,96)
[CURSOR-ABS] handSide=unknown hand=(0.367,0.280) filter=(0.367,0.280) target=(1155,96) cursor=(1155,96)
[CURSOR-ABS] handSide=unknown hand=(0.357,0.290) filter=(0.357,0.290) target=(1157,96) cursor=(1157,96)
[CURSOR-ABS] handSide=unknown hand=(0.353,0.302) filter=(0.353,0.302) target=(1158,96) cursor=(1158,96)
[CURSOR-ABS] handSide=unknown hand=(0.351,0.310) filter=(0.351,0.310) target=(1160,96) cursor=(1160,96)
[CURSOR-ABS] handSide=unknown hand=(0.351,0.319) filter=(0.351,0.319) target=(1162,96) cursor=(1162,96)
[CURSOR-ABS] handSide=unknown hand=(0.356,0.328) filter=(0.356,0.328) target=(1163,96) cursor=(1163,96)
[CURSOR-ABS] handSide=unknown hand=(0.361,0.335) filter=(0.361,0.335) target=(1165,96) cursor=(1165,96)
[CURSOR-ABS] handSide=unknown hand=(0.370,0.341) filter=(0.370,0.341) target=(1166,96) cursor=(1166,96)
[CURSOR-ABS] handSide=unknown hand=(0.380,0.345) filter=(0.380,0.345) target=(1167,96) cursor=(1167,96)
[CURSOR-ABS] handSide=unknown hand=(0.392,0.345) filter=(0.392,0.345) target=(1168,96) cursor=(1168,96)
[CURSOR-ABS] handSide=unknown hand=(0.404,0.341) filter=(0.404,0.341) target=(1169,96) cursor=(1169,96)
[CURSOR-ABS] handSide=unknown hand=(0.421,0.336) filter=(0.421,0.336) target=(1170,96) cursor=(1170,96)
[CURSOR-ABS] handSide=unknown hand=(0.441,0.333) filter=(0.441,0.333) target=(1170,96) cursor=(1170,96)
[CURSOR-ABS] handSide=unknown hand=(0.465,0.328) filter=(0.465,0.328) target=(1170,96) cursor=(1170,96)
[CURSOR-ABS] handSide=unknown hand=(0.490,0.318) filter=(0.490,0.318) target=(1169,97) cursor=(1169,97)
[CURSOR-ABS] handSide=unknown hand=(0.520,0.314) filter=(0.520,0.314) target=(1168,97) cursor=(1168,97)
[CURSOR-ABS] handSide=unknown hand=(0.550,0.306) filter=(0.550,0.306) target=(1166,97) cursor=(1166,97)
[CURSOR-ABS] handSide=unknown hand=(0.576,0.301) filter=(0.576,0.301) target=(1164,97) cursor=(1164,97)
[CURSOR-ABS] handSide=unknown hand=(0.603,0.293) filter=(0.603,0.293) target=(1161,97) cursor=(1161,97)
[CURSOR-ABS] handSide=unknown hand=(0.631,0.282) filter=(0.631,0.282) target=(1158,98) cursor=(1158,98)
[CURSOR-ABS] handSide=unknown hand=(0.653,0.276) filter=(0.653,0.276) target=(1154,98) cursor=(1154,98)
[CURSOR-ABS] handSide=unknown hand=(0.671,0.259) filter=(0.671,0.259) target=(1150,98) cursor=(1150,98)
[CURSOR-ABS] handSide=unknown hand=(0.689,0.254) filter=(0.689,0.254) target=(1146,98) cursor=(1146,98)
[CURSOR-ABS] handSide=unknown hand=(0.701,0.251) filter=(0.701,0.251) target=(1141,98) cursor=(1141,98)
[CURSOR-ABS] handSide=unknown hand=(0.710,0.248) filter=(0.710,0.248) target=(1137,99) cursor=(1137,99)
[CURSOR-ABS] handSide=unknown hand=(0.720,0.247) filter=(0.720,0.247) target=(1132,99) cursor=(1132,99)
[CURSOR-ABS] handSide=unknown hand=(0.731,0.248) filter=(0.731,0.248) target=(1127,99) cursor=(1127,99)
[CURSOR-ABS] handSide=unknown hand=(0.739,0.234) filter=(0.739,0.234) target=(1122,99) cursor=(1122,99)
[CURSOR-ABS] handSide=unknown hand=(0.746,0.218) filter=(0.746,0.218) target=(1116,100) cursor=(1116,100)
[CURSOR-ABS] handSide=unknown hand=(0.755,0.190) filter=(0.755,0.190) target=(1111,100) cursor=(1111,100)
[CURSOR-ABS] handSide=unknown hand=(0.768,0.176) filter=(0.768,0.176) target=(1105,100) cursor=(1105,100)
[CURSOR-ABS] handSide=unknown hand=(0.783,0.107) filter=(0.783,0.107) target=(1099,100) cursor=(1099,100)
[CURSOR-ABS] handSide=unknown hand=(0.494,0.308) filter=(0.494,0.308) target=(1099,100) cursor=(1099,100)
[CURSOR-ABS] handSide=unknown hand=(0.508,0.310) filter=(0.508,0.310) target=(1098,100) cursor=(1098,100)
[CURSOR-ABS] handSide=unknown hand=(0.522,0.301) filter=(0.522,0.301) target=(1097,100) cursor=(1097,100)
[CURSOR-ABS] handSide=unknown hand=(0.532,0.282) filter=(0.532,0.282) target=(1096,100) cursor=(1096,100)
[CURSOR-ABS] handSide=unknown hand=(0.527,0.254) filter=(0.527,0.254) target=(1095,101) cursor=(1095,101)
[CURSOR-ABS] handSide=unknown hand=(0.502,0.194) filter=(0.502,0.194) target=(1094,101) cursor=(1094,101)
[CURSOR-ABS] handSide=unknown hand=(0.467,0.115) filter=(0.467,0.115) target=(1094,100) cursor=(1094,100)
[CURSOR-ABS] handSide=unknown hand=(0.424,0.106) filter=(0.424,0.106) target=(1095,100) cursor=(1095,100)
[CURSOR-ABS] handSide=unknown hand=(0.531,0.438) filter=(0.531,0.438) target=(1094,101) cursor=(1094,101)
[CURSOR-ABS] handSide=unknown hand=(0.558,0.442) filter=(0.558,0.442) target=(1092,101) cursor=(1092,101)
[CURSOR-ABS] handSide=unknown hand=(0.581,0.441) filter=(0.581,0.441) target=(1090,101) cursor=(1090,101)
[CURSOR-ABS] handSide=unknown hand=(0.601,0.436) filter=(0.601,0.436) target=(1087,102) cursor=(1087,102)
[CURSOR-ABS] handSide=unknown hand=(0.622,0.429) filter=(0.622,0.429) target=(1084,102) cursor=(1084,102)
[CURSOR-ABS] handSide=unknown hand=(0.643,0.417) filter=(0.643,0.417) target=(1081,102) cursor=(1081,102)
[CURSOR-ABS] handSide=unknown hand=(0.662,0.399) filter=(0.662,0.399) target=(1077,103) cursor=(1077,103)
[CURSOR-ABS] handSide=unknown hand=(0.678,0.382) filter=(0.678,0.382) target=(1073,103) cursor=(1073,103)
[CURSOR-ABS] handSide=unknown hand=(0.689,0.353) filter=(0.689,0.353) target=(1069,103) cursor=(1069,103)
[CURSOR-ABS] handSide=unknown hand=(0.696,0.323) filter=(0.696,0.323) target=(1065,104) cursor=(1065,104)
[CURSOR-ABS] handSide=unknown hand=(0.698,0.295) filter=(0.698,0.295) target=(1061,104) cursor=(1061,104)
[CURSOR-ABS] handSide=unknown hand=(0.696,0.267) filter=(0.696,0.267) target=(1057,104) cursor=(1057,104)
[CURSOR-ABS] handSide=unknown hand=(0.689,0.226) filter=(0.689,0.226) target=(1054,104) cursor=(1054,104)
[CURSOR-ABS] handSide=unknown hand=(0.671,0.203) filter=(0.671,0.203) target=(1051,104) cursor=(1051,104)
[CURSOR-ABS] handSide=unknown hand=(0.650,0.186) filter=(0.650,0.186) target=(1048,104) cursor=(1048,104)
[CURSOR-ABS] handSide=unknown hand=(0.633,0.185) filter=(0.633,0.185) target=(1045,104) cursor=(1045,104)
[CURSOR-ABS] handSide=unknown hand=(0.617,0.189) filter=(0.617,0.189) target=(1042,104) cursor=(1042,104)
[CURSOR-ABS] handSide=unknown hand=(0.596,0.186) filter=(0.596,0.186) target=(1041,104) cursor=(1041,104)
[CURSOR-ABS] handSide=unknown hand=(0.573,0.190) filter=(0.573,0.190) target=(1039,104) cursor=(1039,104)
[CURSOR-ABS] handSide=unknown hand=(0.550,0.194) filter=(0.550,0.194) target=(1038,104) cursor=(1038,104)
[CURSOR-ABS] handSide=unknown hand=(0.523,0.194) filter=(0.523,0.194) target=(1037,104) cursor=(1037,104)
[CURSOR-ABS] handSide=unknown hand=(0.497,0.205) filter=(0.497,0.205) target=(1037,104) cursor=(1037,104)
[CURSOR-ABS] handSide=unknown hand=(0.471,0.208) filter=(0.471,0.208) target=(1037,104) cursor=(1037,104)
[CURSOR-ABS] handSide=unknown hand=(0.442,0.211) filter=(0.442,0.211) target=(1038,104) cursor=(1038,104)
[CURSOR-ABS] handSide=unknown hand=(0.417,0.217) filter=(0.417,0.217) target=(1039,104) cursor=(1039,104)
[CURSOR-ABS] handSide=unknown hand=(0.388,0.230) filter=(0.388,0.230) target=(1040,104) cursor=(1040,104)
[CURSOR-ABS] handSide=unknown hand=(0.362,0.235) filter=(0.362,0.235) target=(1042,104) cursor=(1042,104)
[CURSOR-ABS] handSide=unknown hand=(0.344,0.234) filter=(0.344,0.234) target=(1044,104) cursor=(1044,104)
[CURSOR-ABS] handSide=unknown hand=(0.323,0.236) filter=(0.323,0.236) target=(1047,104) cursor=(1047,104)
[CURSOR-ABS] handSide=unknown hand=(0.304,0.243) filter=(0.304,0.243) target=(1050,104) cursor=(1050,104)
[CURSOR-ABS] handSide=unknown hand=(0.284,0.249) filter=(0.284,0.249) target=(1053,104) cursor=(1053,104)
[CURSOR-ABS] handSide=unknown hand=(0.265,0.256) filter=(0.265,0.256) target=(1057,104) cursor=(1057,104)
[CURSOR-ABS] handSide=unknown hand=(0.250,0.263) filter=(0.250,0.263) target=(1062,104) cursor=(1062,104)
[CURSOR-ABS] handSide=unknown hand=(0.237,0.276) filter=(0.237,0.276) target=(1066,104) cursor=(1066,104)
[CURSOR-ABS] handSide=unknown hand=(0.228,0.285) filter=(0.228,0.285) target=(1071,104) cursor=(1071,104)
[CURSOR-ABS] handSide=unknown hand=(0.223,0.297) filter=(0.223,0.297) target=(1076,104) cursor=(1076,104)
[CURSOR-ABS] handSide=unknown hand=(0.219,0.311) filter=(0.219,0.311) target=(1081,104) cursor=(1081,104)
[CURSOR-ABS] handSide=unknown hand=(0.217,0.331) filter=(0.217,0.331) target=(1086,104) cursor=(1086,104)
[CURSOR-ABS] handSide=unknown hand=(0.222,0.348) filter=(0.222,0.348) target=(1090,104) cursor=(1090,104)
[CURSOR-ABS] handSide=unknown hand=(0.225,0.367) filter=(0.225,0.367) target=(1095,104) cursor=(1095,104)
[CURSOR-ABS] handSide=unknown hand=(0.233,0.388) filter=(0.233,0.388) target=(1100,104) cursor=(1100,104)
[CURSOR-ABS] handSide=unknown hand=(0.243,0.400) filter=(0.243,0.400) target=(1104,104) cursor=(1104,104)
[CURSOR-ABS] handSide=unknown hand=(0.257,0.422) filter=(0.257,0.422) target=(1108,104) cursor=(1108,104)
[CURSOR-ABS] handSide=unknown hand=(0.274,0.443) filter=(0.274,0.443) target=(1112,104) cursor=(1112,104)
[CURSOR-ABS] handSide=unknown hand=(0.294,0.453) filter=(0.294,0.453) target=(1115,105) cursor=(1115,105)
[CURSOR-ABS] handSide=unknown hand=(0.313,0.461) filter=(0.313,0.461) target=(1118,105) cursor=(1118,105)
[CURSOR-ABS] handSide=unknown hand=(0.330,0.470) filter=(0.330,0.470) target=(1120,105) cursor=(1120,105)
[CURSOR-ABS] handSide=unknown hand=(0.352,0.477) filter=(0.352,0.477) target=(1122,106) cursor=(1122,106)
[CURSOR-ABS] handSide=unknown hand=(0.374,0.477) filter=(0.374,0.477) target=(1124,106) cursor=(1124,106)
[CURSOR-ABS] handSide=unknown hand=(0.401,0.476) filter=(0.401,0.476) target=(1125,107) cursor=(1125,107)
[CURSOR-ABS] handSide=unknown hand=(0.428,0.469) filter=(0.428,0.469) target=(1125,107) cursor=(1125,107)
[CURSOR-ABS] handSide=unknown hand=(0.456,0.466) filter=(0.456,0.466) target=(1126,108) cursor=(1126,108)
[CURSOR-ABS] handSide=unknown hand=(0.486,0.455) filter=(0.486,0.455) target=(1125,108) cursor=(1125,108)
[CURSOR-ABS] handSide=unknown hand=(0.516,0.451) filter=(0.516,0.451) target=(1124,109) cursor=(1124,109)
[CURSOR-ABS] handSide=unknown hand=(0.549,0.446) filter=(0.549,0.446) target=(1122,109) cursor=(1122,109)
[CURSOR-ABS] handSide=unknown hand=(0.575,0.438) filter=(0.575,0.438) target=(1120,110) cursor=(1120,110)
[CURSOR-ABS] handSide=unknown hand=(0.606,0.434) filter=(0.606,0.434) target=(1118,110) cursor=(1118,110)
[CURSOR-ABS] handSide=unknown hand=(0.637,0.432) filter=(0.637,0.432) target=(1115,111) cursor=(1115,111)
[CURSOR-ABS] handSide=unknown hand=(0.671,0.422) filter=(0.671,0.422) target=(1111,111) cursor=(1111,111)
[CURSOR-ABS] handSide=unknown hand=(0.696,0.402) filter=(0.696,0.402) target=(1108,112) cursor=(1108,112)
[CURSOR-ABS] handSide=unknown hand=(0.719,0.405) filter=(0.719,0.405) target=(1104,112) cursor=(1104,112)
[CURSOR-ABS] handSide=unknown hand=(0.743,0.403) filter=(0.743,0.403) target=(1099,113) cursor=(1099,113)
[CURSOR-ABS] handSide=unknown hand=(0.769,0.390) filter=(0.769,0.390) target=(1094,113) cursor=(1094,113)
[CURSOR-ABS] handSide=unknown hand=(0.794,0.384) filter=(0.794,0.384) target=(1089,114) cursor=(1089,114)
[CURSOR-ABS] handSide=unknown hand=(0.805,0.373) filter=(0.805,0.373) target=(1084,114) cursor=(1084,114)
[CURSOR-ABS] handSide=unknown hand=(0.823,0.361) filter=(0.823,0.361) target=(1078,115) cursor=(1078,115)
[CURSOR-ABS] handSide=unknown hand=(0.834,0.357) filter=(0.834,0.357) target=(1072,115) cursor=(1072,115)
[CURSOR-ABS] handSide=unknown hand=(0.842,0.355) filter=(0.842,0.355) target=(1066,116) cursor=(1066,116)
[CURSOR-ABS] handSide=unknown hand=(0.845,0.347) filter=(0.845,0.347) target=(1060,116) cursor=(1060,116)
[CURSOR-ABS] handSide=unknown hand=(0.844,0.348) filter=(0.844,0.348) target=(1054,117) cursor=(1054,117)
[CURSOR-ABS] handSide=unknown hand=(0.843,0.347) filter=(0.843,0.347) target=(1048,117) cursor=(1048,117)
[CURSOR-ABS] handSide=unknown hand=(0.833,0.349) filter=(0.833,0.349) target=(1042,118) cursor=(1042,118)
[CURSOR-ABS] handSide=unknown hand=(0.828,0.346) filter=(0.828,0.346) target=(1037,118) cursor=(1037,118)
[CURSOR-ABS] handSide=unknown hand=(0.823,0.340) filter=(0.823,0.340) target=(1031,118) cursor=(1031,118)
[CURSOR-ABS] handSide=unknown hand=(0.816,0.343) filter=(0.816,0.343) target=(1025,119) cursor=(1025,119)
[CURSOR-ABS] handSide=unknown hand=(0.808,0.345) filter=(0.808,0.345) target=(1020,119) cursor=(1020,119)
[CURSOR-ABS] handSide=unknown hand=(0.797,0.351) filter=(0.797,0.351) target=(1015,119) cursor=(1015,119)
[CURSOR-ABS] handSide=unknown hand=(0.789,0.354) filter=(0.789,0.354) target=(1010,120) cursor=(1010,120)
[CURSOR-ABS] handSide=unknown hand=(0.785,0.352) filter=(0.785,0.352) target=(1005,120) cursor=(1005,120)
[CURSOR-ABS] handSide=unknown hand=(0.772,0.354) filter=(0.772,0.354) target=(999,121) cursor=(999,121)
[CURSOR-ABS] handSide=unknown hand=(0.756,0.354) filter=(0.756,0.354) target=(993,121) cursor=(993,121)
[CURSOR-ABS] handSide=unknown hand=(0.743,0.346) filter=(0.743,0.346) target=(989,121) cursor=(989,121)
[CURSOR-ABS] handSide=unknown hand=(0.735,0.348) filter=(0.735,0.348) target=(984,122) cursor=(984,122)
[CURSOR-ABS] handSide=unknown hand=(0.726,0.335) filter=(0.726,0.335) target=(979,122) cursor=(979,122)
[CURSOR-ABS] handSide=unknown hand=(0.713,0.326) filter=(0.713,0.326) target=(975,122) cursor=(975,122)
[CURSOR-ABS] handSide=unknown hand=(0.706,0.323) filter=(0.706,0.323) target=(971,123) cursor=(971,123)
[CURSOR-ABS] handSide=unknown hand=(0.695,0.324) filter=(0.695,0.324) target=(967,123) cursor=(967,123)
[CURSOR-ABS] handSide=unknown hand=(0.684,0.329) filter=(0.684,0.329) target=(963,123) cursor=(963,123)
[CURSOR-ABS] handSide=unknown hand=(0.675,0.333) filter=(0.675,0.333) target=(960,124) cursor=(960,124)
[CURSOR-ABS] handSide=unknown hand=(0.664,0.346) filter=(0.664,0.346) target=(956,124) cursor=(956,124)
[CURSOR-ABS] handSide=unknown hand=(0.657,0.354) filter=(0.657,0.354) target=(953,124) cursor=(953,124)
[CURSOR-ABS] handSide=unknown hand=(0.645,0.363) filter=(0.645,0.363) target=(950,125) cursor=(950,125)
[CURSOR-ABS] handSide=unknown hand=(0.635,0.364) filter=(0.635,0.364) target=(948,125) cursor=(948,125)
[CURSOR-ABS] handSide=unknown hand=(0.624,0.365) filter=(0.624,0.365) target=(945,126) cursor=(945,126)
[CURSOR-ABS] handSide=unknown hand=(0.616,0.367) filter=(0.616,0.367) target=(943,126) cursor=(943,126)
[CURSOR-ABS] handSide=unknown hand=(0.610,0.368) filter=(0.610,0.368) target=(941,126) cursor=(941,126)
[CURSOR-ABS] handSide=unknown hand=(0.605,0.369) filter=(0.605,0.369) target=(939,127) cursor=(939,127)
[CURSOR-ABS] handSide=unknown hand=(0.603,0.371) filter=(0.603,0.371) target=(937,127) cursor=(937,127)
[CURSOR-ABS] handSide=unknown hand=(0.599,0.372) filter=(0.599,0.372) target=(935,128) cursor=(935,128)
[CURSOR-ABS] handSide=unknown hand=(0.596,0.374) filter=(0.596,0.374) target=(933,128) cursor=(933,128)
[CURSOR-ABS] handSide=unknown hand=(0.592,0.377) filter=(0.592,0.377) target=(932,129) cursor=(932,129)
[CURSOR-ABS] handSide=unknown hand=(0.591,0.378) filter=(0.591,0.378) target=(930,129) cursor=(930,129)
[CURSOR-ABS] handSide=unknown hand=(0.590,0.377) filter=(0.590,0.377) target=(928,130) cursor=(928,130)
[CURSOR-ABS] handSide=unknown hand=(0.590,0.376) filter=(0.590,0.376) target=(927,130) cursor=(927,130)
[CURSOR-ABS] handSide=unknown hand=(0.592,0.376) filter=(0.592,0.376) target=(925,130) cursor=(925,130)
[CURSOR-ABS] handSide=unknown hand=(0.599,0.375) filter=(0.599,0.375) target=(924,131) cursor=(924,131)
[CURSOR-ABS] handSide=unknown hand=(0.606,0.379) filter=(0.606,0.379) target=(922,131) cursor=(922,131)
[CURSOR-ABS] handSide=unknown hand=(0.616,0.382) filter=(0.616,0.382) target=(920,132) cursor=(920,132)
[CURSOR-ABS] handSide=unknown hand=(0.624,0.384) filter=(0.624,0.384) target=(918,132) cursor=(918,132)
[CURSOR-ABS] handSide=unknown hand=(0.630,0.390) filter=(0.630,0.390) target=(916,133) cursor=(916,133)
[CURSOR-ABS] handSide=unknown hand=(0.634,0.398) filter=(0.634,0.398) target=(914,133) cursor=(914,133)
[CURSOR-ABS] handSide=unknown hand=(0.636,0.410) filter=(0.636,0.410) target=(912,134) cursor=(912,134)
[CURSOR-ABS] handSide=unknown hand=(0.634,0.423) filter=(0.634,0.423) target=(909,134) cursor=(909,134)
[CURSOR-ABS] handSide=unknown hand=(0.635,0.430) filter=(0.635,0.430) target=(907,135) cursor=(907,135)
[CURSOR-ABS] handSide=unknown hand=(0.633,0.434) filter=(0.633,0.434) target=(905,135) cursor=(905,135)
[CURSOR-ABS] handSide=unknown hand=(0.632,0.434) filter=(0.632,0.434) target=(903,136) cursor=(903,136)
[CURSOR-ABS] handSide=unknown hand=(0.636,0.431) filter=(0.636,0.431) target=(901,137) cursor=(901,137)
[CURSOR-ABS] handSide=unknown hand=(0.641,0.423) filter=(0.641,0.423) target=(899,137) cursor=(899,137)
[CURSOR-ABS] handSide=unknown hand=(0.648,0.416) filter=(0.648,0.416) target=(897,138) cursor=(897,138)
[CURSOR-ABS] handSide=unknown hand=(0.657,0.408) filter=(0.657,0.408) target=(894,138) cursor=(894,138)
[CURSOR-ABS] handSide=unknown hand=(0.665,0.389) filter=(0.665,0.389) target=(891,139) cursor=(891,139)
[CURSOR-ABS] handSide=unknown hand=(0.670,0.384) filter=(0.670,0.384) target=(889,139) cursor=(889,139)
[CURSOR-ABS] handSide=unknown hand=(0.672,0.382) filter=(0.672,0.382) target=(886,140) cursor=(886,140)
[CURSOR-ABS] handSide=unknown hand=(0.675,0.379) filter=(0.675,0.379) target=(883,140) cursor=(883,140)
[CURSOR-ABS] handSide=unknown hand=(0.676,0.377) filter=(0.676,0.377) target=(880,140) cursor=(880,140)
[CURSOR-ABS] handSide=unknown hand=(0.676,0.383) filter=(0.676,0.383) target=(877,141) cursor=(877,141)
[CURSOR-ABS] handSide=unknown hand=(0.672,0.382) filter=(0.672,0.382) target=(874,142) cursor=(874,142)
[CURSOR-ABS] handSide=unknown hand=(0.671,0.385) filter=(0.671,0.385) target=(871,142) cursor=(871,142)
[CURSOR-ABS] handSide=unknown hand=(0.666,0.392) filter=(0.666,0.392) target=(868,143) cursor=(868,143)
[CURSOR-ABS] handSide=unknown hand=(0.662,0.396) filter=(0.662,0.396) target=(865,143) cursor=(865,143)
[CURSOR-ABS] handSide=unknown hand=(0.657,0.404) filter=(0.657,0.404) target=(862,144) cursor=(862,144)
[CURSOR-ABS] handSide=unknown hand=(0.651,0.408) filter=(0.651,0.408) target=(859,144) cursor=(859,144)
[CURSOR-ABS] handSide=unknown hand=(0.647,0.411) filter=(0.647,0.411) target=(857,145) cursor=(857,145)
[CURSOR-ABS] handSide=unknown hand=(0.640,0.414) filter=(0.640,0.414) target=(854,146) cursor=(854,146)
[CURSOR-ABS] handSide=unknown hand=(0.636,0.416) filter=(0.636,0.416) target=(852,147) cursor=(852,147)
[CURSOR-ABS] handSide=unknown hand=(0.630,0.418) filter=(0.630,0.418) target=(850,147) cursor=(850,147)
[CURSOR-ABS] handSide=unknown hand=(0.625,0.424) filter=(0.625,0.424) target=(848,148) cursor=(848,148)
[CURSOR-ABS] handSide=unknown hand=(0.619,0.429) filter=(0.619,0.429) target=(846,149) cursor=(846,149)
[CURSOR-ABS] handSide=unknown hand=(0.615,0.432) filter=(0.615,0.432) target=(844,150) cursor=(844,150)
[CURSOR-ABS] handSide=unknown hand=(0.610,0.434) filter=(0.610,0.434) target=(842,150) cursor=(842,150)
[CURSOR-ABS] handSide=unknown hand=(0.607,0.437) filter=(0.607,0.437) target=(841,151) cursor=(841,151)
[CURSOR-ABS] handSide=unknown hand=(0.605,0.438) filter=(0.605,0.438) target=(839,152) cursor=(839,152)
[CURSOR-ABS] handSide=unknown hand=(0.603,0.440) filter=(0.603,0.440) target=(838,153) cursor=(838,153)
[CURSOR-ABS] handSide=unknown hand=(0.602,0.440) filter=(0.602,0.440) target=(836,154) cursor=(836,154)
[CURSOR-ABS] handSide=unknown hand=(0.599,0.438) filter=(0.599,0.438) target=(835,155) cursor=(835,155)
[CURSOR-ABS] handSide=unknown hand=(0.595,0.438) filter=(0.595,0.438) target=(833,155) cursor=(833,155)
[CURSOR-ABS] handSide=unknown hand=(0.593,0.441) filter=(0.593,0.441) target=(832,156) cursor=(832,156)
[CURSOR-ABS] handSide=unknown hand=(0.591,0.439) filter=(0.591,0.439) target=(831,157) cursor=(831,157)
[CURSOR-ABS] handSide=unknown hand=(0.590,0.439) filter=(0.590,0.439) target=(830,158) cursor=(830,158)
[CURSOR-ABS] handSide=unknown hand=(0.589,0.438) filter=(0.589,0.438) target=(829,159) cursor=(829,159)
[CURSOR-ABS] handSide=unknown hand=(0.588,0.437) filter=(0.588,0.437) target=(828,160) cursor=(828,160)
[CURSOR-ABS] handSide=unknown hand=(0.587,0.438) filter=(0.587,0.438) target=(827,161) cursor=(827,161)
[CURSOR-ABS] handSide=unknown hand=(0.587,0.439) filter=(0.587,0.439) target=(826,161) cursor=(826,161)
[CURSOR-ABS] handSide=unknown hand=(0.586,0.441) filter=(0.586,0.441) target=(824,162) cursor=(824,162)
[CURSOR-ABS] handSide=unknown hand=(0.587,0.441) filter=(0.587,0.441) target=(823,163) cursor=(823,163)
[CURSOR-ABS] handSide=unknown hand=(0.587,0.440) filter=(0.587,0.440) target=(822,164) cursor=(822,164)
[CURSOR-ABS] handSide=unknown hand=(0.590,0.443) filter=(0.590,0.443) target=(821,165) cursor=(821,165)
[CURSOR-ABS] handSide=unknown hand=(0.594,0.443) filter=(0.594,0.443) target=(820,166) cursor=(820,166)
[CURSOR-ABS] handSide=unknown hand=(0.598,0.441) filter=(0.598,0.441) target=(819,167) cursor=(819,167)
[CURSOR-ABS] handSide=unknown hand=(0.603,0.444) filter=(0.603,0.444) target=(817,168) cursor=(817,168)
[CURSOR-ABS] handSide=unknown hand=(0.606,0.445) filter=(0.606,0.445) target=(816,169) cursor=(816,169)
[CURSOR-ABS] handSide=unknown hand=(0.610,0.443) filter=(0.610,0.443) target=(814,170) cursor=(814,170)
[CURSOR-ABS] handSide=unknown hand=(0.614,0.440) filter=(0.614,0.440) target=(813,171) cursor=(813,171)
[CURSOR-ABS] handSide=unknown hand=(0.619,0.441) filter=(0.619,0.441) target=(811,172) cursor=(811,172)
[CURSOR-ABS] handSide=unknown hand=(0.623,0.440) filter=(0.623,0.440) target=(809,173) cursor=(809,173)
[CURSOR-ABS] handSide=unknown hand=(0.625,0.437) filter=(0.625,0.437) target=(807,174) cursor=(807,174)
[CURSOR-ABS] handSide=unknown hand=(0.629,0.437) filter=(0.629,0.437) target=(805,175) cursor=(805,175)
[CURSOR-ABS] handSide=unknown hand=(0.630,0.436) filter=(0.630,0.436) target=(804,175) cursor=(804,175)
[CURSOR-ABS] handSide=unknown hand=(0.630,0.436) filter=(0.630,0.436) target=(802,176) cursor=(802,176)
[CURSOR-ABS] handSide=unknown hand=(0.630,0.436) filter=(0.630,0.436) target=(800,177) cursor=(800,177)
[CURSOR-ABS] handSide=unknown hand=(0.627,0.438) filter=(0.627,0.438) target=(798,178) cursor=(798,178)
[CURSOR-ABS] handSide=unknown hand=(0.627,0.436) filter=(0.627,0.436) target=(796,179) cursor=(796,179)
[CURSOR-ABS] handSide=unknown hand=(0.628,0.436) filter=(0.628,0.436) target=(794,180) cursor=(794,180)
[CURSOR-ABS] handSide=unknown hand=(0.629,0.434) filter=(0.629,0.434) target=(793,181) cursor=(793,181)
[CURSOR-ABS] handSide=unknown hand=(0.631,0.433) filter=(0.631,0.433) target=(791,182) cursor=(791,182)
[CURSOR-ABS] handSide=unknown hand=(0.630,0.433) filter=(0.630,0.433) target=(789,183) cursor=(789,183)
[CURSOR-ABS] handSide=unknown hand=(0.628,0.436) filter=(0.628,0.436) target=(787,184) cursor=(787,184)
[CURSOR-ABS] handSide=unknown hand=(0.628,0.436) filter=(0.628,0.436) target=(785,185) cursor=(785,185)
[CURSOR-ABS] handSide=unknown hand=(0.628,0.436) filter=(0.628,0.436) target=(784,185) cursor=(784,185)
[CURSOR-ABS] handSide=unknown hand=(0.626,0.439) filter=(0.626,0.439) target=(782,186) cursor=(782,186)
[CURSOR-ABS] handSide=unknown hand=(0.625,0.439) filter=(0.625,0.439) target=(781,187) cursor=(781,187)
[CURSOR-ABS] handSide=unknown hand=(0.622,0.440) filter=(0.622,0.440) target=(779,188) cursor=(779,188)
[CURSOR-ABS] handSide=unknown hand=(0.619,0.440) filter=(0.619,0.440) target=(777,189) cursor=(777,189)
[CURSOR-ABS] handSide=unknown hand=(0.616,0.439) filter=(0.616,0.439) target=(776,190) cursor=(776,190)
[CURSOR-ABS] handSide=unknown hand=(0.613,0.442) filter=(0.613,0.442) target=(775,191) cursor=(775,191)
[CURSOR-ABS] handSide=unknown hand=(0.609,0.442) filter=(0.609,0.442) target=(773,192) cursor=(773,192)
[CURSOR-ABS] handSide=unknown hand=(0.605,0.440) filter=(0.605,0.440) target=(772,193) cursor=(772,193)
[CURSOR-ABS] handSide=unknown hand=(0.602,0.441) filter=(0.602,0.441) target=(771,194) cursor=(771,194)
[CURSOR-ABS] handSide=unknown hand=(0.598,0.440) filter=(0.598,0.440) target=(770,195) cursor=(770,195)
[CURSOR-ABS] handSide=unknown hand=(0.597,0.440) filter=(0.597,0.440) target=(769,196) cursor=(769,196)
[CURSOR-ABS] handSide=unknown hand=(0.595,0.440) filter=(0.595,0.440) target=(768,197) cursor=(768,197)
[CURSOR-ABS] handSide=unknown hand=(0.596,0.444) filter=(0.596,0.444) target=(767,198) cursor=(767,198)
[CURSOR-ABS] handSide=unknown hand=(0.595,0.445) filter=(0.595,0.445) target=(767,199) cursor=(767,199)
[CURSOR-ABS] handSide=unknown hand=(0.594,0.445) filter=(0.594,0.445) target=(766,200) cursor=(766,200)
[CURSOR-ABS] handSide=unknown hand=(0.594,0.445) filter=(0.594,0.445) target=(765,201) cursor=(765,201)
[CURSOR-ABS] handSide=unknown hand=(0.594,0.445) filter=(0.594,0.445) target=(764,202) cursor=(764,202)
[CURSOR-ABS] handSide=unknown hand=(0.592,0.443) filter=(0.592,0.443) target=(763,203) cursor=(763,203)
[CURSOR-ABS] handSide=unknown hand=(0.592,0.441) filter=(0.592,0.441) target=(762,204) cursor=(762,204)
[CURSOR-ABS] handSide=unknown hand=(0.592,0.442) filter=(0.592,0.442) target=(762,205) cursor=(762,205)
[CURSOR-ABS] handSide=unknown hand=(0.595,0.441) filter=(0.595,0.441) target=(761,207) cursor=(761,207)
[CURSOR-ABS] handSide=unknown hand=(0.598,0.443) filter=(0.598,0.443) target=(760,208) cursor=(760,208)
[CURSOR-ABS] handSide=unknown hand=(0.604,0.444) filter=(0.604,0.444) target=(759,209) cursor=(759,209)
[CURSOR-ABS] handSide=unknown hand=(0.607,0.442) filter=(0.607,0.442) target=(758,210) cursor=(758,210)
[CURSOR-ABS] handSide=unknown hand=(0.613,0.444) filter=(0.613,0.444) target=(756,211) cursor=(756,211)
[CURSOR-ABS] handSide=unknown hand=(0.615,0.441) filter=(0.615,0.441) target=(755,212) cursor=(755,212)
[CURSOR-ABS] handSide=unknown hand=(0.617,0.438) filter=(0.617,0.438) target=(754,213) cursor=(754,213)
[CURSOR-ABS] handSide=unknown hand=(0.618,0.439) filter=(0.618,0.439) target=(753,214) cursor=(753,214)
[CURSOR-ABS] handSide=unknown hand=(0.619,0.438) filter=(0.619,0.438) target=(751,215) cursor=(751,215)
[CURSOR-ABS] handSide=unknown hand=(0.617,0.435) filter=(0.617,0.435) target=(750,216) cursor=(750,216)
[CURSOR-ABS] handSide=unknown hand=(0.614,0.437) filter=(0.614,0.437) target=(749,217) cursor=(749,217)
[CURSOR-ABS] handSide=unknown hand=(0.611,0.438) filter=(0.611,0.438) target=(748,218) cursor=(748,218)
[CURSOR-ABS] handSide=unknown hand=(0.609,0.439) filter=(0.609,0.439) target=(747,219) cursor=(747,219)
[CURSOR-ABS] handSide=unknown hand=(0.605,0.437) filter=(0.605,0.437) target=(746,220) cursor=(746,220)
[CURSOR-ABS] handSide=unknown hand=(0.603,0.441) filter=(0.603,0.441) target=(745,221) cursor=(745,221)
[CURSOR-ABS] handSide=unknown hand=(0.601,0.440) filter=(0.601,0.440) target=(744,222) cursor=(744,222)
[CURSOR-ABS] handSide=unknown hand=(0.599,0.441) filter=(0.599,0.441) target=(743,223) cursor=(743,223)
[CURSOR-ABS] handSide=unknown hand=(0.599,0.440) filter=(0.599,0.440) target=(742,224) cursor=(742,224)
[CURSOR-ABS] handSide=unknown hand=(0.597,0.440) filter=(0.597,0.440) target=(741,225) cursor=(741,225)
[CURSOR-ABS] handSide=unknown hand=(0.597,0.441) filter=(0.597,0.441) target=(740,226) cursor=(740,226)
[CURSOR-ABS] handSide=unknown hand=(0.597,0.442) filter=(0.597,0.442) target=(740,227) cursor=(740,227)
[CURSOR-ABS] handSide=unknown hand=(0.598,0.444) filter=(0.598,0.444) target=(739,228) cursor=(739,228)
[CURSOR-ABS] handSide=unknown hand=(0.602,0.442) filter=(0.602,0.442) target=(738,229) cursor=(738,229)
[CURSOR-ABS] handSide=unknown hand=(0.606,0.443) filter=(0.606,0.443) target=(737,231) cursor=(737,231)
[CURSOR-ABS] handSide=unknown hand=(0.610,0.440) filter=(0.610,0.440) target=(736,232) cursor=(736,232)
[CURSOR-ABS] handSide=unknown hand=(0.613,0.436) filter=(0.613,0.436) target=(735,233) cursor=(735,233)
[CURSOR-ABS] handSide=unknown hand=(0.616,0.433) filter=(0.616,0.433) target=(734,234) cursor=(734,234)
[CURSOR-ABS] handSide=unknown hand=(0.617,0.429) filter=(0.617,0.429) target=(733,235) cursor=(733,235)
[CURSOR-ABS] handSide=unknown hand=(0.618,0.428) filter=(0.618,0.428) target=(731,236) cursor=(731,236)
[CURSOR-ABS] handSide=unknown hand=(0.616,0.426) filter=(0.616,0.426) target=(730,237) cursor=(730,237)
[CURSOR-ABS] handSide=unknown hand=(0.612,0.425) filter=(0.612,0.425) target=(729,238) cursor=(729,238)
[CURSOR-ABS] handSide=unknown hand=(0.607,0.423) filter=(0.607,0.423) target=(728,239) cursor=(728,239)
[CURSOR-ABS] handSide=unknown hand=(0.604,0.425) filter=(0.604,0.425) target=(727,240) cursor=(727,240)
[CURSOR-ABS] handSide=unknown hand=(0.601,0.421) filter=(0.601,0.421) target=(727,240) cursor=(727,240)
[CURSOR-ABS] handSide=unknown hand=(0.597,0.423) filter=(0.597,0.423) target=(726,241) cursor=(726,241)
[CURSOR-ABS] handSide=unknown hand=(0.596,0.424) filter=(0.596,0.424) target=(725,242) cursor=(725,242)
[CURSOR-ABS] handSide=unknown hand=(0.595,0.428) filter=(0.595,0.428) target=(725,243) cursor=(725,243)
[CURSOR-ABS] handSide=unknown hand=(0.597,0.428) filter=(0.597,0.428) target=(724,244) cursor=(724,244)
[CURSOR-ABS] handSide=unknown hand=(0.599,0.429) filter=(0.599,0.429) target=(723,245) cursor=(723,245)
[CURSOR-ABS] handSide=unknown hand=(0.604,0.433) filter=(0.604,0.433) target=(721,248) cursor=(721,248)
[CURSOR-ABS] handSide=unknown hand=(0.608,0.434) filter=(0.608,0.434) target=(720,249) cursor=(720,249)
[CURSOR-ABS] handSide=unknown hand=(0.612,0.435) filter=(0.612,0.435) target=(719,250) cursor=(719,250)
[CURSOR-ABS] handSide=unknown hand=(0.618,0.433) filter=(0.618,0.433) target=(718,252) cursor=(718,252)
[CURSOR-ABS] handSide=unknown hand=(0.623,0.431) filter=(0.623,0.431) target=(716,253) cursor=(716,253)
[CURSOR-ABS] handSide=unknown hand=(0.627,0.427) filter=(0.627,0.427) target=(715,254) cursor=(715,254)
[CURSOR-ABS] handSide=unknown hand=(0.633,0.418) filter=(0.633,0.418) target=(713,255) cursor=(713,255)
[CURSOR-ABS] handSide=unknown hand=(0.635,0.414) filter=(0.635,0.414) target=(712,256) cursor=(712,255)
[CURSOR-ABS] handSide=unknown hand=(0.634,0.407) filter=(0.634,0.407) target=(710,256) cursor=(710,256)
[CURSOR-ABS] handSide=unknown hand=(0.633,0.405) filter=(0.633,0.405) target=(709,257) cursor=(709,257)
[CURSOR-ABS] handSide=unknown hand=(0.630,0.400) filter=(0.630,0.400) target=(707,258) cursor=(707,258)
[CURSOR-ABS] handSide=unknown hand=(0.629,0.397) filter=(0.629,0.397) target=(706,259) cursor=(706,259)
[CURSOR-ABS] handSide=unknown hand=(0.624,0.394) filter=(0.624,0.394) target=(705,260) cursor=(705,260)
[CURSOR-ABS] handSide=unknown hand=(0.619,0.392) filter=(0.619,0.392) target=(704,260) cursor=(704,260)
[CURSOR-ABS] handSide=unknown hand=(0.614,0.389) filter=(0.614,0.389) target=(703,261) cursor=(703,261)
[CURSOR-ABS] handSide=unknown hand=(0.608,0.390) filter=(0.608,0.390) target=(702,262) cursor=(702,262)
[CURSOR-ABS] handSide=unknown hand=(0.603,0.392) filter=(0.603,0.392) target=(701,262) cursor=(701,262)
[CURSOR-ABS] handSide=unknown hand=(0.597,0.395) filter=(0.597,0.395) target=(700,263) cursor=(700,263)
[CURSOR-ABS] handSide=unknown hand=(0.593,0.400) filter=(0.593,0.400) target=(700,264) cursor=(700,264)
[CURSOR-ABS] handSide=unknown hand=(0.587,0.405) filter=(0.587,0.405) target=(700,265) cursor=(700,265)
[CURSOR-ABS] handSide=unknown hand=(0.582,0.415) filter=(0.582,0.415) target=(699,266) cursor=(699,266)
[CURSOR-ABS] handSide=unknown hand=(0.578,0.424) filter=(0.578,0.424) target=(699,267) cursor=(699,267)
[CURSOR-ABS] handSide=unknown hand=(0.576,0.432) filter=(0.576,0.432) target=(699,268) cursor=(699,268)
[CURSOR-ABS] handSide=unknown hand=(0.574,0.438) filter=(0.574,0.438) target=(699,269) cursor=(699,269)
[CURSOR-ABS] handSide=unknown hand=(0.575,0.447) filter=(0.575,0.447) target=(699,270) cursor=(699,270)
[CURSOR-ABS] handSide=unknown hand=(0.575,0.453) filter=(0.575,0.453) target=(699,271) cursor=(699,271)
[CURSOR-ABS] handSide=unknown hand=(0.579,0.456) filter=(0.579,0.456) target=(699,272) cursor=(699,272)
[CURSOR-ABS] handSide=unknown hand=(0.583,0.459) filter=(0.583,0.459) target=(699,273) cursor=(699,273)
[CURSOR-ABS] handSide=unknown hand=(0.588,0.460) filter=(0.588,0.460) target=(699,274) cursor=(699,274)
[CURSOR-ABS] handSide=unknown hand=(0.594,0.462) filter=(0.594,0.462) target=(698,275) cursor=(698,275)
[CURSOR-ABS] handSide=unknown hand=(0.599,0.461) filter=(0.599,0.461) target=(698,276) cursor=(698,276)
[CURSOR-ABS] handSide=unknown hand=(0.604,0.459) filter=(0.604,0.459) target=(697,278) cursor=(697,278)
[CURSOR-ABS] handSide=unknown hand=(0.609,0.455) filter=(0.609,0.455) target=(697,279) cursor=(697,279)
[CURSOR-ABS] handSide=unknown hand=(0.614,0.449) filter=(0.614,0.449) target=(696,280) cursor=(696,280)
[CURSOR-ABS] handSide=unknown hand=(0.619,0.437) filter=(0.619,0.437) target=(695,281) cursor=(695,281)
[CURSOR-ABS] handSide=unknown hand=(0.620,0.429) filter=(0.620,0.429) target=(694,282) cursor=(694,282)
[CURSOR-ABS] handSide=unknown hand=(0.622,0.415) filter=(0.622,0.415) target=(693,283) cursor=(693,283)
[CURSOR-ABS] handSide=unknown hand=(0.619,0.401) filter=(0.619,0.401) target=(692,284) cursor=(692,284)
[CURSOR-ABS] handSide=unknown hand=(0.617,0.389) filter=(0.617,0.389) target=(691,284) cursor=(691,284)
[CURSOR-ABS] handSide=unknown hand=(0.613,0.379) filter=(0.613,0.379) target=(690,285) cursor=(690,285)
[CURSOR-ABS] handSide=unknown hand=(0.606,0.372) filter=(0.606,0.372) target=(689,286) cursor=(689,286)
[CURSOR-ABS] handSide=unknown hand=(0.600,0.367) filter=(0.600,0.367) target=(688,286) cursor=(688,286)
[CURSOR-ABS] handSide=unknown hand=(0.593,0.366) filter=(0.593,0.366) target=(688,287) cursor=(688,287)
[CURSOR-ABS] handSide=unknown hand=(0.586,0.367) filter=(0.586,0.367) target=(688,287) cursor=(688,287)
[CURSOR-ABS] handSide=unknown hand=(0.578,0.369) filter=(0.578,0.369) target=(688,288) cursor=(688,288)
[CURSOR-ABS] handSide=unknown hand=(0.570,0.374) filter=(0.570,0.374) target=(688,289) cursor=(688,289)
[CURSOR-ABS] handSide=unknown hand=(0.562,0.383) filter=(0.562,0.383) target=(688,289) cursor=(688,289)
[CURSOR-ABS] handSide=unknown hand=(0.554,0.386) filter=(0.554,0.386) target=(688,290) cursor=(688,290)
[CURSOR-ABS] handSide=unknown hand=(0.548,0.393) filter=(0.548,0.393) target=(689,291) cursor=(689,291)
[CURSOR-ABS] handSide=unknown hand=(0.542,0.402) filter=(0.542,0.402) target=(690,292) cursor=(690,292)
[CURSOR-ABS] handSide=unknown hand=(0.537,0.411) filter=(0.537,0.411) target=(691,293) cursor=(691,293)
[CURSOR-ABS] handSide=unknown hand=(0.532,0.418) filter=(0.532,0.418) target=(692,294) cursor=(692,294)
[CURSOR-ABS] handSide=unknown hand=(0.528,0.422) filter=(0.528,0.422) target=(693,295) cursor=(693,295)
[CURSOR-ABS] handSide=unknown hand=(0.526,0.427) filter=(0.526,0.427) target=(694,296) cursor=(694,296)
[CURSOR-ABS] handSide=unknown hand=(0.525,0.433) filter=(0.525,0.433) target=(695,297) cursor=(695,297)
[CURSOR-ABS] handSide=unknown hand=(0.525,0.436) filter=(0.525,0.436) target=(696,298) cursor=(696,298)
[CURSOR-ABS] handSide=unknown hand=(0.526,0.441) filter=(0.526,0.441) target=(698,299) cursor=(698,299)
[CURSOR-ABS] handSide=unknown hand=(0.527,0.444) filter=(0.527,0.444) target=(699,301) cursor=(699,301)
[CURSOR-ABS] handSide=unknown hand=(0.525,0.445) filter=(0.525,0.445) target=(700,302) cursor=(700,302)
[CURSOR-ABS] handSide=unknown hand=(0.521,0.444) filter=(0.521,0.444) target=(701,303) cursor=(701,303)
[CURSOR-ABS] handSide=unknown hand=(0.516,0.444) filter=(0.516,0.444) target=(702,304) cursor=(702,304)
[CURSOR-ABS] handSide=unknown hand=(0.509,0.442) filter=(0.509,0.442) target=(703,305) cursor=(703,305)
[CURSOR-ABS] handSide=unknown hand=(0.500,0.440) filter=(0.500,0.440) target=(705,306) cursor=(705,306)
[CURSOR-ABS] handSide=unknown hand=(0.490,0.436) filter=(0.490,0.436) target=(706,307) cursor=(706,307)
[CURSOR-ABS] handSide=unknown hand=(0.480,0.436) filter=(0.480,0.436) target=(708,308) cursor=(708,308)
[CURSOR-ABS] handSide=unknown hand=(0.471,0.432) filter=(0.471,0.432) target=(710,309) cursor=(710,309)
[CURSOR-ABS] handSide=unknown hand=(0.459,0.431) filter=(0.459,0.431) target=(712,310) cursor=(712,310)
[CURSOR-ABS] handSide=unknown hand=(0.447,0.425) filter=(0.447,0.425) target=(715,311) cursor=(715,311)
[CURSOR-ABS] handSide=unknown hand=(0.436,0.425) filter=(0.436,0.425) target=(717,312) cursor=(717,312)
[CURSOR-ABS] handSide=unknown hand=(0.422,0.420) filter=(0.422,0.420) target=(720,313) cursor=(720,313)
[CURSOR-ABS] handSide=unknown hand=(0.409,0.423) filter=(0.409,0.423) target=(723,314) cursor=(723,314)
[CURSOR-ABS] handSide=unknown hand=(0.396,0.421) filter=(0.396,0.421) target=(726,315) cursor=(726,315)
[CURSOR-ABS] handSide=unknown hand=(0.383,0.417) filter=(0.383,0.417) target=(730,316) cursor=(730,316)
[CURSOR-ABS] handSide=unknown hand=(0.369,0.416) filter=(0.369,0.416) target=(733,317) cursor=(733,317)
[CURSOR-ABS] handSide=unknown hand=(0.358,0.411) filter=(0.358,0.411) target=(737,317) cursor=(737,317)
[CURSOR-ABS] handSide=unknown hand=(0.347,0.403) filter=(0.347,0.403) target=(740,318) cursor=(740,318)
[CURSOR-ABS] handSide=unknown hand=(0.337,0.397) filter=(0.337,0.397) target=(744,318) cursor=(744,318)
[CURSOR-ABS] handSide=unknown hand=(0.324,0.392) filter=(0.324,0.392) target=(748,319) cursor=(748,319)
[CURSOR-ABS] handSide=unknown hand=(0.314,0.385) filter=(0.314,0.385) target=(752,319) cursor=(752,319)
[CURSOR-ABS] handSide=unknown hand=(0.302,0.382) filter=(0.302,0.382) target=(757,320) cursor=(757,320)
[CURSOR-ABS] handSide=unknown hand=(0.291,0.375) filter=(0.291,0.375) target=(762,320) cursor=(762,320)
[CURSOR-ABS] handSide=unknown hand=(0.280,0.373) filter=(0.280,0.373) target=(767,321) cursor=(767,321)
[CURSOR-ABS] handSide=unknown hand=(0.269,0.369) filter=(0.269,0.369) target=(773,321) cursor=(773,321)
[CURSOR-ABS] handSide=unknown hand=(0.259,0.368) filter=(0.259,0.368) target=(778,322) cursor=(778,322)
[CURSOR-ABS] handSide=unknown hand=(0.251,0.369) filter=(0.251,0.369) target=(784,322) cursor=(784,322)
[CURSOR-ABS] handSide=unknown hand=(0.241,0.369) filter=(0.241,0.369) target=(790,323) cursor=(790,323)
[CURSOR-ABS] handSide=unknown hand=(0.229,0.365) filter=(0.229,0.365) target=(797,323) cursor=(797,323)
[CURSOR-ABS] handSide=unknown hand=(0.218,0.361) filter=(0.218,0.361) target=(803,324) cursor=(803,324)
[CURSOR-ABS] handSide=unknown hand=(0.207,0.359) filter=(0.207,0.359) target=(809,324) cursor=(809,324)
[CURSOR-ABS] handSide=unknown hand=(0.195,0.355) filter=(0.195,0.355) target=(816,324) cursor=(816,324)
[CURSOR-ABS] handSide=unknown hand=(0.184,0.353) filter=(0.184,0.353) target=(823,325) cursor=(823,325)
[CURSOR-ABS] handSide=unknown hand=(0.175,0.350) filter=(0.175,0.350) target=(830,325) cursor=(830,325)
[CURSOR-ABS] handSide=unknown hand=(0.165,0.345) filter=(0.165,0.345) target=(837,325) cursor=(837,325)
[CURSOR-ABS] handSide=unknown hand=(0.155,0.345) filter=(0.155,0.345) target=(844,326) cursor=(844,326)
[CURSOR-ABS] handSide=unknown hand=(0.147,0.336) filter=(0.147,0.336) target=(851,326) cursor=(851,326)
[CURSOR-ABS] handSide=unknown hand=(0.141,0.332) filter=(0.141,0.332) target=(858,326) cursor=(858,326)
[CURSOR-ABS] handSide=unknown hand=(0.133,0.332) filter=(0.133,0.332) target=(865,326) cursor=(865,326)
[CURSOR-ABS] handSide=unknown hand=(0.123,0.332) filter=(0.123,0.332) target=(873,326) cursor=(873,326)
[CURSOR-ABS] handSide=unknown hand=(0.115,0.325) filter=(0.115,0.325) target=(880,327) cursor=(880,327)
[CURSOR-ABS] handSide=unknown hand=(0.110,0.321) filter=(0.110,0.321) target=(888,327) cursor=(888,327)
[CURSOR-ABS] handSide=unknown hand=(0.103,0.318) filter=(0.103,0.318) target=(896,327) cursor=(896,327)
[CURSOR-ABS] handSide=unknown hand=(0.101,0.317) filter=(0.101,0.317) target=(902,327) cursor=(902,327)
[CURSOR-ABS] handSide=unknown hand=(0.097,0.310) filter=(0.097,0.310) target=(910,327) cursor=(910,327)
[CURSOR-ABS] handSide=unknown hand=(0.093,0.313) filter=(0.093,0.313) target=(917,327) cursor=(917,327)
[CURSOR-ABS] handSide=unknown hand=(0.090,0.309) filter=(0.090,0.309) target=(924,327) cursor=(924,327)
[CURSOR-ABS] handSide=unknown hand=(0.084,0.309) filter=(0.084,0.309) target=(931,327) cursor=(931,327)
[CURSOR-ABS] handSide=unknown hand=(0.083,0.305) filter=(0.083,0.305) target=(938,327) cursor=(938,327)
[CURSOR-ABS] handSide=unknown hand=(0.078,0.303) filter=(0.078,0.303) target=(945,327) cursor=(945,327)
[CURSOR-ABS] handSide=unknown hand=(0.074,0.304) filter=(0.074,0.304) target=(952,327) cursor=(952,327)
[CURSOR-ABS] handSide=unknown hand=(0.071,0.297) filter=(0.071,0.297) target=(959,327) cursor=(959,327)
[CURSOR-ABS] handSide=unknown hand=(0.073,0.295) filter=(0.073,0.295) target=(965,327) cursor=(965,327)
[CURSOR-ABS] handSide=unknown hand=(0.075,0.286) filter=(0.075,0.286) target=(972,327) cursor=(972,327)
[CURSOR-ABS] handSide=unknown hand=(0.073,0.287) filter=(0.073,0.287) target=(982,327) cursor=(982,327)
[CURSOR-ABS] handSide=unknown hand=(0.072,0.287) filter=(0.072,0.287) target=(989,327) cursor=(989,327)
[CURSOR-ABS] handSide=unknown hand=(0.073,0.286) filter=(0.073,0.286) target=(995,327) cursor=(995,327)
[CURSOR-ABS] handSide=unknown hand=(0.073,0.287) filter=(0.073,0.287) target=(1002,327) cursor=(1002,327)
[CURSOR-ABS] handSide=unknown hand=(0.071,0.291) filter=(0.071,0.291) target=(1008,327) cursor=(1008,327)
[CURSOR-ABS] handSide=unknown hand=(0.074,0.290) filter=(0.074,0.290) target=(1014,326) cursor=(1014,326)
[CURSOR-ABS] handSide=unknown hand=(0.081,0.292) filter=(0.081,0.292) target=(1020,326) cursor=(1020,326)
[CURSOR-ABS] handSide=unknown hand=(0.089,0.297) filter=(0.089,0.297) target=(1026,326) cursor=(1026,326)
[CURSOR-ABS] handSide=unknown hand=(0.095,0.302) filter=(0.095,0.302) target=(1031,326) cursor=(1031,326)
[CURSOR-ABS] handSide=unknown hand=(0.102,0.309) filter=(0.102,0.309) target=(1037,326) cursor=(1037,326)
[CURSOR-ABS] handSide=unknown hand=(0.108,0.314) filter=(0.108,0.314) target=(1042,326) cursor=(1042,326)
[CURSOR-ABS] handSide=unknown hand=(0.115,0.321) filter=(0.115,0.321) target=(1047,327) cursor=(1047,327)
[CURSOR-ABS] handSide=unknown hand=(0.124,0.323) filter=(0.124,0.323) target=(1052,327) cursor=(1052,327)
[CURSOR-ABS] handSide=unknown hand=(0.134,0.321) filter=(0.134,0.321) target=(1056,327) cursor=(1056,327)
[CURSOR-ABS] handSide=unknown hand=(0.139,0.330) filter=(0.139,0.330) target=(1061,327) cursor=(1061,327)
[CURSOR-ABS] handSide=unknown hand=(0.144,0.332) filter=(0.144,0.332) target=(1066,327) cursor=(1065,327)
[CURSOR-ABS] handSide=unknown hand=(0.151,0.333) filter=(0.151,0.333) target=(1070,327) cursor=(1070,327)
[CURSOR-ABS] handSide=unknown hand=(0.156,0.336) filter=(0.156,0.336) target=(1075,328) cursor=(1075,328)
[CURSOR-ABS] handSide=unknown hand=(0.161,0.333) filter=(0.161,0.333) target=(1079,328) cursor=(1079,328)
[CURSOR-ABS] handSide=unknown hand=(0.167,0.334) filter=(0.167,0.334) target=(1084,328) cursor=(1084,328)
[CURSOR-ABS] handSide=unknown hand=(0.172,0.335) filter=(0.172,0.335) target=(1088,328) cursor=(1088,328)
[CURSOR-ABS] handSide=unknown hand=(0.175,0.333) filter=(0.175,0.333) target=(1093,328) cursor=(1093,328)
[CURSOR-ABS] handSide=unknown hand=(0.178,0.334) filter=(0.178,0.334) target=(1097,329) cursor=(1097,329)
[CURSOR-ABS] handSide=unknown hand=(0.181,0.337) filter=(0.181,0.337) target=(1101,329) cursor=(1101,329)
[CURSOR-ABS] handSide=unknown hand=(0.185,0.337) filter=(0.185,0.337) target=(1105,329) cursor=(1105,329)
[CURSOR-ABS] handSide=unknown hand=(0.190,0.335) filter=(0.190,0.335) target=(1109,329) cursor=(1109,329)
[CURSOR-ABS] handSide=unknown hand=(0.192,0.336) filter=(0.192,0.336) target=(1113,329) cursor=(1113,329)
[CURSOR-ABS] handSide=unknown hand=(0.196,0.334) filter=(0.196,0.334) target=(1116,330) cursor=(1116,330)
[CURSOR-ABS] handSide=unknown hand=(0.201,0.335) filter=(0.201,0.335) target=(1120,330) cursor=(1120,330)
[CURSOR-ABS] handSide=unknown hand=(0.205,0.334) filter=(0.205,0.334) target=(1123,330) cursor=(1123,330)
[CURSOR-ABS] handSide=unknown hand=(0.208,0.334) filter=(0.208,0.334) target=(1126,330) cursor=(1126,330)
[CURSOR-ABS] handSide=unknown hand=(0.209,0.334) filter=(0.209,0.334) target=(1130,330) cursor=(1130,330)
[CURSOR-ABS] handSide=unknown hand=(0.212,0.334) filter=(0.212,0.334) target=(1133,331) cursor=(1133,331)
[CURSOR-ABS] handSide=unknown hand=(0.213,0.335) filter=(0.213,0.335) target=(1137,331) cursor=(1137,331)
[CURSOR-ABS] handSide=unknown hand=(0.219,0.335) filter=(0.219,0.335) target=(1140,331) cursor=(1140,331)
[CURSOR-ABS] handSide=unknown hand=(0.223,0.335) filter=(0.223,0.335) target=(1143,331) cursor=(1143,331)
[CURSOR-ABS] handSide=unknown hand=(0.230,0.335) filter=(0.230,0.335) target=(1146,331) cursor=(1146,331)
[CURSOR-ABS] handSide=unknown hand=(0.238,0.336) filter=(0.238,0.336) target=(1149,332) cursor=(1149,332)
[CURSOR-ABS] handSide=unknown hand=(0.241,0.338) filter=(0.241,0.338) target=(1152,332) cursor=(1152,332)
[CURSOR-ABS] handSide=unknown hand=(0.248,0.334) filter=(0.248,0.334) target=(1155,332) cursor=(1155,332)
[CURSOR-ABS] handSide=unknown hand=(0.255,0.334) filter=(0.255,0.334) target=(1158,332) cursor=(1158,332)
[CURSOR-ABS] handSide=unknown hand=(0.262,0.332) filter=(0.262,0.332) target=(1160,332) cursor=(1160,332)
[CURSOR-ABS] handSide=unknown hand=(0.270,0.332) filter=(0.270,0.332) target=(1163,333) cursor=(1163,333)
[CURSOR-ABS] handSide=unknown hand=(0.277,0.332) filter=(0.277,0.332) target=(1165,333) cursor=(1165,333)
[CURSOR-ABS] handSide=unknown hand=(0.285,0.335) filter=(0.285,0.335) target=(1166,333) cursor=(1166,333)
[CURSOR-ABS] handSide=unknown hand=(0.292,0.336) filter=(0.292,0.336) target=(1168,333) cursor=(1168,333)
[CURSOR-ABS] handSide=unknown hand=(0.299,0.337) filter=(0.299,0.337) target=(1170,333) cursor=(1170,333)
[CURSOR-ABS] handSide=unknown hand=(0.307,0.333) filter=(0.307,0.333) target=(1172,333) cursor=(1172,333)
[CURSOR-ABS] handSide=unknown hand=(0.315,0.334) filter=(0.315,0.334) target=(1173,334) cursor=(1173,334)
[CURSOR-ABS] handSide=unknown hand=(0.325,0.335) filter=(0.325,0.335) target=(1175,334) cursor=(1175,334)
[CURSOR-ABS] handSide=unknown hand=(0.338,0.327) filter=(0.338,0.327) target=(1176,334) cursor=(1176,334)
[CURSOR-ABS] handSide=unknown hand=(0.352,0.326) filter=(0.352,0.326) target=(1177,334) cursor=(1177,334)
[CURSOR-ABS] handSide=unknown hand=(0.369,0.326) filter=(0.369,0.326) target=(1178,334) cursor=(1178,334)
[CURSOR-ABS] handSide=unknown hand=(0.392,0.319) filter=(0.392,0.319) target=(1178,334) cursor=(1178,334)
[CURSOR-ABS] handSide=unknown hand=(0.416,0.310) filter=(0.416,0.310) target=(1179,334) cursor=(1179,334)
[CURSOR-ABS] handSide=unknown hand=(0.441,0.313) filter=(0.441,0.313) target=(1179,334) cursor=(1179,334)
[CURSOR-ABS] handSide=unknown hand=(0.473,0.310) filter=(0.473,0.310) target=(1178,334) cursor=(1178,334)
[CURSOR-ABS] handSide=unknown hand=(0.503,0.312) filter=(0.503,0.312) target=(1178,334) cursor=(1178,334)
[CURSOR-ABS] handSide=unknown hand=(0.537,0.303) filter=(0.537,0.303) target=(1177,334) cursor=(1177,334)
[CURSOR-ABS] handSide=unknown hand=(0.563,0.304) filter=(0.563,0.304) target=(1175,334) cursor=(1175,334)
[CURSOR-ABS] handSide=unknown hand=(0.597,0.301) filter=(0.597,0.301) target=(1173,334) cursor=(1173,334)
[CURSOR-ABS] handSide=unknown hand=(0.633,0.299) filter=(0.633,0.299) target=(1171,334) cursor=(1171,334)
[CURSOR-ABS] handSide=unknown hand=(0.663,0.291) filter=(0.663,0.291) target=(1169,334) cursor=(1169,334)
[CURSOR-ABS] handSide=unknown hand=(0.700,0.276) filter=(0.700,0.276) target=(1166,334) cursor=(1166,334)
[CURSOR-ABS] handSide=unknown hand=(0.720,0.258) filter=(0.720,0.258) target=(1163,334) cursor=(1163,334)
[CURSOR-ABS] handSide=unknown hand=(0.748,0.251) filter=(0.748,0.251) target=(1159,333) cursor=(1159,333)
[CURSOR-ABS] handSide=unknown hand=(0.775,0.250) filter=(0.775,0.250) target=(1154,333) cursor=(1154,333)
[CURSOR-ABS] handSide=unknown hand=(0.793,0.237) filter=(0.793,0.237) target=(1149,333) cursor=(1149,333)
[CURSOR-ABS] handSide=unknown hand=(0.807,0.233) filter=(0.807,0.233) target=(1144,332) cursor=(1144,332)
[CURSOR-ABS] handSide=unknown hand=(0.826,0.222) filter=(0.826,0.222) target=(1140,332) cursor=(1140,332)
[CURSOR-ABS] handSide=unknown hand=(0.844,0.234) filter=(0.844,0.234) target=(1135,331) cursor=(1135,331)
[CURSOR-ABS] handSide=unknown hand=(0.848,0.228) filter=(0.848,0.228) target=(1130,331) cursor=(1130,331)
[CURSOR-ABS] handSide=unknown hand=(0.853,0.228) filter=(0.853,0.228) target=(1125,331) cursor=(1125,331)
[CURSOR-ABS] handSide=unknown hand=(0.853,0.230) filter=(0.853,0.230) target=(1121,330) cursor=(1121,330)
[CURSOR-ABS] handSide=unknown hand=(0.848,0.230) filter=(0.848,0.230) target=(1115,330) cursor=(1116,330)
[CURSOR-ABS] handSide=unknown hand=(0.842,0.239) filter=(0.842,0.239) target=(1111,329) cursor=(1111,329)
[CURSOR-ABS] handSide=unknown hand=(0.830,0.247) filter=(0.830,0.247) target=(1106,329) cursor=(1106,329)
[CURSOR-ABS] handSide=unknown hand=(0.818,0.248) filter=(0.818,0.248) target=(1101,329) cursor=(1101,329)
[CURSOR-ABS] handSide=unknown hand=(0.806,0.249) filter=(0.806,0.249) target=(1096,328) cursor=(1096,328)
[CURSOR-ABS] handSide=unknown hand=(0.797,0.247) filter=(0.797,0.247) target=(1091,328) cursor=(1091,328)
[CURSOR-ABS] handSide=unknown hand=(0.789,0.247) filter=(0.789,0.247) target=(1086,328) cursor=(1086,328)
[CURSOR-ABS] handSide=unknown hand=(0.778,0.255) filter=(0.778,0.255) target=(1081,327) cursor=(1081,327)
[CURSOR-ABS] handSide=unknown hand=(0.759,0.262) filter=(0.759,0.262) target=(1077,327) cursor=(1077,327)
[CURSOR-ABS] handSide=unknown hand=(0.750,0.268) filter=(0.750,0.268) target=(1072,327) cursor=(1072,327)
[CURSOR-ABS] handSide=unknown hand=(0.739,0.268) filter=(0.739,0.268) target=(1068,327) cursor=(1068,327)
[CURSOR-ABS] handSide=unknown hand=(0.728,0.274) filter=(0.728,0.274) target=(1064,327) cursor=(1064,327)
[CURSOR-ABS] handSide=unknown hand=(0.716,0.274) filter=(0.716,0.274) target=(1061,326) cursor=(1061,326)
[CURSOR-ABS] handSide=unknown hand=(0.709,0.270) filter=(0.709,0.270) target=(1057,326) cursor=(1057,326)
[CURSOR-ABS] handSide=unknown hand=(0.702,0.272) filter=(0.702,0.272) target=(1054,326) cursor=(1054,326)
[CURSOR-ABS] handSide=unknown hand=(0.694,0.277) filter=(0.694,0.277) target=(1051,326) cursor=(1051,326)
[CURSOR-ABS] handSide=unknown hand=(0.685,0.283) filter=(0.685,0.283) target=(1048,326) cursor=(1048,326)
[CURSOR-ABS] handSide=unknown hand=(0.679,0.284) filter=(0.679,0.284) target=(1045,326) cursor=(1045,326)
[CURSOR-ABS] handSide=unknown hand=(0.675,0.297) filter=(0.675,0.297) target=(1043,326) cursor=(1043,326)
[CURSOR-ABS] handSide=unknown hand=(0.669,0.296) filter=(0.669,0.296) target=(1040,326) cursor=(1040,326)
[CURSOR-ABS] handSide=unknown hand=(0.662,0.298) filter=(0.662,0.298) target=(1038,326) cursor=(1038,326)
[CURSOR-ABS] handSide=unknown hand=(0.657,0.298) filter=(0.657,0.298) target=(1035,326) cursor=(1035,326)
[CURSOR-ABS] handSide=unknown hand=(0.650,0.298) filter=(0.650,0.298) target=(1033,326) cursor=(1033,326)
[CURSOR-ABS] handSide=unknown hand=(0.646,0.299) filter=(0.646,0.299) target=(1031,326) cursor=(1031,326)
[CURSOR-ABS] handSide=unknown hand=(0.641,0.303) filter=(0.641,0.303) target=(1029,326) cursor=(1029,326)
[CURSOR-ABS] handSide=unknown hand=(0.637,0.303) filter=(0.637,0.303) target=(1027,326) cursor=(1027,326)
[CURSOR-ABS] handSide=unknown hand=(0.632,0.305) filter=(0.632,0.305) target=(1025,326) cursor=(1025,326)
[CURSOR-ABS] handSide=unknown hand=(0.631,0.305) filter=(0.631,0.305) target=(1023,326) cursor=(1023,326)
[CURSOR-ABS] handSide=unknown hand=(0.626,0.306) filter=(0.626,0.306) target=(1021,326) cursor=(1021,326)
[CURSOR-ABS] handSide=unknown hand=(0.624,0.308) filter=(0.624,0.308) target=(1019,326) cursor=(1019,326)
[CURSOR-ABS] handSide=unknown hand=(0.620,0.310) filter=(0.620,0.310) target=(1017,326) cursor=(1017,326)
[CURSOR-ABS] handSide=unknown hand=(0.616,0.315) filter=(0.616,0.315) target=(1015,326) cursor=(1015,326)
[CURSOR-ABS] handSide=unknown hand=(0.613,0.315) filter=(0.613,0.315) target=(1014,326) cursor=(1014,326)
[CURSOR-ABS] handSide=unknown hand=(0.611,0.319) filter=(0.611,0.319) target=(1012,326) cursor=(1012,326)
[CURSOR-ABS] handSide=unknown hand=(0.608,0.322) filter=(0.608,0.322) target=(1010,326) cursor=(1010,326)
[CURSOR-ABS] handSide=unknown hand=(0.605,0.324) filter=(0.605,0.324) target=(1009,326) cursor=(1009,326)
[CURSOR-ABS] handSide=unknown hand=(0.603,0.330) filter=(0.603,0.330) target=(1007,326) cursor=(1007,326)
[CURSOR-ABS] handSide=unknown hand=(0.600,0.332) filter=(0.600,0.332) target=(1005,327) cursor=(1005,327)
[CURSOR-ABS] handSide=unknown hand=(0.598,0.332) filter=(0.598,0.332) target=(1004,327) cursor=(1004,327)
[CURSOR-ABS] handSide=unknown hand=(0.595,0.333) filter=(0.595,0.333) target=(1002,327) cursor=(1002,327)
[CURSOR-ABS] handSide=unknown hand=(0.591,0.335) filter=(0.591,0.335) target=(1001,327) cursor=(1001,327)
[CURSOR-ABS] handSide=unknown hand=(0.588,0.337) filter=(0.588,0.337) target=(999,327) cursor=(999,327)
[CURSOR-ABS] handSide=unknown hand=(0.583,0.332) filter=(0.583,0.332) target=(998,328) cursor=(998,327)
[CURSOR-ABS] handSide=unknown hand=(0.578,0.333) filter=(0.578,0.333) target=(997,328) cursor=(997,328)
[CURSOR-ABS] handSide=unknown hand=(0.575,0.332) filter=(0.575,0.332) target=(996,328) cursor=(996,328)
[CURSOR-ABS] handSide=unknown hand=(0.571,0.331) filter=(0.571,0.331) target=(995,328) cursor=(995,328)
[CURSOR-ABS] handSide=unknown hand=(0.566,0.333) filter=(0.566,0.333) target=(993,328) cursor=(993,328)
[CURSOR-ABS] handSide=unknown hand=(0.562,0.334) filter=(0.562,0.334) target=(992,328) cursor=(992,328)
[CURSOR-ABS] handSide=unknown hand=(0.560,0.335) filter=(0.560,0.335) target=(991,329) cursor=(991,329)
[CURSOR-ABS] handSide=unknown hand=(0.555,0.338) filter=(0.555,0.338) target=(990,329) cursor=(990,329)
[CURSOR-ABS] handSide=unknown hand=(0.549,0.339) filter=(0.549,0.339) target=(989,329) cursor=(989,329)
[CURSOR-ABS] handSide=unknown hand=(0.545,0.339) filter=(0.545,0.339) target=(989,329) cursor=(989,329)
[CURSOR-ABS] handSide=unknown hand=(0.540,0.342) filter=(0.540,0.342) target=(988,329) cursor=(988,329)
[CURSOR-ABS] handSide=unknown hand=(0.534,0.344) filter=(0.534,0.344) target=(987,330) cursor=(987,330)
[CURSOR-ABS] handSide=unknown hand=(0.526,0.345) filter=(0.526,0.345) target=(987,330) cursor=(987,330)
[CURSOR-ABS] handSide=unknown hand=(0.515,0.342) filter=(0.515,0.342) target=(986,330) cursor=(986,330)
[CURSOR-ABS] handSide=unknown hand=(0.503,0.338) filter=(0.503,0.338) target=(986,330) cursor=(986,330)
[CURSOR-ABS] handSide=unknown hand=(0.487,0.329) filter=(0.487,0.329) target=(986,331) cursor=(986,331)
[CURSOR-ABS] handSide=unknown hand=(0.466,0.304) filter=(0.466,0.304) target=(987,331) cursor=(987,331)
[CURSOR-ABS] handSide=unknown hand=(0.437,0.271) filter=(0.437,0.271) target=(987,330) cursor=(987,330)
[CURSOR-ABS] handSide=unknown hand=(0.412,0.225) filter=(0.412,0.225) target=(989,330) cursor=(989,330)
[CURSOR-ABS] handSide=unknown hand=(0.358,0.184) filter=(0.358,0.184) target=(991,329) cursor=(991,329)
[CURSOR-ABS] handSide=unknown hand=(0.813,0.394) filter=(0.813,0.394) target=(985,330) cursor=(985,330)
[CURSOR-ABS] handSide=unknown hand=(0.835,0.400) filter=(0.835,0.400) target=(980,331) cursor=(980,331)
[CURSOR-ABS] handSide=unknown hand=(0.852,0.396) filter=(0.852,0.396) target=(973,331) cursor=(974,331)
[CURSOR-ABS] handSide=unknown hand=(0.869,0.395) filter=(0.869,0.395) target=(967,332) cursor=(967,332)
[CURSOR-ABS] handSide=unknown hand=(0.883,0.396) filter=(0.883,0.396) target=(961,332) cursor=(961,332)
[CURSOR-ABS] handSide=unknown hand=(0.894,0.401) filter=(0.894,0.401) target=(954,333) cursor=(954,333)
[CURSOR-ABS] handSide=unknown hand=(0.894,0.405) filter=(0.894,0.405) target=(947,334) cursor=(947,334)
[CURSOR-ABS] handSide=unknown hand=(0.889,0.408) filter=(0.889,0.408) target=(941,334) cursor=(941,334)
[CURSOR-ABS] handSide=unknown hand=(0.879,0.412) filter=(0.879,0.412) target=(934,335) cursor=(935,335)
[CURSOR-ABS] handSide=unknown hand=(0.864,0.417) filter=(0.864,0.417) target=(928,336) cursor=(928,336)
[CURSOR-ABS] handSide=unknown hand=(0.848,0.419) filter=(0.848,0.419) target=(922,336) cursor=(923,336)
[CURSOR-ABS] handSide=unknown hand=(0.832,0.421) filter=(0.832,0.421) target=(917,337) cursor=(917,337)
[CURSOR-ABS] handSide=unknown hand=(0.816,0.429) filter=(0.816,0.429) target=(912,338) cursor=(912,338)
[CURSOR-ABS] handSide=unknown hand=(0.802,0.433) filter=(0.802,0.433) target=(907,339) cursor=(907,339)
[CURSOR-ABS] handSide=unknown hand=(0.789,0.447) filter=(0.789,0.447) target=(902,340) cursor=(902,340)
[CURSOR-ABS] handSide=unknown hand=(0.775,0.460) filter=(0.775,0.460) target=(898,341) cursor=(898,341)
[CURSOR-ABS] handSide=unknown hand=(0.755,0.459) filter=(0.755,0.459) target=(894,341) cursor=(894,341)
[CURSOR-ABS] handSide=unknown hand=(0.737,0.457) filter=(0.737,0.457) target=(890,342) cursor=(890,342)
[CURSOR-ABS] handSide=unknown hand=(0.718,0.448) filter=(0.718,0.448) target=(886,343) cursor=(886,343)
[CURSOR-ABS] handSide=unknown hand=(0.699,0.455) filter=(0.699,0.455) target=(883,344) cursor=(883,344)
[CURSOR-ABS] handSide=unknown hand=(0.677,0.461) filter=(0.677,0.461) target=(881,345) cursor=(881,345)
[CURSOR-ABS] handSide=unknown hand=(0.655,0.463) filter=(0.655,0.463) target=(878,346) cursor=(878,346)
[CURSOR-ABS] handSide=unknown hand=(0.630,0.460) filter=(0.630,0.460) target=(876,347) cursor=(876,347)
[CURSOR-ABS] handSide=unknown hand=(0.606,0.457) filter=(0.606,0.457) target=(875,348) cursor=(875,348)
[CURSOR-ABS] handSide=unknown hand=(0.581,0.454) filter=(0.581,0.454) target=(874,349) cursor=(874,349)
[CURSOR-ABS] handSide=unknown hand=(0.560,0.446) filter=(0.560,0.446) target=(873,350) cursor=(873,350)
[CURSOR-ABS] handSide=unknown hand=(0.537,0.442) filter=(0.537,0.442) target=(873,351) cursor=(873,351)
[CURSOR-ABS] handSide=unknown hand=(0.505,0.435) filter=(0.505,0.435) target=(873,352) cursor=(873,352)
[CURSOR-ABS] handSide=unknown hand=(0.475,0.419) filter=(0.475,0.419) target=(874,352) cursor=(874,352)
[CURSOR-ABS] handSide=unknown hand=(0.439,0.403) filter=(0.439,0.403) target=(876,353) cursor=(876,353)
[CURSOR-ABS] handSide=unknown hand=(0.413,0.381) filter=(0.413,0.381) target=(878,353) cursor=(878,353)
[CURSOR-ABS] handSide=unknown hand=(0.387,0.365) filter=(0.387,0.365) target=(880,354) cursor=(880,354)
[CURSOR-ABS] handSide=unknown hand=(0.358,0.358) filter=(0.358,0.358) target=(883,354) cursor=(883,354)
[CURSOR-ABS] handSide=unknown hand=(0.335,0.341) filter=(0.335,0.341) target=(886,354) cursor=(886,354)
[CURSOR-ABS] handSide=unknown hand=(0.317,0.318) filter=(0.317,0.318) target=(889,354) cursor=(889,354)
[CURSOR-ABS] handSide=unknown hand=(0.297,0.303) filter=(0.297,0.303) target=(893,354) cursor=(893,354)
[CURSOR-ABS] handSide=unknown hand=(0.278,0.289) filter=(0.278,0.289) target=(897,354) cursor=(897,354)
[CURSOR-ABS] handSide=unknown hand=(0.257,0.279) filter=(0.257,0.279) target=(902,354) cursor=(902,354)
[CURSOR-ABS] handSide=unknown hand=(0.239,0.265) filter=(0.239,0.265) target=(906,353) cursor=(906,353)
[CURSOR-ABS] handSide=unknown hand=(0.221,0.260) filter=(0.221,0.260) target=(911,353) cursor=(911,353)
[CURSOR-ABS] handSide=unknown hand=(0.208,0.251) filter=(0.208,0.251) target=(917,353) cursor=(916,353)
[CURSOR-ABS] handSide=unknown hand=(0.201,0.246) filter=(0.201,0.246) target=(922,352) cursor=(922,352)
[CURSOR-ABS] handSide=unknown hand=(0.197,0.241) filter=(0.197,0.241) target=(927,352) cursor=(927,352)
[CURSOR-ABS] handSide=unknown hand=(0.199,0.244) filter=(0.199,0.244) target=(932,351) cursor=(932,351)
[CURSOR-ABS] handSide=unknown hand=(0.209,0.252) filter=(0.209,0.252) target=(937,351) cursor=(937,351)
[CURSOR-ABS] handSide=unknown hand=(0.222,0.271) filter=(0.222,0.271) target=(942,351) cursor=(942,351)
[CURSOR-ABS] handSide=unknown hand=(0.239,0.293) filter=(0.239,0.293) target=(946,350) cursor=(946,350)
[CURSOR-ABS] handSide=unknown hand=(0.259,0.319) filter=(0.259,0.319) target=(950,351) cursor=(950,351)
[CURSOR-ABS] handSide=unknown hand=(0.277,0.338) filter=(0.277,0.338) target=(954,351) cursor=(954,351)
[CURSOR-ABS] handSide=unknown hand=(0.298,0.362) filter=(0.298,0.362) target=(957,351) cursor=(957,351)
[CURSOR-ABS] handSide=unknown hand=(0.318,0.389) filter=(0.318,0.389) target=(959,351) cursor=(959,351)
[CURSOR-ABS] handSide=unknown hand=(0.338,0.414) filter=(0.338,0.414) target=(962,352) cursor=(962,352)
[CURSOR-ABS] handSide=unknown hand=(0.354,0.436) filter=(0.354,0.436) target=(964,353) cursor=(964,353)
[CURSOR-ABS] handSide=unknown hand=(0.373,0.459) filter=(0.373,0.459) target=(966,354) cursor=(966,354)
[CURSOR-ABS] handSide=unknown hand=(0.391,0.475) filter=(0.391,0.475) target=(968,355) cursor=(968,355)
[CURSOR-ABS] handSide=unknown hand=(0.409,0.488) filter=(0.409,0.488) target=(969,356) cursor=(969,356)
[CURSOR-ABS] handSide=unknown hand=(0.424,0.500) filter=(0.424,0.500) target=(970,357) cursor=(970,357)
[CURSOR-ABS] handSide=unknown hand=(0.441,0.513) filter=(0.441,0.513) target=(971,358) cursor=(971,358)
[CURSOR-ABS] handSide=unknown hand=(0.454,0.523) filter=(0.454,0.523) target=(972,360) cursor=(972,360)
[CURSOR-ABS] handSide=unknown hand=(0.468,0.536) filter=(0.468,0.536) target=(972,361) cursor=(972,361)
[CURSOR-ABS] handSide=unknown hand=(0.484,0.540) filter=(0.484,0.540) target=(972,363) cursor=(972,363)
[CURSOR-ABS] handSide=unknown hand=(0.498,0.547) filter=(0.498,0.547) target=(972,364) cursor=(972,364)
[CURSOR-ABS] handSide=unknown hand=(0.512,0.553) filter=(0.512,0.553) target=(972,366) cursor=(972,366)
[CURSOR-ABS] handSide=unknown hand=(0.525,0.555) filter=(0.525,0.555) target=(972,367) cursor=(972,367)
[CURSOR-ABS] handSide=unknown hand=(0.540,0.560) filter=(0.540,0.560) target=(971,369) cursor=(971,369)
[CURSOR-ABS] handSide=unknown hand=(0.555,0.561) filter=(0.555,0.561) target=(970,371) cursor=(970,371)
[CURSOR-ABS] handSide=unknown hand=(0.568,0.565) filter=(0.568,0.565) target=(969,372) cursor=(969,372)
[CURSOR-ABS] handSide=unknown hand=(0.582,0.566) filter=(0.582,0.566) target=(968,374) cursor=(968,374)
[CURSOR-ABS] handSide=unknown hand=(0.595,0.568) filter=(0.595,0.568) target=(966,375) cursor=(966,375)
[CURSOR-ABS] handSide=unknown hand=(0.608,0.565) filter=(0.608,0.565) target=(965,377) cursor=(965,377)
[CURSOR-ABS] handSide=unknown hand=(0.620,0.564) filter=(0.620,0.564) target=(963,379) cursor=(963,379)
[CURSOR-ABS] handSide=unknown hand=(0.631,0.564) filter=(0.631,0.564) target=(961,380) cursor=(961,380)
[CURSOR-ABS] handSide=unknown hand=(0.638,0.565) filter=(0.638,0.565) target=(958,382) cursor=(958,382)
[CURSOR-ABS] handSide=unknown hand=(0.646,0.567) filter=(0.646,0.567) target=(956,384) cursor=(956,384)
[CURSOR-ABS] handSide=unknown hand=(0.650,0.570) filter=(0.650,0.570) target=(954,385) cursor=(954,385)
[CURSOR-ABS] handSide=unknown hand=(0.652,0.573) filter=(0.652,0.573) target=(951,387) cursor=(951,387)
[CURSOR-ABS] handSide=unknown hand=(0.653,0.577) filter=(0.653,0.577) target=(949,389) cursor=(949,389)
[CURSOR-ABS] handSide=unknown hand=(0.650,0.588) filter=(0.650,0.588) target=(946,391) cursor=(946,391)
[CURSOR-ABS] handSide=unknown hand=(0.646,0.594) filter=(0.646,0.594) target=(944,393) cursor=(944,393)
[CURSOR-ABS] handSide=unknown hand=(0.642,0.602) filter=(0.642,0.602) target=(942,395) cursor=(942,395)
[CURSOR-ABS] handSide=unknown hand=(0.636,0.604) filter=(0.636,0.604) target=(939,396) cursor=(939,396)
[CURSOR-ABS] handSide=unknown hand=(0.631,0.606) filter=(0.631,0.606) target=(937,399) cursor=(937,399)
[CURSOR-ABS] handSide=unknown hand=(0.624,0.614) filter=(0.624,0.614) target=(935,401) cursor=(935,401)
[CURSOR-ABS] handSide=unknown hand=(0.619,0.616) filter=(0.619,0.616) target=(933,403) cursor=(933,403)
[CURSOR-ABS] handSide=unknown hand=(0.616,0.618) filter=(0.616,0.618) target=(931,405) cursor=(931,405)
[CURSOR-ABS] handSide=unknown hand=(0.612,0.618) filter=(0.612,0.618) target=(930,407) cursor=(930,407)
[CURSOR-ABS] handSide=unknown hand=(0.607,0.619) filter=(0.607,0.619) target=(928,409) cursor=(928,409)
[CURSOR-ABS] handSide=unknown hand=(0.606,0.623) filter=(0.606,0.623) target=(926,411) cursor=(926,411)
[CURSOR-ABS] handSide=unknown hand=(0.605,0.619) filter=(0.605,0.619) target=(925,414) cursor=(925,414)
[CURSOR-ABS] handSide=unknown hand=(0.604,0.618) filter=(0.604,0.618) target=(923,416) cursor=(923,416)
[CURSOR-ABS] handSide=unknown hand=(0.603,0.618) filter=(0.603,0.618) target=(921,418) cursor=(921,418)
[CURSOR-ABS] handSide=unknown hand=(0.602,0.618) filter=(0.602,0.618) target=(920,420) cursor=(920,420)
[CURSOR-ABS] handSide=unknown hand=(0.601,0.615) filter=(0.601,0.615) target=(918,422) cursor=(918,422)
[CURSOR-ABS] handSide=unknown hand=(0.600,0.609) filter=(0.600,0.609) target=(917,425) cursor=(917,424)
[CURSOR-ABS] handSide=unknown hand=(0.600,0.594) filter=(0.600,0.594) target=(915,426) cursor=(915,426)
[CURSOR-ABS] handSide=unknown hand=(0.598,0.567) filter=(0.598,0.567) target=(914,428) cursor=(914,428)
[CURSOR-ABS] handSide=unknown hand=(0.597,0.534) filter=(0.597,0.534) target=(912,430) cursor=(912,430)
[CURSOR-ABS] handSide=unknown hand=(0.595,0.495) filter=(0.595,0.495) target=(911,431) cursor=(911,431)
[CURSOR-ABS] handSide=unknown hand=(0.590,0.452) filter=(0.590,0.452) target=(909,432) cursor=(909,432)
[CURSOR-ABS] handSide=unknown hand=(0.585,0.415) filter=(0.585,0.415) target=(908,432) cursor=(908,432)
[CURSOR-ABS] handSide=unknown hand=(0.580,0.371) filter=(0.580,0.371) target=(907,432) cursor=(907,432)
[CURSOR-ABS] handSide=unknown hand=(0.573,0.332) filter=(0.573,0.332) target=(906,432) cursor=(906,432)
[CURSOR-ABS] handSide=unknown hand=(0.568,0.292) filter=(0.568,0.292) target=(905,432) cursor=(905,432)
[CURSOR-ABS] handSide=unknown hand=(0.563,0.258) filter=(0.563,0.258) target=(904,431) cursor=(904,431)
[CURSOR-ABS] handSide=unknown hand=(0.556,0.227) filter=(0.556,0.227) target=(903,430) cursor=(903,430)
[CURSOR-ABS] handSide=unknown hand=(0.548,0.194) filter=(0.548,0.194) target=(903,429) cursor=(903,429)
[CURSOR-ABS] handSide=unknown hand=(0.543,0.166) filter=(0.543,0.166) target=(902,427) cursor=(902,427)
[CURSOR-ABS] handSide=unknown hand=(0.541,0.141) filter=(0.541,0.141) target=(902,426) cursor=(902,426)
[CURSOR-ABS] handSide=unknown hand=(0.541,0.117) filter=(0.541,0.117) target=(902,424) cursor=(902,424)
[CURSOR-ABS] handSide=unknown hand=(0.462,0.377) filter=(0.462,0.377) target=(902,424) cursor=(902,424)
[CURSOR-ABS] handSide=unknown hand=(0.460,0.369) filter=(0.460,0.369) target=(903,424) cursor=(903,424)
[CURSOR-ABS] handSide=unknown hand=(0.459,0.361) filter=(0.459,0.361) target=(904,424) cursor=(904,424)
[CURSOR-ABS] handSide=unknown hand=(0.464,0.338) filter=(0.464,0.338) target=(905,424) cursor=(905,424)
[CURSOR-ABS] handSide=unknown hand=(0.467,0.315) filter=(0.467,0.315) target=(906,424) cursor=(906,424)
[CURSOR-ABS] handSide=unknown hand=(0.471,0.290) filter=(0.471,0.290) target=(907,424) cursor=(907,424)
[CURSOR-ABS] handSide=unknown hand=(0.479,0.275) filter=(0.479,0.275) target=(907,423) cursor=(907,423)
[CURSOR-ABS] handSide=unknown hand=(0.484,0.268) filter=(0.484,0.268) target=(908,423) cursor=(908,423)
[CURSOR-ABS] handSide=unknown hand=(0.487,0.265) filter=(0.487,0.265) target=(908,422) cursor=(908,422)
[CURSOR-ABS] handSide=unknown hand=(0.491,0.261) filter=(0.491,0.261) target=(908,421) cursor=(908,421)
[CURSOR-ABS] handSide=unknown hand=(0.492,0.263) filter=(0.492,0.263) target=(909,421) cursor=(909,421)
[CURSOR-ABS] handSide=unknown hand=(0.497,0.265) filter=(0.497,0.265) target=(909,419) cursor=(909,419)
[CURSOR-ABS] handSide=unknown hand=(0.503,0.267) filter=(0.503,0.267) target=(910,419) cursor=(910,419)
[CURSOR-ABS] handSide=unknown hand=(0.505,0.261) filter=(0.505,0.261) target=(910,418) cursor=(910,418)
[CURSOR-ABS] handSide=unknown hand=(0.506,0.253) filter=(0.506,0.253) target=(910,417) cursor=(910,417)
[CURSOR-ABS] handSide=unknown hand=(0.510,0.241) filter=(0.510,0.241) target=(910,416) cursor=(910,416)
[CURSOR-ABS] handSide=unknown hand=(0.516,0.220) filter=(0.516,0.220) target=(910,415) cursor=(910,415)
[CURSOR-ABS] handSide=unknown hand=(0.522,0.193) filter=(0.522,0.193) target=(910,414) cursor=(910,414)
[CURSOR-ABS] handSide=unknown hand=(0.525,0.163) filter=(0.525,0.163) target=(910,413) cursor=(910,413)
[CURSOR-ABS] handSide=unknown hand=(0.528,0.134) filter=(0.528,0.134) target=(909,411) cursor=(909,411)
[CURSOR-ABS] handSide=unknown hand=(0.529,0.106) filter=(0.529,0.106) target=(909,409) cursor=(909,409)
[CURSOR-ABS] handSide=unknown hand=(0.555,0.311) filter=(0.555,0.311) target=(908,409) cursor=(908,409)
[CURSOR-ABS] handSide=unknown hand=(0.580,0.322) filter=(0.580,0.322) target=(907,409) cursor=(907,409)
[CURSOR-ABS] handSide=unknown hand=(0.600,0.337) filter=(0.600,0.337) target=(906,409) cursor=(906,409)
[CURSOR-ABS] handSide=unknown hand=(0.623,0.347) filter=(0.623,0.347) target=(904,409) cursor=(904,409)
[CURSOR-ABS] handSide=unknown hand=(0.649,0.360) filter=(0.649,0.360) target=(901,409) cursor=(901,409)
[CURSOR-ABS] handSide=unknown hand=(0.671,0.371) filter=(0.671,0.371) target=(898,409) cursor=(898,409)
[CURSOR-ABS] handSide=unknown hand=(0.698,0.388) filter=(0.698,0.388) target=(895,410) cursor=(895,410)
[CURSOR-ABS] handSide=unknown hand=(0.723,0.396) filter=(0.723,0.396) target=(891,410) cursor=(891,410)
[CURSOR-ABS] handSide=unknown hand=(0.741,0.397) filter=(0.741,0.397) target=(887,411) cursor=(887,411)
[CURSOR-ABS] handSide=unknown hand=(0.759,0.394) filter=(0.759,0.394) target=(883,411) cursor=(883,411)
[CURSOR-ABS] handSide=unknown hand=(0.775,0.399) filter=(0.775,0.399) target=(878,412) cursor=(878,412)
[CURSOR-ABS] handSide=unknown hand=(0.789,0.399) filter=(0.789,0.399) target=(874,412) cursor=(874,412)
[CURSOR-ABS] handSide=unknown hand=(0.798,0.397) filter=(0.798,0.397) target=(868,412) cursor=(868,412)
[CURSOR-ABS] handSide=unknown hand=(0.806,0.390) filter=(0.806,0.390) target=(863,413) cursor=(863,413)
[CURSOR-ABS] handSide=unknown hand=(0.814,0.386) filter=(0.814,0.386) target=(858,413) cursor=(858,413)
[CURSOR-ABS] handSide=unknown hand=(0.820,0.380) filter=(0.820,0.380) target=(852,414) cursor=(852,414)
[CURSOR-ABS] handSide=unknown hand=(0.826,0.368) filter=(0.826,0.368) target=(848,414) cursor=(848,414)
[CURSOR-ABS] handSide=unknown hand=(0.835,0.356) filter=(0.835,0.356) target=(843,414) cursor=(843,414)
[CURSOR-ABS] handSide=unknown hand=(0.841,0.342) filter=(0.841,0.342) target=(838,414) cursor=(838,414)
[CURSOR-ABS] handSide=unknown hand=(0.842,0.331) filter=(0.842,0.331) target=(833,414) cursor=(833,414)
[CURSOR-ABS] handSide=unknown hand=(0.839,0.326) filter=(0.839,0.326) target=(827,414) cursor=(828,414)
[CURSOR-ABS] handSide=unknown hand=(0.842,0.318) filter=(0.842,0.318) target=(822,413) cursor=(822,413)
[CURSOR-ABS] handSide=unknown hand=(0.835,0.318) filter=(0.835,0.318) target=(818,413) cursor=(818,413)
[CURSOR-ABS] handSide=unknown hand=(0.830,0.322) filter=(0.830,0.322) target=(813,413) cursor=(813,413)
[CURSOR-ABS] handSide=unknown hand=(0.819,0.337) filter=(0.819,0.337) target=(808,413) cursor=(808,413)
[CURSOR-ABS] handSide=unknown hand=(0.807,0.346) filter=(0.807,0.346) target=(804,413) cursor=(804,413)
[CURSOR-ABS] handSide=unknown hand=(0.795,0.362) filter=(0.795,0.362) target=(800,413) cursor=(800,413)
[CURSOR-ABS] handSide=unknown hand=(0.780,0.382) filter=(0.780,0.382) target=(796,414) cursor=(796,414)
[CURSOR-ABS] handSide=unknown hand=(0.772,0.407) filter=(0.772,0.407) target=(791,414) cursor=(791,414)
[CURSOR-ABS] handSide=unknown hand=(0.756,0.423) filter=(0.756,0.423) target=(787,415) cursor=(787,415)
[CURSOR-ABS] handSide=unknown hand=(0.741,0.440) filter=(0.741,0.440) target=(784,416) cursor=(784,416)
[CURSOR-ABS] handSide=unknown hand=(0.722,0.458) filter=(0.722,0.458) target=(780,416) cursor=(780,416)
[CURSOR-ABS] handSide=unknown hand=(0.705,0.467) filter=(0.705,0.467) target=(778,417) cursor=(778,417)
[CURSOR-ABS] handSide=unknown hand=(0.690,0.475) filter=(0.690,0.475) target=(775,418) cursor=(775,418)
[CURSOR-ABS] handSide=unknown hand=(0.674,0.477) filter=(0.674,0.477) target=(772,419) cursor=(772,419)
[CURSOR-ABS] handSide=unknown hand=(0.659,0.478) filter=(0.659,0.478) target=(770,421) cursor=(770,420)
[CURSOR-ABS] handSide=unknown hand=(0.644,0.475) filter=(0.644,0.475) target=(768,422) cursor=(768,422)
[CURSOR-ABS] handSide=unknown hand=(0.630,0.473) filter=(0.630,0.473) target=(767,423) cursor=(767,423)
[CURSOR-ABS] handSide=unknown hand=(0.614,0.469) filter=(0.614,0.469) target=(766,424) cursor=(766,424)
[CURSOR-ABS] handSide=unknown hand=(0.600,0.464) filter=(0.600,0.464) target=(765,425) cursor=(765,425)
[CURSOR-ABS] handSide=unknown hand=(0.585,0.459) filter=(0.585,0.459) target=(764,426) cursor=(764,426)
[CURSOR-ABS] handSide=unknown hand=(0.572,0.455) filter=(0.572,0.455) target=(763,426) cursor=(763,426)
[CURSOR-ABS] handSide=unknown hand=(0.557,0.454) filter=(0.557,0.454) target=(763,427) cursor=(763,427)
[CURSOR-ABS] handSide=unknown hand=(0.544,0.446) filter=(0.544,0.446) target=(764,428) cursor=(764,428)
[CURSOR-ABS] handSide=unknown hand=(0.532,0.442) filter=(0.532,0.442) target=(764,429) cursor=(764,429)
[CURSOR-ABS] handSide=unknown hand=(0.520,0.440) filter=(0.520,0.440) target=(764,430) cursor=(764,430)
[CURSOR-ABS] handSide=unknown hand=(0.507,0.437) filter=(0.507,0.437) target=(765,430) cursor=(765,430)
[CURSOR-ABS] handSide=unknown hand=(0.497,0.432) filter=(0.497,0.432) target=(766,431) cursor=(766,431)
[CURSOR-ABS] handSide=unknown hand=(0.484,0.430) filter=(0.484,0.430) target=(768,432) cursor=(768,432)
[CURSOR-ABS] handSide=unknown hand=(0.474,0.428) filter=(0.474,0.428) target=(769,432) cursor=(769,432)
[CURSOR-ABS] handSide=unknown hand=(0.464,0.424) filter=(0.464,0.424) target=(771,433) cursor=(771,433)
[CURSOR-ABS] handSide=unknown hand=(0.454,0.425) filter=(0.454,0.425) target=(773,434) cursor=(773,434)
[CURSOR-ABS] handSide=unknown hand=(0.444,0.422) filter=(0.444,0.422) target=(775,434) cursor=(775,434)
[CURSOR-ABS] handSide=unknown hand=(0.436,0.421) filter=(0.436,0.421) target=(777,435) cursor=(777,435)
[CURSOR-ABS] handSide=unknown hand=(0.427,0.420) filter=(0.427,0.420) target=(779,435) cursor=(779,435)
[CURSOR-ABS] handSide=unknown hand=(0.419,0.418) filter=(0.419,0.418) target=(782,436) cursor=(782,436)
[CURSOR-ABS] handSide=unknown hand=(0.413,0.415) filter=(0.413,0.415) target=(785,437) cursor=(785,437)
[CURSOR-ABS] handSide=unknown hand=(0.404,0.409) filter=(0.404,0.409) target=(787,437) cursor=(787,437)
[CURSOR-ABS] handSide=unknown hand=(0.393,0.403) filter=(0.393,0.403) target=(790,437) cursor=(790,437)
[CURSOR-ABS] handSide=unknown hand=(0.384,0.394) filter=(0.384,0.394) target=(794,438) cursor=(794,438)
[CURSOR-ABS] handSide=unknown hand=(0.373,0.384) filter=(0.373,0.384) target=(797,438) cursor=(797,438)
[CURSOR-ABS] handSide=unknown hand=(0.365,0.375) filter=(0.365,0.375) target=(801,438) cursor=(801,438)
[CURSOR-ABS] handSide=unknown hand=(0.358,0.364) filter=(0.358,0.364) target=(805,438) cursor=(805,438)
[CURSOR-ABS] handSide=unknown hand=(0.353,0.352) filter=(0.353,0.352) target=(808,438) cursor=(808,438)
[CURSOR-ABS] handSide=unknown hand=(0.348,0.341) filter=(0.348,0.341) target=(812,438) cursor=(812,438)
[CURSOR-ABS] handSide=unknown hand=(0.345,0.325) filter=(0.345,0.325) target=(815,438) cursor=(815,438)
[CURSOR-ABS] handSide=unknown hand=(0.343,0.309) filter=(0.343,0.309) target=(818,438) cursor=(818,438)
[CURSOR-ABS] handSide=unknown hand=(0.339,0.293) filter=(0.339,0.293) target=(822,437) cursor=(822,437)
[CURSOR-ABS] handSide=unknown hand=(0.338,0.278) filter=(0.338,0.278) target=(825,437) cursor=(825,437)
[CURSOR-ABS] handSide=unknown hand=(0.335,0.260) filter=(0.335,0.260) target=(828,436) cursor=(828,436)
[CURSOR-ABS] handSide=unknown hand=(0.335,0.247) filter=(0.335,0.247) target=(832,435) cursor=(832,435)
[CURSOR-ABS] handSide=unknown hand=(0.332,0.234) filter=(0.332,0.234) target=(835,434) cursor=(835,434)
[CURSOR-ABS] handSide=unknown hand=(0.329,0.222) filter=(0.329,0.222) target=(839,433) cursor=(839,433)
[CURSOR-ABS] handSide=unknown hand=(0.328,0.215) filter=(0.328,0.215) target=(906,413) cursor=(905,413)
[CURSOR-ABS] handSide=unknown hand=(0.327,0.206) filter=(0.327,0.206) target=(910,412) cursor=(910,412)
[CURSOR-ABS] handSide=unknown hand=(0.326,0.197) filter=(0.326,0.197) target=(913,411) cursor=(913,411)
[CURSOR-ABS] handSide=unknown hand=(0.328,0.195) filter=(0.328,0.195) target=(916,410) cursor=(916,410)
[CURSOR-ABS] handSide=unknown hand=(0.328,0.194) filter=(0.328,0.194) target=(919,409) cursor=(919,409)
[CURSOR-ABS] handSide=unknown hand=(0.331,0.194) filter=(0.331,0.194) target=(926,406) cursor=(926,406)
[CURSOR-ABS] handSide=unknown hand=(0.332,0.198) filter=(0.332,0.198) target=(929,405) cursor=(929,405)
[CURSOR-ABS] handSide=unknown hand=(0.334,0.200) filter=(0.334,0.200) target=(932,404) cursor=(932,404)
[CURSOR-ABS] handSide=unknown hand=(0.339,0.201) filter=(0.339,0.201) target=(934,403) cursor=(934,403)
[CURSOR-ABS] handSide=unknown hand=(0.343,0.204) filter=(0.343,0.204) target=(937,402) cursor=(937,402)
[CURSOR-ABS] handSide=unknown hand=(0.348,0.204) filter=(0.348,0.204) target=(939,402) cursor=(939,402)
[CURSOR-ABS] handSide=unknown hand=(0.352,0.202) filter=(0.352,0.202) target=(942,401) cursor=(942,401)
[CURSOR-ABS] handSide=unknown hand=(0.357,0.193) filter=(0.357,0.193) target=(944,400) cursor=(944,400)
[CURSOR-ABS] handSide=unknown hand=(0.360,0.185) filter=(0.360,0.185) target=(946,399) cursor=(946,399)
[CURSOR-ABS] handSide=unknown hand=(0.362,0.167) filter=(0.362,0.167) target=(949,397) cursor=(949,397)
[CURSOR-ABS] handSide=unknown hand=(0.364,0.147) filter=(0.364,0.147) target=(951,396) cursor=(951,396)
[CURSOR-ABS] handSide=unknown hand=(0.365,0.127) filter=(0.365,0.127) target=(953,395) cursor=(953,395)
[CURSOR-ABS] handSide=unknown hand=(0.383,0.120) filter=(0.383,0.120) target=(955,393) cursor=(955,393)
[CURSOR-ABS] handSide=unknown hand=(0.684,0.405) filter=(0.684,0.405) target=(952,394) cursor=(952,394)
[CURSOR-ABS] handSide=unknown hand=(0.678,0.410) filter=(0.678,0.410) target=(949,394) cursor=(949,394)
[CURSOR-ABS] handSide=unknown hand=(0.675,0.434) filter=(0.675,0.434) target=(947,395) cursor=(947,395)
[CURSOR-ABS] handSide=unknown hand=(0.665,0.460) filter=(0.665,0.460) target=(944,396) cursor=(944,396)
[CURSOR-ABS] handSide=unknown hand=(0.651,0.477) filter=(0.651,0.477) target=(942,397) cursor=(942,397)
[CURSOR-ABS] handSide=unknown hand=(0.637,0.497) filter=(0.637,0.497) target=(940,398) cursor=(940,398)
[CURSOR-ABS] handSide=unknown hand=(0.616,0.523) filter=(0.616,0.523) target=(938,399) cursor=(938,399)
[CURSOR-ABS] handSide=unknown hand=(0.596,0.541) filter=(0.596,0.541) target=(937,401) cursor=(937,401)
[CURSOR-ABS] handSide=unknown hand=(0.574,0.558) filter=(0.574,0.558) target=(936,402) cursor=(936,402)
[CURSOR-ABS] handSide=unknown hand=(0.555,0.574) filter=(0.555,0.574) target=(935,404) cursor=(935,404)
[CURSOR-ABS] handSide=unknown hand=(0.534,0.583) filter=(0.534,0.583) target=(935,405) cursor=(935,405)
[CURSOR-ABS] handSide=unknown hand=(0.512,0.589) filter=(0.512,0.589) target=(935,407) cursor=(935,407)
[CURSOR-ABS] handSide=unknown hand=(0.492,0.593) filter=(0.492,0.593) target=(935,409) cursor=(935,409)
[CURSOR-ABS] handSide=unknown hand=(0.478,0.591) filter=(0.478,0.591) target=(935,411) cursor=(935,411)
[CURSOR-ABS] handSide=unknown hand=(0.462,0.590) filter=(0.462,0.590) target=(936,412) cursor=(936,412)
[CURSOR-ABS] handSide=unknown hand=(0.449,0.586) filter=(0.449,0.586) target=(937,414) cursor=(937,414)
[CURSOR-ABS] handSide=unknown hand=(0.436,0.577) filter=(0.436,0.577) target=(938,416) cursor=(938,416)
[CURSOR-ABS] handSide=unknown hand=(0.426,0.569) filter=(0.426,0.569) target=(939,417) cursor=(939,417)
[CURSOR-ABS] handSide=unknown hand=(0.416,0.560) filter=(0.416,0.560) target=(940,419) cursor=(940,419)
[CURSOR-ABS] handSide=unknown hand=(0.405,0.555) filter=(0.405,0.555) target=(942,420) cursor=(942,420)
[CURSOR-ABS] handSide=unknown hand=(0.395,0.549) filter=(0.395,0.549) target=(944,422) cursor=(944,422)
[CURSOR-ABS] handSide=unknown hand=(0.382,0.545) filter=(0.382,0.545) target=(946,423) cursor=(946,423)
[CURSOR-ABS] handSide=unknown hand=(0.370,0.537) filter=(0.370,0.537) target=(948,425) cursor=(948,425)
[CURSOR-ABS] handSide=unknown hand=(0.359,0.537) filter=(0.359,0.537) target=(950,426) cursor=(950,426)
[CURSOR-ABS] handSide=unknown hand=(0.346,0.536) filter=(0.346,0.536) target=(953,428) cursor=(953,428)
[CURSOR-ABS] handSide=unknown hand=(0.338,0.529) filter=(0.338,0.529) target=(955,429) cursor=(955,429)
[CURSOR-ABS] handSide=unknown hand=(0.328,0.527) filter=(0.328,0.527) target=(958,430) cursor=(958,430)
[CURSOR-ABS] handSide=unknown hand=(0.321,0.522) filter=(0.321,0.522) target=(961,432) cursor=(961,432)
[CURSOR-ABS] handSide=unknown hand=(0.312,0.517) filter=(0.312,0.517) target=(964,433) cursor=(964,433)
[CURSOR-ABS] handSide=unknown hand=(0.304,0.511) filter=(0.304,0.511) target=(967,434) cursor=(967,434)
[CURSOR-ABS] handSide=unknown hand=(0.299,0.506) filter=(0.299,0.506) target=(970,435) cursor=(970,435)
[CURSOR-ABS] handSide=unknown hand=(0.292,0.498) filter=(0.292,0.498) target=(974,437) cursor=(974,437)
[CURSOR-ABS] handSide=unknown hand=(0.285,0.488) filter=(0.285,0.488) target=(977,438) cursor=(977,438)
[CURSOR-ABS] handSide=unknown hand=(0.279,0.483) filter=(0.279,0.483) target=(981,439) cursor=(981,439)
[CURSOR-ABS] handSide=unknown hand=(0.273,0.477) filter=(0.273,0.477) target=(984,440) cursor=(984,440)
[CURSOR-ABS] handSide=unknown hand=(0.269,0.465) filter=(0.269,0.465) target=(988,441) cursor=(988,441)
[CURSOR-ABS] handSide=unknown hand=(0.264,0.452) filter=(0.264,0.452) target=(991,441) cursor=(991,441)
[CURSOR-ABS] handSide=unknown hand=(0.260,0.435) filter=(0.260,0.435) target=(995,442) cursor=(995,442)
[CURSOR-ABS] handSide=unknown hand=(0.257,0.419) filter=(0.257,0.419) target=(998,442) cursor=(998,442)
[CURSOR-ABS] handSide=unknown hand=(0.255,0.402) filter=(0.255,0.402) target=(1002,443) cursor=(1002,443)
[CURSOR-ABS] handSide=unknown hand=(0.253,0.384) filter=(0.253,0.384) target=(1005,443) cursor=(1005,443)
[CURSOR-ABS] handSide=unknown hand=(0.254,0.366) filter=(0.254,0.366) target=(1009,443) cursor=(1009,443)
[CURSOR-ABS] handSide=unknown hand=(0.254,0.351) filter=(0.254,0.351) target=(1012,443) cursor=(1012,443)
[CURSOR-ABS] handSide=unknown hand=(0.256,0.336) filter=(0.256,0.336) target=(1015,443) cursor=(1015,443)
[CURSOR-ABS] handSide=unknown hand=(0.260,0.321) filter=(0.260,0.321) target=(1018,443) cursor=(1018,443)
[CURSOR-ABS] handSide=unknown hand=(0.266,0.303) filter=(0.266,0.303) target=(1022,442) cursor=(1022,442)
[CURSOR-ABS] handSide=unknown hand=(0.270,0.285) filter=(0.270,0.285) target=(1025,442) cursor=(1025,442)
[CURSOR-ABS] handSide=unknown hand=(0.275,0.268) filter=(0.275,0.268) target=(1028,441) cursor=(1028,441)
[CURSOR-ABS] handSide=unknown hand=(0.282,0.251) filter=(0.282,0.251) target=(1030,440) cursor=(1030,440)
[CURSOR-ABS] handSide=unknown hand=(0.285,0.236) filter=(0.285,0.236) target=(1033,440) cursor=(1033,440)
[CURSOR-ABS] handSide=unknown hand=(0.291,0.227) filter=(0.291,0.227) target=(1036,439) cursor=(1036,439)
[CURSOR-ABS] handSide=unknown hand=(0.299,0.219) filter=(0.299,0.219) target=(1038,438) cursor=(1038,438)
[CURSOR-ABS] handSide=unknown hand=(0.308,0.218) filter=(0.308,0.218) target=(1041,437) cursor=(1041,437)
[CURSOR-ABS] handSide=unknown hand=(0.320,0.219) filter=(0.320,0.219) target=(1043,436) cursor=(1043,436)
[CURSOR-ABS] handSide=unknown hand=(0.333,0.217) filter=(0.333,0.217) target=(1045,435) cursor=(1045,435)
[CURSOR-ABS] handSide=unknown hand=(0.347,0.217) filter=(0.347,0.217) target=(1047,434) cursor=(1047,434)
[CURSOR-ABS] handSide=unknown hand=(0.360,0.223) filter=(0.360,0.223) target=(1048,433) cursor=(1048,433)
[CURSOR-ABS] handSide=unknown hand=(0.374,0.227) filter=(0.374,0.227) target=(1050,432) cursor=(1050,432)
[CURSOR-ABS] handSide=unknown hand=(0.389,0.228) filter=(0.389,0.228) target=(1051,431) cursor=(1051,431)
[CURSOR-ABS] handSide=unknown hand=(0.403,0.234) filter=(0.403,0.234) target=(1052,430) cursor=(1052,430)
[CURSOR-ABS] handSide=unknown hand=(0.417,0.238) filter=(0.417,0.238) target=(1053,429) cursor=(1053,429)
[CURSOR-ABS] handSide=unknown hand=(0.430,0.240) filter=(0.430,0.240) target=(1054,429) cursor=(1054,429)
[CURSOR-ABS] handSide=unknown hand=(0.445,0.243) filter=(0.445,0.243) target=(1054,428) cursor=(1054,428)
[CURSOR-ABS] handSide=unknown hand=(0.459,0.247) filter=(0.459,0.247) target=(1054,427) cursor=(1054,427)
[CURSOR-ABS] handSide=unknown hand=(0.473,0.252) filter=(0.473,0.252) target=(1054,427) cursor=(1054,427)
[CURSOR-ABS] handSide=unknown hand=(0.487,0.257) filter=(0.487,0.257) target=(1054,426) cursor=(1054,426)
[CURSOR-ABS] handSide=unknown hand=(0.500,0.262) filter=(0.500,0.262) target=(1054,425) cursor=(1054,425)
[CURSOR-ABS] handSide=unknown hand=(0.512,0.268) filter=(0.512,0.268) target=(1053,425) cursor=(1053,425)
[CURSOR-ABS] handSide=unknown hand=(0.525,0.273) filter=(0.525,0.273) target=(1053,424) cursor=(1053,424)
[CURSOR-ABS] handSide=unknown hand=(0.538,0.275) filter=(0.538,0.275) target=(1052,424) cursor=(1052,424)
[CURSOR-ABS] handSide=unknown hand=(0.554,0.280) filter=(0.554,0.280) target=(1051,423) cursor=(1051,423)
[CURSOR-ABS] handSide=unknown hand=(0.573,0.283) filter=(0.573,0.283) target=(1049,423) cursor=(1049,423)
[CURSOR-ABS] handSide=unknown hand=(0.590,0.282) filter=(0.590,0.282) target=(1048,422) cursor=(1048,422)
[CURSOR-ABS] handSide=unknown hand=(0.604,0.280) filter=(0.604,0.280) target=(1046,422) cursor=(1046,422)
[CURSOR-ABS] handSide=unknown hand=(0.622,0.279) filter=(0.622,0.279) target=(1044,421) cursor=(1044,421)
[CURSOR-ABS] handSide=unknown hand=(0.636,0.276) filter=(0.636,0.276) target=(1041,421) cursor=(1041,421)
[CURSOR-ABS] handSide=unknown hand=(0.646,0.269) filter=(0.646,0.269) target=(1039,420) cursor=(1039,420)
[CURSOR-ABS] handSide=unknown hand=(0.656,0.269) filter=(0.656,0.269) target=(1036,420) cursor=(1036,420)
[CURSOR-ABS] handSide=unknown hand=(0.668,0.276) filter=(0.668,0.276) target=(1034,419) cursor=(1034,419)
[CURSOR-ABS] handSide=unknown hand=(0.684,0.270) filter=(0.684,0.270) target=(1031,419) cursor=(1031,419)
[CURSOR-ABS] handSide=unknown hand=(0.693,0.268) filter=(0.693,0.268) target=(1028,418) cursor=(1028,418)
[CURSOR-ABS] handSide=unknown hand=(0.694,0.261) filter=(0.694,0.261) target=(1024,418) cursor=(1024,418)
[CURSOR-ABS] handSide=unknown hand=(0.694,0.255) filter=(0.694,0.255) target=(1021,417) cursor=(1021,417)
[CURSOR-ABS] handSide=unknown hand=(0.686,0.247) filter=(0.686,0.247) target=(1018,416) cursor=(1018,416)
[CURSOR-ABS] handSide=unknown hand=(0.674,0.238) filter=(0.674,0.238) target=(1016,415) cursor=(1016,415)
[CURSOR-ABS] handSide=unknown hand=(0.663,0.217) filter=(0.663,0.217) target=(1013,415) cursor=(1013,415)
[CURSOR-ABS] handSide=unknown hand=(0.654,0.183) filter=(0.654,0.183) target=(1010,413) cursor=(1010,413)
[CURSOR-ABS] handSide=unknown hand=(0.644,0.157) filter=(0.644,0.157) target=(1008,412) cursor=(1008,412)
[CURSOR-ABS] handSide=unknown hand=(0.635,0.133) filter=(0.635,0.133) target=(1006,411) cursor=(1006,411)
[CURSOR-ABS] handSide=unknown hand=(0.541,0.186) filter=(0.541,0.186) target=(1005,410) cursor=(1005,410)
[CURSOR-ABS] handSide=unknown hand=(0.538,0.199) filter=(0.538,0.199) target=(1005,409) cursor=(1005,409)
[CURSOR-ABS] handSide=unknown hand=(0.537,0.209) filter=(0.537,0.209) target=(1004,408) cursor=(1004,408)
[CURSOR-ABS] handSide=unknown hand=(0.535,0.221) filter=(0.535,0.221) target=(1003,407) cursor=(1003,407)
[CURSOR-ABS] handSide=unknown hand=(0.534,0.233) filter=(0.534,0.233) target=(1003,406) cursor=(1003,406)
[CURSOR-ABS] handSide=unknown hand=(0.535,0.240) filter=(0.535,0.240) target=(1002,406) cursor=(1002,406)
[CURSOR-ABS] handSide=unknown hand=(0.533,0.250) filter=(0.533,0.250) target=(1001,405) cursor=(1001,405)
[CURSOR-ABS] handSide=unknown hand=(0.533,0.256) filter=(0.533,0.256) target=(1001,404) cursor=(1001,404)
[CURSOR-ABS] handSide=unknown hand=(0.531,0.267) filter=(0.531,0.267) target=(1000,404) cursor=(1000,404)
[CURSOR-ABS] handSide=unknown hand=(0.531,0.275) filter=(0.531,0.275) target=(999,404) cursor=(999,404)
[CURSOR-ABS] handSide=unknown hand=(0.529,0.287) filter=(0.529,0.287) target=(999,403) cursor=(999,403)
[CURSOR-ABS] handSide=unknown hand=(0.529,0.298) filter=(0.529,0.298) target=(998,403) cursor=(998,403)
[CURSOR-ABS] handSide=unknown hand=(0.528,0.306) filter=(0.528,0.306) target=(998,403) cursor=(998,403)
[CURSOR-ABS] handSide=unknown hand=(0.527,0.315) filter=(0.527,0.315) target=(997,403) cursor=(997,403)
[CURSOR-ABS] handSide=unknown hand=(0.527,0.323) filter=(0.527,0.323) target=(997,403) cursor=(997,403)
[CURSOR-ABS] handSide=unknown hand=(0.525,0.329) filter=(0.525,0.329) target=(996,403) cursor=(996,403)
[CURSOR-ABS] handSide=unknown hand=(0.526,0.335) filter=(0.526,0.335) target=(996,403) cursor=(996,403)
[CURSOR-ABS] handSide=unknown hand=(0.524,0.339) filter=(0.524,0.339) target=(995,403) cursor=(995,403)
[CURSOR-ABS] handSide=unknown hand=(0.525,0.338) filter=(0.525,0.338) target=(995,403) cursor=(995,403)
[CURSOR-ABS] handSide=unknown hand=(0.523,0.338) filter=(0.523,0.338) target=(994,403) cursor=(994,403)
[CURSOR-ABS] handSide=unknown hand=(0.523,0.340) filter=(0.523,0.340) target=(994,403) cursor=(994,403)
[CURSOR-ABS] handSide=unknown hand=(0.524,0.344) filter=(0.524,0.344) target=(993,403) cursor=(993,403)
[CURSOR-ABS] handSide=unknown hand=(0.524,0.354) filter=(0.524,0.354) target=(993,403) cursor=(993,403)
[CURSOR-ABS] handSide=unknown hand=(0.525,0.373) filter=(0.525,0.373) target=(992,403) cursor=(992,403)
[CURSOR-ABS] handSide=unknown hand=(0.525,0.394) filter=(0.525,0.394) target=(992,403) cursor=(992,403)
[CURSOR-ABS] handSide=unknown hand=(0.527,0.412) filter=(0.527,0.412) target=(991,404) cursor=(991,404)
[CURSOR-ABS] handSide=unknown hand=(0.529,0.425) filter=(0.529,0.425) target=(991,405) cursor=(991,405)
[CURSOR-ABS] handSide=unknown hand=(0.532,0.437) filter=(0.532,0.437) target=(989,406) cursor=(989,406)
[CURSOR-ABS] handSide=unknown hand=(0.533,0.446) filter=(0.533,0.446) target=(988,407) cursor=(988,407)
[CURSOR-ABS] handSide=unknown hand=(0.535,0.454) filter=(0.535,0.454) target=(988,408) cursor=(988,408)
[CURSOR-ABS] handSide=unknown hand=(0.537,0.461) filter=(0.537,0.461) target=(987,409) cursor=(987,409)
[CURSOR-ABS] handSide=unknown hand=(0.539,0.467) filter=(0.539,0.467) target=(987,410) cursor=(987,410)
[CURSOR-ABS] handSide=unknown hand=(0.542,0.471) filter=(0.542,0.471) target=(986,410) cursor=(986,410)
[CURSOR-ABS] handSide=unknown hand=(0.543,0.472) filter=(0.543,0.472) target=(985,411) cursor=(985,411)
[CURSOR-ABS] handSide=unknown hand=(0.544,0.473) filter=(0.544,0.473) target=(984,412) cursor=(984,412)
[CURSOR-ABS] handSide=unknown hand=(0.546,0.473) filter=(0.546,0.473) target=(984,413) cursor=(984,413)
[CURSOR-ABS] handSide=unknown hand=(0.547,0.473) filter=(0.547,0.473) target=(983,414) cursor=(983,414)
[CURSOR-ABS] handSide=unknown hand=(0.549,0.470) filter=(0.549,0.470) target=(982,415) cursor=(982,415)
[CURSOR-ABS] handSide=unknown hand=(0.558,0.468) filter=(0.558,0.468) target=(981,416) cursor=(981,416)
[CURSOR-ABS] handSide=unknown hand=(0.569,0.460) filter=(0.569,0.460) target=(980,416) cursor=(980,416)
[CURSOR-ABS] handSide=unknown hand=(0.583,0.454) filter=(0.583,0.454) target=(979,417) cursor=(979,417)
[CURSOR-ABS] handSide=unknown hand=(0.600,0.447) filter=(0.600,0.447) target=(977,418) cursor=(977,418)
[CURSOR-ABS] handSide=unknown hand=(0.616,0.444) filter=(0.616,0.444) target=(975,419) cursor=(975,419)
[CURSOR-ABS] handSide=unknown hand=(0.636,0.439) filter=(0.636,0.439) target=(973,420) cursor=(973,420)
[CURSOR-ABS] handSide=unknown hand=(0.658,0.436) filter=(0.658,0.436) target=(970,420) cursor=(970,420)
[CURSOR-ABS] handSide=unknown hand=(0.677,0.432) filter=(0.677,0.432) target=(968,421) cursor=(968,421)
[CURSOR-ABS] handSide=unknown hand=(0.697,0.423) filter=(0.697,0.423) target=(964,421) cursor=(964,421)
[CURSOR-ABS] handSide=unknown hand=(0.713,0.411) filter=(0.713,0.411) target=(961,422) cursor=(961,422)
[CURSOR-ABS] handSide=unknown hand=(0.731,0.408) filter=(0.731,0.408) target=(957,422) cursor=(957,422)
[CURSOR-ABS] handSide=unknown hand=(0.745,0.400) filter=(0.745,0.400) target=(953,423) cursor=(953,423)
[CURSOR-ABS] handSide=unknown hand=(0.750,0.382) filter=(0.750,0.382) target=(949,423) cursor=(949,423)
[CURSOR-ABS] handSide=unknown hand=(0.762,0.373) filter=(0.762,0.373) target=(944,423) cursor=(944,423)
[CURSOR-ABS] handSide=unknown hand=(0.777,0.353) filter=(0.777,0.353) target=(940,423) cursor=(940,423)
[CURSOR-ABS] handSide=unknown hand=(0.794,0.336) filter=(0.794,0.336) target=(935,423) cursor=(935,423)
[CURSOR-ABS] handSide=unknown hand=(0.802,0.324) filter=(0.802,0.324) target=(930,423) cursor=(930,423)
[CURSOR-ABS] handSide=unknown hand=(0.814,0.319) filter=(0.814,0.319) target=(925,423) cursor=(925,423)
[CURSOR-ABS] handSide=unknown hand=(0.820,0.305) filter=(0.820,0.305) target=(920,423) cursor=(920,423)
[CURSOR-ABS] handSide=unknown hand=(0.828,0.286) filter=(0.828,0.286) target=(915,422) cursor=(915,422)
[CURSOR-ABS] handSide=unknown hand=(0.830,0.258) filter=(0.830,0.258) target=(910,422) cursor=(910,422)
[CURSOR-ABS] handSide=unknown hand=(0.834,0.236) filter=(0.834,0.236) target=(905,421) cursor=(905,421)
[CURSOR-ABS] handSide=unknown hand=(0.836,0.207) filter=(0.836,0.207) target=(900,420) cursor=(900,420)
[CURSOR-ABS] handSide=unknown hand=(0.834,0.183) filter=(0.834,0.183) target=(894,419) cursor=(894,419)
[CURSOR-ABS] handSide=unknown hand=(0.835,0.164) filter=(0.835,0.164) target=(889,417) cursor=(889,417)
[CURSOR-ABS] handSide=unknown hand=(0.831,0.154) filter=(0.831,0.154) target=(883,416) cursor=(884,416)
[CURSOR-ABS] handSide=unknown hand=(0.824,0.139) filter=(0.824,0.139) target=(878,414) cursor=(878,414)
[CURSOR-ABS] handSide=unknown hand=(0.824,0.131) filter=(0.824,0.131) target=(873,413) cursor=(873,413)
[CURSOR-ABS] handSide=unknown hand=(0.815,0.111) filter=(0.815,0.111) target=(868,411) cursor=(868,411)
[CURSOR-ABS] handSide=unknown hand=(0.814,0.104) filter=(0.814,0.104) target=(863,409) cursor=(863,409)
[CURSOR-ABS] handSide=unknown hand=(0.808,0.096) filter=(0.808,0.096) target=(858,407) cursor=(858,407)
[CURSOR-ABS] handSide=unknown hand=(0.804,0.095) filter=(0.804,0.095) target=(853,406) cursor=(853,406)
[CURSOR-ABS] handSide=unknown hand=(0.792,0.090) filter=(0.792,0.090) target=(848,404) cursor=(848,404)
[CURSOR-ABS] handSide=unknown hand=(0.782,0.075) filter=(0.782,0.075) target=(844,402) cursor=(844,402)
[CURSOR-ABS] handSide=unknown hand=(0.775,0.076) filter=(0.775,0.076) target=(839,400) cursor=(839,400)
[CURSOR-ABS] handSide=unknown hand=(0.770,0.076) filter=(0.770,0.076) target=(835,398) cursor=(835,398)
[CURSOR-ABS] handSide=unknown hand=(0.761,0.078) filter=(0.761,0.078) target=(831,396) cursor=(831,396)
[CURSOR-ABS] handSide=unknown hand=(0.651,0.097) filter=(0.651,0.097) target=(829,395) cursor=(829,395)
[CURSOR-ABS] handSide=unknown hand=(0.639,0.110) filter=(0.639,0.110) target=(827,393) cursor=(827,393)
[CURSOR-ABS] handSide=unknown hand=(0.623,0.108) filter=(0.623,0.108) target=(826,392) cursor=(826,392)
[CURSOR-ABS] handSide=unknown hand=(0.608,0.107) filter=(0.608,0.107) target=(824,390) cursor=(824,390)
[CURSOR-ABS] handSide=unknown hand=(0.595,0.110) filter=(0.595,0.110) target=(823,389) cursor=(823,389)
[CURSOR-ABS] handSide=unknown hand=(0.582,0.118) filter=(0.582,0.118) target=(823,387) cursor=(823,387)
[CURSOR-ABS] handSide=unknown hand=(0.570,0.130) filter=(0.570,0.130) target=(822,386) cursor=(822,386)
[CURSOR-ABS] handSide=unknown hand=(0.558,0.141) filter=(0.558,0.141) target=(822,384) cursor=(822,384)
[CURSOR-ABS] handSide=unknown hand=(0.547,0.145) filter=(0.547,0.145) target=(821,383) cursor=(821,383)
[CURSOR-ABS] handSide=unknown hand=(0.538,0.158) filter=(0.538,0.158) target=(821,382) cursor=(821,382)
[CURSOR-ABS] handSide=unknown hand=(0.525,0.167) filter=(0.525,0.167) target=(822,381) cursor=(822,381)
[CURSOR-ABS] handSide=unknown hand=(0.515,0.177) filter=(0.515,0.177) target=(822,380) cursor=(822,380)
[CURSOR-ABS] handSide=unknown hand=(0.503,0.184) filter=(0.503,0.184) target=(822,379) cursor=(822,379)
[CURSOR-ABS] handSide=unknown hand=(0.491,0.191) filter=(0.491,0.191) target=(823,378) cursor=(823,378)
[CURSOR-ABS] handSide=unknown hand=(0.475,0.189) filter=(0.475,0.189) target=(824,377) cursor=(824,377)
[CURSOR-ABS] handSide=unknown hand=(0.465,0.192) filter=(0.465,0.192) target=(826,376) cursor=(826,376)
[CURSOR-ABS] handSide=unknown hand=(0.453,0.197) filter=(0.453,0.197) target=(827,375) cursor=(827,375)
[CURSOR-ABS] handSide=unknown hand=(0.449,0.198) filter=(0.449,0.198) target=(829,374) cursor=(829,374)
[CURSOR-ABS] handSide=unknown hand=(0.447,0.199) filter=(0.447,0.199) target=(830,374) cursor=(830,374)
[CURSOR-ABS] handSide=unknown hand=(0.448,0.200) filter=(0.448,0.200) target=(832,373) cursor=(832,373)
[CURSOR-ABS] handSide=unknown hand=(0.449,0.199) filter=(0.449,0.199) target=(833,372) cursor=(833,372)
[CURSOR-ABS] handSide=unknown hand=(0.454,0.193) filter=(0.454,0.193) target=(835,371) cursor=(835,371)
[CURSOR-ABS] handSide=unknown hand=(0.461,0.189) filter=(0.461,0.189) target=(836,370) cursor=(836,370)
[CURSOR-ABS] handSide=unknown hand=(0.469,0.181) filter=(0.469,0.181) target=(837,369) cursor=(837,369)
[CURSOR-ABS] handSide=unknown hand=(0.479,0.181) filter=(0.479,0.181) target=(838,368) cursor=(838,368)
[CURSOR-ABS] handSide=unknown hand=(0.491,0.179) filter=(0.491,0.179) target=(839,367) cursor=(839,367)
[CURSOR-ABS] handSide=unknown hand=(0.502,0.175) filter=(0.502,0.175) target=(839,366) cursor=(839,366)
[CURSOR-ABS] handSide=unknown hand=(0.518,0.170) filter=(0.518,0.170) target=(839,365) cursor=(839,365)
[CURSOR-ABS] handSide=unknown hand=(0.531,0.172) filter=(0.531,0.172) target=(839,364) cursor=(839,364)
[CURSOR-ABS] handSide=unknown hand=(0.544,0.165) filter=(0.544,0.165) target=(839,363) cursor=(839,363)
[CURSOR-ABS] handSide=unknown hand=(0.558,0.166) filter=(0.558,0.166) target=(839,362) cursor=(839,362)
[CURSOR-ABS] handSide=unknown hand=(0.571,0.165) filter=(0.571,0.165) target=(838,361) cursor=(838,361)
[CURSOR-ABS] handSide=unknown hand=(0.583,0.161) filter=(0.583,0.161) target=(837,360) cursor=(837,360)
[CURSOR-ABS] handSide=unknown hand=(0.597,0.164) filter=(0.597,0.164) target=(836,359) cursor=(836,359)
[CURSOR-ABS] handSide=unknown hand=(0.614,0.174) filter=(0.614,0.174) target=(834,358) cursor=(834,358)
[CURSOR-ABS] handSide=unknown hand=(0.625,0.176) filter=(0.625,0.176) target=(833,358) cursor=(833,358)
[CURSOR-ABS] handSide=unknown hand=(0.640,0.183) filter=(0.640,0.183) target=(831,357) cursor=(831,357)
[CURSOR-ABS] handSide=unknown hand=(0.648,0.184) filter=(0.648,0.184) target=(829,356) cursor=(829,356)
[CURSOR-ABS] handSide=unknown hand=(0.660,0.186) filter=(0.660,0.186) target=(826,355) cursor=(826,355)
[CURSOR-ABS] handSide=unknown hand=(0.678,0.181) filter=(0.678,0.181) target=(824,354) cursor=(824,354)
[CURSOR-ABS] handSide=unknown hand=(0.692,0.176) filter=(0.692,0.176) target=(821,353) cursor=(821,353)
[CURSOR-ABS] handSide=unknown hand=(0.698,0.175) filter=(0.698,0.175) target=(818,352) cursor=(818,352)
[CURSOR-ABS] handSide=unknown hand=(0.704,0.166) filter=(0.704,0.166) target=(815,351) cursor=(815,351)
[CURSOR-ABS] handSide=unknown hand=(0.713,0.162) filter=(0.713,0.162) target=(812,351) cursor=(812,351)
[CURSOR-ABS] handSide=unknown hand=(0.720,0.148) filter=(0.720,0.148) target=(809,349) cursor=(809,350)
[CURSOR-ABS] handSide=unknown hand=(0.723,0.136) filter=(0.723,0.136) target=(806,348) cursor=(806,348)
[CURSOR-ABS] handSide=unknown hand=(0.728,0.124) filter=(0.728,0.124) target=(802,347) cursor=(802,347)
[CURSOR-ABS] handSide=unknown hand=(0.734,0.118) filter=(0.734,0.118) target=(799,346) cursor=(799,346)
[CURSOR-ABS] handSide=unknown hand=(0.732,0.109) filter=(0.732,0.109) target=(795,345) cursor=(795,345)
[CURSOR-ABS] handSide=unknown hand=(0.730,0.101) filter=(0.730,0.101) target=(792,343) cursor=(792,343)
[CURSOR-ABS] handSide=unknown hand=(0.730,0.097) filter=(0.730,0.097) target=(788,342) cursor=(788,342)
[CURSOR-ABS] handSide=unknown hand=(0.570,0.076) filter=(0.570,0.076) target=(788,341) cursor=(788,341)
[CURSOR-ABS] handSide=unknown hand=(0.556,0.081) filter=(0.556,0.081) target=(788,339) cursor=(788,339)
[CURSOR-ABS] handSide=unknown hand=(0.544,0.090) filter=(0.544,0.090) target=(788,338) cursor=(788,338)
[CURSOR-ABS] handSide=unknown hand=(0.529,0.095) filter=(0.529,0.095) target=(788,337) cursor=(788,337)
[CURSOR-ABS] handSide=unknown hand=(0.516,0.101) filter=(0.516,0.101) target=(788,335) cursor=(788,335)
[CURSOR-ABS] handSide=unknown hand=(0.501,0.111) filter=(0.501,0.111) target=(789,334) cursor=(789,334)
[CURSOR-ABS] handSide=unknown hand=(0.485,0.114) filter=(0.485,0.114) target=(790,333) cursor=(790,333)
[CURSOR-ABS] handSide=unknown hand=(0.471,0.120) filter=(0.471,0.120) target=(792,332) cursor=(792,332)
[CURSOR-ABS] handSide=unknown hand=(0.455,0.127) filter=(0.455,0.127) target=(793,331) cursor=(793,331)
[CURSOR-ABS] handSide=unknown hand=(0.440,0.132) filter=(0.440,0.132) target=(795,330) cursor=(795,330)
[CURSOR-ABS] handSide=unknown hand=(0.423,0.142) filter=(0.423,0.142) target=(797,329) cursor=(797,329)
[CURSOR-ABS] handSide=unknown hand=(0.410,0.152) filter=(0.410,0.152) target=(800,328) cursor=(800,328)
[CURSOR-ABS] handSide=unknown hand=(0.398,0.156) filter=(0.398,0.156) target=(802,327) cursor=(802,327)
[CURSOR-ABS] handSide=unknown hand=(0.384,0.159) filter=(0.384,0.159) target=(805,326) cursor=(805,326)
[CURSOR-ABS] handSide=unknown hand=(0.373,0.163) filter=(0.373,0.163) target=(808,326) cursor=(808,326)
[CURSOR-ABS] handSide=unknown hand=(0.361,0.167) filter=(0.361,0.167) target=(811,325) cursor=(811,325)
[CURSOR-ABS] handSide=unknown hand=(0.350,0.170) filter=(0.350,0.170) target=(814,324) cursor=(814,324)
[CURSOR-ABS] handSide=unknown hand=(0.338,0.170) filter=(0.338,0.170) target=(818,323) cursor=(818,323)
[CURSOR-ABS] handSide=unknown hand=(0.329,0.170) filter=(0.329,0.170) target=(821,323) cursor=(821,323)
[CURSOR-ABS] handSide=unknown hand=(0.318,0.165) filter=(0.318,0.165) target=(825,322) cursor=(825,322)
[CURSOR-ABS] handSide=unknown hand=(0.311,0.158) filter=(0.311,0.158) target=(829,321) cursor=(829,321)
[CURSOR-ABS] handSide=unknown hand=(0.307,0.150) filter=(0.307,0.150) target=(833,320) cursor=(833,320)
[CURSOR-ABS] handSide=unknown hand=(0.307,0.139) filter=(0.307,0.139) target=(837,319) cursor=(837,319)
[CURSOR-ABS] handSide=unknown hand=(0.308,0.133) filter=(0.308,0.133) target=(841,318) cursor=(841,318)
[CURSOR-ABS] handSide=unknown hand=(0.313,0.124) filter=(0.313,0.124) target=(844,317) cursor=(844,317)
[CURSOR-ABS] handSide=unknown hand=(0.320,0.119) filter=(0.320,0.119) target=(848,316) cursor=(848,316)
[CURSOR-ABS] handSide=unknown hand=(0.330,0.113) filter=(0.330,0.113) target=(852,315) cursor=(852,315)
[CURSOR-ABS] handSide=unknown hand=(0.341,0.104) filter=(0.341,0.104) target=(855,314) cursor=(855,314)
[CURSOR-ABS] handSide=unknown hand=(0.413,0.062) filter=(0.413,0.062) target=(857,313) cursor=(857,313)
[CURSOR-ABS] handSide=unknown hand=(0.440,0.056) filter=(0.440,0.056) target=(858,312) cursor=(858,312)
[CURSOR-ABS] handSide=unknown hand=(0.746,0.221) filter=(0.746,0.221) target=(854,311) cursor=(854,311)
[CURSOR-ABS] handSide=unknown hand=(0.741,0.229) filter=(0.741,0.229) target=(851,311) cursor=(851,311)
[CURSOR-ABS] handSide=unknown hand=(0.737,0.237) filter=(0.737,0.237) target=(847,311) cursor=(847,311)
[CURSOR-ABS] handSide=unknown hand=(0.726,0.251) filter=(0.726,0.251) target=(844,310) cursor=(844,310)
[CURSOR-ABS] handSide=unknown hand=(0.717,0.259) filter=(0.717,0.259) target=(841,310) cursor=(841,310)
[CURSOR-ABS] handSide=unknown hand=(0.703,0.273) filter=(0.703,0.273) target=(838,310) cursor=(838,310)
[CURSOR-ABS] handSide=unknown hand=(0.689,0.276) filter=(0.689,0.276) target=(835,310) cursor=(835,310)
[CURSOR-ABS] handSide=unknown hand=(0.677,0.293) filter=(0.677,0.293) target=(832,310) cursor=(832,310)
[CURSOR-ABS] handSide=unknown hand=(0.655,0.299) filter=(0.655,0.299) target=(830,310) cursor=(830,310)
[CURSOR-ABS] handSide=unknown hand=(0.640,0.313) filter=(0.640,0.313) target=(828,310) cursor=(828,310)
[CURSOR-ABS] handSide=unknown hand=(0.625,0.318) filter=(0.625,0.318) target=(827,310) cursor=(827,310)
[CURSOR-ABS] handSide=unknown hand=(0.609,0.322) filter=(0.609,0.322) target=(826,310) cursor=(826,310)
[CURSOR-ABS] handSide=unknown hand=(0.591,0.323) filter=(0.591,0.323) target=(825,311) cursor=(825,311)
[CURSOR-ABS] handSide=unknown hand=(0.574,0.322) filter=(0.574,0.322) target=(824,311) cursor=(824,311)
[CURSOR-ABS] handSide=unknown hand=(0.560,0.311) filter=(0.560,0.311) target=(824,311) cursor=(824,311)
[CURSOR-ABS] handSide=unknown hand=(0.545,0.306) filter=(0.545,0.306) target=(823,311) cursor=(823,311)
[CURSOR-ABS] handSide=unknown hand=(0.529,0.298) filter=(0.529,0.298) target=(824,311) cursor=(824,311)
[CURSOR-ABS] handSide=unknown hand=(0.515,0.286) filter=(0.515,0.286) target=(824,311) cursor=(824,311)
[CURSOR-ABS] handSide=unknown hand=(0.503,0.271) filter=(0.503,0.271) target=(824,311) cursor=(824,311)
[CURSOR-ABS] handSide=unknown hand=(0.496,0.255) filter=(0.496,0.255) target=(825,311) cursor=(825,311)
[CURSOR-ABS] handSide=unknown hand=(0.484,0.236) filter=(0.484,0.236) target=(826,310) cursor=(826,310)
[CURSOR-ABS] handSide=unknown hand=(0.471,0.206) filter=(0.471,0.206) target=(827,310) cursor=(827,310)
[CURSOR-ABS] handSide=unknown hand=(0.451,0.151) filter=(0.451,0.151) target=(829,309) cursor=(829,309)
[CURSOR-ABS] handSide=unknown hand=(0.425,0.098) filter=(0.425,0.098) target=(831,308) cursor=(831,308)