[CURSOR-ABS] hand=(0.472,0.382) filter=(0.472,0.382) target=(592,752) cursor=(5,3)
[CURSOR-ABS] hand=(0.487,0.384) filter=(0.474,0.382) target=(574,756) cursor=(588,748)
[CURSOR-ABS] hand=(0.502,0.385) filter=(0.479,0.383) target=(545,763) cursor=(574,756)
[CURSOR-ABS] hand=(0.517,0.389) filter=(0.486,0.384) target=(499,774) cursor=(545,762)
[CURSOR-ABS] hand=(0.534,0.391) filter=(0.494,0.385) target=(437,788) cursor=(499,774)
[CURSOR-ABS] hand=(0.550,0.393) filter=(0.504,0.386) target=(359,805) cursor=(438,788)
[CURSOR-ABS] hand=(0.568,0.392) filter=(0.515,0.387) target=(266,824) cursor=(359,805)
[CURSOR-ABS] hand=(0.580,0.394) filter=(0.527,0.388) target=(165,843) cursor=(266,824)
[CURSOR-ABS] hand=(0.595,0.394) filter=(0.539,0.389) target=(45,864) cursor=(165,843)
[CURSOR-ABS] hand=(0.611,0.391) filter=(0.552,0.390) target=(0,883) cursor=(45,864)
[CURSOR-ABS] hand=(0.623,0.386) filter=(0.565,0.389) target=(0,899) cursor=(0,883)
[CURSOR-ABS] hand=(0.634,0.379) filter=(0.578,0.387) target=(0,910) cursor=(0,899)
[CURSOR-ABS] hand=(0.640,0.373) filter=(0.589,0.385) target=(0,915) cursor=(0,910)
[CURSOR-ABS] hand=(0.643,0.365) filter=(0.599,0.382) target=(0,913) cursor=(0,915)
[CURSOR-ABS] hand=(0.642,0.364) filter=(0.607,0.378) target=(0,910) cursor=(0,913)
[CURSOR-ABS] hand=(0.636,0.366) filter=(0.612,0.376) target=(0,907) cursor=(0,910)
[CURSOR-ABS] hand=(0.625,0.372) filter=(0.615,0.375) target=(0,906) cursor=(0,907)
[CURSOR-ABS] hand=(0.614,0.375) filter=(0.614,0.375) target=(0,905) cursor=(0,906)
[CURSOR-ABS] hand=(0.599,0.379) filter=(0.612,0.376) target=(0,905) cursor=(0,905)
[CURSOR-ABS] hand=(0.583,0.382) filter=(0.607,0.377) target=(0,903) cursor=(0,905)
[CURSOR-ABS] hand=(0.568,0.379) filter=(0.600,0.377) target=(0,895) cursor=(0,903)
[CURSOR-ABS] hand=(0.550,0.376) filter=(0.591,0.377) target=(0,882) cursor=(0,895)
[CURSOR-ABS] hand=(0.534,0.376) filter=(0.581,0.377) target=(0,868) cursor=(0,882)
[CURSOR-ABS] hand=(0.516,0.376) filter=(0.570,0.377) target=(0,853) cursor=(0,868)
[CURSOR-ABS] hand=(0.501,0.370) filter=(0.558,0.376) target=(0,832) cursor=(0,853)
[CURSOR-ABS] hand=(0.485,0.366) filter=(0.544,0.374) target=(32,808) cursor=(0,832)
[CURSOR-ABS] hand=(0.471,0.361) filter=(0.531,0.372) target=(164,784) cursor=(32,809)
[CURSOR-ABS] hand=(0.456,0.354) filter=(0.518,0.369) target=(289,758) cursor=(163,784)
[CURSOR-ABS] hand=(0.443,0.348) filter=(0.504,0.365) target=(406,731) cursor=(288,758)
[CURSOR-ABS] hand=(0.429,0.342) filter=(0.490,0.361) target=(513,704) cursor=(405,731)
[CURSOR-ABS] hand=(0.416,0.338) filter=(0.476,0.357) target=(596,684) cursor=(513,704)
[CURSOR-ABS] hand=(0.401,0.334) filter=(0.462,0.353) target=(651,676) cursor=(595,684)
[CURSOR-ABS] hand=(0.390,0.332) filter=(0.449,0.349) target=(700,668) cursor=(650,676)
[CURSOR-ABS] hand=(0.378,0.326) filter=(0.436,0.345) target=(751,659) cursor=(700,668)
[CURSOR-ABS] hand=(0.369,0.321) filter=(0.423,0.341) target=(799,650) cursor=(750,659)
[CURSOR-ABS] hand=(0.358,0.310) filter=(0.411,0.335) target=(847,638) cursor=(799,650)
[CURSOR-ABS] hand=(0.348,0.302) filter=(0.399,0.330) target=(891,625) cursor=(846,638)
[CURSOR-ABS] hand=(0.337,0.301) filter=(0.388,0.325) target=(936,614) cursor=(891,625)
[CURSOR-ABS] hand=(0.327,0.297) filter=(0.377,0.320) target=(978,604) cursor=(936,614)
[CURSOR-ABS] hand=(0.316,0.295) filter=(0.366,0.315) target=(1021,594) cursor=(978,604)
[CURSOR-ABS] hand=(0.306,0.295) filter=(0.354,0.312) target=(1064,587) cursor=(1021,594)
[CURSOR-ABS] hand=(0.299,0.295) filter=(0.344,0.309) target=(1103,580) cursor=(1064,587)
[CURSOR-ABS] hand=(0.292,0.299) filter=(0.335,0.307) target=(1139,576) cursor=(1103,580)
[CURSOR-ABS] hand=(0.286,0.300) filter=(0.326,0.306) target=(1174,574) cursor=(1139,576)
[CURSOR-ABS] hand=(0.280,0.305) filter=(0.312,0.305) target=(1228,573) cursor=(1174,574)
[CURSOR-ABS] hand=(0.277,0.313) filter=(0.305,0.307) target=(1252,576) cursor=(1228,573)
[CURSOR-ABS] hand=(0.275,0.319) filter=(0.300,0.309) target=(1274,580) cursor=(1252,576)
[CURSOR-ABS] hand=(0.277,0.330) filter=(0.296,0.312) target=(1289,588) cursor=(1273,580)
[CURSOR-ABS] hand=(0.278,0.339) filter=(0.293,0.317) target=(1301,598) cursor=(1289,588)
[CURSOR-ABS] hand=(0.281,0.349) filter=(0.291,0.322) target=(1309,610) cursor=(1301,598)
[CURSOR-ABS] hand=(0.284,0.360) filter=(0.289,0.329) target=(1314,624) cursor=(1309,610)
[CURSOR-ABS] hand=(0.288,0.369) filter=(0.289,0.336) target=(1315,640) cursor=(1314,624)
[CURSOR-ABS] hand=(0.297,0.377) filter=(0.291,0.343) target=(1309,655) cursor=(1315,640)
[CURSOR-ABS] hand=(0.307,0.386) filter=(0.293,0.351) target=(1298,671) cursor=(1310,655)
[CURSOR-ABS] hand=(0.320,0.396) filter=(0.298,0.359) target=(1281,689) cursor=(1299,671)
[CURSOR-ABS] hand=(0.333,0.407) filter=(0.304,0.368) target=(1257,708) cursor=(1281,689)
[CURSOR-ABS] hand=(0.348,0.413) filter=(0.312,0.376) target=(1227,725) cursor=(1257,708)
[CURSOR-ABS] hand=(0.360,0.419) filter=(0.320,0.384) target=(1196,742) cursor=(1227,725)
[CURSOR-ABS] hand=(0.372,0.424) filter=(0.329,0.391) target=(1160,757) cursor=(1196,742)
[CURSOR-ABS] hand=(0.385,0.421) filter=(0.339,0.396) target=(1123,769) cursor=(1161,757)
[CURSOR-ABS] hand=(0.394,0.416) filter=(0.349,0.400) target=(1085,777) cursor=(1123,769)
[CURSOR-ABS] hand=(0.403,0.410) filter=(0.359,0.402) target=(1047,781) cursor=(1085,777)
[CURSOR-ABS] hand=(0.410,0.398) filter=(0.368,0.401) target=(1012,779) cursor=(1047,781)
[CURSOR-ABS] hand=(0.415,0.380) filter=(0.376,0.397) target=(980,771) cursor=(1013,779)
[CURSOR-ABS] hand=(0.420,0.359) filter=(0.384,0.391) target=(950,758) cursor=(980,772)
[CURSOR-ABS] hand=(0.423,0.326) filter=(0.391,0.379) target=(922,733) cursor=(950,758)
[CURSOR-ABS] hand=(0.425,0.304) filter=(0.397,0.366) target=(899,704) cursor=(923,733)
[CURSOR-ABS] hand=(0.425,0.279) filter=(0.402,0.351) target=(881,670) cursor=(900,704)
[CURSOR-ABS] hand=(0.426,0.262) filter=(0.406,0.334) target=(864,636) cursor=(881,671)
[CURSOR-ABS] hand=(0.425,0.247) filter=(0.410,0.319) target=(852,602) cursor=(864,636)
[CURSOR-ABS] hand=(0.425,0.227) filter=(0.412,0.302) target=(841,565) cursor=(852,602)
[CURSOR-ABS] hand=(0.424,0.220) filter=(0.414,0.287) target=(833,532) cursor=(841,565)
[CURSOR-ABS] hand=(0.423,0.198) filter=(0.416,0.270) target=(828,497) cursor=(834,532)
[CURSOR-ABS] hand=(0.418,0.192) filter=(0.416,0.256) target=(826,466) cursor=(828,497)
[CURSOR-ABS] hand=(0.415,0.194) filter=(0.416,0.244) target=(827,441) cursor=(826,466)
[CURSOR-ABS] hand=(0.409,0.182) filter=(0.415,0.233) target=(832,416) cursor=(827,441)
[CURSOR-ABS] hand=(0.405,0.191) filter=(0.413,0.225) target=(839,399) cursor=(832,416)
[CURSOR-ABS] hand=(0.401,0.199) filter=(0.411,0.220) target=(847,389) cursor=(838,400)
[CURSOR-ABS] hand=(0.400,0.201) filter=(0.409,0.217) target=(854,382) cursor=(847,389)
[CURSOR-ABS] hand=(0.400,0.205) filter=(0.408,0.215) target=(860,377) cursor=(854,382)
[CURSOR-ABS] hand=(0.404,0.206) filter=(0.407,0.213) target=(863,374) cursor=(860,377)
[CURSOR-ABS] hand=(0.408,0.206) filter=(0.407,0.212) target=(862,371) cursor=(863,374)
[CURSOR-ABS] hand=(0.415,0.204) filter=(0.408,0.211) target=(857,368) cursor=(862,371)
[CURSOR-ABS] hand=(0.425,0.202) filter=(0.411,0.209) target=(846,365) cursor=(857,368)
[CURSOR-ABS] hand=(0.433,0.197) filter=(0.415,0.207) target=(831,360) cursor=(846,365)
[CURSOR-ABS] hand=(0.441,0.193) filter=(0.420,0.205) target=(814,355) cursor=(831,360)
[CURSOR-ABS] hand=(0.448,0.190) filter=(0.424,0.202) target=(795,350) cursor=(814,355)
[CURSOR-ABS] hand=(0.455,0.179) filter=(0.430,0.198) target=(775,341) cursor=(795,350)
[CURSOR-ABS] hand=(0.463,0.176) filter=(0.436,0.194) target=(752,333) cursor=(775,341)
[CURSOR-ABS] hand=(0.479,0.179) filter=(0.443,0.192) target=(723,327) cursor=(752,333)
[CURSOR-ABS] hand=(0.481,0.186) filter=(0.450,0.191) target=(695,324) cursor=(723,327)
[CURSOR-ABS] hand=(0.489,0.198) filter=(0.457,0.192) target=(661,321) cursor=(695,324)
[CURSOR-ABS] hand=(0.500,0.205) filter=(0.465,0.194) target=(624,321) cursor=(662,321)
[CURSOR-ABS] hand=(0.509,0.209) filter=(0.472,0.197) target=(583,322) cursor=(624,321)
[CURSOR-ABS] hand=(0.523,0.216) filter=(0.482,0.200) target=(532,323) cursor=(583,322)
[CURSOR-ABS] hand=(0.539,0.211) filter=(0.492,0.202) target=(465,318) cursor=(532,323)
[CURSOR-ABS] hand=(0.553,0.199) filter=(0.503,0.201) target=(385,304) cursor=(466,318)
[CURSOR-ABS] hand=(0.559,0.178) filter=(0.513,0.197) target=(297,277) cursor=(385,304)
[CURSOR-ABS] hand=(0.560,0.150) filter=(0.521,0.189) target=(206,234) cursor=(297,277)
[CURSOR-ABS] hand=(0.558,0.127) filter=(0.528,0.178) target=(118,178) cursor=(206,234)
[CURSOR-ABS] hand=(0.530,0.285) filter=(0.530,0.285) target=(777,714) cursor=(118,178)
[CURSOR-ABS] hand=(0.534,0.292) filter=(0.530,0.286) target=(774,717) cursor=(773,712)
[CURSOR-ABS] hand=(0.537,0.300) filter=(0.532,0.289) target=(770,722) cursor=(774,717)
[CURSOR-ABS] hand=(0.541,0.313) filter=(0.533,0.293) target=(764,730) cursor=(770,722)
[CURSOR-ABS] hand=(0.548,0.328) filter=(0.536,0.299) target=(754,744) cursor=(764,730)
[CURSOR-ABS] hand=(0.551,0.342) filter=(0.538,0.307) target=(744,760) cursor=(754,744)
[CURSOR-ABS] hand=(0.558,0.359) filter=(0.542,0.316) target=(719,793) cursor=(744,760)
[CURSOR-ABS] hand=(0.562,0.372) filter=(0.545,0.326) target=(686,836) cursor=(719,792)
[CURSOR-ABS] hand=(0.565,0.389) filter=(0.549,0.337) target=(648,889) cursor=(686,836)
[CURSOR-ABS] hand=(0.567,0.398) filter=(0.552,0.348) target=(610,944) cursor=(648,888)
[CURSOR-ABS] hand=(0.566,0.406) filter=(0.554,0.358) target=(576,1000) cursor=(610,944)
[CURSOR-ABS] hand=(0.562,0.410) filter=(0.556,0.368) target=(549,1054) cursor=(576,1000)
[CURSOR-ABS] hand=(0.559,0.416) filter=(0.556,0.377) target=(527,1080) cursor=(549,1053)
[CURSOR-ABS] hand=(0.554,0.421) filter=(0.556,0.385) target=(513,1080) cursor=(527,1080)
[CURSOR-ABS] hand=(0.548,0.423) filter=(0.555,0.392) target=(509,1080) cursor=(513,1080)
[CURSOR-ABS] hand=(0.542,0.428) filter=(0.552,0.398) target=(511,1080) cursor=(509,1080)
[CURSOR-ABS] hand=(0.535,0.427) filter=(0.549,0.403) target=(522,1080) cursor=(511,1080)
[CURSOR-ABS] hand=(0.529,0.429) filter=(0.546,0.408) target=(539,1080) cursor=(522,1080)
[CURSOR-ABS] hand=(0.522,0.427) filter=(0.542,0.411) target=(562,1080) cursor=(539,1080)
[CURSOR-ABS] hand=(0.516,0.435) filter=(0.537,0.415) target=(587,1080) cursor=(562,1080)
[CURSOR-ABS] hand=(0.511,0.441) filter=(0.533,0.420) target=(612,1080) cursor=(587,1080)
[CURSOR-ABS] hand=(0.507,0.451) filter=(0.528,0.425) target=(638,1080) cursor=(612,1080)
[CURSOR-ABS] hand=(0.503,0.456) filter=(0.524,0.431) target=(662,1080) cursor=(638,1080)
[CURSOR-ABS] hand=(0.502,0.461) filter=(0.520,0.436) target=(684,1080) cursor=(662,1080)
[CURSOR-ABS] hand=(0.501,0.461) filter=(0.517,0.441) target=(703,1080) cursor=(684,1080)
[CURSOR-ABS] hand=(0.503,0.458) filter=(0.515,0.444) target=(719,1080) cursor=(703,1080)
[CURSOR-ABS] hand=(0.505,0.450) filter=(0.513,0.445) target=(730,1080) cursor=(719,1080)
[CURSOR-ABS] hand=(0.506,0.438) filter=(0.512,0.444) target=(740,1080) cursor=(730,1080)
[CURSOR-ABS] hand=(0.507,0.429) filter=(0.511,0.441) target=(748,1080) cursor=(740,1080)
[CURSOR-ABS] hand=(0.508,0.415) filter=(0.510,0.437) target=(756,1080) cursor=(748,1080)
[CURSOR-ABS] hand=(0.508,0.403) filter=(0.510,0.431) target=(764,1080) cursor=(756,1080)
[CURSOR-ABS] hand=(0.507,0.383) filter=(0.509,0.422) target=(774,1080) cursor=(764,1080)
[CURSOR-ABS] hand=(0.506,0.363) filter=(0.509,0.412) target=(786,1080) cursor=(774,1080)
[CURSOR-ABS] hand=(0.505,0.339) filter=(0.508,0.399) target=(801,1080) cursor=(786,1080)
[CURSOR-ABS] hand=(0.504,0.322) filter=(0.507,0.385) target=(816,1080) cursor=(801,1080)
[CURSOR-ABS] hand=(0.501,0.301) filter=(0.506,0.370) target=(833,1027) cursor=(816,1080)
[CURSOR-ABS] hand=(0.501,0.283) filter=(0.505,0.343) target=(860,886) cursor=(833,1027)
[CURSOR-ABS] hand=(0.500,0.262) filter=(0.504,0.328) target=(872,819) cursor=(860,886)
[CURSOR-ABS] hand=(0.501,0.247) filter=(0.503,0.314) target=(878,776) cursor=(872,819)
[CURSOR-ABS] hand=(0.502,0.228) filter=(0.503,0.298) target=(879,742) cursor=(878,776)
[CURSOR-ABS] hand=(0.503,0.212) filter=(0.503,0.282) target=(879,707) cursor=(879,742)
[CURSOR-ABS] hand=(0.504,0.197) filter=(0.503,0.266) target=(878,673) cursor=(879,707)
[CURSOR-ABS] hand=(0.505,0.183) filter=(0.504,0.250) target=(877,639) cursor=(878,673)
[CURSOR-ABS] hand=(0.507,0.166) filter=(0.504,0.235) target=(875,605) cursor=(877,639)
[CURSOR-ABS] hand=(0.507,0.154) filter=(0.505,0.220) target=(873,573) cursor=(875,605)
[CURSOR-ABS] hand=(0.510,0.147) filter=(0.506,0.206) target=(870,543) cursor=(873,573)
[CURSOR-ABS] hand=(0.511,0.141) filter=(0.506,0.194) target=(866,516) cursor=(870,544)
[CURSOR-ABS] hand=(0.512,0.141) filter=(0.507,0.184) target=(863,495) cursor=(866,516)
[CURSOR-ABS] hand=(0.513,0.141) filter=(0.508,0.176) target=(859,478) cursor=(863,496)
[CURSOR-ABS] hand=(0.513,0.153) filter=(0.509,0.172) target=(856,469) cursor=(859,478)
[CURSOR-ABS] hand=(0.515,0.169) filter=(0.510,0.171) target=(852,468) cursor=(856,469)
[CURSOR-ABS] hand=(0.517,0.190) filter=(0.511,0.175) target=(847,475) cursor=(852,468)
[CURSOR-ABS] hand=(0.518,0.212) filter=(0.513,0.181) target=(843,490) cursor=(847,475)
[CURSOR-ABS] hand=(0.519,0.234) filter=(0.514,0.190) target=(839,509) cursor=(843,490)
[CURSOR-ABS] hand=(0.519,0.259) filter=(0.515,0.202) target=(835,535) cursor=(839,509)
[CURSOR-ABS] hand=(0.520,0.281) filter=(0.515,0.216) target=(832,565) cursor=(835,535)
[CURSOR-ABS] hand=(0.520,0.305) filter=(0.516,0.232) target=(829,599) cursor=(832,565)
[CURSOR-ABS] hand=(0.520,0.320) filter=(0.517,0.248) target=(827,634) cursor=(829,599)
[CURSOR-ABS] hand=(0.520,0.334) filter=(0.517,0.264) target=(824,668) cursor=(827,634)
[CURSOR-ABS] hand=(0.519,0.344) filter=(0.518,0.278) target=(823,700) cursor=(824,667)
[CURSOR-ABS] hand=(0.519,0.355) filter=(0.518,0.293) target=(822,730) cursor=(823,699)
[CURSOR-ABS] hand=(0.517,0.367) filter=(0.518,0.307) target=(823,760) cursor=(822,730)
[CURSOR-ABS] hand=(0.516,0.375) filter=(0.517,0.319) target=(824,788) cursor=(823,760)
[CURSOR-ABS] hand=(0.514,0.384) filter=(0.517,0.331) target=(815,836) cursor=(824,787)
[CURSOR-ABS] hand=(0.514,0.394) filter=(0.516,0.343) target=(806,890) cursor=(815,836)
[CURSOR-ABS] hand=(0.512,0.404) filter=(0.516,0.354) target=(798,945) cursor=(806,889)
[CURSOR-ABS] hand=(0.511,0.411) filter=(0.515,0.365) target=(792,1001) cursor=(798,945)
[CURSOR-ABS] hand=(0.511,0.419) filter=(0.514,0.375) target=(785,1058) cursor=(792,1001)
[CURSOR-ABS] hand=(0.512,0.422) filter=(0.514,0.383) target=(780,1080) cursor=(785,1058)
[CURSOR-ABS] hand=(0.513,0.424) filter=(0.514,0.391) target=(774,1080) cursor=(780,1080)
[CURSOR-ABS] hand=(0.513,0.426) filter=(0.514,0.397) target=(769,1080) cursor=(774,1080)
[CURSOR-ABS] hand=(0.513,0.421) filter=(0.513,0.402) target=(766,1080) cursor=(769,1080)
[CURSOR-ABS] hand=(0.513,0.416) filter=(0.513,0.404) target=(764,1080) cursor=(766,1080)
[CURSOR-ABS] hand=(0.512,0.412) filter=(0.513,0.406) target=(764,1080) cursor=(764,1080)
[CURSOR-ABS] hand=(0.512,0.410) filter=(0.513,0.406) target=(764,1080) cursor=(764,1080)
[CURSOR-ABS] hand=(0.513,0.408) filter=(0.513,0.407) target=(764,1080) cursor=(764,1080)
[CURSOR-ABS] hand=(0.517,0.408) filter=(0.514,0.407) target=(760,1080) cursor=(764,1080)
[CURSOR-ABS] hand=(0.519,0.407) filter=(0.514,0.407) target=(754,1080) cursor=(760,1080)
[CURSOR-ABS] hand=(0.522,0.408) filter=(0.516,0.407) target=(745,1080) cursor=(754,1080)
[CURSOR-ABS] hand=(0.522,0.410) filter=(0.517,0.408) target=(737,1080) cursor=(745,1080)
[CURSOR-ABS] hand=(0.523,0.411) filter=(0.518,0.408) target=(730,1080) cursor=(737,1080)
[CURSOR-ABS] hand=(0.524,0.409) filter=(0.519,0.408) target=(723,1080) cursor=(730,1080)
[CURSOR-ABS] hand=(0.523,0.409) filter=(0.520,0.408) target=(718,1080) cursor=(723,1080)
[CURSOR-ABS] hand=(0.522,0.407) filter=(0.520,0.408) target=(715,1080) cursor=(718,1080)
[CURSOR-ABS] hand=(0.521,0.405) filter=(0.520,0.408) target=(715,1080) cursor=(715,1080)
[CURSOR-ABS] hand=(0.520,0.402) filter=(0.520,0.407) target=(717,1080) cursor=(715,1080)
[CURSOR-ABS] hand=(0.518,0.390) filter=(0.520,0.404) target=(722,1080) cursor=(717,1080)
[CURSOR-ABS] hand=(0.516,0.361) filter=(0.519,0.396) target=(734,1080) cursor=(722,1080)
[CURSOR-ABS] hand=(0.515,0.343) filter=(0.518,0.387) target=(749,1080) cursor=(734,1080)
[CURSOR-ABS] hand=(0.508,0.325) filter=(0.517,0.376) target=(771,1067) cursor=(748,1080)
[CURSOR-ABS] hand=(0.508,0.293) filter=(0.515,0.362) target=(793,984) cursor=(770,1067)
[CURSOR-ABS] hand=(0.507,0.267) filter=(0.514,0.344) target=(816,895) cursor=(793,985)
[CURSOR-ABS] hand=(0.517,0.222) filter=(0.514,0.322) target=(835,795) cursor=(816,896)
[CURSOR-ABS] hand=(0.513,0.167) filter=(0.514,0.293) target=(837,730) cursor=(835,796)
[CURSOR-ABS] hand=(0.516,0.358) filter=(0.516,0.358) target=(697,682) cursor=(837,730)
[CURSOR-ABS] hand=(0.534,0.341) filter=(0.519,0.355) target=(685,675) cursor=(698,682)
[CURSOR-ABS] hand=(0.549,0.325) filter=(0.524,0.350) target=(666,664) cursor=(685,675)
[CURSOR-ABS] hand=(0.562,0.306) filter=(0.531,0.342) target=(640,647) cursor=(666,664)
[CURSOR-ABS] hand=(0.568,0.283) filter=(0.537,0.332) target=(615,625) cursor=(640,647)
[CURSOR-ABS] hand=(0.571,0.257) filter=(0.543,0.318) target=(593,596) cursor=(615,625)
[CURSOR-ABS] hand=(0.565,0.227) filter=(0.547,0.302) target=(578,561) cursor=(593,596)
[CURSOR-ABS] hand=(0.560,0.201) filter=(0.549,0.283) target=(570,520) cursor=(578,561)
[CURSOR-ABS] hand=(0.545,0.171) filter=(0.548,0.262) target=(573,475) cursor=(570,521)
[CURSOR-ABS] hand=(0.531,0.161) filter=(0.545,0.243) target=(585,434) cursor=(573,475)
[CURSOR-ABS] hand=(0.512,0.147) filter=(0.540,0.226) target=(606,396) cursor=(585,434)
[CURSOR-ABS] hand=(0.496,0.133) filter=(0.532,0.208) target=(635,358) cursor=(606,396)
[CURSOR-ABS] hand=(0.482,0.135) filter=(0.523,0.195) target=(660,322) cursor=(635,358)
[CURSOR-ABS] hand=(0.465,0.135) filter=(0.513,0.183) target=(694,291) cursor=(660,322)
[CURSOR-ABS] hand=(0.446,0.153) filter=(0.501,0.178) target=(745,279) cursor=(694,291)
[CURSOR-ABS] hand=(0.430,0.169) filter=(0.488,0.176) target=(799,282) cursor=(744,279)
[CURSOR-ABS] hand=(0.417,0.176) filter=(0.476,0.176) target=(853,288) cursor=(798,282)
[CURSOR-ABS] hand=(0.403,0.192) filter=(0.462,0.179) target=(905,294) cursor=(852,288)
[CURSOR-ABS] hand=(0.392,0.205) filter=(0.449,0.183) target=(953,304) cursor=(904,294)
[CURSOR-ABS] hand=(0.384,0.219) filter=(0.437,0.190) target=(999,318) cursor=(953,304)
[CURSOR-ABS] hand=(0.381,0.237) filter=(0.427,0.198) target=(1038,335) cursor=(999,318)
[CURSOR-ABS] hand=(0.380,0.257) filter=(0.419,0.208) target=(1071,357) cursor=(1038,335)
[CURSOR-ABS] hand=(0.381,0.275) filter=(0.412,0.220) target=(1097,383) cursor=(1071,357)
[CURSOR-ABS] hand=(0.385,0.291) filter=(0.407,0.233) target=(1117,411) cursor=(1097,383)
[CURSOR-ABS] hand=(0.388,0.306) filter=(0.403,0.246) target=(1130,440) cursor=(1117,411)
[CURSOR-ABS] hand=(0.392,0.326) filter=(0.401,0.260) target=(1138,470) cursor=(1130,440)
[CURSOR-ABS] hand=(0.396,0.345) filter=(0.400,0.276) target=(1141,504) cursor=(1138,470)
[CURSOR-ABS] hand=(0.403,0.361) filter=(0.401,0.291) target=(1140,537) cursor=(1141,503)
[CURSOR-ABS] hand=(0.410,0.378) filter=(0.404,0.318) target=(1129,596) cursor=(1140,537)
[CURSOR-ABS] hand=(0.422,0.396) filter=(0.407,0.333) target=(1116,627) cursor=(1129,595)
[CURSOR-ABS] hand=(0.435,0.413) filter=(0.412,0.347) target=(1099,658) cursor=(1117,626)
[CURSOR-ABS] hand=(0.449,0.428) filter=(0.418,0.362) target=(1074,690) cursor=(1099,658)
[CURSOR-ABS] hand=(0.466,0.443) filter=(0.426,0.377) target=(1042,722) cursor=(1074,690)
[CURSOR-ABS] hand=(0.484,0.444) filter=(0.437,0.390) target=(1002,750) cursor=(1042,722)
[CURSOR-ABS] hand=(0.503,0.433) filter=(0.448,0.398) target=(957,767) cursor=(1003,750)
[CURSOR-ABS] hand=(0.517,0.410) filter=(0.461,0.400) target=(910,772) cursor=(957,767)
[CURSOR-ABS] hand=(0.530,0.384) filter=(0.473,0.397) target=(862,766) cursor=(910,772)
[CURSOR-ABS] hand=(0.532,0.349) filter=(0.484,0.389) target=(821,747) cursor=(862,766)
[CURSOR-ABS] hand=(0.532,0.319) filter=(0.493,0.377) target=(787,721) cursor=(821,748)
[CURSOR-ABS] hand=(0.524,0.287) filter=(0.498,0.361) target=(765,688) cursor=(787,722)
[CURSOR-ABS] hand=(0.512,0.258) filter=(0.501,0.343) target=(756,648) cursor=(766,688)
[CURSOR-ABS] hand=(0.495,0.232) filter=(0.500,0.323) target=(760,605) cursor=(756,649)
[CURSOR-ABS] hand=(0.472,0.218) filter=(0.495,0.303) target=(778,563) cursor=(760,605)
[CURSOR-ABS] hand=(0.448,0.203) filter=(0.487,0.285) target=(809,523) cursor=(778,563)
[CURSOR-ABS] hand=(0.426,0.195) filter=(0.476,0.268) target=(850,487) cursor=(809,523)
[CURSOR-ABS] hand=(0.405,0.187) filter=(0.464,0.253) target=(898,454) cursor=(850,487)
[CURSOR-ABS] hand=(0.381,0.194) filter=(0.449,0.242) target=(953,431) cursor=(897,454)
[CURSOR-ABS] hand=(0.364,0.196) filter=(0.434,0.233) target=(1013,412) cursor=(953,431)
[CURSOR-ABS] hand=(0.345,0.206) filter=(0.417,0.228) target=(1076,401) cursor=(1012,413)
[CURSOR-ABS] hand=(0.327,0.220) filter=(0.401,0.227) target=(1140,398) cursor=(1075,402)
[CURSOR-ABS] hand=(0.311,0.232) filter=(0.385,0.228) target=(1202,400) cursor=(1140,398)
[CURSOR-ABS] hand=(0.294,0.245) filter=(0.368,0.231) target=(1267,407) cursor=(1202,400)
[CURSOR-ABS] hand=(0.281,0.256) filter=(0.351,0.235) target=(1329,416) cursor=(1266,407)
[CURSOR-ABS] hand=(0.268,0.261) filter=(0.336,0.240) target=(1402,423) cursor=(1329,416)
[CURSOR-ABS] hand=(0.258,0.268) filter=(0.321,0.245) target=(1503,424) cursor=(1402,422)
[CURSOR-ABS] hand=(0.251,0.273) filter=(0.308,0.249) target=(1602,428) cursor=(1502,424)
[CURSOR-ABS] hand=(0.245,0.279) filter=(0.296,0.255) target=(1705,436) cursor=(1601,428)
[CURSOR-ABS] hand=(0.242,0.282) filter=(0.286,0.259) target=(1792,444) cursor=(1704,436)
[CURSOR-ABS] hand=(0.239,0.288) filter=(0.278,0.264) target=(1876,455) cursor=(1792,444)
[CURSOR-ABS] hand=(0.237,0.292) filter=(0.270,0.269) target=(1920,467) cursor=(1876,455)
[CURSOR-ABS] hand=(0.237,0.302) filter=(0.264,0.275) target=(1920,483) cursor=(1920,467)
[CURSOR-ABS] hand=(0.238,0.313) filter=(0.259,0.282) target=(1920,504) cursor=(1920,483)
[CURSOR-ABS] hand=(0.243,0.323) filter=(0.256,0.289) target=(1920,528) cursor=(1920,504)
[CURSOR-ABS] hand=(0.249,0.339) filter=(0.255,0.298) target=(1920,559) cursor=(1920,528)
[CURSOR-ABS] hand=(0.255,0.356) filter=(0.255,0.309) target=(1920,594) cursor=(1920,559)
[CURSOR-ABS] hand=(0.264,0.373) filter=(0.257,0.320) target=(1920,632) cursor=(1920,593)
[CURSOR-ABS] hand=(0.275,0.391) filter=(0.260,0.333) target=(1920,675) cursor=(1920,632)
[CURSOR-ABS] hand=(0.290,0.410) filter=(0.265,0.347) target=(1920,721) cursor=(1920,675)
[CURSOR-ABS] hand=(0.306,0.423) filter=(0.272,0.361) target=(1920,766) cursor=(1920,721)
[CURSOR-ABS] hand=(0.324,0.429) filter=(0.281,0.374) target=(1917,803) cursor=(1920,766)
[CURSOR-ABS] hand=(0.346,0.435) filter=(0.292,0.385) target=(1833,832) cursor=(1917,803)
[CURSOR-ABS] hand=(0.364,0.440) filter=(0.305,0.395) target=(1740,856) cursor=(1834,832)
[CURSOR-ABS] hand=(0.382,0.445) filter=(0.319,0.404) target=(1644,874) cursor=(1741,856)
[CURSOR-ABS] hand=(0.403,0.444) filter=(0.334,0.411) target=(1543,884) cursor=(1645,874)
[CURSOR-ABS] hand=(0.423,0.444) filter=(0.351,0.418) target=(1440,889) cursor=(1543,884)
[CURSOR-ABS] hand=(0.443,0.446) filter=(0.368,0.423) target=(1344,892) cursor=(1440,889)
[CURSOR-ABS] hand=(0.462,0.454) filter=(0.385,0.428) target=(1254,899) cursor=(1345,892)
[CURSOR-ABS] hand=(0.485,0.453) filter=(0.404,0.433) target=(1162,905) cursor=(1255,899)
[CURSOR-ABS] hand=(0.504,0.453) filter=(0.423,0.436) target=(1074,913) cursor=(1163,905)
[CURSOR-ABS] hand=(0.519,0.449) filter=(0.441,0.439) target=(990,919) cursor=(1074,913)
[CURSOR-ABS] hand=(0.535,0.443) filter=(0.459,0.439) target=(909,924) cursor=(990,919)
[CURSOR-ABS] hand=(0.550,0.431) filter=(0.476,0.438) target=(828,922) cursor=(909,924)
[CURSOR-ABS] hand=(0.563,0.418) filter=(0.492,0.434) target=(750,914) cursor=(828,922)
[CURSOR-ABS] hand=(0.573,0.401) filter=(0.508,0.428) target=(676,899) cursor=(750,914)
[CURSOR-ABS] hand=(0.577,0.380) filter=(0.521,0.420) target=(619,873) cursor=(677,899)
[CURSOR-ABS] hand=(0.576,0.356) filter=(0.531,0.409) target=(582,838) cursor=(619,873)
[CURSOR-ABS] hand=(0.571,0.327) filter=(0.538,0.395) target=(566,789) cursor=(583,838)
[CURSOR-ABS] hand=(0.563,0.301) filter=(0.543,0.378) target=(571,735) cursor=(567,789)
[CURSOR-ABS] hand=(0.552,0.278) filter=(0.545,0.359) target=(587,685) cursor=(571,736)
[CURSOR-ABS] hand=(0.540,0.255) filter=(0.543,0.327) target=(593,615) cursor=(587,685)
[CURSOR-ABS] hand=(0.523,0.240) filter=(0.540,0.311) target=(607,581) cursor=(593,616)
[CURSOR-ABS] hand=(0.506,0.230) filter=(0.534,0.296) target=(628,548) cursor=(607,581)
[CURSOR-ABS] hand=(0.488,0.221) filter=(0.526,0.282) target=(658,518) cursor=(628,549)
[CURSOR-ABS] hand=(0.467,0.221) filter=(0.516,0.271) target=(699,493) cursor=(658,518)
[CURSOR-ABS] hand=(0.449,0.217) filter=(0.504,0.261) target=(743,472) cursor=(699,493)
[CURSOR-ABS] hand=(0.433,0.214) filter=(0.491,0.252) target=(791,453) cursor=(743,472)
[CURSOR-ABS] hand=(0.416,0.222) filter=(0.478,0.247) target=(844,441) cursor=(791,453)
[CURSOR-ABS] hand=(0.401,0.234) filter=(0.464,0.245) target=(897,436) cursor=(843,441)
[CURSOR-ABS] hand=(0.390,0.246) filter=(0.450,0.245) target=(950,437) cursor=(897,436)
[CURSOR-ABS] hand=(0.384,0.265) filter=(0.438,0.248) target=(996,444) cursor=(949,437)
[CURSOR-ABS] hand=(0.382,0.291) filter=(0.428,0.256) target=(1035,460) cursor=(996,444)
[CURSOR-ABS] hand=(0.387,0.315) filter=(0.420,0.266) target=(1064,482) cursor=(1035,460)
[CURSOR-ABS] hand=(0.397,0.346) filter=(0.416,0.280) target=(1081,512) cursor=(1064,482)
[CURSOR-ABS] hand=(0.414,0.361) filter=(0.416,0.294) target=(1082,544) cursor=(1081,512)
[CURSOR-ABS] hand=(0.435,0.372) filter=(0.419,0.308) target=(1070,574) cursor=(1082,544)
[CURSOR-ABS] hand=(0.454,0.386) filter=(0.425,0.322) target=(1047,604) cursor=(1070,574)
[CURSOR-ABS] hand=(0.477,0.399) filter=(0.434,0.336) target=(1013,635) cursor=(1047,604)
[CURSOR-ABS] hand=(0.502,0.396) filter=(0.446,0.347) target=(967,658) cursor=(1013,634)
[CURSOR-ABS] hand=(0.528,0.382) filter=(0.460,0.354) target=(911,672) cursor=(967,658)
[CURSOR-ABS] hand=(0.547,0.364) filter=(0.476,0.356) target=(851,676) cursor=(911,672)
[CURSOR-ABS] hand=(0.566,0.337) filter=(0.492,0.352) target=(789,669) cursor=(852,676)
[CURSOR-ABS] hand=(0.576,0.309) filter=(0.507,0.345) target=(731,653) cursor=(789,669)
[CURSOR-ABS] hand=(0.582,0.275) filter=(0.521,0.333) target=(677,627) cursor=(731,653)
[CURSOR-ABS] hand=(0.581,0.245) filter=(0.532,0.317) target=(635,593) cursor=(677,627)
[CURSOR-ABS] hand=(0.573,0.222) filter=(0.540,0.300) target=(606,557) cursor=(635,594)
[CURSOR-ABS] hand=(0.560,0.198) filter=(0.543,0.282) target=(592,517) cursor=(607,557)
[CURSOR-ABS] hand=(0.546,0.188) filter=(0.544,0.265) target=(590,480) cursor=(592,517)
[CURSOR-ABS] hand=(0.527,0.173) filter=(0.541,0.248) target=(602,443) cursor=(590,480)
[CURSOR-ABS] hand=(0.510,0.170) filter=(0.535,0.233) target=(623,412) cursor=(602,444)
[CURSOR-ABS] hand=(0.495,0.174) filter=(0.528,0.222) target=(649,388) cursor=(623,412)
[CURSOR-ABS] hand=(0.476,0.187) filter=(0.520,0.216) target=(684,375) cursor=(649,389)
[CURSOR-ABS] hand=(0.460,0.208) filter=(0.509,0.214) target=(723,371) cursor=(683,375)
[CURSOR-ABS] hand=(0.449,0.232) filter=(0.498,0.218) target=(765,378) cursor=(723,371)
[CURSOR-ABS] hand=(0.440,0.261) filter=(0.488,0.225) target=(805,395) cursor=(764,378)
[CURSOR-ABS] hand=(0.438,0.290) filter=(0.479,0.236) target=(839,419) cursor=(805,395)
[CURSOR-ABS] hand=(0.438,0.323) filter=(0.472,0.251) target=(867,451) cursor=(839,419)
[CURSOR-ABS] hand=(0.445,0.354) filter=(0.467,0.270) target=(885,491) cursor=(866,451)
[CURSOR-ABS] hand=(0.455,0.378) filter=(0.465,0.289) target=(894,533) cursor=(885,490)
[CURSOR-ABS] hand=(0.468,0.402) filter=(0.465,0.310) target=(891,578) cursor=(894,532)
[CURSOR-ABS] hand=(0.487,0.412) filter=(0.469,0.329) target=(877,619) cursor=(891,578)
[CURSOR-ABS] hand=(0.506,0.417) filter=(0.475,0.345) target=(853,653) cursor=(877,619)
[CURSOR-ABS] hand=(0.525,0.415) filter=(0.484,0.358) target=(820,682) cursor=(853,653)
[CURSOR-ABS] hand=(0.544,0.401) filter=(0.495,0.366) target=(780,699) cursor=(820,682)
[CURSOR-ABS] hand=(0.561,0.382) filter=(0.507,0.369) target=(733,705) cursor=(780,699)
[CURSOR-ABS] hand=(0.575,0.356) filter=(0.519,0.367) target=(686,700) cursor=(734,705)
[CURSOR-ABS] hand=(0.586,0.325) filter=(0.531,0.359) target=(641,684) cursor=(687,700)
[CURSOR-ABS] hand=(0.593,0.292) filter=(0.542,0.348) target=(598,660) cursor=(641,684)
[CURSOR-ABS] hand=(0.597,0.258) filter=(0.552,0.332) target=(559,626) cursor=(598,660)
[CURSOR-ABS] hand=(0.598,0.227) filter=(0.560,0.313) target=(527,585) cursor=(559,626)
[CURSOR-ABS] hand=(0.597,0.198) filter=(0.567,0.292) target=(501,540) cursor=(527,585)
[CURSOR-ABS] hand=(0.592,0.163) filter=(0.571,0.269) target=(463,486) cursor=(502,540)
[CURSOR-ABS] hand=(0.590,0.146) filter=(0.575,0.246) target=(413,426) cursor=(463,486)
[CURSOR-ABS] hand=(0.585,0.122) filter=(0.577,0.222) target=(362,356) cursor=(414,427)
[CURSOR-ABS] hand=(0.577,0.107) filter=(0.577,0.200) target=(316,279) cursor=(362,357)
[CURSOR-ABS] hand=(0.558,0.081) filter=(0.571,0.163) target=(268,131) cursor=(316,279)
[CURSOR-ABS] hand=(0.540,0.067) filter=(0.562,0.133) target=(261,0) cursor=(268,131)
[CURSOR-ABS] hand=(0.532,0.062) filter=(0.557,0.119) target=(266,0) cursor=(261,1)
[CURSOR-ABS] hand=(0.527,0.058) filter=(0.552,0.108) target=(277,0) cursor=(266,0)
[CURSOR-ABS] hand=(0.522,0.053) filter=(0.547,0.098) target=(292,0) cursor=(277,0)
[CURSOR-ABS] hand=(0.516,0.052) filter=(0.538,0.084) target=(329,0) cursor=(292,0)
[CURSOR-ABS] hand=(0.472,0.108) filter=(0.472,0.108) target=(819,0) cursor=(329,0)
[CURSOR-ABS] hand=(0.469,0.117) filter=(0.471,0.109) target=(823,0) cursor=(812,0)
[CURSOR-ABS] hand=(0.467,0.128) filter=(0.471,0.112) target=(829,0) cursor=(823,0)
[CURSOR-ABS] hand=(0.467,0.140) filter=(0.470,0.117) target=(836,0) cursor=(829,0)
[CURSOR-ABS] hand=(0.467,0.151) filter=(0.470,0.123) target=(842,30) cursor=(836,0)
[CURSOR-ABS] hand=(0.467,0.175) filter=(0.469,0.132) target=(850,82) cursor=(842,30)
[CURSOR-ABS] hand=(0.465,0.197) filter=(0.468,0.144) target=(861,143) cursor=(850,81)
[CURSOR-ABS] hand=(0.466,0.218) filter=(0.468,0.157) target=(871,209) cursor=(861,142)
[CURSOR-ABS] hand=(0.466,0.233) filter=(0.468,0.171) target=(881,270) cursor=(871,209)
[CURSOR-ABS] hand=(0.466,0.250) filter=(0.467,0.185) target=(884,308) cursor=(881,270)
[CURSOR-ABS] hand=(0.467,0.267) filter=(0.467,0.200) target=(884,340) cursor=(884,308)
[CURSOR-ABS] hand=(0.466,0.282) filter=(0.467,0.215) target=(885,373) cursor=(884,340)
[CURSOR-ABS] hand=(0.465,0.297) filter=(0.467,0.231) target=(886,406) cursor=(885,373)
[CURSOR-ABS] hand=(0.464,0.314) filter=(0.466,0.246) target=(888,440) cursor=(886,406)
[CURSOR-ABS] hand=(0.461,0.331) filter=(0.465,0.262) target=(892,473) cursor=(888,439)
[CURSOR-ABS] hand=(0.457,0.343) filter=(0.464,0.277) target=(897,506) cursor=(892,473)
[CURSOR-ABS] hand=(0.453,0.353) filter=(0.462,0.291) target=(904,537) cursor=(897,506)
[CURSOR-ABS] hand=(0.451,0.358) filter=(0.460,0.304) target=(912,564) cursor=(904,536)
[CURSOR-ABS] hand=(0.452,0.360) filter=(0.459,0.314) target=(917,587) cursor=(912,564)
[CURSOR-ABS] hand=(0.452,0.360) filter=(0.458,0.323) target=(922,605) cursor=(917,587)
[CURSOR-ABS] hand=(0.452,0.353) filter=(0.457,0.328) target=(925,617) cursor=(922,605)
[CURSOR-ABS] hand=(0.455,0.339) filter=(0.456,0.330) target=(926,621) cursor=(925,617)
[CURSOR-ABS] hand=(0.456,0.318) filter=(0.456,0.328) target=(926,617) cursor=(926,621)
[CURSOR-ABS] hand=(0.457,0.293) filter=(0.456,0.322) target=(926,603) cursor=(926,617)
[CURSOR-ABS] hand=(0.456,0.262) filter=(0.456,0.312) target=(926,581) cursor=(926,603)
[CURSOR-ABS] hand=(0.457,0.233) filter=(0.456,0.298) target=(926,552) cursor=(926,581)
[CURSOR-ABS] hand=(0.456,0.208) filter=(0.456,0.282) target=(926,518) cursor=(926,552)
[CURSOR-ABS] hand=(0.457,0.175) filter=(0.456,0.263) target=(926,476) cursor=(926,518)
[CURSOR-ABS] hand=(0.456,0.150) filter=(0.456,0.242) target=(926,430) cursor=(926,476)
[CURSOR-ABS] hand=(0.456,0.129) filter=(0.456,0.221) target=(926,386) cursor=(926,431)
[CURSOR-ABS] hand=(0.453,0.115) filter=(0.456,0.201) target=(929,342) cursor=(926,386)
[CURSOR-ABS] hand=(0.444,0.197) filter=(0.444,0.197) target=(972,713) cursor=(929,342)
[CURSOR-ABS] hand=(0.443,0.219) filter=(0.444,0.201) target=(972,721) cursor=(971,711)
[CURSOR-ABS] hand=(0.445,0.230) filter=(0.444,0.206) target=(972,732) cursor=(972,721)
[CURSOR-ABS] hand=(0.446,0.242) filter=(0.445,0.212) target=(971,745) cursor=(972,732)
[CURSOR-ABS] hand=(0.447,0.249) filter=(0.445,0.219) target=(969,759) cursor=(971,745)
[CURSOR-ABS] hand=(0.450,0.257) filter=(0.446,0.225) target=(966,773) cursor=(969,759)
[CURSOR-ABS] hand=(0.450,0.270) filter=(0.447,0.233) target=(963,790) cursor=(966,773)
[CURSOR-ABS] hand=(0.452,0.281) filter=(0.448,0.242) target=(959,818) cursor=(963,790)
[CURSOR-ABS] hand=(0.452,0.292) filter=(0.448,0.251) target=(955,858) cursor=(959,818)
[CURSOR-ABS] hand=(0.453,0.301) filter=(0.449,0.260) target=(952,900) cursor=(955,858)
[CURSOR-ABS] hand=(0.454,0.305) filter=(0.450,0.268) target=(947,942) cursor=(952,900)
[CURSOR-ABS] hand=(0.456,0.302) filter=(0.451,0.274) target=(941,975) cursor=(947,941)
[CURSOR-ABS] hand=(0.456,0.289) filter=(0.452,0.277) target=(937,989) cursor=(941,974)
[CURSOR-ABS] hand=(0.455,0.268) filter=(0.452,0.275) target=(935,981) cursor=(937,989)
[CURSOR-ABS] hand=(0.456,0.236) filter=(0.453,0.268) target=(933,945) cursor=(935,981)
[CURSOR-ABS] hand=(0.454,0.205) filter=(0.453,0.258) target=(934,891) cursor=(933,946)
[CURSOR-ABS] hand=(0.456,0.163) filter=(0.454,0.241) target=(935,815) cursor=(934,891)
[CURSOR-ABS] hand=(0.432,0.417) filter=(0.432,0.417) target=(964,918) cursor=(935,815)
[CURSOR-ABS] hand=(0.433,0.424) filter=(0.432,0.418) target=(964,924) cursor=(964,917)
[CURSOR-ABS] hand=(0.434,0.437) filter=(0.432,0.422) target=(962,940) cursor=(964,924)
[CURSOR-ABS] hand=(0.435,0.449) filter=(0.433,0.426) target=(960,965) cursor=(962,940)
[CURSOR-ABS] hand=(0.438,0.461) filter=(0.434,0.432) target=(955,998) cursor=(960,965)
[CURSOR-ABS] hand=(0.439,0.469) filter=(0.435,0.439) target=(950,1034) cursor=(955,998)
[CURSOR-ABS] hand=(0.442,0.476) filter=(0.436,0.445) target=(943,1071) cursor=(950,1034)
[CURSOR-ABS] hand=(0.444,0.488) filter=(0.437,0.453) target=(934,1080) cursor=(943,1071)
[CURSOR-ABS] hand=(0.445,0.497) filter=(0.439,0.461) target=(925,1080) cursor=(934,1080)
[CURSOR-ABS] hand=(0.447,0.503) filter=(0.440,0.468) target=(915,1080) cursor=(925,1080)
[CURSOR-ABS] hand=(0.449,0.507) filter=(0.442,0.475) target=(903,1080) cursor=(915,1080)
[CURSOR-ABS] hand=(0.450,0.510) filter=(0.443,0.481) target=(892,1080) cursor=(903,1080)
[CURSOR-ABS] hand=(0.451,0.505) filter=(0.445,0.485) target=(882,1080) cursor=(893,1080)
[CURSOR-ABS] hand=(0.450,0.501) filter=(0.446,0.488) target=(874,1080) cursor=(882,1080)
[CURSOR-ABS] hand=(0.451,0.496) filter=(0.446,0.490) target=(868,1080) cursor=(874,1080)
[CURSOR-ABS] hand=(0.450,0.489) filter=(0.447,0.490) target=(864,1080) cursor=(868,1080)
[CURSOR-ABS] hand=(0.450,0.481) filter=(0.448,0.488) target=(861,1080) cursor=(864,1080)
[CURSOR-ABS] hand=(0.450,0.470) filter=(0.448,0.485) target=(860,1080) cursor=(861,1080)
[CURSOR-ABS] hand=(0.449,0.460) filter=(0.448,0.481) target=(861,1080) cursor=(860,1080)
[CURSOR-ABS] hand=(0.451,0.446) filter=(0.449,0.475) target=(860,1080) cursor=(861,1080)
[CURSOR-ABS] hand=(0.452,0.431) filter=(0.449,0.467) target=(860,1080) cursor=(860,1080)
[CURSOR-ABS] hand=(0.455,0.416) filter=(0.450,0.458) target=(859,1080) cursor=(860,1080)
[CURSOR-ABS] hand=(0.457,0.396) filter=(0.451,0.447) target=(858,1080) cursor=(859,1080)
[CURSOR-ABS] hand=(0.460,0.373) filter=(0.453,0.434) target=(857,1010) cursor=(858,1080)
[CURSOR-ABS] hand=(0.463,0.349) filter=(0.455,0.418) target=(858,928) cursor=(857,1011)
[CURSOR-ABS] hand=(0.465,0.316) filter=(0.456,0.400) target=(862,839) cursor=(858,928)
[CURSOR-ABS] hand=(0.467,0.286) filter=(0.458,0.379) target=(863,772) cursor=(862,840)
[CURSOR-ABS] hand=(0.467,0.257) filter=(0.460,0.356) target=(857,723) cursor=(863,773)
[CURSOR-ABS] hand=(0.467,0.228) filter=(0.461,0.332) target=(852,670) cursor=(857,723)
[CURSOR-ABS] hand=(0.469,0.203) filter=(0.462,0.307) target=(846,616) cursor=(852,670)
[CURSOR-ABS] hand=(0.470,0.168) filter=(0.464,0.280) target=(842,558) cursor=(846,617)
[CURSOR-ABS] hand=(0.471,0.137) filter=(0.465,0.252) target=(837,499) cursor=(842,559)
[CURSOR-ABS] hand=(0.461,0.143) filter=(0.461,0.143) target=(842,239) cursor=(837,499)
[CURSOR-ABS] hand=(0.462,0.164) filter=(0.461,0.147) target=(844,255) cursor=(842,241)
[CURSOR-ABS] hand=(0.465,0.189) filter=(0.462,0.154) target=(848,285) cursor=(844,255)
[CURSOR-ABS] hand=(0.473,0.209) filter=(0.464,0.164) target=(841,308) cursor=(848,285)
[CURSOR-ABS] hand=(0.488,0.217) filter=(0.468,0.173) target=(825,329) cursor=(841,308)
[CURSOR-ABS] hand=(0.503,0.228) filter=(0.474,0.183) target=(802,349) cursor=(825,328)
[CURSOR-ABS] hand=(0.517,0.235) filter=(0.481,0.192) target=(773,369) cursor=(802,349)
[CURSOR-ABS] hand=(0.536,0.240) filter=(0.498,0.206) target=(711,400) cursor=(773,369)
[CURSOR-ABS] hand=(0.551,0.241) filter=(0.507,0.213) target=(675,413) cursor=(712,400)
[CURSOR-ABS] hand=(0.568,0.236) filter=(0.518,0.217) target=(633,423) cursor=(675,413)
[CURSOR-ABS] hand=(0.586,0.233) filter=(0.530,0.220) target=(587,429) cursor=(633,422)
[CURSOR-ABS] hand=(0.599,0.231) filter=(0.542,0.222) target=(538,432) cursor=(587,429)
[CURSOR-ABS] hand=(0.612,0.229) filter=(0.555,0.223) target=(448,426) cursor=(538,432)
[CURSOR-ABS] hand=(0.623,0.221) filter=(0.568,0.223) target=(350,416) cursor=(449,426)
[CURSOR-ABS] hand=(0.632,0.218) filter=(0.579,0.222) target=(246,404) cursor=(350,416)
[CURSOR-ABS] hand=(0.640,0.212) filter=(0.590,0.220) target=(142,390) cursor=(246,404)
[CURSOR-ABS] hand=(0.647,0.210) filter=(0.601,0.218) target=(37,376) cursor=(143,390)
[CURSOR-ABS] hand=(0.659,0.208) filter=(0.611,0.216) target=(0,361) cursor=(37,376)
[CURSOR-ABS] hand=(0.661,0.215) filter=(0.621,0.216) target=(0,352) cursor=(0,361)
[CURSOR-ABS] hand=(0.670,0.221) filter=(0.630,0.217) target=(0,347) cursor=(0,352)
[CURSOR-ABS] hand=(0.674,0.225) filter=(0.637,0.218) target=(0,345) cursor=(0,347)
[CURSOR-ABS] hand=(0.676,0.227) filter=(0.644,0.220) target=(0,346) cursor=(0,345)
[CURSOR-ABS] hand=(0.683,0.231) filter=(0.651,0.222) target=(0,348) cursor=(0,346)
[CURSOR-ABS] hand=(0.686,0.234) filter=(0.658,0.224) target=(0,352) cursor=(0,348)
[CURSOR-ABS] hand=(0.690,0.238) filter=(0.664,0.226) target=(0,357) cursor=(0,352)
[CURSOR-ABS] hand=(0.693,0.239) filter=(0.669,0.228) target=(0,362) cursor=(0,357)
[CURSOR-ABS] hand=(0.695,0.243) filter=(0.674,0.231) target=(0,370) cursor=(0,362)
[CURSOR-ABS] hand=(0.696,0.247) filter=(0.677,0.234) target=(0,379) cursor=(0,369)
[CURSOR-ABS] hand=(0.695,0.242) filter=(0.681,0.235) target=(0,384) cursor=(0,379)
[CURSOR-ABS] hand=(0.694,0.246) filter=(0.683,0.237) target=(0,393) cursor=(0,384)
[CURSOR-ABS] hand=(0.688,0.248) filter=(0.684,0.239) target=(0,401) cursor=(0,393)
[CURSOR-ABS] hand=(0.683,0.248) filter=(0.684,0.241) target=(0,407) cursor=(0,401)
[CURSOR-ABS] hand=(0.673,0.244) filter=(0.682,0.241) target=(0,410) cursor=(0,407)
[CURSOR-ABS] hand=(0.664,0.249) filter=(0.679,0.242) target=(0,416) cursor=(0,410)
[CURSOR-ABS] hand=(0.647,0.255) filter=(0.673,0.245) target=(0,428) cursor=(0,416)
[CURSOR-ABS] hand=(0.633,0.265) filter=(0.666,0.248) target=(0,446) cursor=(0,428)
[CURSOR-ABS] hand=(0.620,0.273) filter=(0.658,0.252) target=(0,466) cursor=(0,446)
[CURSOR-ABS] hand=(0.605,0.275) filter=(0.649,0.256) target=(0,484) cursor=(0,466)
[CURSOR-ABS] hand=(0.590,0.279) filter=(0.638,0.260) target=(0,501) cursor=(0,484)
[CURSOR-ABS] hand=(0.577,0.280) filter=(0.627,0.264) target=(0,514) cursor=(0,501)
[CURSOR-ABS] hand=(0.565,0.280) filter=(0.616,0.267) target=(0,525) cursor=(0,514)
[CURSOR-ABS] hand=(0.555,0.281) filter=(0.605,0.269) target=(30,533) cursor=(0,525)
[CURSOR-ABS] hand=(0.546,0.279) filter=(0.595,0.271) target=(140,539) cursor=(30,533)
[CURSOR-ABS] hand=(0.538,0.278) filter=(0.584,0.272) target=(239,542) cursor=(139,539)
[CURSOR-ABS] hand=(0.531,0.276) filter=(0.574,0.273) target=(325,544) cursor=(238,542)
[CURSOR-ABS] hand=(0.525,0.273) filter=(0.566,0.273) target=(400,544) cursor=(325,544)
[CURSOR-ABS] hand=(0.518,0.272) filter=(0.557,0.273) target=(468,543) cursor=(400,544)
[CURSOR-ABS] hand=(0.510,0.270) filter=(0.548,0.272) target=(516,542) cursor=(467,543)
[CURSOR-ABS] hand=(0.503,0.266) filter=(0.540,0.271) target=(548,539) cursor=(516,542)
[CURSOR-ABS] hand=(0.495,0.263) filter=(0.532,0.270) target=(579,536) cursor=(548,539)
[CURSOR-ABS] hand=(0.488,0.259) filter=(0.524,0.268) target=(610,533) cursor=(579,536)
[CURSOR-ABS] hand=(0.480,0.257) filter=(0.516,0.266) target=(640,529) cursor=(609,533)
[CURSOR-ABS] hand=(0.471,0.254) filter=(0.508,0.264) target=(672,524) cursor=(640,529)
[CURSOR-ABS] hand=(0.462,0.253) filter=(0.499,0.262) target=(704,520) cursor=(672,524)
[CURSOR-ABS] hand=(0.452,0.251) filter=(0.491,0.260) target=(737,516) cursor=(704,520)
[CURSOR-ABS] hand=(0.444,0.246) filter=(0.482,0.258) target=(769,511) cursor=(737,516)
[CURSOR-ABS] hand=(0.436,0.246) filter=(0.474,0.256) target=(802,506) cursor=(769,511)
[CURSOR-ABS] hand=(0.428,0.245) filter=(0.466,0.254) target=(834,502) cursor=(802,506)
[CURSOR-ABS] hand=(0.419,0.245) filter=(0.457,0.252) target=(867,499) cursor=(834,502)
[CURSOR-ABS] hand=(0.411,0.246) filter=(0.449,0.251) target=(899,497) cursor=(867,499)
[CURSOR-ABS] hand=(0.401,0.246) filter=(0.440,0.250) target=(932,495) cursor=(899,497)
[CURSOR-ABS] hand=(0.394,0.248) filter=(0.432,0.250) target=(963,494) cursor=(931,495)
[CURSOR-ABS] hand=(0.386,0.249) filter=(0.424,0.250) target=(995,494) cursor=(963,494)
[CURSOR-ABS] hand=(0.376,0.248) filter=(0.415,0.250) target=(1029,493) cursor=(995,494)
[CURSOR-ABS] hand=(0.366,0.250) filter=(0.406,0.250) target=(1063,493) cursor=(1029,493)
[CURSOR-ABS] hand=(0.358,0.251) filter=(0.397,0.250) target=(1096,494) cursor=(1063,493)
[CURSOR-ABS] hand=(0.350,0.252) filter=(0.389,0.250) target=(1129,494) cursor=(1096,494)
[CURSOR-ABS] hand=(0.341,0.253) filter=(0.380,0.251) target=(1162,496) cursor=(1129,494)
[CURSOR-ABS] hand=(0.330,0.255) filter=(0.371,0.251) target=(1197,497) cursor=(1162,496)
[CURSOR-ABS] hand=(0.321,0.258) filter=(0.362,0.253) target=(1232,500) cursor=(1197,497)
[CURSOR-ABS] hand=(0.312,0.256) filter=(0.353,0.253) target=(1266,501) cursor=(1232,500)
[CURSOR-ABS] hand=(0.301,0.258) filter=(0.337,0.255) target=(1326,504) cursor=(1266,501)
[CURSOR-ABS] hand=(0.294,0.261) filter=(0.329,0.256) target=(1357,506) cursor=(1326,504)
[CURSOR-ABS] hand=(0.290,0.261) filter=(0.322,0.257) target=(1384,508) cursor=(1357,506)
[CURSOR-ABS] hand=(0.291,0.262) filter=(0.317,0.258) target=(1406,511) cursor=(1384,508)
[CURSOR-ABS] hand=(0.290,0.267) filter=(0.312,0.259) target=(1430,514) cursor=(1406,511)
[CURSOR-ABS] hand=(0.290,0.271) filter=(0.308,0.261) target=(1458,517) cursor=(1430,514)
[CURSOR-ABS] hand=(0.288,0.272) filter=(0.304,0.263) target=(1485,521) cursor=(1458,517)
[CURSOR-ABS] hand=(0.285,0.274) filter=(0.301,0.265) target=(1514,525) cursor=(1485,521)
[CURSOR-ABS] hand=(0.284,0.272) filter=(0.298,0.266) target=(1538,528) cursor=(1514,525)
[CURSOR-ABS] hand=(0.283,0.273) filter=(0.295,0.267) target=(1559,530) cursor=(1538,528)
[CURSOR-ABS] hand=(0.287,0.272) filter=(0.294,0.268) target=(1572,532) cursor=(1558,530)
[CURSOR-ABS] hand=(0.295,0.270) filter=(0.294,0.268) target=(1570,533) cursor=(1572,532)
[CURSOR-ABS] hand=(0.304,0.267) filter=(0.296,0.268) target=(1555,532) cursor=(1570,533)
[CURSOR-ABS] hand=(0.316,0.264) filter=(0.299,0.267) target=(1526,530) cursor=(1555,532)
[CURSOR-ABS] hand=(0.327,0.264) filter=(0.304,0.267) target=(1489,529) cursor=(1526,531)
[CURSOR-ABS] hand=(0.336,0.266) filter=(0.309,0.267) target=(1446,530) cursor=(1489,529)
[CURSOR-ABS] hand=(0.344,0.275) filter=(0.316,0.268) target=(1410,533) cursor=(1446,530)
[CURSOR-ABS] hand=(0.356,0.280) filter=(0.323,0.270) target=(1383,538) cursor=(1411,533)
[CURSOR-ABS] hand=(0.367,0.293) filter=(0.331,0.274) target=(1352,546) cursor=(1383,538)
[CURSOR-ABS] hand=(0.382,0.307) filter=(0.340,0.280) target=(1318,558) cursor=(1353,546)
[CURSOR-ABS] hand=(0.401,0.313) filter=(0.351,0.286) target=(1276,571) cursor=(1318,558)
[CURSOR-ABS] hand=(0.421,0.311) filter=(0.363,0.290) target=(1227,580) cursor=(1276,571)
[CURSOR-ABS] hand=(0.438,0.297) filter=(0.377,0.291) target=(1174,583) cursor=(1227,580)
[CURSOR-ABS] hand=(0.450,0.282) filter=(0.390,0.290) target=(1123,579) cursor=(1174,583)
[CURSOR-ABS] hand=(0.453,0.259) filter=(0.402,0.284) target=(1079,568) cursor=(1123,579)
[CURSOR-ABS] hand=(0.454,0.234) filter=(0.411,0.276) target=(1043,550) cursor=(1080,568)
[CURSOR-ABS] hand=(0.447,0.210) filter=(0.418,0.264) target=(1018,525) cursor=(1043,550)
[CURSOR-ABS] hand=(0.436,0.187) filter=(0.421,0.250) target=(1005,495) cursor=(1018,525)
[CURSOR-ABS] hand=(0.425,0.167) filter=(0.422,0.235) target=(1003,462) cursor=(1005,495)
[CURSOR-ABS] hand=(0.412,0.155) filter=(0.420,0.221) target=(1009,431) cursor=(1003,463)
[CURSOR-ABS] hand=(0.398,0.156) filter=(0.416,0.209) target=(1024,405) cursor=(1009,431)
[CURSOR-ABS] hand=(0.385,0.163) filter=(0.411,0.201) target=(1044,387) cursor=(1024,405)
[CURSOR-ABS] hand=(0.372,0.176) filter=(0.404,0.196) target=(1070,377) cursor=(1044,387)
[CURSOR-ABS] hand=(0.359,0.202) filter=(0.396,0.197) target=(1101,380) cursor=(1070,377)
[CURSOR-ABS] hand=(0.352,0.225) filter=(0.389,0.202) target=(1130,390) cursor=(1100,380)
[CURSOR-ABS] hand=(0.351,0.258) filter=(0.382,0.211) target=(1155,411) cursor=(1129,390)
[CURSOR-ABS] hand=(0.356,0.295) filter=(0.377,0.226) target=(1173,442) cursor=(1155,411)
[CURSOR-ABS] hand=(0.363,0.332) filter=(0.375,0.245) target=(1182,484) cursor=(1173,442)
[CURSOR-ABS] hand=(0.383,0.359) filter=(0.376,0.266) target=(1177,528) cursor=(1182,483)
[CURSOR-ABS] hand=(0.408,0.371) filter=(0.382,0.285) target=(1157,569) cursor=(1177,528)
[CURSOR-ABS] hand=(0.431,0.376) filter=(0.390,0.302) target=(1124,605) cursor=(1157,569)
[CURSOR-ABS] hand=(0.456,0.379) filter=(0.402,0.316) target=(1080,637) cursor=(1124,605)
[CURSOR-ABS] hand=(0.479,0.370) filter=(0.416,0.326) target=(1026,658) cursor=(1080,636)
[CURSOR-ABS] hand=(0.498,0.347) filter=(0.431,0.330) target=(968,667) cursor=(1026,658)
[CURSOR-ABS] hand=(0.514,0.320) filter=(0.445,0.328) target=(912,663) cursor=(969,667)
[CURSOR-ABS] hand=(0.523,0.288) filter=(0.460,0.321) target=(857,648) cursor=(912,663)
[CURSOR-ABS] hand=(0.527,0.259) filter=(0.472,0.310) target=(809,624) cursor=(857,648)
[CURSOR-ABS] hand=(0.521,0.229) filter=(0.481,0.296) target=(775,594) cursor=(809,624)
[CURSOR-ABS] hand=(0.510,0.207) filter=(0.486,0.281) target=(755,560) cursor=(775,594)
[CURSOR-ABS] hand=(0.490,0.190) filter=(0.487,0.265) target=(752,525) cursor=(755,560)
[CURSOR-ABS] hand=(0.467,0.172) filter=(0.483,0.248) target=(766,489) cursor=(752,526)
[CURSOR-ABS] hand=(0.446,0.181) filter=(0.477,0.235) target=(791,462) cursor=(766,489)
[CURSOR-ABS] hand=(0.424,0.194) filter=(0.468,0.228) target=(825,446) cursor=(791,463)
[CURSOR-ABS] hand=(0.408,0.214) filter=(0.457,0.225) target=(866,441) cursor=(825,446)
[CURSOR-ABS] hand=(0.390,0.249) filter=(0.446,0.229) target=(911,449) cursor=(866,441)
[CURSOR-ABS] hand=(0.379,0.280) filter=(0.434,0.238) target=(956,468) cursor=(910,449)
[CURSOR-ABS] hand=(0.374,0.313) filter=(0.423,0.251) target=(997,496) cursor=(956,468)
[CURSOR-ABS] hand=(0.377,0.351) filter=(0.415,0.269) target=(1029,535) cursor=(997,496)
[CURSOR-ABS] hand=(0.385,0.386) filter=(0.409,0.290) target=(1050,581) cursor=(1029,535)
[CURSOR-ABS] hand=(0.403,0.410) filter=(0.408,0.312) target=(1054,627) cursor=(1049,580)
[CURSOR-ABS] hand=(0.424,0.422) filter=(0.413,0.346) target=(1035,701) cursor=(1054,627)
[CURSOR-ABS] hand=(0.448,0.433) filter=(0.419,0.362) target=(1013,736) cursor=(1036,700)
[CURSOR-ABS] hand=(0.472,0.440) filter=(0.428,0.377) target=(977,768) cursor=(1013,736)
[CURSOR-ABS] hand=(0.494,0.428) filter=(0.440,0.386) target=(933,788) cursor=(978,767)
[CURSOR-ABS] hand=(0.513,0.421) filter=(0.453,0.393) target=(882,808) cursor=(933,788)
[CURSOR-ABS] hand=(0.532,0.405) filter=(0.467,0.395) target=(821,823) cursor=(882,807)
[CURSOR-ABS] hand=(0.548,0.382) filter=(0.482,0.392) target=(757,823) cursor=(822,823)
[CURSOR-ABS] hand=(0.561,0.350) filter=(0.496,0.385) target=(698,805) cursor=(758,823)
[CURSOR-ABS] hand=(0.575,0.317) filter=(0.511,0.373) target=(641,774) cursor=(698,805)
[CURSOR-ABS] hand=(0.581,0.278) filter=(0.524,0.357) target=(599,732) cursor=(641,775)
[CURSOR-ABS] hand=(0.582,0.243) filter=(0.534,0.337) target=(568,682) cursor=(599,732)
[CURSOR-ABS] hand=(0.580,0.210) filter=(0.543,0.314) target=(539,631) cursor=(568,682)
[CURSOR-ABS] hand=(0.566,0.171) filter=(0.547,0.287) target=(522,573) cursor=(539,632)
[CURSOR-ABS] hand=(0.560,0.147) filter=(0.549,0.260) target=(512,515) cursor=(522,573)
[CURSOR-ABS] hand=(0.551,0.125) filter=(0.550,0.235) target=(503,459) cursor=(513,516)
[CURSOR-ABS] hand=(0.516,0.087) filter=(0.536,0.174) target=(495,294) cursor=(503,459)
[CURSOR-ABS] hand=(0.501,0.080) filter=(0.530,0.156) target=(497,233) cursor=(495,295)
[CURSOR-ABS] hand=(0.484,0.078) filter=(0.522,0.142) target=(517,180) cursor=(497,233)
[CURSOR-ABS] hand=(0.464,0.080) filter=(0.512,0.130) target=(556,138) cursor=(517,180)
[CURSOR-ABS] hand=(0.443,0.083) filter=(0.500,0.121) target=(614,106) cursor=(556,138)
[CURSOR-ABS] hand=(0.425,0.094) filter=(0.487,0.116) target=(684,93) cursor=(613,107)
[CURSOR-ABS] hand=(0.406,0.107) filter=(0.472,0.115) target=(762,94) cursor=(684,93)
[CURSOR-ABS] hand=(0.388,0.122) filter=(0.457,0.116) target=(841,108) cursor=(762,94)
[CURSOR-ABS] hand=(0.372,0.136) filter=(0.441,0.120) target=(919,131) cursor=(841,108)
[CURSOR-ABS] hand=(0.353,0.157) filter=(0.425,0.126) target=(996,165) cursor=(918,131)
[CURSOR-ABS] hand=(0.338,0.169) filter=(0.409,0.133) target=(1068,197) cursor=(996,165)
[CURSOR-ABS] hand=(0.325,0.183) filter=(0.393,0.142) target=(1132,228) cursor=(1067,197)
[CURSOR-ABS] hand=(0.314,0.196) filter=(0.378,0.151) target=(1188,257) cursor=(1131,228)
[CURSOR-ABS] hand=(0.302,0.218) filter=(0.364,0.163) target=(1241,292) cursor=(1188,257)
[CURSOR-ABS] hand=(0.296,0.241) filter=(0.351,0.177) target=(1284,330) cursor=(1241,291)
[CURSOR-ABS] hand=(0.296,0.265) filter=(0.341,0.194) target=(1315,371) cursor=(1283,329)
[CURSOR-ABS] hand=(0.300,0.293) filter=(0.333,0.212) target=(1342,411) cursor=(1314,371)
[CURSOR-ABS] hand=(0.312,0.308) filter=(0.330,0.229) target=(1356,449) cursor=(1342,411)
[CURSOR-ABS] hand=(0.328,0.329) filter=(0.329,0.248) target=(1358,489) cursor=(1356,449)
[CURSOR-ABS] hand=(0.344,0.353) filter=(0.332,0.268) target=(1348,532) cursor=(1358,489)
[CURSOR-ABS] hand=(0.359,0.371) filter=(0.337,0.287) target=(1330,574) cursor=(1348,532)
[CURSOR-ABS] hand=(0.377,0.384) filter=(0.344,0.306) target=(1303,614) cursor=(1330,574)
[CURSOR-ABS] hand=(0.398,0.390) filter=(0.353,0.321) target=(1267,648) cursor=(1303,613)
[CURSOR-ABS] hand=(0.418,0.396) filter=(0.364,0.335) target=(1224,678) cursor=(1268,648)
[CURSOR-ABS] hand=(0.434,0.401) filter=(0.377,0.348) target=(1176,705) cursor=(1224,678)
[CURSOR-ABS] hand=(0.450,0.404) filter=(0.390,0.358) target=(1125,728) cursor=(1176,705)
[CURSOR-ABS] hand=(0.464,0.402) filter=(0.403,0.366) target=(1073,746) cursor=(1125,728)
[CURSOR-ABS] hand=(0.478,0.397) filter=(0.417,0.372) target=(1022,758) cursor=(1074,745)
[CURSOR-ABS] hand=(0.491,0.391) filter=(0.430,0.375) target=(970,765) cursor=(1022,758)
[CURSOR-ABS] hand=(0.500,0.385) filter=(0.443,0.377) target=(921,769) cursor=(970,765)
[CURSOR-ABS] hand=(0.510,0.380) filter=(0.456,0.378) target=(873,770) cursor=(921,769)
[CURSOR-ABS] hand=(0.520,0.375) filter=(0.467,0.377) target=(827,769) cursor=(873,770)
[CURSOR-ABS] hand=(0.527,0.374) filter=(0.478,0.377) target=(786,768) cursor=(827,769)
[CURSOR-ABS] hand=(0.534,0.374) filter=(0.489,0.376) target=(746,767) cursor=(786,768)
[CURSOR-ABS] hand=(0.539,0.374) filter=(0.498,0.376) target=(705,771) cursor=(746,767)
[CURSOR-ABS] hand=(0.546,0.378) filter=(0.507,0.376) target=(659,781) cursor=(705,771)
[CURSOR-ABS] hand=(0.552,0.384) filter=(0.515,0.378) target=(609,795) cursor=(659,781)
[CURSOR-ABS] hand=(0.557,0.390) filter=(0.523,0.380) target=(561,811) cursor=(610,795)
[CURSOR-ABS] hand=(0.561,0.393) filter=(0.529,0.382) target=(512,828) cursor=(561,811)
[CURSOR-ABS] hand=(0.565,0.400) filter=(0.536,0.385) target=(463,849) cursor=(512,828)
[CURSOR-ABS] hand=(0.569,0.408) filter=(0.542,0.389) target=(411,873) cursor=(463,849)
[CURSOR-ABS] hand=(0.572,0.419) filter=(0.547,0.394) target=(358,904) cursor=(411,873)
[CURSOR-ABS] hand=(0.576,0.426) filter=(0.552,0.400) target=(306,936) cursor=(359,904)
[CURSOR-ABS] hand=(0.579,0.435) filter=(0.557,0.406) target=(250,972) cursor=(306,936)
[CURSOR-ABS] hand=(0.585,0.443) filter=(0.562,0.412) target=(191,1012) cursor=(251,972)
[CURSOR-ABS] hand=(0.586,0.454) filter=(0.569,0.425) target=(90,1080) cursor=(191,1012)
[CURSOR-ABS] hand=(0.590,0.465) filter=(0.573,0.432) target=(34,1080) cursor=(90,1080)
[CURSOR-ABS] hand=(0.592,0.474) filter=(0.576,0.440) target=(0,1080) cursor=(35,1080)
[CURSOR-ABS] hand=(0.594,0.483) filter=(0.580,0.447) target=(0,1080) cursor=(0,1080)
[CURSOR-ABS] hand=(0.598,0.486) filter=(0.583,0.454) target=(0,1080) cursor=(0,1080)
[CURSOR-ABS] hand=(0.600,0.486) filter=(0.586,0.460) target=(0,1080) cursor=(0,1080)
[CURSOR-ABS] hand=(0.601,0.484) filter=(0.588,0.464) target=(0,1080) cursor=(0,1080)
[CURSOR-ABS] hand=(0.605,0.478) filter=(0.591,0.467) target=(0,1080) cursor=(0,1080)
[CURSOR-ABS] hand=(0.605,0.471) filter=(0.594,0.467) target=(0,1080) cursor=(0,1080)
[CURSOR-ABS] hand=(0.603,0.463) filter=(0.595,0.467) target=(0,1080) cursor=(0,1080)
[CURSOR-ABS] hand=(0.603,0.455) filter=(0.597,0.465) target=(0,1080) cursor=(0,1080)
[CURSOR-ABS] hand=(0.600,0.449) filter=(0.597,0.462) target=(0,1080) cursor=(0,1080)
[CURSOR-ABS] hand=(0.596,0.443) filter=(0.597,0.459) target=(0,1080) cursor=(0,1080)
[CURSOR-ABS] hand=(0.592,0.438) filter=(0.596,0.455) target=(0,1080) cursor=(0,1080)
[CURSOR-ABS] hand=(0.585,0.434) filter=(0.594,0.452) target=(0,1080) cursor=(0,1080)
[CURSOR-ABS] hand=(0.579,0.429) filter=(0.592,0.448) target=(0,1080) cursor=(0,1080)
[CURSOR-ABS] hand=(0.574,0.426) filter=(0.589,0.444) target=(0,1080) cursor=(0,1080)
[CURSOR-ABS] hand=(0.565,0.423) filter=(0.585,0.440) target=(0,1080) cursor=(0,1080)
[CURSOR-ABS] hand=(0.557,0.419) filter=(0.580,0.436) target=(0,1080) cursor=(0,1080)
[CURSOR-ABS] hand=(0.552,0.420) filter=(0.575,0.434) target=(12,1080) cursor=(0,1080)
[CURSOR-ABS] hand=(0.545,0.413) filter=(0.570,0.430) target=(71,1080) cursor=(12,1080)
[CURSOR-ABS] hand=(0.540,0.412) filter=(0.565,0.427) target=(128,1080) cursor=(71,1080)
[CURSOR-ABS] hand=(0.535,0.407) filter=(0.559,0.423) target=(183,1065) cursor=(128,1080)
[CURSOR-ABS] hand=(0.528,0.402) filter=(0.554,0.420) target=(239,1037) cursor=(183,1065)
[CURSOR-ABS] hand=(0.522,0.399) filter=(0.548,0.416) target=(294,1009) cursor=(239,1037)
[CURSOR-ABS] hand=(0.517,0.392) filter=(0.543,0.412) target=(349,980) cursor=(294,1009)
[CURSOR-ABS] hand=(0.512,0.390) filter=(0.537,0.408) target=(398,954) cursor=(348,980)
[CURSOR-ABS] hand=(0.504,0.386) filter=(0.531,0.404) target=(448,928) cursor=(397,954)
[CURSOR-ABS] hand=(0.498,0.382) filter=(0.526,0.400) target=(496,903) cursor=(448,928)
[CURSOR-ABS] hand=(0.493,0.379) filter=(0.520,0.397) target=(541,879) cursor=(496,903)
[CURSOR-ABS] hand=(0.488,0.380) filter=(0.514,0.394) target=(582,860) cursor=(541,879)
[CURSOR-ABS] hand=(0.485,0.379) filter=(0.509,0.391) target=(617,843) cursor=(582,860)
[CURSOR-ABS] hand=(0.481,0.378) filter=(0.504,0.389) target=(649,828) cursor=(617,843)
[CURSOR-ABS] hand=(0.478,0.376) filter=(0.500,0.387) target=(677,815) cursor=(649,828)
[CURSOR-ABS] hand=(0.475,0.372) filter=(0.495,0.384) target=(703,801) cursor=(677,815)
[CURSOR-ABS] hand=(0.474,0.367) filter=(0.492,0.381) target=(726,786) cursor=(703,801)
[CURSOR-ABS] hand=(0.475,0.364) filter=(0.489,0.378) target=(744,772) cursor=(726,786)
[CURSOR-ABS] hand=(0.474,0.357) filter=(0.486,0.375) target=(755,763) cursor=(744,772)
[CURSOR-ABS] hand=(0.475,0.354) filter=(0.484,0.371) target=(763,756) cursor=(755,763)
[CURSOR-ABS] hand=(0.474,0.355) filter=(0.482,0.368) target=(770,749) cursor=(763,756)
[CURSOR-ABS] hand=(0.474,0.357) filter=(0.481,0.366) target=(775,745) cursor=(769,749)
[CURSOR-ABS] hand=(0.475,0.363) filter=(0.480,0.366) target=(779,744) cursor=(775,745)
[CURSOR-ABS] hand=(0.477,0.368) filter=(0.479,0.366) target=(781,745) cursor=(779,744)
[CURSOR-ABS] hand=(0.482,0.370) filter=(0.480,0.367) target=(779,746) cursor=(781,745)
[CURSOR-ABS] hand=(0.488,0.372) filter=(0.481,0.368) target=(774,748) cursor=(779,746)
[CURSOR-ABS] hand=(0.496,0.376) filter=(0.484,0.369) target=(764,751) cursor=(774,748)
[CURSOR-ABS] hand=(0.504,0.379) filter=(0.487,0.371) target=(751,755) cursor=(764,751)
[CURSOR-ABS] hand=(0.515,0.380) filter=(0.492,0.372) target=(733,758) cursor=(751,755)
[CURSOR-ABS] hand=(0.524,0.379) filter=(0.498,0.373) target=(709,762) cursor=(733,758)
[CURSOR-ABS] hand=(0.532,0.378) filter=(0.504,0.374) target=(678,770) cursor=(709,762)
[CURSOR-ABS] hand=(0.540,0.377) filter=(0.510,0.375) target=(643,779) cursor=(678,770)
[CURSOR-ABS] hand=(0.547,0.379) filter=(0.517,0.375) target=(605,788) cursor=(643,779)
[CURSOR-ABS] hand=(0.555,0.375) filter=(0.523,0.375) target=(565,795) cursor=(605,788)
[CURSOR-ABS] hand=(0.561,0.374) filter=(0.530,0.375) target=(523,802) cursor=(566,795)
[CURSOR-ABS] hand=(0.570,0.375) filter=(0.537,0.375) target=(476,810) cursor=(523,802)
[CURSOR-ABS] hand=(0.576,0.372) filter=(0.544,0.374) target=(428,817) cursor=(476,810)
[CURSOR-ABS] hand=(0.580,0.375) filter=(0.551,0.375) target=(380,826) cursor=(428,817)
[CURSOR-ABS] hand=(0.584,0.374) filter=(0.557,0.374) target=(334,833) cursor=(381,826)
[CURSOR-ABS] hand=(0.588,0.377) filter=(0.562,0.375) target=(289,842) cursor=(335,833)
[CURSOR-ABS] hand=(0.590,0.378) filter=(0.567,0.375) target=(247,851) cursor=(290,842)
[CURSOR-ABS] hand=(0.595,0.378) filter=(0.572,0.376) target=(203,860) cursor=(247,851)
[CURSOR-ABS] hand=(0.597,0.383) filter=(0.580,0.378) target=(131,879) cursor=(203,860)
[CURSOR-ABS] hand=(0.600,0.385) filter=(0.583,0.379) target=(94,889) cursor=(131,879)
[CURSOR-ABS] hand=(0.603,0.387) filter=(0.587,0.380) target=(58,900) cursor=(94,889)
[CURSOR-ABS] hand=(0.605,0.389) filter=(0.590,0.382) target=(22,912) cursor=(58,900)
[CURSOR-ABS] hand=(0.607,0.393) filter=(0.593,0.384) target=(0,925) cursor=(22,912)
[CURSOR-ABS] hand=(0.607,0.393) filter=(0.595,0.385) target=(0,936) cursor=(0,925)
[CURSOR-ABS] hand=(0.607,0.394) filter=(0.597,0.387) target=(0,945) cursor=(0,936)
[CURSOR-ABS] hand=(0.605,0.396) filter=(0.599,0.388) target=(0,955) cursor=(0,945)
[CURSOR-ABS] hand=(0.602,0.395) filter=(0.599,0.390) target=(0,961) cursor=(0,955)
[CURSOR-ABS] hand=(0.599,0.394) filter=(0.599,0.390) target=(0,964) cursor=(0,961)
[CURSOR-ABS] hand=(0.595,0.391) filter=(0.599,0.390) target=(0,964) cursor=(0,964)
[CURSOR-ABS] hand=(0.589,0.388) filter=(0.597,0.390) target=(0,959) cursor=(0,964)
[CURSOR-ABS] hand=(0.584,0.386) filter=(0.595,0.389) target=(0,952) cursor=(0,959)
[CURSOR-ABS] hand=(0.580,0.382) filter=(0.592,0.388) target=(0,943) cursor=(0,952)
[CURSOR-ABS] hand=(0.576,0.382) filter=(0.589,0.387) target=(14,933) cursor=(0,943)
[CURSOR-ABS] hand=(0.573,0.382) filter=(0.587,0.386) target=(43,925) cursor=(14,934)
[CURSOR-ABS] hand=(0.568,0.384) filter=(0.583,0.386) target=(74,919) cursor=(43,925)
[CURSOR-ABS] hand=(0.566,0.383) filter=(0.580,0.385) target=(104,912) cursor=(74,919)
[CURSOR-ABS] hand=(0.563,0.385) filter=(0.577,0.385) target=(132,907) cursor=(104,912)
[CURSOR-ABS] hand=(0.561,0.383) filter=(0.574,0.385) target=(160,901) cursor=(132,907)
[CURSOR-ABS] hand=(0.556,0.384) filter=(0.571,0.385) target=(188,896) cursor=(160,901)
[CURSOR-ABS] hand=(0.553,0.385) filter=(0.568,0.385) target=(214,892) cursor=(187,896)
[CURSOR-ABS] hand=(0.550,0.385) filter=(0.565,0.385) target=(240,887) cursor=(214,892)
[CURSOR-ABS] hand=(0.546,0.385) filter=(0.562,0.385) target=(268,883) cursor=(240,887)
[CURSOR-ABS] hand=(0.544,0.384) filter=(0.558,0.385) target=(294,878) cursor=(268,883)
[CURSOR-ABS] hand=(0.541,0.383) filter=(0.556,0.384) target=(318,873) cursor=(294,878)
[CURSOR-ABS] hand=(0.541,0.384) filter=(0.553,0.384) target=(337,869) cursor=(318,873)
[CURSOR-ABS] hand=(0.540,0.381) filter=(0.551,0.384) target=(357,864) cursor=(337,869)
[CURSOR-ABS] hand=(0.539,0.381) filter=(0.549,0.383) target=(373,859) cursor=(357,864)
[CURSOR-ABS] hand=(0.537,0.381) filter=(0.547,0.383) target=(389,855) cursor=(373,859)
[CURSOR-ABS] hand=(0.539,0.381) filter=(0.545,0.383) target=(400,852) cursor=(389,855)
[CURSOR-ABS] hand=(0.539,0.381) filter=(0.544,0.382) target=(409,849) cursor=(400,852)
[CURSOR-ABS] hand=(0.540,0.382) filter=(0.543,0.382) target=(415,848) cursor=(409,849)
[CURSOR-ABS] hand=(0.542,0.383) filter=(0.543,0.383) target=(417,848) cursor=(415,848)
[CURSOR-ABS] hand=(0.543,0.382) filter=(0.543,0.382) target=(417,848) cursor=(417,848)
[CURSOR-ABS] hand=(0.548,0.383) filter=(0.544,0.382) target=(411,849) cursor=(417,848)
[CURSOR-ABS] hand=(0.550,0.381) filter=(0.545,0.382) target=(404,850) cursor=(411,849)
[CURSOR-ABS] hand=(0.555,0.381) filter=(0.547,0.382) target=(392,851) cursor=(404,850)
[CURSOR-ABS] hand=(0.558,0.379) filter=(0.549,0.382) target=(378,851) cursor=(393,851)
[CURSOR-ABS] hand=(0.561,0.380) filter=(0.551,0.381) target=(363,853) cursor=(379,851)
[CURSOR-ABS] hand=(0.563,0.382) filter=(0.553,0.381) target=(347,857) cursor=(363,853)
[CURSOR-ABS] hand=(0.566,0.384) filter=(0.555,0.382) target=(329,862) cursor=(347,857)
[CURSOR-ABS] hand=(0.569,0.385) filter=(0.557,0.382) target=(308,867) cursor=(329,862)
[CURSOR-ABS] hand=(0.572,0.382) filter=(0.560,0.382) target=(289,870) cursor=(309,867)
[CURSOR-ABS] hand=(0.574,0.383) filter=(0.562,0.382) target=(268,874) cursor=(289,870)
[CURSOR-ABS] hand=(0.572,0.383) filter=(0.564,0.383) target=(254,877) cursor=(268,874)
[CURSOR-ABS] hand=(0.569,0.383) filter=(0.565,0.383) target=(246,878) cursor=(254,877)
[CURSOR-ABS] hand=(0.565,0.382) filter=(0.565,0.383) target=(246,878) cursor=(246,878)
[CURSOR-ABS] hand=(0.560,0.378) filter=(0.564,0.382) target=(256,873) cursor=(246,878)
[CURSOR-ABS] hand=(0.554,0.379) filter=(0.562,0.381) target=(272,869) cursor=(256,873)
[CURSOR-ABS] hand=(0.548,0.377) filter=(0.560,0.381) target=(293,863) cursor=(272,869)
[CURSOR-ABS] hand=(0.545,0.375) filter=(0.557,0.380) target=(316,855) cursor=(293,863)
[CURSOR-ABS] hand=(0.542,0.376) filter=(0.555,0.379) target=(338,849) cursor=(316,855)
[CURSOR-ABS] hand=(0.541,0.375) filter=(0.552,0.378) target=(359,843) cursor=(338,849)
[CURSOR-ABS] hand=(0.545,0.378) filter=(0.551,0.378) target=(369,841) cursor=(358,843)
[CURSOR-ABS] hand=(0.549,0.380) filter=(0.551,0.378) target=(370,841) cursor=(369,841)
[CURSOR-ABS] hand=(0.556,0.382) filter=(0.552,0.379) target=(362,845) cursor=(370,841)
[CURSOR-ABS] hand=(0.563,0.384) filter=(0.553,0.380) target=(346,851) cursor=(362,845)
[CURSOR-ABS] hand=(0.570,0.383) filter=(0.556,0.380) target=(323,857) cursor=(346,851)
[CURSOR-ABS] hand=(0.577,0.379) filter=(0.560,0.380) target=(295,861) cursor=(323,857)
[CURSOR-ABS] hand=(0.580,0.378) filter=(0.563,0.380) target=(268,864) cursor=(295,861)
[CURSOR-ABS] hand=(0.579,0.374) filter=(0.568,0.378) target=(234,864) cursor=(268,864)
[CURSOR-ABS] hand=(0.575,0.366) filter=(0.569,0.376) target=(229,857) cursor=(234,864)
[CURSOR-ABS] hand=(0.568,0.353) filter=(0.569,0.372) target=(240,840) cursor=(229,857)
[CURSOR-ABS] hand=(0.564,0.335) filter=(0.568,0.366) target=(262,814) cursor=(239,841)
[CURSOR-ABS] hand=(0.559,0.325) filter=(0.566,0.358) target=(291,786) cursor=(262,814)
[CURSOR-ABS] hand=(0.551,0.330) filter=(0.564,0.354) target=(323,765) cursor=(291,786)
[CURSOR-ABS] hand=(0.542,0.326) filter=(0.560,0.349) target=(363,744) cursor=(323,765)
[CURSOR-ABS] hand=(0.521,0.292) filter=(0.553,0.339) target=(435,705) cursor=(363,745)
[CURSOR-ABS] hand=(0.510,0.257) filter=(0.546,0.324) target=(512,658) cursor=(435,705)
[CURSOR-ABS] hand=(0.505,0.217) filter=(0.538,0.304) target=(555,611) cursor=(512,658)
[CURSOR-ABS] hand=(0.506,0.176) filter=(0.533,0.281) target=(577,560) cursor=(555,612)
[CURSOR-ABS] hand=(0.512,0.132) filter=(0.529,0.253) target=(591,500) cursor=(576,560)
[CURSOR-ABS] hand=(0.520,0.094) filter=(0.527,0.222) target=(597,434) cursor=(591,500)
[CURSOR-ABS] hand=(0.679,0.335) filter=(0.679,0.335) target=(925,669) cursor=(597,434)
[CURSOR-ABS] hand=(0.701,0.343) filter=(0.683,0.336) target=(911,672) cursor=(923,668)
[CURSOR-ABS] hand=(0.722,0.349) filter=(0.690,0.338) target=(884,677) cursor=(911,672)
[CURSOR-ABS] hand=(0.751,0.351) filter=(0.700,0.341) target=(843,682) cursor=(884,677)
[CURSOR-ABS] hand=(0.776,0.349) filter=(0.714,0.342) target=(791,685) cursor=(843,682)
[CURSOR-ABS] hand=(0.803,0.340) filter=(0.730,0.342) target=(730,684) cursor=(791,685)
[CURSOR-ABS] hand=(0.831,0.334) filter=(0.748,0.340) target=(660,682) cursor=(730,684)
[CURSOR-ABS] hand=(0.854,0.328) filter=(0.768,0.338) target=(585,677) cursor=(660,682)
[CURSOR-ABS] hand=(0.875,0.323) filter=(0.788,0.336) target=(465,684) cursor=(585,677)
[CURSOR-ABS] hand=(0.888,0.309) filter=(0.807,0.331) target=(324,687) cursor=(466,684)
[CURSOR-ABS] hand=(0.901,0.306) filter=(0.824,0.327) target=(170,688) cursor=(324,687)
[CURSOR-ABS] hand=(0.907,0.296) filter=(0.840,0.321) target=(25,684) cursor=(171,688)
[CURSOR-ABS] hand=(0.908,0.291) filter=(0.853,0.316) target=(0,675) cursor=(27,684)
[CURSOR-ABS] hand=(0.901,0.290) filter=(0.862,0.311) target=(0,665) cursor=(0,675)
[CURSOR-ABS] hand=(0.891,0.286) filter=(0.867,0.307) target=(0,651) cursor=(0,665)
[CURSOR-ABS] hand=(0.875,0.277) filter=(0.869,0.302) target=(0,633) cursor=(0,652)
[CURSOR-ABS] hand=(0.859,0.278) filter=(0.867,0.298) target=(0,618) cursor=(0,633)
[CURSOR-ABS] hand=(0.837,0.277) filter=(0.862,0.294) target=(0,604) cursor=(0,618)
[CURSOR-ABS] hand=(0.820,0.274) filter=(0.854,0.290) target=(0,590) cursor=(0,604)
[CURSOR-ABS] hand=(0.802,0.268) filter=(0.845,0.286) target=(0,575) cursor=(0,590)
[CURSOR-ABS] hand=(0.788,0.267) filter=(0.835,0.283) target=(102,563) cursor=(0,575)
[CURSOR-ABS] hand=(0.774,0.265) filter=(0.825,0.280) target=(206,553) cursor=(101,563)
[CURSOR-ABS] hand=(0.759,0.265) filter=(0.813,0.277) target=(312,546) cursor=(206,553)
[CURSOR-ABS] hand=(0.746,0.262) filter=(0.801,0.275) target=(415,539) cursor=(312,546)
[CURSOR-ABS] hand=(0.733,0.266) filter=(0.789,0.273) target=(504,536) cursor=(414,539)
[CURSOR-ABS] hand=(0.721,0.273) filter=(0.776,0.273) target=(552,536) cursor=(503,536)
[CURSOR-ABS] hand=(0.709,0.277) filter=(0.764,0.274) target=(598,538) cursor=(551,536)
[CURSOR-ABS] hand=(0.695,0.283) filter=(0.752,0.275) target=(647,541) cursor=(598,538)
[CURSOR-ABS] hand=(0.683,0.289) filter=(0.739,0.278) target=(695,546) cursor=(646,541)
[CURSOR-ABS] hand=(0.671,0.294) filter=(0.726,0.280) target=(744,552) cursor=(695,546)
[CURSOR-ABS] hand=(0.656,0.298) filter=(0.713,0.284) target=(794,559) cursor=(744,552)
[CURSOR-ABS] hand=(0.642,0.302) filter=(0.700,0.287) target=(843,566) cursor=(793,559)
[CURSOR-ABS] hand=(0.631,0.308) filter=(0.688,0.290) target=(892,574) cursor=(843,566)
[CURSOR-ABS] hand=(0.621,0.313) filter=(0.675,0.294) target=(940,582) cursor=(892,573)
[CURSOR-ABS] hand=(0.611,0.319) filter=(0.663,0.299) target=(986,592) cursor=(940,582)
[CURSOR-ABS] hand=(0.600,0.324) filter=(0.651,0.303) target=(1031,601) cursor=(985,592)
[CURSOR-ABS] hand=(0.590,0.330) filter=(0.640,0.308) target=(1074,611) cursor=(1031,601)
[CURSOR-ABS] hand=(0.580,0.335) filter=(0.629,0.313) target=(1116,622) cursor=(1073,611)
[CURSOR-ABS] hand=(0.570,0.341) filter=(0.618,0.318) target=(1158,633) cursor=(1116,622)
[CURSOR-ABS] hand=(0.563,0.348) filter=(0.608,0.323) target=(1197,644) cursor=(1158,633)
[CURSOR-ABS] hand=(0.555,0.355) filter=(0.598,0.329) target=(1234,656) cursor=(1197,644)
[CURSOR-ABS] hand=(0.547,0.360) filter=(0.589,0.334) target=(1270,668) cursor=(1234,656)
[CURSOR-ABS] hand=(0.539,0.360) filter=(0.580,0.339) target=(1305,678) cursor=(1270,668)
[CURSOR-ABS] hand=(0.531,0.360) filter=(0.571,0.342) target=(1339,686) cursor=(1305,678)
[CURSOR-ABS] hand=(0.525,0.362) filter=(0.563,0.346) target=(1400,704) cursor=(1339,686)
[CURSOR-ABS] hand=(0.520,0.361) filter=(0.555,0.349) target=(1459,720) cursor=(1399,704)
[CURSOR-ABS] hand=(0.514,0.363) filter=(0.547,0.351) target=(1518,736) cursor=(1459,720)
[CURSOR-ABS] hand=(0.509,0.364) filter=(0.541,0.353) target=(1576,751) cursor=(1518,736)
[CURSOR-ABS] hand=(0.505,0.359) filter=(0.534,0.354) target=(1631,761) cursor=(1576,750)
[CURSOR-ABS] hand=(0.502,0.353) filter=(0.528,0.354) target=(1680,767) cursor=(1630,761)
[CURSOR-ABS] hand=(0.500,0.346) filter=(0.523,0.353) target=(1722,768) cursor=(1680,767)
[CURSOR-ABS] hand=(0.500,0.340) filter=(0.519,0.351) target=(1755,765) cursor=(1721,768)
[CURSOR-ABS] hand=(0.498,0.335) filter=(0.515,0.348) target=(1785,760) cursor=(1755,765)
[CURSOR-ABS] hand=(0.497,0.324) filter=(0.512,0.344) target=(1809,749) cursor=(1785,760)
[CURSOR-ABS] hand=(0.497,0.317) filter=(0.509,0.339) target=(1827,735) cursor=(1809,749)
[CURSOR-ABS] hand=(0.498,0.309) filter=(0.507,0.334) target=(1837,719) cursor=(1827,735)
[CURSOR-ABS] hand=(0.503,0.294) filter=(0.506,0.322) target=(1832,682) cursor=(1837,719)
[CURSOR-ABS] hand=(0.507,0.279) filter=(0.506,0.315) target=(1822,658) cursor=(1832,682)
[CURSOR-ABS] hand=(0.514,0.263) filter=(0.508,0.306) target=(1799,629) cursor=(1822,658)
[CURSOR-ABS] hand=(0.524,0.247) filter=(0.510,0.295) target=(1764,597) cursor=(1799,629)
[CURSOR-ABS] hand=(0.533,0.238) filter=(0.514,0.285) target=(1722,567) cursor=(1764,597)
[CURSOR-ABS] hand=(0.544,0.229) filter=(0.519,0.275) target=(1674,540) cursor=(1723,567)
[CURSOR-ABS] hand=(0.554,0.227) filter=(0.525,0.266) target=(1621,518) cursor=(1675,540)
[CURSOR-ABS] hand=(0.566,0.225) filter=(0.533,0.259) target=(1562,500) cursor=(1622,518)
[CURSOR-ABS] hand=(0.579,0.224) filter=(0.541,0.253) target=(1498,488) cursor=(1562,500)
[CURSOR-ABS] hand=(0.593,0.224) filter=(0.550,0.247) target=(1431,480) cursor=(1498,488)
[CURSOR-ABS] hand=(0.605,0.227) filter=(0.560,0.244) target=(1383,473) cursor=(1431,480)
[CURSOR-ABS] hand=(0.619,0.229) filter=(0.570,0.241) target=(1342,467) cursor=(1383,473)
[CURSOR-ABS] hand=(0.629,0.230) filter=(0.581,0.239) target=(1302,463) cursor=(1343,467)
[CURSOR-ABS] hand=(0.641,0.233) filter=(0.592,0.238) target=(1259,461) cursor=(1302,463)
[CURSOR-ABS] hand=(0.651,0.235) filter=(0.603,0.238) target=(1217,459) cursor=(1260,461)
[CURSOR-ABS] hand=(0.664,0.242) filter=(0.614,0.238) target=(1176,461) cursor=(1218,459)
[CURSOR-ABS] hand=(0.676,0.246) filter=(0.625,0.240) target=(1132,464) cursor=(1176,461)
[CURSOR-ABS] hand=(0.687,0.254) filter=(0.637,0.242) target=(1088,469) cursor=(1132,464)
[CURSOR-ABS] hand=(0.700,0.265) filter=(0.648,0.246) target=(1043,478) cursor=(1088,469)
[CURSOR-ABS] hand=(0.714,0.280) filter=(0.660,0.252) target=(997,491) cursor=(1044,478)
[CURSOR-ABS] hand=(0.724,0.299) filter=(0.672,0.260) target=(952,508) cursor=(997,491)
[CURSOR-ABS] hand=(0.732,0.320) filter=(0.683,0.271) target=(910,531) cursor=(953,508)
[CURSOR-ABS] hand=(0.741,0.336) filter=(0.694,0.282) target=(869,556) cursor=(910,531)
[CURSOR-ABS] hand=(0.747,0.358) filter=(0.704,0.296) target=(830,586) cursor=(869,556)
[CURSOR-ABS] hand=(0.752,0.373) filter=(0.712,0.310) target=(797,616) cursor=(831,586)
[CURSOR-ABS] hand=(0.758,0.380) filter=(0.721,0.323) target=(764,643) cursor=(797,616)
[CURSOR-ABS] hand=(0.765,0.379) filter=(0.729,0.333) target=(734,665) cursor=(765,643)
[CURSOR-ABS] hand=(0.772,0.368) filter=(0.737,0.339) target=(703,679) cursor=(734,665)
[CURSOR-ABS] hand=(0.778,0.347) filter=(0.744,0.341) target=(674,682) cursor=(704,679)
[CURSOR-ABS] hand=(0.784,0.325) filter=(0.752,0.338) target=(646,676) cursor=(674,682)
[CURSOR-ABS] hand=(0.788,0.301) filter=(0.758,0.331) target=(621,662) cursor=(647,676)
[CURSOR-ABS] hand=(0.792,0.269) filter=(0.764,0.321) target=(598,639) cursor=(622,662)
[CURSOR-ABS] hand=(0.792,0.246) filter=(0.769,0.308) target=(579,611) cursor=(598,640)
[CURSOR-ABS] hand=(0.790,0.221) filter=(0.773,0.292) target=(565,578) cursor=(579,611)
[CURSOR-ABS] hand=(0.787,0.199) filter=(0.775,0.276) target=(555,541) cursor=(565,578)
[CURSOR-ABS] hand=(0.782,0.180) filter=(0.776,0.258) target=(551,504) cursor=(555,542)
[CURSOR-ABS] hand=(0.777,0.170) filter=(0.776,0.242) target=(551,469) cursor=(551,505)
[CURSOR-ABS] hand=(0.769,0.162) filter=(0.775,0.227) target=(556,437) cursor=(551,469)
[CURSOR-ABS] hand=(0.759,0.153) filter=(0.772,0.213) target=(567,407) cursor=(556,437)
[CURSOR-ABS] hand=(0.749,0.150) filter=(0.768,0.202) target=(574,378) cursor=(567,407)
[CURSOR-ABS] hand=(0.737,0.147) filter=(0.763,0.192) target=(589,353) cursor=(574,378)
[CURSOR-ABS] hand=(0.723,0.143) filter=(0.756,0.183) target=(614,331) cursor=(589,353)
[CURSOR-ABS] hand=(0.710,0.143) filter=(0.748,0.175) target=(646,314) cursor=(614,331)
[CURSOR-ABS] hand=(0.695,0.140) filter=(0.739,0.169) target=(684,300) cursor=(646,314)
[CURSOR-ABS] hand=(0.678,0.144) filter=(0.728,0.164) target=(731,293) cursor=(684,300)
[CURSOR-ABS] hand=(0.661,0.150) filter=(0.716,0.162) target=(781,292) cursor=(730,293)
[CURSOR-ABS] hand=(0.645,0.156) filter=(0.703,0.161) target=(833,293) cursor=(780,292)
[CURSOR-ABS] hand=(0.629,0.168) filter=(0.690,0.162) target=(884,296) cursor=(832,293)
[CURSOR-ABS] hand=(0.615,0.181) filter=(0.676,0.165) target=(938,304) cursor=(884,296)
[CURSOR-ABS] hand=(0.600,0.199) filter=(0.662,0.171) target=(991,316) cursor=(938,304)
[CURSOR-ABS] hand=(0.591,0.216) filter=(0.649,0.179) target=(1041,332) cursor=(991,316)
[CURSOR-ABS] hand=(0.580,0.239) filter=(0.636,0.189) target=(1090,355) cursor=(1041,332)
[CURSOR-ABS] hand=(0.571,0.263) filter=(0.624,0.202) target=(1136,383) cursor=(1089,355)
[CURSOR-ABS] hand=(0.562,0.287) filter=(0.613,0.218) target=(1180,416) cursor=(1136,383)
[CURSOR-ABS] hand=(0.558,0.312) filter=(0.602,0.235) target=(1219,454) cursor=(1180,416)
[CURSOR-ABS] hand=(0.558,0.333) filter=(0.594,0.253) target=(1250,493) cursor=(1219,454)
[CURSOR-ABS] hand=(0.561,0.352) filter=(0.588,0.271) target=(1273,532) cursor=(1250,492)
[CURSOR-ABS] hand=(0.566,0.371) filter=(0.582,0.302) target=(1299,599) cursor=(1273,532)
[CURSOR-ABS] hand=(0.575,0.383) filter=(0.580,0.317) target=(1304,632) cursor=(1299,599)
[CURSOR-ABS] hand=(0.585,0.393) filter=(0.581,0.331) target=(1301,662) cursor=(1304,631)
[CURSOR-ABS] hand=(0.595,0.398) filter=(0.584,0.344) target=(1291,688) cursor=(1301,662)
[CURSOR-ABS] hand=(0.607,0.398) filter=(0.588,0.354) target=(1276,710) cursor=(1291,688)
[CURSOR-ABS] hand=(0.619,0.396) filter=(0.593,0.361) target=(1255,727) cursor=(1276,710)
[CURSOR-ABS] hand=(0.630,0.388) filter=(0.600,0.366) target=(1230,737) cursor=(1255,727)
[CURSOR-ABS] hand=(0.644,0.383) filter=(0.607,0.369) target=(1200,744) cursor=(1230,737)
[CURSOR-ABS] hand=(0.655,0.375) filter=(0.616,0.370) target=(1168,746) cursor=(1200,744)
[CURSOR-ABS] hand=(0.667,0.368) filter=(0.625,0.370) target=(1133,745) cursor=(1168,746)
[CURSOR-ABS] hand=(0.677,0.361) filter=(0.634,0.368) target=(1098,742) cursor=(1134,745)
[CURSOR-ABS] hand=(0.690,0.355) filter=(0.644,0.366) target=(1059,737) cursor=(1098,742)
[CURSOR-ABS] hand=(0.702,0.346) filter=(0.654,0.362) target=(1019,729) cursor=(1059,737)
[CURSOR-ABS] hand=(0.713,0.337) filter=(0.665,0.358) target=(979,720) cursor=(1019,729)
[CURSOR-ABS] hand=(0.723,0.327) filter=(0.675,0.353) target=(939,708) cursor=(979,720)
[CURSOR-ABS] hand=(0.729,0.320) filter=(0.685,0.347) target=(901,696) cursor=(939,708)
[CURSOR-ABS] hand=(0.736,0.305) filter=(0.694,0.340) target=(866,680) cursor=(901,696)
[CURSOR-ABS] hand=(0.739,0.293) filter=(0.703,0.332) target=(834,662) cursor=(866,680)
[CURSOR-ABS] hand=(0.740,0.278) filter=(0.709,0.322) target=(809,642) cursor=(835,662)
[CURSOR-ABS] hand=(0.739,0.266) filter=(0.715,0.312) target=(789,621) cursor=(809,642)
[CURSOR-ABS] hand=(0.734,0.252) filter=(0.718,0.301) target=(775,597) cursor=(789,621)
[CURSOR-ABS] hand=(0.729,0.239) filter=(0.720,0.290) target=(768,573) cursor=(775,598)
[CURSOR-ABS] hand=(0.722,0.230) filter=(0.720,0.279) target=(766,549) cursor=(768,573)
[CURSOR-ABS] hand=(0.717,0.221) filter=(0.720,0.269) target=(769,527) cursor=(766,550)
[CURSOR-ABS] hand=(0.709,0.211) filter=(0.718,0.258) target=(776,504) cursor=(769,527)
[CURSOR-ABS] hand=(0.701,0.196) filter=(0.715,0.247) target=(787,480) cursor=(776,504)
[CURSOR-ABS] hand=(0.692,0.189) filter=(0.711,0.236) target=(803,457) cursor=(787,480)
[CURSOR-ABS] hand=(0.683,0.187) filter=(0.706,0.227) target=(821,437) cursor=(802,457)
[CURSOR-ABS] hand=(0.672,0.187) filter=(0.700,0.220) target=(844,422) cursor=(821,437)
[CURSOR-ABS] hand=(0.658,0.192) filter=(0.693,0.215) target=(872,411) cursor=(844,422)
[CURSOR-ABS] hand=(0.647,0.205) filter=(0.685,0.213) target=(902,407) cursor=(871,411)
[CURSOR-ABS] hand=(0.637,0.221) filter=(0.676,0.215) target=(935,410) cursor=(902,407)
[CURSOR-ABS] hand=(0.629,0.239) filter=(0.668,0.219) target=(968,419) cursor=(935,410)
[CURSOR-ABS] hand=(0.623,0.260) filter=(0.660,0.226) target=(998,434) cursor=(967,419)
[CURSOR-ABS] hand=(0.617,0.283) filter=(0.652,0.236) target=(1028,455) cursor=(998,434)
[CURSOR-ABS] hand=(0.612,0.305) filter=(0.645,0.248) target=(1055,481) cursor=(1027,455)
[CURSOR-ABS] hand=(0.610,0.326) filter=(0.639,0.262) target=(1080,512) cursor=(1055,481)
[CURSOR-ABS] hand=(0.612,0.348) filter=(0.634,0.277) target=(1098,545) cursor=(1080,511)
[CURSOR-ABS] hand=(0.615,0.365) filter=(0.631,0.293) target=(1110,579) cursor=(1098,545)
[CURSOR-ABS] hand=(0.620,0.382) filter=(0.629,0.309) target=(1118,615) cursor=(1110,579)
[CURSOR-ABS] hand=(0.628,0.393) filter=(0.629,0.325) target=(1118,648) cursor=(1118,614)
[CURSOR-ABS] hand=(0.640,0.403) filter=(0.631,0.339) target=(1111,679) cursor=(1118,648)
[CURSOR-ABS] hand=(0.653,0.412) filter=(0.634,0.353) target=(1096,708) cursor=(1111,679)
[CURSOR-ABS] hand=(0.667,0.418) filter=(0.640,0.365) target=(1075,734) cursor=(1096,708)
[CURSOR-ABS] hand=(0.680,0.421) filter=(0.647,0.375) target=(1048,756) cursor=(1075,734)
[CURSOR-ABS] hand=(0.696,0.424) filter=(0.655,0.384) target=(1016,776) cursor=(1048,756)
[CURSOR-ABS] hand=(0.712,0.422) filter=(0.666,0.391) target=(976,791) cursor=(1016,776)
[CURSOR-ABS] hand=(0.729,0.416) filter=(0.677,0.396) target=(933,803) cursor=(977,791)
[CURSOR-ABS] hand=(0.743,0.402) filter=(0.689,0.397) target=(886,811) cursor=(933,803)
[CURSOR-ABS] hand=(0.754,0.382) filter=(0.701,0.394) target=(840,804) cursor=(887,810)
[CURSOR-ABS] hand=(0.760,0.357) filter=(0.711,0.388) target=(802,785) cursor=(840,804)
[CURSOR-ABS] hand=(0.762,0.332) filter=(0.720,0.378) target=(766,763) cursor=(802,785)
[CURSOR-ABS] hand=(0.762,0.310) filter=(0.728,0.366) target=(737,737) cursor=(767,764)
[CURSOR-ABS] hand=(0.762,0.288) filter=(0.734,0.353) target=(714,708) cursor=(737,737)
[CURSOR-ABS] hand=(0.761,0.272) filter=(0.739,0.338) target=(695,677) cursor=(714,708)
[CURSOR-ABS] hand=(0.755,0.264) filter=(0.742,0.325) target=(684,648) cursor=(696,677)
[CURSOR-ABS] hand=(0.748,0.260) filter=(0.743,0.313) target=(680,622) cursor=(684,648)
[CURSOR-ABS] hand=(0.739,0.259) filter=(0.742,0.303) target=(683,601) cursor=(680,623)
[CURSOR-ABS] hand=(0.732,0.231) filter=(0.740,0.290) target=(689,573) cursor=(683,601)
[CURSOR-ABS] hand=(0.721,0.214) filter=(0.737,0.276) target=(702,543) cursor=(689,573)
[CURSOR-ABS] hand=(0.718,0.171) filter=(0.734,0.257) target=(715,501) cursor=(702,544)
[CURSOR-ABS] hand=(0.480,0.206) filter=(0.480,0.206) target=(918,559) cursor=(715,501)
[CURSOR-ABS] hand=(0.479,0.210) filter=(0.480,0.207) target=(919,560) cursor=(917,559)
[CURSOR-ABS] hand=(0.477,0.215) filter=(0.479,0.208) target=(921,564) cursor=(919,560)
[CURSOR-ABS] hand=(0.473,0.232) filter=(0.478,0.212) target=(925,572) cursor=(921,564)
[CURSOR-ABS] hand=(0.469,0.247) filter=(0.477,0.218) target=(931,585) cursor=(925,572)
[CURSOR-ABS] hand=(0.463,0.266) filter=(0.474,0.226) target=(940,603) cursor=(931,585)
[CURSOR-ABS] hand=(0.457,0.282) filter=(0.471,0.236) target=(952,625) cursor=(940,603)
[CURSOR-ABS] hand=(0.451,0.300) filter=(0.468,0.248) target=(965,649) cursor=(952,625)
[CURSOR-ABS] hand=(0.447,0.318) filter=(0.464,0.260) target=(979,676) cursor=(965,649)
[CURSOR-ABS] hand=(0.444,0.338) filter=(0.461,0.274) target=(993,706) cursor=(979,676)
[CURSOR-ABS] hand=(0.443,0.356) filter=(0.458,0.289) target=(1005,738) cursor=(993,706)
[CURSOR-ABS] hand=(0.446,0.368) filter=(0.456,0.304) target=(1012,770) cursor=(1005,738)
[CURSOR-ABS] hand=(0.454,0.383) filter=(0.455,0.319) target=(1014,806) cursor=(1012,770)
[CURSOR-ABS] hand=(0.461,0.395) filter=(0.456,0.333) target=(1016,869) cursor=(1014,806)
[CURSOR-ABS] hand=(0.470,0.409) filter=(0.459,0.347) target=(1010,937) cursor=(1016,868)
[CURSOR-ABS] hand=(0.481,0.423) filter=(0.462,0.361) target=(994,1012) cursor=(1010,937)
[CURSOR-ABS] hand=(0.493,0.431) filter=(0.468,0.374) target=(968,1080) cursor=(995,1011)
[CURSOR-ABS] hand=(0.505,0.436) filter=(0.474,0.386) target=(930,1080) cursor=(968,1080)
[CURSOR-ABS] hand=(0.519,0.436) filter=(0.482,0.395) target=(880,1080) cursor=(930,1080)
[CURSOR-ABS] hand=(0.531,0.426) filter=(0.491,0.400) target=(824,1080) cursor=(880,1080)
[CURSOR-ABS] hand=(0.539,0.415) filter=(0.499,0.403) target=(766,1080) cursor=(824,1080)
[CURSOR-ABS] hand=(0.542,0.392) filter=(0.507,0.401) target=(718,1080) cursor=(767,1080)
[CURSOR-ABS] hand=(0.538,0.365) filter=(0.512,0.395) target=(689,1080) cursor=(718,1080)
[CURSOR-ABS] hand=(0.529,0.336) filter=(0.515,0.385) target=(683,1080) cursor=(689,1080)
[CURSOR-ABS] hand=(0.512,0.299) filter=(0.515,0.370) target=(705,1080) cursor=(683,1080)
[CURSOR-ABS] hand=(0.493,0.271) filter=(0.511,0.353) target=(749,980) cursor=(705,1080)
[CURSOR-ABS] hand=(0.460,0.241) filter=(0.502,0.332) target=(814,874) cursor=(749,981)
[CURSOR-ABS] hand=(0.434,0.212) filter=(0.490,0.310) target=(878,784) cursor=(814,874)
[CURSOR-ABS] hand=(0.410,0.193) filter=(0.476,0.288) target=(933,737) cursor=(878,784)
[CURSOR-ABS] hand=(0.384,0.175) filter=(0.460,0.267) target=(995,691) cursor=(933,737)
[CURSOR-ABS] hand=(0.363,0.168) filter=(0.442,0.249) target=(1063,651) cursor=(995,692)
[CURSOR-ABS] hand=(0.340,0.167) filter=(0.423,0.233) target=(1136,617) cursor=(1063,651)
[CURSOR-ABS] hand=(0.322,0.163) filter=(0.404,0.220) target=(1209,589) cursor=(1136,617)
[CURSOR-ABS] hand=(0.303,0.169) filter=(0.385,0.210) target=(1282,568) cursor=(1208,589)
[CURSOR-ABS] hand=(0.288,0.168) filter=(0.367,0.202) target=(1352,551) cursor=(1281,568)
[CURSOR-ABS] hand=(0.273,0.168) filter=(0.349,0.196) target=(1420,537) cursor=(1351,551)
[CURSOR-ABS] hand=(0.260,0.167) filter=(0.333,0.191) target=(1552,524) cursor=(1419,538)
[CURSOR-ABS] hand=(0.249,0.172) filter=(0.306,0.185) target=(1792,505) cursor=(1552,524)
[CURSOR-ABS] hand=(0.244,0.182) filter=(0.295,0.185) target=(1911,501) cursor=(1791,505)
[CURSOR-ABS] hand=(0.242,0.196) filter=(0.285,0.187) target=(1920,505) cursor=(1911,501)
[CURSOR-ABS] hand=(0.247,0.214) filter=(0.278,0.191) target=(1920,520) cursor=(1920,505)
[CURSOR-ABS] hand=(0.259,0.236) filter=(0.275,0.199) target=(1920,546) cursor=(1920,520)
[CURSOR-ABS] hand=(0.278,0.256) filter=(0.275,0.209) target=(1920,579) cursor=(1920,546)
[CURSOR-ABS] hand=(0.295,0.281) filter=(0.279,0.222) target=(1920,622) cursor=(1920,579)
[CURSOR-ABS] hand=(0.321,0.304) filter=(0.286,0.236) target=(1920,667) cursor=(1920,621)
[CURSOR-ABS] hand=(0.347,0.317) filter=(0.297,0.251) target=(1920,709) cursor=(1920,667)
[CURSOR-ABS] hand=(0.378,0.335) filter=(0.311,0.266) target=(1815,749) cursor=(1920,709)
[CURSOR-ABS] hand=(0.410,0.338) filter=(0.329,0.279) target=(1677,776) cursor=(1815,749)
[CURSOR-ABS] hand=(0.437,0.338) filter=(0.348,0.290) target=(1539,791) cursor=(1678,775)
[CURSOR-ABS] hand=(0.458,0.337) filter=(0.368,0.299) target=(1417,798) cursor=(1540,791)
[CURSOR-ABS] hand=(0.478,0.329) filter=(0.389,0.304) target=(1302,795) cursor=(1418,798)
[CURSOR-ABS] hand=(0.494,0.314) filter=(0.409,0.306) target=(1200,782) cursor=(1302,795)
[CURSOR-ABS] hand=(0.507,0.300) filter=(0.427,0.305) target=(1122,772) cursor=(1201,782)
[CURSOR-ABS] hand=(0.522,0.281) filter=(0.445,0.301) target=(1052,763) cursor=(1122,772)
[CURSOR-ABS] hand=(0.535,0.263) filter=(0.462,0.294) target=(989,749) cursor=(1053,763)
[CURSOR-ABS] hand=(0.545,0.248) filter=(0.478,0.286) target=(928,732) cursor=(989,749)
[CURSOR-ABS] hand=(0.558,0.232) filter=(0.493,0.277) target=(870,711) cursor=(929,732)
[CURSOR-ABS] hand=(0.565,0.219) filter=(0.507,0.266) target=(817,689) cursor=(870,712)
[CURSOR-ABS] hand=(0.566,0.193) filter=(0.518,0.253) target=(774,661) cursor=(817,690)
[CURSOR-ABS] hand=(0.563,0.162) filter=(0.526,0.237) target=(742,626) cursor=(774,662)
[CURSOR-ABS] hand=(0.563,0.135) filter=(0.533,0.218) target=(715,586) cursor=(742,626)
[CURSOR-ABS] hand=(0.437,0.320) filter=(0.437,0.320) target=(677,682) cursor=(715,586)
[CURSOR-ABS] hand=(0.450,0.320) filter=(0.440,0.320) target=(669,682) cursor=(677,681)
[CURSOR-ABS] hand=(0.463,0.324) filter=(0.444,0.321) target=(653,683) cursor=(669,682)
[CURSOR-ABS] hand=(0.476,0.318) filter=(0.453,0.320) target=(617,681) cursor=(653,683)
[CURSOR-ABS] hand=(0.490,0.316) filter=(0.460,0.319) target=(593,680) cursor=(617,681)
[CURSOR-ABS] hand=(0.504,0.315) filter=(0.467,0.319) target=(557,680) cursor=(593,680)
[CURSOR-ABS] hand=(0.517,0.312) filter=(0.476,0.317) target=(499,685) cursor=(557,680)
[CURSOR-ABS] hand=(0.530,0.309) filter=(0.486,0.316) target=(432,690) cursor=(499,685)
[CURSOR-ABS] hand=(0.545,0.305) filter=(0.496,0.314) target=(352,694) cursor=(433,690)
[CURSOR-ABS] hand=(0.561,0.296) filter=(0.508,0.311) target=(258,695) cursor=(353,694)
[CURSOR-ABS] hand=(0.580,0.285) filter=(0.521,0.306) target=(143,692) cursor=(259,695)
[CURSOR-ABS] hand=(0.596,0.276) filter=(0.535,0.301) target=(13,685) cursor=(144,692)
[CURSOR-ABS] hand=(0.603,0.257) filter=(0.547,0.294) target=(0,668) cursor=(14,685)
[CURSOR-ABS] hand=(0.618,0.245) filter=(0.560,0.285) target=(0,645) cursor=(0,668)
[CURSOR-ABS] hand=(0.629,0.226) filter=(0.573,0.274) target=(0,613) cursor=(0,646)
[CURSOR-ABS] hand=(0.628,0.203) filter=(0.583,0.261) target=(0,566) cursor=(0,613)
[CURSOR-ABS] hand=(0.629,0.182) filter=(0.591,0.247) target=(0,510) cursor=(0,567)
[CURSOR-ABS] hand=(0.631,0.162) filter=(0.599,0.232) target=(0,447) cursor=(0,511)
[CURSOR-ABS] hand=(0.627,0.135) filter=(0.604,0.214) target=(0,368) cursor=(0,447)
[CURSOR-ABS] hand=(0.621,0.107) filter=(0.607,0.194) target=(0,278) cursor=(0,368)
[CURSOR-ABS] hand=(0.395,0.062) filter=(0.395,0.062) target=(773,0) cursor=(0,278)
[CURSOR-ABS] hand=(0.372,0.071) filter=(0.391,0.064) target=(799,0) cursor=(769,1)
[CURSOR-ABS] hand=(0.357,0.084) filter=(0.385,0.067) target=(836,0) cursor=(798,0)
[CURSOR-ABS] hand=(0.330,0.119) filter=(0.368,0.082) target=(935,19) cursor=(836,0)
[CURSOR-ABS] hand=(0.318,0.139) filter=(0.360,0.092) target=(982,75) cursor=(935,19)
[CURSOR-ABS] hand=(0.309,0.153) filter=(0.350,0.103) target=(1024,132) cursor=(981,75)
[CURSOR-ABS] hand=(0.302,0.172) filter=(0.342,0.116) target=(1059,192) cursor=(1024,132)
[CURSOR-ABS] hand=(0.299,0.192) filter=(0.334,0.129) target=(1082,252) cursor=(1058,192)
[CURSOR-ABS] hand=(0.296,0.216) filter=(0.327,0.145) target=(1100,304) cursor=(1081,252)
[CURSOR-ABS] hand=(0.297,0.240) filter=(0.322,0.162) target=(1121,341) cursor=(1100,303)
[CURSOR-ABS] hand=(0.301,0.267) filter=(0.318,0.182) target=(1135,383) cursor=(1121,341)
[CURSOR-ABS] hand=(0.308,0.292) filter=(0.316,0.203) target=(1142,428) cursor=(1135,383)
[CURSOR-ABS] hand=(0.320,0.313) filter=(0.317,0.223) target=(1140,473) cursor=(1142,428)
[CURSOR-ABS] hand=(0.332,0.334) filter=(0.320,0.244) target=(1130,518) cursor=(1140,473)
[CURSOR-ABS] hand=(0.345,0.350) filter=(0.324,0.264) target=(1113,561) cursor=(1130,517)
[CURSOR-ABS] hand=(0.361,0.363) filter=(0.330,0.283) target=(1089,602) cursor=(1113,561)
[CURSOR-ABS] hand=(0.379,0.372) filter=(0.339,0.300) target=(1056,639) cursor=(1089,602)
[CURSOR-ABS] hand=(0.399,0.382) filter=(0.350,0.316) target=(1015,673) cursor=(1056,639)
[CURSOR-ABS] hand=(0.418,0.386) filter=(0.362,0.329) target=(968,701) cursor=(1015,672)
[CURSOR-ABS] hand=(0.436,0.390) filter=(0.375,0.341) target=(917,726) cursor=(968,701)
[CURSOR-ABS] hand=(0.455,0.388) filter=(0.389,0.349) target=(862,745) cursor=(917,726)
[CURSOR-ABS] hand=(0.474,0.382) filter=(0.405,0.356) target=(802,758) cursor=(862,745)
[CURSOR-ABS] hand=(0.490,0.373) filter=(0.421,0.359) target=(741,765) cursor=(802,758)
[CURSOR-ABS] hand=(0.502,0.362) filter=(0.436,0.359) target=(668,779) cursor=(741,765)
[CURSOR-ABS] hand=(0.509,0.346) filter=(0.449,0.357) target=(597,784) cursor=(668,779)
[CURSOR-ABS] hand=(0.511,0.326) filter=(0.461,0.352) target=(538,777) cursor=(598,784)
[CURSOR-ABS] hand=(0.509,0.306) filter=(0.470,0.344) target=(496,760) cursor=(538,777)
[CURSOR-ABS] hand=(0.501,0.288) filter=(0.475,0.334) target=(475,734) cursor=(496,760)
[CURSOR-ABS] hand=(0.492,0.265) filter=(0.478,0.322) target=(476,700) cursor=(475,735)
[CURSOR-ABS] hand=(0.479,0.243) filter=(0.479,0.308) target=(497,662) cursor=(476,700)
[CURSOR-ABS] hand=(0.464,0.224) filter=(0.476,0.293) target=(529,623) cursor=(497,662)
[CURSOR-ABS] hand=(0.448,0.206) filter=(0.471,0.277) target=(548,589) cursor=(529,623)
[CURSOR-ABS] hand=(0.431,0.189) filter=(0.464,0.261) target=(575,553) cursor=(548,589)
[CURSOR-ABS] hand=(0.416,0.173) filter=(0.450,0.234) target=(629,495) cursor=(575,553)
[CURSOR-ABS] hand=(0.398,0.162) filter=(0.441,0.221) target=(663,467) cursor=(629,495)
[CURSOR-ABS] hand=(0.381,0.153) filter=(0.430,0.208) target=(704,440) cursor=(663,467)
[CURSOR-ABS] hand=(0.364,0.151) filter=(0.419,0.198) target=(749,418) cursor=(704,441)
[CURSOR-ABS] hand=(0.347,0.154) filter=(0.406,0.190) target=(799,400) cursor=(749,418)
[CURSOR-ABS] hand=(0.333,0.157) filter=(0.392,0.184) target=(850,387) cursor=(799,400)
[CURSOR-ABS] hand=(0.318,0.169) filter=(0.379,0.181) target=(901,381) cursor=(850,387)
[CURSOR-ABS] hand=(0.307,0.182) filter=(0.366,0.181) target=(952,382) cursor=(901,381)
[CURSOR-ABS] hand=(0.299,0.197) filter=(0.354,0.184) target=(999,388) cursor=(952,382)
[CURSOR-ABS] hand=(0.292,0.220) filter=(0.342,0.190) target=(1043,401) cursor=(999,388)
[CURSOR-ABS] hand=(0.288,0.245) filter=(0.332,0.200) target=(1081,422) cursor=(1043,401)
[CURSOR-ABS] hand=(0.289,0.270) filter=(0.324,0.212) target=(1111,448) cursor=(1081,422)
[CURSOR-ABS] hand=(0.294,0.295) filter=(0.319,0.227) target=(1132,479) cursor=(1111,448)
[CURSOR-ABS] hand=(0.302,0.324) filter=(0.316,0.244) target=(1144,518) cursor=(1132,479)
[CURSOR-ABS] hand=(0.317,0.343) filter=(0.316,0.262) target=(1144,557) cursor=(1144,518)
[CURSOR-ABS] hand=(0.330,0.371) filter=(0.319,0.282) target=(1134,600) cursor=(1144,557)
[CURSOR-ABS] hand=(0.349,0.383) filter=(0.324,0.301) target=(1114,640) cursor=(1134,600)
[CURSOR-ABS] hand=(0.368,0.395) filter=(0.331,0.319) target=(1084,679) cursor=(1114,640)
[CURSOR-ABS] hand=(0.391,0.402) filter=(0.342,0.334) target=(1045,712) cursor=(1085,678)
[CURSOR-ABS] hand=(0.414,0.402) filter=(0.355,0.347) target=(995,740) cursor=(1045,712)
[CURSOR-ABS] hand=(0.436,0.393) filter=(0.369,0.355) target=(939,758) cursor=(996,739)
[CURSOR-ABS] hand=(0.459,0.376) filter=(0.385,0.359) target=(878,766) cursor=(940,758)
[CURSOR-ABS] hand=(0.476,0.350) filter=(0.402,0.358) target=(814,763) cursor=(878,766)
[CURSOR-ABS] hand=(0.491,0.321) filter=(0.418,0.351) target=(751,749) cursor=(814,763)
[CURSOR-ABS] hand=(0.502,0.287) filter=(0.434,0.340) target=(690,725) cursor=(751,749)
[CURSOR-ABS] hand=(0.509,0.249) filter=(0.448,0.324) target=(637,690) cursor=(691,725)
[CURSOR-ABS] hand=(0.510,0.213) filter=(0.459,0.305) target=(593,649) cursor=(637,691)
[CURSOR-ABS] hand=(0.508,0.177) filter=(0.468,0.281) target=(559,598) cursor=(593,649)
[CURSOR-ABS] hand=(0.501,0.151) filter=(0.474,0.258) target=(536,546) cursor=(559,599)
[CURSOR-ABS] hand=(0.490,0.122) filter=(0.477,0.232) target=(524,491) cursor=(536,547)
[CURSOR-ABS] hand=(0.477,0.102) filter=(0.477,0.207) target=(514,435) cursor=(525,491)
[CURSOR-ABS] hand=(0.460,0.087) filter=(0.474,0.184) target=(500,376) cursor=(514,435)
[CURSOR-ABS] hand=(0.441,0.075) filter=(0.469,0.163) target=(499,315) cursor=(500,376)
[CURSOR-ABS] hand=(0.423,0.075) filter=(0.461,0.146) target=(515,261) cursor=(499,315)
[CURSOR-ABS] hand=(0.404,0.075) filter=(0.451,0.133) target=(550,216) cursor=(515,262)
[CURSOR-ABS] hand=(0.384,0.082) filter=(0.439,0.123) target=(601,187) cursor=(550,216)
[CURSOR-ABS] hand=(0.367,0.092) filter=(0.426,0.117) target=(664,174) cursor=(601,187)
[CURSOR-ABS] hand=(0.351,0.109) filter=(0.413,0.116) target=(733,178) cursor=(663,174)
[CURSOR-ABS] hand=(0.336,0.127) filter=(0.399,0.118) target=(804,197) cursor=(732,178)
[CURSOR-ABS] hand=(0.319,0.147) filter=(0.384,0.123) target=(874,228) cursor=(804,197)
[CURSOR-ABS] hand=(0.310,0.166) filter=(0.370,0.131) target=(934,264) cursor=(874,227)
[CURSOR-ABS] hand=(0.302,0.193) filter=(0.358,0.141) target=(982,295) cursor=(934,263)
[CURSOR-ABS] hand=(0.298,0.217) filter=(0.347,0.154) target=(1024,323) cursor=(982,294)
[CURSOR-ABS] hand=(0.299,0.244) filter=(0.338,0.170) target=(1058,358) cursor=(1024,323)
[CURSOR-ABS] hand=(0.306,0.278) filter=(0.332,0.190) target=(1081,400) cursor=(1058,358)
[CURSOR-ABS] hand=(0.314,0.313) filter=(0.329,0.213) target=(1094,449) cursor=(1081,400)
[CURSOR-ABS] hand=(0.327,0.343) filter=(0.329,0.237) target=(1095,502) cursor=(1094,449)
[CURSOR-ABS] hand=(0.342,0.372) filter=(0.331,0.263) target=(1086,558) cursor=(1095,502)
[CURSOR-ABS] hand=(0.357,0.396) filter=(0.335,0.288) target=(1069,612) cursor=(1086,558)
[CURSOR-ABS] hand=(0.375,0.411) filter=(0.342,0.312) target=(1042,664) cursor=(1069,611)
[CURSOR-ABS] hand=(0.398,0.421) filter=(0.352,0.333) target=(1005,709) cursor=(1042,664)
[CURSOR-ABS] hand=(0.425,0.433) filter=(0.365,0.352) target=(957,751) cursor=(1006,709)
[CURSOR-ABS] hand=(0.448,0.437) filter=(0.380,0.368) target=(899,786) cursor=(957,750)
[CURSOR-ABS] hand=(0.476,0.431) filter=(0.397,0.380) target=(823,832) cursor=(900,786)
[CURSOR-ABS] hand=(0.499,0.413) filter=(0.416,0.386) target=(727,872) cursor=(824,832)
[CURSOR-ABS] hand=(0.515,0.390) filter=(0.434,0.387) target=(626,893) cursor=(728,872)
[CURSOR-ABS] hand=(0.528,0.365) filter=(0.451,0.383) target=(531,894) cursor=(628,892)
[CURSOR-ABS] hand=(0.534,0.337) filter=(0.467,0.375) target=(447,877) cursor=(531,894)
[CURSOR-ABS] hand=(0.534,0.308) filter=(0.479,0.363) target=(384,845) cursor=(447,878)
[CURSOR-ABS] hand=(0.531,0.275) filter=(0.489,0.348) target=(345,798) cursor=(385,846)
[CURSOR-ABS] hand=(0.521,0.243) filter=(0.495,0.329) target=(338,740) cursor=(346,798)
[CURSOR-ABS] hand=(0.509,0.209) filter=(0.497,0.308) target=(353,676) cursor=(338,740)
[CURSOR-ABS] hand=(0.497,0.180) filter=(0.497,0.284) target=(382,611) cursor=(353,676)
[CURSOR-ABS] hand=(0.485,0.159) filter=(0.493,0.245) target=(424,518) cursor=(382,611)
[CURSOR-ABS] hand=(0.470,0.144) filter=(0.489,0.226) target=(446,475) cursor=(423,519)
[CURSOR-ABS] hand=(0.455,0.131) filter=(0.483,0.208) target=(472,433) cursor=(446,475)
[CURSOR-ABS] hand=(0.438,0.127) filter=(0.476,0.193) target=(506,400) cursor=(472,434)
[CURSOR-ABS] hand=(0.422,0.130) filter=(0.466,0.181) target=(549,375) cursor=(505,400)
[CURSOR-ABS] hand=(0.407,0.140) filter=(0.456,0.174) target=(599,362) cursor=(549,375)
[CURSOR-ABS] hand=(0.396,0.152) filter=(0.445,0.170) target=(648,357) cursor=(599,362)
[CURSOR-ABS] hand=(0.388,0.163) filter=(0.435,0.168) target=(688,354) cursor=(648,357)
[CURSOR-ABS] hand=(0.382,0.181) filter=(0.425,0.171) target=(723,359) cursor=(688,354)
[CURSOR-ABS] hand=(0.374,0.199) filter=(0.416,0.176) target=(759,369) cursor=(723,359)
[CURSOR-ABS] hand=(0.370,0.212) filter=(0.408,0.182) target=(791,383) cursor=(759,369)
[CURSOR-ABS] hand=(0.365,0.231) filter=(0.400,0.190) target=(821,402) cursor=(791,383)
[CURSOR-ABS] hand=(0.365,0.249) filter=(0.394,0.201) target=(845,424) cursor=(821,401)
[CURSOR-ABS] hand=(0.364,0.274) filter=(0.389,0.213) target=(865,451) cursor=(845,423)
[CURSOR-ABS] hand=(0.366,0.296) filter=(0.384,0.228) target=(881,483) cursor=(865,450)
[CURSOR-ABS] hand=(0.366,0.321) filter=(0.381,0.245) target=(893,519) cursor=(881,482)
[CURSOR-ABS] hand=(0.372,0.344) filter=(0.380,0.263) target=(900,559) cursor=(893,519)
[CURSOR-ABS] hand=(0.380,0.362) filter=(0.380,0.282) target=(899,598) cursor=(900,559)
[CURSOR-ABS] hand=(0.390,0.377) filter=(0.381,0.299) target=(893,636) cursor=(899,598)
[CURSOR-ABS] hand=(0.401,0.385) filter=(0.385,0.315) target=(880,671) cursor=(893,636)
[CURSOR-ABS] hand=(0.411,0.396) filter=(0.389,0.330) target=(862,704) cursor=(880,671)
[CURSOR-ABS] hand=(0.422,0.401) filter=(0.395,0.344) target=(841,732) cursor=(863,704)
[CURSOR-ABS] hand=(0.431,0.400) filter=(0.401,0.354) target=(817,755) cursor=(841,732)
[CURSOR-ABS] hand=(0.438,0.399) filter=(0.407,0.362) target=(793,773) cursor=(817,755)
[CURSOR-ABS] hand=(0.445,0.396) filter=(0.414,0.369) target=(761,795) cursor=(793,773)
[CURSOR-ABS] hand=(0.450,0.386) filter=(0.420,0.372) target=(726,813) cursor=(761,795)
[CURSOR-ABS] hand=(0.453,0.370) filter=(0.426,0.371) target=(697,817) cursor=(727,812)
[CURSOR-ABS] hand=(0.453,0.350) filter=(0.431,0.368) target=(680,806) cursor=(698,817)
[CURSOR-ABS] hand=(0.449,0.326) filter=(0.434,0.360) target=(676,781) cursor=(681,806)
[CURSOR-ABS] hand=(0.447,0.305) filter=(0.436,0.351) target=(680,749) cursor=(676,781)
[CURSOR-ABS] hand=(0.444,0.281) filter=(0.438,0.339) target=(676,722) cursor=(680,749)
[CURSOR-ABS] hand=(0.442,0.258) filter=(0.439,0.324) target=(673,691) cursor=(676,722)
[CURSOR-ABS] hand=(0.442,0.239) filter=(0.439,0.309) target=(670,658) cursor=(673,691)
[CURSOR-ABS] hand=(0.441,0.216) filter=(0.440,0.292) target=(669,622) cursor=(671,658)
[CURSOR-ABS] hand=(0.441,0.192) filter=(0.440,0.274) target=(668,582) cursor=(669,622)
[CURSOR-ABS] hand=(0.440,0.174) filter=(0.440,0.256) target=(668,542) cursor=(668,583)
[CURSOR-ABS] hand=(0.439,0.163) filter=(0.440,0.238) target=(669,504) cursor=(668,543)
[CURSOR-ABS] hand=(0.438,0.152) filter=(0.439,0.222) target=(670,470) cursor=(669,505)
[CURSOR-ABS] hand=(0.436,0.143) filter=(0.439,0.207) target=(672,438) cursor=(670,470)
[CURSOR-ABS] hand=(0.434,0.134) filter=(0.438,0.194) target=(675,408) cursor=(672,438)
[CURSOR-ABS] hand=(0.432,0.128) filter=(0.437,0.181) target=(679,382) cursor=(675,409)
[CURSOR-ABS] hand=(0.430,0.122) filter=(0.436,0.170) target=(684,358) cursor=(679,382)
[CURSOR-ABS] hand=(0.427,0.117) filter=(0.434,0.160) target=(690,336) cursor=(684,358)
[CURSOR-ABS] hand=(0.425,0.108) filter=(0.433,0.151) target=(687,308) cursor=(690,337)
[CURSOR-ABS] hand=(0.423,0.103) filter=(0.431,0.142) target=(681,277) cursor=(687,308)
[CURSOR-ABS] hand=(0.420,0.098) filter=(0.429,0.134) target=(677,246) cursor=(681,277)
[CURSOR-ABS] hand=(0.419,0.080) filter=(0.426,0.117) target=(665,174) cursor=(677,246)
[CURSOR-ABS] hand=(0.418,0.070) filter=(0.425,0.109) target=(658,135) cursor=(665,175)
[CURSOR-ABS] hand=(0.420,0.062) filter=(0.424,0.101) target=(649,92) cursor=(658,135)
[CURSOR-ABS] hand=(0.395,0.292) filter=(0.395,0.292) target=(984,801) cursor=(649,92)
[CURSOR-ABS] hand=(0.393,0.307) filter=(0.394,0.295) target=(986,811) cursor=(983,797)
[CURSOR-ABS] hand=(0.393,0.320) filter=(0.394,0.299) target=(988,829) cursor=(986,811)
[CURSOR-ABS] hand=(0.391,0.331) filter=(0.394,0.305) target=(991,855) cursor=(988,829)
[CURSOR-ABS] hand=(0.387,0.342) filter=(0.393,0.311) target=(997,885) cursor=(991,855)
[CURSOR-ABS] hand=(0.388,0.352) filter=(0.392,0.318) target=(1003,921) cursor=(997,885)
[CURSOR-ABS] hand=(0.386,0.364) filter=(0.391,0.326) target=(1010,962) cursor=(1003,921)
[CURSOR-ABS] hand=(0.384,0.374) filter=(0.389,0.335) target=(1019,1007) cursor=(1010,961)
[CURSOR-ABS] hand=(0.383,0.383) filter=(0.388,0.343) target=(1028,1056) cursor=(1019,1007)
[CURSOR-ABS] hand=(0.383,0.395) filter=(0.387,0.353) target=(1037,1080) cursor=(1028,1056)
[CURSOR-ABS] hand=(0.382,0.402) filter=(0.386,0.362) target=(1046,1080) cursor=(1037,1080)
[CURSOR-ABS] hand=(0.381,0.407) filter=(0.385,0.370) target=(1055,1080) cursor=(1046,1080)
[CURSOR-ABS] hand=(0.380,0.413) filter=(0.385,0.377) target=(1065,1080) cursor=(1055,1080)
[CURSOR-ABS] hand=(0.381,0.412) filter=(0.384,0.384) target=(1071,1080) cursor=(1065,1080)
[CURSOR-ABS] hand=(0.382,0.409) filter=(0.384,0.388) target=(1076,1080) cursor=(1071,1080)
[CURSOR-ABS] hand=(0.383,0.405) filter=(0.383,0.391) target=(1079,1080) cursor=(1076,1080)
[CURSOR-ABS] hand=(0.384,0.392) filter=(0.384,0.391) target=(1078,1080) cursor=(1079,1080)
[CURSOR-ABS] hand=(0.385,0.372) filter=(0.384,0.388) target=(1075,1080) cursor=(1078,1080)
[CURSOR-ABS] hand=(0.385,0.358) filter=(0.384,0.383) target=(1071,1080) cursor=(1075,1080)
[CURSOR-ABS] hand=(0.385,0.339) filter=(0.384,0.375) target=(1066,1080) cursor=(1071,1080)
[CURSOR-ABS] hand=(0.386,0.318) filter=(0.385,0.365) target=(1059,1080) cursor=(1066,1080)
[CURSOR-ABS] hand=(0.388,0.292) filter=(0.385,0.352) target=(1049,1080) cursor=(1059,1080)
[CURSOR-ABS] hand=(0.391,0.264) filter=(0.386,0.337) target=(1037,1019) cursor=(1049,1080)
[CURSOR-ABS] hand=(0.394,0.236) filter=(0.388,0.318) target=(1022,920) cursor=(1037,1019)
[CURSOR-ABS] hand=(0.400,0.206) filter=(0.390,0.297) target=(1005,822) cursor=(1022,920)
[CURSOR-ABS] hand=(0.406,0.173) filter=(0.393,0.274) target=(992,760) cursor=(1005,822)
[CURSOR-ABS] hand=(0.410,0.144) filter=(0.396,0.250) target=(981,707) cursor=(992,760)
[CURSOR-ABS] hand=(0.414,0.123) filter=(0.399,0.225) target=(969,654) cursor=(981,708)
[CURSOR-ABS] hand=(0.416,0.103) filter=(0.402,0.202) target=(957,604) cursor=(969,655)
[CURSOR-ABS] hand=(0.416,0.087) filter=(0.404,0.179) target=(948,556) cursor=(958,605)
[CURSOR-ABS] hand=(0.399,0.090) filter=(0.402,0.137) target=(957,464) cursor=(948,556)
[CURSOR-ABS] hand=(0.397,0.106) filter=(0.401,0.131) target=(961,452) cursor=(957,465)
[CURSOR-ABS] hand=(0.399,0.121) filter=(0.401,0.129) target=(962,448) cursor=(961,452)
[CURSOR-ABS] hand=(0.400,0.137) filter=(0.401,0.132) target=(962,453) cursor=(962,448)
[CURSOR-ABS] hand=(0.403,0.153) filter=(0.401,0.135) target=(960,461) cursor=(962,453)
[CURSOR-ABS] hand=(0.403,0.171) filter=(0.401,0.141) target=(958,474) cursor=(960,460)
[CURSOR-ABS] hand=(0.407,0.188) filter=(0.402,0.150) target=(954,491) cursor=(958,474)
[CURSOR-ABS] hand=(0.416,0.195) filter=(0.405,0.157) target=(945,508) cursor=(954,491)
[CURSOR-ABS] hand=(0.429,0.204) filter=(0.409,0.165) target=(929,526) cursor=(945,508)
[CURSOR-ABS] hand=(0.447,0.198) filter=(0.416,0.171) target=(904,538) cursor=(929,526)
[CURSOR-ABS] hand=(0.463,0.188) filter=(0.424,0.174) target=(872,544) cursor=(904,538)
[CURSOR-ABS] hand=(0.466,0.173) filter=(0.432,0.174) target=(843,544) cursor=(872,544)
[CURSOR-ABS] hand=(0.459,0.171) filter=(0.436,0.174) target=(824,543) cursor=(843,544)
[CURSOR-ABS] hand=(0.445,0.173) filter=(0.438,0.173) target=(819,543) cursor=(824,543)
[CURSOR-ABS] hand=(0.432,0.155) filter=(0.437,0.170) target=(822,536) cursor=(819,543)
[CURSOR-ABS] hand=(0.425,0.158) filter=(0.435,0.168) target=(830,531) cursor=(822,536)
[CURSOR-ABS] hand=(0.426,0.165) filter=(0.433,0.167) target=(836,530) cursor=(830,531)
[CURSOR-ABS] hand=(0.439,0.180) filter=(0.434,0.170) target=(832,535) cursor=(836,530)
[CURSOR-ABS] hand=(0.444,0.184) filter=(0.436,0.172) target=(826,540) cursor=(833,534)
[CURSOR-ABS] hand=(0.439,0.202) filter=(0.436,0.177) target=(824,551) cursor=(826,540)
[CURSOR-ABS] hand=(0.432,0.204) filter=(0.436,0.182) target=(827,561) cursor=(824,551)
[CURSOR-ABS] hand=(0.435,0.213) filter=(0.436,0.187) target=(827,573) cursor=(827,561)
[CURSOR-ABS] hand=(0.452,0.202) filter=(0.439,0.190) target=(816,578) cursor=(827,573)
[CURSOR-ABS] hand=(0.465,0.192) filter=(0.443,0.190) target=(798,579) cursor=(816,578)
[CURSOR-ABS] hand=(0.466,0.191) filter=(0.447,0.190) target=(783,579) cursor=(799,579)
[CURSOR-ABS] hand=(0.455,0.198) filter=(0.448,0.192) target=(778,582) cursor=(783,579)
[CURSOR-ABS] hand=(0.447,0.201) filter=(0.448,0.193) target=(779,586) cursor=(778,582)
[CURSOR-ABS] hand=(0.447,0.200) filter=(0.448,0.194) target=(780,588) cursor=(779,586)
[CURSOR-ABS] hand=(0.450,0.198) filter=(0.448,0.195) target=(778,589) cursor=(780,588)
[CURSOR-ABS] hand=(0.446,0.205) filter=(0.448,0.197) target=(780,593) cursor=(778,589)
[CURSOR-ABS] hand=(0.439,0.210) filter=(0.446,0.199) target=(786,598) cursor=(780,593)
[CURSOR-ABS] hand=(0.442,0.213) filter=(0.446,0.202) target=(789,604) cursor=(786,598)
[CURSOR-ABS] hand=(0.453,0.206) filter=(0.447,0.202) target=(784,605) cursor=(789,604)
[CURSOR-ABS] hand=(0.460,0.202) filter=(0.449,0.202) target=(776,605) cursor=(784,605)
[CURSOR-ABS] hand=(0.460,0.195) filter=(0.451,0.201) target=(768,603) cursor=(776,605)
[CURSOR-ABS] hand=(0.463,0.193) filter=(0.453,0.200) target=(760,599) cursor=(768,603)
[CURSOR-ABS] hand=(0.458,0.204) filter=(0.454,0.200) target=(757,601) cursor=(760,599)
[CURSOR-ABS] hand=(0.448,0.213) filter=(0.453,0.203) target=(761,606) cursor=(757,601)
[CURSOR-ABS] hand=(0.437,0.209) filter=(0.450,0.204) target=(772,608) cursor=(761,606)
[CURSOR-ABS] hand=(0.430,0.219) filter=(0.447,0.206) target=(785,614) cursor=(771,608)
[CURSOR-ABS] hand=(0.427,0.227) filter=(0.443,0.210) target=(798,621) cursor=(785,614)
[CURSOR-ABS] hand=(0.424,0.234) filter=(0.440,0.214) target=(811,631) cursor=(798,621)
[CURSOR-ABS] hand=(0.424,0.242) filter=(0.437,0.219) target=(822,641) cursor=(811,631)
[CURSOR-ABS] hand=(0.427,0.239) filter=(0.435,0.223) target=(829,649) cursor=(822,641)
[CURSOR-ABS] hand=(0.428,0.238) filter=(0.434,0.225) target=(833,655) cursor=(828,649)
[CURSOR-ABS] hand=(0.430,0.235) filter=(0.433,0.227) target=(836,658) cursor=(833,655)
[CURSOR-ABS] hand=(0.434,0.232) filter=(0.434,0.228) target=(835,660) cursor=(836,658)
[CURSOR-ABS] hand=(0.439,0.230) filter=(0.434,0.228) target=(831,661) cursor=(835,660)
[CURSOR-ABS] hand=(0.436,0.229) filter=(0.435,0.228) target=(830,661) cursor=(831,661)
[CURSOR-ABS] hand=(0.432,0.232) filter=(0.434,0.229) target=(832,663) cursor=(830,661)
[CURSOR-ABS] hand=(0.425,0.241) filter=(0.433,0.231) target=(838,667) cursor=(832,663)
[CURSOR-ABS] hand=(0.418,0.256) filter=(0.430,0.236) target=(848,677) cursor=(838,667)
[CURSOR-ABS] hand=(0.433,0.283) filter=(0.431,0.244) target=(846,695) cursor=(848,677)
[CURSOR-ABS] hand=(0.457,0.286) filter=(0.435,0.251) target=(829,711) cursor=(846,695)
[CURSOR-ABS] hand=(0.459,0.300) filter=(0.439,0.260) target=(813,729) cursor=(829,711)
[CURSOR-ABS] hand=(0.460,0.312) filter=(0.443,0.269) target=(799,750) cursor=(813,729)
[CURSOR-ABS] hand=(0.460,0.321) filter=(0.446,0.278) target=(788,770) cursor=(799,749)
[CURSOR-ABS] hand=(0.461,0.330) filter=(0.448,0.288) target=(770,800) cursor=(788,770)
[CURSOR-ABS] hand=(0.469,0.330) filter=(0.452,0.295) target=(745,833) cursor=(771,800)
[CURSOR-ABS] hand=(0.465,0.336) filter=(0.454,0.303) target=(723,867) cursor=(745,833)
[CURSOR-ABS] hand=(0.442,0.304) filter=(0.452,0.303) target=(733,867) cursor=(723,867)
[CURSOR-ABS] hand=(0.443,0.306) filter=(0.451,0.303) target=(740,868) cursor=(732,867)
[CURSOR-ABS] hand=(0.443,0.299) filter=(0.449,0.303) target=(747,864) cursor=(740,868)
[CURSOR-ABS] hand=(0.444,0.301) filter=(0.448,0.302) target=(752,862) cursor=(747,864)
[CURSOR-ABS] hand=(0.441,0.299) filter=(0.447,0.302) target=(759,858) cursor=(751,862)
[CURSOR-ABS] hand=(0.444,0.298) filter=(0.447,0.301) target=(762,855) cursor=(759,858)
[CURSOR-ABS] hand=(0.447,0.293) filter=(0.447,0.300) target=(763,849) cursor=(762,855)
[CURSOR-ABS] hand=(0.450,0.289) filter=(0.448,0.297) target=(763,835) cursor=(763,849)
[CURSOR-ABS] hand=(0.450,0.290) filter=(0.448,0.296) target=(762,831) cursor=(763,835)
[CURSOR-ABS] hand=(0.451,0.284) filter=(0.449,0.293) target=(762,823) cursor=(762,831)
[CURSOR-ABS] hand=(0.447,0.276) filter=(0.448,0.290) target=(768,810) cursor=(762,823)
[CURSOR-ABS] hand=(0.442,0.276) filter=(0.447,0.288) target=(776,799) cursor=(768,810)
[CURSOR-ABS] hand=(0.434,0.285) filter=(0.445,0.287) target=(786,796) cursor=(776,799)
[CURSOR-ABS] hand=(0.438,0.295) filter=(0.444,0.289) target=(790,800) cursor=(786,796)
[CURSOR-ABS] hand=(0.449,0.334) filter=(0.445,0.296) target=(777,833) cursor=(790,800)
[CURSOR-ABS] hand=(0.452,0.329) filter=(0.446,0.302) target=(764,858) cursor=(777,832)
[CURSOR-ABS] hand=(0.455,0.335) filter=(0.447,0.308) target=(749,887) cursor=(764,858)
[CURSOR-ABS] hand=(0.462,0.334) filter=(0.450,0.312) target=(731,910) cursor=(749,887)
[CURSOR-ABS] hand=(0.466,0.329) filter=(0.453,0.315) target=(713,926) cursor=(731,910)
[CURSOR-ABS] hand=(0.465,0.327) filter=(0.455,0.317) target=(698,938) cursor=(713,926)
[CURSOR-ABS] hand=(0.463,0.333) filter=(0.456,0.320) target=(686,953) cursor=(698,938)
[CURSOR-ABS] hand=(0.461,0.340) filter=(0.457,0.324) target=(676,973) cursor=(686,953)
[CURSOR-ABS] hand=(0.459,0.350) filter=(0.457,0.328) target=(667,997) cursor=(676,972)
[CURSOR-ABS] hand=(0.458,0.357) filter=(0.457,0.333) target=(658,1024) cursor=(667,997)
[CURSOR-ABS] hand=(0.458,0.363) filter=(0.458,0.339) target=(649,1054) cursor=(659,1024)
[CURSOR-ABS] hand=(0.458,0.361) filter=(0.458,0.342) target=(642,1076) cursor=(649,1054)
[CURSOR-ABS] hand=(0.456,0.350) filter=(0.458,0.344) target=(641,1080) cursor=(642,1076)
[CURSOR-ABS] hand=(0.456,0.333) filter=(0.457,0.342) target=(646,1073) cursor=(641,1080)
[CURSOR-ABS] hand=(0.453,0.307) filter=(0.457,0.336) target=(660,1038) cursor=(646,1073)
[CURSOR-ABS] hand=(0.448,0.274) filter=(0.455,0.325) target=(685,978) cursor=(660,1038)
[CURSOR-ABS] hand=(0.447,0.244) filter=(0.454,0.311) target=(713,906) cursor=(684,979)
[CURSOR-ABS] hand=(0.441,0.210) filter=(0.451,0.293) target=(750,821) cursor=(713,906)
[CURSOR-ABS] hand=(0.433,0.179) filter=(0.448,0.272) target=(778,755) cursor=(750,822)
[CURSOR-ABS] hand=(0.426,0.153) filter=(0.445,0.250) target=(793,709) cursor=(778,756)
[CURSOR-ABS] hand=(0.421,0.122) filter=(0.440,0.226) target=(808,656) cursor=(793,709)
[CURSOR-ABS] hand=(0.414,0.072) filter=(0.432,0.177) target=(839,551) cursor=(808,656)
[CURSOR-ABS] hand=(0.408,0.045) filter=(0.425,0.136) target=(867,461) cursor=(839,551)
[CURSOR-ABS] hand=(0.417,0.313) filter=(0.417,0.313) target=(947,777) cursor=(867,461)
[CURSOR-ABS] hand=(0.417,0.324) filter=(0.417,0.315) target=(947,781) cursor=(946,775)
[CURSOR-ABS] hand=(0.418,0.334) filter=(0.417,0.318) target=(946,788) cursor=(947,781)
[CURSOR-ABS] hand=(0.420,0.345) filter=(0.418,0.323) target=(944,799) cursor=(946,788)
[CURSOR-ABS] hand=(0.419,0.351) filter=(0.418,0.328) target=(943,819) cursor=(944,799)
[CURSOR-ABS] hand=(0.418,0.358) filter=(0.418,0.333) target=(942,842) cursor=(943,819)
[CURSOR-ABS] hand=(0.418,0.362) filter=(0.418,0.338) target=(941,865) cursor=(942,842)
[CURSOR-ABS] hand=(0.419,0.368) filter=(0.418,0.343) target=(939,890) cursor=(941,865)
[CURSOR-ABS] hand=(0.420,0.374) filter=(0.419,0.349) target=(937,917) cursor=(939,890)
[CURSOR-ABS] hand=(0.420,0.380) filter=(0.419,0.354) target=(935,945) cursor=(937,917)
[CURSOR-ABS] hand=(0.421,0.383) filter=(0.419,0.359) target=(933,971) cursor=(935,945)
[CURSOR-ABS] hand=(0.422,0.385) filter=(0.420,0.364) target=(930,996) cursor=(933,971)
[CURSOR-ABS] hand=(0.421,0.379) filter=(0.420,0.366) target=(928,1011) cursor=(930,996)
[CURSOR-ABS] hand=(0.424,0.372) filter=(0.421,0.367) target=(924,1016) cursor=(928,1011)
[CURSOR-ABS] hand=(0.422,0.358) filter=(0.421,0.366) target=(924,1006) cursor=(924,1016)
[CURSOR-ABS] hand=(0.423,0.339) filter=(0.421,0.361) target=(922,982) cursor=(924,1006)
[CURSOR-ABS] hand=(0.422,0.318) filter=(0.421,0.354) target=(923,942) cursor=(922,982)
[CURSOR-ABS] hand=(0.424,0.295) filter=(0.422,0.343) target=(923,891) cursor=(923,942)
[CURSOR-ABS] hand=(0.427,0.276) filter=(0.423,0.331) target=(922,835) cursor=(923,891)
[CURSOR-ABS] hand=(0.430,0.252) filter=(0.424,0.317) target=(920,786) cursor=(922,836)
[CURSOR-ABS] hand=(0.429,0.229) filter=(0.425,0.301) target=(917,752) cursor=(920,787)
[CURSOR-ABS] hand=(0.429,0.208) filter=(0.425,0.284) target=(915,715) cursor=(917,752)
[CURSOR-ABS] hand=(0.431,0.185) filter=(0.426,0.266) target=(911,676) cursor=(915,715)
[CURSOR-ABS] hand=(0.431,0.169) filter=(0.427,0.248) target=(908,636) cursor=(911,676)
[CURSOR-ABS] hand=(0.433,0.149) filter=(0.428,0.229) target=(904,596) cursor=(908,637)
[CURSOR-ABS] hand=(0.434,0.132) filter=(0.429,0.211) target=(900,557) cursor=(904,597)
[CURSOR-ABS] hand=(0.435,0.113) filter=(0.430,0.193) target=(896,517) cursor=(900,557)
[CURSOR-ABS] hand=(0.428,0.275) filter=(0.428,0.275) target=(981,726) cursor=(896,517)
[CURSOR-ABS] hand=(0.426,0.297) filter=(0.427,0.278) target=(982,734) cursor=(980,723)
[CURSOR-ABS] hand=(0.426,0.320) filter=(0.427,0.286) target=(983,750) cursor=(982,734)
[CURSOR-ABS] hand=(0.425,0.341) filter=(0.427,0.295) target=(985,771) cursor=(983,750)
[CURSOR-ABS] hand=(0.425,0.353) filter=(0.427,0.305) target=(986,792) cursor=(985,771)
[CURSOR-ABS] hand=(0.423,0.366) filter=(0.426,0.316) target=(990,833) cursor=(986,792)
[CURSOR-ABS] hand=(0.420,0.369) filter=(0.425,0.326) target=(997,877) cursor=(990,833)
[CURSOR-ABS] hand=(0.419,0.373) filter=(0.424,0.334) target=(1004,918) cursor=(997,877)
[CURSOR-ABS] hand=(0.417,0.371) filter=(0.423,0.341) target=(1011,952) cursor=(1004,918)
[CURSOR-ABS] hand=(0.417,0.365) filter=(0.422,0.345) target=(1017,975) cursor=(1011,952)
[CURSOR-ABS] hand=(0.418,0.356) filter=(0.421,0.347) target=(1020,985) cursor=(1017,975)
[CURSOR-ABS] hand=(0.419,0.351) filter=(0.421,0.348) target=(1022,989) cursor=(1020,985)
[CURSOR-ABS] hand=(0.419,0.349) filter=(0.420,0.348) target=(1024,990) cursor=(1022,989)
[CURSOR-ABS] hand=(0.419,0.350) filter=(0.420,0.348) target=(1026,992) cursor=(1024,990)
[CURSOR-ABS] hand=(0.418,0.351) filter=(0.420,0.349) target=(1028,994) cursor=(1026,992)
[CURSOR-ABS] hand=(0.416,0.358) filter=(0.419,0.350) target=(1032,1004) cursor=(1028,994)
[CURSOR-ABS] hand=(0.415,0.361) filter=(0.418,0.352) target=(1036,1014) cursor=(1032,1004)
[CURSOR-ABS] hand=(0.414,0.349) filter=(0.418,0.352) target=(1040,1011) cursor=(1036,1014)
[CURSOR-ABS] hand=(0.413,0.319) filter=(0.417,0.346) target=(1041,981) cursor=(1040,1011)
[CURSOR-ABS] hand=(0.412,0.310) filter=(0.416,0.340) target=(1042,948) cursor=(1041,981)
[CURSOR-ABS] hand=(0.411,0.306) filter=(0.415,0.334) target=(1044,919) cursor=(1042,948)
[CURSOR-ABS] hand=(0.411,0.308) filter=(0.414,0.330) target=(1045,897) cursor=(1044,919)
[CURSOR-ABS] hand=(0.411,0.307) filter=(0.414,0.326) target=(1045,878) cursor=(1045,897)
[CURSOR-ABS] hand=(0.410,0.313) filter=(0.413,0.323) target=(1046,868) cursor=(1045,878)
[CURSOR-ABS] hand=(0.410,0.318) filter=(0.413,0.322) target=(1048,863) cursor=(1046,868)
[CURSOR-ABS] hand=(0.411,0.298) filter=(0.412,0.318) target=(1047,844) cursor=(1048,863)
[CURSOR-ABS] hand=(0.412,0.280) filter=(0.412,0.312) target=(1043,815) cursor=(1047,845)
[CURSOR-ABS] hand=(0.413,0.270) filter=(0.412,0.304) target=(1040,790) cursor=(1043,816)
[CURSOR-ABS] hand=(0.415,0.260) filter=(0.413,0.296) target=(1038,773) cursor=(1040,790)
[CURSOR-ABS] hand=(0.415,0.256) filter=(0.413,0.289) target=(1037,758) cursor=(1038,773)
[CURSOR-ABS] hand=(0.416,0.259) filter=(0.414,0.284) target=(1035,746) cursor=(1037,758)
[CURSOR-ABS] hand=(0.416,0.261) filter=(0.414,0.280) target=(1034,737) cursor=(1035,746)
[CURSOR-ABS] hand=(0.418,0.257) filter=(0.415,0.276) target=(1031,728) cursor=(1034,737)
[CURSOR-ABS] hand=(0.418,0.255) filter=(0.415,0.272) target=(1029,720) cursor=(1031,728)
[CURSOR-ABS] hand=(0.421,0.252) filter=(0.416,0.269) target=(1026,713) cursor=(1029,720)
[CURSOR-ABS] hand=(0.422,0.251) filter=(0.417,0.265) target=(1022,706) cursor=(1026,713)
[CURSOR-ABS] hand=(0.423,0.250) filter=(0.418,0.263) target=(1018,701) cursor=(1022,706)
[CURSOR-ABS] hand=(0.424,0.254) filter=(0.419,0.261) target=(1014,697) cursor=(1018,701)
[CURSOR-ABS] hand=(0.424,0.256) filter=(0.420,0.260) target=(1011,695) cursor=(1014,697)
[CURSOR-ABS] hand=(0.424,0.255) filter=(0.421,0.259) target=(1007,692) cursor=(1011,695)
[CURSOR-ABS] hand=(0.427,0.255) filter=(0.422,0.258) target=(1003,690) cursor=(1007,692)
[CURSOR-ABS] hand=(0.428,0.251) filter=(0.423,0.257) target=(999,688) cursor=(1003,690)
[CURSOR-ABS] hand=(0.429,0.250) filter=(0.424,0.256) target=(995,685) cursor=(999,688)
[CURSOR-ABS] hand=(0.431,0.249) filter=(0.425,0.254) target=(991,682) cursor=(995,685)
[CURSOR-ABS] hand=(0.430,0.248) filter=(0.426,0.253) target=(987,680) cursor=(991,682)
[CURSOR-ABS] hand=(0.430,0.249) filter=(0.427,0.253) target=(985,678) cursor=(987,680)
[CURSOR-ABS] hand=(0.431,0.247) filter=(0.428,0.252) target=(982,676) cursor=(985,678)
[CURSOR-ABS] hand=(0.429,0.240) filter=(0.428,0.250) target=(980,672) cursor=(982,676)
[CURSOR-ABS] hand=(0.436,0.222) filter=(0.429,0.245) target=(975,662) cursor=(980,672)
[CURSOR-ABS] hand=(0.438,0.199) filter=(0.431,0.237) target=(969,644) cursor=(975,662)
[CURSOR-ABS] hand=(0.440,0.196) filter=(0.432,0.230) target=(963,629) cursor=(969,644)
[CURSOR-ABS] hand=(0.441,0.200) filter=(0.434,0.224) target=(957,618) cursor=(963,629)
[CURSOR-ABS] hand=(0.441,0.207) filter=(0.435,0.221) target=(953,611) cursor=(957,618)
[CURSOR-ABS] hand=(0.441,0.206) filter=(0.436,0.219) target=(949,605) cursor=(953,611)
[CURSOR-ABS] hand=(0.440,0.206) filter=(0.437,0.216) target=(946,600) cursor=(949,605)
[CURSOR-ABS] hand=(0.442,0.216) filter=(0.438,0.216) target=(943,600) cursor=(946,600)
[CURSOR-ABS] hand=(0.442,0.219) filter=(0.438,0.217) target=(940,601) cursor=(943,600)
[CURSOR-ABS] hand=(0.442,0.220) filter=(0.439,0.217) target=(938,602) cursor=(940,601)
[CURSOR-ABS] hand=(0.442,0.223) filter=(0.440,0.218) target=(936,604) cursor=(938,602)
[CURSOR-ABS] hand=(0.444,0.228) filter=(0.440,0.220) target=(933,608) cursor=(936,604)
[CURSOR-ABS] hand=(0.447,0.235) filter=(0.441,0.222) target=(928,613) cursor=(933,607)
[CURSOR-ABS] hand=(0.447,0.243) filter=(0.442,0.226) target=(925,621) cursor=(928,613)
[CURSOR-ABS] hand=(0.448,0.246) filter=(0.443,0.229) target=(921,628) cursor=(925,621)
[CURSOR-ABS] hand=(0.448,0.254) filter=(0.444,0.234) target=(918,638) cursor=(921,628)
[CURSOR-ABS] hand=(0.449,0.261) filter=(0.445,0.238) target=(915,648) cursor=(918,637)
[CURSOR-ABS] hand=(0.450,0.266) filter=(0.446,0.243) target=(911,658) cursor=(915,647)
[CURSOR-ABS] hand=(0.451,0.273) filter=(0.447,0.249) target=(908,670) cursor=(911,658)
[CURSOR-ABS] hand=(0.451,0.278) filter=(0.447,0.254) target=(906,681) cursor=(908,670)
[CURSOR-ABS] hand=(0.450,0.285) filter=(0.448,0.259) target=(904,693) cursor=(906,681)
[CURSOR-ABS] hand=(0.451,0.294) filter=(0.448,0.265) target=(902,706) cursor=(904,693)
[CURSOR-ABS] hand=(0.451,0.304) filter=(0.449,0.272) target=(900,721) cursor=(902,706)
[CURSOR-ABS] hand=(0.451,0.311) filter=(0.449,0.279) target=(899,736) cursor=(900,721)
[CURSOR-ABS] hand=(0.453,0.317) filter=(0.450,0.286) target=(897,750) cursor=(899,735)
[CURSOR-ABS] hand=(0.453,0.317) filter=(0.450,0.291) target=(895,762) cursor=(897,750)
[CURSOR-ABS] hand=(0.452,0.310) filter=(0.451,0.295) target=(894,769) cursor=(895,762)
[CURSOR-ABS] hand=(0.451,0.301) filter=(0.451,0.296) target=(893,772) cursor=(894,769)
[CURSOR-ABS] hand=(0.449,0.287) filter=(0.450,0.294) target=(895,768) cursor=(893,772)
[CURSOR-ABS] hand=(0.449,0.282) filter=(0.450,0.292) target=(896,764) cursor=(895,768)
[CURSOR-ABS] hand=(0.446,0.280) filter=(0.449,0.290) target=(898,759) cursor=(896,764)
[CURSOR-ABS] hand=(0.445,0.281) filter=(0.449,0.289) target=(901,756) cursor=(898,759)
[CURSOR-ABS] hand=(0.444,0.285) filter=(0.448,0.288) target=(904,755) cursor=(901,756)
[CURSOR-ABS] hand=(0.445,0.288) filter=(0.447,0.288) target=(906,755) cursor=(904,755)
[CURSOR-ABS] hand=(0.446,0.287) filter=(0.447,0.288) target=(907,755) cursor=(906,755)
[CURSOR-ABS] hand=(0.451,0.275) filter=(0.448,0.286) target=(905,750) cursor=(907,755)
[CURSOR-ABS] hand=(0.457,0.255) filter=(0.449,0.281) target=(899,739) cursor=(905,750)
[CURSOR-ABS] hand=(0.464,0.211) filter=(0.452,0.268) target=(889,712) cursor=(899,739)
[CURSOR-ABS] hand=(0.466,0.159) filter=(0.454,0.249) target=(879,670) cursor=(889,713)
[CURSOR-ABS] hand=(0.464,0.112) filter=(0.456,0.223) target=(873,615) cursor=(879,670)
[CURSOR-ABS] hand=(0.429,0.373) filter=(0.429,0.373) target=(986,715) cursor=(873,615)
[CURSOR-ABS] hand=(0.429,0.379) filter=(0.429,0.374) target=(987,717) cursor=(986,715)
[CURSOR-ABS] hand=(0.428,0.384) filter=(0.429,0.376) target=(988,721) cursor=(987,717)
[CURSOR-ABS] hand=(0.427,0.384) filter=(0.429,0.377) target=(989,724) cursor=(988,721)
[CURSOR-ABS] hand=(0.431,0.374) filter=(0.429,0.377) target=(987,723) cursor=(989,724)
[CURSOR-ABS] hand=(0.433,0.347) filter=(0.430,0.372) target=(985,712) cursor=(988,723)
[CURSOR-ABS] hand=(0.437,0.308) filter=(0.431,0.360) target=(980,687) cursor=(985,712)
[CURSOR-ABS] hand=(0.438,0.259) filter=(0.432,0.343) target=(976,649) cursor=(980,688)
[CURSOR-ABS] hand=(0.439,0.196) filter=(0.433,0.316) target=(971,591) cursor=(976,650)
[CURSOR-ABS] hand=(0.466,0.444) filter=(0.466,0.444) target=(694,711) cursor=(971,591)
[CURSOR-ABS] hand=(0.485,0.440) filter=(0.470,0.443) target=(682,709) cursor=(696,710)
[CURSOR-ABS] hand=(0.505,0.429) filter=(0.476,0.441) target=(658,704) cursor=(682,709)
[CURSOR-ABS] hand=(0.521,0.417) filter=(0.484,0.436) target=(628,695) cursor=(658,704)
[CURSOR-ABS] hand=(0.537,0.399) filter=(0.493,0.430) target=(591,681) cursor=(628,695)
[CURSOR-ABS] hand=(0.552,0.371) filter=(0.504,0.420) target=(551,659) cursor=(592,681)
[CURSOR-ABS] hand=(0.566,0.345) filter=(0.515,0.406) target=(491,634) cursor=(551,659)
[CURSOR-ABS] hand=(0.577,0.321) filter=(0.526,0.391) target=(420,601) cursor=(491,634)
[CURSOR-ABS] hand=(0.586,0.296) filter=(0.537,0.374) target=(340,562) cursor=(420,602)
[CURSOR-ABS] hand=(0.592,0.269) filter=(0.547,0.354) target=(251,512) cursor=(340,562)
[CURSOR-ABS] hand=(0.596,0.240) filter=(0.556,0.333) target=(155,450) cursor=(251,512)
[CURSOR-ABS] hand=(0.590,0.201) filter=(0.562,0.308) target=(64,367) cursor=(156,451)
[CURSOR-ABS] hand=(0.583,0.176) filter=(0.566,0.283) target=(0,270) cursor=(64,368)
[CURSOR-ABS] hand=(0.379,0.064) filter=(0.379,0.064) target=(1097,0) cursor=(0,270)
[CURSOR-ABS] hand=(0.355,0.082) filter=(0.375,0.067) target=(1131,0) cursor=(1092,1)
[CURSOR-ABS] hand=(0.323,0.122) filter=(0.360,0.083) target=(1247,0) cursor=(1131,0)
[CURSOR-ABS] hand=(0.312,0.141) filter=(0.351,0.093) target=(1311,0) cursor=(1246,0)
[CURSOR-ABS] hand=(0.302,0.164) filter=(0.343,0.106) target=(1379,0) cursor=(1311,0)
[CURSOR-ABS] hand=(0.298,0.186) filter=(0.335,0.120) target=(1439,0) cursor=(1378,0)
[CURSOR-ABS] hand=(0.297,0.210) filter=(0.328,0.137) target=(1467,0) cursor=(1439,0)
[CURSOR-ABS] hand=(0.296,0.232) filter=(0.322,0.154) target=(1476,0) cursor=(1467,0)
[CURSOR-ABS] hand=(0.298,0.258) filter=(0.318,0.173) target=(1467,0) cursor=(1476,0)
[CURSOR-ABS] hand=(0.302,0.282) filter=(0.315,0.194) target=(1443,0) cursor=(1467,0)
[CURSOR-ABS] hand=(0.309,0.312) filter=(0.314,0.216) target=(1402,95) cursor=(1443,0)
[CURSOR-ABS] hand=(0.321,0.341) filter=(0.315,0.240) target=(1346,208) cursor=(1402,95)
[CURSOR-ABS] hand=(0.336,0.363) filter=(0.319,0.263) target=(1279,307) cursor=(1346,208)
[CURSOR-ABS] hand=(0.355,0.382) filter=(0.325,0.286) target=(1237,371) cursor=(1280,306)
[CURSOR-ABS] hand=(0.373,0.399) filter=(0.334,0.308) target=(1205,418) cursor=(1237,370)
[CURSOR-ABS] hand=(0.391,0.415) filter=(0.344,0.329) target=(1166,463) cursor=(1205,418)
[CURSOR-ABS] hand=(0.409,0.424) filter=(0.355,0.347) target=(1121,502) cursor=(1166,463)
[CURSOR-ABS] hand=(0.428,0.434) filter=(0.368,0.364) target=(1071,538) cursor=(1122,502)
[CURSOR-ABS] hand=(0.443,0.440) filter=(0.382,0.378) target=(1019,570) cursor=(1071,538)
[CURSOR-ABS] hand=(0.458,0.441) filter=(0.396,0.390) target=(965,595) cursor=(1020,569)
[CURSOR-ABS] hand=(0.474,0.436) filter=(0.410,0.399) target=(911,614) cursor=(966,595)
[CURSOR-ABS] hand=(0.486,0.424) filter=(0.424,0.403) target=(858,624) cursor=(911,614)
[CURSOR-ABS] hand=(0.498,0.408) filter=(0.438,0.404) target=(805,626) cursor=(858,624)
[CURSOR-ABS] hand=(0.506,0.389) filter=(0.450,0.402) target=(756,620) cursor=(805,626)
[CURSOR-ABS] hand=(0.509,0.367) filter=(0.461,0.395) target=(715,606) cursor=(756,620)
[CURSOR-ABS] hand=(0.505,0.344) filter=(0.469,0.387) target=(683,587) cursor=(715,606)
[CURSOR-ABS] hand=(0.501,0.323) filter=(0.475,0.376) target=(661,564) cursor=(683,587)
[CURSOR-ABS] hand=(0.492,0.304) filter=(0.478,0.363) target=(650,537) cursor=(662,564)
[CURSOR-ABS] hand=(0.479,0.288) filter=(0.478,0.350) target=(649,508) cursor=(650,537)
[CURSOR-ABS] hand=(0.466,0.274) filter=(0.476,0.336) target=(657,477) cursor=(649,508)
[CURSOR-ABS] hand=(0.451,0.262) filter=(0.472,0.323) target=(673,449) cursor=(657,478)
[CURSOR-ABS] hand=(0.432,0.254) filter=(0.465,0.310) target=(699,422) cursor=(673,449)
[CURSOR-ABS] hand=(0.414,0.257) filter=(0.456,0.301) target=(733,402) cursor=(699,422)
[CURSOR-ABS] hand=(0.394,0.258) filter=(0.445,0.293) target=(775,385) cursor=(733,402)
[CURSOR-ABS] hand=(0.377,0.284) filter=(0.433,0.291) target=(823,381) cursor=(775,385)
[CURSOR-ABS] hand=(0.364,0.316) filter=(0.421,0.296) target=(870,391) cursor=(822,381)
[CURSOR-ABS] hand=(0.361,0.363) filter=(0.403,0.315) target=(938,433) cursor=(870,391)
[CURSOR-ABS] hand=(0.369,0.408) filter=(0.397,0.331) target=(962,468) cursor=(938,433)
[CURSOR-ABS] hand=(0.387,0.446) filter=(0.395,0.352) target=(968,512) cursor=(961,467)
[CURSOR-ABS] hand=(0.412,0.478) filter=(0.398,0.375) target=(957,562) cursor=(968,512)
[CURSOR-ABS] hand=(0.437,0.490) filter=(0.405,0.396) target=(931,608) cursor=(957,562)
[CURSOR-ABS] hand=(0.461,0.486) filter=(0.414,0.413) target=(894,644) cursor=(931,607)
[CURSOR-ABS] hand=(0.484,0.463) filter=(0.427,0.422) target=(847,664) cursor=(894,643)
[CURSOR-ABS] hand=(0.501,0.426) filter=(0.440,0.423) target=(796,665) cursor=(847,663)
[CURSOR-ABS] hand=(0.507,0.386) filter=(0.452,0.416) target=(749,651) cursor=(797,665)
[CURSOR-ABS] hand=(0.502,0.336) filter=(0.461,0.402) target=(715,621) cursor=(749,651)
[CURSOR-ABS] hand=(0.486,0.292) filter=(0.466,0.383) target=(698,580) cursor=(715,621)
[CURSOR-ABS] hand=(0.465,0.260) filter=(0.465,0.361) target=(698,533) cursor=(698,580)
[CURSOR-ABS] hand=(0.441,0.238) filter=(0.461,0.339) target=(715,484) cursor=(698,533)
[CURSOR-ABS] hand=(0.417,0.226) filter=(0.453,0.318) target=(744,438) cursor=(715,485)
[CURSOR-ABS] hand=(0.398,0.229) filter=(0.444,0.301) target=(780,403) cursor=(744,438)
[CURSOR-ABS] hand=(0.378,0.258) filter=(0.433,0.293) target=(824,386) cursor=(780,403)
[CURSOR-ABS] hand=(0.364,0.300) filter=(0.420,0.295) target=(871,389) cursor=(824,386)
[CURSOR-ABS] hand=(0.363,0.349) filter=(0.410,0.304) target=(911,410) cursor=(871,389)
[CURSOR-ABS] hand=(0.368,0.405) filter=(0.403,0.322) target=(939,447) cursor=(911,410)
[CURSOR-ABS] hand=(0.383,0.461) filter=(0.399,0.346) target=(953,501) cursor=(939,447)
[CURSOR-ABS] hand=(0.412,0.505) filter=(0.401,0.375) target=(944,562) cursor=(953,500)
[CURSOR-ABS] hand=(0.441,0.532) filter=(0.408,0.404) target=(918,624) cursor=(944,562)
[CURSOR-ABS] hand=(0.467,0.554) filter=(0.418,0.432) target=(879,686) cursor=(918,624)
[CURSOR-ABS] hand=(0.497,0.561) filter=(0.432,0.457) target=(825,740) cursor=(879,686)
[CURSOR-ABS] hand=(0.524,0.557) filter=(0.450,0.477) target=(753,791) cursor=(826,739)
[CURSOR-ABS] hand=(0.550,0.540) filter=(0.467,0.489) target=(648,853) cursor=(753,790)
[CURSOR-ABS] hand=(0.563,0.513) filter=(0.484,0.493) target=(536,892) cursor=(649,852)
[CURSOR-ABS] hand=(0.575,0.481) filter=(0.501,0.491) target=(430,903) cursor=(537,891)
[CURSOR-ABS] hand=(0.576,0.445) filter=(0.515,0.483) target=(347,885) cursor=(430,903)
[CURSOR-ABS] hand=(0.565,0.404) filter=(0.524,0.469) target=(307,841) cursor=(347,885)
[CURSOR-ABS] hand=(0.551,0.374) filter=(0.529,0.453) target=(304,786) cursor=(307,841)
[CURSOR-ABS] hand=(0.526,0.347) filter=(0.528,0.434) target=(346,722) cursor=(304,787)
[CURSOR-ABS] hand=(0.493,0.334) filter=(0.522,0.416) target=(425,663) cursor=(346,723)
[CURSOR-ABS] hand=(0.460,0.328) filter=(0.511,0.400) target=(522,616) cursor=(425,663)
[CURSOR-ABS] hand=(0.431,0.319) filter=(0.497,0.385) target=(575,584) cursor=(521,616)
[CURSOR-ABS] hand=(0.408,0.325) filter=(0.482,0.374) target=(635,560) cursor=(575,584)
[CURSOR-ABS] hand=(0.391,0.346) filter=(0.466,0.369) target=(698,549) cursor=(635,560)
[CURSOR-ABS] hand=(0.387,0.370) filter=(0.452,0.369) target=(751,549) cursor=(697,549)
[CURSOR-ABS] hand=(0.386,0.403) filter=(0.440,0.375) target=(798,563) cursor=(751,549)
[CURSOR-ABS] hand=(0.395,0.425) filter=(0.431,0.384) target=(829,581) cursor=(797,563)
[CURSOR-ABS] hand=(0.406,0.447) filter=(0.427,0.395) target=(846,605) cursor=(828,581)
[CURSOR-ABS] hand=(0.419,0.464) filter=(0.425,0.407) target=(852,631) cursor=(846,605)
[CURSOR-ABS] hand=(0.436,0.482) filter=(0.427,0.420) target=(845,660) cursor=(852,631)
[CURSOR-ABS] hand=(0.456,0.494) filter=(0.432,0.434) target=(825,689) cursor=(845,660)
[CURSOR-ABS] hand=(0.472,0.497) filter=(0.439,0.445) target=(799,713) cursor=(825,689)
[CURSOR-ABS] hand=(0.491,0.494) filter=(0.448,0.454) target=(765,732) cursor=(799,713)
[CURSOR-ABS] hand=(0.506,0.488) filter=(0.458,0.460) target=(726,746) cursor=(766,732)
[CURSOR-ABS] hand=(0.518,0.471) filter=(0.469,0.462) target=(684,751) cursor=(727,745)
[CURSOR-ABS] hand=(0.531,0.441) filter=(0.480,0.458) target=(631,750) cursor=(684,751)
[CURSOR-ABS] hand=(0.540,0.405) filter=(0.491,0.449) target=(585,731) cursor=(631,750)
[CURSOR-ABS] hand=(0.547,0.358) filter=(0.501,0.434) target=(550,694) cursor=(586,731)
[CURSOR-ABS] hand=(0.545,0.305) filter=(0.509,0.411) target=(531,640) cursor=(551,694)
[CURSOR-ABS] hand=(0.534,0.257) filter=(0.513,0.383) target=(515,579) cursor=(531,640)
[CURSOR-ABS] hand=(0.514,0.214) filter=(0.513,0.350) target=(514,508) cursor=(515,579)
[CURSOR-ABS] hand=(0.490,0.180) filter=(0.509,0.317) target=(525,436) cursor=(514,508)
[CURSOR-ABS] hand=(0.459,0.173) filter=(0.501,0.290) target=(539,369) cursor=(525,437)
[CURSOR-ABS] hand=(0.431,0.173) filter=(0.489,0.267) target=(571,308) cursor=(539,370)
[CURSOR-ABS] hand=(0.406,0.183) filter=(0.474,0.251) target=(625,262) cursor=(571,308)
[CURSOR-ABS] hand=(0.384,0.214) filter=(0.458,0.244) target=(700,249) cursor=(624,263)
[CURSOR-ABS] hand=(0.370,0.258) filter=(0.442,0.247) target=(780,273) cursor=(700,249)
[CURSOR-ABS] hand=(0.360,0.306) filter=(0.427,0.257) target=(846,308) cursor=(779,273)
[CURSOR-ABS] hand=(0.358,0.351) filter=(0.406,0.285) target=(926,367) cursor=(846,308)
[CURSOR-ABS] hand=(0.361,0.395) filter=(0.398,0.304) target=(958,408) cursor=(926,367)
[CURSOR-ABS] hand=(0.371,0.437) filter=(0.393,0.328) target=(976,461) cursor=(958,408)
[CURSOR-ABS] hand=(0.387,0.466) filter=(0.392,0.353) target=(980,516) cursor=(976,460)
[CURSOR-ABS] hand=(0.408,0.484) filter=(0.395,0.377) target=(970,567) cursor=(980,515)
[CURSOR-ABS] hand=(0.430,0.495) filter=(0.401,0.400) target=(946,615) cursor=(970,566)
[CURSOR-ABS] hand=(0.454,0.503) filter=(0.410,0.419) target=(911,658) cursor=(946,615)
[CURSOR-ABS] hand=(0.477,0.498) filter=(0.422,0.434) target=(866,690) cursor=(912,657)
[CURSOR-ABS] hand=(0.500,0.477) filter=(0.435,0.442) target=(813,707) cursor=(867,690)
[CURSOR-ABS] hand=(0.522,0.449) filter=(0.451,0.443) target=(754,710) cursor=(813,707)
[CURSOR-ABS] hand=(0.537,0.412) filter=(0.466,0.438) target=(694,698) cursor=(755,710)
[CURSOR-ABS] hand=(0.549,0.368) filter=(0.482,0.426) target=(636,671) cursor=(694,698)
[CURSOR-ABS] hand=(0.552,0.323) filter=(0.495,0.408) target=(585,633) cursor=(636,671)
[CURSOR-ABS] hand=(0.548,0.278) filter=(0.504,0.385) target=(548,583) cursor=(585,633)
[CURSOR-ABS] hand=(0.540,0.235) filter=(0.511,0.358) target=(524,526) cursor=(549,584)
[CURSOR-ABS] hand=(0.525,0.197) filter=(0.513,0.328) target=(508,460) cursor=(524,526)
[CURSOR-ABS] hand=(0.509,0.171) filter=(0.513,0.298) target=(472,381) cursor=(508,460)
[CURSOR-ABS] hand=(0.487,0.153) filter=(0.508,0.269) target=(450,293) cursor=(472,382)
[CURSOR-ABS] hand=(0.462,0.143) filter=(0.500,0.245) target=(451,206) cursor=(450,294)
[CURSOR-ABS] hand=(0.435,0.144) filter=(0.489,0.226) target=(481,132) cursor=(451,208)
[CURSOR-ABS] hand=(0.412,0.152) filter=(0.475,0.211) target=(540,76) cursor=(481,132)
[CURSOR-ABS] hand=(0.384,0.163) filter=(0.459,0.202) target=(623,44) cursor=(540,76)
[CURSOR-ABS] hand=(0.364,0.180) filter=(0.442,0.198) target=(720,34) cursor=(623,44)
[CURSOR-ABS] hand=(0.349,0.202) filter=(0.425,0.199) target=(816,49) cursor=(720,34)
[CURSOR-ABS] hand=(0.335,0.238) filter=(0.408,0.206) target=(904,92) cursor=(815,48)
[CURSOR-ABS] hand=(0.324,0.274) filter=(0.393,0.218) target=(981,156) cursor=(904,92)
[CURSOR-ABS] hand=(0.323,0.315) filter=(0.380,0.234) target=(1033,233) cursor=(981,155)
[CURSOR-ABS] hand=(0.325,0.353) filter=(0.370,0.255) target=(1066,304) cursor=(1033,232)
[CURSOR-ABS] hand=(0.334,0.385) filter=(0.363,0.279) target=(1091,354) cursor=(1066,303)
[CURSOR-ABS] hand=(0.347,0.421) filter=(0.360,0.305) target=(1103,411) cursor=(1091,354)
[CURSOR-ABS] hand=(0.363,0.441) filter=(0.361,0.330) target=(1100,466) cursor=(1102,410)
[CURSOR-ABS] hand=(0.388,0.455) filter=(0.366,0.354) target=(1082,518) cursor=(1100,466)
[CURSOR-ABS] hand=(0.411,0.466) filter=(0.373,0.376) target=(1051,564) cursor=(1082,517)
[CURSOR-ABS] hand=(0.433,0.473) filter=(0.384,0.394) target=(1012,604) cursor=(1051,563)
[CURSOR-ABS] hand=(0.451,0.472) filter=(0.395,0.409) target=(968,635) cursor=(1012,604)
[CURSOR-ABS] hand=(0.473,0.470) filter=(0.409,0.420) target=(915,660) cursor=(968,635)
[CURSOR-ABS] hand=(0.492,0.461) filter=(0.424,0.428) target=(857,677) cursor=(915,660)
[CURSOR-ABS] hand=(0.510,0.445) filter=(0.440,0.431) target=(796,684) cursor=(858,676)
[CURSOR-ABS] hand=(0.526,0.428) filter=(0.455,0.431) target=(736,682) cursor=(797,683)
[CURSOR-ABS] hand=(0.539,0.413) filter=(0.471,0.427) target=(678,676) cursor=(737,682)
[CURSOR-ABS] hand=(0.547,0.389) filter=(0.485,0.421) target=(624,661) cursor=(678,676)
[CURSOR-ABS] hand=(0.551,0.368) filter=(0.497,0.412) target=(577,641) cursor=(624,661)
[CURSOR-ABS] hand=(0.550,0.341) filter=(0.507,0.399) target=(539,614) cursor=(577,641)
[CURSOR-ABS] hand=(0.543,0.318) filter=(0.513,0.385) target=(514,584) cursor=(540,615)
[CURSOR-ABS] hand=(0.534,0.294) filter=(0.517,0.369) target=(499,549) cursor=(514,584)
[CURSOR-ABS] hand=(0.522,0.277) filter=(0.518,0.352) target=(490,512) cursor=(499,549)
[CURSOR-ABS] hand=(0.504,0.259) filter=(0.516,0.335) target=(498,474) cursor=(490,512)
[CURSOR-ABS] hand=(0.485,0.248) filter=(0.510,0.319) target=(519,439) cursor=(498,474)
[CURSOR-ABS] hand=(0.463,0.243) filter=(0.502,0.305) target=(555,409) cursor=(519,440)
[CURSOR-ABS] hand=(0.442,0.243) filter=(0.492,0.293) target=(597,386) cursor=(555,410)
[CURSOR-ABS] hand=(0.421,0.246) filter=(0.479,0.285) target=(644,367) cursor=(597,386)
[CURSOR-ABS] hand=(0.402,0.252) filter=(0.465,0.279) target=(698,354) cursor=(644,367)
[CURSOR-ABS] hand=(0.382,0.275) filter=(0.450,0.278) target=(756,353) cursor=(698,354)
[CURSOR-ABS] hand=(0.366,0.298) filter=(0.435,0.282) target=(815,360) cursor=(756,353)
[CURSOR-ABS] hand=(0.360,0.331) filter=(0.421,0.290) target=(867,379) cursor=(815,360)
[CURSOR-ABS] hand=(0.359,0.370) filter=(0.410,0.304) target=(911,408) cursor=(867,378)
[CURSOR-ABS] hand=(0.365,0.409) filter=(0.402,0.322) target=(942,448) cursor=(910,408)
[CURSOR-ABS] hand=(0.372,0.442) filter=(0.396,0.344) target=(963,496) cursor=(942,448)
[CURSOR-ABS] hand=(0.389,0.469) filter=(0.395,0.368) target=(968,546) cursor=(963,495)
[CURSOR-ABS] hand=(0.409,0.494) filter=(0.397,0.391) target=(959,596) cursor=(968,546)
[CURSOR-ABS] hand=(0.432,0.504) filter=(0.403,0.412) target=(936,642) cursor=(959,596)
[CURSOR-ABS] hand=(0.455,0.509) filter=(0.412,0.430) target=(902,682) cursor=(937,642)
[CURSOR-ABS] hand=(0.480,0.502) filter=(0.424,0.444) target=(856,711) cursor=(902,682)
[CURSOR-ABS] hand=(0.503,0.478) filter=(0.438,0.450) target=(804,725) cursor=(856,711)
[CURSOR-ABS] hand=(0.522,0.451) filter=(0.453,0.450) target=(746,725) cursor=(804,725)
[CURSOR-ABS] hand=(0.534,0.416) filter=(0.478,0.440) target=(652,703) cursor=(746,725)
[CURSOR-ABS] hand=(0.541,0.369) filter=(0.489,0.428) target=(607,676) cursor=(652,703)
[CURSOR-ABS] hand=(0.538,0.324) filter=(0.498,0.409) target=(573,636) cursor=(608,676)
[CURSOR-ABS] hand=(0.529,0.283) filter=(0.504,0.387) target=(551,588) cursor=(573,636)
[CURSOR-ABS] hand=(0.509,0.250) filter=(0.505,0.362) target=(547,534) cursor=(552,589)
[CURSOR-ABS] hand=(0.485,0.228) filter=(0.501,0.337) target=(561,481) cursor=(547,534)
[CURSOR-ABS] hand=(0.456,0.214) filter=(0.493,0.314) target=(591,431) cursor=(560,481)
[CURSOR-ABS] hand=(0.425,0.213) filter=(0.481,0.295) target=(637,389) cursor=(590,431)
[CURSOR-ABS] hand=(0.395,0.213) filter=(0.466,0.279) target=(695,355) cursor=(636,389)
[CURSOR-ABS] hand=(0.370,0.234) filter=(0.449,0.271) target=(760,337) cursor=(694,356)
[CURSOR-ABS] hand=(0.348,0.274) filter=(0.431,0.271) target=(830,338) cursor=(760,337)
[CURSOR-ABS] hand=(0.339,0.322) filter=(0.414,0.280) target=(895,358) cursor=(830,338)
[CURSOR-ABS] hand=(0.344,0.375) filter=(0.401,0.297) target=(945,394) cursor=(894,358)
[CURSOR-ABS] hand=(0.357,0.427) filter=(0.393,0.320) target=(976,443) cursor=(945,393)
[CURSOR-ABS] hand=(0.382,0.464) filter=(0.391,0.345) target=(984,498) cursor=(976,443)
[CURSOR-ABS] hand=(0.411,0.485) filter=(0.395,0.371) target=(970,554) cursor=(984,498)
[CURSOR-ABS] hand=(0.440,0.504) filter=(0.402,0.396) target=(940,607) cursor=(970,554)
[CURSOR-ABS] hand=(0.468,0.503) filter=(0.414,0.417) target=(896,652) cursor=(940,607)
[CURSOR-ABS] hand=(0.503,0.488) filter=(0.429,0.430) target=(837,681) cursor=(896,652)
[CURSOR-ABS] hand=(0.530,0.463) filter=(0.448,0.436) target=(767,694) cursor=(837,680)
[CURSOR-ABS] hand=(0.552,0.426) filter=(0.466,0.434) target=(696,690) cursor=(767,694)
[CURSOR-ABS] hand=(0.567,0.375) filter=(0.485,0.424) target=(624,667) cursor=(696,690)
[CURSOR-ABS] hand=(0.573,0.314) filter=(0.501,0.405) target=(561,627) cursor=(624,667)
[CURSOR-ABS] hand=(0.566,0.258) filter=(0.513,0.379) target=(515,570) cursor=(561,627)
[CURSOR-ABS] hand=(0.548,0.202) filter=(0.520,0.347) target=(477,500) cursor=(515,570)
[CURSOR-ABS] hand=(0.518,0.170) filter=(0.519,0.314) target=(446,419) cursor=(477,500)
[CURSOR-ABS] hand=(0.494,0.150) filter=(0.515,0.282) target=(425,328) cursor=(446,419)
[CURSOR-ABS] hand=(0.459,0.165) filter=(0.505,0.259) target=(448,258) cursor=(425,329)
[CURSOR-ABS] hand=(0.431,0.173) filter=(0.492,0.243) target=(497,206) cursor=(448,259)
[CURSOR-ABS] hand=(0.404,0.198) filter=(0.477,0.234) target=(576,187) cursor=(497,207)
[CURSOR-ABS] hand=(0.381,0.237) filter=(0.460,0.235) target=(674,207) cursor=(575,187)
[CURSOR-ABS] hand=(0.365,0.306) filter=(0.443,0.248) target=(778,276) cursor=(674,207)
[CURSOR-ABS] hand=(0.362,0.370) filter=(0.428,0.269) target=(843,333) cursor=(777,276)
[CURSOR-ABS] hand=(0.377,0.434) filter=(0.418,0.299) target=(879,397) cursor=(843,333)
[CURSOR-ABS] hand=(0.408,0.481) filter=(0.416,0.331) target=(886,468) cursor=(879,397)
[CURSOR-ABS] hand=(0.447,0.509) filter=(0.422,0.365) target=(865,540) cursor=(886,468)
[CURSOR-ABS] hand=(0.484,0.520) filter=(0.433,0.394) target=(824,604) cursor=(866,540)
[CURSOR-ABS] hand=(0.526,0.507) filter=(0.449,0.416) target=(761,652) cursor=(824,604)
[CURSOR-ABS] hand=(0.556,0.476) filter=(0.468,0.428) target=(688,676) cursor=(761,651)
[CURSOR-ABS] hand=(0.570,0.431) filter=(0.486,0.428) target=(618,677) cursor=(688,676)
[CURSOR-ABS] hand=(0.580,0.374) filter=(0.503,0.419) target=(554,657) cursor=(619,677)
[CURSOR-ABS] hand=(0.571,0.321) filter=(0.516,0.402) target=(492,622) cursor=(554,657)
[CURSOR-ABS] hand=(0.550,0.281) filter=(0.522,0.381) target=(461,576) cursor=(492,622)
[CURSOR-ABS] hand=(0.514,0.250) filter=(0.520,0.357) target=(474,523) cursor=(461,576)
[CURSOR-ABS] hand=(0.465,0.245) filter=(0.511,0.337) target=(524,480) cursor=(474,524)
[CURSOR-ABS] hand=(0.425,0.267) filter=(0.496,0.324) target=(581,452) cursor=(524,480)
[CURSOR-ABS] hand=(0.394,0.297) filter=(0.478,0.319) target=(649,442) cursor=(581,453)
[CURSOR-ABS] hand=(0.379,0.355) filter=(0.460,0.326) target=(718,456) cursor=(648,442)
[CURSOR-ABS] hand=(0.382,0.418) filter=(0.446,0.342) target=(773,490) cursor=(718,456)
[CURSOR-ABS] hand=(0.413,0.478) filter=(0.440,0.365) target=(795,541) cursor=(773,490)
[CURSOR-ABS] hand=(0.451,0.513) filter=(0.442,0.392) target=(788,599) cursor=(795,541)
[CURSOR-ABS] hand=(0.499,0.529) filter=(0.452,0.418) target=(750,654) cursor=(788,598)
[CURSOR-ABS] hand=(0.545,0.508) filter=(0.468,0.435) target=(688,691) cursor=(750,654)
[CURSOR-ABS] hand=(0.579,0.473) filter=(0.488,0.442) target=(612,706) cursor=(688,690)
[CURSOR-ABS] hand=(0.602,0.414) filter=(0.508,0.437) target=(495,710) cursor=(613,706)
[CURSOR-ABS] hand=(0.604,0.360) filter=(0.526,0.423) target=(386,687) cursor=(495,710)
[CURSOR-ABS] hand=(0.583,0.316) filter=(0.536,0.405) target=(326,643) cursor=(386,687)
[CURSOR-ABS] hand=(0.560,0.292) filter=(0.540,0.385) target=(306,591) cursor=(326,644)
[CURSOR-ABS] hand=(0.506,0.265) filter=(0.534,0.363) target=(365,535) cursor=(306,592)
[CURSOR-ABS] hand=(0.459,0.279) filter=(0.521,0.348) target=(463,502) cursor=(364,535)
[CURSOR-ABS] hand=(0.422,0.299) filter=(0.504,0.339) target=(550,484) cursor=(463,502)
[CURSOR-ABS] hand=(0.394,0.345) filter=(0.471,0.341) target=(676,488) cursor=(550,484)
[CURSOR-ABS] hand=(0.386,0.399) filter=(0.456,0.351) target=(734,510) cursor=(675,488)
[CURSOR-ABS] hand=(0.392,0.461) filter=(0.444,0.370) target=(779,551) cursor=(734,510)
[CURSOR-ABS] hand=(0.419,0.516) filter=(0.440,0.396) target=(796,607) cursor=(778,550)
[CURSOR-ABS] hand=(0.453,0.553) filter=(0.442,0.425) target=(787,669) cursor=(796,606)
[CURSOR-ABS] hand=(0.501,0.562) filter=(0.452,0.450) target=(748,725) cursor=(787,669)
[CURSOR-ABS] hand=(0.542,0.516) filter=(0.468,0.463) target=(686,754) cursor=(748,725)
[CURSOR-ABS] hand=(0.575,0.451) filter=(0.487,0.461) target=(585,765) cursor=(686,754)
[CURSOR-ABS] hand=(0.586,0.361) filter=(0.505,0.443) target=(507,727) cursor=(586,765)
[CURSOR-ABS] hand=(0.575,0.275) filter=(0.517,0.414) target=(464,654) cursor=(507,727)
[CURSOR-ABS] hand=(0.550,0.239) filter=(0.523,0.383) target=(449,581) cursor=(464,654)
[CURSOR-ABS] hand=(0.500,0.222) filter=(0.519,0.352) target=(483,512) cursor=(449,581)
[CURSOR-ABS] hand=(0.464,0.266) filter=(0.510,0.336) target=(529,478) cursor=(483,513)
[CURSOR-ABS] hand=(0.430,0.307) filter=(0.496,0.331) target=(580,467) cursor=(529,478)
[CURSOR-ABS] hand=(0.413,0.375) filter=(0.482,0.339) target=(636,484) cursor=(580,467)
[CURSOR-ABS] hand=(0.412,0.442) filter=(0.469,0.357) target=(684,522) cursor=(635,484)
[CURSOR-ABS] hand=(0.426,0.489) filter=(0.461,0.380) target=(714,573) cursor=(683,522)
[CURSOR-ABS] hand=(0.448,0.520) filter=(0.459,0.405) target=(723,627) cursor=(714,573)
[CURSOR-ABS] hand=(0.477,0.527) filter=(0.462,0.427) target=(711,675) cursor=(723,627)
[CURSOR-ABS] hand=(0.514,0.498) filter=(0.471,0.440) target=(677,703) cursor=(711,675)
[CURSOR-ABS] hand=(0.546,0.446) filter=(0.484,0.441) target=(627,706) cursor=(677,703)
[CURSOR-ABS] hand=(0.559,0.373) filter=(0.497,0.429) target=(576,679) cursor=(627,706)
[CURSOR-ABS] hand=(0.562,0.289) filter=(0.509,0.405) target=(531,627) cursor=(576,679)
[CURSOR-ABS] hand=(0.550,0.211) filter=(0.516,0.370) target=(503,552) cursor=(531,627)
[CURSOR-ABS] hand=(0.520,0.140) filter=(0.517,0.327) target=(482,456) cursor=(504,552)
[CURSOR-ABS] hand=(0.468,0.106) filter=(0.502,0.256) target=(460,248) cursor=(482,456)
[CURSOR-ABS] hand=(0.426,0.091) filter=(0.489,0.223) target=(477,121) cursor=(460,249)
[CURSOR-ABS] hand=(0.399,0.113) filter=(0.474,0.203) target=(534,31) cursor=(477,123)
[CURSOR-ABS] hand=(0.373,0.150) filter=(0.455,0.193) target=(631,0) cursor=(533,31)
[CURSOR-ABS] hand=(0.354,0.185) filter=(0.437,0.191) target=(740,0) cursor=(630,0)
[CURSOR-ABS] hand=(0.338,0.238) filter=(0.418,0.200) target=(850,58) cursor=(739,0)
[CURSOR-ABS] hand=(0.335,0.293) filter=(0.403,0.216) target=(933,149) cursor=(849,57)
[CURSOR-ABS] hand=(0.341,0.357) filter=(0.392,0.240) target=(981,261) cursor=(932,148)
[CURSOR-ABS] hand=(0.357,0.407) filter=(0.386,0.270) target=(1005,336) cursor=(981,260)
[CURSOR-ABS] hand=(0.382,0.439) filter=(0.385,0.302) target=(1007,404) cursor=(1005,335)
[CURSOR-ABS] hand=(0.411,0.449) filter=(0.390,0.330) target=(989,465) cursor=(1007,403)
[CURSOR-ABS] hand=(0.433,0.453) filter=(0.397,0.353) target=(960,515) cursor=(989,464)
[CURSOR-ABS] hand=(0.445,0.436) filter=(0.405,0.369) target=(929,549) cursor=(960,515)
[CURSOR-ABS] hand=(0.453,0.420) filter=(0.414,0.378) target=(897,570) cursor=(929,548)
[CURSOR-ABS] hand=(0.463,0.407) filter=(0.422,0.384) target=(864,581) cursor=(898,570)
[CURSOR-ABS] hand=(0.478,0.400) filter=(0.432,0.387) target=(827,588) cursor=(865,581)
[CURSOR-ABS] hand=(0.495,0.400) filter=(0.443,0.389) target=(784,593) cursor=(827,588)
[CURSOR-ABS] hand=(0.505,0.405) filter=(0.454,0.392) target=(742,599) cursor=(784,593)
[CURSOR-ABS] hand=(0.511,0.422) filter=(0.464,0.398) target=(703,611) cursor=(742,599)
[CURSOR-ABS] hand=(0.508,0.453) filter=(0.472,0.408) target=(672,633) cursor=(703,611)
[CURSOR-ABS] hand=(0.495,0.481) filter=(0.476,0.421) target=(656,662) cursor=(672,633)
[CURSOR-ABS] hand=(0.470,0.511) filter=(0.475,0.437) target=(660,697) cursor=(656,662)
[CURSOR-ABS] hand=(0.426,0.528) filter=(0.467,0.454) target=(692,733) cursor=(660,697)
[CURSOR-ABS] hand=(0.390,0.532) filter=(0.454,0.468) target=(743,764) cursor=(692,732)
[CURSOR-ABS] hand=(0.349,0.520) filter=(0.435,0.478) target=(814,784) cursor=(743,764)
[CURSOR-ABS] hand=(0.313,0.510) filter=(0.413,0.484) target=(899,797) cursor=(814,784)
[CURSOR-ABS] hand=(0.287,0.483) filter=(0.390,0.484) target=(989,797) cursor=(899,797)
[CURSOR-ABS] hand=(0.263,0.451) filter=(0.367,0.478) target=(1078,784) cursor=(987,797)
[CURSOR-ABS] hand=(0.247,0.404) filter=(0.344,0.465) target=(1165,757) cursor=(1077,785)
[CURSOR-ABS] hand=(0.241,0.365) filter=(0.324,0.447) target=(1241,719) cursor=(1164,757)
[CURSOR-ABS] hand=(0.247,0.301) filter=(0.310,0.421) target=(1296,663) cursor=(1240,719)
[CURSOR-ABS] hand=(0.263,0.244) filter=(0.301,0.388) target=(1330,591) cursor=(1296,663)
[CURSOR-ABS] hand=(0.287,0.191) filter=(0.298,0.351) target=(1340,510) cursor=(1330,592)
[CURSOR-ABS] hand=(0.317,0.147) filter=(0.302,0.312) target=(1327,425) cursor=(1340,510)
[CURSOR-ABS] hand=(0.352,0.117) filter=(0.311,0.273) target=(1309,331) cursor=(1327,426)
[CURSOR-ABS] hand=(0.448,0.122) filter=(0.364,0.210) target=(1127,106) cursor=(1309,331)
[CURSOR-ABS] hand=(0.476,0.175) filter=(0.397,0.199) target=(962,55) cursor=(1128,106)
[CURSOR-ABS] hand=(0.601,0.129) filter=(0.460,0.177) target=(576,0) cursor=(962,55)
[CURSOR-ABS] hand=(0.634,0.123) filter=(0.493,0.167) target=(314,0) cursor=(578,0)
[CURSOR-ABS] hand=(0.669,0.159) filter=(0.526,0.166) target=(22,0) cursor=(315,0)
[CURSOR-ABS] hand=(0.699,0.210) filter=(0.559,0.174) target=(0,0) cursor=(23,0)
[CURSOR-ABS] hand=(0.718,0.252) filter=(0.591,0.187) target=(0,0) cursor=(0,0)
[CURSOR-ABS] hand=(0.723,0.300) filter=(0.617,0.207) target=(0,0) cursor=(0,0)
[CURSOR-ABS] hand=(0.721,0.361) filter=(0.637,0.235) target=(0,0) cursor=(0,0)
[CURSOR-ABS] hand=(0.703,0.403) filter=(0.650,0.266) target=(0,112) cursor=(0,0)
[CURSOR-ABS] hand=(0.686,0.447) filter=(0.657,0.300) target=(0,261) cursor=(0,112)
[CURSOR-ABS] hand=(0.656,0.475) filter=(0.657,0.334) target=(0,409) cursor=(0,261)
[CURSOR-ABS] hand=(0.612,0.498) filter=(0.648,0.366) target=(0,547) cursor=(0,408)
[CURSOR-ABS] hand=(0.569,0.505) filter=(0.634,0.394) target=(0,660) cursor=(0,545)
[CURSOR-ABS] hand=(0.528,0.505) filter=(0.616,0.415) target=(0,738) cursor=(0,659)
[CURSOR-ABS] hand=(0.493,0.508) filter=(0.595,0.433) target=(0,790) cursor=(0,737)
[CURSOR-ABS] hand=(0.442,0.499) filter=(0.567,0.446) target=(0,808) cursor=(0,789)
[CURSOR-ABS] hand=(0.411,0.485) filter=(0.537,0.454) target=(231,800) cursor=(0,808)
[CURSOR-ABS] hand=(0.381,0.469) filter=(0.508,0.456) target=(460,774) cursor=(230,800)
[CURSOR-ABS] hand=(0.350,0.463) filter=(0.477,0.458) target=(645,745) cursor=(459,774)
[CURSOR-ABS] hand=(0.328,0.446) filter=(0.448,0.455) target=(764,736) cursor=(644,745)
[CURSOR-ABS] hand=(0.310,0.422) filter=(0.421,0.450) target=(868,723) cursor=(763,736)
[CURSOR-ABS] hand=(0.290,0.404) filter=(0.395,0.442) target=(968,706) cursor=(867,723)
[CURSOR-ABS] hand=(0.277,0.370) filter=(0.372,0.429) target=(1057,679) cursor=(968,706)
[CURSOR-ABS] hand=(0.266,0.345) filter=(0.352,0.415) target=(1135,648) cursor=(1056,679)
[CURSOR-ABS] hand=(0.259,0.311) filter=(0.334,0.396) target=(1204,608) cursor=(1134,648)
[CURSOR-ABS] hand=(0.260,0.265) filter=(0.319,0.372) target=(1259,556) cursor=(1204,608)
[CURSOR-ABS] hand=(0.262,0.226) filter=(0.308,0.344) target=(1302,496) cursor=(1258,556)
[CURSOR-ABS] hand=(0.267,0.192) filter=(0.301,0.316) target=(1331,434) cursor=(1301,496)
[CURSOR-ABS] hand=(0.273,0.165) filter=(0.295,0.287) target=(1375,362) cursor=(1331,434)
[CURSOR-ABS] hand=(0.302,0.100) filter=(0.297,0.227) target=(1492,127) cursor=(1375,362)
[CURSOR-ABS] hand=(0.325,0.076) filter=(0.302,0.197) target=(1527,0) cursor=(1491,128)
[CURSOR-ABS] hand=(0.557,0.080) filter=(0.557,0.080) target=(0,0) cursor=(1527,0)
[CURSOR-ABS] hand=(0.592,0.117) filter=(0.563,0.087) target=(0,0) cursor=(8,0)
[CURSOR-ABS] hand=(0.618,0.159) filter=(0.573,0.099) target=(0,0) cursor=(0,0)
[CURSOR-ABS] hand=(0.641,0.201) filter=(0.585,0.118) target=(0,0) cursor=(0,0)
[CURSOR-ABS] hand=(0.652,0.244) filter=(0.597,0.140) target=(0,0) cursor=(0,0)
[CURSOR-ABS] hand=(0.659,0.297) filter=(0.608,0.170) target=(0,0) cursor=(0,0)
[CURSOR-ABS] hand=(0.664,0.352) filter=(0.618,0.205) target=(0,0) cursor=(0,0)
[CURSOR-ABS] hand=(0.663,0.399) filter=(0.626,0.243) target=(0,14) cursor=(0,0)
[CURSOR-ABS] hand=(0.658,0.434) filter=(0.632,0.281) target=(0,179) cursor=(0,14)
[CURSOR-ABS] hand=(0.651,0.472) filter=(0.635,0.319) target=(0,348) cursor=(0,179)
[CURSOR-ABS] hand=(0.638,0.505) filter=(0.636,0.357) target=(0,508) cursor=(0,347)
[CURSOR-ABS] hand=(0.629,0.543) filter=(0.635,0.395) target=(0,666) cursor=(0,507)
[CURSOR-ABS] hand=(0.616,0.575) filter=(0.631,0.432) target=(0,824) cursor=(0,664)
[CURSOR-ABS] hand=(0.599,0.599) filter=(0.626,0.466) target=(0,979) cursor=(0,823)
[CURSOR-ABS] hand=(0.580,0.617) filter=(0.618,0.496) target=(0,1080) cursor=(0,978)
[CURSOR-ABS] hand=(0.558,0.638) filter=(0.607,0.525) target=(0,1080) cursor=(0,1079)
[CURSOR-ABS] hand=(0.538,0.650) filter=(0.595,0.551) target=(0,1080) cursor=(0,1080)
[CURSOR-ABS] hand=(0.513,0.658) filter=(0.580,0.573) target=(0,1080) cursor=(0,1080)
[CURSOR-ABS] hand=(0.484,0.662) filter=(0.563,0.590) target=(0,1080) cursor=(0,1080)
[CURSOR-ABS] hand=(0.456,0.658) filter=(0.543,0.603) target=(0,1080) cursor=(0,1080)
[CURSOR-ABS] hand=(0.431,0.651) filter=(0.522,0.612) target=(0,1080) cursor=(0,1080)
[CURSOR-ABS] hand=(0.408,0.635) filter=(0.487,0.619) target=(274,1080) cursor=(0,1080)
[CURSOR-ABS] hand=(0.386,0.625) filter=(0.468,0.621) target=(420,1080) cursor=(270,1080)
[CURSOR-ABS] hand=(0.357,0.610) filter=(0.447,0.619) target=(579,1080) cursor=(419,1080)
[CURSOR-ABS] hand=(0.333,0.578) filter=(0.425,0.611) target=(747,1080) cursor=(578,1080)
[CURSOR-ABS] hand=(0.312,0.542) filter=(0.404,0.600) target=(911,1080) cursor=(746,1080)
[CURSOR-ABS] hand=(0.290,0.514) filter=(0.382,0.585) target=(1063,1080) cursor=(911,1080)
[CURSOR-ABS] hand=(0.277,0.460) filter=(0.362,0.562) target=(1181,1080) cursor=(1062,1080)
[CURSOR-ABS] hand=(0.266,0.418) filter=(0.344,0.536) target=(1260,1080) cursor=(1180,1080)
[CURSOR-ABS] hand=(0.256,0.371) filter=(0.327,0.505) target=(1307,930) cursor=(1260,1080)
[CURSOR-ABS] hand=(0.254,0.327) filter=(0.313,0.471) target=(1322,798) cursor=(1307,931)
[CURSOR-ABS] hand=(0.256,0.275) filter=(0.302,0.433) target=(1324,687) cursor=(1322,799)
[CURSOR-ABS] hand=(0.268,0.225) filter=(0.296,0.391) target=(1349,597) cursor=(1324,687)
[CURSOR-ABS] hand=(0.279,0.189) filter=(0.293,0.350) target=(1361,508) cursor=(1349,597)
[CURSOR-ABS] hand=(0.302,0.142) filter=(0.294,0.308) target=(1355,418) cursor=(1361,509)
[CURSOR-ABS] hand=(0.384,0.032) filter=(0.329,0.190) target=(1357,0) cursor=(1355,418)
[CURSOR-ABS] hand=(0.673,0.106) filter=(0.673,0.106) target=(0,0) cursor=(1357,0)
[CURSOR-ABS] hand=(0.682,0.180) filter=(0.674,0.119) target=(0,0) cursor=(7,0)
[CURSOR-ABS] hand=(0.683,0.223) filter=(0.676,0.137) target=(0,0) cursor=(0,0)
[CURSOR-ABS] hand=(0.662,0.268) filter=(0.674,0.161) target=(0,0) cursor=(0,0)
[CURSOR-ABS] hand=(0.653,0.321) filter=(0.670,0.191) target=(0,0) cursor=(0,0)
[CURSOR-ABS] hand=(0.622,0.377) filter=(0.662,0.227) target=(0,0) cursor=(0,0)
[CURSOR-ABS] hand=(0.589,0.420) filter=(0.649,0.265) target=(0,108) cursor=(0,0)
[CURSOR-ABS] hand=(0.550,0.450) filter=(0.631,0.301) target=(0,274) cursor=(0,107)
[CURSOR-ABS] hand=(0.521,0.485) filter=(0.611,0.338) target=(0,439) cursor=(0,273)
[CURSOR-ABS] hand=(0.480,0.512) filter=(0.587,0.373) target=(0,567) cursor=(0,438)
[CURSOR-ABS] hand=(0.444,0.531) filter=(0.559,0.405) target=(111,659) cursor=(0,566)
[CURSOR-ABS] hand=(0.411,0.539) filter=(0.531,0.432) target=(329,719) cursor=(110,658)
[CURSOR-ABS] hand=(0.376,0.535) filter=(0.501,0.453) target=(512,753) cursor=(327,719)
[CURSOR-ABS] hand=(0.344,0.515) filter=(0.470,0.465) target=(673,763) cursor=(511,753)
[CURSOR-ABS] hand=(0.319,0.488) filter=(0.440,0.469) target=(794,766) cursor=(670,763)
[CURSOR-ABS] hand=(0.292,0.453) filter=(0.410,0.466) target=(909,759) cursor=(793,766)
[CURSOR-ABS] hand=(0.269,0.419) filter=(0.383,0.458) target=(1016,741) cursor=(909,759)
[CURSOR-ABS] hand=(0.251,0.382) filter=(0.357,0.444) target=(1116,712) cursor=(1015,741)
[CURSOR-ABS] hand=(0.235,0.341) filter=(0.333,0.427) target=(1208,674) cursor=(1116,712)
[CURSOR-ABS] hand=(0.225,0.286) filter=(0.311,0.401) target=(1293,618) cursor=(1207,674)
[CURSOR-ABS] hand=(0.228,0.209) filter=(0.295,0.366) target=(1353,544) cursor=(1292,618)
[CURSOR-ABS] hand=(0.249,0.130) filter=(0.286,0.321) target=(1387,446) cursor=(1353,544)
[CURSOR-ABS] hand=(0.287,0.046) filter=(0.286,0.267) target=(1477,284) cursor=(1386,447)
[CURSOR-ABS] hand=(0.323,0.034) filter=(0.293,0.219) target=(1541,83) cursor=(1477,285)
[CURSOR-ABS] hand=(0.359,0.018) filter=(0.305,0.178) target=(1556,0) cursor=(1541,84)
[CURSOR-ABS] hand=(0.419,0.018) filter=(0.324,0.145) target=(1479,0) cursor=(1556,1)
[CURSOR-ABS] hand=(0.448,0.014) filter=(0.346,0.118) target=(1350,0) cursor=(1479,0)
[CURSOR-ABS] hand=(0.493,0.031) filter=(0.373,0.101) target=(1148,0) cursor=(1351,0)
[CURSOR-ABS] hand=(0.619,0.019) filter=(0.450,0.074) target=(556,0) cursor=(1148,0)
[CURSOR-ABS] hand=(0.683,0.121) filter=(0.545,0.093) target=(0,0) cursor=(556,0)
[CURSOR-ABS] hand=(0.698,0.216) filter=(0.574,0.114) target=(0,0) cursor=(3,0)
[CURSOR-ABS] hand=(0.682,0.265) filter=(0.595,0.141) target=(0,0) cursor=(0,0)
[CURSOR-ABS] hand=(0.673,0.338) filter=(0.610,0.178) target=(0,0) cursor=(0,0)
[CURSOR-ABS] hand=(0.651,0.411) filter=(0.618,0.221) target=(0,0) cursor=(0,0)
[CURSOR-ABS] hand=(0.610,0.478) filter=(0.615,0.304) target=(0,300) cursor=(0,0)
[CURSOR-ABS] hand=(0.572,0.510) filter=(0.607,0.345) target=(0,467) cursor=(0,298)
[CURSOR-ABS] hand=(0.532,0.548) filter=(0.595,0.385) target=(0,610) cursor=(0,466)
[CURSOR-ABS] hand=(0.491,0.564) filter=(0.576,0.421) target=(0,726) cursor=(0,610)
[CURSOR-ABS] hand=(0.431,0.561) filter=(0.550,0.450) target=(124,801) cursor=(0,726)
[CURSOR-ABS] hand=(0.394,0.541) filter=(0.522,0.467) target=(327,833) cursor=(123,800)
[CURSOR-ABS] hand=(0.356,0.511) filter=(0.491,0.476) target=(531,827) cursor=(325,833)
[CURSOR-ABS] hand=(0.324,0.462) filter=(0.459,0.473) target=(715,783) cursor=(530,827)
[CURSOR-ABS] hand=(0.293,0.399) filter=(0.426,0.459) target=(850,744) cursor=(714,784)
[CURSOR-ABS] hand=(0.272,0.331) filter=(0.396,0.437) target=(966,696) cursor=(850,745)
[CURSOR-ABS] hand=(0.257,0.288) filter=(0.369,0.411) target=(1070,641) cursor=(965,696)
[CURSOR-ABS] hand=(0.262,0.183) filter=(0.348,0.370) target=(1150,551) cursor=(1068,641)
[CURSOR-ABS] hand=(0.280,0.063) filter=(0.335,0.310) target=(1201,422) cursor=(1149,551)
[CURSOR-ABS] hand=(0.277,0.005) filter=(0.323,0.248) target=(1283,252) cursor=(1200,422)
